============================================================
Currently Loaded Modulefiles:
 1) intel/oneapi/2023.2.0  
MKLROOT=/apps/support/intel_spr_rocky8.9/oneapi/2023.2.0/mkl/2023.2.0
============================================================
Job ID: tyy
Job name: tyy
Number of nodes: 1
Number of processors: 8
Task is running on the following nodes:
qhcn006
OMP_NUM_THREADS = 1
============================================================


The number of threads in each node for OpenMP parallelization is 1.


*******************************************************
*******************************************************
 Welcome to OpenMX   Ver. 3.9.9                           
 Copyright (C), 2002-2019, T. Ozaki                    
 OpenMX comes with ABSOLUTELY NO WARRANTY.             
 This is free software, and you are welcome to         
 redistribute it under the constitution of the GNU-GPL.
*******************************************************
*******************************************************



<Input_std>  Your input file was normally read.
<Input_std>  The system includes 1 species and 1 atoms.

*******************************************************
                     PAO and VPS                       
*******************************************************

<SetPara_DFT>  PAOs of species Ni were normally found.
<SetPara_DFT>  VPSs of species Ni were normally found.
               Ni_PBE19H.vps is j-dependent.
               In case of scf.SpinOrbit.Coupling=off,
               j-dependent pseudo potentials are averaged by j-degeneracy,
               which corresponds to a scalar relativistic treatment.

*******************************************************
     Fourier transform of PAO and projectors of VNL    
*******************************************************

<FT_PAO>          Fourier transform of pseudo atomic orbitals
<FT_NLP>          Fourier transform of non-local projectors

*******************************************************
  Allocation of atoms to processors at MD_iter=    1     
*******************************************************

 proc =   0  # of atoms=   1  estimated weight=         1.00000
 proc =   1  # of atoms=   0  estimated weight=         0.00000
 proc =   2  # of atoms=   0  estimated weight=         0.00000
 proc =   3  # of atoms=   0  estimated weight=         0.00000
 proc =   4  # of atoms=   0  estimated weight=         0.00000
 proc =   5  # of atoms=   0  estimated weight=         0.00000
 proc =   6  # of atoms=   0  estimated weight=         0.00000
 proc =   7  # of atoms=   0  estimated weight=         0.00000




*******************************************************
        Analysis of neighbors and setting of grids        
*******************************************************

TFNAN=      26   Average FNAN=  26.00000
TSNAN=       0   Average SNAN=   0.00000
<truncation> CpyCell= 1 ct_AN=   1 FNAN SNAN  26   0
TFNAN=      80   Average FNAN=  80.00000
TSNAN=       0   Average SNAN=   0.00000
<truncation> CpyCell= 2 ct_AN=   1 FNAN SNAN  80   0
TFNAN=      86   Average FNAN=  86.00000
TSNAN=       0   Average SNAN=   0.00000
<truncation> CpyCell= 3 ct_AN=   1 FNAN SNAN  86   0
TFNAN=      86   Average FNAN=  86.00000
TSNAN=       0   Average SNAN=   0.00000
<truncation> CpyCell= 4 ct_AN=   1 FNAN SNAN  86   0
TFNAN=      86   Average FNAN=  86.00000
TSNAN=       0   Average SNAN=   0.00000
<truncation> CpyCell= 4 ct_AN=   1 FNAN SNAN  86   0
<Check_System> The system is bulk.
lattice vectors (bohr)
A  =  0.000000000000,  3.377979392738,  3.377979392738
B  =  3.377979392738,  0.000000000000,  3.377979392738
C  =  3.377979392738,  3.377979392738,  0.000000000000
reciprocal lattice vectors (bohr^-1)
RA = -0.930021260740,  0.930021260740,  0.930021260740
RB =  0.930021260740, -0.930021260740,  0.930021260740
RC =  0.930021260740,  0.930021260740, -0.930021260740
xc= 0.000000000000 yc= 0.000000000000 zc= 0.000000000000
xm= 3.209080423101 ym= 3.209080423101 zm= 3.209080423101
Grid_Origin -3.209080423101 -3.209080423101 -3.209080423101
Cell_Volume =     77.090521430177 (Bohr^3)
GridVol     =      0.009636315179 (Bohr^3)
xc= 0.000000000000 yc= 0.000000000000 zc= 0.000000000000
xm= 3.209080423101 ym= 3.209080423101 zm= 3.209080423101
Grid_Origin -3.209080423101 -3.209080423101 -3.209080423101
Cell_Volume =     77.090521430177 (Bohr^3)
GridVol     =      0.009636315179 (Bohr^3)
<UCell_Box> Info. of cutoff energy and num. of grids
lattice vectors (bohr)
A  =  0.000000000000,  3.377979392738,  3.377979392738
B  =  3.377979392738,  0.000000000000,  3.377979392738
C  =  3.377979392738,  3.377979392738,  0.000000000000
reciprocal lattice vectors (bohr^-1)
RA = -0.930021260740,  0.930021260740,  0.930021260740
RB =  0.930021260740, -0.930021260740,  0.930021260740
RC =  0.930021260740,  0.930021260740, -0.930021260740
Required cutoff energy (Ryd) for 3D-grids = 250.0000
    Used cutoff energy (Ryd) for 3D-grids = 259.4819, 259.4819, 259.4819
Num. of grids of a-, b-, and c-axes = 20, 20, 20
xc= 0.000000000000 yc= 0.000000000000 zc= 0.000000000000
xm= 3.209080423101 ym= 3.209080423101 zm= 3.209080423101
Grid_Origin -3.209080423101 -3.209080423101 -3.209080423101
Cell_Volume =     77.090521430177 (Bohr^3)
GridVol     =      0.009636315179 (Bohr^3)
Cell vectors (bohr) of the grid cell (gtv)
  gtv_a =  0.000000000000,  0.168898969637,  0.168898969637
  gtv_b =  0.168898969637,  0.000000000000,  0.168898969637
  gtv_c =  0.168898969637,  0.168898969637,  0.000000000000
  |gtv_a| =  0.238859213531
  |gtv_b| =  0.238859213531
  |gtv_c| =  0.238859213531
Num. of grids overlapping with atom    1 = 94028

*******************************************************
             SCF calculation at MD = 1                
*******************************************************

<MD= 1>  Calculation of the overlap matrix
<MD= 1>  Calculation of the nonlocal matrix

******************* MD= 1  SCF= 1 *******************
<Band>  Solving the eigenvalue problem...
 KGrids1:  -0.42857  -0.28571  -0.14286   0.00000   0.14286   0.28572   0.42857 
 KGrids2:  -0.42857  -0.28572  -0.14286  -0.00000   0.14286   0.28571   0.42857 
 KGrids3:  -0.42857  -0.28571  -0.14286   0.00000   0.14286   0.28572   0.42857 
<Band_DFT>  Eigen, time=0.037809
<Band_DFT>  DM, time=0.033688
    1   Ni  MulP   9.4862   8.5138 sum  18.0000 diff   0.9723
 Sum of MulP: up   =     9.48617 down          =     8.51383
              total=    18.00000 ideal(neutral)=    18.00000
<DFT>  Total Spin Moment (muB) =  0.972331985564
<DFT>  Mixing_weight= 0.300000000000
<DFT>  Uele   =  -27.047058919619  dUele     =   1.000000000000
<DFT>  NormRD =    1.000000000000  Criterion =   0.000000010000

******************* MD= 1  SCF= 2 *******************
<Poisson>  Poisson's equation using FFT...
<Set_Hamiltonian>  Hamiltonian matrix for VNA+dVH+Vxc...
<Band>  Solving the eigenvalue problem...
 KGrids1:  -0.42857  -0.28571  -0.14286   0.00000   0.14286   0.28572   0.42857 
 KGrids2:  -0.42857  -0.28572  -0.14286  -0.00000   0.14286   0.28571   0.42857 
 KGrids3:  -0.42857  -0.28571  -0.14286   0.00000   0.14286   0.28572   0.42857 
<Band_DFT>  Eigen, time=0.019390
<Band_DFT>  DM, time=0.033489
    1   Ni  MulP   9.4534   8.5466 sum  18.0000 diff   0.9068
 Sum of MulP: up   =     9.45339 down          =     8.54661
              total=    18.00000 ideal(neutral)=    18.00000
<DFT>  Total Spin Moment (muB) =  0.906783279786
<DFT>  Mixing_weight= 0.318964598855
<DFT>  Uele   =  -26.773955672282  dUele     =   0.273103247336
<DFT>  NormRD =    0.243837551220  Criterion =   0.000000010000

******************* MD= 1  SCF= 3 *******************
<Poisson>  Poisson's equation using FFT...
<Set_Hamiltonian>  Hamiltonian matrix for VNA+dVH+Vxc...
<Band>  Solving the eigenvalue problem...
 KGrids1:  -0.42857  -0.28571  -0.14286   0.00000   0.14286   0.28572   0.42857 
 KGrids2:  -0.42857  -0.28572  -0.14286  -0.00000   0.14286   0.28571   0.42857 
 KGrids3:  -0.42857  -0.28571  -0.14286   0.00000   0.14286   0.28572   0.42857 
<Band_DFT>  Eigen, time=0.019859
<Band_DFT>  DM, time=0.033464
    1   Ni  MulP   9.4230   8.5770 sum  18.0000 diff   0.8461
 Sum of MulP: up   =     9.42303 down          =     8.57697
              total=    18.00000 ideal(neutral)=    18.00000
<DFT>  Total Spin Moment (muB) =  0.846061581735
<DFT>  Mixing_weight= 0.386165946025
<DFT>  Uele   =  -26.661900050544  dUele     =   0.112055621738
<DFT>  NormRD =    0.101719119317  Criterion =   0.000000010000

******************* MD= 1  SCF= 4 *******************
<Poisson>  Poisson's equation using FFT...
<Set_Hamiltonian>  Hamiltonian matrix for VNA+dVH+Vxc...
<Band>  Solving the eigenvalue problem...
 KGrids1:  -0.42857  -0.28571  -0.14286   0.00000   0.14286   0.28572   0.42857 
 KGrids2:  -0.42857  -0.28572  -0.14286  -0.00000   0.14286   0.28571   0.42857 
 KGrids3:  -0.42857  -0.28571  -0.14286   0.00000   0.14286   0.28572   0.42857 
<Band_DFT>  Eigen, time=0.019521
<Band_DFT>  DM, time=0.033426
    1   Ni  MulP   9.4221   8.5779 sum  18.0000 diff   0.8442
 Sum of MulP: up   =     9.42208 down          =     8.57792
              total=    18.00000 ideal(neutral)=    18.00000
<DFT>  Total Spin Moment (muB) =  0.844151768011
<DFT>  Mixing_weight= 0.400000000000
<DFT>  Uele   =  -26.608778618985  dUele     =   0.053121431559
<DFT>  NormRD =    0.058221309975  Criterion =   0.000000010000

******************* MD= 1  SCF= 5 *******************
<Poisson>  Poisson's equation using FFT...
<Set_Hamiltonian>  Hamiltonian matrix for VNA+dVH+Vxc...
<Band>  Solving the eigenvalue problem...
 KGrids1:  -0.42857  -0.28571  -0.14286   0.00000   0.14286   0.28572   0.42857 
 KGrids2:  -0.42857  -0.28572  -0.14286  -0.00000   0.14286   0.28571   0.42857 
 KGrids3:  -0.42857  -0.28571  -0.14286   0.00000   0.14286   0.28572   0.42857 
<Band_DFT>  Eigen, time=0.019866
<Band_DFT>  DM, time=0.033258
    1   Ni  MulP   9.4070   8.5930 sum  18.0000 diff   0.8139
 Sum of MulP: up   =     9.40696 down          =     8.59304
              total=    18.00000 ideal(neutral)=    18.00000
<DFT>  Total Spin Moment (muB) =  0.813929798991
<DFT>  Mixing_weight= 0.400000000000
<DFT>  Uele   =  -26.597064911813  dUele     =   0.011713707171
<DFT>  NormRD =    0.029607799832  Criterion =   0.000000010000

******************* MD= 1  SCF= 6 *******************
<Poisson>  Poisson's equation using FFT...
<Set_Hamiltonian>  Hamiltonian matrix for VNA+dVH+Vxc...
<Band>  Solving the eigenvalue problem...
 KGrids1:  -0.42857  -0.28571  -0.14286   0.00000   0.14286   0.28572   0.42857 
 KGrids2:  -0.42857  -0.28572  -0.14286  -0.00000   0.14286   0.28571   0.42857 
 KGrids3:  -0.42857  -0.28571  -0.14286   0.00000   0.14286   0.28572   0.42857 
<Band_DFT>  Eigen, time=0.019742
<Band_DFT>  DM, time=0.033129
    1   Ni  MulP   9.3766   8.6234 sum  18.0000 diff   0.7532
 Sum of MulP: up   =     9.37662 down          =     8.62338
              total=    18.00000 ideal(neutral)=    18.00000
<DFT>  Total Spin Moment (muB) =  0.753246396247
<DFT>  Mixing_weight= 0.400000000000
<DFT>  Uele   =  -26.583068954464  dUele     =   0.013995957349
<DFT>  NormRD =    0.021600681120  Criterion =   0.000000010000

******************* MD= 1  SCF= 7 *******************
<Poisson>  Poisson's equation using FFT...
<Set_Hamiltonian>  Hamiltonian matrix for VNA+dVH+Vxc...
<Band>  Solving the eigenvalue problem...
 KGrids1:  -0.42857  -0.28571  -0.14286   0.00000   0.14286   0.28572   0.42857 
 KGrids2:  -0.42857  -0.28572  -0.14286  -0.00000   0.14286   0.28571   0.42857 
 KGrids3:  -0.42857  -0.28571  -0.14286   0.00000   0.14286   0.28572   0.42857 
<Band_DFT>  Eigen, time=0.019385
<Band_DFT>  DM, time=0.033240
    1   Ni  MulP   9.3660   8.6340 sum  18.0000 diff   0.7320
 Sum of MulP: up   =     9.36600 down          =     8.63400
              total=    18.00000 ideal(neutral)=    18.00000
<DFT>  Total Spin Moment (muB) =  0.732005486538
<DFT>  Mixing_weight= 0.190577150663
<DFT>  Uele   =  -26.572031131038  dUele     =   0.011037823426
<DFT>  NormRD =    0.022643526410  Criterion =   0.000000010000

******************* MD= 1  SCF= 8 *******************
<Poisson>  Poisson's equation using FFT...
<Set_Hamiltonian>  Hamiltonian matrix for VNA+dVH+Vxc...
<Band>  Solving the eigenvalue problem...
 KGrids1:  -0.42857  -0.28571  -0.14286   0.00000   0.14286   0.28572   0.42857 
 KGrids2:  -0.42857  -0.28572  -0.14286  -0.00000   0.14286   0.28571   0.42857 
 KGrids3:  -0.42857  -0.28571  -0.14286   0.00000   0.14286   0.28572   0.42857 
<Band_DFT>  Eigen, time=0.020163
<Band_DFT>  DM, time=0.033178
    1   Ni  MulP   9.3552   8.6448 sum  18.0000 diff   0.7105
 Sum of MulP: up   =     9.35524 down          =     8.64476
              total=    18.00000 ideal(neutral)=    18.00000
<DFT>  Total Spin Moment (muB) =  0.710474596125
<DFT>  Mixing_weight= 0.400000000000
<DFT>  Uele   =  -26.551189947956  dUele     =   0.020841183082
<DFT>  NormRD =    0.020594128841  Criterion =   0.000000010000

******************* MD= 1  SCF= 9 *******************
<Poisson>  Poisson's equation using FFT...
<Set_Hamiltonian>  Hamiltonian matrix for VNA+dVH+Vxc...
<Band>  Solving the eigenvalue problem...
 KGrids1:  -0.42857  -0.28571  -0.14286   0.00000   0.14286   0.28572   0.42857 
 KGrids2:  -0.42857  -0.28572  -0.14286  -0.00000   0.14286   0.28571   0.42857 
 KGrids3:  -0.42857  -0.28571  -0.14286   0.00000   0.14286   0.28572   0.42857 
<Band_DFT>  Eigen, time=0.019524
<Band_DFT>  DM, time=0.033448
    1   Ni  MulP   9.3526   8.6474 sum  18.0000 diff   0.7052
 Sum of MulP: up   =     9.35261 down          =     8.64739
              total=    18.00000 ideal(neutral)=    18.00000
<DFT>  Total Spin Moment (muB) =  0.705218378687
<DFT>  Mixing_weight= 0.400000000000
<DFT>  Uele   =  -26.540968249668  dUele     =   0.010221698288
<DFT>  NormRD =    0.012957894099  Criterion =   0.000000010000

******************* MD= 1  SCF=10 *******************
<Poisson>  Poisson's equation using FFT...
<Set_Hamiltonian>  Hamiltonian matrix for VNA+dVH+Vxc...
<Band>  Solving the eigenvalue problem...
 KGrids1:  -0.42857  -0.28571  -0.14286   0.00000   0.14286   0.28572   0.42857 
 KGrids2:  -0.42857  -0.28572  -0.14286  -0.00000   0.14286   0.28571   0.42857 
 KGrids3:  -0.42857  -0.28571  -0.14286   0.00000   0.14286   0.28572   0.42857 
<Band_DFT>  Eigen, time=0.019398
<Band_DFT>  DM, time=0.033199
    1   Ni  MulP   9.3507   8.6493 sum  18.0000 diff   0.7015
 Sum of MulP: up   =     9.35075 down          =     8.64925
              total=    18.00000 ideal(neutral)=    18.00000
<DFT>  Total Spin Moment (muB) =  0.701494133687
<DFT>  Mixing_weight= 0.400000000000
<DFT>  Uele   =  -26.537652326453  dUele     =   0.003315923216
<DFT>  NormRD =    0.007490896772  Criterion =   0.000000010000

******************* MD= 1  SCF=11 *******************
<Poisson>  Poisson's equation using FFT...
<Set_Hamiltonian>  Hamiltonian matrix for VNA+dVH+Vxc...
<Band>  Solving the eigenvalue problem...
 KGrids1:  -0.42857  -0.28571  -0.14286   0.00000   0.14286   0.28572   0.42857 
 KGrids2:  -0.42857  -0.28572  -0.14286  -0.00000   0.14286   0.28571   0.42857 
 KGrids3:  -0.42857  -0.28571  -0.14286   0.00000   0.14286   0.28572   0.42857 
<Band_DFT>  Eigen, time=0.019536
<Band_DFT>  DM, time=0.033297
    1   Ni  MulP   9.3484   8.6516 sum  18.0000 diff   0.6969
 Sum of MulP: up   =     9.34844 down          =     8.65156
              total=    18.00000 ideal(neutral)=    18.00000
<DFT>  Total Spin Moment (muB) =  0.696875020134
<DFT>  Mixing_weight= 0.400000000000
<DFT>  Uele   =  -26.536106204841  dUele     =   0.001546121612
<DFT>  NormRD =    0.004766535529  Criterion =   0.000000010000

******************* MD= 1  SCF=12 *******************
<Poisson>  Poisson's equation using FFT...
<Set_Hamiltonian>  Hamiltonian matrix for VNA+dVH+Vxc...
<Band>  Solving the eigenvalue problem...
 KGrids1:  -0.42857  -0.28571  -0.14286   0.00000   0.14286   0.28572   0.42857 
 KGrids2:  -0.42857  -0.28572  -0.14286  -0.00000   0.14286   0.28571   0.42857 
 KGrids3:  -0.42857  -0.28571  -0.14286   0.00000   0.14286   0.28572   0.42857 
<Band_DFT>  Eigen, time=0.019605
<Band_DFT>  DM, time=0.033478
    1   Ni  MulP   9.3459   8.6541 sum  18.0000 diff   0.6918
 Sum of MulP: up   =     9.34588 down          =     8.65412
              total=    18.00000 ideal(neutral)=    18.00000
<DFT>  Total Spin Moment (muB) =  0.691766743772
<DFT>  Mixing_weight= 0.400000000000
<DFT>  Uele   =  -26.534866956317  dUele     =   0.001239248524
<DFT>  NormRD =    0.003311121369  Criterion =   0.000000010000

******************* MD= 1  SCF=13 *******************
<Poisson>  Poisson's equation using FFT...
<Set_Hamiltonian>  Hamiltonian matrix for VNA+dVH+Vxc...
<Band>  Solving the eigenvalue problem...
 KGrids1:  -0.42857  -0.28571  -0.14286   0.00000   0.14286   0.28572   0.42857 
 KGrids2:  -0.42857  -0.28572  -0.14286  -0.00000   0.14286   0.28571   0.42857 
 KGrids3:  -0.42857  -0.28571  -0.14286   0.00000   0.14286   0.28572   0.42857 
<Band_DFT>  Eigen, time=0.019301
<Band_DFT>  DM, time=0.033609
    1   Ni  MulP   9.3433   8.6567 sum  18.0000 diff   0.6866
 Sum of MulP: up   =     9.34331 down          =     8.65669
              total=    18.00000 ideal(neutral)=    18.00000
<DFT>  Total Spin Moment (muB) =  0.686610525575
<DFT>  Mixing_weight= 0.400000000000
<DFT>  Uele   =  -26.533707188967  dUele     =   0.001159767350
<DFT>  NormRD =    0.002498166381  Criterion =   0.000000010000

******************* MD= 1  SCF=14 *******************
<Poisson>  Poisson's equation using FFT...
<Set_Hamiltonian>  Hamiltonian matrix for VNA+dVH+Vxc...
<Band>  Solving the eigenvalue problem...
 KGrids1:  -0.42857  -0.28571  -0.14286   0.00000   0.14286   0.28572   0.42857 
 KGrids2:  -0.42857  -0.28572  -0.14286  -0.00000   0.14286   0.28571   0.42857 
 KGrids3:  -0.42857  -0.28571  -0.14286   0.00000   0.14286   0.28572   0.42857 
<Band_DFT>  Eigen, time=0.019415
<Band_DFT>  DM, time=0.033243
    1   Ni  MulP   9.3408   8.6592 sum  18.0000 diff   0.6816
 Sum of MulP: up   =     9.34079 down          =     8.65921
              total=    18.00000 ideal(neutral)=    18.00000
<DFT>  Total Spin Moment (muB) =  0.681582766774
<DFT>  Mixing_weight= 0.400000000000
<DFT>  Uele   =  -26.532617104693  dUele     =   0.001090084274
<DFT>  NormRD =    0.002014895682  Criterion =   0.000000010000

******************* MD= 1  SCF=15 *******************
<Poisson>  Poisson's equation using FFT...
<Set_Hamiltonian>  Hamiltonian matrix for VNA+dVH+Vxc...
<Band>  Solving the eigenvalue problem...
 KGrids1:  -0.42857  -0.28571  -0.14286   0.00000   0.14286   0.28572   0.42857 
 KGrids2:  -0.42857  -0.28572  -0.14286  -0.00000   0.14286   0.28571   0.42857 
 KGrids3:  -0.42857  -0.28571  -0.14286   0.00000   0.14286   0.28572   0.42857 
<Band_DFT>  Eigen, time=0.019791
<Band_DFT>  DM, time=0.033177
    1   Ni  MulP   9.3384   8.6616 sum  18.0000 diff   0.6767
 Sum of MulP: up   =     9.33836 down          =     8.66164
              total=    18.00000 ideal(neutral)=    18.00000
<DFT>  Total Spin Moment (muB) =  0.676715874486
<DFT>  Mixing_weight= 0.400000000000
<DFT>  Uele   =  -26.531595933981  dUele     =   0.001021170712
<DFT>  NormRD =    0.001710030941  Criterion =   0.000000010000

******************* MD= 1  SCF=16 *******************
<Poisson>  Poisson's equation using FFT...
<Set_Hamiltonian>  Hamiltonian matrix for VNA+dVH+Vxc...
<Band>  Solving the eigenvalue problem...
 KGrids1:  -0.42857  -0.28571  -0.14286   0.00000   0.14286   0.28572   0.42857 
 KGrids2:  -0.42857  -0.28572  -0.14286  -0.00000   0.14286   0.28571   0.42857 
 KGrids3:  -0.42857  -0.28571  -0.14286   0.00000   0.14286   0.28572   0.42857 
<Band_DFT>  Eigen, time=0.019765
<Band_DFT>  DM, time=0.033142
    1   Ni  MulP   9.3360   8.6640 sum  18.0000 diff   0.6720
 Sum of MulP: up   =     9.33599 down          =     8.66401
              total=    18.00000 ideal(neutral)=    18.00000
<DFT>  Total Spin Moment (muB) =  0.671985876814
<DFT>  Mixing_weight= 0.400000000000
<DFT>  Uele   =  -26.530633674494  dUele     =   0.000962259487
<DFT>  NormRD =    0.001509842032  Criterion =   0.000000010000

******************* MD= 1  SCF=17 *******************
<Poisson>  Poisson's equation using FFT...
<Set_Hamiltonian>  Hamiltonian matrix for VNA+dVH+Vxc...
<Band>  Solving the eigenvalue problem...
 KGrids1:  -0.42857  -0.28571  -0.14286   0.00000   0.14286   0.28572   0.42857 
 KGrids2:  -0.42857  -0.28572  -0.14286  -0.00000   0.14286   0.28571   0.42857 
 KGrids3:  -0.42857  -0.28571  -0.14286   0.00000   0.14286   0.28572   0.42857 
<Band_DFT>  Eigen, time=0.019821
<Band_DFT>  DM, time=0.033244
    1   Ni  MulP   9.3337   8.6663 sum  18.0000 diff   0.6674
 Sum of MulP: up   =     9.33368 down          =     8.66632
              total=    18.00000 ideal(neutral)=    18.00000
<DFT>  Total Spin Moment (muB) =  0.667350468057
<DFT>  Mixing_weight= 0.400000000000
<DFT>  Uele   =  -26.529716782253  dUele     =   0.000916892241
<DFT>  NormRD =    0.001375717743  Criterion =   0.000000010000

******************* MD= 1  SCF=18 *******************
<Poisson>  Poisson's equation using FFT...
<Set_Hamiltonian>  Hamiltonian matrix for VNA+dVH+Vxc...
<Band>  Solving the eigenvalue problem...
 KGrids1:  -0.42857  -0.28571  -0.14286   0.00000   0.14286   0.28572   0.42857 
 KGrids2:  -0.42857  -0.28572  -0.14286  -0.00000   0.14286   0.28571   0.42857 
 KGrids3:  -0.42857  -0.28571  -0.14286   0.00000   0.14286   0.28572   0.42857 
<Band_DFT>  Eigen, time=0.019682
<Band_DFT>  DM, time=0.033240
    1   Ni  MulP   9.3314   8.6686 sum  18.0000 diff   0.6628
 Sum of MulP: up   =     9.33138 down          =     8.66862
              total=    18.00000 ideal(neutral)=    18.00000
<DFT>  Total Spin Moment (muB) =  0.662763550517
<DFT>  Mixing_weight= 0.400000000000
<DFT>  Uele   =  -26.528831878605  dUele     =   0.000884903648
<DFT>  NormRD =    0.001285933126  Criterion =   0.000000010000

******************* MD= 1  SCF=19 *******************
<Poisson>  Poisson's equation using FFT...
<Set_Hamiltonian>  Hamiltonian matrix for VNA+dVH+Vxc...
<Band>  Solving the eigenvalue problem...
 KGrids1:  -0.42857  -0.28571  -0.14286   0.00000   0.14286   0.28572   0.42857 
 KGrids2:  -0.42857  -0.28572  -0.14286  -0.00000   0.14286   0.28571   0.42857 
 KGrids3:  -0.42857  -0.28571  -0.14286   0.00000   0.14286   0.28572   0.42857 
<Band_DFT>  Eigen, time=0.019546
<Band_DFT>  DM, time=0.033159
    1   Ni  MulP   9.3291   8.6709 sum  18.0000 diff   0.6582
 Sum of MulP: up   =     9.32909 down          =     8.67091
              total=    18.00000 ideal(neutral)=    18.00000
<DFT>  Total Spin Moment (muB) =  0.658180359214
<DFT>  Mixing_weight= 0.400000000000
<DFT>  Uele   =  -26.527966975020  dUele     =   0.000864903585
<DFT>  NormRD =    0.001227564367  Criterion =   0.000000010000

******************* MD= 1  SCF=20 *******************
<Poisson>  Poisson's equation using FFT...
<Set_Hamiltonian>  Hamiltonian matrix for VNA+dVH+Vxc...
<Band>  Solving the eigenvalue problem...
 KGrids1:  -0.42857  -0.28571  -0.14286   0.00000   0.14286   0.28572   0.42857 
 KGrids2:  -0.42857  -0.28572  -0.14286  -0.00000   0.14286   0.28571   0.42857 
 KGrids3:  -0.42857  -0.28571  -0.14286   0.00000   0.14286   0.28572   0.42857 
<Band_DFT>  Eigen, time=0.019518
<Band_DFT>  DM, time=0.033334
    1   Ni  MulP   9.3268   8.6732 sum  18.0000 diff   0.6536
 Sum of MulP: up   =     9.32678 down          =     8.67322
              total=    18.00000 ideal(neutral)=    18.00000
<DFT>  Total Spin Moment (muB) =  0.653559025791
<DFT>  Mixing_weight= 0.400000000000
<DFT>  Uele   =  -26.527111631800  dUele     =   0.000855343220
<DFT>  NormRD =    0.001192578450  Criterion =   0.000000010000

******************* MD= 1  SCF=21 *******************
<Poisson>  Poisson's equation using FFT...
<Set_Hamiltonian>  Hamiltonian matrix for VNA+dVH+Vxc...
<Band>  Solving the eigenvalue problem...
 KGrids1:  -0.42857  -0.28571  -0.14286   0.00000   0.14286   0.28572   0.42857 
 KGrids2:  -0.42857  -0.28572  -0.14286  -0.00000   0.14286   0.28571   0.42857 
 KGrids3:  -0.42857  -0.28571  -0.14286   0.00000   0.14286   0.28572   0.42857 
<Band_DFT>  Eigen, time=0.019787
<Band_DFT>  DM, time=0.033196
    1   Ni  MulP   9.3244   8.6756 sum  18.0000 diff   0.6489
 Sum of MulP: up   =     9.32443 down          =     8.67557
              total=    18.00000 ideal(neutral)=    18.00000
<DFT>  Total Spin Moment (muB) =  0.648860923701
<DFT>  Mixing_weight= 0.400000000000
<DFT>  Uele   =  -26.526256788258  dUele     =   0.000854843542
<DFT>  NormRD =    0.001175789029  Criterion =   0.000000010000

******************* MD= 1  SCF=22 *******************
<Poisson>  Poisson's equation using FFT...
<Set_Hamiltonian>  Hamiltonian matrix for VNA+dVH+Vxc...
<Band>  Solving the eigenvalue problem...
 KGrids1:  -0.42857  -0.28571  -0.14286   0.00000   0.14286   0.28572   0.42857 
 KGrids2:  -0.42857  -0.28572  -0.14286  -0.00000   0.14286   0.28571   0.42857 
 KGrids3:  -0.42857  -0.28571  -0.14286   0.00000   0.14286   0.28572   0.42857 
<Band_DFT>  Eigen, time=0.019548
<Band_DFT>  DM, time=0.033254
    1   Ni  MulP   9.3220   8.6780 sum  18.0000 diff   0.6441
 Sum of MulP: up   =     9.32203 down          =     8.67797
              total=    18.00000 ideal(neutral)=    18.00000
<DFT>  Total Spin Moment (muB) =  0.644050742417
<DFT>  Mixing_weight= 0.400000000000
<DFT>  Uele   =  -26.525394551240  dUele     =   0.000862237018
<DFT>  NormRD =    0.001173715475  Criterion =   0.000000010000

******************* MD= 1  SCF=23 *******************
<Poisson>  Poisson's equation using FFT...
<Set_Hamiltonian>  Hamiltonian matrix for VNA+dVH+Vxc...
<Band>  Solving the eigenvalue problem...
 KGrids1:  -0.42857  -0.28571  -0.14286   0.00000   0.14286   0.28572   0.42857 
 KGrids2:  -0.42857  -0.28572  -0.14286  -0.00000   0.14286   0.28571   0.42857 
 KGrids3:  -0.42857  -0.28571  -0.14286   0.00000   0.14286   0.28572   0.42857 
<Band_DFT>  Eigen, time=0.019509
<Band_DFT>  DM, time=0.033404
    1   Ni  MulP   9.3208   8.6792 sum  18.0000 diff   0.6416
 Sum of MulP: up   =     9.32080 down          =     8.67920
              total=    18.00000 ideal(neutral)=    18.00000
<DFT>  Total Spin Moment (muB) =  0.641608513355
<DFT>  Mixing_weight= 0.198271216482
<DFT>  Uele   =  -26.524960002630  dUele     =   0.000434548610
<DFT>  NormRD =    0.001183905205  Criterion =   0.000000010000

******************* MD= 1  SCF=24 *******************
<Poisson>  Poisson's equation using FFT...
<Set_Hamiltonian>  Hamiltonian matrix for VNA+dVH+Vxc...
<Band>  Solving the eigenvalue problem...
 KGrids1:  -0.42857  -0.28571  -0.14286   0.00000   0.14286   0.28572   0.42857 
 KGrids2:  -0.42857  -0.28572  -0.14286  -0.00000   0.14286   0.28571   0.42857 
 KGrids3:  -0.42857  -0.28571  -0.14286   0.00000   0.14286   0.28572   0.42857 
<Band_DFT>  Eigen, time=0.019863
<Band_DFT>  DM, time=0.033206
    1   Ni  MulP   9.3202   8.6798 sum  18.0000 diff   0.6404
 Sum of MulP: up   =     9.32019 down          =     8.67981
              total=    18.00000 ideal(neutral)=    18.00000
<DFT>  Total Spin Moment (muB) =  0.640378665982
<DFT>  Mixing_weight= 0.098410661609
<DFT>  Uele   =  -26.524742242153  dUele     =   0.000217760477
<DFT>  NormRD =    0.001192594608  Criterion =   0.000000010000

******************* MD= 1  SCF=25 *******************
<Poisson>  Poisson's equation using FFT...
<Set_Hamiltonian>  Hamiltonian matrix for VNA+dVH+Vxc...
<Band>  Solving the eigenvalue problem...
 KGrids1:  -0.42857  -0.28571  -0.14286   0.00000   0.14286   0.28572   0.42857 
 KGrids2:  -0.42857  -0.28572  -0.14286  -0.00000   0.14286   0.28571   0.42857 
 KGrids3:  -0.42857  -0.28571  -0.14286   0.00000   0.14286   0.28572   0.42857 
<Band_DFT>  Eigen, time=0.019895
<Band_DFT>  DM, time=0.033408
    1   Ni  MulP   9.3199   8.6801 sum  18.0000 diff   0.6398
 Sum of MulP: up   =     9.31988 down          =     8.68012
              total=    18.00000 ideal(neutral)=    18.00000
<DFT>  Total Spin Moment (muB) =  0.639761675875
<DFT>  Mixing_weight= 0.048989775942
<DFT>  Uele   =  -26.524633254676  dUele     =   0.000108987476
<DFT>  NormRD =    0.001197830527  Criterion =   0.000000010000

******************* MD= 1  SCF=26 *******************
<Poisson>  Poisson's equation using FFT...
<Set_Hamiltonian>  Hamiltonian matrix for VNA+dVH+Vxc...
<Band>  Solving the eigenvalue problem...
 KGrids1:  -0.42857  -0.28571  -0.14286   0.00000   0.14286   0.28572   0.42857 
 KGrids2:  -0.42857  -0.28572  -0.14286  -0.00000   0.14286   0.28571   0.42857 
 KGrids3:  -0.42857  -0.28571  -0.14286   0.00000   0.14286   0.28572   0.42857 
<Band_DFT>  Eigen, time=0.019527
<Band_DFT>  DM, time=0.033146
    1   Ni  MulP   9.3197   8.6803 sum  18.0000 diff   0.6395
 Sum of MulP: up   =     9.31973 down          =     8.68027
              total=    18.00000 ideal(neutral)=    18.00000
<DFT>  Total Spin Moment (muB) =  0.639452678653
<DFT>  Mixing_weight= 0.024437116803
<DFT>  Uele   =  -26.524578735671  dUele     =   0.000054519005
<DFT>  NormRD =    0.001200658948  Criterion =   0.000000010000

******************* MD= 1  SCF=27 *******************
<Poisson>  Poisson's equation using FFT...
<Set_Hamiltonian>  Hamiltonian matrix for VNA+dVH+Vxc...
<Band>  Solving the eigenvalue problem...
 KGrids1:  -0.42857  -0.28571  -0.14286   0.00000   0.14286   0.28572   0.42857 
 KGrids2:  -0.42857  -0.28572  -0.14286  -0.00000   0.14286   0.28571   0.42857 
 KGrids3:  -0.42857  -0.28571  -0.14286   0.00000   0.14286   0.28572   0.42857 
<Band_DFT>  Eigen, time=0.019505
<Band_DFT>  DM, time=0.033177
    1   Ni  MulP   9.3196   8.6804 sum  18.0000 diff   0.6393
 Sum of MulP: up   =     9.31965 down          =     8.68035
              total=    18.00000 ideal(neutral)=    18.00000
<DFT>  Total Spin Moment (muB) =  0.639298056284
<DFT>  Mixing_weight= 0.012203656538
<DFT>  Uele   =  -26.524551470033  dUele     =   0.000027265638
<DFT>  NormRD =    0.001202124177  Criterion =   0.000000010000

******************* MD= 1  SCF=28 *******************
<Poisson>  Poisson's equation using FFT...
<Set_Hamiltonian>  Hamiltonian matrix for VNA+dVH+Vxc...
<Band>  Solving the eigenvalue problem...
 KGrids1:  -0.42857  -0.28571  -0.14286   0.00000   0.14286   0.28572   0.42857 
 KGrids2:  -0.42857  -0.28572  -0.14286  -0.00000   0.14286   0.28571   0.42857 
 KGrids3:  -0.42857  -0.28571  -0.14286   0.00000   0.14286   0.28572   0.42857 
<Band_DFT>  Eigen, time=0.019747
<Band_DFT>  DM, time=0.033181
    1   Ni  MulP   9.3196   8.6804 sum  18.0000 diff   0.6392
 Sum of MulP: up   =     9.31961 down          =     8.68039
              total=    18.00000 ideal(neutral)=    18.00000
<DFT>  Total Spin Moment (muB) =  0.639220714381
<DFT>  Mixing_weight= 0.006098047067
<DFT>  Uele   =  -26.524537835703  dUele     =   0.000013634330
<DFT>  NormRD =    0.001202869344  Criterion =   0.000000010000

******************* MD= 1  SCF=29 *******************
<Poisson>  Poisson's equation using FFT...
<Set_Hamiltonian>  Hamiltonian matrix for VNA+dVH+Vxc...
<Band>  Solving the eigenvalue problem...
 KGrids1:  -0.42857  -0.28571  -0.14286   0.00000   0.14286   0.28572   0.42857 
 KGrids2:  -0.42857  -0.28572  -0.14286  -0.00000   0.14286   0.28571   0.42857 
 KGrids3:  -0.42857  -0.28571  -0.14286   0.00000   0.14286   0.28572   0.42857 
<Band_DFT>  Eigen, time=0.019597
<Band_DFT>  DM, time=0.033154
    1   Ni  MulP   9.3196   8.6804 sum  18.0000 diff   0.6392
 Sum of MulP: up   =     9.31959 down          =     8.68041
              total=    18.00000 ideal(neutral)=    18.00000
<DFT>  Total Spin Moment (muB) =  0.639182035778
<DFT>  Mixing_weight= 0.003048071369
<DFT>  Uele   =  -26.524531018163  dUele     =   0.000006817540
<DFT>  NormRD =    0.001203245041  Criterion =   0.000000010000

******************* MD= 1  SCF=30 *******************
<Poisson>  Poisson's equation using FFT...
<Set_Hamiltonian>  Hamiltonian matrix for VNA+dVH+Vxc...
<Band>  Solving the eigenvalue problem...
 KGrids1:  -0.42857  -0.28571  -0.14286   0.00000   0.14286   0.28572   0.42857 
 KGrids2:  -0.42857  -0.28572  -0.14286  -0.00000   0.14286   0.28571   0.42857 
 KGrids3:  -0.42857  -0.28571  -0.14286   0.00000   0.14286   0.28572   0.42857 
<Band_DFT>  Eigen, time=0.019656
<Band_DFT>  DM, time=0.033218
    1   Ni  MulP   9.3253   8.6747 sum  18.0000 diff   0.6507
 Sum of MulP: up   =     9.32534 down          =     8.67466
              total=    18.00000 ideal(neutral)=    18.00000
<DFT>  Total Spin Moment (muB) =  0.650688666410
<DFT>  Mixing_weight= 0.003048071369
<DFT>  Uele   =  -26.527423980774  dUele     =   0.002892962612
<DFT>  NormRD =    0.001017661335  Criterion =   0.000000010000

******************* MD= 1  SCF=31 *******************
<Poisson>  Poisson's equation using FFT...
<Set_Hamiltonian>  Hamiltonian matrix for VNA+dVH+Vxc...
<Band>  Solving the eigenvalue problem...
 KGrids1:  -0.42857  -0.28571  -0.14286   0.00000   0.14286   0.28572   0.42857 
 KGrids2:  -0.42857  -0.28572  -0.14286  -0.00000   0.14286   0.28571   0.42857 
 KGrids3:  -0.42857  -0.28571  -0.14286   0.00000   0.14286   0.28572   0.42857 
<Band_DFT>  Eigen, time=0.019548
<Band_DFT>  DM, time=0.033195
    1   Ni  MulP   9.3435   8.6565 sum  18.0000 diff   0.6869
 Sum of MulP: up   =     9.34346 down          =     8.65654
              total=    18.00000 ideal(neutral)=    18.00000
<DFT>  Total Spin Moment (muB) =  0.686914586592
<DFT>  Mixing_weight= 0.003048071369
<DFT>  Uele   =  -26.536157625813  dUele     =   0.008733645038
<DFT>  NormRD =    0.001304657504  Criterion =   0.000000010000

******************* MD= 1  SCF=32 *******************
<Poisson>  Poisson's equation using FFT...
<Set_Hamiltonian>  Hamiltonian matrix for VNA+dVH+Vxc...
<Band>  Solving the eigenvalue problem...
 KGrids1:  -0.42857  -0.28571  -0.14286   0.00000   0.14286   0.28572   0.42857 
 KGrids2:  -0.42857  -0.28572  -0.14286  -0.00000   0.14286   0.28571   0.42857 
 KGrids3:  -0.42857  -0.28571  -0.14286   0.00000   0.14286   0.28572   0.42857 
<Band_DFT>  Eigen, time=0.019514
<Band_DFT>  DM, time=0.033242
    1   Ni  MulP   9.3180   8.6820 sum  18.0000 diff   0.6360
 Sum of MulP: up   =     9.31800 down          =     8.68200
              total=    18.00000 ideal(neutral)=    18.00000
<DFT>  Total Spin Moment (muB) =  0.636006485873
<DFT>  Mixing_weight= 0.003048071369
<DFT>  Uele   =  -26.524893444120  dUele     =   0.011264181693
<DFT>  NormRD =    0.002449706294  Criterion =   0.000000010000

******************* MD= 1  SCF=33 *******************
<Poisson>  Poisson's equation using FFT...
<Set_Hamiltonian>  Hamiltonian matrix for VNA+dVH+Vxc...
<Band>  Solving the eigenvalue problem...
 KGrids1:  -0.42857  -0.28571  -0.14286   0.00000   0.14286   0.28572   0.42857 
 KGrids2:  -0.42857  -0.28572  -0.14286  -0.00000   0.14286   0.28571   0.42857 
 KGrids3:  -0.42857  -0.28571  -0.14286   0.00000   0.14286   0.28572   0.42857 
<Band_DFT>  Eigen, time=0.019491
<Band_DFT>  DM, time=0.033242
    1   Ni  MulP   9.2505   8.7495 sum  18.0000 diff   0.5009
 Sum of MulP: up   =     9.25046 down          =     8.74954
              total=    18.00000 ideal(neutral)=    18.00000
<DFT>  Total Spin Moment (muB) =  0.500925108713
<DFT>  Mixing_weight= 0.003048071369
<DFT>  Uele   =  -26.502559025778  dUele     =   0.022334418342
<DFT>  NormRD =    0.001359838102  Criterion =   0.000000010000

******************* MD= 1  SCF=34 *******************
<Poisson>  Poisson's equation using FFT...
<Set_Hamiltonian>  Hamiltonian matrix for VNA+dVH+Vxc...
<Band>  Solving the eigenvalue problem...
 KGrids1:  -0.42857  -0.28571  -0.14286   0.00000   0.14286   0.28572   0.42857 
 KGrids2:  -0.42857  -0.28572  -0.14286  -0.00000   0.14286   0.28571   0.42857 
 KGrids3:  -0.42857  -0.28571  -0.14286   0.00000   0.14286   0.28572   0.42857 
<Band_DFT>  Eigen, time=0.019612
<Band_DFT>  DM, time=0.033296
    1   Ni  MulP   9.2526   8.7474 sum  18.0000 diff   0.5052
 Sum of MulP: up   =     9.25262 down          =     8.74738
              total=    18.00000 ideal(neutral)=    18.00000
<DFT>  Total Spin Moment (muB) =  0.505245297671
<DFT>  Mixing_weight= 0.003048071369
<DFT>  Uele   =  -26.503239292507  dUele     =   0.000680266729
<DFT>  NormRD =    0.002053123103  Criterion =   0.000000010000

******************* MD= 1  SCF=35 *******************
<Poisson>  Poisson's equation using FFT...
<Set_Hamiltonian>  Hamiltonian matrix for VNA+dVH+Vxc...
<Band>  Solving the eigenvalue problem...
 KGrids1:  -0.42857  -0.28571  -0.14286   0.00000   0.14286   0.28572   0.42857 
 KGrids2:  -0.42857  -0.28572  -0.14286  -0.00000   0.14286   0.28571   0.42857 
 KGrids3:  -0.42857  -0.28571  -0.14286   0.00000   0.14286   0.28572   0.42857 
<Band_DFT>  Eigen, time=0.019515
<Band_DFT>  DM, time=0.033282
    1   Ni  MulP   9.2640   8.7360 sum  18.0000 diff   0.5280
 Sum of MulP: up   =     9.26402 down          =     8.73598
              total=    18.00000 ideal(neutral)=    18.00000
<DFT>  Total Spin Moment (muB) =  0.528031035738
<DFT>  Mixing_weight= 0.003048071369
<DFT>  Uele   =  -26.506943003082  dUele     =   0.003703710575
<DFT>  NormRD =    0.002025604094  Criterion =   0.000000010000

******************* MD= 1  SCF=36 *******************
<Poisson>  Poisson's equation using FFT...
<Set_Hamiltonian>  Hamiltonian matrix for VNA+dVH+Vxc...
<Band>  Solving the eigenvalue problem...
 KGrids1:  -0.42857  -0.28571  -0.14286   0.00000   0.14286   0.28572   0.42857 
 KGrids2:  -0.42857  -0.28572  -0.14286  -0.00000   0.14286   0.28571   0.42857 
 KGrids3:  -0.42857  -0.28571  -0.14286   0.00000   0.14286   0.28572   0.42857 
<Band_DFT>  Eigen, time=0.019606
<Band_DFT>  DM, time=0.110797
    1   Ni  MulP   9.2727   8.7273 sum  18.0000 diff   0.5454
 Sum of MulP: up   =     9.27270 down          =     8.72730
              total=    18.00000 ideal(neutral)=    18.00000
<DFT>  Total Spin Moment (muB) =  0.545391197021
<DFT>  Mixing_weight= 0.003048071369
<DFT>  Uele   =  -26.509653065681  dUele     =   0.002710062599
<DFT>  NormRD =    0.001914953348  Criterion =   0.000000010000

******************* MD= 1  SCF=37 *******************
<Poisson>  Poisson's equation using FFT...
<Set_Hamiltonian>  Hamiltonian matrix for VNA+dVH+Vxc...
<Band>  Solving the eigenvalue problem...
 KGrids1:  -0.42857  -0.28571  -0.14286   0.00000   0.14286   0.28572   0.42857 
 KGrids2:  -0.42857  -0.28572  -0.14286  -0.00000   0.14286   0.28571   0.42857 
 KGrids3:  -0.42857  -0.28571  -0.14286   0.00000   0.14286   0.28572   0.42857 
<Band_DFT>  Eigen, time=0.019924
<Band_DFT>  DM, time=0.033170
    1   Ni  MulP   9.2871   8.7129 sum  18.0000 diff   0.5743
 Sum of MulP: up   =     9.28715 down          =     8.71285
              total=    18.00000 ideal(neutral)=    18.00000
<DFT>  Total Spin Moment (muB) =  0.574299809278
<DFT>  Mixing_weight= 0.003048071369
<DFT>  Uele   =  -26.514559338342  dUele     =   0.004906272661
<DFT>  NormRD =    0.001834701789  Criterion =   0.000000010000

******************* MD= 1  SCF=38 *******************
<Poisson>  Poisson's equation using FFT...
<Set_Hamiltonian>  Hamiltonian matrix for VNA+dVH+Vxc...
<Band>  Solving the eigenvalue problem...
 KGrids1:  -0.42857  -0.28571  -0.14286   0.00000   0.14286   0.28572   0.42857 
 KGrids2:  -0.42857  -0.28572  -0.14286  -0.00000   0.14286   0.28571   0.42857 
 KGrids3:  -0.42857  -0.28571  -0.14286   0.00000   0.14286   0.28572   0.42857 
<Band_DFT>  Eigen, time=0.019398
<Band_DFT>  DM, time=0.033149
    1   Ni  MulP   9.2888   8.7112 sum  18.0000 diff   0.5777
 Sum of MulP: up   =     9.28884 down          =     8.71116
              total=    18.00000 ideal(neutral)=    18.00000
<DFT>  Total Spin Moment (muB) =  0.577680265795
<DFT>  Mixing_weight= 0.003048071369
<DFT>  Uele   =  -26.515286280226  dUele     =   0.000726941884
<DFT>  NormRD =    0.001791830799  Criterion =   0.000000010000

******************* MD= 1  SCF=39 *******************
<Poisson>  Poisson's equation using FFT...
<Set_Hamiltonian>  Hamiltonian matrix for VNA+dVH+Vxc...
<Band>  Solving the eigenvalue problem...
 KGrids1:  -0.42857  -0.28571  -0.14286   0.00000   0.14286   0.28572   0.42857 
 KGrids2:  -0.42857  -0.28572  -0.14286  -0.00000   0.14286   0.28571   0.42857 
 KGrids3:  -0.42857  -0.28571  -0.14286   0.00000   0.14286   0.28572   0.42857 
<Band_DFT>  Eigen, time=0.019573
<Band_DFT>  DM, time=0.033165
    1   Ni  MulP   9.3060   8.6940 sum  18.0000 diff   0.6119
 Sum of MulP: up   =     9.30595 down          =     8.69405
              total=    18.00000 ideal(neutral)=    18.00000
<DFT>  Total Spin Moment (muB) =  0.611902758618
<DFT>  Mixing_weight= 0.003048071369
<DFT>  Uele   =  -26.520330812110  dUele     =   0.005044531884
<DFT>  NormRD =    0.001838250920  Criterion =   0.000000010000

******************* MD= 1  SCF=40 *******************
<Poisson>  Poisson's equation using FFT...
<Set_Hamiltonian>  Hamiltonian matrix for VNA+dVH+Vxc...
<Band>  Solving the eigenvalue problem...
 KGrids1:  -0.42857  -0.28571  -0.14286   0.00000   0.14286   0.28572   0.42857 
 KGrids2:  -0.42857  -0.28572  -0.14286  -0.00000   0.14286   0.28571   0.42857 
 KGrids3:  -0.42857  -0.28571  -0.14286   0.00000   0.14286   0.28572   0.42857 
<Band_DFT>  Eigen, time=0.019814
<Band_DFT>  DM, time=0.033191
    1   Ni  MulP   9.3160   8.6840 sum  18.0000 diff   0.6319
 Sum of MulP: up   =     9.31597 down          =     8.68403
              total=    18.00000 ideal(neutral)=    18.00000
<DFT>  Total Spin Moment (muB) =  0.631938932471
<DFT>  Mixing_weight= 0.003048071369
<DFT>  Uele   =  -26.523045785379  dUele     =   0.002714973269
<DFT>  NormRD =    0.001380563742  Criterion =   0.000000010000

******************* MD= 1  SCF=41 *******************
<Poisson>  Poisson's equation using FFT...
<Set_Hamiltonian>  Hamiltonian matrix for VNA+dVH+Vxc...
<Band>  Solving the eigenvalue problem...
 KGrids1:  -0.42857  -0.28571  -0.14286   0.00000   0.14286   0.28572   0.42857 
 KGrids2:  -0.42857  -0.28572  -0.14286  -0.00000   0.14286   0.28571   0.42857 
 KGrids3:  -0.42857  -0.28571  -0.14286   0.00000   0.14286   0.28572   0.42857 
<Band_DFT>  Eigen, time=0.019429
<Band_DFT>  DM, time=0.033617
    1   Ni  MulP   9.3399   8.6601 sum  18.0000 diff   0.6798
 Sum of MulP: up   =     9.33988 down          =     8.66012
              total=    18.00000 ideal(neutral)=    18.00000
<DFT>  Total Spin Moment (muB) =  0.679756321755
<DFT>  Mixing_weight= 0.003048071369
<DFT>  Uele   =  -26.531899964612  dUele     =   0.008854179233
<DFT>  NormRD =    0.001067789169  Criterion =   0.000000010000

******************* MD= 1  SCF=42 *******************
<Poisson>  Poisson's equation using FFT...
<Set_Hamiltonian>  Hamiltonian matrix for VNA+dVH+Vxc...
<Band>  Solving the eigenvalue problem...
 KGrids1:  -0.42857  -0.28571  -0.14286   0.00000   0.14286   0.28572   0.42857 
 KGrids2:  -0.42857  -0.28572  -0.14286  -0.00000   0.14286   0.28571   0.42857 
 KGrids3:  -0.42857  -0.28571  -0.14286   0.00000   0.14286   0.28572   0.42857 
<Band_DFT>  Eigen, time=0.019881
<Band_DFT>  DM, time=0.033156
    1   Ni  MulP   9.3218   8.6782 sum  18.0000 diff   0.6436
 Sum of MulP: up   =     9.32178 down          =     8.67822
              total=    18.00000 ideal(neutral)=    18.00000
<DFT>  Total Spin Moment (muB) =  0.643558654693
<DFT>  Mixing_weight= 0.003048071369
<DFT>  Uele   =  -26.524727572263  dUele     =   0.007172392349
<DFT>  NormRD =    0.001412319925  Criterion =   0.000000010000

******************* MD= 1  SCF=43 *******************
<Poisson>  Poisson's equation using FFT...
<Set_Hamiltonian>  Hamiltonian matrix for VNA+dVH+Vxc...
<Band>  Solving the eigenvalue problem...
 KGrids1:  -0.42857  -0.28571  -0.14286   0.00000   0.14286   0.28572   0.42857 
 KGrids2:  -0.42857  -0.28572  -0.14286  -0.00000   0.14286   0.28571   0.42857 
 KGrids3:  -0.42857  -0.28571  -0.14286   0.00000   0.14286   0.28572   0.42857 
<Band_DFT>  Eigen, time=0.019540
<Band_DFT>  DM, time=0.033215
    1   Ni  MulP   9.3067   8.6933 sum  18.0000 diff   0.6133
 Sum of MulP: up   =     9.30665 down          =     8.69335
              total=    18.00000 ideal(neutral)=    18.00000
<DFT>  Total Spin Moment (muB) =  0.613309341951
<DFT>  Mixing_weight= 0.003048071369
<DFT>  Uele   =  -26.520069701307  dUele     =   0.004657870956
<DFT>  NormRD =    0.000969078853  Criterion =   0.000000010000

******************* MD= 1  SCF=44 *******************
<Poisson>  Poisson's equation using FFT...
<Set_Hamiltonian>  Hamiltonian matrix for VNA+dVH+Vxc...
<Band>  Solving the eigenvalue problem...
 KGrids1:  -0.42857  -0.28571  -0.14286   0.00000   0.14286   0.28572   0.42857 
 KGrids2:  -0.42857  -0.28572  -0.14286  -0.00000   0.14286   0.28571   0.42857 
 KGrids3:  -0.42857  -0.28571  -0.14286   0.00000   0.14286   0.28572   0.42857 
<Band_DFT>  Eigen, time=0.019569
<Band_DFT>  DM, time=0.033148
    1   Ni  MulP   9.3087   8.6913 sum  18.0000 diff   0.6175
 Sum of MulP: up   =     9.30873 down          =     8.69127
              total=    18.00000 ideal(neutral)=    18.00000
<DFT>  Total Spin Moment (muB) =  0.617451818107
<DFT>  Mixing_weight= 0.003048071369
<DFT>  Uele   =  -26.520525898394  dUele     =   0.000456197087
<DFT>  NormRD =    0.001241181961  Criterion =   0.000000010000

******************* MD= 1  SCF=45 *******************
<Poisson>  Poisson's equation using FFT...
<Set_Hamiltonian>  Hamiltonian matrix for VNA+dVH+Vxc...
<Band>  Solving the eigenvalue problem...
 KGrids1:  -0.42857  -0.28571  -0.14286   0.00000   0.14286   0.28572   0.42857 
 KGrids2:  -0.42857  -0.28572  -0.14286  -0.00000   0.14286   0.28571   0.42857 
 KGrids3:  -0.42857  -0.28571  -0.14286   0.00000   0.14286   0.28572   0.42857 
<Band_DFT>  Eigen, time=0.019514
<Band_DFT>  DM, time=0.033257
    1   Ni  MulP   9.3062   8.6938 sum  18.0000 diff   0.6123
 Sum of MulP: up   =     9.30616 down          =     8.69384
              total=    18.00000 ideal(neutral)=    18.00000
<DFT>  Total Spin Moment (muB) =  0.612311980124
<DFT>  Mixing_weight= 0.003048071369
<DFT>  Uele   =  -26.519585182649  dUele     =   0.000940715746
<DFT>  NormRD =    0.001157939101  Criterion =   0.000000010000

******************* MD= 1  SCF=46 *******************
<Poisson>  Poisson's equation using FFT...
<Set_Hamiltonian>  Hamiltonian matrix for VNA+dVH+Vxc...
<Band>  Solving the eigenvalue problem...
 KGrids1:  -0.42857  -0.28571  -0.14286   0.00000   0.14286   0.28572   0.42857 
 KGrids2:  -0.42857  -0.28572  -0.14286  -0.00000   0.14286   0.28571   0.42857 
 KGrids3:  -0.42857  -0.28571  -0.14286   0.00000   0.14286   0.28572   0.42857 
<Band_DFT>  Eigen, time=0.019856
<Band_DFT>  DM, time=0.033211
    1   Ni  MulP   9.3013   8.6987 sum  18.0000 diff   0.6026
 Sum of MulP: up   =     9.30130 down          =     8.69870
              total=    18.00000 ideal(neutral)=    18.00000
<DFT>  Total Spin Moment (muB) =  0.602598018146
<DFT>  Mixing_weight= 0.003048071369
<DFT>  Uele   =  -26.517947876305  dUele     =   0.001637306344
<DFT>  NormRD =    0.001186682493  Criterion =   0.000000010000

******************* MD= 1  SCF=47 *******************
<Poisson>  Poisson's equation using FFT...
<Set_Hamiltonian>  Hamiltonian matrix for VNA+dVH+Vxc...
<Band>  Solving the eigenvalue problem...
 KGrids1:  -0.42857  -0.28571  -0.14286   0.00000   0.14286   0.28572   0.42857 
 KGrids2:  -0.42857  -0.28572  -0.14286  -0.00000   0.14286   0.28571   0.42857 
 KGrids3:  -0.42857  -0.28571  -0.14286   0.00000   0.14286   0.28572   0.42857 
<Band_DFT>  Eigen, time=0.019472
<Band_DFT>  DM, time=0.033128
    1   Ni  MulP   9.3000   8.7000 sum  18.0000 diff   0.5999
 Sum of MulP: up   =     9.29995 down          =     8.70005
              total=    18.00000 ideal(neutral)=    18.00000
<DFT>  Total Spin Moment (muB) =  0.599909720636
<DFT>  Mixing_weight= 0.003048071369
<DFT>  Uele   =  -26.517480966492  dUele     =   0.000466909813
<DFT>  NormRD =    0.001263372495  Criterion =   0.000000010000

******************* MD= 1  SCF=48 *******************
<Poisson>  Poisson's equation using FFT...
<Set_Hamiltonian>  Hamiltonian matrix for VNA+dVH+Vxc...
<Band>  Solving the eigenvalue problem...
 KGrids1:  -0.42857  -0.28571  -0.14286   0.00000   0.14286   0.28572   0.42857 
 KGrids2:  -0.42857  -0.28572  -0.14286  -0.00000   0.14286   0.28571   0.42857 
 KGrids3:  -0.42857  -0.28571  -0.14286   0.00000   0.14286   0.28572   0.42857 
<Band_DFT>  Eigen, time=0.019522
<Band_DFT>  DM, time=0.033371
    1   Ni  MulP   9.2995   8.7005 sum  18.0000 diff   0.5989
 Sum of MulP: up   =     9.29946 down          =     8.70054
              total=    18.00000 ideal(neutral)=    18.00000
<DFT>  Total Spin Moment (muB) =  0.598929388861
<DFT>  Mixing_weight= 0.003048071369
<DFT>  Uele   =  -26.517316704409  dUele     =   0.000164262083
<DFT>  NormRD =    0.001280875605  Criterion =   0.000000010000

******************* MD= 1  SCF=49 *******************
<Poisson>  Poisson's equation using FFT...
<Set_Hamiltonian>  Hamiltonian matrix for VNA+dVH+Vxc...
<Band>  Solving the eigenvalue problem...
 KGrids1:  -0.42857  -0.28571  -0.14286   0.00000   0.14286   0.28572   0.42857 
 KGrids2:  -0.42857  -0.28572  -0.14286  -0.00000   0.14286   0.28571   0.42857 
 KGrids3:  -0.42857  -0.28571  -0.14286   0.00000   0.14286   0.28572   0.42857 
<Band_DFT>  Eigen, time=0.019865
<Band_DFT>  DM, time=0.033182
    1   Ni  MulP   9.2992   8.7008 sum  18.0000 diff   0.5984
 Sum of MulP: up   =     9.29922 down          =     8.70078
              total=    18.00000 ideal(neutral)=    18.00000
<DFT>  Total Spin Moment (muB) =  0.598430774752
<DFT>  Mixing_weight= 0.003048071369
<DFT>  Uele   =  -26.517241182173  dUele     =   0.000075522235
<DFT>  NormRD =    0.001288134135  Criterion =   0.000000010000

******************* MD= 1  SCF=50 *******************
<Poisson>  Poisson's equation using FFT...
<Set_Hamiltonian>  Hamiltonian matrix for VNA+dVH+Vxc...
<Band>  Solving the eigenvalue problem...
 KGrids1:  -0.42857  -0.28571  -0.14286   0.00000   0.14286   0.28572   0.42857 
 KGrids2:  -0.42857  -0.28572  -0.14286  -0.00000   0.14286   0.28571   0.42857 
 KGrids3:  -0.42857  -0.28571  -0.14286   0.00000   0.14286   0.28572   0.42857 
<Band_DFT>  Eigen, time=0.019809
<Band_DFT>  DM, time=0.033315
    1   Ni  MulP   9.2975   8.7025 sum  18.0000 diff   0.5951
 Sum of MulP: up   =     9.29754 down          =     8.70246
              total=    18.00000 ideal(neutral)=    18.00000
<DFT>  Total Spin Moment (muB) =  0.595088500762
<DFT>  Mixing_weight= 0.003048071369
<DFT>  Uele   =  -26.516647943262  dUele     =   0.000593238912
<DFT>  NormRD =    0.001293188456  Criterion =   0.000000010000

******************* MD= 1  SCF=51 *******************
<Poisson>  Poisson's equation using FFT...
<Set_Hamiltonian>  Hamiltonian matrix for VNA+dVH+Vxc...
<Band>  Solving the eigenvalue problem...
 KGrids1:  -0.42857  -0.28571  -0.14286   0.00000   0.14286   0.28572   0.42857 
 KGrids2:  -0.42857  -0.28572  -0.14286  -0.00000   0.14286   0.28571   0.42857 
 KGrids3:  -0.42857  -0.28571  -0.14286   0.00000   0.14286   0.28572   0.42857 
<Band_DFT>  Eigen, time=0.019665
<Band_DFT>  DM, time=0.033334
    1   Ni  MulP   9.2980   8.7020 sum  18.0000 diff   0.5961
 Sum of MulP: up   =     9.29805 down          =     8.70195
              total=    18.00000 ideal(neutral)=    18.00000
<DFT>  Total Spin Moment (muB) =  0.596090297730
<DFT>  Mixing_weight= 0.003048071369
<DFT>  Uele   =  -26.516817695696  dUele     =   0.000169752435
<DFT>  NormRD =    0.001312313312  Criterion =   0.000000010000

******************* MD= 1  SCF=52 *******************
<Poisson>  Poisson's equation using FFT...
<Set_Hamiltonian>  Hamiltonian matrix for VNA+dVH+Vxc...
<Band>  Solving the eigenvalue problem...
 KGrids1:  -0.42857  -0.28571  -0.14286   0.00000   0.14286   0.28572   0.42857 
 KGrids2:  -0.42857  -0.28572  -0.14286  -0.00000   0.14286   0.28571   0.42857 
 KGrids3:  -0.42857  -0.28571  -0.14286   0.00000   0.14286   0.28572   0.42857 
<Band_DFT>  Eigen, time=0.019464
<Band_DFT>  DM, time=0.033168
    1   Ni  MulP   9.3000   8.7000 sum  18.0000 diff   0.6000
 Sum of MulP: up   =     9.30001 down          =     8.69999
              total=    18.00000 ideal(neutral)=    18.00000
<DFT>  Total Spin Moment (muB) =  0.600020666182
<DFT>  Mixing_weight= 0.003048071369
<DFT>  Uele   =  -26.517413397254  dUele     =   0.000595701558
<DFT>  NormRD =    0.001305722986  Criterion =   0.000000010000

******************* MD= 1  SCF=53 *******************
<Poisson>  Poisson's equation using FFT...
<Set_Hamiltonian>  Hamiltonian matrix for VNA+dVH+Vxc...
<Band>  Solving the eigenvalue problem...
 KGrids1:  -0.42857  -0.28571  -0.14286   0.00000   0.14286   0.28572   0.42857 
 KGrids2:  -0.42857  -0.28572  -0.14286  -0.00000   0.14286   0.28571   0.42857 
 KGrids3:  -0.42857  -0.28571  -0.14286   0.00000   0.14286   0.28572   0.42857 
<Band_DFT>  Eigen, time=0.019698
<Band_DFT>  DM, time=0.033146
    1   Ni  MulP   9.3025   8.6975 sum  18.0000 diff   0.6050
 Sum of MulP: up   =     9.30250 down          =     8.69750
              total=    18.00000 ideal(neutral)=    18.00000
<DFT>  Total Spin Moment (muB) =  0.604991239629
<DFT>  Mixing_weight= 0.003048071369
<DFT>  Uele   =  -26.518370319586  dUele     =   0.000956922332
<DFT>  NormRD =    0.001264924516  Criterion =   0.000000010000

******************* MD= 1  SCF=54 *******************
<Poisson>  Poisson's equation using FFT...
<Set_Hamiltonian>  Hamiltonian matrix for VNA+dVH+Vxc...
<Band>  Solving the eigenvalue problem...
 KGrids1:  -0.42857  -0.28571  -0.14286   0.00000   0.14286   0.28572   0.42857 
 KGrids2:  -0.42857  -0.28572  -0.14286  -0.00000   0.14286   0.28571   0.42857 
 KGrids3:  -0.42857  -0.28571  -0.14286   0.00000   0.14286   0.28572   0.42857 
<Band_DFT>  Eigen, time=0.019538
<Band_DFT>  DM, time=0.033147
    1   Ni  MulP   9.2968   8.7032 sum  18.0000 diff   0.5936
 Sum of MulP: up   =     9.29680 down          =     8.70320
              total=    18.00000 ideal(neutral)=    18.00000
<DFT>  Total Spin Moment (muB) =  0.593609601152
<DFT>  Mixing_weight= 0.003048071369
<DFT>  Uele   =  -26.516616429457  dUele     =   0.001753890129
<DFT>  NormRD =    0.001246576338  Criterion =   0.000000010000

******************* MD= 1  SCF=55 *******************
<Poisson>  Poisson's equation using FFT...
<Set_Hamiltonian>  Hamiltonian matrix for VNA+dVH+Vxc...
<Band>  Solving the eigenvalue problem...
 KGrids1:  -0.42857  -0.28571  -0.14286   0.00000   0.14286   0.28572   0.42857 
 KGrids2:  -0.42857  -0.28572  -0.14286  -0.00000   0.14286   0.28571   0.42857 
 KGrids3:  -0.42857  -0.28571  -0.14286   0.00000   0.14286   0.28572   0.42857 
<Band_DFT>  Eigen, time=0.019528
<Band_DFT>  DM, time=0.033155
    1   Ni  MulP   9.2401   8.7599 sum  18.0000 diff   0.4801
 Sum of MulP: up   =     9.24006 down          =     8.75994
              total=    18.00000 ideal(neutral)=    18.00000
<DFT>  Total Spin Moment (muB) =  0.480120177496
<DFT>  Mixing_weight= 0.003048071369
<DFT>  Uele   =  -26.499072618426  dUele     =   0.017543811031
<DFT>  NormRD =    0.001361123451  Criterion =   0.000000010000

******************* MD= 1  SCF=56 *******************
<Poisson>  Poisson's equation using FFT...
<Set_Hamiltonian>  Hamiltonian matrix for VNA+dVH+Vxc...
<Band>  Solving the eigenvalue problem...
 KGrids1:  -0.42857  -0.28571  -0.14286   0.00000   0.14286   0.28572   0.42857 
 KGrids2:  -0.42857  -0.28572  -0.14286  -0.00000   0.14286   0.28571   0.42857 
 KGrids3:  -0.42857  -0.28571  -0.14286   0.00000   0.14286   0.28572   0.42857 
<Band_DFT>  Eigen, time=0.019732
<Band_DFT>  DM, time=0.033341
    1   Ni  MulP   9.3006   8.6994 sum  18.0000 diff   0.6012
 Sum of MulP: up   =     9.30058 down          =     8.69942
              total=    18.00000 ideal(neutral)=    18.00000
<DFT>  Total Spin Moment (muB) =  0.601150004932
<DFT>  Mixing_weight= 0.003048071369
<DFT>  Uele   =  -26.517653231406  dUele     =   0.018580612980
<DFT>  NormRD =    0.002142711511  Criterion =   0.000000010000

******************* MD= 1  SCF=57 *******************
<Poisson>  Poisson's equation using FFT...
<Set_Hamiltonian>  Hamiltonian matrix for VNA+dVH+Vxc...
<Band>  Solving the eigenvalue problem...
 KGrids1:  -0.42857  -0.28571  -0.14286   0.00000   0.14286   0.28572   0.42857 
 KGrids2:  -0.42857  -0.28572  -0.14286  -0.00000   0.14286   0.28571   0.42857 
 KGrids3:  -0.42857  -0.28571  -0.14286   0.00000   0.14286   0.28572   0.42857 
<Band_DFT>  Eigen, time=0.019619
<Band_DFT>  DM, time=0.033193
    1   Ni  MulP   9.3105   8.6895 sum  18.0000 diff   0.6209
 Sum of MulP: up   =     9.31047 down          =     8.68953
              total=    18.00000 ideal(neutral)=    18.00000
<DFT>  Total Spin Moment (muB) =  0.620945207539
<DFT>  Mixing_weight= 0.003048071369
<DFT>  Uele   =  -26.520797559244  dUele     =   0.003144327837
<DFT>  NormRD =    0.001274358696  Criterion =   0.000000010000

******************* MD= 1  SCF=58 *******************
<Poisson>  Poisson's equation using FFT...
<Set_Hamiltonian>  Hamiltonian matrix for VNA+dVH+Vxc...
<Band>  Solving the eigenvalue problem...
 KGrids1:  -0.42857  -0.28571  -0.14286   0.00000   0.14286   0.28572   0.42857 
 KGrids2:  -0.42857  -0.28572  -0.14286  -0.00000   0.14286   0.28571   0.42857 
 KGrids3:  -0.42857  -0.28571  -0.14286   0.00000   0.14286   0.28572   0.42857 
<Band_DFT>  Eigen, time=0.019645
<Band_DFT>  DM, time=0.033209
    1   Ni  MulP   9.3367   8.6633 sum  18.0000 diff   0.6734
 Sum of MulP: up   =     9.33670 down          =     8.66330
              total=    18.00000 ideal(neutral)=    18.00000
<DFT>  Total Spin Moment (muB) =  0.673398718322
<DFT>  Mixing_weight= 0.003048071369
<DFT>  Uele   =  -26.529991708697  dUele     =   0.009194149453
<DFT>  NormRD =    0.001099062759  Criterion =   0.000000010000

******************* MD= 1  SCF=59 *******************
<Poisson>  Poisson's equation using FFT...
<Set_Hamiltonian>  Hamiltonian matrix for VNA+dVH+Vxc...
<Band>  Solving the eigenvalue problem...
 KGrids1:  -0.42857  -0.28571  -0.14286   0.00000   0.14286   0.28572   0.42857 
 KGrids2:  -0.42857  -0.28572  -0.14286  -0.00000   0.14286   0.28571   0.42857 
 KGrids3:  -0.42857  -0.28571  -0.14286   0.00000   0.14286   0.28572   0.42857 
<Band_DFT>  Eigen, time=0.020040
<Band_DFT>  DM, time=0.033405
    1   Ni  MulP   9.3473   8.6527 sum  18.0000 diff   0.6947
 Sum of MulP: up   =     9.34733 down          =     8.65267
              total=    18.00000 ideal(neutral)=    18.00000
<DFT>  Total Spin Moment (muB) =  0.694669674256
<DFT>  Mixing_weight= 0.003048071369
<DFT>  Uele   =  -26.536452942005  dUele     =   0.006461233308
<DFT>  NormRD =    0.001209207949  Criterion =   0.000000010000

******************* MD= 1  SCF=60 *******************
<Poisson>  Poisson's equation using FFT...
<Set_Hamiltonian>  Hamiltonian matrix for VNA+dVH+Vxc...
<Band>  Solving the eigenvalue problem...
 KGrids1:  -0.42857  -0.28571  -0.14286   0.00000   0.14286   0.28572   0.42857 
 KGrids2:  -0.42857  -0.28572  -0.14286  -0.00000   0.14286   0.28571   0.42857 
 KGrids3:  -0.42857  -0.28571  -0.14286   0.00000   0.14286   0.28572   0.42857 
<Band_DFT>  Eigen, time=0.019239
<Band_DFT>  DM, time=0.033134
    1   Ni  MulP   9.3438   8.6562 sum  18.0000 diff   0.6875
 Sum of MulP: up   =     9.34377 down          =     8.65623
              total=    18.00000 ideal(neutral)=    18.00000
<DFT>  Total Spin Moment (muB) =  0.687547396353
<DFT>  Mixing_weight= 0.003048071369
<DFT>  Uele   =  -26.533821819236  dUele     =   0.002631122769
<DFT>  NormRD =    0.002651298011  Criterion =   0.000000010000

******************* MD= 1  SCF=61 *******************
<Poisson>  Poisson's equation using FFT...
<Set_Hamiltonian>  Hamiltonian matrix for VNA+dVH+Vxc...
<Band>  Solving the eigenvalue problem...
 KGrids1:  -0.42857  -0.28571  -0.14286   0.00000   0.14286   0.28572   0.42857 
 KGrids2:  -0.42857  -0.28572  -0.14286  -0.00000   0.14286   0.28571   0.42857 
 KGrids3:  -0.42857  -0.28571  -0.14286   0.00000   0.14286   0.28572   0.42857 
<Band_DFT>  Eigen, time=0.019493
<Band_DFT>  DM, time=0.033228
    1   Ni  MulP   9.3444   8.6556 sum  18.0000 diff   0.6888
 Sum of MulP: up   =     9.34440 down          =     8.65560
              total=    18.00000 ideal(neutral)=    18.00000
<DFT>  Total Spin Moment (muB) =  0.688796866579
<DFT>  Mixing_weight= 0.003048071369
<DFT>  Uele   =  -26.534325019701  dUele     =   0.000503200466
<DFT>  NormRD =    0.001836198140  Criterion =   0.000000010000

******************* MD= 1  SCF=62 *******************
<Poisson>  Poisson's equation using FFT...
<Set_Hamiltonian>  Hamiltonian matrix for VNA+dVH+Vxc...
<Band>  Solving the eigenvalue problem...
 KGrids1:  -0.42857  -0.28571  -0.14286   0.00000   0.14286   0.28572   0.42857 
 KGrids2:  -0.42857  -0.28572  -0.14286  -0.00000   0.14286   0.28571   0.42857 
 KGrids3:  -0.42857  -0.28571  -0.14286   0.00000   0.14286   0.28572   0.42857 
<Band_DFT>  Eigen, time=0.019428
<Band_DFT>  DM, time=0.033192
    1   Ni  MulP   9.3505   8.6495 sum  18.0000 diff   0.7011
 Sum of MulP: up   =     9.35053 down          =     8.64947
              total=    18.00000 ideal(neutral)=    18.00000
<DFT>  Total Spin Moment (muB) =  0.701050312721
<DFT>  Mixing_weight= 0.003048071369
<DFT>  Uele   =  -26.541076674636  dUele     =   0.006751654934
<DFT>  NormRD =    0.001954582700  Criterion =   0.000000010000

******************* MD= 1  SCF=63 *******************
<Poisson>  Poisson's equation using FFT...
<Set_Hamiltonian>  Hamiltonian matrix for VNA+dVH+Vxc...
<Band>  Solving the eigenvalue problem...
 KGrids1:  -0.42857  -0.28571  -0.14286   0.00000   0.14286   0.28572   0.42857 
 KGrids2:  -0.42857  -0.28572  -0.14286  -0.00000   0.14286   0.28571   0.42857 
 KGrids3:  -0.42857  -0.28571  -0.14286   0.00000   0.14286   0.28572   0.42857 
<Band_DFT>  Eigen, time=0.019475
<Band_DFT>  DM, time=0.033170
    1   Ni  MulP   9.3508   8.6492 sum  18.0000 diff   0.7016
 Sum of MulP: up   =     9.35081 down          =     8.64919
              total=    18.00000 ideal(neutral)=    18.00000
<DFT>  Total Spin Moment (muB) =  0.701621623965
<DFT>  Mixing_weight= 0.003048071369
<DFT>  Uele   =  -26.541631390220  dUele     =   0.000554715585
<DFT>  NormRD =    0.004536875526  Criterion =   0.000000010000

******************* MD= 1  SCF=64 *******************
<Poisson>  Poisson's equation using FFT...
<Set_Hamiltonian>  Hamiltonian matrix for VNA+dVH+Vxc...
<Band>  Solving the eigenvalue problem...
 KGrids1:  -0.42857  -0.28571  -0.14286   0.00000   0.14286   0.28572   0.42857 
 KGrids2:  -0.42857  -0.28572  -0.14286  -0.00000   0.14286   0.28571   0.42857 
 KGrids3:  -0.42857  -0.28571  -0.14286   0.00000   0.14286   0.28572   0.42857 
<Band_DFT>  Eigen, time=0.019629
<Band_DFT>  DM, time=0.033197
    1   Ni  MulP   9.3479   8.6521 sum  18.0000 diff   0.6959
 Sum of MulP: up   =     9.34794 down          =     8.65206
              total=    18.00000 ideal(neutral)=    18.00000
<DFT>  Total Spin Moment (muB) =  0.695872320156
<DFT>  Mixing_weight= 0.003048071369
<DFT>  Uele   =  -26.537379378605  dUele     =   0.004252011616
<DFT>  NormRD =    0.004808374192  Criterion =   0.000000010000

******************* MD= 1  SCF=65 *******************
<Poisson>  Poisson's equation using FFT...
<Set_Hamiltonian>  Hamiltonian matrix for VNA+dVH+Vxc...
<Band>  Solving the eigenvalue problem...
 KGrids1:  -0.42857  -0.28571  -0.14286   0.00000   0.14286   0.28572   0.42857 
 KGrids2:  -0.42857  -0.28572  -0.14286  -0.00000   0.14286   0.28571   0.42857 
 KGrids3:  -0.42857  -0.28571  -0.14286   0.00000   0.14286   0.28572   0.42857 
<Band_DFT>  Eigen, time=0.019414
<Band_DFT>  DM, time=0.033123
    1   Ni  MulP   9.3449   8.6551 sum  18.0000 diff   0.6898
 Sum of MulP: up   =     9.34490 down          =     8.65510
              total=    18.00000 ideal(neutral)=    18.00000
<DFT>  Total Spin Moment (muB) =  0.689803521081
<DFT>  Mixing_weight= 0.003048071369
<DFT>  Uele   =  -26.534639785177  dUele     =   0.002739593428
<DFT>  NormRD =    0.002942078022  Criterion =   0.000000010000

******************* MD= 1  SCF=66 *******************
<Poisson>  Poisson's equation using FFT...
<Set_Hamiltonian>  Hamiltonian matrix for VNA+dVH+Vxc...
<Band>  Solving the eigenvalue problem...
 KGrids1:  -0.42857  -0.28571  -0.14286   0.00000   0.14286   0.28572   0.42857 
 KGrids2:  -0.42857  -0.28572  -0.14286  -0.00000   0.14286   0.28571   0.42857 
 KGrids3:  -0.42857  -0.28571  -0.14286   0.00000   0.14286   0.28572   0.42857 
<Band_DFT>  Eigen, time=0.019499
<Band_DFT>  DM, time=0.033198
    1   Ni  MulP   9.3453   8.6547 sum  18.0000 diff   0.6906
 Sum of MulP: up   =     9.34529 down          =     8.65471
              total=    18.00000 ideal(neutral)=    18.00000
<DFT>  Total Spin Moment (muB) =  0.690581645582
<DFT>  Mixing_weight= 0.003048071369
<DFT>  Uele   =  -26.534876202456  dUele     =   0.000236417279
<DFT>  NormRD =    0.002046955288  Criterion =   0.000000010000

******************* MD= 1  SCF=67 *******************
<Poisson>  Poisson's equation using FFT...
<Set_Hamiltonian>  Hamiltonian matrix for VNA+dVH+Vxc...
<Band>  Solving the eigenvalue problem...
 KGrids1:  -0.42857  -0.28571  -0.14286   0.00000   0.14286   0.28572   0.42857 
 KGrids2:  -0.42857  -0.28572  -0.14286  -0.00000   0.14286   0.28571   0.42857 
 KGrids3:  -0.42857  -0.28571  -0.14286   0.00000   0.14286   0.28572   0.42857 
<Band_DFT>  Eigen, time=0.019726
<Band_DFT>  DM, time=0.033166
    1   Ni  MulP   9.3452   8.6548 sum  18.0000 diff   0.6905
 Sum of MulP: up   =     9.34524 down          =     8.65476
              total=    18.00000 ideal(neutral)=    18.00000
<DFT>  Total Spin Moment (muB) =  0.690482016797
<DFT>  Mixing_weight= 0.003048071369
<DFT>  Uele   =  -26.534829939659  dUele     =   0.000046262797
<DFT>  NormRD =    0.002120019683  Criterion =   0.000000010000

******************* MD= 1  SCF=68 *******************
<Poisson>  Poisson's equation using FFT...
<Set_Hamiltonian>  Hamiltonian matrix for VNA+dVH+Vxc...
<Band>  Solving the eigenvalue problem...
 KGrids1:  -0.42857  -0.28571  -0.14286   0.00000   0.14286   0.28572   0.42857 
 KGrids2:  -0.42857  -0.28572  -0.14286  -0.00000   0.14286   0.28571   0.42857 
 KGrids3:  -0.42857  -0.28571  -0.14286   0.00000   0.14286   0.28572   0.42857 
<Band_DFT>  Eigen, time=0.019484
<Band_DFT>  DM, time=0.033261
    1   Ni  MulP   9.3453   8.6547 sum  18.0000 diff   0.6906
 Sum of MulP: up   =     9.34529 down          =     8.65471
              total=    18.00000 ideal(neutral)=    18.00000
<DFT>  Total Spin Moment (muB) =  0.690587042743
<DFT>  Mixing_weight= 0.003048071369
<DFT>  Uele   =  -26.534869968177  dUele     =   0.000040028519
<DFT>  NormRD =    0.002107866422  Criterion =   0.000000010000

******************* MD= 1  SCF=69 *******************
<Poisson>  Poisson's equation using FFT...
<Set_Hamiltonian>  Hamiltonian matrix for VNA+dVH+Vxc...
<Band>  Solving the eigenvalue problem...
 KGrids1:  -0.42857  -0.28571  -0.14286   0.00000   0.14286   0.28572   0.42857 
 KGrids2:  -0.42857  -0.28572  -0.14286  -0.00000   0.14286   0.28571   0.42857 
 KGrids3:  -0.42857  -0.28571  -0.14286   0.00000   0.14286   0.28572   0.42857 
<Band_DFT>  Eigen, time=0.020311
<Band_DFT>  DM, time=0.033208
    1   Ni  MulP   9.3452   8.6548 sum  18.0000 diff   0.6904
 Sum of MulP: up   =     9.34521 down          =     8.65479
              total=    18.00000 ideal(neutral)=    18.00000
<DFT>  Total Spin Moment (muB) =  0.690410395259
<DFT>  Mixing_weight= 0.003048071369
<DFT>  Uele   =  -26.534803884786  dUele     =   0.000066083391
<DFT>  NormRD =    0.002119467019  Criterion =   0.000000010000

******************* MD= 1  SCF=70 *******************
<Poisson>  Poisson's equation using FFT...
<Set_Hamiltonian>  Hamiltonian matrix for VNA+dVH+Vxc...
<Band>  Solving the eigenvalue problem...
 KGrids1:  -0.42857  -0.28571  -0.14286   0.00000   0.14286   0.28572   0.42857 
 KGrids2:  -0.42857  -0.28572  -0.14286  -0.00000   0.14286   0.28571   0.42857 
 KGrids3:  -0.42857  -0.28571  -0.14286   0.00000   0.14286   0.28572   0.42857 
<Band_DFT>  Eigen, time=0.019376
<Band_DFT>  DM, time=0.033508
    1   Ni  MulP   9.3454   8.6546 sum  18.0000 diff   0.6908
 Sum of MulP: up   =     9.34540 down          =     8.65460
              total=    18.00000 ideal(neutral)=    18.00000
<DFT>  Total Spin Moment (muB) =  0.690796899914
<DFT>  Mixing_weight= 0.003048071369
<DFT>  Uele   =  -26.534953886053  dUele     =   0.000150001266
<DFT>  NormRD =    0.002100549841  Criterion =   0.000000010000

******************* MD= 1  SCF=71 *******************
<Poisson>  Poisson's equation using FFT...
<Set_Hamiltonian>  Hamiltonian matrix for VNA+dVH+Vxc...
<Band>  Solving the eigenvalue problem...
 KGrids1:  -0.42857  -0.28571  -0.14286   0.00000   0.14286   0.28572   0.42857 
 KGrids2:  -0.42857  -0.28572  -0.14286  -0.00000   0.14286   0.28571   0.42857 
 KGrids3:  -0.42857  -0.28571  -0.14286   0.00000   0.14286   0.28572   0.42857 
<Band_DFT>  Eigen, time=0.019890
<Band_DFT>  DM, time=0.033197
    1   Ni  MulP   9.3452   8.6548 sum  18.0000 diff   0.6904
 Sum of MulP: up   =     9.34519 down          =     8.65481
              total=    18.00000 ideal(neutral)=    18.00000
<DFT>  Total Spin Moment (muB) =  0.690388859427
<DFT>  Mixing_weight= 0.003048071369
<DFT>  Uele   =  -26.534789612034  dUele     =   0.000164274019
<DFT>  NormRD =    0.002143575273  Criterion =   0.000000010000

******************* MD= 1  SCF=72 *******************
<Poisson>  Poisson's equation using FFT...
<Set_Hamiltonian>  Hamiltonian matrix for VNA+dVH+Vxc...
<Band>  Solving the eigenvalue problem...
 KGrids1:  -0.42857  -0.28571  -0.14286   0.00000   0.14286   0.28572   0.42857 
 KGrids2:  -0.42857  -0.28572  -0.14286  -0.00000   0.14286   0.28571   0.42857 
 KGrids3:  -0.42857  -0.28571  -0.14286   0.00000   0.14286   0.28572   0.42857 
<Band_DFT>  Eigen, time=0.019439
<Band_DFT>  DM, time=0.033186
    1   Ni  MulP   9.3451   8.6549 sum  18.0000 diff   0.6902
 Sum of MulP: up   =     9.34508 down          =     8.65492
              total=    18.00000 ideal(neutral)=    18.00000
<DFT>  Total Spin Moment (muB) =  0.690156377118
<DFT>  Mixing_weight= 0.003048071369
<DFT>  Uele   =  -26.534692137706  dUele     =   0.000097474328
<DFT>  NormRD =    0.002097325265  Criterion =   0.000000010000

******************* MD= 1  SCF=73 *******************
<Poisson>  Poisson's equation using FFT...
<Set_Hamiltonian>  Hamiltonian matrix for VNA+dVH+Vxc...
<Band>  Solving the eigenvalue problem...
 KGrids1:  -0.42857  -0.28571  -0.14286   0.00000   0.14286   0.28572   0.42857 
 KGrids2:  -0.42857  -0.28572  -0.14286  -0.00000   0.14286   0.28571   0.42857 
 KGrids3:  -0.42857  -0.28571  -0.14286   0.00000   0.14286   0.28572   0.42857 
<Band_DFT>  Eigen, time=0.019560
<Band_DFT>  DM, time=0.033245
    1   Ni  MulP   9.3404   8.6596 sum  18.0000 diff   0.6808
 Sum of MulP: up   =     9.34038 down          =     8.65962
              total=    18.00000 ideal(neutral)=    18.00000
<DFT>  Total Spin Moment (muB) =  0.680750107785
<DFT>  Mixing_weight= 0.003048071369
<DFT>  Uele   =  -26.531734941528  dUele     =   0.002957196178
<DFT>  NormRD =    0.002071029220  Criterion =   0.000000010000

******************* MD= 1  SCF=74 *******************
<Poisson>  Poisson's equation using FFT...
<Set_Hamiltonian>  Hamiltonian matrix for VNA+dVH+Vxc...
<Band>  Solving the eigenvalue problem...
 KGrids1:  -0.42857  -0.28571  -0.14286   0.00000   0.14286   0.28572   0.42857 
 KGrids2:  -0.42857  -0.28572  -0.14286  -0.00000   0.14286   0.28571   0.42857 
 KGrids3:  -0.42857  -0.28571  -0.14286   0.00000   0.14286   0.28572   0.42857 
<Band_DFT>  Eigen, time=0.019440
<Band_DFT>  DM, time=0.033141
    1   Ni  MulP   9.3379   8.6621 sum  18.0000 diff   0.6758
 Sum of MulP: up   =     9.33788 down          =     8.66212
              total=    18.00000 ideal(neutral)=    18.00000
<DFT>  Total Spin Moment (muB) =  0.675764956827
<DFT>  Mixing_weight= 0.003048071369
<DFT>  Uele   =  -26.530491863316  dUele     =   0.001243078212
<DFT>  NormRD =    0.001422918316  Criterion =   0.000000010000

******************* MD= 1  SCF=75 *******************
<Poisson>  Poisson's equation using FFT...
<Set_Hamiltonian>  Hamiltonian matrix for VNA+dVH+Vxc...
<Band>  Solving the eigenvalue problem...
 KGrids1:  -0.42857  -0.28571  -0.14286   0.00000   0.14286   0.28572   0.42857 
 KGrids2:  -0.42857  -0.28572  -0.14286  -0.00000   0.14286   0.28571   0.42857 
 KGrids3:  -0.42857  -0.28571  -0.14286   0.00000   0.14286   0.28572   0.42857 
<Band_DFT>  Eigen, time=0.019476
<Band_DFT>  DM, time=0.033173
    1   Ni  MulP   9.3316   8.6684 sum  18.0000 diff   0.6632
 Sum of MulP: up   =     9.33160 down          =     8.66840
              total=    18.00000 ideal(neutral)=    18.00000
<DFT>  Total Spin Moment (muB) =  0.663204986158
<DFT>  Mixing_weight= 0.003048071369
<DFT>  Uele   =  -26.527799051416  dUele     =   0.002692811901
<DFT>  NormRD =    0.001249486939  Criterion =   0.000000010000

******************* MD= 1  SCF=76 *******************
<Poisson>  Poisson's equation using FFT...
<Set_Hamiltonian>  Hamiltonian matrix for VNA+dVH+Vxc...
<Band>  Solving the eigenvalue problem...
 KGrids1:  -0.42857  -0.28571  -0.14286   0.00000   0.14286   0.28572   0.42857 
 KGrids2:  -0.42857  -0.28572  -0.14286  -0.00000   0.14286   0.28571   0.42857 
 KGrids3:  -0.42857  -0.28571  -0.14286   0.00000   0.14286   0.28572   0.42857 
<Band_DFT>  Eigen, time=0.019822
<Band_DFT>  DM, time=0.033156
    1   Ni  MulP   9.2335   8.7665 sum  18.0000 diff   0.4669
 Sum of MulP: up   =     9.23347 down          =     8.76653
              total=    18.00000 ideal(neutral)=    18.00000
<DFT>  Total Spin Moment (muB) =  0.466938421750
<DFT>  Mixing_weight= 0.003048071369
<DFT>  Uele   =  -26.496781682238  dUele     =   0.031017369177
<DFT>  NormRD =    0.001031270897  Criterion =   0.000000010000

******************* MD= 1  SCF=77 *******************
<Poisson>  Poisson's equation using FFT...
<Set_Hamiltonian>  Hamiltonian matrix for VNA+dVH+Vxc...
<Band>  Solving the eigenvalue problem...
 KGrids1:  -0.42857  -0.28571  -0.14286   0.00000   0.14286   0.28572   0.42857 
 KGrids2:  -0.42857  -0.28572  -0.14286  -0.00000   0.14286   0.28571   0.42857 
 KGrids3:  -0.42857  -0.28571  -0.14286   0.00000   0.14286   0.28572   0.42857 
<Band_DFT>  Eigen, time=0.019575
<Band_DFT>  DM, time=0.033216
    1   Ni  MulP   9.2804   8.7196 sum  18.0000 diff   0.5608
 Sum of MulP: up   =     9.28042 down          =     8.71958
              total=    18.00000 ideal(neutral)=    18.00000
<DFT>  Total Spin Moment (muB) =  0.560849347548
<DFT>  Mixing_weight= 0.003048071369
<DFT>  Uele   =  -26.511528267111  dUele     =   0.014746584872
<DFT>  NormRD =    0.002133551282  Criterion =   0.000000010000

******************* MD= 1  SCF=78 *******************
<Poisson>  Poisson's equation using FFT...
<Set_Hamiltonian>  Hamiltonian matrix for VNA+dVH+Vxc...
<Band>  Solving the eigenvalue problem...
 KGrids1:  -0.42857  -0.28571  -0.14286   0.00000   0.14286   0.28572   0.42857 
 KGrids2:  -0.42857  -0.28572  -0.14286  -0.00000   0.14286   0.28571   0.42857 
 KGrids3:  -0.42857  -0.28571  -0.14286   0.00000   0.14286   0.28572   0.42857 
<Band_DFT>  Eigen, time=0.019448
<Band_DFT>  DM, time=0.033445
    1   Ni  MulP   9.2446   8.7554 sum  18.0000 diff   0.4892
 Sum of MulP: up   =     9.24462 down          =     8.75538
              total=    18.00000 ideal(neutral)=    18.00000
<DFT>  Total Spin Moment (muB) =  0.489237711726
<DFT>  Mixing_weight= 0.003048071369
<DFT>  Uele   =  -26.501291428357  dUele     =   0.010236838754
<DFT>  NormRD =    0.001621878047  Criterion =   0.000000010000

******************* MD= 1  SCF=79 *******************
<Poisson>  Poisson's equation using FFT...
<Set_Hamiltonian>  Hamiltonian matrix for VNA+dVH+Vxc...
<Band>  Solving the eigenvalue problem...
 KGrids1:  -0.42857  -0.28571  -0.14286   0.00000   0.14286   0.28572   0.42857 
 KGrids2:  -0.42857  -0.28572  -0.14286  -0.00000   0.14286   0.28571   0.42857 
 KGrids3:  -0.42857  -0.28571  -0.14286   0.00000   0.14286   0.28572   0.42857 
<Band_DFT>  Eigen, time=0.019642
<Band_DFT>  DM, time=0.033166
    1   Ni  MulP   9.2602   8.7398 sum  18.0000 diff   0.5204
 Sum of MulP: up   =     9.26021 down          =     8.73979
              total=    18.00000 ideal(neutral)=    18.00000
<DFT>  Total Spin Moment (muB) =  0.520424112290
<DFT>  Mixing_weight= 0.003048071369
<DFT>  Uele   =  -26.505805142259  dUele     =   0.004513713902
<DFT>  NormRD =    0.002203584899  Criterion =   0.000000010000

******************* MD= 1  SCF=80 *******************
<Poisson>  Poisson's equation using FFT...
<Set_Hamiltonian>  Hamiltonian matrix for VNA+dVH+Vxc...
<Band>  Solving the eigenvalue problem...
 KGrids1:  -0.42857  -0.28571  -0.14286   0.00000   0.14286   0.28572   0.42857 
 KGrids2:  -0.42857  -0.28572  -0.14286  -0.00000   0.14286   0.28571   0.42857 
 KGrids3:  -0.42857  -0.28571  -0.14286   0.00000   0.14286   0.28572   0.42857 
<Band_DFT>  Eigen, time=0.020133
<Band_DFT>  DM, time=0.033163
    1   Ni  MulP   9.2389   8.7611 sum  18.0000 diff   0.4777
 Sum of MulP: up   =     9.23887 down          =     8.76113
              total=    18.00000 ideal(neutral)=    18.00000
<DFT>  Total Spin Moment (muB) =  0.477732709734
<DFT>  Mixing_weight= 0.003048071369
<DFT>  Uele   =  -26.498904201816  dUele     =   0.006900940443
<DFT>  NormRD =    0.001952448322  Criterion =   0.000000010000

******************* MD= 1  SCF=81 *******************
<Poisson>  Poisson's equation using FFT...
<Set_Hamiltonian>  Hamiltonian matrix for VNA+dVH+Vxc...
<Band>  Solving the eigenvalue problem...
 KGrids1:  -0.42857  -0.28571  -0.14286   0.00000   0.14286   0.28572   0.42857 
 KGrids2:  -0.42857  -0.28572  -0.14286  -0.00000   0.14286   0.28571   0.42857 
 KGrids3:  -0.42857  -0.28571  -0.14286   0.00000   0.14286   0.28572   0.42857 
<Band_DFT>  Eigen, time=0.019511
<Band_DFT>  DM, time=0.033123
    1   Ni  MulP   9.2173   8.7827 sum  18.0000 diff   0.4347
 Sum of MulP: up   =     9.21735 down          =     8.78265
              total=    18.00000 ideal(neutral)=    18.00000
<DFT>  Total Spin Moment (muB) =  0.434697424717
<DFT>  Mixing_weight= 0.003048071369
<DFT>  Uele   =  -26.488175080629  dUele     =   0.010729121187
<DFT>  NormRD =    0.002172194245  Criterion =   0.000000010000

******************* MD= 1  SCF=82 *******************
<Poisson>  Poisson's equation using FFT...
<Set_Hamiltonian>  Hamiltonian matrix for VNA+dVH+Vxc...
<Band>  Solving the eigenvalue problem...
 KGrids1:  -0.42857  -0.28571  -0.14286   0.00000   0.14286   0.28572   0.42857 
 KGrids2:  -0.42857  -0.28572  -0.14286  -0.00000   0.14286   0.28571   0.42857 
 KGrids3:  -0.42857  -0.28571  -0.14286   0.00000   0.14286   0.28572   0.42857 
<Band_DFT>  Eigen, time=0.019483
<Band_DFT>  DM, time=0.033083
    1   Ni  MulP   9.3266   8.6734 sum  18.0000 diff   0.6533
 Sum of MulP: up   =     9.32663 down          =     8.67337
              total=    18.00000 ideal(neutral)=    18.00000
<DFT>  Total Spin Moment (muB) =  0.653260205801
<DFT>  Mixing_weight= 0.003048071369
<DFT>  Uele   =  -26.526943204141  dUele     =   0.038768123512
<DFT>  NormRD =    0.002334881114  Criterion =   0.000000010000

******************* MD= 1  SCF=83 *******************
<Poisson>  Poisson's equation using FFT...
<Set_Hamiltonian>  Hamiltonian matrix for VNA+dVH+Vxc...
<Band>  Solving the eigenvalue problem...
 KGrids1:  -0.42857  -0.28571  -0.14286   0.00000   0.14286   0.28572   0.42857 
 KGrids2:  -0.42857  -0.28572  -0.14286  -0.00000   0.14286   0.28571   0.42857 
 KGrids3:  -0.42857  -0.28571  -0.14286   0.00000   0.14286   0.28572   0.42857 
<Band_DFT>  Eigen, time=0.019538
<Band_DFT>  DM, time=0.033138
    1   Ni  MulP   9.3529   8.6471 sum  18.0000 diff   0.7058
 Sum of MulP: up   =     9.35289 down          =     8.64711
              total=    18.00000 ideal(neutral)=    18.00000
<DFT>  Total Spin Moment (muB) =  0.705780070958
<DFT>  Mixing_weight= 0.003048071369
<DFT>  Uele   =  -26.548573708563  dUele     =   0.021630504422
<DFT>  NormRD =    0.001035620766  Criterion =   0.000000010000

******************* MD= 1  SCF=84 *******************
<Poisson>  Poisson's equation using FFT...
<Set_Hamiltonian>  Hamiltonian matrix for VNA+dVH+Vxc...
<Band>  Solving the eigenvalue problem...
 KGrids1:  -0.42857  -0.28571  -0.14286   0.00000   0.14286   0.28572   0.42857 
 KGrids2:  -0.42857  -0.28572  -0.14286  -0.00000   0.14286   0.28571   0.42857 
 KGrids3:  -0.42857  -0.28571  -0.14286   0.00000   0.14286   0.28572   0.42857 
<Band_DFT>  Eigen, time=0.019722
<Band_DFT>  DM, time=0.033112
    1   Ni  MulP   9.3534   8.6466 sum  18.0000 diff   0.7068
 Sum of MulP: up   =     9.35342 down          =     8.64658
              total=    18.00000 ideal(neutral)=    18.00000
<DFT>  Total Spin Moment (muB) =  0.706835450240
<DFT>  Mixing_weight= 0.003048071369
<DFT>  Uele   =  -26.550650047476  dUele     =   0.002076338912
<DFT>  NormRD =    0.008339720811  Criterion =   0.000000010000

******************* MD= 1  SCF=85 *******************
<Poisson>  Poisson's equation using FFT...
<Set_Hamiltonian>  Hamiltonian matrix for VNA+dVH+Vxc...
<Band>  Solving the eigenvalue problem...
 KGrids1:  -0.42857  -0.28571  -0.14286   0.00000   0.14286   0.28572   0.42857 
 KGrids2:  -0.42857  -0.28572  -0.14286  -0.00000   0.14286   0.28571   0.42857 
 KGrids3:  -0.42857  -0.28571  -0.14286   0.00000   0.14286   0.28572   0.42857 
<Band_DFT>  Eigen, time=0.019418
<Band_DFT>  DM, time=0.033167
    1   Ni  MulP   9.3531   8.6469 sum  18.0000 diff   0.7062
 Sum of MulP: up   =     9.35312 down          =     8.64688
              total=    18.00000 ideal(neutral)=    18.00000
<DFT>  Total Spin Moment (muB) =  0.706244974428
<DFT>  Mixing_weight= 0.003048071369
<DFT>  Uele   =  -26.549415522204  dUele     =   0.001234525272
<DFT>  NormRD =    0.009438949767  Criterion =   0.000000010000

******************* MD= 1  SCF=86 *******************
<Poisson>  Poisson's equation using FFT...
<Set_Hamiltonian>  Hamiltonian matrix for VNA+dVH+Vxc...
<Band>  Solving the eigenvalue problem...
 KGrids1:  -0.42857  -0.28571  -0.14286   0.00000   0.14286   0.28572   0.42857 
 KGrids2:  -0.42857  -0.28572  -0.14286  -0.00000   0.14286   0.28571   0.42857 
 KGrids3:  -0.42857  -0.28571  -0.14286   0.00000   0.14286   0.28572   0.42857 
<Band_DFT>  Eigen, time=0.019521
<Band_DFT>  DM, time=0.033133
    1   Ni  MulP   9.3531   8.6469 sum  18.0000 diff   0.7063
 Sum of MulP: up   =     9.35314 down          =     8.64686
              total=    18.00000 ideal(neutral)=    18.00000
<DFT>  Total Spin Moment (muB) =  0.706279330392
<DFT>  Mixing_weight= 0.003048071369
<DFT>  Uele   =  -26.549475940145  dUele     =   0.000060417941
<DFT>  NormRD =    0.008805798477  Criterion =   0.000000010000

******************* MD= 1  SCF=87 *******************
<Poisson>  Poisson's equation using FFT...
<Set_Hamiltonian>  Hamiltonian matrix for VNA+dVH+Vxc...
<Band>  Solving the eigenvalue problem...
 KGrids1:  -0.42857  -0.28571  -0.14286   0.00000   0.14286   0.28572   0.42857 
 KGrids2:  -0.42857  -0.28572  -0.14286  -0.00000   0.14286   0.28571   0.42857 
 KGrids3:  -0.42857  -0.28571  -0.14286   0.00000   0.14286   0.28572   0.42857 
<Band_DFT>  Eigen, time=0.019745
<Band_DFT>  DM, time=0.032973
    1   Ni  MulP   9.3532   8.6468 sum  18.0000 diff   0.7063
 Sum of MulP: up   =     9.35317 down          =     8.64683
              total=    18.00000 ideal(neutral)=    18.00000
<DFT>  Total Spin Moment (muB) =  0.706338576414
<DFT>  Mixing_weight= 0.003048071369
<DFT>  Uele   =  -26.549591883026  dUele     =   0.000115942881
<DFT>  NormRD =    0.008839344557  Criterion =   0.000000010000

******************* MD= 1  SCF=88 *******************
<Poisson>  Poisson's equation using FFT...
<Set_Hamiltonian>  Hamiltonian matrix for VNA+dVH+Vxc...
<Band>  Solving the eigenvalue problem...
 KGrids1:  -0.42857  -0.28571  -0.14286   0.00000   0.14286   0.28572   0.42857 
 KGrids2:  -0.42857  -0.28572  -0.14286  -0.00000   0.14286   0.28571   0.42857 
 KGrids3:  -0.42857  -0.28571  -0.14286   0.00000   0.14286   0.28572   0.42857 
<Band_DFT>  Eigen, time=0.019367
<Band_DFT>  DM, time=0.032980
    1   Ni  MulP   9.3532   8.6468 sum  18.0000 diff   0.7064
 Sum of MulP: up   =     9.35322 down          =     8.64678
              total=    18.00000 ideal(neutral)=    18.00000
<DFT>  Total Spin Moment (muB) =  0.706448289426
<DFT>  Mixing_weight= 0.003048071369
<DFT>  Uele   =  -26.549810187674  dUele     =   0.000218304648
<DFT>  NormRD =    0.008900995060  Criterion =   0.000000010000

******************* MD= 1  SCF=89 *******************
<Poisson>  Poisson's equation using FFT...
<Set_Hamiltonian>  Hamiltonian matrix for VNA+dVH+Vxc...
<Band>  Solving the eigenvalue problem...
 KGrids1:  -0.42857  -0.28571  -0.14286   0.00000   0.14286   0.28572   0.42857 
 KGrids2:  -0.42857  -0.28572  -0.14286  -0.00000   0.14286   0.28571   0.42857 
 KGrids3:  -0.42857  -0.28571  -0.14286   0.00000   0.14286   0.28572   0.42857 
<Band_DFT>  Eigen, time=0.019367
<Band_DFT>  DM, time=0.033064
    1   Ni  MulP   9.3533   8.6467 sum  18.0000 diff   0.7066
 Sum of MulP: up   =     9.35330 down          =     8.64670
              total=    18.00000 ideal(neutral)=    18.00000
<DFT>  Total Spin Moment (muB) =  0.706597423430
<DFT>  Mixing_weight= 0.003048071369
<DFT>  Uele   =  -26.550101728616  dUele     =   0.000291540942
<DFT>  NormRD =    0.009015887520  Criterion =   0.000000010000

******************* MD= 1  SCF=90 *******************
<Poisson>  Poisson's equation using FFT...
<Set_Hamiltonian>  Hamiltonian matrix for VNA+dVH+Vxc...
<Band>  Solving the eigenvalue problem...
 KGrids1:  -0.42857  -0.28571  -0.14286   0.00000   0.14286   0.28572   0.42857 
 KGrids2:  -0.42857  -0.28572  -0.14286  -0.00000   0.14286   0.28571   0.42857 
 KGrids3:  -0.42857  -0.28571  -0.14286   0.00000   0.14286   0.28572   0.42857 
<Band_DFT>  Eigen, time=0.019407
<Band_DFT>  DM, time=0.034049
    1   Ni  MulP   9.3534   8.6466 sum  18.0000 diff   0.7067
 Sum of MulP: up   =     9.35336 down          =     8.64664
              total=    18.00000 ideal(neutral)=    18.00000
<DFT>  Total Spin Moment (muB) =  0.706726054247
<DFT>  Mixing_weight= 0.003048071369
<DFT>  Uele   =  -26.550350768152  dUele     =   0.000249039536
<DFT>  NormRD =    0.009169214444  Criterion =   0.000000010000

******************* MD= 1  SCF=91 *******************
<Poisson>  Poisson's equation using FFT...
<Set_Hamiltonian>  Hamiltonian matrix for VNA+dVH+Vxc...
<Band>  Solving the eigenvalue problem...
 KGrids1:  -0.42857  -0.28571  -0.14286   0.00000   0.14286   0.28572   0.42857 
 KGrids2:  -0.42857  -0.28572  -0.14286  -0.00000   0.14286   0.28571   0.42857 
 KGrids3:  -0.42857  -0.28571  -0.14286   0.00000   0.14286   0.28572   0.42857 
<Band_DFT>  Eigen, time=0.019834
<Band_DFT>  DM, time=0.033100
    1   Ni  MulP   9.3536   8.6464 sum  18.0000 diff   0.7072
 Sum of MulP: up   =     9.35358 down          =     8.64642
              total=    18.00000 ideal(neutral)=    18.00000
<DFT>  Total Spin Moment (muB) =  0.707157127911
<DFT>  Mixing_weight= 0.003048071369
<DFT>  Uele   =  -26.551149225312  dUele     =   0.000798457160
<DFT>  NormRD =    0.009299515226  Criterion =   0.000000010000

******************* MD= 1  SCF=92 *******************
<Poisson>  Poisson's equation using FFT...
<Set_Hamiltonian>  Hamiltonian matrix for VNA+dVH+Vxc...
<Band>  Solving the eigenvalue problem...
 KGrids1:  -0.42857  -0.28571  -0.14286   0.00000   0.14286   0.28572   0.42857 
 KGrids2:  -0.42857  -0.28572  -0.14286  -0.00000   0.14286   0.28571   0.42857 
 KGrids3:  -0.42857  -0.28571  -0.14286   0.00000   0.14286   0.28572   0.42857 
<Band_DFT>  Eigen, time=0.019635
<Band_DFT>  DM, time=0.033122
    1   Ni  MulP   9.3539   8.6461 sum  18.0000 diff   0.7079
 Sum of MulP: up   =     9.35394 down          =     8.64606
              total=    18.00000 ideal(neutral)=    18.00000
<DFT>  Total Spin Moment (muB) =  0.707878499271
<DFT>  Mixing_weight= 0.003048071369
<DFT>  Uele   =  -26.552362380227  dUele     =   0.001213154915
<DFT>  NormRD =    0.009715261493  Criterion =   0.000000010000

******************* MD= 1  SCF=93 *******************
<Poisson>  Poisson's equation using FFT...
<Set_Hamiltonian>  Hamiltonian matrix for VNA+dVH+Vxc...
<Band>  Solving the eigenvalue problem...
 KGrids1:  -0.42857  -0.28571  -0.14286   0.00000   0.14286   0.28572   0.42857 
 KGrids2:  -0.42857  -0.28572  -0.14286  -0.00000   0.14286   0.28571   0.42857 
 KGrids3:  -0.42857  -0.28571  -0.14286   0.00000   0.14286   0.28572   0.42857 
<Band_DFT>  Eigen, time=0.019791
<Band_DFT>  DM, time=0.033186
    1   Ni  MulP   9.3550   8.6450 sum  18.0000 diff   0.7099
 Sum of MulP: up   =     9.35495 down          =     8.64505
              total=    18.00000 ideal(neutral)=    18.00000
<DFT>  Total Spin Moment (muB) =  0.709900754267
<DFT>  Mixing_weight= 0.003048071369
<DFT>  Uele   =  -26.555051209276  dUele     =   0.002688829049
<DFT>  NormRD =    0.010336089737  Criterion =   0.000000010000

******************* MD= 1  SCF=94 *******************
<Poisson>  Poisson's equation using FFT...
<Set_Hamiltonian>  Hamiltonian matrix for VNA+dVH+Vxc...
<Band>  Solving the eigenvalue problem...
 KGrids1:  -0.42857  -0.28571  -0.14286   0.00000   0.14286   0.28572   0.42857 
 KGrids2:  -0.42857  -0.28572  -0.14286  -0.00000   0.14286   0.28571   0.42857 
 KGrids3:  -0.42857  -0.28571  -0.14286   0.00000   0.14286   0.28572   0.42857 
<Band_DFT>  Eigen, time=0.020143
<Band_DFT>  DM, time=0.033103
    1   Ni  MulP   9.3546   8.6454 sum  18.0000 diff   0.7092
 Sum of MulP: up   =     9.35458 down          =     8.64542
              total=    18.00000 ideal(neutral)=    18.00000
<DFT>  Total Spin Moment (muB) =  0.709169668019
<DFT>  Mixing_weight= 0.003048071369
<DFT>  Uele   =  -26.554168743236  dUele     =   0.000882466040
<DFT>  NormRD =    0.011633073921  Criterion =   0.000000010000

******************* MD= 1  SCF=95 *******************
<Poisson>  Poisson's equation using FFT...
<Set_Hamiltonian>  Hamiltonian matrix for VNA+dVH+Vxc...
<Band>  Solving the eigenvalue problem...
 KGrids1:  -0.42857  -0.28571  -0.14286   0.00000   0.14286   0.28572   0.42857 
 KGrids2:  -0.42857  -0.28572  -0.14286  -0.00000   0.14286   0.28571   0.42857 
 KGrids3:  -0.42857  -0.28571  -0.14286   0.00000   0.14286   0.28572   0.42857 
<Band_DFT>  Eigen, time=0.019908
<Band_DFT>  DM, time=0.033081
    1   Ni  MulP   9.3538   8.6462 sum  18.0000 diff   0.7077
 Sum of MulP: up   =     9.35383 down          =     8.64617
              total=    18.00000 ideal(neutral)=    18.00000
<DFT>  Total Spin Moment (muB) =  0.707663856329
<DFT>  Mixing_weight= 0.003048071369
<DFT>  Uele   =  -26.551987467835  dUele     =   0.002181275402
<DFT>  NormRD =    0.011224210408  Criterion =   0.000000010000

******************* MD= 1  SCF=96 *******************
<Poisson>  Poisson's equation using FFT...
<Set_Hamiltonian>  Hamiltonian matrix for VNA+dVH+Vxc...
<Band>  Solving the eigenvalue problem...
 KGrids1:  -0.42857  -0.28571  -0.14286   0.00000   0.14286   0.28572   0.42857 
 KGrids2:  -0.42857  -0.28572  -0.14286  -0.00000   0.14286   0.28571   0.42857 
 KGrids3:  -0.42857  -0.28571  -0.14286   0.00000   0.14286   0.28572   0.42857 
<Band_DFT>  Eigen, time=0.019814
<Band_DFT>  DM, time=0.033360
    1   Ni  MulP   9.3432   8.6568 sum  18.0000 diff   0.6863
 Sum of MulP: up   =     9.34316 down          =     8.65684
              total=    18.00000 ideal(neutral)=    18.00000
<DFT>  Total Spin Moment (muB) =  0.686320389473
<DFT>  Mixing_weight= 0.003048071369
<DFT>  Uele   =  -26.534200263513  dUele     =   0.017787204322
<DFT>  NormRD =    0.010151113012  Criterion =   0.000000010000

******************* MD= 1  SCF=97 *******************
<Poisson>  Poisson's equation using FFT...
<Set_Hamiltonian>  Hamiltonian matrix for VNA+dVH+Vxc...
<Band>  Solving the eigenvalue problem...
 KGrids1:  -0.42857  -0.28571  -0.14286   0.00000   0.14286   0.28572   0.42857 
 KGrids2:  -0.42857  -0.28572  -0.14286  -0.00000   0.14286   0.28571   0.42857 
 KGrids3:  -0.42857  -0.28571  -0.14286   0.00000   0.14286   0.28572   0.42857 
<Band_DFT>  Eigen, time=0.019743
<Band_DFT>  DM, time=0.033107
    1   Ni  MulP   9.3527   8.6473 sum  18.0000 diff   0.7055
 Sum of MulP: up   =     9.35273 down          =     8.64727
              total=    18.00000 ideal(neutral)=    18.00000
<DFT>  Total Spin Moment (muB) =  0.705467713654
<DFT>  Mixing_weight= 0.003048071369
<DFT>  Uele   =  -26.548553725271  dUele     =   0.014353461757
<DFT>  NormRD =    0.001888213398  Criterion =   0.000000010000

******************* MD= 1  SCF=98 *******************
<Poisson>  Poisson's equation using FFT...
<Set_Hamiltonian>  Hamiltonian matrix for VNA+dVH+Vxc...
<Band>  Solving the eigenvalue problem...
 KGrids1:  -0.42857  -0.28571  -0.14286   0.00000   0.14286   0.28572   0.42857 
 KGrids2:  -0.42857  -0.28572  -0.14286  -0.00000   0.14286   0.28571   0.42857 
 KGrids3:  -0.42857  -0.28571  -0.14286   0.00000   0.14286   0.28572   0.42857 
<Band_DFT>  Eigen, time=0.019426
<Band_DFT>  DM, time=0.033505
    1   Ni  MulP   9.3348   8.6652 sum  18.0000 diff   0.6695
 Sum of MulP: up   =     9.33475 down          =     8.66525
              total=    18.00000 ideal(neutral)=    18.00000
<DFT>  Total Spin Moment (muB) =  0.669501824730
<DFT>  Mixing_weight= 0.003048071369
<DFT>  Uele   =  -26.531445477873  dUele     =   0.017108247398
<DFT>  NormRD =    0.008210088640  Criterion =   0.000000010000

******************* MD= 1  SCF=99 *******************
<Poisson>  Poisson's equation using FFT...
<Set_Hamiltonian>  Hamiltonian matrix for VNA+dVH+Vxc...
<Band>  Solving the eigenvalue problem...
 KGrids1:  -0.42857  -0.28571  -0.14286   0.00000   0.14286   0.28572   0.42857 
 KGrids2:  -0.42857  -0.28572  -0.14286  -0.00000   0.14286   0.28571   0.42857 
 KGrids3:  -0.42857  -0.28571  -0.14286   0.00000   0.14286   0.28572   0.42857 
<Band_DFT>  Eigen, time=0.019833
<Band_DFT>  DM, time=0.033262
    1   Ni  MulP   9.3388   8.6612 sum  18.0000 diff   0.6777
 Sum of MulP: up   =     9.33883 down          =     8.66117
              total=    18.00000 ideal(neutral)=    18.00000
<DFT>  Total Spin Moment (muB) =  0.677654574416
<DFT>  Mixing_weight= 0.003048071369
<DFT>  Uele   =  -26.532715314763  dUele     =   0.001269836890
<DFT>  NormRD =    0.001561719998  Criterion =   0.000000010000

******************* MD= 1  SCF=100 *******************
<Poisson>  Poisson's equation using FFT...
<Set_Hamiltonian>  Hamiltonian matrix for VNA+dVH+Vxc...
<Band>  Solving the eigenvalue problem...
 KGrids1:  -0.42857  -0.28571  -0.14286   0.00000   0.14286   0.28572   0.42857 
 KGrids2:  -0.42857  -0.28572  -0.14286  -0.00000   0.14286   0.28571   0.42857 
 KGrids3:  -0.42857  -0.28571  -0.14286   0.00000   0.14286   0.28572   0.42857 
<Band_DFT>  Eigen, time=0.019763
<Band_DFT>  DM, time=0.033155
    1   Ni  MulP   9.3485   8.6515 sum  18.0000 diff   0.6969
 Sum of MulP: up   =     9.34846 down          =     8.65154
              total=    18.00000 ideal(neutral)=    18.00000
<DFT>  Total Spin Moment (muB) =  0.696928065534
<DFT>  Mixing_weight= 0.003048071369
<DFT>  Uele   =  -26.539334404665  dUele     =   0.006619089902
<DFT>  NormRD =    0.001614773998  Criterion =   0.000000010000

******************* MD= 1  SCF=101 *******************
<Poisson>  Poisson's equation using FFT...
<Set_Hamiltonian>  Hamiltonian matrix for VNA+dVH+Vxc...
<Band>  Solving the eigenvalue problem...
 KGrids1:  -0.42857  -0.28571  -0.14286   0.00000   0.14286   0.28572   0.42857 
 KGrids2:  -0.42857  -0.28572  -0.14286  -0.00000   0.14286   0.28571   0.42857 
 KGrids3:  -0.42857  -0.28571  -0.14286   0.00000   0.14286   0.28572   0.42857 
<Band_DFT>  Eigen, time=0.019531
<Band_DFT>  DM, time=0.033536
    1   Ni  MulP   9.3314   8.6686 sum  18.0000 diff   0.6629
 Sum of MulP: up   =     9.33143 down          =     8.66857
              total=    18.00000 ideal(neutral)=    18.00000
<DFT>  Total Spin Moment (muB) =  0.662853030045
<DFT>  Mixing_weight= 0.003048071369
<DFT>  Uele   =  -26.529372906728  dUele     =   0.009961497936
<DFT>  NormRD =    0.003564106378  Criterion =   0.000000010000

******************* MD= 1  SCF=102 *******************
<Poisson>  Poisson's equation using FFT...
<Set_Hamiltonian>  Hamiltonian matrix for VNA+dVH+Vxc...
<Band>  Solving the eigenvalue problem...
 KGrids1:  -0.42857  -0.28571  -0.14286   0.00000   0.14286   0.28572   0.42857 
 KGrids2:  -0.42857  -0.28572  -0.14286  -0.00000   0.14286   0.28571   0.42857 
 KGrids3:  -0.42857  -0.28571  -0.14286   0.00000   0.14286   0.28572   0.42857 
<Band_DFT>  Eigen, time=0.019701
<Band_DFT>  DM, time=0.033014
    1   Ni  MulP   9.3081   8.6919 sum  18.0000 diff   0.6162
 Sum of MulP: up   =     9.30811 down          =     8.69189
              total=    18.00000 ideal(neutral)=    18.00000
<DFT>  Total Spin Moment (muB) =  0.616227506238
<DFT>  Mixing_weight= 0.003048071369
<DFT>  Uele   =  -26.521684026000  dUele     =   0.007688880729
<DFT>  NormRD =    0.001230574085  Criterion =   0.000000010000

******************* MD= 1  SCF=103 *******************
<Poisson>  Poisson's equation using FFT...
<Set_Hamiltonian>  Hamiltonian matrix for VNA+dVH+Vxc...
<Band>  Solving the eigenvalue problem...
 KGrids1:  -0.42857  -0.28571  -0.14286   0.00000   0.14286   0.28572   0.42857 
 KGrids2:  -0.42857  -0.28572  -0.14286  -0.00000   0.14286   0.28571   0.42857 
 KGrids3:  -0.42857  -0.28571  -0.14286   0.00000   0.14286   0.28572   0.42857 
<Band_DFT>  Eigen, time=0.019749
<Band_DFT>  DM, time=0.109503
    1   Ni  MulP   9.2886   8.7114 sum  18.0000 diff   0.5772
 Sum of MulP: up   =     9.28858 down          =     8.71142
              total=    18.00000 ideal(neutral)=    18.00000
<DFT>  Total Spin Moment (muB) =  0.577157734890
<DFT>  Mixing_weight= 0.003048071369
<DFT>  Uele   =  -26.515144672090  dUele     =   0.006539353909
<DFT>  NormRD =    0.001536582543  Criterion =   0.000000010000

******************* MD= 1  SCF=104 *******************
<Poisson>  Poisson's equation using FFT...
<Set_Hamiltonian>  Hamiltonian matrix for VNA+dVH+Vxc...
<Band>  Solving the eigenvalue problem...
 KGrids1:  -0.42857  -0.28571  -0.14286   0.00000   0.14286   0.28572   0.42857 
 KGrids2:  -0.42857  -0.28572  -0.14286  -0.00000   0.14286   0.28571   0.42857 
 KGrids3:  -0.42857  -0.28571  -0.14286   0.00000   0.14286   0.28572   0.42857 
<Band_DFT>  Eigen, time=0.019802
<Band_DFT>  DM, time=0.033091
    1   Ni  MulP   9.2910   8.7090 sum  18.0000 diff   0.5821
 Sum of MulP: up   =     9.29104 down          =     8.70896
              total=    18.00000 ideal(neutral)=    18.00000
<DFT>  Total Spin Moment (muB) =  0.582081684166
<DFT>  Mixing_weight= 0.003048071369
<DFT>  Uele   =  -26.515955422595  dUele     =   0.000810750504
<DFT>  NormRD =    0.001781632604  Criterion =   0.000000010000

******************* MD= 1  SCF=105 *******************
<Poisson>  Poisson's equation using FFT...
<Set_Hamiltonian>  Hamiltonian matrix for VNA+dVH+Vxc...
<Band>  Solving the eigenvalue problem...
 KGrids1:  -0.42857  -0.28571  -0.14286   0.00000   0.14286   0.28572   0.42857 
 KGrids2:  -0.42857  -0.28572  -0.14286  -0.00000   0.14286   0.28571   0.42857 
 KGrids3:  -0.42857  -0.28571  -0.14286   0.00000   0.14286   0.28572   0.42857 
<Band_DFT>  Eigen, time=0.019754
<Band_DFT>  DM, time=0.033265
    1   Ni  MulP   9.2908   8.7092 sum  18.0000 diff   0.5817
 Sum of MulP: up   =     9.29083 down          =     8.70917
              total=    18.00000 ideal(neutral)=    18.00000
<DFT>  Total Spin Moment (muB) =  0.581664881140
<DFT>  Mixing_weight= 0.003048071369
<DFT>  Uele   =  -26.515895774756  dUele     =   0.000059647839
<DFT>  NormRD =    0.001756213551  Criterion =   0.000000010000

******************* MD= 1  SCF=106 *******************
<Poisson>  Poisson's equation using FFT...
<Set_Hamiltonian>  Hamiltonian matrix for VNA+dVH+Vxc...
<Band>  Solving the eigenvalue problem...
 KGrids1:  -0.42857  -0.28571  -0.14286   0.00000   0.14286   0.28572   0.42857 
 KGrids2:  -0.42857  -0.28572  -0.14286  -0.00000   0.14286   0.28571   0.42857 
 KGrids3:  -0.42857  -0.28571  -0.14286   0.00000   0.14286   0.28572   0.42857 
<Band_DFT>  Eigen, time=0.019480
<Band_DFT>  DM, time=0.033108
    1   Ni  MulP   9.2909   8.7091 sum  18.0000 diff   0.5818
 Sum of MulP: up   =     9.29088 down          =     8.70912
              total=    18.00000 ideal(neutral)=    18.00000
<DFT>  Total Spin Moment (muB) =  0.581766715630
<DFT>  Mixing_weight= 0.003048071369
<DFT>  Uele   =  -26.515915762377  dUele     =   0.000019987621
<DFT>  NormRD =    0.001760912577  Criterion =   0.000000010000

******************* MD= 1  SCF=107 *******************
<Poisson>  Poisson's equation using FFT...
<Set_Hamiltonian>  Hamiltonian matrix for VNA+dVH+Vxc...
<Band>  Solving the eigenvalue problem...
 KGrids1:  -0.42857  -0.28571  -0.14286   0.00000   0.14286   0.28572   0.42857 
 KGrids2:  -0.42857  -0.28572  -0.14286  -0.00000   0.14286   0.28571   0.42857 
 KGrids3:  -0.42857  -0.28571  -0.14286   0.00000   0.14286   0.28572   0.42857 
<Band_DFT>  Eigen, time=0.019511
<Band_DFT>  DM, time=0.033242
    1   Ni  MulP   9.2910   8.7090 sum  18.0000 diff   0.5819
 Sum of MulP: up   =     9.29095 down          =     8.70905
              total=    18.00000 ideal(neutral)=    18.00000
<DFT>  Total Spin Moment (muB) =  0.581900546394
<DFT>  Mixing_weight= 0.003048071369
<DFT>  Uele   =  -26.515939055932  dUele     =   0.000023293555
<DFT>  NormRD =    0.001761873390  Criterion =   0.000000010000

******************* MD= 1  SCF=108 *******************
<Poisson>  Poisson's equation using FFT...
<Set_Hamiltonian>  Hamiltonian matrix for VNA+dVH+Vxc...
<Band>  Solving the eigenvalue problem...
 KGrids1:  -0.42857  -0.28571  -0.14286   0.00000   0.14286   0.28572   0.42857 
 KGrids2:  -0.42857  -0.28572  -0.14286  -0.00000   0.14286   0.28571   0.42857 
 KGrids3:  -0.42857  -0.28571  -0.14286   0.00000   0.14286   0.28572   0.42857 
<Band_DFT>  Eigen, time=0.019571
<Band_DFT>  DM, time=0.033298
    1   Ni  MulP   9.2910   8.7090 sum  18.0000 diff   0.5820
 Sum of MulP: up   =     9.29100 down          =     8.70900
              total=    18.00000 ideal(neutral)=    18.00000
<DFT>  Total Spin Moment (muB) =  0.581997698267
<DFT>  Mixing_weight= 0.003048071369
<DFT>  Uele   =  -26.515956332121  dUele     =   0.000017276189
<DFT>  NormRD =    0.001761623158  Criterion =   0.000000010000

******************* MD= 1  SCF=109 *******************
<Poisson>  Poisson's equation using FFT...
<Set_Hamiltonian>  Hamiltonian matrix for VNA+dVH+Vxc...
<Band>  Solving the eigenvalue problem...
 KGrids1:  -0.42857  -0.28571  -0.14286   0.00000   0.14286   0.28572   0.42857 
 KGrids2:  -0.42857  -0.28572  -0.14286  -0.00000   0.14286   0.28571   0.42857 
 KGrids3:  -0.42857  -0.28571  -0.14286   0.00000   0.14286   0.28572   0.42857 
<Band_DFT>  Eigen, time=0.019507
<Band_DFT>  DM, time=0.033108
    1   Ni  MulP   9.2908   8.7092 sum  18.0000 diff   0.5816
 Sum of MulP: up   =     9.29079 down          =     8.70921
              total=    18.00000 ideal(neutral)=    18.00000
<DFT>  Total Spin Moment (muB) =  0.581576431341
<DFT>  Mixing_weight= 0.003048071369
<DFT>  Uele   =  -26.515888328415  dUele     =   0.000068003707
<DFT>  NormRD =    0.001761562041  Criterion =   0.000000010000

******************* MD= 1  SCF=110 *******************
<Poisson>  Poisson's equation using FFT...
<Set_Hamiltonian>  Hamiltonian matrix for VNA+dVH+Vxc...
<Band>  Solving the eigenvalue problem...
 KGrids1:  -0.42857  -0.28571  -0.14286   0.00000   0.14286   0.28572   0.42857 
 KGrids2:  -0.42857  -0.28572  -0.14286  -0.00000   0.14286   0.28571   0.42857 
 KGrids3:  -0.42857  -0.28571  -0.14286   0.00000   0.14286   0.28572   0.42857 
<Band_DFT>  Eigen, time=0.019430
<Band_DFT>  DM, time=0.033200
    1   Ni  MulP   9.2909   8.7091 sum  18.0000 diff   0.5817
 Sum of MulP: up   =     9.29087 down          =     8.70913
              total=    18.00000 ideal(neutral)=    18.00000
<DFT>  Total Spin Moment (muB) =  0.581731201079
<DFT>  Mixing_weight= 0.003048071369
<DFT>  Uele   =  -26.515914753800  dUele     =   0.000026425385
<DFT>  NormRD =    0.001764261094  Criterion =   0.000000010000

******************* MD= 1  SCF=111 *******************
<Poisson>  Poisson's equation using FFT...
<Set_Hamiltonian>  Hamiltonian matrix for VNA+dVH+Vxc...
<Band>  Solving the eigenvalue problem...
 KGrids1:  -0.42857  -0.28571  -0.14286   0.00000   0.14286   0.28572   0.42857 
 KGrids2:  -0.42857  -0.28572  -0.14286  -0.00000   0.14286   0.28571   0.42857 
 KGrids3:  -0.42857  -0.28571  -0.14286   0.00000   0.14286   0.28572   0.42857 
<Band_DFT>  Eigen, time=0.019676
<Band_DFT>  DM, time=0.033118
    1   Ni  MulP   9.2908   8.7092 sum  18.0000 diff   0.5817
 Sum of MulP: up   =     9.29084 down          =     8.70916
              total=    18.00000 ideal(neutral)=    18.00000
<DFT>  Total Spin Moment (muB) =  0.581684171757
<DFT>  Mixing_weight= 0.003048071369
<DFT>  Uele   =  -26.515908929810  dUele     =   0.000005823990
<DFT>  NormRD =    0.001763730944  Criterion =   0.000000010000

******************* MD= 1  SCF=112 *******************
<Poisson>  Poisson's equation using FFT...
<Set_Hamiltonian>  Hamiltonian matrix for VNA+dVH+Vxc...
<Band>  Solving the eigenvalue problem...
 KGrids1:  -0.42857  -0.28571  -0.14286   0.00000   0.14286   0.28572   0.42857 
 KGrids2:  -0.42857  -0.28572  -0.14286  -0.00000   0.14286   0.28571   0.42857 
 KGrids3:  -0.42857  -0.28571  -0.14286   0.00000   0.14286   0.28572   0.42857 
<Band_DFT>  Eigen, time=0.019545
<Band_DFT>  DM, time=0.033004
    1   Ni  MulP   9.2907   8.7093 sum  18.0000 diff   0.5814
 Sum of MulP: up   =     9.29068 down          =     8.70932
              total=    18.00000 ideal(neutral)=    18.00000
<DFT>  Total Spin Moment (muB) =  0.581367742107
<DFT>  Mixing_weight= 0.003048071369
<DFT>  Uele   =  -26.515857817518  dUele     =   0.000051112291
<DFT>  NormRD =    0.001764631648  Criterion =   0.000000010000

******************* MD= 1  SCF=113 *******************
<Poisson>  Poisson's equation using FFT...
<Set_Hamiltonian>  Hamiltonian matrix for VNA+dVH+Vxc...
<Band>  Solving the eigenvalue problem...
 KGrids1:  -0.42857  -0.28571  -0.14286   0.00000   0.14286   0.28572   0.42857 
 KGrids2:  -0.42857  -0.28572  -0.14286  -0.00000   0.14286   0.28571   0.42857 
 KGrids3:  -0.42857  -0.28571  -0.14286   0.00000   0.14286   0.28572   0.42857 
<Band_DFT>  Eigen, time=0.019572
<Band_DFT>  DM, time=0.033085
    1   Ni  MulP   9.2908   8.7092 sum  18.0000 diff   0.5816
 Sum of MulP: up   =     9.29079 down          =     8.70921
              total=    18.00000 ideal(neutral)=    18.00000
<DFT>  Total Spin Moment (muB) =  0.581574104026
<DFT>  Mixing_weight= 0.003048071369
<DFT>  Uele   =  -26.515892358808  dUele     =   0.000034541290
<DFT>  NormRD =    0.001766638359  Criterion =   0.000000010000

******************* MD= 1  SCF=114 *******************
<Poisson>  Poisson's equation using FFT...
<Set_Hamiltonian>  Hamiltonian matrix for VNA+dVH+Vxc...
<Band>  Solving the eigenvalue problem...
 KGrids1:  -0.42857  -0.28571  -0.14286   0.00000   0.14286   0.28572   0.42857 
 KGrids2:  -0.42857  -0.28572  -0.14286  -0.00000   0.14286   0.28571   0.42857 
 KGrids3:  -0.42857  -0.28571  -0.14286   0.00000   0.14286   0.28572   0.42857 
<Band_DFT>  Eigen, time=0.019507
<Band_DFT>  DM, time=0.033195
    1   Ni  MulP   9.2907   8.7093 sum  18.0000 diff   0.5814
 Sum of MulP: up   =     9.29068 down          =     8.70932
              total=    18.00000 ideal(neutral)=    18.00000
<DFT>  Total Spin Moment (muB) =  0.581365534341
<DFT>  Mixing_weight= 0.003048071369
<DFT>  Uele   =  -26.515847393646  dUele     =   0.000044965162
<DFT>  NormRD =    0.001765750770  Criterion =   0.000000010000

******************* MD= 1  SCF=115 *******************
<Poisson>  Poisson's equation using FFT...
<Set_Hamiltonian>  Hamiltonian matrix for VNA+dVH+Vxc...
<Band>  Solving the eigenvalue problem...
 KGrids1:  -0.42857  -0.28571  -0.14286   0.00000   0.14286   0.28572   0.42857 
 KGrids2:  -0.42857  -0.28572  -0.14286  -0.00000   0.14286   0.28571   0.42857 
 KGrids3:  -0.42857  -0.28571  -0.14286   0.00000   0.14286   0.28572   0.42857 
<Band_DFT>  Eigen, time=0.020026
<Band_DFT>  DM, time=0.033108
    1   Ni  MulP   9.2914   8.7086 sum  18.0000 diff   0.5828
 Sum of MulP: up   =     9.29140 down          =     8.70860
              total=    18.00000 ideal(neutral)=    18.00000
<DFT>  Total Spin Moment (muB) =  0.582803051253
<DFT>  Mixing_weight= 0.003048071369
<DFT>  Uele   =  -26.516043301122  dUele     =   0.000195907476
<DFT>  NormRD =    0.001763254388  Criterion =   0.000000010000

******************* MD= 1  SCF=116 *******************
<Poisson>  Poisson's equation using FFT...
<Set_Hamiltonian>  Hamiltonian matrix for VNA+dVH+Vxc...
<Band>  Solving the eigenvalue problem...
 KGrids1:  -0.42857  -0.28571  -0.14286   0.00000   0.14286   0.28572   0.42857 
 KGrids2:  -0.42857  -0.28572  -0.14286  -0.00000   0.14286   0.28571   0.42857 
 KGrids3:  -0.42857  -0.28571  -0.14286   0.00000   0.14286   0.28572   0.42857 
<Band_DFT>  Eigen, time=0.019277
<Band_DFT>  DM, time=0.033141
    1   Ni  MulP   9.3003   8.6997 sum  18.0000 diff   0.6007
 Sum of MulP: up   =     9.30033 down          =     8.69967
              total=    18.00000 ideal(neutral)=    18.00000
<DFT>  Total Spin Moment (muB) =  0.600661719761
<DFT>  Mixing_weight= 0.003048071369
<DFT>  Uele   =  -26.518992953470  dUele     =   0.002949652348
<DFT>  NormRD =    0.001741669138  Criterion =   0.000000010000

******************* MD= 1  SCF=117 *******************
<Poisson>  Poisson's equation using FFT...
<Set_Hamiltonian>  Hamiltonian matrix for VNA+dVH+Vxc...
<Band>  Solving the eigenvalue problem...
 KGrids1:  -0.42857  -0.28571  -0.14286   0.00000   0.14286   0.28572   0.42857 
 KGrids2:  -0.42857  -0.28572  -0.14286  -0.00000   0.14286   0.28571   0.42857 
 KGrids3:  -0.42857  -0.28571  -0.14286   0.00000   0.14286   0.28572   0.42857 
<Band_DFT>  Eigen, time=0.019546
<Band_DFT>  DM, time=0.033144
    1   Ni  MulP   9.3071   8.6929 sum  18.0000 diff   0.6142
 Sum of MulP: up   =     9.30711 down          =     8.69289
              total=    18.00000 ideal(neutral)=    18.00000
<DFT>  Total Spin Moment (muB) =  0.614220099506
<DFT>  Mixing_weight= 0.003048071369
<DFT>  Uele   =  -26.521185309474  dUele     =   0.002192356004
<DFT>  NormRD =    0.001622797678  Criterion =   0.000000010000

******************* MD= 1  SCF=118 *******************
<Poisson>  Poisson's equation using FFT...
<Set_Hamiltonian>  Hamiltonian matrix for VNA+dVH+Vxc...
<Band>  Solving the eigenvalue problem...
 KGrids1:  -0.42857  -0.28571  -0.14286   0.00000   0.14286   0.28572   0.42857 
 KGrids2:  -0.42857  -0.28572  -0.14286  -0.00000   0.14286   0.28571   0.42857 
 KGrids3:  -0.42857  -0.28571  -0.14286   0.00000   0.14286   0.28572   0.42857 
<Band_DFT>  Eigen, time=0.019726
<Band_DFT>  DM, time=0.033065
    1   Ni  MulP   9.3091   8.6909 sum  18.0000 diff   0.6181
 Sum of MulP: up   =     9.30907 down          =     8.69093
              total=    18.00000 ideal(neutral)=    18.00000
<DFT>  Total Spin Moment (muB) =  0.618147884097
<DFT>  Mixing_weight= 0.003048071369
<DFT>  Uele   =  -26.521909916172  dUele     =   0.000724606698
<DFT>  NormRD =    0.001492691260  Criterion =   0.000000010000

******************* MD= 1  SCF=119 *******************
<Poisson>  Poisson's equation using FFT...
<Set_Hamiltonian>  Hamiltonian matrix for VNA+dVH+Vxc...
<Band>  Solving the eigenvalue problem...
 KGrids1:  -0.42857  -0.28571  -0.14286   0.00000   0.14286   0.28572   0.42857 
 KGrids2:  -0.42857  -0.28572  -0.14286  -0.00000   0.14286   0.28571   0.42857 
 KGrids3:  -0.42857  -0.28571  -0.14286   0.00000   0.14286   0.28572   0.42857 
<Band_DFT>  Eigen, time=0.019543
<Band_DFT>  DM, time=0.033116
    1   Ni  MulP   9.3112   8.6888 sum  18.0000 diff   0.6224
 Sum of MulP: up   =     9.31120 down          =     8.68880
              total=    18.00000 ideal(neutral)=    18.00000
<DFT>  Total Spin Moment (muB) =  0.622391056166
<DFT>  Mixing_weight= 0.003048071369
<DFT>  Uele   =  -26.522623756731  dUele     =   0.000713840559
<DFT>  NormRD =    0.001484157382  Criterion =   0.000000010000

******************* MD= 1  SCF=120 *******************
<Poisson>  Poisson's equation using FFT...
<Set_Hamiltonian>  Hamiltonian matrix for VNA+dVH+Vxc...
<Band>  Solving the eigenvalue problem...
 KGrids1:  -0.42857  -0.28571  -0.14286   0.00000   0.14286   0.28572   0.42857 
 KGrids2:  -0.42857  -0.28572  -0.14286  -0.00000   0.14286   0.28571   0.42857 
 KGrids3:  -0.42857  -0.28571  -0.14286   0.00000   0.14286   0.28572   0.42857 
<Band_DFT>  Eigen, time=0.019446
<Band_DFT>  DM, time=0.033277
    1   Ni  MulP   9.3133   8.6867 sum  18.0000 diff   0.6265
 Sum of MulP: up   =     9.31327 down          =     8.68673
              total=    18.00000 ideal(neutral)=    18.00000
<DFT>  Total Spin Moment (muB) =  0.626545542222
<DFT>  Mixing_weight= 0.003048071369
<DFT>  Uele   =  -26.523311670752  dUele     =   0.000687914021
<DFT>  NormRD =    0.001450776009  Criterion =   0.000000010000

******************* MD= 1  SCF=121 *******************
<Poisson>  Poisson's equation using FFT...
<Set_Hamiltonian>  Hamiltonian matrix for VNA+dVH+Vxc...
<Band>  Solving the eigenvalue problem...
 KGrids1:  -0.42857  -0.28571  -0.14286   0.00000   0.14286   0.28572   0.42857 
 KGrids2:  -0.42857  -0.28572  -0.14286  -0.00000   0.14286   0.28571   0.42857 
 KGrids3:  -0.42857  -0.28571  -0.14286   0.00000   0.14286   0.28572   0.42857 
<Band_DFT>  Eigen, time=0.019925
<Band_DFT>  DM, time=0.033221
    1   Ni  MulP   9.3549   8.6451 sum  18.0000 diff   0.7098
 Sum of MulP: up   =     9.35491 down          =     8.64509
              total=    18.00000 ideal(neutral)=    18.00000
<DFT>  Total Spin Moment (muB) =  0.709828974497
<DFT>  Mixing_weight= 0.003048071369
<DFT>  Uele   =  -26.558704778007  dUele     =   0.035393107256
<DFT>  NormRD =    0.001414208796  Criterion =   0.000000010000

******************* MD= 1  SCF=122 *******************
<Poisson>  Poisson's equation using FFT...
<Set_Hamiltonian>  Hamiltonian matrix for VNA+dVH+Vxc...
<Band>  Solving the eigenvalue problem...
 KGrids1:  -0.42857  -0.28571  -0.14286   0.00000   0.14286   0.28572   0.42857 
 KGrids2:  -0.42857  -0.28572  -0.14286  -0.00000   0.14286   0.28571   0.42857 
 KGrids3:  -0.42857  -0.28571  -0.14286   0.00000   0.14286   0.28572   0.42857 
<Band_DFT>  Eigen, time=0.019512
<Band_DFT>  DM, time=0.108433
    1   Ni  MulP   9.3163   8.6837 sum  18.0000 diff   0.6327
 Sum of MulP: up   =     9.31634 down          =     8.68366
              total=    18.00000 ideal(neutral)=    18.00000
<DFT>  Total Spin Moment (muB) =  0.632674118461
<DFT>  Mixing_weight= 0.003048071369
<DFT>  Uele   =  -26.523912869864  dUele     =   0.034791908143
<DFT>  NormRD =    0.012933103609  Criterion =   0.000000010000

******************* MD= 1  SCF=123 *******************
<Poisson>  Poisson's equation using FFT...
<Set_Hamiltonian>  Hamiltonian matrix for VNA+dVH+Vxc...
<Band>  Solving the eigenvalue problem...
 KGrids1:  -0.42857  -0.28571  -0.14286   0.00000   0.14286   0.28572   0.42857 
 KGrids2:  -0.42857  -0.28572  -0.14286  -0.00000   0.14286   0.28571   0.42857 
 KGrids3:  -0.42857  -0.28571  -0.14286   0.00000   0.14286   0.28572   0.42857 
<Band_DFT>  Eigen, time=0.019502
<Band_DFT>  DM, time=0.033132
    1   Ni  MulP   9.3173   8.6827 sum  18.0000 diff   0.6345
 Sum of MulP: up   =     9.31727 down          =     8.68273
              total=    18.00000 ideal(neutral)=    18.00000
<DFT>  Total Spin Moment (muB) =  0.634532137176
<DFT>  Mixing_weight= 0.003048071369
<DFT>  Uele   =  -26.524345645351  dUele     =   0.000432775487
<DFT>  NormRD =    0.001222664921  Criterion =   0.000000010000

******************* MD= 1  SCF=124 *******************
<Poisson>  Poisson's equation using FFT...
<Set_Hamiltonian>  Hamiltonian matrix for VNA+dVH+Vxc...
<Band>  Solving the eigenvalue problem...
 KGrids1:  -0.42857  -0.28571  -0.14286   0.00000   0.14286   0.28572   0.42857 
 KGrids2:  -0.42857  -0.28572  -0.14286  -0.00000   0.14286   0.28571   0.42857 
 KGrids3:  -0.42857  -0.28571  -0.14286   0.00000   0.14286   0.28572   0.42857 
<Band_DFT>  Eigen, time=0.019901
<Band_DFT>  DM, time=0.033127
    1   Ni  MulP   9.3114   8.6886 sum  18.0000 diff   0.6227
 Sum of MulP: up   =     9.31137 down          =     8.68863
              total=    18.00000 ideal(neutral)=    18.00000
<DFT>  Total Spin Moment (muB) =  0.622749987746
<DFT>  Mixing_weight= 0.003048071369
<DFT>  Uele   =  -26.522555402257  dUele     =   0.001790243093
<DFT>  NormRD =    0.001244492528  Criterion =   0.000000010000

******************* MD= 1  SCF=125 *******************
<Poisson>  Poisson's equation using FFT...
<Set_Hamiltonian>  Hamiltonian matrix for VNA+dVH+Vxc...
<Band>  Solving the eigenvalue problem...
 KGrids1:  -0.42857  -0.28571  -0.14286   0.00000   0.14286   0.28572   0.42857 
 KGrids2:  -0.42857  -0.28572  -0.14286  -0.00000   0.14286   0.28571   0.42857 
 KGrids3:  -0.42857  -0.28571  -0.14286   0.00000   0.14286   0.28572   0.42857 
<Band_DFT>  Eigen, time=0.020131
<Band_DFT>  DM, time=0.033131
    1   Ni  MulP   9.2966   8.7034 sum  18.0000 diff   0.5932
 Sum of MulP: up   =     9.29659 down          =     8.70341
              total=    18.00000 ideal(neutral)=    18.00000
<DFT>  Total Spin Moment (muB) =  0.593174085411
<DFT>  Mixing_weight= 0.003048071369
<DFT>  Uele   =  -26.517917052556  dUele     =   0.004638349701
<DFT>  NormRD =    0.001398635506  Criterion =   0.000000010000

******************* MD= 1  SCF=126 *******************
<Poisson>  Poisson's equation using FFT...
<Set_Hamiltonian>  Hamiltonian matrix for VNA+dVH+Vxc...
<Band>  Solving the eigenvalue problem...
 KGrids1:  -0.42857  -0.28571  -0.14286   0.00000   0.14286   0.28572   0.42857 
 KGrids2:  -0.42857  -0.28572  -0.14286  -0.00000   0.14286   0.28571   0.42857 
 KGrids3:  -0.42857  -0.28571  -0.14286   0.00000   0.14286   0.28572   0.42857 
<Band_DFT>  Eigen, time=0.019574
<Band_DFT>  DM, time=0.033124
    1   Ni  MulP   9.2939   8.7061 sum  18.0000 diff   0.5879
 Sum of MulP: up   =     9.29395 down          =     8.70605
              total=    18.00000 ideal(neutral)=    18.00000
<DFT>  Total Spin Moment (muB) =  0.587894916856
<DFT>  Mixing_weight= 0.003048071369
<DFT>  Uele   =  -26.517042356517  dUele     =   0.000874696040
<DFT>  NormRD =    0.001717225099  Criterion =   0.000000010000

******************* MD= 1  SCF=127 *******************
<Poisson>  Poisson's equation using FFT...
<Set_Hamiltonian>  Hamiltonian matrix for VNA+dVH+Vxc...
<Band>  Solving the eigenvalue problem...
 KGrids1:  -0.42857  -0.28571  -0.14286   0.00000   0.14286   0.28572   0.42857 
 KGrids2:  -0.42857  -0.28572  -0.14286  -0.00000   0.14286   0.28571   0.42857 
 KGrids3:  -0.42857  -0.28571  -0.14286   0.00000   0.14286   0.28572   0.42857 
<Band_DFT>  Eigen, time=0.019473
<Band_DFT>  DM, time=0.033130
    1   Ni  MulP   9.2939   8.7061 sum  18.0000 diff   0.5878
 Sum of MulP: up   =     9.29391 down          =     8.70609
              total=    18.00000 ideal(neutral)=    18.00000
<DFT>  Total Spin Moment (muB) =  0.587826613240
<DFT>  Mixing_weight= 0.003048071369
<DFT>  Uele   =  -26.517035452237  dUele     =   0.000006904280
<DFT>  NormRD =    0.001746313216  Criterion =   0.000000010000

******************* MD= 1  SCF=128 *******************
<Poisson>  Poisson's equation using FFT...
<Set_Hamiltonian>  Hamiltonian matrix for VNA+dVH+Vxc...
<Band>  Solving the eigenvalue problem...
 KGrids1:  -0.42857  -0.28571  -0.14286   0.00000   0.14286   0.28572   0.42857 
 KGrids2:  -0.42857  -0.28572  -0.14286  -0.00000   0.14286   0.28571   0.42857 
 KGrids3:  -0.42857  -0.28571  -0.14286   0.00000   0.14286   0.28572   0.42857 
<Band_DFT>  Eigen, time=0.019786
<Band_DFT>  DM, time=0.033130
    1   Ni  MulP   9.2938   8.7062 sum  18.0000 diff   0.5876
 Sum of MulP: up   =     9.29378 down          =     8.70622
              total=    18.00000 ideal(neutral)=    18.00000
<DFT>  Total Spin Moment (muB) =  0.587553596888
<DFT>  Mixing_weight= 0.003048071369
<DFT>  Uele   =  -26.516990828115  dUele     =   0.000044624121
<DFT>  NormRD =    0.001748239427  Criterion =   0.000000010000

******************* MD= 1  SCF=129 *******************
<Poisson>  Poisson's equation using FFT...
<Set_Hamiltonian>  Hamiltonian matrix for VNA+dVH+Vxc...
<Band>  Solving the eigenvalue problem...
 KGrids1:  -0.42857  -0.28571  -0.14286   0.00000   0.14286   0.28572   0.42857 
 KGrids2:  -0.42857  -0.28572  -0.14286  -0.00000   0.14286   0.28571   0.42857 
 KGrids3:  -0.42857  -0.28571  -0.14286   0.00000   0.14286   0.28572   0.42857 
<Band_DFT>  Eigen, time=0.019776
<Band_DFT>  DM, time=0.033157
    1   Ni  MulP   9.2938   8.7062 sum  18.0000 diff   0.5877
 Sum of MulP: up   =     9.29383 down          =     8.70617
              total=    18.00000 ideal(neutral)=    18.00000
<DFT>  Total Spin Moment (muB) =  0.587650527769
<DFT>  Mixing_weight= 0.003048071369
<DFT>  Uele   =  -26.517009350118  dUele     =   0.000018522003
<DFT>  NormRD =    0.001749843605  Criterion =   0.000000010000

******************* MD= 1  SCF=130 *******************
<Poisson>  Poisson's equation using FFT...
<Set_Hamiltonian>  Hamiltonian matrix for VNA+dVH+Vxc...
<Band>  Solving the eigenvalue problem...
 KGrids1:  -0.42857  -0.28571  -0.14286   0.00000   0.14286   0.28572   0.42857 
 KGrids2:  -0.42857  -0.28572  -0.14286  -0.00000   0.14286   0.28571   0.42857 
 KGrids3:  -0.42857  -0.28571  -0.14286   0.00000   0.14286   0.28572   0.42857 
<Band_DFT>  Eigen, time=0.019838
<Band_DFT>  DM, time=0.033128
    1   Ni  MulP   9.2937   8.7063 sum  18.0000 diff   0.5874
 Sum of MulP: up   =     9.29369 down          =     8.70631
              total=    18.00000 ideal(neutral)=    18.00000
<DFT>  Total Spin Moment (muB) =  0.587386723314
<DFT>  Mixing_weight= 0.003048071369
<DFT>  Uele   =  -26.516965545385  dUele     =   0.000043804733
<DFT>  NormRD =    0.001750233146  Criterion =   0.000000010000

******************* MD= 1  SCF=131 *******************
<Poisson>  Poisson's equation using FFT...
<Set_Hamiltonian>  Hamiltonian matrix for VNA+dVH+Vxc...
<Band>  Solving the eigenvalue problem...
 KGrids1:  -0.42857  -0.28571  -0.14286   0.00000   0.14286   0.28572   0.42857 
 KGrids2:  -0.42857  -0.28572  -0.14286  -0.00000   0.14286   0.28571   0.42857 
 KGrids3:  -0.42857  -0.28571  -0.14286   0.00000   0.14286   0.28572   0.42857 
<Band_DFT>  Eigen, time=0.019895
<Band_DFT>  DM, time=0.033078
    1   Ni  MulP   9.2938   8.7062 sum  18.0000 diff   0.5875
 Sum of MulP: up   =     9.29375 down          =     8.70625
              total=    18.00000 ideal(neutral)=    18.00000
<DFT>  Total Spin Moment (muB) =  0.587504380480
<DFT>  Mixing_weight= 0.003048071369
<DFT>  Uele   =  -26.516986238055  dUele     =   0.000020692670
<DFT>  NormRD =    0.001751531384  Criterion =   0.000000010000

******************* MD= 1  SCF=132 *******************
<Poisson>  Poisson's equation using FFT...
<Set_Hamiltonian>  Hamiltonian matrix for VNA+dVH+Vxc...
<Band>  Solving the eigenvalue problem...
 KGrids1:  -0.42857  -0.28571  -0.14286   0.00000   0.14286   0.28572   0.42857 
 KGrids2:  -0.42857  -0.28572  -0.14286  -0.00000   0.14286   0.28571   0.42857 
 KGrids3:  -0.42857  -0.28571  -0.14286   0.00000   0.14286   0.28572   0.42857 
<Band_DFT>  Eigen, time=0.019376
<Band_DFT>  DM, time=0.033125
    1   Ni  MulP   9.2937   8.7063 sum  18.0000 diff   0.5874
 Sum of MulP: up   =     9.29372 down          =     8.70628
              total=    18.00000 ideal(neutral)=    18.00000
<DFT>  Total Spin Moment (muB) =  0.587433777820
<DFT>  Mixing_weight= 0.003048071369
<DFT>  Uele   =  -26.516975266727  dUele     =   0.000010971328
<DFT>  NormRD =    0.001751367026  Criterion =   0.000000010000

******************* MD= 1  SCF=133 *******************
<Poisson>  Poisson's equation using FFT...
<Set_Hamiltonian>  Hamiltonian matrix for VNA+dVH+Vxc...
<Band>  Solving the eigenvalue problem...
 KGrids1:  -0.42857  -0.28571  -0.14286   0.00000   0.14286   0.28572   0.42857 
 KGrids2:  -0.42857  -0.28572  -0.14286  -0.00000   0.14286   0.28571   0.42857 
 KGrids3:  -0.42857  -0.28571  -0.14286   0.00000   0.14286   0.28572   0.42857 
<Band_DFT>  Eigen, time=0.019555
<Band_DFT>  DM, time=0.033058
    1   Ni  MulP   9.2936   8.7064 sum  18.0000 diff   0.5871
 Sum of MulP: up   =     9.29357 down          =     8.70643
              total=    18.00000 ideal(neutral)=    18.00000
<DFT>  Total Spin Moment (muB) =  0.587147900460
<DFT>  Mixing_weight= 0.003048071369
<DFT>  Uele   =  -26.516927119547  dUele     =   0.000048147180
<DFT>  NormRD =    0.001751983288  Criterion =   0.000000010000

******************* MD= 1  SCF=134 *******************
<Poisson>  Poisson's equation using FFT...
<Set_Hamiltonian>  Hamiltonian matrix for VNA+dVH+Vxc...
<Band>  Solving the eigenvalue problem...
 KGrids1:  -0.42857  -0.28571  -0.14286   0.00000   0.14286   0.28572   0.42857 
 KGrids2:  -0.42857  -0.28572  -0.14286  -0.00000   0.14286   0.28571   0.42857 
 KGrids3:  -0.42857  -0.28571  -0.14286   0.00000   0.14286   0.28572   0.42857 
<Band_DFT>  Eigen, time=0.019836
<Band_DFT>  DM, time=0.033110
    1   Ni  MulP   9.2936   8.7064 sum  18.0000 diff   0.5872
 Sum of MulP: up   =     9.29358 down          =     8.70642
              total=    18.00000 ideal(neutral)=    18.00000
<DFT>  Total Spin Moment (muB) =  0.587156097397
<DFT>  Mixing_weight= 0.003048071369
<DFT>  Uele   =  -26.516928095835  dUele     =   0.000000976288
<DFT>  NormRD =    0.001753137375  Criterion =   0.000000010000

******************* MD= 1  SCF=135 *******************
<Poisson>  Poisson's equation using FFT...
<Set_Hamiltonian>  Hamiltonian matrix for VNA+dVH+Vxc...
<Band>  Solving the eigenvalue problem...
 KGrids1:  -0.42857  -0.28571  -0.14286   0.00000   0.14286   0.28572   0.42857 
 KGrids2:  -0.42857  -0.28572  -0.14286  -0.00000   0.14286   0.28571   0.42857 
 KGrids3:  -0.42857  -0.28571  -0.14286   0.00000   0.14286   0.28572   0.42857 
<Band_DFT>  Eigen, time=0.019517
<Band_DFT>  DM, time=0.033030
    1   Ni  MulP   9.2934   8.7066 sum  18.0000 diff   0.5868
 Sum of MulP: up   =     9.29338 down          =     8.70662
              total=    18.00000 ideal(neutral)=    18.00000
<DFT>  Total Spin Moment (muB) =  0.586764804656
<DFT>  Mixing_weight= 0.003048071369
<DFT>  Uele   =  -26.516857708740  dUele     =   0.000070387094
<DFT>  NormRD =    0.001752958109  Criterion =   0.000000010000

******************* MD= 1  SCF=136 *******************
<Poisson>  Poisson's equation using FFT...
<Set_Hamiltonian>  Hamiltonian matrix for VNA+dVH+Vxc...
<Band>  Solving the eigenvalue problem...
 KGrids1:  -0.42857  -0.28571  -0.14286   0.00000   0.14286   0.28572   0.42857 
 KGrids2:  -0.42857  -0.28572  -0.14286  -0.00000   0.14286   0.28571   0.42857 
 KGrids3:  -0.42857  -0.28571  -0.14286   0.00000   0.14286   0.28572   0.42857 
<Band_DFT>  Eigen, time=0.019505
<Band_DFT>  DM, time=0.033090
    1   Ni  MulP   9.2939   8.7061 sum  18.0000 diff   0.5878
 Sum of MulP: up   =     9.29390 down          =     8.70610
              total=    18.00000 ideal(neutral)=    18.00000
<DFT>  Total Spin Moment (muB) =  0.587804901324
<DFT>  Mixing_weight= 0.003048071369
<DFT>  Uele   =  -26.517013110685  dUele     =   0.000155401945
<DFT>  NormRD =    0.001752911207  Criterion =   0.000000010000

******************* MD= 1  SCF=137 *******************
<Poisson>  Poisson's equation using FFT...
<Set_Hamiltonian>  Hamiltonian matrix for VNA+dVH+Vxc...
<Band>  Solving the eigenvalue problem...
 KGrids1:  -0.42857  -0.28571  -0.14286   0.00000   0.14286   0.28572   0.42857 
 KGrids2:  -0.42857  -0.28572  -0.14286  -0.00000   0.14286   0.28571   0.42857 
 KGrids3:  -0.42857  -0.28571  -0.14286   0.00000   0.14286   0.28572   0.42857 
<Band_DFT>  Eigen, time=0.019878
<Band_DFT>  DM, time=0.033135
    1   Ni  MulP   9.2928   8.7072 sum  18.0000 diff   0.5856
 Sum of MulP: up   =     9.29280 down          =     8.70720
              total=    18.00000 ideal(neutral)=    18.00000
<DFT>  Total Spin Moment (muB) =  0.585609263049
<DFT>  Mixing_weight= 0.003048071369
<DFT>  Uele   =  -26.516649304865  dUele     =   0.000363805820
<DFT>  NormRD =    0.001741648593  Criterion =   0.000000010000

******************* MD= 1  SCF=138 *******************
<Poisson>  Poisson's equation using FFT...
<Set_Hamiltonian>  Hamiltonian matrix for VNA+dVH+Vxc...
<Band>  Solving the eigenvalue problem...
 KGrids1:  -0.42857  -0.28571  -0.14286   0.00000   0.14286   0.28572   0.42857 
 KGrids2:  -0.42857  -0.28572  -0.14286  -0.00000   0.14286   0.28571   0.42857 
 KGrids3:  -0.42857  -0.28571  -0.14286   0.00000   0.14286   0.28572   0.42857 
<Band_DFT>  Eigen, time=0.019404
<Band_DFT>  DM, time=0.033088
    1   Ni  MulP   9.2959   8.7041 sum  18.0000 diff   0.5919
 Sum of MulP: up   =     9.29593 down          =     8.70407
              total=    18.00000 ideal(neutral)=    18.00000
<DFT>  Total Spin Moment (muB) =  0.591853008556
<DFT>  Mixing_weight= 0.003048071369
<DFT>  Uele   =  -26.517646598024  dUele     =   0.000997293159
<DFT>  NormRD =    0.001752511379  Criterion =   0.000000010000

******************* MD= 1  SCF=139 *******************
<Poisson>  Poisson's equation using FFT...
<Set_Hamiltonian>  Hamiltonian matrix for VNA+dVH+Vxc...
<Band>  Solving the eigenvalue problem...
 KGrids1:  -0.42857  -0.28571  -0.14286   0.00000   0.14286   0.28572   0.42857 
 KGrids2:  -0.42857  -0.28572  -0.14286  -0.00000   0.14286   0.28571   0.42857 
 KGrids3:  -0.42857  -0.28571  -0.14286   0.00000   0.14286   0.28572   0.42857 
<Band_DFT>  Eigen, time=0.019512
<Band_DFT>  DM, time=0.033270
    1   Ni  MulP   9.2971   8.7029 sum  18.0000 diff   0.5942
 Sum of MulP: up   =     9.29710 down          =     8.70290
              total=    18.00000 ideal(neutral)=    18.00000
<DFT>  Total Spin Moment (muB) =  0.594190404303
<DFT>  Mixing_weight= 0.003048071369
<DFT>  Uele   =  -26.518015305324  dUele     =   0.000368707300
<DFT>  NormRD =    0.001706484808  Criterion =   0.000000010000

******************* MD= 1  SCF=140 *******************
<Poisson>  Poisson's equation using FFT...
<Set_Hamiltonian>  Hamiltonian matrix for VNA+dVH+Vxc...
<Band>  Solving the eigenvalue problem...
 KGrids1:  -0.42857  -0.28571  -0.14286   0.00000   0.14286   0.28572   0.42857 
 KGrids2:  -0.42857  -0.28572  -0.14286  -0.00000   0.14286   0.28571   0.42857 
 KGrids3:  -0.42857  -0.28571  -0.14286   0.00000   0.14286   0.28572   0.42857 
<Band_DFT>  Eigen, time=0.019518
<Band_DFT>  DM, time=0.033111
    1   Ni  MulP   9.2960   8.7040 sum  18.0000 diff   0.5920
 Sum of MulP: up   =     9.29601 down          =     8.70399
              total=    18.00000 ideal(neutral)=    18.00000
<DFT>  Total Spin Moment (muB) =  0.592018682311
<DFT>  Mixing_weight= 0.003048071369
<DFT>  Uele   =  -26.517668622643  dUele     =   0.000346682681
<DFT>  NormRD =    0.001686069028  Criterion =   0.000000010000

******************* MD= 1  SCF=141 *******************
<Poisson>  Poisson's equation using FFT...
<Set_Hamiltonian>  Hamiltonian matrix for VNA+dVH+Vxc...
<Band>  Solving the eigenvalue problem...
 KGrids1:  -0.42857  -0.28571  -0.14286   0.00000   0.14286   0.28572   0.42857 
 KGrids2:  -0.42857  -0.28572  -0.14286  -0.00000   0.14286   0.28571   0.42857 
 KGrids3:  -0.42857  -0.28571  -0.14286   0.00000   0.14286   0.28572   0.42857 
<Band_DFT>  Eigen, time=0.019490
<Band_DFT>  DM, time=0.033143
    1   Ni  MulP   9.2910   8.7090 sum  18.0000 diff   0.5820
 Sum of MulP: up   =     9.29101 down          =     8.70899
              total=    18.00000 ideal(neutral)=    18.00000
<DFT>  Total Spin Moment (muB) =  0.582024614424
<DFT>  Mixing_weight= 0.003048071369
<DFT>  Uele   =  -26.516044925994  dUele     =   0.001623696648
<DFT>  NormRD =    0.001703624645  Criterion =   0.000000010000

******************* MD= 1  SCF=142 *******************
<Poisson>  Poisson's equation using FFT...
<Set_Hamiltonian>  Hamiltonian matrix for VNA+dVH+Vxc...
<Band>  Solving the eigenvalue problem...
 KGrids1:  -0.42857  -0.28571  -0.14286   0.00000   0.14286   0.28572   0.42857 
 KGrids2:  -0.42857  -0.28572  -0.14286  -0.00000   0.14286   0.28571   0.42857 
 KGrids3:  -0.42857  -0.28571  -0.14286   0.00000   0.14286   0.28572   0.42857 
<Band_DFT>  Eigen, time=0.019652
<Band_DFT>  DM, time=0.033422
    1   Ni  MulP   9.3533   8.6467 sum  18.0000 diff   0.7065
 Sum of MulP: up   =     9.35326 down          =     8.64674
              total=    18.00000 ideal(neutral)=    18.00000
<DFT>  Total Spin Moment (muB) =  0.706518230775
<DFT>  Mixing_weight= 0.003048071369
<DFT>  Uele   =  -26.551434271002  dUele     =   0.035389345008
<DFT>  NormRD =    0.001764868696  Criterion =   0.000000010000

******************* MD= 1  SCF=143 *******************
<Poisson>  Poisson's equation using FFT...
<Set_Hamiltonian>  Hamiltonian matrix for VNA+dVH+Vxc...
<Band>  Solving the eigenvalue problem...
 KGrids1:  -0.42857  -0.28571  -0.14286   0.00000   0.14286   0.28572   0.42857 
 KGrids2:  -0.42857  -0.28572  -0.14286  -0.00000   0.14286   0.28571   0.42857 
 KGrids3:  -0.42857  -0.28571  -0.14286   0.00000   0.14286   0.28572   0.42857 
<Band_DFT>  Eigen, time=0.019403
<Band_DFT>  DM, time=0.032996
    1   Ni  MulP   9.2870   8.7130 sum  18.0000 diff   0.5739
 Sum of MulP: up   =     9.28695 down          =     8.71305
              total=    18.00000 ideal(neutral)=    18.00000
<DFT>  Total Spin Moment (muB) =  0.573909328898
<DFT>  Mixing_weight= 0.003048071369
<DFT>  Uele   =  -26.514612385857  dUele     =   0.036821885145
<DFT>  NormRD =    0.009612571489  Criterion =   0.000000010000

******************* MD= 1  SCF=144 *******************
<Poisson>  Poisson's equation using FFT...
<Set_Hamiltonian>  Hamiltonian matrix for VNA+dVH+Vxc...
<Band>  Solving the eigenvalue problem...
 KGrids1:  -0.42857  -0.28571  -0.14286   0.00000   0.14286   0.28572   0.42857 
 KGrids2:  -0.42857  -0.28572  -0.14286  -0.00000   0.14286   0.28571   0.42857 
 KGrids3:  -0.42857  -0.28571  -0.14286   0.00000   0.14286   0.28572   0.42857 
<Band_DFT>  Eigen, time=0.019485
<Band_DFT>  DM, time=0.033069
    1   Ni  MulP   9.2727   8.7273 sum  18.0000 diff   0.5454
 Sum of MulP: up   =     9.27268 down          =     8.72732
              total=    18.00000 ideal(neutral)=    18.00000
<DFT>  Total Spin Moment (muB) =  0.545360422058
<DFT>  Mixing_weight= 0.003048071369
<DFT>  Uele   =  -26.510061965930  dUele     =   0.004550419927
<DFT>  NormRD =    0.001765430129  Criterion =   0.000000010000

******************* MD= 1  SCF=145 *******************
<Poisson>  Poisson's equation using FFT...
<Set_Hamiltonian>  Hamiltonian matrix for VNA+dVH+Vxc...
<Band>  Solving the eigenvalue problem...
 KGrids1:  -0.42857  -0.28571  -0.14286   0.00000   0.14286   0.28572   0.42857 
 KGrids2:  -0.42857  -0.28572  -0.14286  -0.00000   0.14286   0.28571   0.42857 
 KGrids3:  -0.42857  -0.28571  -0.14286   0.00000   0.14286   0.28572   0.42857 
<Band_DFT>  Eigen, time=0.019457
<Band_DFT>  DM, time=0.033073
    1   Ni  MulP   9.2796   8.7204 sum  18.0000 diff   0.5593
 Sum of MulP: up   =     9.27964 down          =     8.72036
              total=    18.00000 ideal(neutral)=    18.00000
<DFT>  Total Spin Moment (muB) =  0.559285917160
<DFT>  Mixing_weight= 0.003048071369
<DFT>  Uele   =  -26.512295760207  dUele     =   0.002233794277
<DFT>  NormRD =    0.001875236238  Criterion =   0.000000010000

******************* MD= 1  SCF=146 *******************
<Poisson>  Poisson's equation using FFT...
<Set_Hamiltonian>  Hamiltonian matrix for VNA+dVH+Vxc...
<Band>  Solving the eigenvalue problem...
 KGrids1:  -0.42857  -0.28571  -0.14286   0.00000   0.14286   0.28572   0.42857 
 KGrids2:  -0.42857  -0.28572  -0.14286  -0.00000   0.14286   0.28571   0.42857 
 KGrids3:  -0.42857  -0.28571  -0.14286   0.00000   0.14286   0.28572   0.42857 
<Band_DFT>  Eigen, time=0.019345
<Band_DFT>  DM, time=0.033097
    1   Ni  MulP   9.2661   8.7339 sum  18.0000 diff   0.5321
 Sum of MulP: up   =     9.26605 down          =     8.73395
              total=    18.00000 ideal(neutral)=    18.00000
<DFT>  Total Spin Moment (muB) =  0.532102903980
<DFT>  Mixing_weight= 0.003048071369
<DFT>  Uele   =  -26.507999767580  dUele     =   0.004295992627
<DFT>  NormRD =    0.001833517245  Criterion =   0.000000010000

******************* MD= 1  SCF=147 *******************
<Poisson>  Poisson's equation using FFT...
<Set_Hamiltonian>  Hamiltonian matrix for VNA+dVH+Vxc...
<Band>  Solving the eigenvalue problem...
 KGrids1:  -0.42857  -0.28571  -0.14286   0.00000   0.14286   0.28572   0.42857 
 KGrids2:  -0.42857  -0.28572  -0.14286  -0.00000   0.14286   0.28571   0.42857 
 KGrids3:  -0.42857  -0.28571  -0.14286   0.00000   0.14286   0.28572   0.42857 
<Band_DFT>  Eigen, time=0.019495
<Band_DFT>  DM, time=0.033139
    1   Ni  MulP   9.2655   8.7345 sum  18.0000 diff   0.5309
 Sum of MulP: up   =     9.26546 down          =     8.73454
              total=    18.00000 ideal(neutral)=    18.00000
<DFT>  Total Spin Moment (muB) =  0.530917929533
<DFT>  Mixing_weight= 0.003048071369
<DFT>  Uele   =  -26.507819977443  dUele     =   0.000179790137
<DFT>  NormRD =    0.001934205295  Criterion =   0.000000010000

******************* MD= 1  SCF=148 *******************
<Poisson>  Poisson's equation using FFT...
<Set_Hamiltonian>  Hamiltonian matrix for VNA+dVH+Vxc...
<Band>  Solving the eigenvalue problem...
 KGrids1:  -0.42857  -0.28571  -0.14286   0.00000   0.14286   0.28572   0.42857 
 KGrids2:  -0.42857  -0.28572  -0.14286  -0.00000   0.14286   0.28571   0.42857 
 KGrids3:  -0.42857  -0.28571  -0.14286   0.00000   0.14286   0.28572   0.42857 
<Band_DFT>  Eigen, time=0.019695
<Band_DFT>  DM, time=0.033187
    1   Ni  MulP   9.2655   8.7345 sum  18.0000 diff   0.5311
 Sum of MulP: up   =     9.26554 down          =     8.73446
              total=    18.00000 ideal(neutral)=    18.00000
<DFT>  Total Spin Moment (muB) =  0.531088388696
<DFT>  Mixing_weight= 0.003048071369
<DFT>  Uele   =  -26.507845906017  dUele     =   0.000025928573
<DFT>  NormRD =    0.001941139395  Criterion =   0.000000010000

******************* MD= 1  SCF=149 *******************
<Poisson>  Poisson's equation using FFT...
<Set_Hamiltonian>  Hamiltonian matrix for VNA+dVH+Vxc...
<Band>  Solving the eigenvalue problem...
 KGrids1:  -0.42857  -0.28571  -0.14286   0.00000   0.14286   0.28572   0.42857 
 KGrids2:  -0.42857  -0.28572  -0.14286  -0.00000   0.14286   0.28571   0.42857 
 KGrids3:  -0.42857  -0.28571  -0.14286   0.00000   0.14286   0.28572   0.42857 
<Band_DFT>  Eigen, time=0.019697
<Band_DFT>  DM, time=0.033060
    1   Ni  MulP   9.2655   8.7345 sum  18.0000 diff   0.5311
 Sum of MulP: up   =     9.26554 down          =     8.73446
              total=    18.00000 ideal(neutral)=    18.00000
<DFT>  Total Spin Moment (muB) =  0.531079576162
<DFT>  Mixing_weight= 0.003048071369
<DFT>  Uele   =  -26.507844461250  dUele     =   0.000001444767
<DFT>  NormRD =    0.001940162222  Criterion =   0.000000010000

******************* MD= 1  SCF=150 *******************
<Poisson>  Poisson's equation using FFT...
<Set_Hamiltonian>  Hamiltonian matrix for VNA+dVH+Vxc...
<Band>  Solving the eigenvalue problem...
 KGrids1:  -0.42857  -0.28571  -0.14286   0.00000   0.14286   0.28572   0.42857 
 KGrids2:  -0.42857  -0.28572  -0.14286  -0.00000   0.14286   0.28571   0.42857 
 KGrids3:  -0.42857  -0.28571  -0.14286   0.00000   0.14286   0.28572   0.42857 
<Band_DFT>  Eigen, time=0.019508
<Band_DFT>  DM, time=0.033620
    1   Ni  MulP   9.2656   8.7344 sum  18.0000 diff   0.5311
 Sum of MulP: up   =     9.26556 down          =     8.73444
              total=    18.00000 ideal(neutral)=    18.00000
<DFT>  Total Spin Moment (muB) =  0.531122890291
<DFT>  Mixing_weight= 0.003048071369
<DFT>  Uele   =  -26.507850744790  dUele     =   0.000006283541
<DFT>  NormRD =    0.001940179206  Criterion =   0.000000010000

******************* MD= 1  SCF=151 *******************
<Poisson>  Poisson's equation using FFT...
<Set_Hamiltonian>  Hamiltonian matrix for VNA+dVH+Vxc...
<Band>  Solving the eigenvalue problem...
 KGrids1:  -0.42857  -0.28571  -0.14286   0.00000   0.14286   0.28572   0.42857 
 KGrids2:  -0.42857  -0.28572  -0.14286  -0.00000   0.14286   0.28571   0.42857 
 KGrids3:  -0.42857  -0.28571  -0.14286   0.00000   0.14286   0.28572   0.42857 
<Band_DFT>  Eigen, time=0.019767
<Band_DFT>  DM, time=0.033347
    1   Ni  MulP   9.2656   8.7344 sum  18.0000 diff   0.5313
 Sum of MulP: up   =     9.26564 down          =     8.73436
              total=    18.00000 ideal(neutral)=    18.00000
<DFT>  Total Spin Moment (muB) =  0.531280146216
<DFT>  Mixing_weight= 0.003048071369
<DFT>  Uele   =  -26.507874600868  dUele     =   0.000023856078
<DFT>  NormRD =    0.001939834399  Criterion =   0.000000010000

******************* MD= 1  SCF=152 *******************
<Poisson>  Poisson's equation using FFT...
<Set_Hamiltonian>  Hamiltonian matrix for VNA+dVH+Vxc...
<Band>  Solving the eigenvalue problem...
 KGrids1:  -0.42857  -0.28571  -0.14286   0.00000   0.14286   0.28572   0.42857 
 KGrids2:  -0.42857  -0.28572  -0.14286  -0.00000   0.14286   0.28571   0.42857 
 KGrids3:  -0.42857  -0.28571  -0.14286   0.00000   0.14286   0.28572   0.42857 
<Band_DFT>  Eigen, time=0.019369
<Band_DFT>  DM, time=0.033269
    1   Ni  MulP   9.2657   8.7343 sum  18.0000 diff   0.5315
 Sum of MulP: up   =     9.26573 down          =     8.73427
              total=    18.00000 ideal(neutral)=    18.00000
<DFT>  Total Spin Moment (muB) =  0.531452251906
<DFT>  Mixing_weight= 0.003048071369
<DFT>  Uele   =  -26.507900247755  dUele     =   0.000025646886
<DFT>  NormRD =    0.001938913383  Criterion =   0.000000010000

******************* MD= 1  SCF=153 *******************
<Poisson>  Poisson's equation using FFT...
<Set_Hamiltonian>  Hamiltonian matrix for VNA+dVH+Vxc...
<Band>  Solving the eigenvalue problem...
 KGrids1:  -0.42857  -0.28571  -0.14286   0.00000   0.14286   0.28572   0.42857 
 KGrids2:  -0.42857  -0.28572  -0.14286  -0.00000   0.14286   0.28571   0.42857 
 KGrids3:  -0.42857  -0.28571  -0.14286   0.00000   0.14286   0.28572   0.42857 
<Band_DFT>  Eigen, time=0.019548
<Band_DFT>  DM, time=0.033227
    1   Ni  MulP   9.2659   8.7341 sum  18.0000 diff   0.5318
 Sum of MulP: up   =     9.26589 down          =     8.73411
              total=    18.00000 ideal(neutral)=    18.00000
<DFT>  Total Spin Moment (muB) =  0.531783889434
<DFT>  Mixing_weight= 0.003048071369
<DFT>  Uele   =  -26.507950026990  dUele     =   0.000049779236
<DFT>  NormRD =    0.001937757476  Criterion =   0.000000010000

******************* MD= 1  SCF=154 *******************
<Poisson>  Poisson's equation using FFT...
<Set_Hamiltonian>  Hamiltonian matrix for VNA+dVH+Vxc...
<Band>  Solving the eigenvalue problem...
 KGrids1:  -0.42857  -0.28571  -0.14286   0.00000   0.14286   0.28572   0.42857 
 KGrids2:  -0.42857  -0.28572  -0.14286  -0.00000   0.14286   0.28571   0.42857 
 KGrids3:  -0.42857  -0.28571  -0.14286   0.00000   0.14286   0.28572   0.42857 
<Band_DFT>  Eigen, time=0.020193
<Band_DFT>  DM, time=0.033232
    1   Ni  MulP   9.2663   8.7337 sum  18.0000 diff   0.5327
 Sum of MulP: up   =     9.26635 down          =     8.73365
              total=    18.00000 ideal(neutral)=    18.00000
<DFT>  Total Spin Moment (muB) =  0.532698508877
<DFT>  Mixing_weight= 0.003048071369
<DFT>  Uele   =  -26.508088924787  dUele     =   0.000138897796
<DFT>  NormRD =    0.001935647471  Criterion =   0.000000010000

******************* MD= 1  SCF=155 *******************
<Poisson>  Poisson's equation using FFT...
<Set_Hamiltonian>  Hamiltonian matrix for VNA+dVH+Vxc...
<Band>  Solving the eigenvalue problem...
 KGrids1:  -0.42857  -0.28571  -0.14286   0.00000   0.14286   0.28572   0.42857 
 KGrids2:  -0.42857  -0.28572  -0.14286  -0.00000   0.14286   0.28571   0.42857 
 KGrids3:  -0.42857  -0.28571  -0.14286   0.00000   0.14286   0.28572   0.42857 
<Band_DFT>  Eigen, time=0.019402
<Band_DFT>  DM, time=0.033522
    1   Ni  MulP   9.2672   8.7328 sum  18.0000 diff   0.5345
 Sum of MulP: up   =     9.26723 down          =     8.73277
              total=    18.00000 ideal(neutral)=    18.00000
<DFT>  Total Spin Moment (muB) =  0.534460382836
<DFT>  Mixing_weight= 0.003048071369
<DFT>  Uele   =  -26.508356777564  dUele     =   0.000267852777
<DFT>  NormRD =    0.001930350156  Criterion =   0.000000010000

******************* MD= 1  SCF=156 *******************
<Poisson>  Poisson's equation using FFT...
<Set_Hamiltonian>  Hamiltonian matrix for VNA+dVH+Vxc...
<Band>  Solving the eigenvalue problem...
 KGrids1:  -0.42857  -0.28571  -0.14286   0.00000   0.14286   0.28572   0.42857 
 KGrids2:  -0.42857  -0.28572  -0.14286  -0.00000   0.14286   0.28571   0.42857 
 KGrids3:  -0.42857  -0.28571  -0.14286   0.00000   0.14286   0.28572   0.42857 
<Band_DFT>  Eigen, time=0.019478
<Band_DFT>  DM, time=0.033125
    1   Ni  MulP   9.2692   8.7308 sum  18.0000 diff   0.5384
 Sum of MulP: up   =     9.26920 down          =     8.73080
              total=    18.00000 ideal(neutral)=    18.00000
<DFT>  Total Spin Moment (muB) =  0.538391790457
<DFT>  Mixing_weight= 0.003048071369
<DFT>  Uele   =  -26.508959786569  dUele     =   0.000603009005
<DFT>  NormRD =    0.001920278201  Criterion =   0.000000010000

******************* MD= 1  SCF=157 *******************
<Poisson>  Poisson's equation using FFT...
<Set_Hamiltonian>  Hamiltonian matrix for VNA+dVH+Vxc...
<Band>  Solving the eigenvalue problem...
 KGrids1:  -0.42857  -0.28571  -0.14286   0.00000   0.14286   0.28572   0.42857 
 KGrids2:  -0.42857  -0.28572  -0.14286  -0.00000   0.14286   0.28571   0.42857 
 KGrids3:  -0.42857  -0.28571  -0.14286   0.00000   0.14286   0.28572   0.42857 
<Band_DFT>  Eigen, time=0.019688
<Band_DFT>  DM, time=0.033235
    1   Ni  MulP   9.2708   8.7292 sum  18.0000 diff   0.5417
 Sum of MulP: up   =     9.27084 down          =     8.72916
              total=    18.00000 ideal(neutral)=    18.00000
<DFT>  Total Spin Moment (muB) =  0.541685903997
<DFT>  Mixing_weight= 0.003048071369
<DFT>  Uele   =  -26.509465393107  dUele     =   0.000505606538
<DFT>  NormRD =    0.001899703792  Criterion =   0.000000010000

******************* MD= 1  SCF=158 *******************
<Poisson>  Poisson's equation using FFT...
<Set_Hamiltonian>  Hamiltonian matrix for VNA+dVH+Vxc...
<Band>  Solving the eigenvalue problem...
 KGrids1:  -0.42857  -0.28571  -0.14286   0.00000   0.14286   0.28572   0.42857 
 KGrids2:  -0.42857  -0.28572  -0.14286  -0.00000   0.14286   0.28571   0.42857 
 KGrids3:  -0.42857  -0.28571  -0.14286   0.00000   0.14286   0.28572   0.42857 
<Band_DFT>  Eigen, time=0.019462
<Band_DFT>  DM, time=0.033535
    1   Ni  MulP   9.2705   8.7295 sum  18.0000 diff   0.5410
 Sum of MulP: up   =     9.27052 down          =     8.72948
              total=    18.00000 ideal(neutral)=    18.00000
<DFT>  Total Spin Moment (muB) =  0.541044042433
<DFT>  Mixing_weight= 0.003048071369
<DFT>  Uele   =  -26.509359474908  dUele     =   0.000105918198
<DFT>  NormRD =    0.001882725979  Criterion =   0.000000010000

******************* MD= 1  SCF=159 *******************
<Poisson>  Poisson's equation using FFT...
<Set_Hamiltonian>  Hamiltonian matrix for VNA+dVH+Vxc...
<Band>  Solving the eigenvalue problem...
 KGrids1:  -0.42857  -0.28571  -0.14286   0.00000   0.14286   0.28572   0.42857 
 KGrids2:  -0.42857  -0.28572  -0.14286  -0.00000   0.14286   0.28571   0.42857 
 KGrids3:  -0.42857  -0.28571  -0.14286   0.00000   0.14286   0.28572   0.42857 
<Band_DFT>  Eigen, time=0.019447
<Band_DFT>  DM, time=0.033034
    1   Ni  MulP   9.2706   8.7294 sum  18.0000 diff   0.5412
 Sum of MulP: up   =     9.27058 down          =     8.72942
              total=    18.00000 ideal(neutral)=    18.00000
<DFT>  Total Spin Moment (muB) =  0.541153182827
<DFT>  Mixing_weight= 0.003048071369
<DFT>  Uele   =  -26.509369428427  dUele     =   0.000009953519
<DFT>  NormRD =    0.001883605359  Criterion =   0.000000010000

******************* MD= 1  SCF=160 *******************
<Poisson>  Poisson's equation using FFT...
<Set_Hamiltonian>  Hamiltonian matrix for VNA+dVH+Vxc...
<Band>  Solving the eigenvalue problem...
 KGrids1:  -0.42857  -0.28571  -0.14286   0.00000   0.14286   0.28572   0.42857 
 KGrids2:  -0.42857  -0.28572  -0.14286  -0.00000   0.14286   0.28571   0.42857 
 KGrids3:  -0.42857  -0.28571  -0.14286   0.00000   0.14286   0.28572   0.42857 
<Band_DFT>  Eigen, time=0.019402
<Band_DFT>  DM, time=0.033013
    1   Ni  MulP   9.2691   8.7309 sum  18.0000 diff   0.5381
 Sum of MulP: up   =     9.26906 down          =     8.73094
              total=    18.00000 ideal(neutral)=    18.00000
<DFT>  Total Spin Moment (muB) =  0.538128313003
<DFT>  Mixing_weight= 0.003048071369
<DFT>  Uele   =  -26.508885765887  dUele     =   0.000483662540
<DFT>  NormRD =    0.001880817048  Criterion =   0.000000010000

******************* MD= 1  SCF=161 *******************
<Poisson>  Poisson's equation using FFT...
<Set_Hamiltonian>  Hamiltonian matrix for VNA+dVH+Vxc...
<Band>  Solving the eigenvalue problem...
 KGrids1:  -0.42857  -0.28571  -0.14286   0.00000   0.14286   0.28572   0.42857 
 KGrids2:  -0.42857  -0.28572  -0.14286  -0.00000   0.14286   0.28571   0.42857 
 KGrids3:  -0.42857  -0.28571  -0.14286   0.00000   0.14286   0.28572   0.42857 
<Band_DFT>  Eigen, time=0.019727
<Band_DFT>  DM, time=0.033066
    1   Ni  MulP   9.2658   8.7342 sum  18.0000 diff   0.5316
 Sum of MulP: up   =     9.26579 down          =     8.73421
              total=    18.00000 ideal(neutral)=    18.00000
<DFT>  Total Spin Moment (muB) =  0.531583481221
<DFT>  Mixing_weight= 0.003048071369
<DFT>  Uele   =  -26.507850292594  dUele     =   0.001035473293
<DFT>  NormRD =    0.001890202518  Criterion =   0.000000010000

******************* MD= 1  SCF=162 *******************
<Poisson>  Poisson's equation using FFT...
<Set_Hamiltonian>  Hamiltonian matrix for VNA+dVH+Vxc...
<Band>  Solving the eigenvalue problem...
 KGrids1:  -0.42857  -0.28571  -0.14286   0.00000   0.14286   0.28572   0.42857 
 KGrids2:  -0.42857  -0.28572  -0.14286  -0.00000   0.14286   0.28571   0.42857 
 KGrids3:  -0.42857  -0.28571  -0.14286   0.00000   0.14286   0.28572   0.42857 
<Band_DFT>  Eigen, time=0.019473
<Band_DFT>  DM, time=0.033103
    1   Ni  MulP   9.2659   8.7341 sum  18.0000 diff   0.5317
 Sum of MulP: up   =     9.26585 down          =     8.73415
              total=    18.00000 ideal(neutral)=    18.00000
<DFT>  Total Spin Moment (muB) =  0.531707116621
<DFT>  Mixing_weight= 0.003048071369
<DFT>  Uele   =  -26.507824516465  dUele     =   0.000025776129
<DFT>  NormRD =    0.001914965861  Criterion =   0.000000010000

******************* MD= 1  SCF=163 *******************
<Poisson>  Poisson's equation using FFT...
<Set_Hamiltonian>  Hamiltonian matrix for VNA+dVH+Vxc...
<Band>  Solving the eigenvalue problem...
 KGrids1:  -0.42857  -0.28571  -0.14286   0.00000   0.14286   0.28572   0.42857 
 KGrids2:  -0.42857  -0.28572  -0.14286  -0.00000   0.14286   0.28571   0.42857 
 KGrids3:  -0.42857  -0.28571  -0.14286   0.00000   0.14286   0.28572   0.42857 
<Band_DFT>  Eigen, time=0.019296
<Band_DFT>  DM, time=0.033050
    1   Ni  MulP   9.3513   8.6487 sum  18.0000 diff   0.7026
 Sum of MulP: up   =     9.35129 down          =     8.64871
              total=    18.00000 ideal(neutral)=    18.00000
<DFT>  Total Spin Moment (muB) =  0.702571918447
<DFT>  Mixing_weight= 0.003048071369
<DFT>  Uele   =  -26.541164286790  dUele     =   0.033339770325
<DFT>  NormRD =    0.001900380163  Criterion =   0.000000010000

******************* MD= 1  SCF=164 *******************
<Poisson>  Poisson's equation using FFT...
<Set_Hamiltonian>  Hamiltonian matrix for VNA+dVH+Vxc...
<Band>  Solving the eigenvalue problem...
 KGrids1:  -0.42857  -0.28571  -0.14286   0.00000   0.14286   0.28572   0.42857 
 KGrids2:  -0.42857  -0.28572  -0.14286  -0.00000   0.14286   0.28571   0.42857 
 KGrids3:  -0.42857  -0.28571  -0.14286   0.00000   0.14286   0.28572   0.42857 
<Band_DFT>  Eigen, time=0.019371
<Band_DFT>  DM, time=0.033527
    1   Ni  MulP   9.3457   8.6543 sum  18.0000 diff   0.6914
 Sum of MulP: up   =     9.34572 down          =     8.65428
              total=    18.00000 ideal(neutral)=    18.00000
<DFT>  Total Spin Moment (muB) =  0.691440134899
<DFT>  Mixing_weight= 0.003048071369
<DFT>  Uele   =  -26.533994044718  dUele     =   0.007170242072
<DFT>  NormRD =    0.004878595021  Criterion =   0.000000010000

******************* MD= 1  SCF=165 *******************
<Poisson>  Poisson's equation using FFT...
<Set_Hamiltonian>  Hamiltonian matrix for VNA+dVH+Vxc...
<Band>  Solving the eigenvalue problem...
 KGrids1:  -0.42857  -0.28571  -0.14286   0.00000   0.14286   0.28572   0.42857 
 KGrids2:  -0.42857  -0.28572  -0.14286  -0.00000   0.14286   0.28571   0.42857 
 KGrids3:  -0.42857  -0.28571  -0.14286   0.00000   0.14286   0.28572   0.42857 
<Band_DFT>  Eigen, time=0.019598
<Band_DFT>  DM, time=0.033195
    1   Ni  MulP   9.3184   8.6816 sum  18.0000 diff   0.6369
 Sum of MulP: up   =     9.31843 down          =     8.68157
              total=    18.00000 ideal(neutral)=    18.00000
<DFT>  Total Spin Moment (muB) =  0.636864641340
<DFT>  Mixing_weight= 0.003048071369
<DFT>  Uele   =  -26.523096982591  dUele     =   0.010897062127
<DFT>  NormRD =    0.001966059635  Criterion =   0.000000010000

******************* MD= 1  SCF=166 *******************
<Poisson>  Poisson's equation using FFT...
<Set_Hamiltonian>  Hamiltonian matrix for VNA+dVH+Vxc...
<Band>  Solving the eigenvalue problem...
 KGrids1:  -0.42857  -0.28571  -0.14286   0.00000   0.14286   0.28572   0.42857 
 KGrids2:  -0.42857  -0.28572  -0.14286  -0.00000   0.14286   0.28571   0.42857 
 KGrids3:  -0.42857  -0.28571  -0.14286   0.00000   0.14286   0.28572   0.42857 
<Band_DFT>  Eigen, time=0.019432
<Band_DFT>  DM, time=0.033174
    1   Ni  MulP   9.3051   8.6949 sum  18.0000 diff   0.6103
 Sum of MulP: up   =     9.30513 down          =     8.69487
              total=    18.00000 ideal(neutral)=    18.00000
<DFT>  Total Spin Moment (muB) =  0.610259655860
<DFT>  Mixing_weight= 0.003048071369
<DFT>  Uele   =  -26.519769460789  dUele     =   0.003327521802
<DFT>  NormRD =    0.000911128623  Criterion =   0.000000010000

******************* MD= 1  SCF=167 *******************
<Poisson>  Poisson's equation using FFT...
<Set_Hamiltonian>  Hamiltonian matrix for VNA+dVH+Vxc...
<Band>  Solving the eigenvalue problem...
 KGrids1:  -0.42857  -0.28571  -0.14286   0.00000   0.14286   0.28572   0.42857 
 KGrids2:  -0.42857  -0.28572  -0.14286  -0.00000   0.14286   0.28571   0.42857 
 KGrids3:  -0.42857  -0.28571  -0.14286   0.00000   0.14286   0.28572   0.42857 
<Band_DFT>  Eigen, time=0.019427
<Band_DFT>  DM, time=0.033071
    1   Ni  MulP   9.3046   8.6954 sum  18.0000 diff   0.6091
 Sum of MulP: up   =     9.30456 down          =     8.69544
              total=    18.00000 ideal(neutral)=    18.00000
<DFT>  Total Spin Moment (muB) =  0.609113592353
<DFT>  Mixing_weight= 0.003048071369
<DFT>  Uele   =  -26.519830012361  dUele     =   0.000060551572
<DFT>  NormRD =    0.001277275218  Criterion =   0.000000010000

******************* MD= 1  SCF=168 *******************
<Poisson>  Poisson's equation using FFT...
<Set_Hamiltonian>  Hamiltonian matrix for VNA+dVH+Vxc...
<Band>  Solving the eigenvalue problem...
 KGrids1:  -0.42857  -0.28571  -0.14286   0.00000   0.14286   0.28572   0.42857 
 KGrids2:  -0.42857  -0.28572  -0.14286  -0.00000   0.14286   0.28571   0.42857 
 KGrids3:  -0.42857  -0.28571  -0.14286   0.00000   0.14286   0.28572   0.42857 
<Band_DFT>  Eigen, time=0.019479
<Band_DFT>  DM, time=0.033065
    1   Ni  MulP   9.3057   8.6943 sum  18.0000 diff   0.6114
 Sum of MulP: up   =     9.30571 down          =     8.69429
              total=    18.00000 ideal(neutral)=    18.00000
<DFT>  Total Spin Moment (muB) =  0.611423542857
<DFT>  Mixing_weight= 0.003048071369
<DFT>  Uele   =  -26.520207516448  dUele     =   0.000377504088
<DFT>  NormRD =    0.001359204205  Criterion =   0.000000010000

******************* MD= 1  SCF=169 *******************
<Poisson>  Poisson's equation using FFT...
<Set_Hamiltonian>  Hamiltonian matrix for VNA+dVH+Vxc...
<Band>  Solving the eigenvalue problem...
 KGrids1:  -0.42857  -0.28571  -0.14286   0.00000   0.14286   0.28572   0.42857 
 KGrids2:  -0.42857  -0.28572  -0.14286  -0.00000   0.14286   0.28571   0.42857 
 KGrids3:  -0.42857  -0.28571  -0.14286   0.00000   0.14286   0.28572   0.42857 
<Band_DFT>  Eigen, time=0.019432
<Band_DFT>  DM, time=0.033070
    1   Ni  MulP   9.3043   8.6957 sum  18.0000 diff   0.6086
 Sum of MulP: up   =     9.30428 down          =     8.69572
              total=    18.00000 ideal(neutral)=    18.00000
<DFT>  Total Spin Moment (muB) =  0.608564324705
<DFT>  Mixing_weight= 0.003048071369
<DFT>  Uele   =  -26.519842985480  dUele     =   0.000364530968
<DFT>  NormRD =    0.001338981295  Criterion =   0.000000010000

******************* MD= 1  SCF=170 *******************
<Poisson>  Poisson's equation using FFT...
<Set_Hamiltonian>  Hamiltonian matrix for VNA+dVH+Vxc...
<Band>  Solving the eigenvalue problem...
 KGrids1:  -0.42857  -0.28571  -0.14286   0.00000   0.14286   0.28572   0.42857 
 KGrids2:  -0.42857  -0.28572  -0.14286  -0.00000   0.14286   0.28571   0.42857 
 KGrids3:  -0.42857  -0.28571  -0.14286   0.00000   0.14286   0.28572   0.42857 
<Band_DFT>  Eigen, time=0.019647
<Band_DFT>  DM, time=0.033035
    1   Ni  MulP   9.3014   8.6986 sum  18.0000 diff   0.6029
 Sum of MulP: up   =     9.30143 down          =     8.69857
              total=    18.00000 ideal(neutral)=    18.00000
<DFT>  Total Spin Moment (muB) =  0.602862111239
<DFT>  Mixing_weight= 0.003048071369
<DFT>  Uele   =  -26.519011222270  dUele     =   0.000831763210
<DFT>  NormRD =    0.001396201022  Criterion =   0.000000010000

******************* MD= 1  SCF=171 *******************
<Poisson>  Poisson's equation using FFT...
<Set_Hamiltonian>  Hamiltonian matrix for VNA+dVH+Vxc...
<Band>  Solving the eigenvalue problem...
 KGrids1:  -0.42857  -0.28571  -0.14286   0.00000   0.14286   0.28572   0.42857 
 KGrids2:  -0.42857  -0.28572  -0.14286  -0.00000   0.14286   0.28571   0.42857 
 KGrids3:  -0.42857  -0.28571  -0.14286   0.00000   0.14286   0.28572   0.42857 
<Band_DFT>  Eigen, time=0.019912
<Band_DFT>  DM, time=0.033078
    1   Ni  MulP   9.2996   8.7004 sum  18.0000 diff   0.5991
 Sum of MulP: up   =     9.29956 down          =     8.70044
              total=    18.00000 ideal(neutral)=    18.00000
<DFT>  Total Spin Moment (muB) =  0.599129650301
<DFT>  Mixing_weight= 0.003048071369
<DFT>  Uele   =  -26.518453511698  dUele     =   0.000557710573
<DFT>  NormRD =    0.001476439722  Criterion =   0.000000010000

******************* MD= 1  SCF=172 *******************
<Poisson>  Poisson's equation using FFT...
<Set_Hamiltonian>  Hamiltonian matrix for VNA+dVH+Vxc...
<Band>  Solving the eigenvalue problem...
 KGrids1:  -0.42857  -0.28571  -0.14286   0.00000   0.14286   0.28572   0.42857 
 KGrids2:  -0.42857  -0.28572  -0.14286  -0.00000   0.14286   0.28571   0.42857 
 KGrids3:  -0.42857  -0.28571  -0.14286   0.00000   0.14286   0.28572   0.42857 
<Band_DFT>  Eigen, time=0.019423
<Band_DFT>  DM, time=0.033009
    1   Ni  MulP   9.2988   8.7012 sum  18.0000 diff   0.5977
 Sum of MulP: up   =     9.29883 down          =     8.70117
              total=    18.00000 ideal(neutral)=    18.00000
<DFT>  Total Spin Moment (muB) =  0.597656934822
<DFT>  Mixing_weight= 0.003048071369
<DFT>  Uele   =  -26.518242375519  dUele     =   0.000211136179
<DFT>  NormRD =    0.001523082101  Criterion =   0.000000010000

******************* MD= 1  SCF=173 *******************
<Poisson>  Poisson's equation using FFT...
<Set_Hamiltonian>  Hamiltonian matrix for VNA+dVH+Vxc...
<Band>  Solving the eigenvalue problem...
 KGrids1:  -0.42857  -0.28571  -0.14286   0.00000   0.14286   0.28572   0.42857 
 KGrids2:  -0.42857  -0.28572  -0.14286  -0.00000   0.14286   0.28571   0.42857 
 KGrids3:  -0.42857  -0.28571  -0.14286   0.00000   0.14286   0.28572   0.42857 
<Band_DFT>  Eigen, time=0.019273
<Band_DFT>  DM, time=0.033165
    1   Ni  MulP   9.2981   8.7019 sum  18.0000 diff   0.5961
 Sum of MulP: up   =     9.29806 down          =     8.70194
              total=    18.00000 ideal(neutral)=    18.00000
<DFT>  Total Spin Moment (muB) =  0.596112190116
<DFT>  Mixing_weight= 0.003048071369
<DFT>  Uele   =  -26.518026575474  dUele     =   0.000215800045
<DFT>  NormRD =    0.001544061434  Criterion =   0.000000010000

******************* MD= 1  SCF=174 *******************
<Poisson>  Poisson's equation using FFT...
<Set_Hamiltonian>  Hamiltonian matrix for VNA+dVH+Vxc...
<Band>  Solving the eigenvalue problem...
 KGrids1:  -0.42857  -0.28571  -0.14286   0.00000   0.14286   0.28572   0.42857 
 KGrids2:  -0.42857  -0.28572  -0.14286  -0.00000   0.14286   0.28571   0.42857 
 KGrids3:  -0.42857  -0.28571  -0.14286   0.00000   0.14286   0.28572   0.42857 
<Band_DFT>  Eigen, time=0.019575
<Band_DFT>  DM, time=0.033155
    1   Ni  MulP   9.2974   8.7026 sum  18.0000 diff   0.5948
 Sum of MulP: up   =     9.29742 down          =     8.70258
              total=    18.00000 ideal(neutral)=    18.00000
<DFT>  Total Spin Moment (muB) =  0.594834076726
<DFT>  Mixing_weight= 0.003048071369
<DFT>  Uele   =  -26.517856846928  dUele     =   0.000169728546
<DFT>  NormRD =    0.001567752497  Criterion =   0.000000010000

******************* MD= 1  SCF=175 *******************
<Poisson>  Poisson's equation using FFT...
<Set_Hamiltonian>  Hamiltonian matrix for VNA+dVH+Vxc...
<Band>  Solving the eigenvalue problem...
 KGrids1:  -0.42857  -0.28571  -0.14286   0.00000   0.14286   0.28572   0.42857 
 KGrids2:  -0.42857  -0.28572  -0.14286  -0.00000   0.14286   0.28571   0.42857 
 KGrids3:  -0.42857  -0.28571  -0.14286   0.00000   0.14286   0.28572   0.42857 
<Band_DFT>  Eigen, time=0.019855
<Band_DFT>  DM, time=0.033017
    1   Ni  MulP   9.2970   8.7030 sum  18.0000 diff   0.5939
 Sum of MulP: up   =     9.29696 down          =     8.70304
              total=    18.00000 ideal(neutral)=    18.00000
<DFT>  Total Spin Moment (muB) =  0.593926855569
<DFT>  Mixing_weight= 0.003048071369
<DFT>  Uele   =  -26.517742363427  dUele     =   0.000114483501
<DFT>  NormRD =    0.001590209037  Criterion =   0.000000010000

******************* MD= 1  SCF=176 *******************
<Poisson>  Poisson's equation using FFT...
<Set_Hamiltonian>  Hamiltonian matrix for VNA+dVH+Vxc...
<Band>  Solving the eigenvalue problem...
 KGrids1:  -0.42857  -0.28571  -0.14286   0.00000   0.14286   0.28572   0.42857 
 KGrids2:  -0.42857  -0.28572  -0.14286  -0.00000   0.14286   0.28571   0.42857 
 KGrids3:  -0.42857  -0.28571  -0.14286   0.00000   0.14286   0.28572   0.42857 
<Band_DFT>  Eigen, time=0.019516
<Band_DFT>  DM, time=0.033149
    1   Ni  MulP   9.2974   8.7026 sum  18.0000 diff   0.5947
 Sum of MulP: up   =     9.29736 down          =     8.70264
              total=    18.00000 ideal(neutral)=    18.00000
<DFT>  Total Spin Moment (muB) =  0.594728849424
<DFT>  Mixing_weight= 0.003048071369
<DFT>  Uele   =  -26.517876562168  dUele     =   0.000134198741
<DFT>  NormRD =    0.001608154229  Criterion =   0.000000010000

******************* MD= 1  SCF=177 *******************
<Poisson>  Poisson's equation using FFT...
<Set_Hamiltonian>  Hamiltonian matrix for VNA+dVH+Vxc...
<Band>  Solving the eigenvalue problem...
 KGrids1:  -0.42857  -0.28571  -0.14286   0.00000   0.14286   0.28572   0.42857 
 KGrids2:  -0.42857  -0.28572  -0.14286  -0.00000   0.14286   0.28571   0.42857 
 KGrids3:  -0.42857  -0.28571  -0.14286   0.00000   0.14286   0.28572   0.42857 
<Band_DFT>  Eigen, time=0.019442
<Band_DFT>  DM, time=0.033135
    1   Ni  MulP   9.2976   8.7024 sum  18.0000 diff   0.5953
 Sum of MulP: up   =     9.29763 down          =     8.70237
              total=    18.00000 ideal(neutral)=    18.00000
<DFT>  Total Spin Moment (muB) =  0.595263156309
<DFT>  Mixing_weight= 0.003048071369
<DFT>  Uele   =  -26.517954614940  dUele     =   0.000078052772
<DFT>  NormRD =    0.001603679932  Criterion =   0.000000010000

******************* MD= 1  SCF=178 *******************
<Poisson>  Poisson's equation using FFT...
<Set_Hamiltonian>  Hamiltonian matrix for VNA+dVH+Vxc...
<Band>  Solving the eigenvalue problem...
 KGrids1:  -0.42857  -0.28571  -0.14286   0.00000   0.14286   0.28572   0.42857 
 KGrids2:  -0.42857  -0.28572  -0.14286  -0.00000   0.14286   0.28571   0.42857 
 KGrids3:  -0.42857  -0.28571  -0.14286   0.00000   0.14286   0.28572   0.42857 
<Band_DFT>  Eigen, time=0.019379
<Band_DFT>  DM, time=0.033045
    1   Ni  MulP   9.2957   8.7043 sum  18.0000 diff   0.5915
 Sum of MulP: up   =     9.29574 down          =     8.70426
              total=    18.00000 ideal(neutral)=    18.00000
<DFT>  Total Spin Moment (muB) =  0.591483678195
<DFT>  Mixing_weight= 0.003048071369
<DFT>  Uele   =  -26.517382736226  dUele     =   0.000571878714
<DFT>  NormRD =    0.001596722826  Criterion =   0.000000010000

******************* MD= 1  SCF=179 *******************
<Poisson>  Poisson's equation using FFT...
<Set_Hamiltonian>  Hamiltonian matrix for VNA+dVH+Vxc...
<Band>  Solving the eigenvalue problem...
 KGrids1:  -0.42857  -0.28571  -0.14286   0.00000   0.14286   0.28572   0.42857 
 KGrids2:  -0.42857  -0.28572  -0.14286  -0.00000   0.14286   0.28571   0.42857 
 KGrids3:  -0.42857  -0.28571  -0.14286   0.00000   0.14286   0.28572   0.42857 
<Band_DFT>  Eigen, time=0.019398
<Band_DFT>  DM, time=0.033128
    1   Ni  MulP   9.2935   8.7065 sum  18.0000 diff   0.5869
 Sum of MulP: up   =     9.29346 down          =     8.70654
              total=    18.00000 ideal(neutral)=    18.00000
<DFT>  Total Spin Moment (muB) =  0.586922990452
<DFT>  Mixing_weight= 0.003048071369
<DFT>  Uele   =  -26.516691179378  dUele     =   0.000691556848
<DFT>  NormRD =    0.001638318019  Criterion =   0.000000010000

******************* MD= 1  SCF=180 *******************
<Poisson>  Poisson's equation using FFT...
<Set_Hamiltonian>  Hamiltonian matrix for VNA+dVH+Vxc...
<Band>  Solving the eigenvalue problem...
 KGrids1:  -0.42857  -0.28571  -0.14286   0.00000   0.14286   0.28572   0.42857 
 KGrids2:  -0.42857  -0.28572  -0.14286  -0.00000   0.14286   0.28571   0.42857 
 KGrids3:  -0.42857  -0.28571  -0.14286   0.00000   0.14286   0.28572   0.42857 
<Band_DFT>  Eigen, time=0.019472
<Band_DFT>  DM, time=0.033027
    1   Ni  MulP   9.2868   8.7132 sum  18.0000 diff   0.5737
 Sum of MulP: up   =     9.28684 down          =     8.71316
              total=    18.00000 ideal(neutral)=    18.00000
<DFT>  Total Spin Moment (muB) =  0.573677957111
<DFT>  Mixing_weight= 0.003048071369
<DFT>  Uele   =  -26.514651608915  dUele     =   0.002039570463
<DFT>  NormRD =    0.001685270198  Criterion =   0.000000010000

******************* MD= 1  SCF=181 *******************
<Poisson>  Poisson's equation using FFT...
<Set_Hamiltonian>  Hamiltonian matrix for VNA+dVH+Vxc...
<Band>  Solving the eigenvalue problem...
 KGrids1:  -0.42857  -0.28571  -0.14286   0.00000   0.14286   0.28572   0.42857 
 KGrids2:  -0.42857  -0.28572  -0.14286  -0.00000   0.14286   0.28571   0.42857 
 KGrids3:  -0.42857  -0.28571  -0.14286   0.00000   0.14286   0.28572   0.42857 
<Band_DFT>  Eigen, time=0.019485
<Band_DFT>  DM, time=0.033022
    1   Ni  MulP   9.2688   8.7312 sum  18.0000 diff   0.5376
 Sum of MulP: up   =     9.26878 down          =     8.73122
              total=    18.00000 ideal(neutral)=    18.00000
<DFT>  Total Spin Moment (muB) =  0.537559449920
<DFT>  Mixing_weight= 0.003048071369
<DFT>  Uele   =  -26.509060276480  dUele     =   0.005591332435
<DFT>  NormRD =    0.001792732919  Criterion =   0.000000010000

******************* MD= 1  SCF=182 *******************
<Poisson>  Poisson's equation using FFT...
<Set_Hamiltonian>  Hamiltonian matrix for VNA+dVH+Vxc...
<Band>  Solving the eigenvalue problem...
 KGrids1:  -0.42857  -0.28571  -0.14286   0.00000   0.14286   0.28572   0.42857 
 KGrids2:  -0.42857  -0.28572  -0.14286  -0.00000   0.14286   0.28571   0.42857 
 KGrids3:  -0.42857  -0.28571  -0.14286   0.00000   0.14286   0.28572   0.42857 
<Band_DFT>  Eigen, time=0.019519
<Band_DFT>  DM, time=0.033337
    1   Ni  MulP   9.2476   8.7524 sum  18.0000 diff   0.4952
 Sum of MulP: up   =     9.24758 down          =     8.75242
              total=    18.00000 ideal(neutral)=    18.00000
<DFT>  Total Spin Moment (muB) =  0.495154381818
<DFT>  Mixing_weight= 0.003048071369
<DFT>  Uele   =  -26.502950327570  dUele     =   0.006109948910
<DFT>  NormRD =    0.001979844967  Criterion =   0.000000010000

******************* MD= 1  SCF=183 *******************
<Poisson>  Poisson's equation using FFT...
<Set_Hamiltonian>  Hamiltonian matrix for VNA+dVH+Vxc...
<Band>  Solving the eigenvalue problem...
 KGrids1:  -0.42857  -0.28571  -0.14286   0.00000   0.14286   0.28572   0.42857 
 KGrids2:  -0.42857  -0.28572  -0.14286  -0.00000   0.14286   0.28571   0.42857 
 KGrids3:  -0.42857  -0.28571  -0.14286   0.00000   0.14286   0.28572   0.42857 
<Band_DFT>  Eigen, time=0.019792
<Band_DFT>  DM, time=0.033027
    1   Ni  MulP   9.3076   8.6924 sum  18.0000 diff   0.6151
 Sum of MulP: up   =     9.30757 down          =     8.69243
              total=    18.00000 ideal(neutral)=    18.00000
<DFT>  Total Spin Moment (muB) =  0.615135254726
<DFT>  Mixing_weight= 0.003048071369
<DFT>  Uele   =  -26.520776662319  dUele     =   0.017826334749
<DFT>  NormRD =    0.002307319483  Criterion =   0.000000010000

******************* MD= 1  SCF=184 *******************
<Poisson>  Poisson's equation using FFT...
<Set_Hamiltonian>  Hamiltonian matrix for VNA+dVH+Vxc...
<Band>  Solving the eigenvalue problem...
 KGrids1:  -0.42857  -0.28571  -0.14286   0.00000   0.14286   0.28572   0.42857 
 KGrids2:  -0.42857  -0.28572  -0.14286  -0.00000   0.14286   0.28571   0.42857 
 KGrids3:  -0.42857  -0.28571  -0.14286   0.00000   0.14286   0.28572   0.42857 
<Band_DFT>  Eigen, time=0.019425
<Band_DFT>  DM, time=0.033133
    1   Ni  MulP   9.3534   8.6466 sum  18.0000 diff   0.7068
 Sum of MulP: up   =     9.35341 down          =     8.64659
              total=    18.00000 ideal(neutral)=    18.00000
<DFT>  Total Spin Moment (muB) =  0.706810105980
<DFT>  Mixing_weight= 0.003048071369
<DFT>  Uele   =  -26.549810462964  dUele     =   0.029033800645
<DFT>  NormRD =    0.001294323726  Criterion =   0.000000010000

******************* MD= 1  SCF=185 *******************
<Poisson>  Poisson's equation using FFT...
<Set_Hamiltonian>  Hamiltonian matrix for VNA+dVH+Vxc...
<Band>  Solving the eigenvalue problem...
 KGrids1:  -0.42857  -0.28571  -0.14286   0.00000   0.14286   0.28572   0.42857 
 KGrids2:  -0.42857  -0.28572  -0.14286  -0.00000   0.14286   0.28571   0.42857 
 KGrids3:  -0.42857  -0.28571  -0.14286   0.00000   0.14286   0.28572   0.42857 
<Band_DFT>  Eigen, time=0.019553
<Band_DFT>  DM, time=0.033109
    1   Ni  MulP   9.3487   8.6513 sum  18.0000 diff   0.6974
 Sum of MulP: up   =     9.34872 down          =     8.65128
              total=    18.00000 ideal(neutral)=    18.00000
<DFT>  Total Spin Moment (muB) =  0.697446734128
<DFT>  Mixing_weight= 0.003048071369
<DFT>  Uele   =  -26.538506721556  dUele     =   0.011303741408
<DFT>  NormRD =    0.009150393840  Criterion =   0.000000010000

******************* MD= 1  SCF=186 *******************
<Poisson>  Poisson's equation using FFT...
<Set_Hamiltonian>  Hamiltonian matrix for VNA+dVH+Vxc...
<Band>  Solving the eigenvalue problem...
 KGrids1:  -0.42857  -0.28571  -0.14286   0.00000   0.14286   0.28572   0.42857 
 KGrids2:  -0.42857  -0.28572  -0.14286  -0.00000   0.14286   0.28571   0.42857 
 KGrids3:  -0.42857  -0.28571  -0.14286   0.00000   0.14286   0.28572   0.42857 
<Band_DFT>  Eigen, time=0.019429
<Band_DFT>  DM, time=0.033093
    1   Ni  MulP   9.3472   8.6528 sum  18.0000 diff   0.6943
 Sum of MulP: up   =     9.34717 down          =     8.65283
              total=    18.00000 ideal(neutral)=    18.00000
<DFT>  Total Spin Moment (muB) =  0.694346657152
<DFT>  Mixing_weight= 0.003048071369
<DFT>  Uele   =  -26.536926528065  dUele     =   0.001580193491
<DFT>  NormRD =    0.003351087034  Criterion =   0.000000010000

******************* MD= 1  SCF=187 *******************
<Poisson>  Poisson's equation using FFT...
<Set_Hamiltonian>  Hamiltonian matrix for VNA+dVH+Vxc...
<Band>  Solving the eigenvalue problem...
 KGrids1:  -0.42857  -0.28571  -0.14286   0.00000   0.14286   0.28572   0.42857 
 KGrids2:  -0.42857  -0.28572  -0.14286  -0.00000   0.14286   0.28571   0.42857 
 KGrids3:  -0.42857  -0.28571  -0.14286   0.00000   0.14286   0.28572   0.42857 
<Band_DFT>  Eigen, time=0.019474
<Band_DFT>  DM, time=0.033043
    1   Ni  MulP   9.3388   8.6612 sum  18.0000 diff   0.6775
 Sum of MulP: up   =     9.33876 down          =     8.66124
              total=    18.00000 ideal(neutral)=    18.00000
<DFT>  Total Spin Moment (muB) =  0.677528995170
<DFT>  Mixing_weight= 0.003048071369
<DFT>  Uele   =  -26.531591613855  dUele     =   0.005334914210
<DFT>  NormRD =    0.002725636095  Criterion =   0.000000010000

******************* MD= 1  SCF=188 *******************
<Poisson>  Poisson's equation using FFT...
<Set_Hamiltonian>  Hamiltonian matrix for VNA+dVH+Vxc...
<Band>  Solving the eigenvalue problem...
 KGrids1:  -0.42857  -0.28571  -0.14286   0.00000   0.14286   0.28572   0.42857 
 KGrids2:  -0.42857  -0.28572  -0.14286  -0.00000   0.14286   0.28571   0.42857 
 KGrids3:  -0.42857  -0.28571  -0.14286   0.00000   0.14286   0.28572   0.42857 
<Band_DFT>  Eigen, time=0.019498
<Band_DFT>  DM, time=0.033232
    1   Ni  MulP   9.3379   8.6621 sum  18.0000 diff   0.6759
 Sum of MulP: up   =     9.33795 down          =     8.66205
              total=    18.00000 ideal(neutral)=    18.00000
<DFT>  Total Spin Moment (muB) =  0.675897838600
<DFT>  Mixing_weight= 0.003048071369
<DFT>  Uele   =  -26.531266145217  dUele     =   0.000325468638
<DFT>  NormRD =    0.001327241154  Criterion =   0.000000010000

******************* MD= 1  SCF=189 *******************
<Poisson>  Poisson's equation using FFT...
<Set_Hamiltonian>  Hamiltonian matrix for VNA+dVH+Vxc...
<Band>  Solving the eigenvalue problem...
 KGrids1:  -0.42857  -0.28571  -0.14286   0.00000   0.14286   0.28572   0.42857 
 KGrids2:  -0.42857  -0.28572  -0.14286  -0.00000   0.14286   0.28571   0.42857 
 KGrids3:  -0.42857  -0.28571  -0.14286   0.00000   0.14286   0.28572   0.42857 
<Band_DFT>  Eigen, time=0.019665
<Band_DFT>  DM, time=0.033026
    1   Ni  MulP   9.3338   8.6662 sum  18.0000 diff   0.6676
 Sum of MulP: up   =     9.33382 down          =     8.66618
              total=    18.00000 ideal(neutral)=    18.00000
<DFT>  Total Spin Moment (muB) =  0.667638042749
<DFT>  Mixing_weight= 0.003048071369
<DFT>  Uele   =  -26.529546980707  dUele     =   0.001719164510
<DFT>  NormRD =    0.001282188994  Criterion =   0.000000010000

******************* MD= 1  SCF=190 *******************
<Poisson>  Poisson's equation using FFT...
<Set_Hamiltonian>  Hamiltonian matrix for VNA+dVH+Vxc...
<Band>  Solving the eigenvalue problem...
 KGrids1:  -0.42857  -0.28571  -0.14286   0.00000   0.14286   0.28572   0.42857 
 KGrids2:  -0.42857  -0.28572  -0.14286  -0.00000   0.14286   0.28571   0.42857 
 KGrids3:  -0.42857  -0.28571  -0.14286   0.00000   0.14286   0.28572   0.42857 
<Band_DFT>  Eigen, time=0.019474
<Band_DFT>  DM, time=0.033059
    1   Ni  MulP   9.3294   8.6706 sum  18.0000 diff   0.6588
 Sum of MulP: up   =     9.32939 down          =     8.67061
              total=    18.00000 ideal(neutral)=    18.00000
<DFT>  Total Spin Moment (muB) =  0.658781282837
<DFT>  Mixing_weight= 0.003048071369
<DFT>  Uele   =  -26.527926679229  dUele     =   0.001620301478
<DFT>  NormRD =    0.001094243567  Criterion =   0.000000010000

******************* MD= 1  SCF=191 *******************
<Poisson>  Poisson's equation using FFT...
<Set_Hamiltonian>  Hamiltonian matrix for VNA+dVH+Vxc...
<Band>  Solving the eigenvalue problem...
 KGrids1:  -0.42857  -0.28571  -0.14286   0.00000   0.14286   0.28572   0.42857 
 KGrids2:  -0.42857  -0.28572  -0.14286  -0.00000   0.14286   0.28571   0.42857 
 KGrids3:  -0.42857  -0.28571  -0.14286   0.00000   0.14286   0.28572   0.42857 
<Band_DFT>  Eigen, time=0.019542
<Band_DFT>  DM, time=0.033247
    1   Ni  MulP   9.3253   8.6747 sum  18.0000 diff   0.6506
 Sum of MulP: up   =     9.32530 down          =     8.67470
              total=    18.00000 ideal(neutral)=    18.00000
<DFT>  Total Spin Moment (muB) =  0.650598468530
<DFT>  Mixing_weight= 0.003048071369
<DFT>  Uele   =  -26.526559830874  dUele     =   0.001366848355
<DFT>  NormRD =    0.001014644551  Criterion =   0.000000010000

******************* MD= 1  SCF=192 *******************
<Poisson>  Poisson's equation using FFT...
<Set_Hamiltonian>  Hamiltonian matrix for VNA+dVH+Vxc...
<Band>  Solving the eigenvalue problem...
 KGrids1:  -0.42857  -0.28571  -0.14286   0.00000   0.14286   0.28572   0.42857 
 KGrids2:  -0.42857  -0.28572  -0.14286  -0.00000   0.14286   0.28571   0.42857 
 KGrids3:  -0.42857  -0.28571  -0.14286   0.00000   0.14286   0.28572   0.42857 
<Band_DFT>  Eigen, time=0.019441
<Band_DFT>  DM, time=0.033025
    1   Ni  MulP   9.3224   8.6776 sum  18.0000 diff   0.6448
 Sum of MulP: up   =     9.32240 down          =     8.67760
              total=    18.00000 ideal(neutral)=    18.00000
<DFT>  Total Spin Moment (muB) =  0.644791864991
<DFT>  Mixing_weight= 0.003048071369
<DFT>  Uele   =  -26.525640537263  dUele     =   0.000919293611
<DFT>  NormRD =    0.001017779417  Criterion =   0.000000010000

******************* MD= 1  SCF=193 *******************
<Poisson>  Poisson's equation using FFT...
<Set_Hamiltonian>  Hamiltonian matrix for VNA+dVH+Vxc...
<Band>  Solving the eigenvalue problem...
 KGrids1:  -0.42857  -0.28571  -0.14286   0.00000   0.14286   0.28572   0.42857 
 KGrids2:  -0.42857  -0.28572  -0.14286  -0.00000   0.14286   0.28571   0.42857 
 KGrids3:  -0.42857  -0.28571  -0.14286   0.00000   0.14286   0.28572   0.42857 
<Band_DFT>  Eigen, time=0.019362
<Band_DFT>  DM, time=0.033000
    1   Ni  MulP   9.3207   8.6793 sum  18.0000 diff   0.6414
 Sum of MulP: up   =     9.32072 down          =     8.67928
              total=    18.00000 ideal(neutral)=    18.00000
<DFT>  Total Spin Moment (muB) =  0.641435489591
<DFT>  Mixing_weight= 0.003048071369
<DFT>  Uele   =  -26.525123157643  dUele     =   0.000517379620
<DFT>  NormRD =    0.001053086371  Criterion =   0.000000010000

******************* MD= 1  SCF=194 *******************
<Poisson>  Poisson's equation using FFT...
<Set_Hamiltonian>  Hamiltonian matrix for VNA+dVH+Vxc...
<Band>  Solving the eigenvalue problem...
 KGrids1:  -0.42857  -0.28571  -0.14286   0.00000   0.14286   0.28572   0.42857 
 KGrids2:  -0.42857  -0.28572  -0.14286  -0.00000   0.14286   0.28571   0.42857 
 KGrids3:  -0.42857  -0.28571  -0.14286   0.00000   0.14286   0.28572   0.42857 
<Band_DFT>  Eigen, time=0.019648
<Band_DFT>  DM, time=0.033274
    1   Ni  MulP   9.3196   8.6804 sum  18.0000 diff   0.6391
 Sum of MulP: up   =     9.31956 down          =     8.68044
              total=    18.00000 ideal(neutral)=    18.00000
<DFT>  Total Spin Moment (muB) =  0.639120677111
<DFT>  Mixing_weight= 0.003048071369
<DFT>  Uele   =  -26.524771720172  dUele     =   0.000351437471
<DFT>  NormRD =    0.001083266234  Criterion =   0.000000010000

******************* MD= 1  SCF=195 *******************
<Poisson>  Poisson's equation using FFT...
<Set_Hamiltonian>  Hamiltonian matrix for VNA+dVH+Vxc...
<Band>  Solving the eigenvalue problem...
 KGrids1:  -0.42857  -0.28571  -0.14286   0.00000   0.14286   0.28572   0.42857 
 KGrids2:  -0.42857  -0.28572  -0.14286  -0.00000   0.14286   0.28571   0.42857 
 KGrids3:  -0.42857  -0.28571  -0.14286   0.00000   0.14286   0.28572   0.42857 
<Band_DFT>  Eigen, time=0.019569
<Band_DFT>  DM, time=0.033021
    1   Ni  MulP   9.3187   8.6813 sum  18.0000 diff   0.6374
 Sum of MulP: up   =     9.31868 down          =     8.68132
              total=    18.00000 ideal(neutral)=    18.00000
<DFT>  Total Spin Moment (muB) =  0.637368743116
<DFT>  Mixing_weight= 0.003048071369
<DFT>  Uele   =  -26.524509451796  dUele     =   0.000262268376
<DFT>  NormRD =    0.001107708874  Criterion =   0.000000010000

******************* MD= 1  SCF=196 *******************
<Poisson>  Poisson's equation using FFT...
<Set_Hamiltonian>  Hamiltonian matrix for VNA+dVH+Vxc...
<Band>  Solving the eigenvalue problem...
 KGrids1:  -0.42857  -0.28571  -0.14286   0.00000   0.14286   0.28572   0.42857 
 KGrids2:  -0.42857  -0.28572  -0.14286  -0.00000   0.14286   0.28571   0.42857 
 KGrids3:  -0.42857  -0.28571  -0.14286   0.00000   0.14286   0.28572   0.42857 
<Band_DFT>  Eigen, time=0.019480
<Band_DFT>  DM, time=0.033047
    1   Ni  MulP   9.3181   8.6819 sum  18.0000 diff   0.6362
 Sum of MulP: up   =     9.31810 down          =     8.68190
              total=    18.00000 ideal(neutral)=    18.00000
<DFT>  Total Spin Moment (muB) =  0.636198531601
<DFT>  Mixing_weight= 0.003048071369
<DFT>  Uele   =  -26.524338927373  dUele     =   0.000170524423
<DFT>  NormRD =    0.001128296275  Criterion =   0.000000010000

******************* MD= 1  SCF=197 *******************
<Poisson>  Poisson's equation using FFT...
<Set_Hamiltonian>  Hamiltonian matrix for VNA+dVH+Vxc...
<Band>  Solving the eigenvalue problem...
 KGrids1:  -0.42857  -0.28571  -0.14286   0.00000   0.14286   0.28572   0.42857 
 KGrids2:  -0.42857  -0.28572  -0.14286  -0.00000   0.14286   0.28571   0.42857 
 KGrids3:  -0.42857  -0.28571  -0.14286   0.00000   0.14286   0.28572   0.42857 
<Band_DFT>  Eigen, time=0.019496
<Band_DFT>  DM, time=0.033054
    1   Ni  MulP   9.3174   8.6826 sum  18.0000 diff   0.6349
 Sum of MulP: up   =     9.31743 down          =     8.68257
              total=    18.00000 ideal(neutral)=    18.00000
<DFT>  Total Spin Moment (muB) =  0.634867520093
<DFT>  Mixing_weight= 0.003048071369
<DFT>  Uele   =  -26.524145097691  dUele     =   0.000193829682
<DFT>  NormRD =    0.001143905761  Criterion =   0.000000010000

******************* MD= 1  SCF=198 *******************
<Poisson>  Poisson's equation using FFT...
<Set_Hamiltonian>  Hamiltonian matrix for VNA+dVH+Vxc...
<Band>  Solving the eigenvalue problem...
 KGrids1:  -0.42857  -0.28571  -0.14286   0.00000   0.14286   0.28572   0.42857 
 KGrids2:  -0.42857  -0.28572  -0.14286  -0.00000   0.14286   0.28571   0.42857 
 KGrids3:  -0.42857  -0.28571  -0.14286   0.00000   0.14286   0.28572   0.42857 
<Band_DFT>  Eigen, time=0.019696
<Band_DFT>  DM, time=0.033070
    1   Ni  MulP   9.3162   8.6838 sum  18.0000 diff   0.6323
 Sum of MulP: up   =     9.31615 down          =     8.68385
              total=    18.00000 ideal(neutral)=    18.00000
<DFT>  Total Spin Moment (muB) =  0.632305408996
<DFT>  Mixing_weight= 0.003048071369
<DFT>  Uele   =  -26.523766341181  dUele     =   0.000378756510
<DFT>  NormRD =    0.001162104357  Criterion =   0.000000010000

******************* MD= 1  SCF=199 *******************
<Poisson>  Poisson's equation using FFT...
<Set_Hamiltonian>  Hamiltonian matrix for VNA+dVH+Vxc...
<Band>  Solving the eigenvalue problem...
 KGrids1:  -0.42857  -0.28571  -0.14286   0.00000   0.14286   0.28572   0.42857 
 KGrids2:  -0.42857  -0.28572  -0.14286  -0.00000   0.14286   0.28571   0.42857 
 KGrids3:  -0.42857  -0.28571  -0.14286   0.00000   0.14286   0.28572   0.42857 
<Band_DFT>  Eigen, time=0.019395
<Band_DFT>  DM, time=0.033046
    1   Ni  MulP   9.3143   8.6857 sum  18.0000 diff   0.6285
 Sum of MulP: up   =     9.31427 down          =     8.68573
              total=    18.00000 ideal(neutral)=    18.00000
<DFT>  Total Spin Moment (muB) =  0.628533002325
<DFT>  Mixing_weight= 0.003048071369
<DFT>  Uele   =  -26.523211973296  dUele     =   0.000554367884
<DFT>  NormRD =    0.001196376593  Criterion =   0.000000010000

******************* MD= 1  SCF=200 *******************
<Poisson>  Poisson's equation using FFT...
<Set_Hamiltonian>  Hamiltonian matrix for VNA+dVH+Vxc...
<Band>  Solving the eigenvalue problem...
 KGrids1:  -0.42857  -0.28571  -0.14286   0.00000   0.14286   0.28572   0.42857 
 KGrids2:  -0.42857  -0.28572  -0.14286  -0.00000   0.14286   0.28571   0.42857 
 KGrids3:  -0.42857  -0.28571  -0.14286   0.00000   0.14286   0.28572   0.42857 
<Band_DFT>  Eigen, time=0.019898
<Band_DFT>  DM, time=0.033013
    1   Ni  MulP   9.3107   8.6893 sum  18.0000 diff   0.6214
 Sum of MulP: up   =     9.31071 down          =     8.68929
              total=    18.00000 ideal(neutral)=    18.00000
<DFT>  Total Spin Moment (muB) =  0.621412179524
<DFT>  Mixing_weight= 0.003048071369
<DFT>  Uele   =  -26.522170769890  dUele     =   0.001041203406
<DFT>  NormRD =    0.001249788051  Criterion =   0.000000010000

******************* MD= 1  SCF=201 *******************
<Poisson>  Poisson's equation using FFT...
<Set_Hamiltonian>  Hamiltonian matrix for VNA+dVH+Vxc...
<Band>  Solving the eigenvalue problem...
 KGrids1:  -0.42857  -0.28571  -0.14286   0.00000   0.14286   0.28572   0.42857 
 KGrids2:  -0.42857  -0.28572  -0.14286  -0.00000   0.14286   0.28571   0.42857 
 KGrids3:  -0.42857  -0.28571  -0.14286   0.00000   0.14286   0.28572   0.42857 
<Band_DFT>  Eigen, time=0.019325
<Band_DFT>  DM, time=0.033129
    1   Ni  MulP   9.2996   8.7004 sum  18.0000 diff   0.5993
 Sum of MulP: up   =     9.29964 down          =     8.70036
              total=    18.00000 ideal(neutral)=    18.00000
<DFT>  Total Spin Moment (muB) =  0.599271030022
<DFT>  Mixing_weight= 0.003048071369
<DFT>  Uele   =  -26.518949983132  dUele     =   0.003220786759
<DFT>  NormRD =    0.001356156664  Criterion =   0.000000010000

******************* MD= 1  SCF=202 *******************
<Poisson>  Poisson's equation using FFT...
<Set_Hamiltonian>  Hamiltonian matrix for VNA+dVH+Vxc...
<Band>  Solving the eigenvalue problem...
 KGrids1:  -0.42857  -0.28571  -0.14286   0.00000   0.14286   0.28572   0.42857 
 KGrids2:  -0.42857  -0.28572  -0.14286  -0.00000   0.14286   0.28571   0.42857 
 KGrids3:  -0.42857  -0.28571  -0.14286   0.00000   0.14286   0.28572   0.42857 
<Band_DFT>  Eigen, time=0.019366
<Band_DFT>  DM, time=0.033032
    1   Ni  MulP   9.2909   8.7091 sum  18.0000 diff   0.5818
 Sum of MulP: up   =     9.29088 down          =     8.70912
              total=    18.00000 ideal(neutral)=    18.00000
<DFT>  Total Spin Moment (muB) =  0.581750728698
<DFT>  Mixing_weight= 0.003048071369
<DFT>  Uele   =  -26.516330299272  dUele     =   0.002619683860
<DFT>  NormRD =    0.001690135522  Criterion =   0.000000010000

******************* MD= 1  SCF=203 *******************
<Poisson>  Poisson's equation using FFT...
<Set_Hamiltonian>  Hamiltonian matrix for VNA+dVH+Vxc...
<Band>  Solving the eigenvalue problem...
 KGrids1:  -0.42857  -0.28571  -0.14286   0.00000   0.14286   0.28572   0.42857 
 KGrids2:  -0.42857  -0.28572  -0.14286  -0.00000   0.14286   0.28571   0.42857 
 KGrids3:  -0.42857  -0.28571  -0.14286   0.00000   0.14286   0.28572   0.42857 
<Band_DFT>  Eigen, time=0.019608
<Band_DFT>  DM, time=0.033239
    1   Ni  MulP   9.2976   8.7024 sum  18.0000 diff   0.5952
 Sum of MulP: up   =     9.29762 down          =     8.70238
              total=    18.00000 ideal(neutral)=    18.00000
<DFT>  Total Spin Moment (muB) =  0.595241099415
<DFT>  Mixing_weight= 0.003048071369
<DFT>  Uele   =  -26.518302906546  dUele     =   0.001972607274
<DFT>  NormRD =    0.001891535431  Criterion =   0.000000010000

******************* MD= 1  SCF=204 *******************
<Poisson>  Poisson's equation using FFT...
<Set_Hamiltonian>  Hamiltonian matrix for VNA+dVH+Vxc...
<Band>  Solving the eigenvalue problem...
 KGrids1:  -0.42857  -0.28571  -0.14286   0.00000   0.14286   0.28572   0.42857 
 KGrids2:  -0.42857  -0.28572  -0.14286  -0.00000   0.14286   0.28571   0.42857 
 KGrids3:  -0.42857  -0.28571  -0.14286   0.00000   0.14286   0.28572   0.42857 
<Band_DFT>  Eigen, time=0.019530
<Band_DFT>  DM, time=0.033076
    1   Ni  MulP   9.2964   8.7036 sum  18.0000 diff   0.5929
 Sum of MulP: up   =     9.29644 down          =     8.70356
              total=    18.00000 ideal(neutral)=    18.00000
<DFT>  Total Spin Moment (muB) =  0.592873406604
<DFT>  Mixing_weight= 0.003048071369
<DFT>  Uele   =  -26.517911853582  dUele     =   0.000391052964
<DFT>  NormRD =    0.001723631111  Criterion =   0.000000010000

******************* MD= 1  SCF=205 *******************
<Poisson>  Poisson's equation using FFT...
<Set_Hamiltonian>  Hamiltonian matrix for VNA+dVH+Vxc...
<Band>  Solving the eigenvalue problem...
 KGrids1:  -0.42857  -0.28571  -0.14286   0.00000   0.14286   0.28572   0.42857 
 KGrids2:  -0.42857  -0.28572  -0.14286  -0.00000   0.14286   0.28571   0.42857 
 KGrids3:  -0.42857  -0.28571  -0.14286   0.00000   0.14286   0.28572   0.42857 
<Band_DFT>  Eigen, time=0.019511
<Band_DFT>  DM, time=0.033042
    1   Ni  MulP   9.2995   8.7005 sum  18.0000 diff   0.5989
 Sum of MulP: up   =     9.29946 down          =     8.70054
              total=    18.00000 ideal(neutral)=    18.00000
<DFT>  Total Spin Moment (muB) =  0.598927585480
<DFT>  Mixing_weight= 0.003048071369
<DFT>  Uele   =  -26.518816956317  dUele     =   0.000905102734
<DFT>  NormRD =    0.001738204270  Criterion =   0.000000010000

******************* MD= 1  SCF=206 *******************
<Poisson>  Poisson's equation using FFT...
<Set_Hamiltonian>  Hamiltonian matrix for VNA+dVH+Vxc...
<Band>  Solving the eigenvalue problem...
 KGrids1:  -0.42857  -0.28571  -0.14286   0.00000   0.14286   0.28572   0.42857 
 KGrids2:  -0.42857  -0.28572  -0.14286  -0.00000   0.14286   0.28571   0.42857 
 KGrids3:  -0.42857  -0.28571  -0.14286   0.00000   0.14286   0.28572   0.42857 
<Band_DFT>  Eigen, time=0.019350
<Band_DFT>  DM, time=0.033377
    1   Ni  MulP   9.2988   8.7012 sum  18.0000 diff   0.5975
 Sum of MulP: up   =     9.29876 down          =     8.70124
              total=    18.00000 ideal(neutral)=    18.00000
<DFT>  Total Spin Moment (muB) =  0.597521631391
<DFT>  Mixing_weight= 0.003048071369
<DFT>  Uele   =  -26.518595425844  dUele     =   0.000221530472
<DFT>  NormRD =    0.001664209808  Criterion =   0.000000010000

******************* MD= 1  SCF=207 *******************
<Poisson>  Poisson's equation using FFT...
<Set_Hamiltonian>  Hamiltonian matrix for VNA+dVH+Vxc...
<Band>  Solving the eigenvalue problem...
 KGrids1:  -0.42857  -0.28571  -0.14286   0.00000   0.14286   0.28572   0.42857 
 KGrids2:  -0.42857  -0.28572  -0.14286  -0.00000   0.14286   0.28571   0.42857 
 KGrids3:  -0.42857  -0.28571  -0.14286   0.00000   0.14286   0.28572   0.42857 
<Band_DFT>  Eigen, time=0.019507
<Band_DFT>  DM, time=0.033000
    1   Ni  MulP   9.2912   8.7088 sum  18.0000 diff   0.5823
 Sum of MulP: up   =     9.29116 down          =     8.70884
              total=    18.00000 ideal(neutral)=    18.00000
<DFT>  Total Spin Moment (muB) =  0.582314446933
<DFT>  Mixing_weight= 0.003048071369
<DFT>  Uele   =  -26.516303048544  dUele     =   0.002292377301
<DFT>  NormRD =    0.001677586680  Criterion =   0.000000010000

******************* MD= 1  SCF=208 *******************
<Poisson>  Poisson's equation using FFT...
<Set_Hamiltonian>  Hamiltonian matrix for VNA+dVH+Vxc...
<Band>  Solving the eigenvalue problem...
 KGrids1:  -0.42857  -0.28571  -0.14286   0.00000   0.14286   0.28572   0.42857 
 KGrids2:  -0.42857  -0.28572  -0.14286  -0.00000   0.14286   0.28571   0.42857 
 KGrids3:  -0.42857  -0.28571  -0.14286   0.00000   0.14286   0.28572   0.42857 
<Band_DFT>  Eigen, time=0.019620
<Band_DFT>  DM, time=0.033051
    1   Ni  MulP   9.2951   8.7049 sum  18.0000 diff   0.5903
 Sum of MulP: up   =     9.29513 down          =     8.70487
              total=    18.00000 ideal(neutral)=    18.00000
<DFT>  Total Spin Moment (muB) =  0.590266219738
<DFT>  Mixing_weight= 0.003048071369
<DFT>  Uele   =  -26.517626517170  dUele     =   0.001323468626
<DFT>  NormRD =    0.001842957450  Criterion =   0.000000010000

******************* MD= 1  SCF=209 *******************
<Poisson>  Poisson's equation using FFT...
<Set_Hamiltonian>  Hamiltonian matrix for VNA+dVH+Vxc...
<Band>  Solving the eigenvalue problem...
 KGrids1:  -0.42857  -0.28571  -0.14286   0.00000   0.14286   0.28572   0.42857 
 KGrids2:  -0.42857  -0.28572  -0.14286  -0.00000   0.14286   0.28571   0.42857 
 KGrids3:  -0.42857  -0.28571  -0.14286   0.00000   0.14286   0.28572   0.42857 
<Band_DFT>  Eigen, time=0.019342
<Band_DFT>  DM, time=0.033159
    1   Ni  MulP   9.3168   8.6832 sum  18.0000 diff   0.6336
 Sum of MulP: up   =     9.31679 down          =     8.68321
              total=    18.00000 ideal(neutral)=    18.00000
<DFT>  Total Spin Moment (muB) =  0.633572788351
<DFT>  Mixing_weight= 0.003048071369
<DFT>  Uele   =  -26.524601707937  dUele     =   0.006975190767
<DFT>  NormRD =    0.001807570348  Criterion =   0.000000010000

******************* MD= 1  SCF=210 *******************
<Poisson>  Poisson's equation using FFT...
<Set_Hamiltonian>  Hamiltonian matrix for VNA+dVH+Vxc...
<Band>  Solving the eigenvalue problem...
 KGrids1:  -0.42857  -0.28571  -0.14286   0.00000   0.14286   0.28572   0.42857 
 KGrids2:  -0.42857  -0.28572  -0.14286  -0.00000   0.14286   0.28571   0.42857 
 KGrids3:  -0.42857  -0.28571  -0.14286   0.00000   0.14286   0.28572   0.42857 
<Band_DFT>  Eigen, time=0.019477
<Band_DFT>  DM, time=0.032987
    1   Ni  MulP   9.3476   8.6524 sum  18.0000 diff   0.6951
 Sum of MulP: up   =     9.34756 down          =     8.65244
              total=    18.00000 ideal(neutral)=    18.00000
<DFT>  Total Spin Moment (muB) =  0.695111322082
<DFT>  Mixing_weight= 0.003048071369
<DFT>  Uele   =  -26.538769818687  dUele     =   0.014168110750
<DFT>  NormRD =    0.001408691614  Criterion =   0.000000010000

******************* MD= 1  SCF=211 *******************
<Poisson>  Poisson's equation using FFT...
<Set_Hamiltonian>  Hamiltonian matrix for VNA+dVH+Vxc...
<Band>  Solving the eigenvalue problem...
 KGrids1:  -0.42857  -0.28571  -0.14286   0.00000   0.14286   0.28572   0.42857 
 KGrids2:  -0.42857  -0.28572  -0.14286  -0.00000   0.14286   0.28571   0.42857 
 KGrids3:  -0.42857  -0.28571  -0.14286   0.00000   0.14286   0.28572   0.42857 
<Band_DFT>  Eigen, time=0.019820
<Band_DFT>  DM, time=0.033067
    1   Ni  MulP   9.3250   8.6750 sum  18.0000 diff   0.6500
 Sum of MulP: up   =     9.32500 down          =     8.67500
              total=    18.00000 ideal(neutral)=    18.00000
<DFT>  Total Spin Moment (muB) =  0.650008217847
<DFT>  Mixing_weight= 0.003048071369
<DFT>  Uele   =  -26.527148065378  dUele     =   0.011621753309
<DFT>  NormRD =    0.003370078322  Criterion =   0.000000010000

******************* MD= 1  SCF=212 *******************
<Poisson>  Poisson's equation using FFT...
<Set_Hamiltonian>  Hamiltonian matrix for VNA+dVH+Vxc...
<Band>  Solving the eigenvalue problem...
 KGrids1:  -0.42857  -0.28571  -0.14286   0.00000   0.14286   0.28572   0.42857 
 KGrids2:  -0.42857  -0.28572  -0.14286  -0.00000   0.14286   0.28571   0.42857 
 KGrids3:  -0.42857  -0.28571  -0.14286   0.00000   0.14286   0.28572   0.42857 
<Band_DFT>  Eigen, time=0.019781
<Band_DFT>  DM, time=0.033405
    1   Ni  MulP   9.2879   8.7121 sum  18.0000 diff   0.5759
 Sum of MulP: up   =     9.28794 down          =     8.71206
              total=    18.00000 ideal(neutral)=    18.00000
<DFT>  Total Spin Moment (muB) =  0.575881358117
<DFT>  Mixing_weight= 0.003048071369
<DFT>  Uele   =  -26.515317117809  dUele     =   0.011830947569
<DFT>  NormRD =    0.001234312549  Criterion =   0.000000010000

******************* MD= 1  SCF=213 *******************
<Poisson>  Poisson's equation using FFT...
<Set_Hamiltonian>  Hamiltonian matrix for VNA+dVH+Vxc...
<Band>  Solving the eigenvalue problem...
 KGrids1:  -0.42857  -0.28571  -0.14286   0.00000   0.14286   0.28572   0.42857 
 KGrids2:  -0.42857  -0.28572  -0.14286  -0.00000   0.14286   0.28571   0.42857 
 KGrids3:  -0.42857  -0.28571  -0.14286   0.00000   0.14286   0.28572   0.42857 
<Band_DFT>  Eigen, time=0.019351
<Band_DFT>  DM, time=0.033113
    1   Ni  MulP   9.3154   8.6846 sum  18.0000 diff   0.6307
 Sum of MulP: up   =     9.31536 down          =     8.68464
              total=    18.00000 ideal(neutral)=    18.00000
<DFT>  Total Spin Moment (muB) =  0.630713158362
<DFT>  Mixing_weight= 0.003048071369
<DFT>  Uele   =  -26.523921486249  dUele     =   0.008604368440
<DFT>  NormRD =    0.001894257058  Criterion =   0.000000010000

******************* MD= 1  SCF=214 *******************
<Poisson>  Poisson's equation using FFT...
<Set_Hamiltonian>  Hamiltonian matrix for VNA+dVH+Vxc...
<Band>  Solving the eigenvalue problem...
 KGrids1:  -0.42857  -0.28571  -0.14286   0.00000   0.14286   0.28572   0.42857 
 KGrids2:  -0.42857  -0.28572  -0.14286  -0.00000   0.14286   0.28571   0.42857 
 KGrids3:  -0.42857  -0.28571  -0.14286   0.00000   0.14286   0.28572   0.42857 
<Band_DFT>  Eigen, time=0.019701
<Band_DFT>  DM, time=0.033070
    1   Ni  MulP   9.3187   8.6813 sum  18.0000 diff   0.6375
 Sum of MulP: up   =     9.31875 down          =     8.68125
              total=    18.00000 ideal(neutral)=    18.00000
<DFT>  Total Spin Moment (muB) =  0.637497644647
<DFT>  Mixing_weight= 0.003048071369
<DFT>  Uele   =  -26.525030883324  dUele     =   0.001109397074
<DFT>  NormRD =    0.001353489554  Criterion =   0.000000010000

******************* MD= 1  SCF=215 *******************
<Poisson>  Poisson's equation using FFT...
<Set_Hamiltonian>  Hamiltonian matrix for VNA+dVH+Vxc...
<Band>  Solving the eigenvalue problem...
 KGrids1:  -0.42857  -0.28571  -0.14286   0.00000   0.14286   0.28572   0.42857 
 KGrids2:  -0.42857  -0.28572  -0.14286  -0.00000   0.14286   0.28571   0.42857 
 KGrids3:  -0.42857  -0.28571  -0.14286   0.00000   0.14286   0.28572   0.42857 
<Band_DFT>  Eigen, time=0.019421
<Band_DFT>  DM, time=0.033030
    1   Ni  MulP   9.3187   8.6813 sum  18.0000 diff   0.6374
 Sum of MulP: up   =     9.31868 down          =     8.68132
              total=    18.00000 ideal(neutral)=    18.00000
<DFT>  Total Spin Moment (muB) =  0.637362893365
<DFT>  Mixing_weight= 0.003048071369
<DFT>  Uele   =  -26.525017460516  dUele     =   0.000013422808
<DFT>  NormRD =    0.001295946603  Criterion =   0.000000010000

******************* MD= 1  SCF=216 *******************
<Poisson>  Poisson's equation using FFT...
<Set_Hamiltonian>  Hamiltonian matrix for VNA+dVH+Vxc...
<Band>  Solving the eigenvalue problem...
 KGrids1:  -0.42857  -0.28571  -0.14286   0.00000   0.14286   0.28572   0.42857 
 KGrids2:  -0.42857  -0.28572  -0.14286  -0.00000   0.14286   0.28571   0.42857 
 KGrids3:  -0.42857  -0.28571  -0.14286   0.00000   0.14286   0.28572   0.42857 
<Band_DFT>  Eigen, time=0.019393
<Band_DFT>  DM, time=0.033058
    1   Ni  MulP   9.3187   8.6813 sum  18.0000 diff   0.6374
 Sum of MulP: up   =     9.31870 down          =     8.68130
              total=    18.00000 ideal(neutral)=    18.00000
<DFT>  Total Spin Moment (muB) =  0.637393738978
<DFT>  Mixing_weight= 0.003048071369
<DFT>  Uele   =  -26.525026458219  dUele     =   0.000008997703
<DFT>  NormRD =    0.001300220065  Criterion =   0.000000010000

******************* MD= 1  SCF=217 *******************
<Poisson>  Poisson's equation using FFT...
<Set_Hamiltonian>  Hamiltonian matrix for VNA+dVH+Vxc...
<Band>  Solving the eigenvalue problem...
 KGrids1:  -0.42857  -0.28571  -0.14286   0.00000   0.14286   0.28572   0.42857 
 KGrids2:  -0.42857  -0.28572  -0.14286  -0.00000   0.14286   0.28571   0.42857 
 KGrids3:  -0.42857  -0.28571  -0.14286   0.00000   0.14286   0.28572   0.42857 
<Band_DFT>  Eigen, time=0.019767
<Band_DFT>  DM, time=0.033009
    1   Ni  MulP   9.3187   8.6813 sum  18.0000 diff   0.6375
 Sum of MulP: up   =     9.31873 down          =     8.68127
              total=    18.00000 ideal(neutral)=    18.00000
<DFT>  Total Spin Moment (muB) =  0.637460087588
<DFT>  Mixing_weight= 0.003048071369
<DFT>  Uele   =  -26.525039277703  dUele     =   0.000012819483
<DFT>  NormRD =    0.001301459521  Criterion =   0.000000010000

******************* MD= 1  SCF=218 *******************
<Poisson>  Poisson's equation using FFT...
<Set_Hamiltonian>  Hamiltonian matrix for VNA+dVH+Vxc...
<Band>  Solving the eigenvalue problem...
 KGrids1:  -0.42857  -0.28571  -0.14286   0.00000   0.14286   0.28572   0.42857 
 KGrids2:  -0.42857  -0.28572  -0.14286  -0.00000   0.14286   0.28571   0.42857 
 KGrids3:  -0.42857  -0.28571  -0.14286   0.00000   0.14286   0.28572   0.42857 
<Band_DFT>  Eigen, time=0.019607
<Band_DFT>  DM, time=0.033001
    1   Ni  MulP   9.3187   8.6813 sum  18.0000 diff   0.6374
 Sum of MulP: up   =     9.31871 down          =     8.68129
              total=    18.00000 ideal(neutral)=    18.00000
<DFT>  Total Spin Moment (muB) =  0.637429880847
<DFT>  Mixing_weight= 0.003048071369
<DFT>  Uele   =  -26.525035818621  dUele     =   0.000003459081
<DFT>  NormRD =    0.001301689426  Criterion =   0.000000010000

******************* MD= 1  SCF=219 *******************
<Poisson>  Poisson's equation using FFT...
<Set_Hamiltonian>  Hamiltonian matrix for VNA+dVH+Vxc...
<Band>  Solving the eigenvalue problem...
 KGrids1:  -0.42857  -0.28571  -0.14286   0.00000   0.14286   0.28572   0.42857 
 KGrids2:  -0.42857  -0.28572  -0.14286  -0.00000   0.14286   0.28571   0.42857 
 KGrids3:  -0.42857  -0.28571  -0.14286   0.00000   0.14286   0.28572   0.42857 
<Band_DFT>  Eigen, time=0.019627
<Band_DFT>  DM, time=0.033285
    1   Ni  MulP   9.3185   8.6815 sum  18.0000 diff   0.6371
 Sum of MulP: up   =     9.31855 down          =     8.68145
              total=    18.00000 ideal(neutral)=    18.00000
<DFT>  Total Spin Moment (muB) =  0.637091337998
<DFT>  Mixing_weight= 0.003048071369
<DFT>  Uele   =  -26.524981721411  dUele     =   0.000054097211
<DFT>  NormRD =    0.001302517731  Criterion =   0.000000010000

******************* MD= 1  SCF=220 *******************
<Poisson>  Poisson's equation using FFT...
<Set_Hamiltonian>  Hamiltonian matrix for VNA+dVH+Vxc...
<Band>  Solving the eigenvalue problem...
 KGrids1:  -0.42857  -0.28571  -0.14286   0.00000   0.14286   0.28572   0.42857 
 KGrids2:  -0.42857  -0.28572  -0.14286  -0.00000   0.14286   0.28571   0.42857 
 KGrids3:  -0.42857  -0.28571  -0.14286   0.00000   0.14286   0.28572   0.42857 
<Band_DFT>  Eigen, time=0.019462
<Band_DFT>  DM, time=0.033388
    1   Ni  MulP   9.3182   8.6818 sum  18.0000 diff   0.6365
 Sum of MulP: up   =     9.31824 down          =     8.68176
              total=    18.00000 ideal(neutral)=    18.00000
<DFT>  Total Spin Moment (muB) =  0.636487092282
<DFT>  Mixing_weight= 0.003048071369
<DFT>  Uele   =  -26.524885884032  dUele     =   0.000095837379
<DFT>  NormRD =    0.001305759933  Criterion =   0.000000010000

******************* MD= 1  SCF=221 *******************
<Poisson>  Poisson's equation using FFT...
<Set_Hamiltonian>  Hamiltonian matrix for VNA+dVH+Vxc...
<Band>  Solving the eigenvalue problem...
 KGrids1:  -0.42857  -0.28571  -0.14286   0.00000   0.14286   0.28572   0.42857 
 KGrids2:  -0.42857  -0.28572  -0.14286  -0.00000   0.14286   0.28571   0.42857 
 KGrids3:  -0.42857  -0.28571  -0.14286   0.00000   0.14286   0.28572   0.42857 
<Band_DFT>  Eigen, time=0.019836
<Band_DFT>  DM, time=0.033197
    1   Ni  MulP   9.3184   8.6816 sum  18.0000 diff   0.6369
 Sum of MulP: up   =     9.31843 down          =     8.68157
              total=    18.00000 ideal(neutral)=    18.00000
<DFT>  Total Spin Moment (muB) =  0.636860556391
<DFT>  Mixing_weight= 0.003048071369
<DFT>  Uele   =  -26.524962633246  dUele     =   0.000076749214
<DFT>  NormRD =    0.001311809508  Criterion =   0.000000010000

******************* MD= 1  SCF=222 *******************
<Poisson>  Poisson's equation using FFT...
<Set_Hamiltonian>  Hamiltonian matrix for VNA+dVH+Vxc...
<Band>  Solving the eigenvalue problem...
 KGrids1:  -0.42857  -0.28571  -0.14286   0.00000   0.14286   0.28572   0.42857 
 KGrids2:  -0.42857  -0.28572  -0.14286  -0.00000   0.14286   0.28571   0.42857 
 KGrids3:  -0.42857  -0.28571  -0.14286   0.00000   0.14286   0.28572   0.42857 
<Band_DFT>  Eigen, time=0.019933
<Band_DFT>  DM, time=0.033178
    1   Ni  MulP   9.3193   8.6807 sum  18.0000 diff   0.6386
 Sum of MulP: up   =     9.31929 down          =     8.68071
              total=    18.00000 ideal(neutral)=    18.00000
<DFT>  Total Spin Moment (muB) =  0.638580352246
<DFT>  Mixing_weight= 0.003048071369
<DFT>  Uele   =  -26.525241571142  dUele     =   0.000278937896
<DFT>  NormRD =    0.001314464091  Criterion =   0.000000010000

******************* MD= 1  SCF=223 *******************
<Poisson>  Poisson's equation using FFT...
<Set_Hamiltonian>  Hamiltonian matrix for VNA+dVH+Vxc...
<Band>  Solving the eigenvalue problem...
 KGrids1:  -0.42857  -0.28571  -0.14286   0.00000   0.14286   0.28572   0.42857 
 KGrids2:  -0.42857  -0.28572  -0.14286  -0.00000   0.14286   0.28571   0.42857 
 KGrids3:  -0.42857  -0.28571  -0.14286   0.00000   0.14286   0.28572   0.42857 
<Band_DFT>  Eigen, time=0.019356
<Band_DFT>  DM, time=0.033247
    1   Ni  MulP   9.3192   8.6808 sum  18.0000 diff   0.6384
 Sum of MulP: up   =     9.31922 down          =     8.68078
              total=    18.00000 ideal(neutral)=    18.00000
<DFT>  Total Spin Moment (muB) =  0.638439155518
<DFT>  Mixing_weight= 0.003048071369
<DFT>  Uele   =  -26.525217677929  dUele     =   0.000023893213
<DFT>  NormRD =    0.001299848784  Criterion =   0.000000010000

******************* MD= 1  SCF=224 *******************
<Poisson>  Poisson's equation using FFT...
<Set_Hamiltonian>  Hamiltonian matrix for VNA+dVH+Vxc...
<Band>  Solving the eigenvalue problem...
 KGrids1:  -0.42857  -0.28571  -0.14286   0.00000   0.14286   0.28572   0.42857 
 KGrids2:  -0.42857  -0.28572  -0.14286  -0.00000   0.14286   0.28571   0.42857 
 KGrids3:  -0.42857  -0.28571  -0.14286   0.00000   0.14286   0.28572   0.42857 
<Band_DFT>  Eigen, time=0.019462
<Band_DFT>  DM, time=0.033374
    1   Ni  MulP   9.3191   8.6809 sum  18.0000 diff   0.6382
 Sum of MulP: up   =     9.31908 down          =     8.68092
              total=    18.00000 ideal(neutral)=    18.00000
<DFT>  Total Spin Moment (muB) =  0.638161895691
<DFT>  Mixing_weight= 0.003048071369
<DFT>  Uele   =  -26.525170949643  dUele     =   0.000046728286
<DFT>  NormRD =    0.001300751719  Criterion =   0.000000010000

******************* MD= 1  SCF=225 *******************
<Poisson>  Poisson's equation using FFT...
<Set_Hamiltonian>  Hamiltonian matrix for VNA+dVH+Vxc...
<Band>  Solving the eigenvalue problem...
 KGrids1:  -0.42857  -0.28571  -0.14286   0.00000   0.14286   0.28572   0.42857 
 KGrids2:  -0.42857  -0.28572  -0.14286  -0.00000   0.14286   0.28571   0.42857 
 KGrids3:  -0.42857  -0.28571  -0.14286   0.00000   0.14286   0.28572   0.42857 
<Band_DFT>  Eigen, time=0.019429
<Band_DFT>  DM, time=0.033344
    1   Ni  MulP   9.3192   8.6808 sum  18.0000 diff   0.6383
 Sum of MulP: up   =     9.31916 down          =     8.68084
              total=    18.00000 ideal(neutral)=    18.00000
<DFT>  Total Spin Moment (muB) =  0.638312104381
<DFT>  Mixing_weight= 0.003048071369
<DFT>  Uele   =  -26.525191463485  dUele     =   0.000020513842
<DFT>  NormRD =    0.001302523775  Criterion =   0.000000010000

******************* MD= 1  SCF=226 *******************
<Poisson>  Poisson's equation using FFT...
<Set_Hamiltonian>  Hamiltonian matrix for VNA+dVH+Vxc...
<Band>  Solving the eigenvalue problem...
 KGrids1:  -0.42857  -0.28571  -0.14286   0.00000   0.14286   0.28572   0.42857 
 KGrids2:  -0.42857  -0.28572  -0.14286  -0.00000   0.14286   0.28571   0.42857 
 KGrids3:  -0.42857  -0.28571  -0.14286   0.00000   0.14286   0.28572   0.42857 
<Band_DFT>  Eigen, time=0.019691
<Band_DFT>  DM, time=0.033187
    1   Ni  MulP   9.3189   8.6811 sum  18.0000 diff   0.6379
 Sum of MulP: up   =     9.31894 down          =     8.68106
              total=    18.00000 ideal(neutral)=    18.00000
<DFT>  Total Spin Moment (muB) =  0.637874875173
<DFT>  Mixing_weight= 0.003048071369
<DFT>  Uele   =  -26.525118987587  dUele     =   0.000072475898
<DFT>  NormRD =    0.001299965251  Criterion =   0.000000010000

******************* MD= 1  SCF=227 *******************
<Poisson>  Poisson's equation using FFT...
<Set_Hamiltonian>  Hamiltonian matrix for VNA+dVH+Vxc...
<Band>  Solving the eigenvalue problem...
 KGrids1:  -0.42857  -0.28571  -0.14286   0.00000   0.14286   0.28572   0.42857 
 KGrids2:  -0.42857  -0.28572  -0.14286  -0.00000   0.14286   0.28571   0.42857 
 KGrids3:  -0.42857  -0.28571  -0.14286   0.00000   0.14286   0.28572   0.42857 
<Band_DFT>  Eigen, time=0.019451
<Band_DFT>  DM, time=0.033074
    1   Ni  MulP   9.3193   8.6807 sum  18.0000 diff   0.6386
 Sum of MulP: up   =     9.31930 down          =     8.68070
              total=    18.00000 ideal(neutral)=    18.00000
<DFT>  Total Spin Moment (muB) =  0.638605275853
<DFT>  Mixing_weight= 0.003048071369
<DFT>  Uele   =  -26.525226765920  dUele     =   0.000107778333
<DFT>  NormRD =    0.001303199249  Criterion =   0.000000010000

******************* MD= 1  SCF=228 *******************
<Poisson>  Poisson's equation using FFT...
<Set_Hamiltonian>  Hamiltonian matrix for VNA+dVH+Vxc...
<Band>  Solving the eigenvalue problem...
 KGrids1:  -0.42857  -0.28571  -0.14286   0.00000   0.14286   0.28572   0.42857 
 KGrids2:  -0.42857  -0.28572  -0.14286  -0.00000   0.14286   0.28571   0.42857 
 KGrids3:  -0.42857  -0.28571  -0.14286   0.00000   0.14286   0.28572   0.42857 
<Band_DFT>  Eigen, time=0.019443
<Band_DFT>  DM, time=0.033481
    1   Ni  MulP   9.3150   8.6850 sum  18.0000 diff   0.6300
 Sum of MulP: up   =     9.31500 down          =     8.68500
              total=    18.00000 ideal(neutral)=    18.00000
<DFT>  Total Spin Moment (muB) =  0.630007968835
<DFT>  Mixing_weight= 0.003048071369
<DFT>  Uele   =  -26.523837157092  dUele     =   0.001389608828
<DFT>  NormRD =    0.001293331586  Criterion =   0.000000010000

******************* MD= 1  SCF=229 *******************
<Poisson>  Poisson's equation using FFT...
<Set_Hamiltonian>  Hamiltonian matrix for VNA+dVH+Vxc...
<Band>  Solving the eigenvalue problem...
 KGrids1:  -0.42857  -0.28571  -0.14286   0.00000   0.14286   0.28572   0.42857 
 KGrids2:  -0.42857  -0.28572  -0.14286  -0.00000   0.14286   0.28571   0.42857 
 KGrids3:  -0.42857  -0.28571  -0.14286   0.00000   0.14286   0.28572   0.42857 
<Band_DFT>  Eigen, time=0.019806
<Band_DFT>  DM, time=0.033069
    1   Ni  MulP   9.3191   8.6809 sum  18.0000 diff   0.6383
 Sum of MulP: up   =     9.31914 down          =     8.68086
              total=    18.00000 ideal(neutral)=    18.00000
<DFT>  Total Spin Moment (muB) =  0.638278701266
<DFT>  Mixing_weight= 0.003048071369
<DFT>  Uele   =  -26.525169032449  dUele     =   0.001331875357
<DFT>  NormRD =    0.001372060934  Criterion =   0.000000010000

******************* MD= 1  SCF=230 *******************
<Poisson>  Poisson's equation using FFT...
<Set_Hamiltonian>  Hamiltonian matrix for VNA+dVH+Vxc...
<Band>  Solving the eigenvalue problem...
 KGrids1:  -0.42857  -0.28571  -0.14286   0.00000   0.14286   0.28572   0.42857 
 KGrids2:  -0.42857  -0.28572  -0.14286  -0.00000   0.14286   0.28571   0.42857 
 KGrids3:  -0.42857  -0.28571  -0.14286   0.00000   0.14286   0.28572   0.42857 
<Band_DFT>  Eigen, time=0.019328
<Band_DFT>  DM, time=0.033167
    1   Ni  MulP   9.3159   8.6841 sum  18.0000 diff   0.6319
 Sum of MulP: up   =     9.31593 down          =     8.68407
              total=    18.00000 ideal(neutral)=    18.00000
<DFT>  Total Spin Moment (muB) =  0.631856027298
<DFT>  Mixing_weight= 0.003048071369
<DFT>  Uele   =  -26.524110052243  dUele     =   0.001058980206
<DFT>  NormRD =    0.001296304527  Criterion =   0.000000010000

******************* MD= 1  SCF=231 *******************
<Poisson>  Poisson's equation using FFT...
<Set_Hamiltonian>  Hamiltonian matrix for VNA+dVH+Vxc...
<Band>  Solving the eigenvalue problem...
 KGrids1:  -0.42857  -0.28571  -0.14286   0.00000   0.14286   0.28572   0.42857 
 KGrids2:  -0.42857  -0.28572  -0.14286  -0.00000   0.14286   0.28571   0.42857 
 KGrids3:  -0.42857  -0.28571  -0.14286   0.00000   0.14286   0.28572   0.42857 
<Band_DFT>  Eigen, time=0.019529
<Band_DFT>  DM, time=0.033067
    1   Ni  MulP   9.3532   8.6468 sum  18.0000 diff   0.7064
 Sum of MulP: up   =     9.35320 down          =     8.64680
              total=    18.00000 ideal(neutral)=    18.00000
<DFT>  Total Spin Moment (muB) =  0.706401672472
<DFT>  Mixing_weight= 0.003048071369
<DFT>  Uele   =  -26.551471874279  dUele     =   0.027361822036
<DFT>  NormRD =    0.001347995559  Criterion =   0.000000010000

******************* MD= 1  SCF=232 *******************
<Poisson>  Poisson's equation using FFT...
<Set_Hamiltonian>  Hamiltonian matrix for VNA+dVH+Vxc...
<Band>  Solving the eigenvalue problem...
 KGrids1:  -0.42857  -0.28571  -0.14286   0.00000   0.14286   0.28572   0.42857 
 KGrids2:  -0.42857  -0.28572  -0.14286  -0.00000   0.14286   0.28571   0.42857 
 KGrids3:  -0.42857  -0.28571  -0.14286   0.00000   0.14286   0.28572   0.42857 
<Band_DFT>  Eigen, time=0.019731
<Band_DFT>  DM, time=0.033005
    1   Ni  MulP   9.2937   8.7063 sum  18.0000 diff   0.5873
 Sum of MulP: up   =     9.29367 down          =     8.70633
              total=    18.00000 ideal(neutral)=    18.00000
<DFT>  Total Spin Moment (muB) =  0.587341895976
<DFT>  Mixing_weight= 0.003048071369
<DFT>  Uele   =  -26.516944123388  dUele     =   0.034527750891
<DFT>  NormRD =    0.009585584118  Criterion =   0.000000010000

******************* MD= 1  SCF=233 *******************
<Poisson>  Poisson's equation using FFT...
<Set_Hamiltonian>  Hamiltonian matrix for VNA+dVH+Vxc...
<Band>  Solving the eigenvalue problem...
 KGrids1:  -0.42857  -0.28571  -0.14286   0.00000   0.14286   0.28572   0.42857 
 KGrids2:  -0.42857  -0.28572  -0.14286  -0.00000   0.14286   0.28571   0.42857 
 KGrids3:  -0.42857  -0.28571  -0.14286   0.00000   0.14286   0.28572   0.42857 
<Band_DFT>  Eigen, time=0.019435
<Band_DFT>  DM, time=0.033115
    1   Ni  MulP   9.2714   8.7286 sum  18.0000 diff   0.5427
 Sum of MulP: up   =     9.27135 down          =     8.72865
              total=    18.00000 ideal(neutral)=    18.00000
<DFT>  Total Spin Moment (muB) =  0.542708510733
<DFT>  Mixing_weight= 0.003048071369
<DFT>  Uele   =  -26.509652718327  dUele     =   0.007291405061
<DFT>  NormRD =    0.001748436403  Criterion =   0.000000010000

******************* MD= 1  SCF=234 *******************
<Poisson>  Poisson's equation using FFT...
<Set_Hamiltonian>  Hamiltonian matrix for VNA+dVH+Vxc...
<Band>  Solving the eigenvalue problem...
 KGrids1:  -0.42857  -0.28571  -0.14286   0.00000   0.14286   0.28572   0.42857 
 KGrids2:  -0.42857  -0.28572  -0.14286  -0.00000   0.14286   0.28571   0.42857 
 KGrids3:  -0.42857  -0.28571  -0.14286   0.00000   0.14286   0.28572   0.42857 
<Band_DFT>  Eigen, time=0.019660
<Band_DFT>  DM, time=0.033052
    1   Ni  MulP   9.2663   8.7337 sum  18.0000 diff   0.5325
 Sum of MulP: up   =     9.26626 down          =     8.73374
              total=    18.00000 ideal(neutral)=    18.00000
<DFT>  Total Spin Moment (muB) =  0.532514071298
<DFT>  Mixing_weight= 0.003048071369
<DFT>  Uele   =  -26.508061401550  dUele     =   0.001591316777
<DFT>  NormRD =    0.001888010720  Criterion =   0.000000010000

******************* MD= 1  SCF=235 *******************
<Poisson>  Poisson's equation using FFT...
<Set_Hamiltonian>  Hamiltonian matrix for VNA+dVH+Vxc...
<Band>  Solving the eigenvalue problem...
 KGrids1:  -0.42857  -0.28571  -0.14286   0.00000   0.14286   0.28572   0.42857 
 KGrids2:  -0.42857  -0.28572  -0.14286  -0.00000   0.14286   0.28571   0.42857 
 KGrids3:  -0.42857  -0.28571  -0.14286   0.00000   0.14286   0.28572   0.42857 
<Band_DFT>  Eigen, time=0.019474
<Band_DFT>  DM, time=0.033007
    1   Ni  MulP   9.2645   8.7355 sum  18.0000 diff   0.5290
 Sum of MulP: up   =     9.26450 down          =     8.73550
              total=    18.00000 ideal(neutral)=    18.00000
<DFT>  Total Spin Moment (muB) =  0.528993066716
<DFT>  Mixing_weight= 0.003048071369
<DFT>  Uele   =  -26.507502516145  dUele     =   0.000558885405
<DFT>  NormRD =    0.001932693230  Criterion =   0.000000010000

******************* MD= 1  SCF=236 *******************
<Poisson>  Poisson's equation using FFT...
<Set_Hamiltonian>  Hamiltonian matrix for VNA+dVH+Vxc...
<Band>  Solving the eigenvalue problem...
 KGrids1:  -0.42857  -0.28571  -0.14286   0.00000   0.14286   0.28572   0.42857 
 KGrids2:  -0.42857  -0.28572  -0.14286  -0.00000   0.14286   0.28571   0.42857 
 KGrids3:  -0.42857  -0.28571  -0.14286   0.00000   0.14286   0.28572   0.42857 
<Band_DFT>  Eigen, time=0.019765
<Band_DFT>  DM, time=0.033056
    1   Ni  MulP   9.2626   8.7374 sum  18.0000 diff   0.5253
 Sum of MulP: up   =     9.26264 down          =     8.73736
              total=    18.00000 ideal(neutral)=    18.00000
<DFT>  Total Spin Moment (muB) =  0.525288093200
<DFT>  Mixing_weight= 0.003048071369
<DFT>  Uele   =  -26.506931419999  dUele     =   0.000571096146
<DFT>  NormRD =    0.001945538526  Criterion =   0.000000010000

******************* MD= 1  SCF=237 *******************
<Poisson>  Poisson's equation using FFT...
<Set_Hamiltonian>  Hamiltonian matrix for VNA+dVH+Vxc...
<Band>  Solving the eigenvalue problem...
 KGrids1:  -0.42857  -0.28571  -0.14286   0.00000   0.14286   0.28572   0.42857 
 KGrids2:  -0.42857  -0.28572  -0.14286  -0.00000   0.14286   0.28571   0.42857 
 KGrids3:  -0.42857  -0.28571  -0.14286   0.00000   0.14286   0.28572   0.42857 
<Band_DFT>  Eigen, time=0.019330
<Band_DFT>  DM, time=0.033112
    1   Ni  MulP   9.2615   8.7385 sum  18.0000 diff   0.5230
 Sum of MulP: up   =     9.26152 down          =     8.73848
              total=    18.00000 ideal(neutral)=    18.00000
<DFT>  Total Spin Moment (muB) =  0.523048882056
<DFT>  Mixing_weight= 0.003048071369
<DFT>  Uele   =  -26.506587093914  dUele     =   0.000344326085
<DFT>  NormRD =    0.001964878201  Criterion =   0.000000010000

******************* MD= 1  SCF=238 *******************
<Poisson>  Poisson's equation using FFT...
<Set_Hamiltonian>  Hamiltonian matrix for VNA+dVH+Vxc...
<Band>  Solving the eigenvalue problem...
 KGrids1:  -0.42857  -0.28571  -0.14286   0.00000   0.14286   0.28572   0.42857 
 KGrids2:  -0.42857  -0.28572  -0.14286  -0.00000   0.14286   0.28571   0.42857 
 KGrids3:  -0.42857  -0.28571  -0.14286   0.00000   0.14286   0.28572   0.42857 
<Band_DFT>  Eigen, time=0.019363
<Band_DFT>  DM, time=0.033187
    1   Ni  MulP   9.2607   8.7393 sum  18.0000 diff   0.5214
 Sum of MulP: up   =     9.26069 down          =     8.73931
              total=    18.00000 ideal(neutral)=    18.00000
<DFT>  Total Spin Moment (muB) =  0.521382500000
<DFT>  Mixing_weight= 0.003048071369
<DFT>  Uele   =  -26.506331149381  dUele     =   0.000255944533
<DFT>  NormRD =    0.001976995445  Criterion =   0.000000010000

******************* MD= 1  SCF=239 *******************
<Poisson>  Poisson's equation using FFT...
<Set_Hamiltonian>  Hamiltonian matrix for VNA+dVH+Vxc...
<Band>  Solving the eigenvalue problem...
 KGrids1:  -0.42857  -0.28571  -0.14286   0.00000   0.14286   0.28572   0.42857 
 KGrids2:  -0.42857  -0.28572  -0.14286  -0.00000   0.14286   0.28571   0.42857 
 KGrids3:  -0.42857  -0.28571  -0.14286   0.00000   0.14286   0.28572   0.42857 
<Band_DFT>  Eigen, time=0.019771
<Band_DFT>  DM, time=0.033040
    1   Ni  MulP   9.2599   8.7401 sum  18.0000 diff   0.5197
 Sum of MulP: up   =     9.25987 down          =     8.74013
              total=    18.00000 ideal(neutral)=    18.00000
<DFT>  Total Spin Moment (muB) =  0.519734040178
<DFT>  Mixing_weight= 0.003048071369
<DFT>  Uele   =  -26.506078452360  dUele     =   0.000252697021
<DFT>  NormRD =    0.001986178596  Criterion =   0.000000010000

******************* MD= 1  SCF=240 *******************
<Poisson>  Poisson's equation using FFT...
<Set_Hamiltonian>  Hamiltonian matrix for VNA+dVH+Vxc...
<Band>  Solving the eigenvalue problem...
 KGrids1:  -0.42857  -0.28571  -0.14286   0.00000   0.14286   0.28572   0.42857 
 KGrids2:  -0.42857  -0.28572  -0.14286  -0.00000   0.14286   0.28571   0.42857 
 KGrids3:  -0.42857  -0.28571  -0.14286   0.00000   0.14286   0.28572   0.42857 
<Band_DFT>  Eigen, time=0.019523
<Band_DFT>  DM, time=0.033052
    1   Ni  MulP   9.2589   8.7411 sum  18.0000 diff   0.5178
 Sum of MulP: up   =     9.25890 down          =     8.74110
              total=    18.00000 ideal(neutral)=    18.00000
<DFT>  Total Spin Moment (muB) =  0.517799711926
<DFT>  Mixing_weight= 0.003048071369
<DFT>  Uele   =  -26.505782311527  dUele     =   0.000296140833
<DFT>  NormRD =    0.001995450003  Criterion =   0.000000010000

******************* MD= 1  SCF=241 *******************
<Poisson>  Poisson's equation using FFT...
<Set_Hamiltonian>  Hamiltonian matrix for VNA+dVH+Vxc...
<Band>  Solving the eigenvalue problem...
 KGrids1:  -0.42857  -0.28571  -0.14286   0.00000   0.14286   0.28572   0.42857 
 KGrids2:  -0.42857  -0.28572  -0.14286  -0.00000   0.14286   0.28571   0.42857 
 KGrids3:  -0.42857  -0.28571  -0.14286   0.00000   0.14286   0.28572   0.42857 
<Band_DFT>  Eigen, time=0.019546
<Band_DFT>  DM, time=0.033094
    1   Ni  MulP   9.2581   8.7419 sum  18.0000 diff   0.5162
 Sum of MulP: up   =     9.25808 down          =     8.74192
              total=    18.00000 ideal(neutral)=    18.00000
<DFT>  Total Spin Moment (muB) =  0.516155284384
<DFT>  Mixing_weight= 0.003048071369
<DFT>  Uele   =  -26.505529549193  dUele     =   0.000252762334
<DFT>  NormRD =    0.002006470840  Criterion =   0.000000010000

******************* MD= 1  SCF=242 *******************
<Poisson>  Poisson's equation using FFT...
<Set_Hamiltonian>  Hamiltonian matrix for VNA+dVH+Vxc...
<Band>  Solving the eigenvalue problem...
 KGrids1:  -0.42857  -0.28571  -0.14286   0.00000   0.14286   0.28572   0.42857 
 KGrids2:  -0.42857  -0.28572  -0.14286  -0.00000   0.14286   0.28571   0.42857 
 KGrids3:  -0.42857  -0.28571  -0.14286   0.00000   0.14286   0.28572   0.42857 
<Band_DFT>  Eigen, time=0.019476
<Band_DFT>  DM, time=0.033124
    1   Ni  MulP   9.2583   8.7417 sum  18.0000 diff   0.5166
 Sum of MulP: up   =     9.25830 down          =     8.74170
              total=    18.00000 ideal(neutral)=    18.00000
<DFT>  Total Spin Moment (muB) =  0.516595015747
<DFT>  Mixing_weight= 0.003048071369
<DFT>  Uele   =  -26.505602409378  dUele     =   0.000072860185
<DFT>  NormRD =    0.002015514751  Criterion =   0.000000010000

******************* MD= 1  SCF=243 *******************
<Poisson>  Poisson's equation using FFT...
<Set_Hamiltonian>  Hamiltonian matrix for VNA+dVH+Vxc...
<Band>  Solving the eigenvalue problem...
 KGrids1:  -0.42857  -0.28571  -0.14286   0.00000   0.14286   0.28572   0.42857 
 KGrids2:  -0.42857  -0.28572  -0.14286  -0.00000   0.14286   0.28571   0.42857 
 KGrids3:  -0.42857  -0.28571  -0.14286   0.00000   0.14286   0.28572   0.42857 
<Band_DFT>  Eigen, time=0.019656
<Band_DFT>  DM, time=0.033083
    1   Ni  MulP   9.2583   8.7417 sum  18.0000 diff   0.5165
 Sum of MulP: up   =     9.25827 down          =     8.74173
              total=    18.00000 ideal(neutral)=    18.00000
<DFT>  Total Spin Moment (muB) =  0.516546291602
<DFT>  Mixing_weight= 0.003048071369
<DFT>  Uele   =  -26.505598299693  dUele     =   0.000004109684
<DFT>  NormRD =    0.002014690874  Criterion =   0.000000010000

******************* MD= 1  SCF=244 *******************
<Poisson>  Poisson's equation using FFT...
<Set_Hamiltonian>  Hamiltonian matrix for VNA+dVH+Vxc...
<Band>  Solving the eigenvalue problem...
 KGrids1:  -0.42857  -0.28571  -0.14286   0.00000   0.14286   0.28572   0.42857 
 KGrids2:  -0.42857  -0.28572  -0.14286  -0.00000   0.14286   0.28571   0.42857 
 KGrids3:  -0.42857  -0.28571  -0.14286   0.00000   0.14286   0.28572   0.42857 
<Band_DFT>  Eigen, time=0.019434
<Band_DFT>  DM, time=0.033083
    1   Ni  MulP   9.2584   8.7416 sum  18.0000 diff   0.5169
 Sum of MulP: up   =     9.25844 down          =     8.74156
              total=    18.00000 ideal(neutral)=    18.00000
<DFT>  Total Spin Moment (muB) =  0.516870470002
<DFT>  Mixing_weight= 0.003048071369
<DFT>  Uele   =  -26.505652085061  dUele     =   0.000053785368
<DFT>  NormRD =    0.002015904049  Criterion =   0.000000010000

******************* MD= 1  SCF=245 *******************
<Poisson>  Poisson's equation using FFT...
<Set_Hamiltonian>  Hamiltonian matrix for VNA+dVH+Vxc...
<Band>  Solving the eigenvalue problem...
 KGrids1:  -0.42857  -0.28571  -0.14286   0.00000   0.14286   0.28572   0.42857 
 KGrids2:  -0.42857  -0.28572  -0.14286  -0.00000   0.14286   0.28571   0.42857 
 KGrids3:  -0.42857  -0.28571  -0.14286   0.00000   0.14286   0.28572   0.42857 
<Band_DFT>  Eigen, time=0.019492
<Band_DFT>  DM, time=0.033104
    1   Ni  MulP   9.2587   8.7413 sum  18.0000 diff   0.5174
 Sum of MulP: up   =     9.25870 down          =     8.74130
              total=    18.00000 ideal(neutral)=    18.00000
<DFT>  Total Spin Moment (muB) =  0.517398727517
<DFT>  Mixing_weight= 0.003048071369
<DFT>  Uele   =  -26.505738273037  dUele     =   0.000086187976
<DFT>  NormRD =    0.002015259074  Criterion =   0.000000010000

******************* MD= 1  SCF=246 *******************
<Poisson>  Poisson's equation using FFT...
<Set_Hamiltonian>  Hamiltonian matrix for VNA+dVH+Vxc...
<Band>  Solving the eigenvalue problem...
 KGrids1:  -0.42857  -0.28571  -0.14286   0.00000   0.14286   0.28572   0.42857 
 KGrids2:  -0.42857  -0.28572  -0.14286  -0.00000   0.14286   0.28571   0.42857 
 KGrids3:  -0.42857  -0.28571  -0.14286   0.00000   0.14286   0.28572   0.42857 
<Band_DFT>  Eigen, time=0.019553
<Band_DFT>  DM, time=0.033117
    1   Ni  MulP   9.2591   8.7409 sum  18.0000 diff   0.5181
 Sum of MulP: up   =     9.25907 down          =     8.74093
              total=    18.00000 ideal(neutral)=    18.00000
<DFT>  Total Spin Moment (muB) =  0.518140961853
<DFT>  Mixing_weight= 0.003048071369
<DFT>  Uele   =  -26.505855492385  dUele     =   0.000117219348
<DFT>  NormRD =    0.002013795803  Criterion =   0.000000010000

******************* MD= 1  SCF=247 *******************
<Poisson>  Poisson's equation using FFT...
<Set_Hamiltonian>  Hamiltonian matrix for VNA+dVH+Vxc...
<Band>  Solving the eigenvalue problem...
 KGrids1:  -0.42857  -0.28571  -0.14286   0.00000   0.14286   0.28572   0.42857 
 KGrids2:  -0.42857  -0.28572  -0.14286  -0.00000   0.14286   0.28571   0.42857 
 KGrids3:  -0.42857  -0.28571  -0.14286   0.00000   0.14286   0.28572   0.42857 
<Band_DFT>  Eigen, time=0.019935
<Band_DFT>  DM, time=0.033165
    1   Ni  MulP   9.2598   8.7402 sum  18.0000 diff   0.5196
 Sum of MulP: up   =     9.25979 down          =     8.74021
              total=    18.00000 ideal(neutral)=    18.00000
<DFT>  Total Spin Moment (muB) =  0.519576046887
<DFT>  Mixing_weight= 0.003048071369
<DFT>  Uele   =  -26.506081821227  dUele     =   0.000226328842
<DFT>  NormRD =    0.002010586572  Criterion =   0.000000010000

******************* MD= 1  SCF=248 *******************
<Poisson>  Poisson's equation using FFT...
<Set_Hamiltonian>  Hamiltonian matrix for VNA+dVH+Vxc...
<Band>  Solving the eigenvalue problem...
 KGrids1:  -0.42857  -0.28571  -0.14286   0.00000   0.14286   0.28572   0.42857 
 KGrids2:  -0.42857  -0.28572  -0.14286  -0.00000   0.14286   0.28571   0.42857 
 KGrids3:  -0.42857  -0.28571  -0.14286   0.00000   0.14286   0.28572   0.42857 
<Band_DFT>  Eigen, time=0.019519
<Band_DFT>  DM, time=0.033112
    1   Ni  MulP   9.2612   8.7388 sum  18.0000 diff   0.5224
 Sum of MulP: up   =     9.26122 down          =     8.73878
              total=    18.00000 ideal(neutral)=    18.00000
<DFT>  Total Spin Moment (muB) =  0.522448216847
<DFT>  Mixing_weight= 0.003048071369
<DFT>  Uele   =  -26.506521410698  dUele     =   0.000439589470
<DFT>  NormRD =    0.002004356131  Criterion =   0.000000010000

******************* MD= 1  SCF=249 *******************
<Poisson>  Poisson's equation using FFT...
<Set_Hamiltonian>  Hamiltonian matrix for VNA+dVH+Vxc...
<Band>  Solving the eigenvalue problem...
 KGrids1:  -0.42857  -0.28571  -0.14286   0.00000   0.14286   0.28572   0.42857 
 KGrids2:  -0.42857  -0.28572  -0.14286  -0.00000   0.14286   0.28571   0.42857 
 KGrids3:  -0.42857  -0.28571  -0.14286   0.00000   0.14286   0.28572   0.42857 
<Band_DFT>  Eigen, time=0.019502
<Band_DFT>  DM, time=0.033325
    1   Ni  MulP   9.2596   8.7404 sum  18.0000 diff   0.5192
 Sum of MulP: up   =     9.25958 down          =     8.74042
              total=    18.00000 ideal(neutral)=    18.00000
<DFT>  Total Spin Moment (muB) =  0.519159080444
<DFT>  Mixing_weight= 0.003048071369
<DFT>  Uele   =  -26.506007235836  dUele     =   0.000514174862
<DFT>  NormRD =    0.001987967139  Criterion =   0.000000010000

******************* MD= 1  SCF=250 *******************
<Poisson>  Poisson's equation using FFT...
<Set_Hamiltonian>  Hamiltonian matrix for VNA+dVH+Vxc...
<Band>  Solving the eigenvalue problem...
 KGrids1:  -0.42857  -0.28571  -0.14286   0.00000   0.14286   0.28572   0.42857 
 KGrids2:  -0.42857  -0.28572  -0.14286  -0.00000   0.14286   0.28571   0.42857 
 KGrids3:  -0.42857  -0.28571  -0.14286   0.00000   0.14286   0.28572   0.42857 
<Band_DFT>  Eigen, time=0.019537
<Band_DFT>  DM, time=0.033092
    1   Ni  MulP   9.2590   8.7410 sum  18.0000 diff   0.5181
 Sum of MulP: up   =     9.25903 down          =     8.74097
              total=    18.00000 ideal(neutral)=    18.00000
<DFT>  Total Spin Moment (muB) =  0.518062484476
<DFT>  Mixing_weight= 0.003048071369
<DFT>  Uele   =  -26.505840340419  dUele     =   0.000166895416
<DFT>  NormRD =    0.002003197991  Criterion =   0.000000010000

******************* MD= 1  SCF=251 *******************
<Poisson>  Poisson's equation using FFT...
<Set_Hamiltonian>  Hamiltonian matrix for VNA+dVH+Vxc...
<Band>  Solving the eigenvalue problem...
 KGrids1:  -0.42857  -0.28571  -0.14286   0.00000   0.14286   0.28572   0.42857 
 KGrids2:  -0.42857  -0.28572  -0.14286  -0.00000   0.14286   0.28571   0.42857 
 KGrids3:  -0.42857  -0.28571  -0.14286   0.00000   0.14286   0.28572   0.42857 
<Band_DFT>  Eigen, time=0.019314
<Band_DFT>  DM, time=0.033090
    1   Ni  MulP   9.2675   8.7325 sum  18.0000 diff   0.5350
 Sum of MulP: up   =     9.26752 down          =     8.73248
              total=    18.00000 ideal(neutral)=    18.00000
<DFT>  Total Spin Moment (muB) =  0.535043913951
<DFT>  Mixing_weight= 0.003048071369
<DFT>  Uele   =  -26.508503248165  dUele     =   0.002662907746
<DFT>  NormRD =    0.002009492061  Criterion =   0.000000010000

******************* MD= 1  SCF=252 *******************
<Poisson>  Poisson's equation using FFT...
<Set_Hamiltonian>  Hamiltonian matrix for VNA+dVH+Vxc...
<Band>  Solving the eigenvalue problem...
 KGrids1:  -0.42857  -0.28571  -0.14286   0.00000   0.14286   0.28572   0.42857 
 KGrids2:  -0.42857  -0.28572  -0.14286  -0.00000   0.14286   0.28571   0.42857 
 KGrids3:  -0.42857  -0.28571  -0.14286   0.00000   0.14286   0.28572   0.42857 
<Band_DFT>  Eigen, time=0.019465
<Band_DFT>  DM, time=0.033128
    1   Ni  MulP   9.3542   8.6458 sum  18.0000 diff   0.7084
 Sum of MulP: up   =     9.35421 down          =     8.64579
              total=    18.00000 ideal(neutral)=    18.00000
<DFT>  Total Spin Moment (muB) =  0.708420727048
<DFT>  Mixing_weight= 0.003048071369
<DFT>  Uele   =  -26.552289969242  dUele     =   0.043786721077
<DFT>  NormRD =    0.001936168608  Criterion =   0.000000010000

******************* MD= 1  SCF=253 *******************
<Poisson>  Poisson's equation using FFT...
<Set_Hamiltonian>  Hamiltonian matrix for VNA+dVH+Vxc...
<Band>  Solving the eigenvalue problem...
 KGrids1:  -0.42857  -0.28571  -0.14286   0.00000   0.14286   0.28572   0.42857 
 KGrids2:  -0.42857  -0.28572  -0.14286  -0.00000   0.14286   0.28571   0.42857 
 KGrids3:  -0.42857  -0.28571  -0.14286   0.00000   0.14286   0.28572   0.42857 
<Band_DFT>  Eigen, time=0.019664
<Band_DFT>  DM, time=0.033008
    1   Ni  MulP   9.2314   8.7686 sum  18.0000 diff   0.4628
 Sum of MulP: up   =     9.23140 down          =     8.76860
              total=    18.00000 ideal(neutral)=    18.00000
<DFT>  Total Spin Moment (muB) =  0.462796586168
<DFT>  Mixing_weight= 0.003048071369
<DFT>  Uele   =  -26.497622853487  dUele     =   0.054667115755
<DFT>  NormRD =    0.010447356750  Criterion =   0.000000010000

******************* MD= 1  SCF=254 *******************
<Poisson>  Poisson's equation using FFT...
<Set_Hamiltonian>  Hamiltonian matrix for VNA+dVH+Vxc...
<Band>  Solving the eigenvalue problem...
 KGrids1:  -0.42857  -0.28571  -0.14286   0.00000   0.14286   0.28572   0.42857 
 KGrids2:  -0.42857  -0.28572  -0.14286  -0.00000   0.14286   0.28571   0.42857 
 KGrids3:  -0.42857  -0.28571  -0.14286   0.00000   0.14286   0.28572   0.42857 
<Band_DFT>  Eigen, time=0.019432
<Band_DFT>  DM, time=0.033143
    1   Ni  MulP   9.2360   8.7640 sum  18.0000 diff   0.4719
 Sum of MulP: up   =     9.23595 down          =     8.76405
              total=    18.00000 ideal(neutral)=    18.00000
<DFT>  Total Spin Moment (muB) =  0.471909136094
<DFT>  Mixing_weight= 0.003048071369
<DFT>  Uele   =  -26.499184725610  dUele     =   0.001561872123
<DFT>  NormRD =    0.002163880800  Criterion =   0.000000010000

******************* MD= 1  SCF=255 *******************
<Poisson>  Poisson's equation using FFT...
<Set_Hamiltonian>  Hamiltonian matrix for VNA+dVH+Vxc...
<Band>  Solving the eigenvalue problem...
 KGrids1:  -0.42857  -0.28571  -0.14286   0.00000   0.14286   0.28572   0.42857 
 KGrids2:  -0.42857  -0.28572  -0.14286  -0.00000   0.14286   0.28571   0.42857 
 KGrids3:  -0.42857  -0.28571  -0.14286   0.00000   0.14286   0.28572   0.42857 
<Band_DFT>  Eigen, time=0.019279
<Band_DFT>  DM, time=0.033069
    1   Ni  MulP   9.2297   8.7703 sum  18.0000 diff   0.4593
 Sum of MulP: up   =     9.22967 down          =     8.77033
              total=    18.00000 ideal(neutral)=    18.00000
<DFT>  Total Spin Moment (muB) =  0.459336746086
<DFT>  Mixing_weight= 0.003048071369
<DFT>  Uele   =  -26.496947253430  dUele     =   0.002237472181
<DFT>  NormRD =    0.002264554094  Criterion =   0.000000010000

******************* MD= 1  SCF=256 *******************
<Poisson>  Poisson's equation using FFT...
<Set_Hamiltonian>  Hamiltonian matrix for VNA+dVH+Vxc...
<Band>  Solving the eigenvalue problem...
 KGrids1:  -0.42857  -0.28571  -0.14286   0.00000   0.14286   0.28572   0.42857 
 KGrids2:  -0.42857  -0.28572  -0.14286  -0.00000   0.14286   0.28571   0.42857 
 KGrids3:  -0.42857  -0.28571  -0.14286   0.00000   0.14286   0.28572   0.42857 
<Band_DFT>  Eigen, time=0.020020
<Band_DFT>  DM, time=0.033113
    1   Ni  MulP   9.2291   8.7709 sum  18.0000 diff   0.4581
 Sum of MulP: up   =     9.22906 down          =     8.77094
              total=    18.00000 ideal(neutral)=    18.00000
<DFT>  Total Spin Moment (muB) =  0.458115708305
<DFT>  Mixing_weight= 0.003048071369
<DFT>  Uele   =  -26.496726801619  dUele     =   0.000220451811
<DFT>  NormRD =    0.002090839927  Criterion =   0.000000010000

******************* MD= 1  SCF=257 *******************
<Poisson>  Poisson's equation using FFT...
<Set_Hamiltonian>  Hamiltonian matrix for VNA+dVH+Vxc...
<Band>  Solving the eigenvalue problem...
 KGrids1:  -0.42857  -0.28571  -0.14286   0.00000   0.14286   0.28572   0.42857 
 KGrids2:  -0.42857  -0.28572  -0.14286  -0.00000   0.14286   0.28571   0.42857 
 KGrids3:  -0.42857  -0.28571  -0.14286   0.00000   0.14286   0.28572   0.42857 
<Band_DFT>  Eigen, time=0.019482
<Band_DFT>  DM, time=0.032992
    1   Ni  MulP   9.2290   8.7710 sum  18.0000 diff   0.4581
 Sum of MulP: up   =     9.22904 down          =     8.77096
              total=    18.00000 ideal(neutral)=    18.00000
<DFT>  Total Spin Moment (muB) =  0.458086358524
<DFT>  Mixing_weight= 0.003048071369
<DFT>  Uele   =  -26.496728404404  dUele     =   0.000001602786
<DFT>  NormRD =    0.002065261824  Criterion =   0.000000010000

******************* MD= 1  SCF=258 *******************
<Poisson>  Poisson's equation using FFT...
<Set_Hamiltonian>  Hamiltonian matrix for VNA+dVH+Vxc...
<Band>  Solving the eigenvalue problem...
 KGrids1:  -0.42857  -0.28571  -0.14286   0.00000   0.14286   0.28572   0.42857 
 KGrids2:  -0.42857  -0.28572  -0.14286  -0.00000   0.14286   0.28571   0.42857 
 KGrids3:  -0.42857  -0.28571  -0.14286   0.00000   0.14286   0.28572   0.42857 
<Band_DFT>  Eigen, time=0.019432
<Band_DFT>  DM, time=0.033174
    1   Ni  MulP   9.2289   8.7711 sum  18.0000 diff   0.4579
 Sum of MulP: up   =     9.22893 down          =     8.77107
              total=    18.00000 ideal(neutral)=    18.00000
<DFT>  Total Spin Moment (muB) =  0.457855920137
<DFT>  Mixing_weight= 0.003048071369
<DFT>  Uele   =  -26.496685839391  dUele     =   0.000042565014
<DFT>  NormRD =    0.002065994467  Criterion =   0.000000010000

******************* MD= 1  SCF=259 *******************
<Poisson>  Poisson's equation using FFT...
<Set_Hamiltonian>  Hamiltonian matrix for VNA+dVH+Vxc...
<Band>  Solving the eigenvalue problem...
 KGrids1:  -0.42857  -0.28571  -0.14286   0.00000   0.14286   0.28572   0.42857 
 KGrids2:  -0.42857  -0.28572  -0.14286  -0.00000   0.14286   0.28571   0.42857 
 KGrids3:  -0.42857  -0.28571  -0.14286   0.00000   0.14286   0.28572   0.42857 
<Band_DFT>  Eigen, time=0.019517
<Band_DFT>  DM, time=0.033489
    1   Ni  MulP   9.2288   8.7712 sum  18.0000 diff   0.4577
 Sum of MulP: up   =     9.22885 down          =     8.77115
              total=    18.00000 ideal(neutral)=    18.00000
<DFT>  Total Spin Moment (muB) =  0.457693303625
<DFT>  Mixing_weight= 0.003048071369
<DFT>  Uele   =  -26.496655553330  dUele     =   0.000030286061
<DFT>  NormRD =    0.002060791652  Criterion =   0.000000010000

******************* MD= 1  SCF=260 *******************
<Poisson>  Poisson's equation using FFT...
<Set_Hamiltonian>  Hamiltonian matrix for VNA+dVH+Vxc...
<Band>  Solving the eigenvalue problem...
 KGrids1:  -0.42857  -0.28571  -0.14286   0.00000   0.14286   0.28572   0.42857 
 KGrids2:  -0.42857  -0.28572  -0.14286  -0.00000   0.14286   0.28571   0.42857 
 KGrids3:  -0.42857  -0.28571  -0.14286   0.00000   0.14286   0.28572   0.42857 
<Band_DFT>  Eigen, time=0.019402
<Band_DFT>  DM, time=0.033278
    1   Ni  MulP   9.2288   8.7712 sum  18.0000 diff   0.4576
 Sum of MulP: up   =     9.22878 down          =     8.77122
              total=    18.00000 ideal(neutral)=    18.00000
<DFT>  Total Spin Moment (muB) =  0.457556342249
<DFT>  Mixing_weight= 0.003048071369
<DFT>  Uele   =  -26.496629775424  dUele     =   0.000025777905
<DFT>  NormRD =    0.002057039881  Criterion =   0.000000010000

******************* MD= 1  SCF=261 *******************
<Poisson>  Poisson's equation using FFT...
<Set_Hamiltonian>  Hamiltonian matrix for VNA+dVH+Vxc...
<Band>  Solving the eigenvalue problem...
 KGrids1:  -0.42857  -0.28571  -0.14286   0.00000   0.14286   0.28572   0.42857 
 KGrids2:  -0.42857  -0.28572  -0.14286  -0.00000   0.14286   0.28571   0.42857 
 KGrids3:  -0.42857  -0.28571  -0.14286   0.00000   0.14286   0.28572   0.42857 
<Band_DFT>  Eigen, time=0.019523
<Band_DFT>  DM, time=0.033603
    1   Ni  MulP   9.2287   8.7713 sum  18.0000 diff   0.4574
 Sum of MulP: up   =     9.22871 down          =     8.77129
              total=    18.00000 ideal(neutral)=    18.00000
<DFT>  Total Spin Moment (muB) =  0.457424884718
<DFT>  Mixing_weight= 0.003048071369
<DFT>  Uele   =  -26.496604414651  dUele     =   0.000025360773
<DFT>  NormRD =    0.002053798108  Criterion =   0.000000010000

******************* MD= 1  SCF=262 *******************
<Poisson>  Poisson's equation using FFT...
<Set_Hamiltonian>  Hamiltonian matrix for VNA+dVH+Vxc...
<Band>  Solving the eigenvalue problem...
 KGrids1:  -0.42857  -0.28571  -0.14286   0.00000   0.14286   0.28572   0.42857 
 KGrids2:  -0.42857  -0.28572  -0.14286  -0.00000   0.14286   0.28571   0.42857 
 KGrids3:  -0.42857  -0.28571  -0.14286   0.00000   0.14286   0.28572   0.42857 
<Band_DFT>  Eigen, time=0.019425
<Band_DFT>  DM, time=0.033348
    1   Ni  MulP   9.2286   8.7714 sum  18.0000 diff   0.4573
 Sum of MulP: up   =     9.22863 down          =     8.77137
              total=    18.00000 ideal(neutral)=    18.00000
<DFT>  Total Spin Moment (muB) =  0.457252456888
<DFT>  Mixing_weight= 0.003048071369
<DFT>  Uele   =  -26.496570473627  dUele     =   0.000033941024
<DFT>  NormRD =    0.002050541081  Criterion =   0.000000010000

******************* MD= 1  SCF=263 *******************
<Poisson>  Poisson's equation using FFT...
<Set_Hamiltonian>  Hamiltonian matrix for VNA+dVH+Vxc...
<Band>  Solving the eigenvalue problem...
 KGrids1:  -0.42857  -0.28571  -0.14286   0.00000   0.14286   0.28572   0.42857 
 KGrids2:  -0.42857  -0.28572  -0.14286  -0.00000   0.14286   0.28571   0.42857 
 KGrids3:  -0.42857  -0.28571  -0.14286   0.00000   0.14286   0.28572   0.42857 
<Band_DFT>  Eigen, time=0.019353
<Band_DFT>  DM, time=0.033022
    1   Ni  MulP   9.2285   8.7715 sum  18.0000 diff   0.4570
 Sum of MulP: up   =     9.22852 down          =     8.77148
              total=    18.00000 ideal(neutral)=    18.00000
<DFT>  Total Spin Moment (muB) =  0.457048727929
<DFT>  Mixing_weight= 0.003048071369
<DFT>  Uele   =  -26.496530667274  dUele     =   0.000039806353
<DFT>  NormRD =    0.002046109848  Criterion =   0.000000010000

******************* MD= 1  SCF=264 *******************
<Poisson>  Poisson's equation using FFT...
<Set_Hamiltonian>  Hamiltonian matrix for VNA+dVH+Vxc...
<Band>  Solving the eigenvalue problem...
 KGrids1:  -0.42857  -0.28571  -0.14286   0.00000   0.14286   0.28572   0.42857 
 KGrids2:  -0.42857  -0.28572  -0.14286  -0.00000   0.14286   0.28571   0.42857 
 KGrids3:  -0.42857  -0.28571  -0.14286   0.00000   0.14286   0.28572   0.42857 
<Band_DFT>  Eigen, time=0.019852
<Band_DFT>  DM, time=0.033161
    1   Ni  MulP   9.2284   8.7716 sum  18.0000 diff   0.4569
 Sum of MulP: up   =     9.22844 down          =     8.77156
              total=    18.00000 ideal(neutral)=    18.00000
<DFT>  Total Spin Moment (muB) =  0.456872067664
<DFT>  Mixing_weight= 0.003048071369
<DFT>  Uele   =  -26.496495992593  dUele     =   0.000034674681
<DFT>  NormRD =    0.002040861325  Criterion =   0.000000010000

******************* MD= 1  SCF=265 *******************
<Poisson>  Poisson's equation using FFT...
<Set_Hamiltonian>  Hamiltonian matrix for VNA+dVH+Vxc...
<Band>  Solving the eigenvalue problem...
 KGrids1:  -0.42857  -0.28571  -0.14286   0.00000   0.14286   0.28572   0.42857 
 KGrids2:  -0.42857  -0.28572  -0.14286  -0.00000   0.14286   0.28571   0.42857 
 KGrids3:  -0.42857  -0.28571  -0.14286   0.00000   0.14286   0.28572   0.42857 
<Band_DFT>  Eigen, time=0.019529
<Band_DFT>  DM, time=0.033576
    1   Ni  MulP   9.2284   8.7716 sum  18.0000 diff   0.4567
 Sum of MulP: up   =     9.22835 down          =     8.77165
              total=    18.00000 ideal(neutral)=    18.00000
<DFT>  Total Spin Moment (muB) =  0.456706395805
<DFT>  Mixing_weight= 0.003048071369
<DFT>  Uele   =  -26.496464061064  dUele     =   0.000031931529
<DFT>  NormRD =    0.002036236204  Criterion =   0.000000010000

******************* MD= 1  SCF=266 *******************
<Poisson>  Poisson's equation using FFT...
<Set_Hamiltonian>  Hamiltonian matrix for VNA+dVH+Vxc...
<Band>  Solving the eigenvalue problem...
 KGrids1:  -0.42857  -0.28571  -0.14286   0.00000   0.14286   0.28572   0.42857 
 KGrids2:  -0.42857  -0.28572  -0.14286  -0.00000   0.14286   0.28571   0.42857 
 KGrids3:  -0.42857  -0.28571  -0.14286   0.00000   0.14286   0.28572   0.42857 
<Band_DFT>  Eigen, time=0.019512
<Band_DFT>  DM, time=0.033443
    1   Ni  MulP   9.2283   8.7717 sum  18.0000 diff   0.4566
 Sum of MulP: up   =     9.22831 down          =     8.77169
              total=    18.00000 ideal(neutral)=    18.00000
<DFT>  Total Spin Moment (muB) =  0.456624307357
<DFT>  Mixing_weight= 0.003048071369
<DFT>  Uele   =  -26.496449752178  dUele     =   0.000014308886
<DFT>  NormRD =    0.002031942710  Criterion =   0.000000010000

******************* MD= 1  SCF=267 *******************
<Poisson>  Poisson's equation using FFT...
<Set_Hamiltonian>  Hamiltonian matrix for VNA+dVH+Vxc...
<Band>  Solving the eigenvalue problem...
 KGrids1:  -0.42857  -0.28571  -0.14286   0.00000   0.14286   0.28572   0.42857 
 KGrids2:  -0.42857  -0.28572  -0.14286  -0.00000   0.14286   0.28571   0.42857 
 KGrids3:  -0.42857  -0.28571  -0.14286   0.00000   0.14286   0.28572   0.42857 
<Band_DFT>  Eigen, time=0.019235
<Band_DFT>  DM, time=0.033182
    1   Ni  MulP   9.2283   8.7717 sum  18.0000 diff   0.4567
 Sum of MulP: up   =     9.22834 down          =     8.77166
              total=    18.00000 ideal(neutral)=    18.00000
<DFT>  Total Spin Moment (muB) =  0.456682732439
<DFT>  Mixing_weight= 0.003048071369
<DFT>  Uele   =  -26.496466719154  dUele     =   0.000016966976
<DFT>  NormRD =    0.002030023869  Criterion =   0.000000010000

******************* MD= 1  SCF=268 *******************
<Poisson>  Poisson's equation using FFT...
<Set_Hamiltonian>  Hamiltonian matrix for VNA+dVH+Vxc...
<Band>  Solving the eigenvalue problem...
 KGrids1:  -0.42857  -0.28571  -0.14286   0.00000   0.14286   0.28572   0.42857 
 KGrids2:  -0.42857  -0.28572  -0.14286  -0.00000   0.14286   0.28571   0.42857 
 KGrids3:  -0.42857  -0.28571  -0.14286   0.00000   0.14286   0.28572   0.42857 
<Band_DFT>  Eigen, time=0.019479
<Band_DFT>  DM, time=0.033394
    1   Ni  MulP   9.2289   8.7711 sum  18.0000 diff   0.4578
 Sum of MulP: up   =     9.22892 down          =     8.77108
              total=    18.00000 ideal(neutral)=    18.00000
<DFT>  Total Spin Moment (muB) =  0.457837594458
<DFT>  Mixing_weight= 0.003048071369
<DFT>  Uele   =  -26.496707771438  dUele     =   0.000241052284
<DFT>  NormRD =    0.002032359189  Criterion =   0.000000010000

******************* MD= 1  SCF=269 *******************
<Poisson>  Poisson's equation using FFT...
<Set_Hamiltonian>  Hamiltonian matrix for VNA+dVH+Vxc...
<Band>  Solving the eigenvalue problem...
 KGrids1:  -0.42857  -0.28571  -0.14286   0.00000   0.14286   0.28572   0.42857 
 KGrids2:  -0.42857  -0.28572  -0.14286  -0.00000   0.14286   0.28571   0.42857 
 KGrids3:  -0.42857  -0.28571  -0.14286   0.00000   0.14286   0.28572   0.42857 
<Band_DFT>  Eigen, time=0.019334
<Band_DFT>  DM, time=0.033056
    1   Ni  MulP   9.2290   8.7710 sum  18.0000 diff   0.4579
 Sum of MulP: up   =     9.22896 down          =     8.77104
              total=    18.00000 ideal(neutral)=    18.00000
<DFT>  Total Spin Moment (muB) =  0.457921093825
<DFT>  Mixing_weight= 0.003048071369
<DFT>  Uele   =  -26.496730717000  dUele     =   0.000022945562
<DFT>  NormRD =    0.002064244482  Criterion =   0.000000010000

******************* MD= 1  SCF=270 *******************
<Poisson>  Poisson's equation using FFT...
<Set_Hamiltonian>  Hamiltonian matrix for VNA+dVH+Vxc...
<Band>  Solving the eigenvalue problem...
 KGrids1:  -0.42857  -0.28571  -0.14286   0.00000   0.14286   0.28572   0.42857 
 KGrids2:  -0.42857  -0.28572  -0.14286  -0.00000   0.14286   0.28571   0.42857 
 KGrids3:  -0.42857  -0.28571  -0.14286   0.00000   0.14286   0.28572   0.42857 
<Band_DFT>  Eigen, time=0.020311
<Band_DFT>  DM, time=0.033133
    1   Ni  MulP   9.2292   8.7708 sum  18.0000 diff   0.4585
 Sum of MulP: up   =     9.22923 down          =     8.77077
              total=    18.00000 ideal(neutral)=    18.00000
<DFT>  Total Spin Moment (muB) =  0.458457235647
<DFT>  Mixing_weight= 0.003048071369
<DFT>  Uele   =  -26.496832940256  dUele     =   0.000102223256
<DFT>  NormRD =    0.002067327454  Criterion =   0.000000010000

******************* MD= 1  SCF=271 *******************
<Poisson>  Poisson's equation using FFT...
<Set_Hamiltonian>  Hamiltonian matrix for VNA+dVH+Vxc...
<Band>  Solving the eigenvalue problem...
 KGrids1:  -0.42857  -0.28571  -0.14286   0.00000   0.14286   0.28572   0.42857 
 KGrids2:  -0.42857  -0.28572  -0.14286  -0.00000   0.14286   0.28571   0.42857 
 KGrids3:  -0.42857  -0.28571  -0.14286   0.00000   0.14286   0.28572   0.42857 
<Band_DFT>  Eigen, time=0.019494
<Band_DFT>  DM, time=0.033464
    1   Ni  MulP   9.2383   8.7617 sum  18.0000 diff   0.4766
 Sum of MulP: up   =     9.23828 down          =     8.76172
              total=    18.00000 ideal(neutral)=    18.00000
<DFT>  Total Spin Moment (muB) =  0.476554693696
<DFT>  Mixing_weight= 0.003048071369
<DFT>  Uele   =  -26.499938516305  dUele     =   0.003105576049
<DFT>  NormRD =    0.002080134019  Criterion =   0.000000010000

******************* MD= 1  SCF=272 *******************
<Poisson>  Poisson's equation using FFT...
<Set_Hamiltonian>  Hamiltonian matrix for VNA+dVH+Vxc...
<Band>  Solving the eigenvalue problem...
 KGrids1:  -0.42857  -0.28571  -0.14286   0.00000   0.14286   0.28572   0.42857 
 KGrids2:  -0.42857  -0.28572  -0.14286  -0.00000   0.14286   0.28571   0.42857 
 KGrids3:  -0.42857  -0.28571  -0.14286   0.00000   0.14286   0.28572   0.42857 
<Band_DFT>  Eigen, time=0.019431
<Band_DFT>  DM, time=0.033328
    1   Ni  MulP   9.2277   8.7723 sum  18.0000 diff   0.4554
 Sum of MulP: up   =     9.22769 down          =     8.77231
              total=    18.00000 ideal(neutral)=    18.00000
<DFT>  Total Spin Moment (muB) =  0.455381023404
<DFT>  Mixing_weight= 0.003048071369
<DFT>  Uele   =  -26.496750178270  dUele     =   0.003188338035
<DFT>  NormRD =    0.002286433551  Criterion =   0.000000010000

******************* MD= 1  SCF=273 *******************
<Poisson>  Poisson's equation using FFT...
<Set_Hamiltonian>  Hamiltonian matrix for VNA+dVH+Vxc...
<Band>  Solving the eigenvalue problem...
 KGrids1:  -0.42857  -0.28571  -0.14286   0.00000   0.14286   0.28572   0.42857 
 KGrids2:  -0.42857  -0.28572  -0.14286  -0.00000   0.14286   0.28571   0.42857 
 KGrids3:  -0.42857  -0.28571  -0.14286   0.00000   0.14286   0.28572   0.42857 
<Band_DFT>  Eigen, time=0.019347
<Band_DFT>  DM, time=0.033426
    1   Ni  MulP   9.2656   8.7344 sum  18.0000 diff   0.5313
 Sum of MulP: up   =     9.26563 down          =     8.73437
              total=    18.00000 ideal(neutral)=    18.00000
<DFT>  Total Spin Moment (muB) =  0.531267241248
<DFT>  Mixing_weight= 0.003048071369
<DFT>  Uele   =  -26.508415467201  dUele     =   0.011665288931
<DFT>  NormRD =    0.002117510135  Criterion =   0.000000010000

******************* MD= 1  SCF=274 *******************
<Poisson>  Poisson's equation using FFT...
<Set_Hamiltonian>  Hamiltonian matrix for VNA+dVH+Vxc...
<Band>  Solving the eigenvalue problem...
 KGrids1:  -0.42857  -0.28571  -0.14286   0.00000   0.14286   0.28572   0.42857 
 KGrids2:  -0.42857  -0.28572  -0.14286  -0.00000   0.14286   0.28571   0.42857 
 KGrids3:  -0.42857  -0.28571  -0.14286   0.00000   0.14286   0.28572   0.42857 
<Band_DFT>  Eigen, time=0.019351
<Band_DFT>  DM, time=0.033093
    1   Ni  MulP   9.2897   8.7103 sum  18.0000 diff   0.5795
 Sum of MulP: up   =     9.28975 down          =     8.71025
              total=    18.00000 ideal(neutral)=    18.00000
<DFT>  Total Spin Moment (muB) =  0.579499376389
<DFT>  Mixing_weight= 0.003048071369
<DFT>  Uele   =  -26.515043804270  dUele     =   0.006628337069
<DFT>  NormRD =    0.002119639928  Criterion =   0.000000010000

******************* MD= 1  SCF=275 *******************
<Poisson>  Poisson's equation using FFT...
<Set_Hamiltonian>  Hamiltonian matrix for VNA+dVH+Vxc...
<Band>  Solving the eigenvalue problem...
 KGrids1:  -0.42857  -0.28571  -0.14286   0.00000   0.14286   0.28572   0.42857 
 KGrids2:  -0.42857  -0.28572  -0.14286  -0.00000   0.14286   0.28571   0.42857 
 KGrids3:  -0.42857  -0.28571  -0.14286   0.00000   0.14286   0.28572   0.42857 
<Band_DFT>  Eigen, time=0.019335
<Band_DFT>  DM, time=0.033021
    1   Ni  MulP   9.3501   8.6499 sum  18.0000 diff   0.7002
 Sum of MulP: up   =     9.35009 down          =     8.64991
              total=    18.00000 ideal(neutral)=    18.00000
<DFT>  Total Spin Moment (muB) =  0.700174005042
<DFT>  Mixing_weight= 0.003048071369
<DFT>  Uele   =  -26.538355433795  dUele     =   0.023311629525
<DFT>  NormRD =    0.001580277679  Criterion =   0.000000010000

******************* MD= 1  SCF=276 *******************
<Poisson>  Poisson's equation using FFT...
<Set_Hamiltonian>  Hamiltonian matrix for VNA+dVH+Vxc...
<Band>  Solving the eigenvalue problem...
 KGrids1:  -0.42857  -0.28571  -0.14286   0.00000   0.14286   0.28572   0.42857 
 KGrids2:  -0.42857  -0.28572  -0.14286  -0.00000   0.14286   0.28571   0.42857 
 KGrids3:  -0.42857  -0.28571  -0.14286   0.00000   0.14286   0.28572   0.42857 
<Band_DFT>  Eigen, time=0.019856
<Band_DFT>  DM, time=0.033069
    1   Ni  MulP   9.3409   8.6591 sum  18.0000 diff   0.6818
 Sum of MulP: up   =     9.34092 down          =     8.65908
              total=    18.00000 ideal(neutral)=    18.00000
<DFT>  Total Spin Moment (muB) =  0.681835601912
<DFT>  Mixing_weight= 0.003048071369
<DFT>  Uele   =  -26.530731500116  dUele     =   0.007623933678
<DFT>  NormRD =    0.003691249729  Criterion =   0.000000010000

******************* MD= 1  SCF=277 *******************
<Poisson>  Poisson's equation using FFT...
<Set_Hamiltonian>  Hamiltonian matrix for VNA+dVH+Vxc...
<Band>  Solving the eigenvalue problem...
 KGrids1:  -0.42857  -0.28571  -0.14286   0.00000   0.14286   0.28572   0.42857 
 KGrids2:  -0.42857  -0.28572  -0.14286  -0.00000   0.14286   0.28571   0.42857 
 KGrids3:  -0.42857  -0.28571  -0.14286   0.00000   0.14286   0.28572   0.42857 
<Band_DFT>  Eigen, time=0.019572
<Band_DFT>  DM, time=0.033056
    1   Ni  MulP   9.2674   8.7326 sum  18.0000 diff   0.5347
 Sum of MulP: up   =     9.26737 down          =     8.73263
              total=    18.00000 ideal(neutral)=    18.00000
<DFT>  Total Spin Moment (muB) =  0.534732739796
<DFT>  Mixing_weight= 0.003048071369
<DFT>  Uele   =  -26.508388680083  dUele     =   0.022342820033
<DFT>  NormRD =    0.001485065859  Criterion =   0.000000010000

******************* MD= 1  SCF=278 *******************
<Poisson>  Poisson's equation using FFT...
<Set_Hamiltonian>  Hamiltonian matrix for VNA+dVH+Vxc...
<Band>  Solving the eigenvalue problem...
 KGrids1:  -0.42857  -0.28571  -0.14286   0.00000   0.14286   0.28572   0.42857 
 KGrids2:  -0.42857  -0.28572  -0.14286  -0.00000   0.14286   0.28571   0.42857 
 KGrids3:  -0.42857  -0.28571  -0.14286   0.00000   0.14286   0.28572   0.42857 
<Band_DFT>  Eigen, time=0.019391
<Band_DFT>  DM, time=0.033021
    1   Ni  MulP   9.2744   8.7256 sum  18.0000 diff   0.5488
 Sum of MulP: up   =     9.27439 down          =     8.72561
              total=    18.00000 ideal(neutral)=    18.00000
<DFT>  Total Spin Moment (muB) =  0.548774267058
<DFT>  Mixing_weight= 0.003048071369
<DFT>  Uele   =  -26.510182952964  dUele     =   0.001794272881
<DFT>  NormRD =    0.001919219787  Criterion =   0.000000010000

******************* MD= 1  SCF=279 *******************
<Poisson>  Poisson's equation using FFT...
<Set_Hamiltonian>  Hamiltonian matrix for VNA+dVH+Vxc...
<Band>  Solving the eigenvalue problem...
 KGrids1:  -0.42857  -0.28571  -0.14286   0.00000   0.14286   0.28572   0.42857 
 KGrids2:  -0.42857  -0.28572  -0.14286  -0.00000   0.14286   0.28571   0.42857 
 KGrids3:  -0.42857  -0.28571  -0.14286   0.00000   0.14286   0.28572   0.42857 
<Band_DFT>  Eigen, time=0.019294
<Band_DFT>  DM, time=0.033038
    1   Ni  MulP   9.2409   8.7591 sum  18.0000 diff   0.4817
 Sum of MulP: up   =     9.24086 down          =     8.75914
              total=    18.00000 ideal(neutral)=    18.00000
<DFT>  Total Spin Moment (muB) =  0.481719944353
<DFT>  Mixing_weight= 0.003048071369
<DFT>  Uele   =  -26.500700959500  dUele     =   0.009481993464
<DFT>  NormRD =    0.001737692696  Criterion =   0.000000010000

******************* MD= 1  SCF=280 *******************
<Poisson>  Poisson's equation using FFT...
<Set_Hamiltonian>  Hamiltonian matrix for VNA+dVH+Vxc...
<Band>  Solving the eigenvalue problem...
 KGrids1:  -0.42857  -0.28571  -0.14286   0.00000   0.14286   0.28572   0.42857 
 KGrids2:  -0.42857  -0.28572  -0.14286  -0.00000   0.14286   0.28571   0.42857 
 KGrids3:  -0.42857  -0.28571  -0.14286   0.00000   0.14286   0.28572   0.42857 
<Band_DFT>  Eigen, time=0.019840
<Band_DFT>  DM, time=0.033031
    1   Ni  MulP   9.2190   8.7810 sum  18.0000 diff   0.4379
 Sum of MulP: up   =     9.21896 down          =     8.78104
              total=    18.00000 ideal(neutral)=    18.00000
<DFT>  Total Spin Moment (muB) =  0.437922007684
<DFT>  Mixing_weight= 0.003048071369
<DFT>  Uele   =  -26.491534289487  dUele     =   0.009166670013
<DFT>  NormRD =    0.002290204780  Criterion =   0.000000010000

******************* MD= 1  SCF=281 *******************
<Poisson>  Poisson's equation using FFT...
<Set_Hamiltonian>  Hamiltonian matrix for VNA+dVH+Vxc...
<Band>  Solving the eigenvalue problem...
 KGrids1:  -0.42857  -0.28571  -0.14286   0.00000   0.14286   0.28572   0.42857 
 KGrids2:  -0.42857  -0.28572  -0.14286  -0.00000   0.14286   0.28571   0.42857 
 KGrids3:  -0.42857  -0.28571  -0.14286   0.00000   0.14286   0.28572   0.42857 
<Band_DFT>  Eigen, time=0.019156
<Band_DFT>  DM, time=0.033065
    1   Ni  MulP   9.2269   8.7731 sum  18.0000 diff   0.4538
 Sum of MulP: up   =     9.22689 down          =     8.77311
              total=    18.00000 ideal(neutral)=    18.00000
<DFT>  Total Spin Moment (muB) =  0.453782029338
<DFT>  Mixing_weight= 0.003048071369
<DFT>  Uele   =  -26.495819095697  dUele     =   0.004284806210
<DFT>  NormRD =    0.001169948114  Criterion =   0.000000010000

******************* MD= 1  SCF=282 *******************
<Poisson>  Poisson's equation using FFT...
<Set_Hamiltonian>  Hamiltonian matrix for VNA+dVH+Vxc...
<Band>  Solving the eigenvalue problem...
 KGrids1:  -0.42857  -0.28571  -0.14286   0.00000   0.14286   0.28572   0.42857 
 KGrids2:  -0.42857  -0.28572  -0.14286  -0.00000   0.14286   0.28571   0.42857 
 KGrids3:  -0.42857  -0.28571  -0.14286   0.00000   0.14286   0.28572   0.42857 
<Band_DFT>  Eigen, time=0.019285
<Band_DFT>  DM, time=0.033158
    1   Ni  MulP   9.2267   8.7733 sum  18.0000 diff   0.4534
 Sum of MulP: up   =     9.22670 down          =     8.77330
              total=    18.00000 ideal(neutral)=    18.00000
<DFT>  Total Spin Moment (muB) =  0.453408466789
<DFT>  Mixing_weight= 0.003048071369
<DFT>  Uele   =  -26.495742311803  dUele     =   0.000076783894
<DFT>  NormRD =    0.001961300307  Criterion =   0.000000010000

******************* MD= 1  SCF=283 *******************
<Poisson>  Poisson's equation using FFT...
<Set_Hamiltonian>  Hamiltonian matrix for VNA+dVH+Vxc...
<Band>  Solving the eigenvalue problem...
 KGrids1:  -0.42857  -0.28571  -0.14286   0.00000   0.14286   0.28572   0.42857 
 KGrids2:  -0.42857  -0.28572  -0.14286  -0.00000   0.14286   0.28571   0.42857 
 KGrids3:  -0.42857  -0.28571  -0.14286   0.00000   0.14286   0.28572   0.42857 
<Band_DFT>  Eigen, time=0.019414
<Band_DFT>  DM, time=0.033019
    1   Ni  MulP   9.2266   8.7734 sum  18.0000 diff   0.4532
 Sum of MulP: up   =     9.22658 down          =     8.77342
              total=    18.00000 ideal(neutral)=    18.00000
<DFT>  Total Spin Moment (muB) =  0.453153459458
<DFT>  Mixing_weight= 0.003048071369
<DFT>  Uele   =  -26.495690560627  dUele     =   0.000051751176
<DFT>  NormRD =    0.001949439463  Criterion =   0.000000010000

******************* MD= 1  SCF=284 *******************
<Poisson>  Poisson's equation using FFT...
<Set_Hamiltonian>  Hamiltonian matrix for VNA+dVH+Vxc...
<Band>  Solving the eigenvalue problem...
 KGrids1:  -0.42857  -0.28571  -0.14286   0.00000   0.14286   0.28572   0.42857 
 KGrids2:  -0.42857  -0.28572  -0.14286  -0.00000   0.14286   0.28571   0.42857 
 KGrids3:  -0.42857  -0.28571  -0.14286   0.00000   0.14286   0.28572   0.42857 
<Band_DFT>  Eigen, time=0.019546
<Band_DFT>  DM, time=0.033072
    1   Ni  MulP   9.2263   8.7737 sum  18.0000 diff   0.4526
 Sum of MulP: up   =     9.22630 down          =     8.77370
              total=    18.00000 ideal(neutral)=    18.00000
<DFT>  Total Spin Moment (muB) =  0.452595527290
<DFT>  Mixing_weight= 0.003048071369
<DFT>  Uele   =  -26.495572386196  dUele     =   0.000118174430
<DFT>  NormRD =    0.001941278253  Criterion =   0.000000010000

******************* MD= 1  SCF=285 *******************
<Poisson>  Poisson's equation using FFT...
<Set_Hamiltonian>  Hamiltonian matrix for VNA+dVH+Vxc...
<Band>  Solving the eigenvalue problem...
 KGrids1:  -0.42857  -0.28571  -0.14286   0.00000   0.14286   0.28572   0.42857 
 KGrids2:  -0.42857  -0.28572  -0.14286  -0.00000   0.14286   0.28571   0.42857 
 KGrids3:  -0.42857  -0.28571  -0.14286   0.00000   0.14286   0.28572   0.42857 
<Band_DFT>  Eigen, time=0.019536
<Band_DFT>  DM, time=0.033027
    1   Ni  MulP   9.2260   8.7740 sum  18.0000 diff   0.4520
 Sum of MulP: up   =     9.22602 down          =     8.77398
              total=    18.00000 ideal(neutral)=    18.00000
<DFT>  Total Spin Moment (muB) =  0.452031200777
<DFT>  Mixing_weight= 0.003048071369
<DFT>  Uele   =  -26.495452446163  dUele     =   0.000119940033
<DFT>  NormRD =    0.001922344950  Criterion =   0.000000010000

******************* MD= 1  SCF=286 *******************
<Poisson>  Poisson's equation using FFT...
<Set_Hamiltonian>  Hamiltonian matrix for VNA+dVH+Vxc...
<Band>  Solving the eigenvalue problem...
 KGrids1:  -0.42857  -0.28571  -0.14286   0.00000   0.14286   0.28572   0.42857 
 KGrids2:  -0.42857  -0.28572  -0.14286  -0.00000   0.14286   0.28571   0.42857 
 KGrids3:  -0.42857  -0.28571  -0.14286   0.00000   0.14286   0.28572   0.42857 
<Band_DFT>  Eigen, time=0.019452
<Band_DFT>  DM, time=0.033085
    1   Ni  MulP   9.2257   8.7743 sum  18.0000 diff   0.4514
 Sum of MulP: up   =     9.22569 down          =     8.77431
              total=    18.00000 ideal(neutral)=    18.00000
<DFT>  Total Spin Moment (muB) =  0.451387073563
<DFT>  Mixing_weight= 0.003048071369
<DFT>  Uele   =  -26.495313229834  dUele     =   0.000139216329
<DFT>  NormRD =    0.001902551010  Criterion =   0.000000010000

******************* MD= 1  SCF=287 *******************
<Poisson>  Poisson's equation using FFT...
<Set_Hamiltonian>  Hamiltonian matrix for VNA+dVH+Vxc...
<Band>  Solving the eigenvalue problem...
 KGrids1:  -0.42857  -0.28571  -0.14286   0.00000   0.14286   0.28572   0.42857 
 KGrids2:  -0.42857  -0.28572  -0.14286  -0.00000   0.14286   0.28571   0.42857 
 KGrids3:  -0.42857  -0.28571  -0.14286   0.00000   0.14286   0.28572   0.42857 
<Band_DFT>  Eigen, time=0.019654
<Band_DFT>  DM, time=0.033140
    1   Ni  MulP   9.2252   8.7748 sum  18.0000 diff   0.4505
 Sum of MulP: up   =     9.22525 down          =     8.77475
              total=    18.00000 ideal(neutral)=    18.00000
<DFT>  Total Spin Moment (muB) =  0.450496624610
<DFT>  Mixing_weight= 0.003048071369
<DFT>  Uele   =  -26.495115957179  dUele     =   0.000197272655
<DFT>  NormRD =    0.001878904524  Criterion =   0.000000010000

******************* MD= 1  SCF=288 *******************
<Poisson>  Poisson's equation using FFT...
<Set_Hamiltonian>  Hamiltonian matrix for VNA+dVH+Vxc...
<Band>  Solving the eigenvalue problem...
 KGrids1:  -0.42857  -0.28571  -0.14286   0.00000   0.14286   0.28572   0.42857 
 KGrids2:  -0.42857  -0.28572  -0.14286  -0.00000   0.14286   0.28571   0.42857 
 KGrids3:  -0.42857  -0.28571  -0.14286   0.00000   0.14286   0.28572   0.42857 
<Band_DFT>  Eigen, time=0.019669
<Band_DFT>  DM, time=0.033052
    1   Ni  MulP   9.2248   8.7752 sum  18.0000 diff   0.4496
 Sum of MulP: up   =     9.22482 down          =     8.77518
              total=    18.00000 ideal(neutral)=    18.00000
<DFT>  Total Spin Moment (muB) =  0.449644847891
<DFT>  Mixing_weight= 0.003048071369
<DFT>  Uele   =  -26.494923260895  dUele     =   0.000192696284
<DFT>  NormRD =    0.001844272581  Criterion =   0.000000010000

******************* MD= 1  SCF=289 *******************
<Poisson>  Poisson's equation using FFT...
<Set_Hamiltonian>  Hamiltonian matrix for VNA+dVH+Vxc...
<Band>  Solving the eigenvalue problem...
 KGrids1:  -0.42857  -0.28571  -0.14286   0.00000   0.14286   0.28572   0.42857 
 KGrids2:  -0.42857  -0.28572  -0.14286  -0.00000   0.14286   0.28571   0.42857 
 KGrids3:  -0.42857  -0.28571  -0.14286   0.00000   0.14286   0.28572   0.42857 
<Band_DFT>  Eigen, time=0.019383
<Band_DFT>  DM, time=0.033076
    1   Ni  MulP   9.2248   8.7752 sum  18.0000 diff   0.4495
 Sum of MulP: up   =     9.22477 down          =     8.77523
              total=    18.00000 ideal(neutral)=    18.00000
<DFT>  Total Spin Moment (muB) =  0.449537469346
<DFT>  Mixing_weight= 0.003048071369
<DFT>  Uele   =  -26.494899929502  dUele     =   0.000023331393
<DFT>  NormRD =    0.001809148119  Criterion =   0.000000010000

******************* MD= 1  SCF=290 *******************
<Poisson>  Poisson's equation using FFT...
<Set_Hamiltonian>  Hamiltonian matrix for VNA+dVH+Vxc...
<Band>  Solving the eigenvalue problem...
 KGrids1:  -0.42857  -0.28571  -0.14286   0.00000   0.14286   0.28572   0.42857 
 KGrids2:  -0.42857  -0.28572  -0.14286  -0.00000   0.14286   0.28571   0.42857 
 KGrids3:  -0.42857  -0.28571  -0.14286   0.00000   0.14286   0.28572   0.42857 
<Band_DFT>  Eigen, time=0.019542
<Band_DFT>  DM, time=0.033217
    1   Ni  MulP   9.2247   8.7753 sum  18.0000 diff   0.4494
 Sum of MulP: up   =     9.22472 down          =     8.77528
              total=    18.00000 ideal(neutral)=    18.00000
<DFT>  Total Spin Moment (muB) =  0.449441856232
<DFT>  Mixing_weight= 0.003048071369
<DFT>  Uele   =  -26.494879200519  dUele     =   0.000020728983
<DFT>  NormRD =    0.001804727111  Criterion =   0.000000010000

******************* MD= 1  SCF=291 *******************
<Poisson>  Poisson's equation using FFT...
<Set_Hamiltonian>  Hamiltonian matrix for VNA+dVH+Vxc...
<Band>  Solving the eigenvalue problem...
 KGrids1:  -0.42857  -0.28571  -0.14286   0.00000   0.14286   0.28572   0.42857 
 KGrids2:  -0.42857  -0.28572  -0.14286  -0.00000   0.14286   0.28571   0.42857 
 KGrids3:  -0.42857  -0.28571  -0.14286   0.00000   0.14286   0.28572   0.42857 
<Band_DFT>  Eigen, time=0.019463
<Band_DFT>  DM, time=0.033299
    1   Ni  MulP   9.2246   8.7754 sum  18.0000 diff   0.4493
 Sum of MulP: up   =     9.22465 down          =     8.77535
              total=    18.00000 ideal(neutral)=    18.00000
<DFT>  Total Spin Moment (muB) =  0.449294623778
<DFT>  Mixing_weight= 0.003048071369
<DFT>  Uele   =  -26.494851009917  dUele     =   0.000028190601
<DFT>  NormRD =    0.001800786927  Criterion =   0.000000010000

******************* MD= 1  SCF=292 *******************
<Poisson>  Poisson's equation using FFT...
<Set_Hamiltonian>  Hamiltonian matrix for VNA+dVH+Vxc...
<Band>  Solving the eigenvalue problem...
 KGrids1:  -0.42857  -0.28571  -0.14286   0.00000   0.14286   0.28572   0.42857 
 KGrids2:  -0.42857  -0.28572  -0.14286  -0.00000   0.14286   0.28571   0.42857 
 KGrids3:  -0.42857  -0.28571  -0.14286   0.00000   0.14286   0.28572   0.42857 
<Band_DFT>  Eigen, time=0.019610
<Band_DFT>  DM, time=0.033039
    1   Ni  MulP   9.2240   8.7760 sum  18.0000 diff   0.4480
 Sum of MulP: up   =     9.22402 down          =     8.77598
              total=    18.00000 ideal(neutral)=    18.00000
<DFT>  Total Spin Moment (muB) =  0.448037766001
<DFT>  Mixing_weight= 0.003048071369
<DFT>  Uele   =  -26.494532018806  dUele     =   0.000318991112
<DFT>  NormRD =    0.001795036565  Criterion =   0.000000010000

******************* MD= 1  SCF=293 *******************
<Poisson>  Poisson's equation using FFT...
<Set_Hamiltonian>  Hamiltonian matrix for VNA+dVH+Vxc...
<Band>  Solving the eigenvalue problem...
 KGrids1:  -0.42857  -0.28571  -0.14286   0.00000   0.14286   0.28572   0.42857 
 KGrids2:  -0.42857  -0.28572  -0.14286  -0.00000   0.14286   0.28571   0.42857 
 KGrids3:  -0.42857  -0.28571  -0.14286   0.00000   0.14286   0.28572   0.42857 
<Band_DFT>  Eigen, time=0.019501
<Band_DFT>  DM, time=0.109776
    1   Ni  MulP   9.2243   8.7757 sum  18.0000 diff   0.4486
 Sum of MulP: up   =     9.22432 down          =     8.77568
              total=    18.00000 ideal(neutral)=    18.00000
<DFT>  Total Spin Moment (muB) =  0.448631161200
<DFT>  Mixing_weight= 0.003048071369
<DFT>  Uele   =  -26.494665749826  dUele     =   0.000133731020
<DFT>  NormRD =    0.001736114586  Criterion =   0.000000010000

******************* MD= 1  SCF=294 *******************
<Poisson>  Poisson's equation using FFT...
<Set_Hamiltonian>  Hamiltonian matrix for VNA+dVH+Vxc...
<Band>  Solving the eigenvalue problem...
 KGrids1:  -0.42857  -0.28571  -0.14286   0.00000   0.14286   0.28572   0.42857 
 KGrids2:  -0.42857  -0.28572  -0.14286  -0.00000   0.14286   0.28571   0.42857 
 KGrids3:  -0.42857  -0.28571  -0.14286   0.00000   0.14286   0.28572   0.42857 
<Band_DFT>  Eigen, time=0.019499
<Band_DFT>  DM, time=0.033050
    1   Ni  MulP   9.2244   8.7756 sum  18.0000 diff   0.4488
 Sum of MulP: up   =     9.22442 down          =     8.77558
              total=    18.00000 ideal(neutral)=    18.00000
<DFT>  Total Spin Moment (muB) =  0.448846313540
<DFT>  Mixing_weight= 0.003048071369
<DFT>  Uele   =  -26.494757795378  dUele     =   0.000092045552
<DFT>  NormRD =    0.001762816948  Criterion =   0.000000010000

******************* MD= 1  SCF=295 *******************
<Poisson>  Poisson's equation using FFT...
<Set_Hamiltonian>  Hamiltonian matrix for VNA+dVH+Vxc...
<Band>  Solving the eigenvalue problem...
 KGrids1:  -0.42857  -0.28571  -0.14286   0.00000   0.14286   0.28572   0.42857 
 KGrids2:  -0.42857  -0.28572  -0.14286  -0.00000   0.14286   0.28571   0.42857 
 KGrids3:  -0.42857  -0.28571  -0.14286   0.00000   0.14286   0.28572   0.42857 
<Band_DFT>  Eigen, time=0.019442
<Band_DFT>  DM, time=0.033428
    1   Ni  MulP   9.2287   8.7713 sum  18.0000 diff   0.4574
 Sum of MulP: up   =     9.22870 down          =     8.77130
              total=    18.00000 ideal(neutral)=    18.00000
<DFT>  Total Spin Moment (muB) =  0.457395224357
<DFT>  Mixing_weight= 0.003048071369
<DFT>  Uele   =  -26.496630745618  dUele     =   0.001872950240
<DFT>  NormRD =    0.001776192255  Criterion =   0.000000010000

******************* MD= 1  SCF=296 *******************
<Poisson>  Poisson's equation using FFT...
<Set_Hamiltonian>  Hamiltonian matrix for VNA+dVH+Vxc...
<Band>  Solving the eigenvalue problem...
 KGrids1:  -0.42857  -0.28571  -0.14286   0.00000   0.14286   0.28572   0.42857 
 KGrids2:  -0.42857  -0.28572  -0.14286  -0.00000   0.14286   0.28571   0.42857 
 KGrids3:  -0.42857  -0.28571  -0.14286   0.00000   0.14286   0.28572   0.42857 
<Band_DFT>  Eigen, time=0.019758
<Band_DFT>  DM, time=0.033292
    1   Ni  MulP   9.3447   8.6553 sum  18.0000 diff   0.6893
 Sum of MulP: up   =     9.34467 down          =     8.65533
              total=    18.00000 ideal(neutral)=    18.00000
<DFT>  Total Spin Moment (muB) =  0.689347194637
<DFT>  Mixing_weight= 0.003048071369
<DFT>  Uele   =  -26.533560591917  dUele     =   0.036929846299
<DFT>  NormRD =    0.002075194941  Criterion =   0.000000010000

******************* MD= 1  SCF=297 *******************
<Poisson>  Poisson's equation using FFT...
<Set_Hamiltonian>  Hamiltonian matrix for VNA+dVH+Vxc...
<Band>  Solving the eigenvalue problem...
 KGrids1:  -0.42857  -0.28571  -0.14286   0.00000   0.14286   0.28572   0.42857 
 KGrids2:  -0.42857  -0.28572  -0.14286  -0.00000   0.14286   0.28571   0.42857 
 KGrids3:  -0.42857  -0.28571  -0.14286   0.00000   0.14286   0.28572   0.42857 
<Band_DFT>  Eigen, time=0.019290
<Band_DFT>  DM, time=0.032971
    1   Ni  MulP   9.3462   8.6538 sum  18.0000 diff   0.6925
 Sum of MulP: up   =     9.34625 down          =     8.65375
              total=    18.00000 ideal(neutral)=    18.00000
<DFT>  Total Spin Moment (muB) =  0.692495407656
<DFT>  Mixing_weight= 0.003048071369
<DFT>  Uele   =  -26.534892559233  dUele     =   0.001331967316
<DFT>  NormRD =    0.001840214938  Criterion =   0.000000010000

******************* MD= 1  SCF=298 *******************
<Poisson>  Poisson's equation using FFT...
<Set_Hamiltonian>  Hamiltonian matrix for VNA+dVH+Vxc...
<Band>  Solving the eigenvalue problem...
 KGrids1:  -0.42857  -0.28571  -0.14286   0.00000   0.14286   0.28572   0.42857 
 KGrids2:  -0.42857  -0.28572  -0.14286  -0.00000   0.14286   0.28571   0.42857 
 KGrids3:  -0.42857  -0.28571  -0.14286   0.00000   0.14286   0.28572   0.42857 
<Band_DFT>  Eigen, time=0.019637
<Band_DFT>  DM, time=0.033090
    1   Ni  MulP   9.3462   8.6538 sum  18.0000 diff   0.6925
 Sum of MulP: up   =     9.34625 down          =     8.65375
              total=    18.00000 ideal(neutral)=    18.00000
<DFT>  Total Spin Moment (muB) =  0.692497602460
<DFT>  Mixing_weight= 0.003048071369
<DFT>  Uele   =  -26.534905861559  dUele     =   0.000013302326
<DFT>  NormRD =    0.002177773231  Criterion =   0.000000010000

******************* MD= 1  SCF=299 *******************
<Poisson>  Poisson's equation using FFT...
<Set_Hamiltonian>  Hamiltonian matrix for VNA+dVH+Vxc...
<Band>  Solving the eigenvalue problem...
 KGrids1:  -0.42857  -0.28571  -0.14286   0.00000   0.14286   0.28572   0.42857 
 KGrids2:  -0.42857  -0.28572  -0.14286  -0.00000   0.14286   0.28571   0.42857 
 KGrids3:  -0.42857  -0.28571  -0.14286   0.00000   0.14286   0.28572   0.42857 
<Band_DFT>  Eigen, time=0.019657
<Band_DFT>  DM, time=0.033288
    1   Ni  MulP   9.2437   8.7563 sum  18.0000 diff   0.4874
 Sum of MulP: up   =     9.24372 down          =     8.75628
              total=    18.00000 ideal(neutral)=    18.00000
<DFT>  Total Spin Moment (muB) =  0.487436341159
<DFT>  Mixing_weight= 0.003048071369
<DFT>  Uele   =  -26.503671971486  dUele     =   0.031233890073
<DFT>  NormRD =    0.002179175277  Criterion =   0.000000010000

******************* MD= 1  SCF=300 *******************
<Poisson>  Poisson's equation using FFT...
<Set_Hamiltonian>  Hamiltonian matrix for VNA+dVH+Vxc...
<Band>  Solving the eigenvalue problem...
 KGrids1:  -0.42857  -0.28571  -0.14286   0.00000   0.14286   0.28572   0.42857 
 KGrids2:  -0.42857  -0.28572  -0.14286  -0.00000   0.14286   0.28571   0.42857 
 KGrids3:  -0.42857  -0.28571  -0.14286   0.00000   0.14286   0.28572   0.42857 
<Band_DFT>  Eigen, time=0.020063
<Band_DFT>  DM, time=0.033016
    1   Ni  MulP   9.2235   8.7765 sum  18.0000 diff   0.4470
 Sum of MulP: up   =     9.22352 down          =     8.77648
              total=    18.00000 ideal(neutral)=    18.00000
<DFT>  Total Spin Moment (muB) =  0.447030768817
<DFT>  Mixing_weight= 0.003048071369
<DFT>  Uele   =  -26.496422594193  dUele     =   0.007249377293
<DFT>  NormRD =    0.003018067445  Criterion =   0.000000010000

******************* MD= 1  SCF=301 *******************
<Poisson>  Poisson's equation using FFT...
<Set_Hamiltonian>  Hamiltonian matrix for VNA+dVH+Vxc...
<Band>  Solving the eigenvalue problem...
 KGrids1:  -0.42857  -0.28571  -0.14286   0.00000   0.14286   0.28572   0.42857 
 KGrids2:  -0.42857  -0.28572  -0.14286  -0.00000   0.14286   0.28571   0.42857 
 KGrids3:  -0.42857  -0.28571  -0.14286   0.00000   0.14286   0.28572   0.42857 
<Band_DFT>  Eigen, time=0.019760
<Band_DFT>  DM, time=0.033130
    1   Ni  MulP   9.2129   8.7871 sum  18.0000 diff   0.4258
 Sum of MulP: up   =     9.21289 down          =     8.78711
              total=    18.00000 ideal(neutral)=    18.00000
<DFT>  Total Spin Moment (muB) =  0.425775592804
<DFT>  Mixing_weight= 0.003048071369
<DFT>  Uele   =  -26.472722619361  dUele     =   0.023699974832
<DFT>  NormRD =    0.002170492241  Criterion =   0.000000010000

******************* MD= 1  SCF=302 *******************
<Poisson>  Poisson's equation using FFT...
<Set_Hamiltonian>  Hamiltonian matrix for VNA+dVH+Vxc...
<Band>  Solving the eigenvalue problem...
 KGrids1:  -0.42857  -0.28571  -0.14286   0.00000   0.14286   0.28572   0.42857 
 KGrids2:  -0.42857  -0.28572  -0.14286  -0.00000   0.14286   0.28571   0.42857 
 KGrids3:  -0.42857  -0.28571  -0.14286   0.00000   0.14286   0.28572   0.42857 
<Band_DFT>  Eigen, time=0.019306
<Band_DFT>  DM, time=0.033136
    1   Ni  MulP   9.2164   8.7836 sum  18.0000 diff   0.4327
 Sum of MulP: up   =     9.21636 down          =     8.78364
              total=    18.00000 ideal(neutral)=    18.00000
<DFT>  Total Spin Moment (muB) =  0.432720565507
<DFT>  Mixing_weight= 0.003048071369
<DFT>  Uele   =  -26.490924148190  dUele     =   0.018201528829
<DFT>  NormRD =    0.011283041511  Criterion =   0.000000010000

******************* MD= 1  SCF=303 *******************
<Poisson>  Poisson's equation using FFT...
<Set_Hamiltonian>  Hamiltonian matrix for VNA+dVH+Vxc...
<Band>  Solving the eigenvalue problem...
 KGrids1:  -0.42857  -0.28571  -0.14286   0.00000   0.14286   0.28572   0.42857 
 KGrids2:  -0.42857  -0.28572  -0.14286  -0.00000   0.14286   0.28571   0.42857 
 KGrids3:  -0.42857  -0.28571  -0.14286   0.00000   0.14286   0.28572   0.42857 
<Band_DFT>  Eigen, time=0.019494
<Band_DFT>  DM, time=0.033004
    1   Ni  MulP   9.2165   8.7835 sum  18.0000 diff   0.4329
 Sum of MulP: up   =     9.21645 down          =     8.78355
              total=    18.00000 ideal(neutral)=    18.00000
<DFT>  Total Spin Moment (muB) =  0.432902978115
<DFT>  Mixing_weight= 0.003048071369
<DFT>  Uele   =  -26.491047464530  dUele     =   0.000123316341
<DFT>  NormRD =    0.000349550937  Criterion =   0.000000010000

******************* MD= 1  SCF=304 *******************
<Poisson>  Poisson's equation using FFT...
<Set_Hamiltonian>  Hamiltonian matrix for VNA+dVH+Vxc...
<Band>  Solving the eigenvalue problem...
 KGrids1:  -0.42857  -0.28571  -0.14286   0.00000   0.14286   0.28572   0.42857 
 KGrids2:  -0.42857  -0.28572  -0.14286  -0.00000   0.14286   0.28571   0.42857 
 KGrids3:  -0.42857  -0.28571  -0.14286   0.00000   0.14286   0.28572   0.42857 
<Band_DFT>  Eigen, time=0.019437
<Band_DFT>  DM, time=0.033132
    1   Ni  MulP   9.2166   8.7834 sum  18.0000 diff   0.4333
 Sum of MulP: up   =     9.21664 down          =     8.78336
              total=    18.00000 ideal(neutral)=    18.00000
<DFT>  Total Spin Moment (muB) =  0.433274141035
<DFT>  Mixing_weight= 0.003048071369
<DFT>  Uele   =  -26.491292668684  dUele     =   0.000245204154
<DFT>  NormRD =    0.000332192941  Criterion =   0.000000010000

******************* MD= 1  SCF=305 *******************
<Poisson>  Poisson's equation using FFT...
<Set_Hamiltonian>  Hamiltonian matrix for VNA+dVH+Vxc...
<Band>  Solving the eigenvalue problem...
 KGrids1:  -0.42857  -0.28571  -0.14286   0.00000   0.14286   0.28572   0.42857 
 KGrids2:  -0.42857  -0.28572  -0.14286  -0.00000   0.14286   0.28571   0.42857 
 KGrids3:  -0.42857  -0.28571  -0.14286   0.00000   0.14286   0.28572   0.42857 
<Band_DFT>  Eigen, time=0.019434
<Band_DFT>  DM, time=0.033032
    1   Ni  MulP   9.2166   8.7834 sum  18.0000 diff   0.4332
 Sum of MulP: up   =     9.21661 down          =     8.78339
              total=    18.00000 ideal(neutral)=    18.00000
<DFT>  Total Spin Moment (muB) =  0.433229036799
<DFT>  Mixing_weight= 0.003048071369
<DFT>  Uele   =  -26.491266083753  dUele     =   0.000026584931
<DFT>  NormRD =    0.000330405250  Criterion =   0.000000010000

******************* MD= 1  SCF=306 *******************
<Poisson>  Poisson's equation using FFT...
<Set_Hamiltonian>  Hamiltonian matrix for VNA+dVH+Vxc...
<Band>  Solving the eigenvalue problem...
 KGrids1:  -0.42857  -0.28571  -0.14286   0.00000   0.14286   0.28572   0.42857 
 KGrids2:  -0.42857  -0.28572  -0.14286  -0.00000   0.14286   0.28571   0.42857 
 KGrids3:  -0.42857  -0.28571  -0.14286   0.00000   0.14286   0.28572   0.42857 
<Band_DFT>  Eigen, time=0.019556
<Band_DFT>  DM, time=0.033079
    1   Ni  MulP   9.2166   8.7834 sum  18.0000 diff   0.4332
 Sum of MulP: up   =     9.21661 down          =     8.78339
              total=    18.00000 ideal(neutral)=    18.00000
<DFT>  Total Spin Moment (muB) =  0.433223989980
<DFT>  Mixing_weight= 0.003048071369
<DFT>  Uele   =  -26.491266132579  dUele     =   0.000000048826
<DFT>  NormRD =    0.000326952111  Criterion =   0.000000010000

******************* MD= 1  SCF=307 *******************
<Poisson>  Poisson's equation using FFT...
<Set_Hamiltonian>  Hamiltonian matrix for VNA+dVH+Vxc...
<Band>  Solving the eigenvalue problem...
 KGrids1:  -0.42857  -0.28571  -0.14286   0.00000   0.14286   0.28572   0.42857 
 KGrids2:  -0.42857  -0.28572  -0.14286  -0.00000   0.14286   0.28571   0.42857 
 KGrids3:  -0.42857  -0.28571  -0.14286   0.00000   0.14286   0.28572   0.42857 
<Band_DFT>  Eigen, time=0.019467
<Band_DFT>  DM, time=0.033227
    1   Ni  MulP   9.2166   8.7834 sum  18.0000 diff   0.4332
 Sum of MulP: up   =     9.21660 down          =     8.78340
              total=    18.00000 ideal(neutral)=    18.00000
<DFT>  Total Spin Moment (muB) =  0.433203906130
<DFT>  Mixing_weight= 0.003048071369
<DFT>  Uele   =  -26.491257900324  dUele     =   0.000008232255
<DFT>  NormRD =    0.000325182643  Criterion =   0.000000010000

******************* MD= 1  SCF=308 *******************
<Poisson>  Poisson's equation using FFT...
<Set_Hamiltonian>  Hamiltonian matrix for VNA+dVH+Vxc...
<Band>  Solving the eigenvalue problem...
 KGrids1:  -0.42857  -0.28571  -0.14286   0.00000   0.14286   0.28572   0.42857 
 KGrids2:  -0.42857  -0.28572  -0.14286  -0.00000   0.14286   0.28571   0.42857 
 KGrids3:  -0.42857  -0.28571  -0.14286   0.00000   0.14286   0.28572   0.42857 
<Band_DFT>  Eigen, time=0.019470
<Band_DFT>  DM, time=0.033054
    1   Ni  MulP   9.2166   8.7834 sum  18.0000 diff   0.4332
 Sum of MulP: up   =     9.21659 down          =     8.78341
              total=    18.00000 ideal(neutral)=    18.00000
<DFT>  Total Spin Moment (muB) =  0.433183211680
<DFT>  Mixing_weight= 0.003048071369
<DFT>  Uele   =  -26.491250121767  dUele     =   0.000007778557
<DFT>  NormRD =    0.000322201439  Criterion =   0.000000010000

******************* MD= 1  SCF=309 *******************
<Poisson>  Poisson's equation using FFT...
<Set_Hamiltonian>  Hamiltonian matrix for VNA+dVH+Vxc...
<Band>  Solving the eigenvalue problem...
 KGrids1:  -0.42857  -0.28571  -0.14286   0.00000   0.14286   0.28572   0.42857 
 KGrids2:  -0.42857  -0.28572  -0.14286  -0.00000   0.14286   0.28571   0.42857 
 KGrids3:  -0.42857  -0.28571  -0.14286   0.00000   0.14286   0.28572   0.42857 
<Band_DFT>  Eigen, time=0.019494
<Band_DFT>  DM, time=0.033073
    1   Ni  MulP   9.2166   8.7834 sum  18.0000 diff   0.4331
 Sum of MulP: up   =     9.21657 down          =     8.78343
              total=    18.00000 ideal(neutral)=    18.00000
<DFT>  Total Spin Moment (muB) =  0.433138297394
<DFT>  Mixing_weight= 0.003048071369
<DFT>  Uele   =  -26.491229256920  dUele     =   0.000020864847
<DFT>  NormRD =    0.000318856919  Criterion =   0.000000010000

******************* MD= 1  SCF=310 *******************
<Poisson>  Poisson's equation using FFT...
<Set_Hamiltonian>  Hamiltonian matrix for VNA+dVH+Vxc...
<Band>  Solving the eigenvalue problem...
 KGrids1:  -0.42857  -0.28571  -0.14286   0.00000   0.14286   0.28572   0.42857 
 KGrids2:  -0.42857  -0.28572  -0.14286  -0.00000   0.14286   0.28571   0.42857 
 KGrids3:  -0.42857  -0.28571  -0.14286   0.00000   0.14286   0.28572   0.42857 
<Band_DFT>  Eigen, time=0.019181
<Band_DFT>  DM, time=0.033078
    1   Ni  MulP   9.2165   8.7835 sum  18.0000 diff   0.4331
 Sum of MulP: up   =     9.21653 down          =     8.78347
              total=    18.00000 ideal(neutral)=    18.00000
<DFT>  Total Spin Moment (muB) =  0.433069643198
<DFT>  Mixing_weight= 0.003048071369
<DFT>  Uele   =  -26.491196764511  dUele     =   0.000032492409
<DFT>  NormRD =    0.000313602041  Criterion =   0.000000010000

******************* MD= 1  SCF=311 *******************
<Poisson>  Poisson's equation using FFT...
<Set_Hamiltonian>  Hamiltonian matrix for VNA+dVH+Vxc...
<Band>  Solving the eigenvalue problem...
 KGrids1:  -0.42857  -0.28571  -0.14286   0.00000   0.14286   0.28572   0.42857 
 KGrids2:  -0.42857  -0.28572  -0.14286  -0.00000   0.14286   0.28571   0.42857 
 KGrids3:  -0.42857  -0.28571  -0.14286   0.00000   0.14286   0.28572   0.42857 
<Band_DFT>  Eigen, time=0.019422
<Band_DFT>  DM, time=0.033131
    1   Ni  MulP   9.2165   8.7835 sum  18.0000 diff   0.4330
 Sum of MulP: up   =     9.21650 down          =     8.78350
              total=    18.00000 ideal(neutral)=    18.00000
<DFT>  Total Spin Moment (muB) =  0.433007697675
<DFT>  Mixing_weight= 0.003048071369
<DFT>  Uele   =  -26.491175493048  dUele     =   0.000021271462
<DFT>  NormRD =    0.000306327565  Criterion =   0.000000010000

******************* MD= 1  SCF=312 *******************
<Poisson>  Poisson's equation using FFT...
<Set_Hamiltonian>  Hamiltonian matrix for VNA+dVH+Vxc...
<Band>  Solving the eigenvalue problem...
 KGrids1:  -0.42857  -0.28571  -0.14286   0.00000   0.14286   0.28572   0.42857 
 KGrids2:  -0.42857  -0.28572  -0.14286  -0.00000   0.14286   0.28571   0.42857 
 KGrids3:  -0.42857  -0.28571  -0.14286   0.00000   0.14286   0.28572   0.42857 
<Band_DFT>  Eigen, time=0.019489
<Band_DFT>  DM, time=0.032981
    1   Ni  MulP   9.2164   8.7836 sum  18.0000 diff   0.4329
 Sum of MulP: up   =     9.21643 down          =     8.78357
              total=    18.00000 ideal(neutral)=    18.00000
<DFT>  Total Spin Moment (muB) =  0.432859215266
<DFT>  Mixing_weight= 0.003048071369
<DFT>  Uele   =  -26.491114123597  dUele     =   0.000061369452
<DFT>  NormRD =    0.000296097380  Criterion =   0.000000010000

******************* MD= 1  SCF=313 *******************
<Poisson>  Poisson's equation using FFT...
<Set_Hamiltonian>  Hamiltonian matrix for VNA+dVH+Vxc...
<Band>  Solving the eigenvalue problem...
 KGrids1:  -0.42857  -0.28571  -0.14286   0.00000   0.14286   0.28572   0.42857 
 KGrids2:  -0.42857  -0.28572  -0.14286  -0.00000   0.14286   0.28571   0.42857 
 KGrids3:  -0.42857  -0.28571  -0.14286   0.00000   0.14286   0.28572   0.42857 
<Band_DFT>  Eigen, time=0.019511
<Band_DFT>  DM, time=0.033016
    1   Ni  MulP   9.2163   8.7837 sum  18.0000 diff   0.4327
 Sum of MulP: up   =     9.21633 down          =     8.78367
              total=    18.00000 ideal(neutral)=    18.00000
<DFT>  Total Spin Moment (muB) =  0.432659570480
<DFT>  Mixing_weight= 0.003048071369
<DFT>  Uele   =  -26.491040610351  dUele     =   0.000073513246
<DFT>  NormRD =    0.000278826186  Criterion =   0.000000010000

******************* MD= 1  SCF=314 *******************
<Poisson>  Poisson's equation using FFT...
<Set_Hamiltonian>  Hamiltonian matrix for VNA+dVH+Vxc...
<Band>  Solving the eigenvalue problem...
 KGrids1:  -0.42857  -0.28571  -0.14286   0.00000   0.14286   0.28572   0.42857 
 KGrids2:  -0.42857  -0.28572  -0.14286  -0.00000   0.14286   0.28571   0.42857 
 KGrids3:  -0.42857  -0.28571  -0.14286   0.00000   0.14286   0.28572   0.42857 
<Band_DFT>  Eigen, time=0.019782
<Band_DFT>  DM, time=0.033067
    1   Ni  MulP   9.2162   8.7838 sum  18.0000 diff   0.4324
 Sum of MulP: up   =     9.21620 down          =     8.78380
              total=    18.00000 ideal(neutral)=    18.00000
<DFT>  Total Spin Moment (muB) =  0.432392466947
<DFT>  Mixing_weight= 0.003048071369
<DFT>  Uele   =  -26.490962598329  dUele     =   0.000078012021
<DFT>  NormRD =    0.000254913448  Criterion =   0.000000010000

******************* MD= 1  SCF=315 *******************
<Poisson>  Poisson's equation using FFT...
<Set_Hamiltonian>  Hamiltonian matrix for VNA+dVH+Vxc...
<Band>  Solving the eigenvalue problem...
 KGrids1:  -0.42857  -0.28571  -0.14286   0.00000   0.14286   0.28572   0.42857 
 KGrids2:  -0.42857  -0.28572  -0.14286  -0.00000   0.14286   0.28571   0.42857 
 KGrids3:  -0.42857  -0.28571  -0.14286   0.00000   0.14286   0.28572   0.42857 
<Band_DFT>  Eigen, time=0.019442
<Band_DFT>  DM, time=0.033068
    1   Ni  MulP   9.2163   8.7837 sum  18.0000 diff   0.4327
 Sum of MulP: up   =     9.21635 down          =     8.78365
              total=    18.00000 ideal(neutral)=    18.00000
<DFT>  Total Spin Moment (muB) =  0.432699818534
<DFT>  Mixing_weight= 0.003048071369
<DFT>  Uele   =  -26.491317856260  dUele     =   0.000355257930
<DFT>  NormRD =    0.000222342743  Criterion =   0.000000010000

******************* MD= 1  SCF=316 *******************
<Poisson>  Poisson's equation using FFT...
<Set_Hamiltonian>  Hamiltonian matrix for VNA+dVH+Vxc...
<Band>  Solving the eigenvalue problem...
 KGrids1:  -0.42857  -0.28571  -0.14286   0.00000   0.14286   0.28572   0.42857 
 KGrids2:  -0.42857  -0.28572  -0.14286  -0.00000   0.14286   0.28571   0.42857 
 KGrids3:  -0.42857  -0.28571  -0.14286   0.00000   0.14286   0.28572   0.42857 
<Band_DFT>  Eigen, time=0.019391
<Band_DFT>  DM, time=0.033138
    1   Ni  MulP   9.2162   8.7838 sum  18.0000 diff   0.4324
 Sum of MulP: up   =     9.21621 down          =     8.78379
              total=    18.00000 ideal(neutral)=    18.00000
<DFT>  Total Spin Moment (muB) =  0.432427504311
<DFT>  Mixing_weight= 0.003048071369
<DFT>  Uele   =  -26.491235194491  dUele     =   0.000082661769
<DFT>  NormRD =    0.000127613084  Criterion =   0.000000010000

******************* MD= 1  SCF=317 *******************
<Poisson>  Poisson's equation using FFT...
<Set_Hamiltonian>  Hamiltonian matrix for VNA+dVH+Vxc...
<Band>  Solving the eigenvalue problem...
 KGrids1:  -0.42857  -0.28571  -0.14286   0.00000   0.14286   0.28572   0.42857 
 KGrids2:  -0.42857  -0.28572  -0.14286  -0.00000   0.14286   0.28571   0.42857 
 KGrids3:  -0.42857  -0.28571  -0.14286   0.00000   0.14286   0.28572   0.42857 
<Band_DFT>  Eigen, time=0.019416
<Band_DFT>  DM, time=0.033113
    1   Ni  MulP   9.2161   8.7839 sum  18.0000 diff   0.4321
 Sum of MulP: up   =     9.21606 down          =     8.78394
              total=    18.00000 ideal(neutral)=    18.00000
<DFT>  Total Spin Moment (muB) =  0.432125717844
<DFT>  Mixing_weight= 0.003048071369
<DFT>  Uele   =  -26.491089307497  dUele     =   0.000145886993
<DFT>  NormRD =    0.000062887567  Criterion =   0.000000010000

******************* MD= 1  SCF=318 *******************
<Poisson>  Poisson's equation using FFT...
<Set_Hamiltonian>  Hamiltonian matrix for VNA+dVH+Vxc...
<Band>  Solving the eigenvalue problem...
 KGrids1:  -0.42857  -0.28571  -0.14286   0.00000   0.14286   0.28572   0.42857 
 KGrids2:  -0.42857  -0.28572  -0.14286  -0.00000   0.14286   0.28571   0.42857 
 KGrids3:  -0.42857  -0.28571  -0.14286   0.00000   0.14286   0.28572   0.42857 
<Band_DFT>  Eigen, time=0.019769
<Band_DFT>  DM, time=0.033105
    1   Ni  MulP   9.2161   8.7839 sum  18.0000 diff   0.4321
 Sum of MulP: up   =     9.21605 down          =     8.78395
              total=    18.00000 ideal(neutral)=    18.00000
<DFT>  Total Spin Moment (muB) =  0.432109488968
<DFT>  Mixing_weight= 0.003048071369
<DFT>  Uele   =  -26.491103525129  dUele     =   0.000014217631
<DFT>  NormRD =    0.000080419943  Criterion =   0.000000010000

******************* MD= 1  SCF=319 *******************
<Poisson>  Poisson's equation using FFT...
<Set_Hamiltonian>  Hamiltonian matrix for VNA+dVH+Vxc...
<Band>  Solving the eigenvalue problem...
 KGrids1:  -0.42857  -0.28571  -0.14286   0.00000   0.14286   0.28572   0.42857 
 KGrids2:  -0.42857  -0.28572  -0.14286  -0.00000   0.14286   0.28571   0.42857 
 KGrids3:  -0.42857  -0.28571  -0.14286   0.00000   0.14286   0.28572   0.42857 
<Band_DFT>  Eigen, time=0.019721
<Band_DFT>  DM, time=0.033059
    1   Ni  MulP   9.2161   8.7839 sum  18.0000 diff   0.4322
 Sum of MulP: up   =     9.21609 down          =     8.78391
              total=    18.00000 ideal(neutral)=    18.00000
<DFT>  Total Spin Moment (muB) =  0.432181062285
<DFT>  Mixing_weight= 0.003048071369
<DFT>  Uele   =  -26.491202000224  dUele     =   0.000098475095
<DFT>  NormRD =    0.000071831709  Criterion =   0.000000010000

******************* MD= 1  SCF=320 *******************
<Poisson>  Poisson's equation using FFT...
<Set_Hamiltonian>  Hamiltonian matrix for VNA+dVH+Vxc...
<Band>  Solving the eigenvalue problem...
 KGrids1:  -0.42857  -0.28571  -0.14286   0.00000   0.14286   0.28572   0.42857 
 KGrids2:  -0.42857  -0.28572  -0.14286  -0.00000   0.14286   0.28571   0.42857 
 KGrids3:  -0.42857  -0.28571  -0.14286   0.00000   0.14286   0.28572   0.42857 
<Band_DFT>  Eigen, time=0.019426
<Band_DFT>  DM, time=0.033011
    1   Ni  MulP   9.2160   8.7840 sum  18.0000 diff   0.4321
 Sum of MulP: up   =     9.21604 down          =     8.78396
              total=    18.00000 ideal(neutral)=    18.00000
<DFT>  Total Spin Moment (muB) =  0.432078746729
<DFT>  Mixing_weight= 0.003048071369
<DFT>  Uele   =  -26.491138985007  dUele     =   0.000063015216
<DFT>  NormRD =    0.000023724617  Criterion =   0.000000010000

******************* MD= 1  SCF=321 *******************
<Poisson>  Poisson's equation using FFT...
<Set_Hamiltonian>  Hamiltonian matrix for VNA+dVH+Vxc...
<Band>  Solving the eigenvalue problem...
 KGrids1:  -0.42857  -0.28571  -0.14286   0.00000   0.14286   0.28572   0.42857 
 KGrids2:  -0.42857  -0.28572  -0.14286  -0.00000   0.14286   0.28571   0.42857 
 KGrids3:  -0.42857  -0.28571  -0.14286   0.00000   0.14286   0.28572   0.42857 
<Band_DFT>  Eigen, time=0.019696
<Band_DFT>  DM, time=0.033080
    1   Ni  MulP   9.2161   8.7839 sum  18.0000 diff   0.4322
 Sum of MulP: up   =     9.21610 down          =     8.78390
              total=    18.00000 ideal(neutral)=    18.00000
<DFT>  Total Spin Moment (muB) =  0.432198980841
<DFT>  Mixing_weight= 0.003048071369
<DFT>  Uele   =  -26.491211165745  dUele     =   0.000072180738
<DFT>  NormRD =    0.000057815405  Criterion =   0.000000010000

******************* MD= 1  SCF=322 *******************
<Poisson>  Poisson's equation using FFT...
<Set_Hamiltonian>  Hamiltonian matrix for VNA+dVH+Vxc...
<Band>  Solving the eigenvalue problem...
 KGrids1:  -0.42857  -0.28571  -0.14286   0.00000   0.14286   0.28572   0.42857 
 KGrids2:  -0.42857  -0.28572  -0.14286  -0.00000   0.14286   0.28571   0.42857 
 KGrids3:  -0.42857  -0.28571  -0.14286   0.00000   0.14286   0.28572   0.42857 
<Band_DFT>  Eigen, time=0.019644
<Band_DFT>  DM, time=0.033020
    1   Ni  MulP   9.2161   8.7839 sum  18.0000 diff   0.4323
 Sum of MulP: up   =     9.21613 down          =     8.78387
              total=    18.00000 ideal(neutral)=    18.00000
<DFT>  Total Spin Moment (muB) =  0.432258361486
<DFT>  Mixing_weight= 0.003048071369
<DFT>  Uele   =  -26.491245981743  dUele     =   0.000034815998
<DFT>  NormRD =    0.000018044367  Criterion =   0.000000010000

******************* MD= 1  SCF=323 *******************
<Poisson>  Poisson's equation using FFT...
<Set_Hamiltonian>  Hamiltonian matrix for VNA+dVH+Vxc...
<Band>  Solving the eigenvalue problem...
 KGrids1:  -0.42857  -0.28571  -0.14286   0.00000   0.14286   0.28572   0.42857 
 KGrids2:  -0.42857  -0.28572  -0.14286  -0.00000   0.14286   0.28571   0.42857 
 KGrids3:  -0.42857  -0.28571  -0.14286   0.00000   0.14286   0.28572   0.42857 
<Band_DFT>  Eigen, time=0.019472
<Band_DFT>  DM, time=0.033030
    1   Ni  MulP   9.2161   8.7839 sum  18.0000 diff   0.4323
 Sum of MulP: up   =     9.21613 down          =     8.78387
              total=    18.00000 ideal(neutral)=    18.00000
<DFT>  Total Spin Moment (muB) =  0.432256605206
<DFT>  Mixing_weight= 0.003048071369
<DFT>  Uele   =  -26.491244955527  dUele     =   0.000001026215
<DFT>  NormRD =    0.000001165676  Criterion =   0.000000010000

******************* MD= 1  SCF=324 *******************
<Poisson>  Poisson's equation using FFT...
<Set_Hamiltonian>  Hamiltonian matrix for VNA+dVH+Vxc...
<Band>  Solving the eigenvalue problem...
 KGrids1:  -0.42857  -0.28571  -0.14286   0.00000   0.14286   0.28572   0.42857 
 KGrids2:  -0.42857  -0.28572  -0.14286  -0.00000   0.14286   0.28571   0.42857 
 KGrids3:  -0.42857  -0.28571  -0.14286   0.00000   0.14286   0.28572   0.42857 
<Band_DFT>  Eigen, time=0.019490
<Band_DFT>  DM, time=0.033075
    1   Ni  MulP   9.2161   8.7839 sum  18.0000 diff   0.4323
 Sum of MulP: up   =     9.21613 down          =     8.78387
              total=    18.00000 ideal(neutral)=    18.00000
<DFT>  Total Spin Moment (muB) =  0.432255691634
<DFT>  Mixing_weight= 0.003048071369
<DFT>  Uele   =  -26.491244413704  dUele     =   0.000000541823
<DFT>  NormRD =    0.000000598479  Criterion =   0.000000010000

******************* MD= 1  SCF=325 *******************
<Poisson>  Poisson's equation using FFT...
<Set_Hamiltonian>  Hamiltonian matrix for VNA+dVH+Vxc...
<Band>  Solving the eigenvalue problem...
 KGrids1:  -0.42857  -0.28571  -0.14286   0.00000   0.14286   0.28572   0.42857 
 KGrids2:  -0.42857  -0.28572  -0.14286  -0.00000   0.14286   0.28571   0.42857 
 KGrids3:  -0.42857  -0.28571  -0.14286   0.00000   0.14286   0.28572   0.42857 
<Band_DFT>  Eigen, time=0.019338
<Band_DFT>  DM, time=0.032964
    1   Ni  MulP   9.2161   8.7839 sum  18.0000 diff   0.4323
 Sum of MulP: up   =     9.21613 down          =     8.78387
              total=    18.00000 ideal(neutral)=    18.00000
<DFT>  Total Spin Moment (muB) =  0.432255483710
<DFT>  Mixing_weight= 0.003048071369
<DFT>  Uele   =  -26.491244289025  dUele     =   0.000000124679
<DFT>  NormRD =    0.000000301171  Criterion =   0.000000010000

******************* MD= 1  SCF=326 *******************
<Poisson>  Poisson's equation using FFT...
<Set_Hamiltonian>  Hamiltonian matrix for VNA+dVH+Vxc...
<Band>  Solving the eigenvalue problem...
 KGrids1:  -0.42857  -0.28571  -0.14286   0.00000   0.14286   0.28572   0.42857 
 KGrids2:  -0.42857  -0.28572  -0.14286  -0.00000   0.14286   0.28571   0.42857 
 KGrids3:  -0.42857  -0.28571  -0.14286   0.00000   0.14286   0.28572   0.42857 
<Band_DFT>  Eigen, time=0.019559
<Band_DFT>  DM, time=0.033186
    1   Ni  MulP   9.2161   8.7839 sum  18.0000 diff   0.4323
 Sum of MulP: up   =     9.21613 down          =     8.78387
              total=    18.00000 ideal(neutral)=    18.00000
<DFT>  Total Spin Moment (muB) =  0.432255333385
<DFT>  Mixing_weight= 0.003048071369
<DFT>  Uele   =  -26.491244198845  dUele     =   0.000000090180
<DFT>  NormRD =    0.000000232612  Criterion =   0.000000010000

******************* MD= 1  SCF=327 *******************
<Poisson>  Poisson's equation using FFT...
<Set_Hamiltonian>  Hamiltonian matrix for VNA+dVH+Vxc...
<Band>  Solving the eigenvalue problem...
 KGrids1:  -0.42857  -0.28571  -0.14286   0.00000   0.14286   0.28572   0.42857 
 KGrids2:  -0.42857  -0.28572  -0.14286  -0.00000   0.14286   0.28571   0.42857 
 KGrids3:  -0.42857  -0.28571  -0.14286   0.00000   0.14286   0.28572   0.42857 
<Band_DFT>  Eigen, time=0.019729
<Band_DFT>  DM, time=0.033025
    1   Ni  MulP   9.2161   8.7839 sum  18.0000 diff   0.4323
 Sum of MulP: up   =     9.21613 down          =     8.78387
              total=    18.00000 ideal(neutral)=    18.00000
<DFT>  Total Spin Moment (muB) =  0.432255239387
<DFT>  Mixing_weight= 0.003048071369
<DFT>  Uele   =  -26.491244142244  dUele     =   0.000000056602
<DFT>  NormRD =    0.000000183043  Criterion =   0.000000010000

******************* MD= 1  SCF=328 *******************
<Poisson>  Poisson's equation using FFT...
<Set_Hamiltonian>  Hamiltonian matrix for VNA+dVH+Vxc...
<Band>  Solving the eigenvalue problem...
 KGrids1:  -0.42857  -0.28571  -0.14286   0.00000   0.14286   0.28572   0.42857 
 KGrids2:  -0.42857  -0.28572  -0.14286  -0.00000   0.14286   0.28571   0.42857 
 KGrids3:  -0.42857  -0.28571  -0.14286   0.00000   0.14286   0.28572   0.42857 
<Band_DFT>  Eigen, time=0.019425
<Band_DFT>  DM, time=0.033138
    1   Ni  MulP   9.2161   8.7839 sum  18.0000 diff   0.4323
 Sum of MulP: up   =     9.21613 down          =     8.78387
              total=    18.00000 ideal(neutral)=    18.00000
<DFT>  Total Spin Moment (muB) =  0.432255173680
<DFT>  Mixing_weight= 0.003048071369
<DFT>  Uele   =  -26.491244102676  dUele     =   0.000000039567
<DFT>  NormRD =    0.000000151891  Criterion =   0.000000010000

******************* MD= 1  SCF=329 *******************
<Poisson>  Poisson's equation using FFT...
<Set_Hamiltonian>  Hamiltonian matrix for VNA+dVH+Vxc...
<Band>  Solving the eigenvalue problem...
 KGrids1:  -0.42857  -0.28571  -0.14286   0.00000   0.14286   0.28572   0.42857 
 KGrids2:  -0.42857  -0.28572  -0.14286  -0.00000   0.14286   0.28571   0.42857 
 KGrids3:  -0.42857  -0.28571  -0.14286   0.00000   0.14286   0.28572   0.42857 
<Band_DFT>  Eigen, time=0.019670
<Band_DFT>  DM, time=0.033040
    1   Ni  MulP   9.2161   8.7839 sum  18.0000 diff   0.4323
 Sum of MulP: up   =     9.21613 down          =     8.78387
              total=    18.00000 ideal(neutral)=    18.00000
<DFT>  Total Spin Moment (muB) =  0.432255126874
<DFT>  Mixing_weight= 0.003048071369
<DFT>  Uele   =  -26.491244074449  dUele     =   0.000000028227
<DFT>  NormRD =    0.000000130091  Criterion =   0.000000010000

******************* MD= 1  SCF=330 *******************
<Poisson>  Poisson's equation using FFT...
<Set_Hamiltonian>  Hamiltonian matrix for VNA+dVH+Vxc...
<Band>  Solving the eigenvalue problem...
 KGrids1:  -0.42857  -0.28571  -0.14286   0.00000   0.14286   0.28572   0.42857 
 KGrids2:  -0.42857  -0.28572  -0.14286  -0.00000   0.14286   0.28571   0.42857 
 KGrids3:  -0.42857  -0.28571  -0.14286   0.00000   0.14286   0.28572   0.42857 
<Band_DFT>  Eigen, time=0.019908
<Band_DFT>  DM, time=0.033387
    1   Ni  MulP   9.2161   8.7839 sum  18.0000 diff   0.4323
 Sum of MulP: up   =     9.21613 down          =     8.78387
              total=    18.00000 ideal(neutral)=    18.00000
<DFT>  Total Spin Moment (muB) =  0.432255085669
<DFT>  Mixing_weight= 0.003048071369
<DFT>  Uele   =  -26.491244049605  dUele     =   0.000000024845
<DFT>  NormRD =    0.000000114515  Criterion =   0.000000010000

******************* MD= 1  SCF=331 *******************
<Poisson>  Poisson's equation using FFT...
<Set_Hamiltonian>  Hamiltonian matrix for VNA+dVH+Vxc...
<Band>  Solving the eigenvalue problem...
 KGrids1:  -0.42857  -0.28571  -0.14286   0.00000   0.14286   0.28572   0.42857 
 KGrids2:  -0.42857  -0.28572  -0.14286  -0.00000   0.14286   0.28571   0.42857 
 KGrids3:  -0.42857  -0.28571  -0.14286   0.00000   0.14286   0.28572   0.42857 
<Band_DFT>  Eigen, time=0.019411
<Band_DFT>  DM, time=0.033068
    1   Ni  MulP   9.2161   8.7839 sum  18.0000 diff   0.4323
 Sum of MulP: up   =     9.21613 down          =     8.78387
              total=    18.00000 ideal(neutral)=    18.00000
<DFT>  Total Spin Moment (muB) =  0.432255034797
<DFT>  Mixing_weight= 0.003048071369
<DFT>  Uele   =  -26.491244019271  dUele     =   0.000000030334
<DFT>  NormRD =    0.000000100822  Criterion =   0.000000010000

******************* MD= 1  SCF=332 *******************
<Poisson>  Poisson's equation using FFT...
<Set_Hamiltonian>  Hamiltonian matrix for VNA+dVH+Vxc...
<Band>  Solving the eigenvalue problem...
 KGrids1:  -0.42857  -0.28571  -0.14286   0.00000   0.14286   0.28572   0.42857 
 KGrids2:  -0.42857  -0.28572  -0.14286  -0.00000   0.14286   0.28571   0.42857 
 KGrids3:  -0.42857  -0.28571  -0.14286   0.00000   0.14286   0.28572   0.42857 
<Band_DFT>  Eigen, time=0.019400
<Band_DFT>  DM, time=0.033211
    1   Ni  MulP   9.2161   8.7839 sum  18.0000 diff   0.4323
 Sum of MulP: up   =     9.21613 down          =     8.78387
              total=    18.00000 ideal(neutral)=    18.00000
<DFT>  Total Spin Moment (muB) =  0.432254972245
<DFT>  Mixing_weight= 0.003048071369
<DFT>  Uele   =  -26.491243982209  dUele     =   0.000000037062
<DFT>  NormRD =    0.000000084157  Criterion =   0.000000010000

******************* MD= 1  SCF=333 *******************
<Poisson>  Poisson's equation using FFT...
<Set_Hamiltonian>  Hamiltonian matrix for VNA+dVH+Vxc...
<Band>  Solving the eigenvalue problem...
 KGrids1:  -0.42857  -0.28571  -0.14286   0.00000   0.14286   0.28572   0.42857 
 KGrids2:  -0.42857  -0.28572  -0.14286  -0.00000   0.14286   0.28571   0.42857 
 KGrids3:  -0.42857  -0.28571  -0.14286   0.00000   0.14286   0.28572   0.42857 
<Band_DFT>  Eigen, time=0.019430
<Band_DFT>  DM, time=0.033420
    1   Ni  MulP   9.2161   8.7839 sum  18.0000 diff   0.4323
 Sum of MulP: up   =     9.21613 down          =     8.78387
              total=    18.00000 ideal(neutral)=    18.00000
<DFT>  Total Spin Moment (muB) =  0.432254889132
<DFT>  Mixing_weight= 0.003048071369
<DFT>  Uele   =  -26.491243933481  dUele     =   0.000000048727
<DFT>  NormRD =    0.000000063927  Criterion =   0.000000010000

******************* MD= 1  SCF=334 *******************
<Poisson>  Poisson's equation using FFT...
<Set_Hamiltonian>  Hamiltonian matrix for VNA+dVH+Vxc...
<Band>  Solving the eigenvalue problem...
 KGrids1:  -0.42857  -0.28571  -0.14286   0.00000   0.14286   0.28572   0.42857 
 KGrids2:  -0.42857  -0.28572  -0.14286  -0.00000   0.14286   0.28571   0.42857 
 KGrids3:  -0.42857  -0.28571  -0.14286   0.00000   0.14286   0.28572   0.42857 
<Band_DFT>  Eigen, time=0.019375
<Band_DFT>  DM, time=0.033030
    1   Ni  MulP   9.2161   8.7839 sum  18.0000 diff   0.4323
 Sum of MulP: up   =     9.21613 down          =     8.78387
              total=    18.00000 ideal(neutral)=    18.00000
<DFT>  Total Spin Moment (muB) =  0.432254829517
<DFT>  Mixing_weight= 0.003048071369
<DFT>  Uele   =  -26.491243899197  dUele     =   0.000000034284
<DFT>  NormRD =    0.000000037752  Criterion =   0.000000010000

******************* MD= 1  SCF=335 *******************
<Poisson>  Poisson's equation using FFT...
<Set_Hamiltonian>  Hamiltonian matrix for VNA+dVH+Vxc...
<Band>  Solving the eigenvalue problem...
 KGrids1:  -0.42857  -0.28571  -0.14286   0.00000   0.14286   0.28572   0.42857 
 KGrids2:  -0.42857  -0.28572  -0.14286  -0.00000   0.14286   0.28571   0.42857 
 KGrids3:  -0.42857  -0.28571  -0.14286   0.00000   0.14286   0.28572   0.42857 
<Band_DFT>  Eigen, time=0.019632
<Band_DFT>  DM, time=0.033038
    1   Ni  MulP   9.2161   8.7839 sum  18.0000 diff   0.4323
 Sum of MulP: up   =     9.21613 down          =     8.78387
              total=    18.00000 ideal(neutral)=    18.00000
<DFT>  Total Spin Moment (muB) =  0.432254830628
<DFT>  Mixing_weight= 0.003048071369
<DFT>  Uele   =  -26.491243899741  dUele     =   0.000000000544
<DFT>  NormRD =    0.000000020451  Criterion =   0.000000010000
<MD= 1>  Force calculation
  Force calculation #1
  Force calculation #2
  Force calculation #3
  Force calculation #4
  Force calculation #5
<MD= 1>  Total Energy
  Force calculation #6
  Force calculation #7

*******************************************************
                  Dipole moment (Debye)                 
*******************************************************

 Absolute D        0.00000000

                      Dx                Dy                Dz
 Total             -0.00000000        0.00000000        0.00000000
 Core               0.00000000        0.00000000        0.00000000
 Electron          -0.00000000        0.00000000        0.00000000
 Back ground       -0.00000000       -0.00000000       -0.00000000

*******************************************************
                Total Energy (Hartree) at MD = 1        
*******************************************************

  Uele  =     -26.491243899741

  Ukin  =      84.141249736125
  UH0   =   -1842.757060966646
  UH1   =       0.004004506931
  Una   =     -71.166511354672
  Unl   =     -17.977391222090
  Uxc0  =      -9.644278958870
  Uxc1  =      -9.216899178669
  Ucore =    1698.888178035796
  Uhub  =       0.000000000000
  Ucs   =       0.000000000000
  Uzs   =       0.000000000000
  Uzo   =       0.000000000000
  Uef   =       0.000000000000
  UvdW  =       0.000000000000
  Uch   =       0.000000000000
  Utot  =    -167.728709402096

  UpV   =       0.000000000000
  Enpy  =    -167.728709402096
  Note:

  Uele:   band energy
  Ukin:   kinetic energy
  UH0:    electric part of screened Coulomb energy
  UH1:    difference electron-electron Coulomb energy
  Una:    neutral atom potential energy
  Unl:    non-local potential energy
  Uxc0:   exchange-correlation energy for alpha spin
  Uxc1:   exchange-correlation energy for beta spin
  Ucore:  core-core Coulomb energy
  Uhub:   LDA+U energy
  Ucs:    constraint energy for spin orientation
  Uzs:    Zeeman term for spin magnetic moment
  Uzo:    Zeeman term for orbital magnetic moment
  Uef:    electric energy by electric field
  UvdW:   semi-empirical vdW energy 
  Uch:    penalty term to create a core hole
  UpV:    pressure times volume
  Enpy:   Enthalpy = Utot + UpV
  (see also PRB 72, 045121(2005) for the energy contributions)


*******************************************************
           Computational times (s) at MD = 1            
*******************************************************

  DFT in total      =   99.89411

  Set_OLP_Kin       =    0.67189
  Set_Nonlocal      =    1.08923
  Set_ProExpn_VNA   =    0.00000
  Set_Hamiltonian   =   42.79024
  Poisson           =    0.04424
  diagonalization   =   20.36827
  Mixing_DM         =    4.54992
  Force             =    0.43949
  Total_Energy      =    0.53921
  Set_Aden_Grid     =    0.00657
  Set_Orbitals_Grid =    0.01535
  Set_Density_Grid  =   28.06314
  RestartFileDFT    =    0.05499
  Mulliken_Charge   =    0.16691
  FFT(2D)_Density   =    0.00000

The SCF was achieved at MD=   1

*******************************************************
             MD or geometry opt. at MD = 1              
*******************************************************


outputting data on grids to files...

Save the scfout file (.//openmx.scfout)

***********************************************************
***********************************************************
               Computational Time (second)                 
***********************************************************
***********************************************************

                               Min_ID   Min_Time       Max_ID   Max_Time
   Total Computational Time =     6      101.978          0      102.268
   readfile                 =     7        1.176          0        1.186
   truncation               =     7        0.502          0        0.518
   MD_pac                   =     0        0.006          2        0.070
   OutData                  =     2        0.000          0        0.027
   DFT                      =     2       99.890          0       99.894

*** In DFT ***

   Set_OLP_Kin              =     1        0.029          0        0.672
   Set_Nonlocal             =     0        1.089          1        1.733
   Set_ProExpn_VNA          =     0        0.000          0        0.000
   Set_Hamiltonian          =     4       42.790          0       42.790
   Poisson                  =     0        0.044          2        0.044
   Diagonalization          =     0       20.368          7       20.445
   Mixing_DM                =     4        4.550          0        4.550
   Force                    =     0        0.439          3        0.439
   Total_Energy             =     7        0.518          0        0.539
   Set_Aden_Grid            =     5        0.006          7        0.007
   Set_Orbitals_Grid        =     1        0.000          0        0.015
   Set_Density_Grid         =     2       28.036          0       28.063
   RestartFileDFT           =     4        0.030          1        0.061
   Mulliken_Charge          =     4        0.167          3        0.167
   FFT(2D)_Density          =     0        0.000          0        0.000
   Others                   =     1        1.047          0        1.095

The calculation was normally finished.
