============================================================
Currently Loaded Modulefiles:
 1) intel/oneapi/2023.2.0  
MKLROOT=/apps/support/intel_spr_rocky8.9/oneapi/2023.2.0/mkl/2023.2.0
============================================================
Job ID: tyy
Job name: tyy
Number of nodes: 8
Number of processors: 256
Task is running on the following nodes:
qhcn[206-213]
OMP_NUM_THREADS = 2
============================================================


The number of threads in each node for OpenMP parallelization is 2.


*******************************************************
*******************************************************
 Welcome to OpenMX   Ver. 3.9.9                           
 Copyright (C), 2002-2019, T. Ozaki                    
 OpenMX comes with ABSOLUTELY NO WARRANTY.             
 This is free software, and you are welcome to         
 redistribute it under the constitution of the GNU-GPL.
*******************************************************
*******************************************************



<Input_std>  Your input file was normally read.
<Input_std>  The system includes 1 species and 343 atoms.

*******************************************************
                     PAO and VPS                       
*******************************************************

<SetPara_DFT>  PAOs of species Ni were normally found.
<SetPara_DFT>  VPSs of species Ni were normally found.
               Ni_PBE19H.vps is j-dependent.

*******************************************************
     Fourier transform of PAO and projectors of VNL    
*******************************************************

<FT_PAO>          Fourier transform of pseudo atomic orbitals
<FT_NLP>          Fourier transform of non-local projectors

*******************************************************
  Allocation of atoms to processors at MD_iter=    1     
*******************************************************

 proc =   0  # of atoms=   1  estimated weight=         1.00000
 proc =   1  # of atoms=   1  estimated weight=         1.00000
 proc =   2  # of atoms=   1  estimated weight=         1.00000
 proc =   3  # of atoms=   2  estimated weight=         2.00000
 proc =   4  # of atoms=   1  estimated weight=         1.00000
 proc =   5  # of atoms=   1  estimated weight=         1.00000
 proc =   6  # of atoms=   1  estimated weight=         1.00000
 proc =   7  # of atoms=   2  estimated weight=         2.00000
 proc =   8  # of atoms=   1  estimated weight=         1.00000
 proc =   9  # of atoms=   1  estimated weight=         1.00000
 proc =  10  # of atoms=   1  estimated weight=         1.00000
 proc =  11  # of atoms=   2  estimated weight=         2.00000
 proc =  12  # of atoms=   1  estimated weight=         1.00000
 proc =  13  # of atoms=   2  estimated weight=         2.00000
 proc =  14  # of atoms=   1  estimated weight=         1.00000
 proc =  15  # of atoms=   2  estimated weight=         2.00000
 proc =  16  # of atoms=   1  estimated weight=         1.00000
 proc =  17  # of atoms=   1  estimated weight=         1.00000
 proc =  18  # of atoms=   1  estimated weight=         1.00000
 proc =  19  # of atoms=   2  estimated weight=         2.00000
 proc =  20  # of atoms=   1  estimated weight=         1.00000
 proc =  21  # of atoms=   1  estimated weight=         1.00000
 proc =  22  # of atoms=   1  estimated weight=         1.00000
 proc =  23  # of atoms=   2  estimated weight=         2.00000
 proc =  24  # of atoms=   1  estimated weight=         1.00000
 proc =  25  # of atoms=   1  estimated weight=         1.00000
 proc =  26  # of atoms=   1  estimated weight=         1.00000
 proc =  27  # of atoms=   2  estimated weight=         2.00000
 proc =  28  # of atoms=   1  estimated weight=         1.00000
 proc =  29  # of atoms=   2  estimated weight=         2.00000
 proc =  30  # of atoms=   1  estimated weight=         1.00000
 proc =  31  # of atoms=   2  estimated weight=         2.00000
 proc =  32  # of atoms=   1  estimated weight=         1.00000
 proc =  33  # of atoms=   1  estimated weight=         1.00000
 proc =  34  # of atoms=   1  estimated weight=         1.00000
 proc =  35  # of atoms=   2  estimated weight=         2.00000
 proc =  36  # of atoms=   1  estimated weight=         1.00000
 proc =  37  # of atoms=   1  estimated weight=         1.00000
 proc =  38  # of atoms=   1  estimated weight=         1.00000
 proc =  39  # of atoms=   2  estimated weight=         2.00000
 proc =  40  # of atoms=   1  estimated weight=         1.00000
 proc =  41  # of atoms=   1  estimated weight=         1.00000
 proc =  42  # of atoms=   1  estimated weight=         1.00000
 proc =  43  # of atoms=   2  estimated weight=         2.00000
 proc =  44  # of atoms=   1  estimated weight=         1.00000
 proc =  45  # of atoms=   2  estimated weight=         2.00000
 proc =  46  # of atoms=   1  estimated weight=         1.00000
 proc =  47  # of atoms=   2  estimated weight=         2.00000
 proc =  48  # of atoms=   1  estimated weight=         1.00000
 proc =  49  # of atoms=   1  estimated weight=         1.00000
 proc =  50  # of atoms=   1  estimated weight=         1.00000
 proc =  51  # of atoms=   2  estimated weight=         2.00000
 proc =  52  # of atoms=   1  estimated weight=         1.00000
 proc =  53  # of atoms=   2  estimated weight=         2.00000
 proc =  54  # of atoms=   1  estimated weight=         1.00000
 proc =  55  # of atoms=   2  estimated weight=         2.00000
 proc =  56  # of atoms=   1  estimated weight=         1.00000
 proc =  57  # of atoms=   1  estimated weight=         1.00000
 proc =  58  # of atoms=   1  estimated weight=         1.00000
 proc =  59  # of atoms=   2  estimated weight=         2.00000
 proc =  60  # of atoms=   1  estimated weight=         1.00000
 proc =  61  # of atoms=   2  estimated weight=         2.00000
 proc =  62  # of atoms=   1  estimated weight=         1.00000
 proc =  63  # of atoms=   2  estimated weight=         2.00000
 proc =  64  # of atoms=   1  estimated weight=         1.00000
 proc =  65  # of atoms=   1  estimated weight=         1.00000
 proc =  66  # of atoms=   1  estimated weight=         1.00000
 proc =  67  # of atoms=   2  estimated weight=         2.00000
 proc =  68  # of atoms=   1  estimated weight=         1.00000
 proc =  69  # of atoms=   1  estimated weight=         1.00000
 proc =  70  # of atoms=   1  estimated weight=         1.00000
 proc =  71  # of atoms=   2  estimated weight=         2.00000
 proc =  72  # of atoms=   1  estimated weight=         1.00000
 proc =  73  # of atoms=   1  estimated weight=         1.00000
 proc =  74  # of atoms=   1  estimated weight=         1.00000
 proc =  75  # of atoms=   2  estimated weight=         2.00000
 proc =  76  # of atoms=   1  estimated weight=         1.00000
 proc =  77  # of atoms=   2  estimated weight=         2.00000
 proc =  78  # of atoms=   1  estimated weight=         1.00000
 proc =  79  # of atoms=   2  estimated weight=         2.00000
 proc =  80  # of atoms=   1  estimated weight=         1.00000
 proc =  81  # of atoms=   1  estimated weight=         1.00000
 proc =  82  # of atoms=   1  estimated weight=         1.00000
 proc =  83  # of atoms=   2  estimated weight=         2.00000
 proc =  84  # of atoms=   1  estimated weight=         1.00000
 proc =  85  # of atoms=   2  estimated weight=         2.00000
 proc =  86  # of atoms=   1  estimated weight=         1.00000
 proc =  87  # of atoms=   2  estimated weight=         2.00000
 proc =  88  # of atoms=   1  estimated weight=         1.00000
 proc =  89  # of atoms=   1  estimated weight=         1.00000
 proc =  90  # of atoms=   1  estimated weight=         1.00000
 proc =  91  # of atoms=   2  estimated weight=         2.00000
 proc =  92  # of atoms=   1  estimated weight=         1.00000
 proc =  93  # of atoms=   2  estimated weight=         2.00000
 proc =  94  # of atoms=   1  estimated weight=         1.00000
 proc =  95  # of atoms=   2  estimated weight=         2.00000
 proc =  96  # of atoms=   1  estimated weight=         1.00000
 proc =  97  # of atoms=   1  estimated weight=         1.00000
 proc =  98  # of atoms=   1  estimated weight=         1.00000
 proc =  99  # of atoms=   2  estimated weight=         2.00000
 proc = 100  # of atoms=   1  estimated weight=         1.00000
 proc = 101  # of atoms=   1  estimated weight=         1.00000
 proc = 102  # of atoms=   1  estimated weight=         1.00000
 proc = 103  # of atoms=   2  estimated weight=         2.00000
 proc = 104  # of atoms=   1  estimated weight=         1.00000
 proc = 105  # of atoms=   1  estimated weight=         1.00000
 proc = 106  # of atoms=   1  estimated weight=         1.00000
 proc = 107  # of atoms=   2  estimated weight=         2.00000
 proc = 108  # of atoms=   1  estimated weight=         1.00000
 proc = 109  # of atoms=   2  estimated weight=         2.00000
 proc = 110  # of atoms=   1  estimated weight=         1.00000
 proc = 111  # of atoms=   2  estimated weight=         2.00000
 proc = 112  # of atoms=   1  estimated weight=         1.00000
 proc = 113  # of atoms=   1  estimated weight=         1.00000
 proc = 114  # of atoms=   1  estimated weight=         1.00000
 proc = 115  # of atoms=   2  estimated weight=         2.00000
 proc = 116  # of atoms=   1  estimated weight=         1.00000
 proc = 117  # of atoms=   2  estimated weight=         2.00000
 proc = 118  # of atoms=   1  estimated weight=         1.00000
 proc = 119  # of atoms=   2  estimated weight=         2.00000
 proc = 120  # of atoms=   1  estimated weight=         1.00000
 proc = 121  # of atoms=   1  estimated weight=         1.00000
 proc = 122  # of atoms=   1  estimated weight=         1.00000
 proc = 123  # of atoms=   2  estimated weight=         2.00000
 proc = 124  # of atoms=   1  estimated weight=         1.00000
 proc = 125  # of atoms=   2  estimated weight=         2.00000
 proc = 126  # of atoms=   1  estimated weight=         1.00000
 proc = 127  # of atoms=   2  estimated weight=         2.00000
 proc = 128  # of atoms=   1  estimated weight=         1.00000
 proc = 129  # of atoms=   1  estimated weight=         1.00000
 proc = 130  # of atoms=   1  estimated weight=         1.00000
 proc = 131  # of atoms=   2  estimated weight=         2.00000
 proc = 132  # of atoms=   1  estimated weight=         1.00000
 proc = 133  # of atoms=   1  estimated weight=         1.00000
 proc = 134  # of atoms=   1  estimated weight=         1.00000
 proc = 135  # of atoms=   2  estimated weight=         2.00000
 proc = 136  # of atoms=   1  estimated weight=         1.00000
 proc = 137  # of atoms=   1  estimated weight=         1.00000
 proc = 138  # of atoms=   1  estimated weight=         1.00000
 proc = 139  # of atoms=   2  estimated weight=         2.00000
 proc = 140  # of atoms=   1  estimated weight=         1.00000
 proc = 141  # of atoms=   2  estimated weight=         2.00000
 proc = 142  # of atoms=   1  estimated weight=         1.00000
 proc = 143  # of atoms=   2  estimated weight=         2.00000
 proc = 144  # of atoms=   1  estimated weight=         1.00000
 proc = 145  # of atoms=   1  estimated weight=         1.00000
 proc = 146  # of atoms=   1  estimated weight=         1.00000
 proc = 147  # of atoms=   2  estimated weight=         2.00000
 proc = 148  # of atoms=   1  estimated weight=         1.00000
 proc = 149  # of atoms=   2  estimated weight=         2.00000
 proc = 150  # of atoms=   1  estimated weight=         1.00000
 proc = 151  # of atoms=   2  estimated weight=         2.00000
 proc = 152  # of atoms=   1  estimated weight=         1.00000
 proc = 153  # of atoms=   1  estimated weight=         1.00000
 proc = 154  # of atoms=   1  estimated weight=         1.00000
 proc = 155  # of atoms=   2  estimated weight=         2.00000
 proc = 156  # of atoms=   1  estimated weight=         1.00000
 proc = 157  # of atoms=   2  estimated weight=         2.00000
 proc = 158  # of atoms=   1  estimated weight=         1.00000
 proc = 159  # of atoms=   2  estimated weight=         2.00000
 proc = 160  # of atoms=   1  estimated weight=         1.00000
 proc = 161  # of atoms=   1  estimated weight=         1.00000
 proc = 162  # of atoms=   1  estimated weight=         1.00000
 proc = 163  # of atoms=   2  estimated weight=         2.00000
 proc = 164  # of atoms=   1  estimated weight=         1.00000
 proc = 165  # of atoms=   1  estimated weight=         1.00000
 proc = 166  # of atoms=   1  estimated weight=         1.00000
 proc = 167  # of atoms=   2  estimated weight=         2.00000
 proc = 168  # of atoms=   1  estimated weight=         1.00000
 proc = 169  # of atoms=   1  estimated weight=         1.00000
 proc = 170  # of atoms=   1  estimated weight=         1.00000
 proc = 171  # of atoms=   2  estimated weight=         2.00000
 proc = 172  # of atoms=   1  estimated weight=         1.00000
 proc = 173  # of atoms=   2  estimated weight=         2.00000
 proc = 174  # of atoms=   1  estimated weight=         1.00000
 proc = 175  # of atoms=   2  estimated weight=         2.00000
 proc = 176  # of atoms=   1  estimated weight=         1.00000
 proc = 177  # of atoms=   1  estimated weight=         1.00000
 proc = 178  # of atoms=   1  estimated weight=         1.00000
 proc = 179  # of atoms=   2  estimated weight=         2.00000
 proc = 180  # of atoms=   1  estimated weight=         1.00000
 proc = 181  # of atoms=   2  estimated weight=         2.00000
 proc = 182  # of atoms=   1  estimated weight=         1.00000
 proc = 183  # of atoms=   2  estimated weight=         2.00000
 proc = 184  # of atoms=   1  estimated weight=         1.00000
 proc = 185  # of atoms=   1  estimated weight=         1.00000
 proc = 186  # of atoms=   1  estimated weight=         1.00000
 proc = 187  # of atoms=   2  estimated weight=         2.00000
 proc = 188  # of atoms=   1  estimated weight=         1.00000
 proc = 189  # of atoms=   2  estimated weight=         2.00000
 proc = 190  # of atoms=   1  estimated weight=         1.00000
 proc = 191  # of atoms=   2  estimated weight=         2.00000
 proc = 192  # of atoms=   1  estimated weight=         1.00000
 proc = 193  # of atoms=   1  estimated weight=         1.00000
 proc = 194  # of atoms=   1  estimated weight=         1.00000
 proc = 195  # of atoms=   2  estimated weight=         2.00000
 proc = 196  # of atoms=   1  estimated weight=         1.00000
 proc = 197  # of atoms=   1  estimated weight=         1.00000
 proc = 198  # of atoms=   1  estimated weight=         1.00000
 proc = 199  # of atoms=   2  estimated weight=         2.00000
 proc = 200  # of atoms=   1  estimated weight=         1.00000
 proc = 201  # of atoms=   1  estimated weight=         1.00000
 proc = 202  # of atoms=   1  estimated weight=         1.00000
 proc = 203  # of atoms=   2  estimated weight=         2.00000
 proc = 204  # of atoms=   1  estimated weight=         1.00000
 proc = 205  # of atoms=   2  estimated weight=         2.00000
 proc = 206  # of atoms=   1  estimated weight=         1.00000
 proc = 207  # of atoms=   2  estimated weight=         2.00000
 proc = 208  # of atoms=   1  estimated weight=         1.00000
 proc = 209  # of atoms=   1  estimated weight=         1.00000
 proc = 210  # of atoms=   1  estimated weight=         1.00000
 proc = 211  # of atoms=   2  estimated weight=         2.00000
 proc = 212  # of atoms=   1  estimated weight=         1.00000
 proc = 213  # of atoms=   2  estimated weight=         2.00000
 proc = 214  # of atoms=   1  estimated weight=         1.00000
 proc = 215  # of atoms=   2  estimated weight=         2.00000
 proc = 216  # of atoms=   1  estimated weight=         1.00000
 proc = 217  # of atoms=   1  estimated weight=         1.00000
 proc = 218  # of atoms=   1  estimated weight=         1.00000
 proc = 219  # of atoms=   2  estimated weight=         2.00000
 proc = 220  # of atoms=   1  estimated weight=         1.00000
 proc = 221  # of atoms=   2  estimated weight=         2.00000
 proc = 222  # of atoms=   1  estimated weight=         1.00000
 proc = 223  # of atoms=   2  estimated weight=         2.00000
 proc = 224  # of atoms=   1  estimated weight=         1.00000
 proc = 225  # of atoms=   1  estimated weight=         1.00000
 proc = 226  # of atoms=   1  estimated weight=         1.00000
 proc = 227  # of atoms=   2  estimated weight=         2.00000
 proc = 228  # of atoms=   1  estimated weight=         1.00000
 proc = 229  # of atoms=   1  estimated weight=         1.00000
 proc = 230  # of atoms=   1  estimated weight=         1.00000
 proc = 231  # of atoms=   2  estimated weight=         2.00000
 proc = 232  # of atoms=   1  estimated weight=         1.00000
 proc = 233  # of atoms=   1  estimated weight=         1.00000
 proc = 234  # of atoms=   1  estimated weight=         1.00000
 proc = 235  # of atoms=   2  estimated weight=         2.00000
 proc = 236  # of atoms=   1  estimated weight=         1.00000
 proc = 237  # of atoms=   2  estimated weight=         2.00000
 proc = 238  # of atoms=   1  estimated weight=         1.00000
 proc = 239  # of atoms=   2  estimated weight=         2.00000
 proc = 240  # of atoms=   1  estimated weight=         1.00000
 proc = 241  # of atoms=   1  estimated weight=         1.00000
 proc = 242  # of atoms=   1  estimated weight=         1.00000
 proc = 243  # of atoms=   2  estimated weight=         2.00000
 proc = 244  # of atoms=   1  estimated weight=         1.00000
 proc = 245  # of atoms=   2  estimated weight=         2.00000
 proc = 246  # of atoms=   1  estimated weight=         1.00000
 proc = 247  # of atoms=   2  estimated weight=         2.00000
 proc = 248  # of atoms=   1  estimated weight=         1.00000
 proc = 249  # of atoms=   1  estimated weight=         1.00000
 proc = 250  # of atoms=   1  estimated weight=         1.00000
 proc = 251  # of atoms=   2  estimated weight=         2.00000
 proc = 252  # of atoms=   1  estimated weight=         1.00000
 proc = 253  # of atoms=   2  estimated weight=         2.00000
 proc = 254  # of atoms=   1  estimated weight=         1.00000
 proc = 255  # of atoms=   2  estimated weight=         2.00000




*******************************************************
        Analysis of neighbors and setting of grids        
*******************************************************

TFNAN=   29498   Average FNAN=  86.00000
TSNAN=       0   Average SNAN=   0.00000
<truncation> CpyCell= 1 ct_AN=   1 FNAN SNAN  86   0
<truncation> CpyCell= 1 ct_AN=   2 FNAN SNAN  86   0
<truncation> CpyCell= 1 ct_AN=   3 FNAN SNAN  86   0
<truncation> CpyCell= 1 ct_AN=   4 FNAN SNAN  86   0
<truncation> CpyCell= 1 ct_AN=   5 FNAN SNAN  86   0
<truncation> CpyCell= 1 ct_AN=   6 FNAN SNAN  86   0
<truncation> CpyCell= 1 ct_AN=   7 FNAN SNAN  86   0
<truncation> CpyCell= 1 ct_AN=   8 FNAN SNAN  86   0
<truncation> CpyCell= 1 ct_AN=   9 FNAN SNAN  86   0
<truncation> CpyCell= 1 ct_AN=  10 FNAN SNAN  86   0
<truncation> CpyCell= 1 ct_AN=  11 FNAN SNAN  86   0
<truncation> CpyCell= 1 ct_AN=  12 FNAN SNAN  86   0
<truncation> CpyCell= 1 ct_AN=  13 FNAN SNAN  86   0
<truncation> CpyCell= 1 ct_AN=  14 FNAN SNAN  86   0
<truncation> CpyCell= 1 ct_AN=  15 FNAN SNAN  86   0
<truncation> CpyCell= 1 ct_AN=  16 FNAN SNAN  86   0
<truncation> CpyCell= 1 ct_AN=  17 FNAN SNAN  86   0
<truncation> CpyCell= 1 ct_AN=  18 FNAN SNAN  86   0
<truncation> CpyCell= 1 ct_AN=  19 FNAN SNAN  86   0
<truncation> CpyCell= 1 ct_AN=  20 FNAN SNAN  86   0
     ..........
     ......

TFNAN=   29498   Average FNAN=  86.00000
TSNAN=       0   Average SNAN=   0.00000
<truncation> CpyCell= 2 ct_AN=   1 FNAN SNAN  86   0
<truncation> CpyCell= 2 ct_AN=   2 FNAN SNAN  86   0
<truncation> CpyCell= 2 ct_AN=   3 FNAN SNAN  86   0
<truncation> CpyCell= 2 ct_AN=   4 FNAN SNAN  86   0
<truncation> CpyCell= 2 ct_AN=   5 FNAN SNAN  86   0
<truncation> CpyCell= 2 ct_AN=   6 FNAN SNAN  86   0
<truncation> CpyCell= 2 ct_AN=   7 FNAN SNAN  86   0
<truncation> CpyCell= 2 ct_AN=   8 FNAN SNAN  86   0
<truncation> CpyCell= 2 ct_AN=   9 FNAN SNAN  86   0
<truncation> CpyCell= 2 ct_AN=  10 FNAN SNAN  86   0
<truncation> CpyCell= 2 ct_AN=  11 FNAN SNAN  86   0
<truncation> CpyCell= 2 ct_AN=  12 FNAN SNAN  86   0
<truncation> CpyCell= 2 ct_AN=  13 FNAN SNAN  86   0
<truncation> CpyCell= 2 ct_AN=  14 FNAN SNAN  86   0
<truncation> CpyCell= 2 ct_AN=  15 FNAN SNAN  86   0
<truncation> CpyCell= 2 ct_AN=  16 FNAN SNAN  86   0
<truncation> CpyCell= 2 ct_AN=  17 FNAN SNAN  86   0
<truncation> CpyCell= 2 ct_AN=  18 FNAN SNAN  86   0
<truncation> CpyCell= 2 ct_AN=  19 FNAN SNAN  86   0
<truncation> CpyCell= 2 ct_AN=  20 FNAN SNAN  86   0
     ..........
     ......

TFNAN=   29498   Average FNAN=  86.00000
TSNAN=       0   Average SNAN=   0.00000
<truncation> CpyCell= 2 ct_AN=   1 FNAN SNAN  86   0
<truncation> CpyCell= 2 ct_AN=   2 FNAN SNAN  86   0
<truncation> CpyCell= 2 ct_AN=   3 FNAN SNAN  86   0
<truncation> CpyCell= 2 ct_AN=   4 FNAN SNAN  86   0
<truncation> CpyCell= 2 ct_AN=   5 FNAN SNAN  86   0
<truncation> CpyCell= 2 ct_AN=   6 FNAN SNAN  86   0
<truncation> CpyCell= 2 ct_AN=   7 FNAN SNAN  86   0
<truncation> CpyCell= 2 ct_AN=   8 FNAN SNAN  86   0
<truncation> CpyCell= 2 ct_AN=   9 FNAN SNAN  86   0
<truncation> CpyCell= 2 ct_AN=  10 FNAN SNAN  86   0
<truncation> CpyCell= 2 ct_AN=  11 FNAN SNAN  86   0
<truncation> CpyCell= 2 ct_AN=  12 FNAN SNAN  86   0
<truncation> CpyCell= 2 ct_AN=  13 FNAN SNAN  86   0
<truncation> CpyCell= 2 ct_AN=  14 FNAN SNAN  86   0
<truncation> CpyCell= 2 ct_AN=  15 FNAN SNAN  86   0
<truncation> CpyCell= 2 ct_AN=  16 FNAN SNAN  86   0
<truncation> CpyCell= 2 ct_AN=  17 FNAN SNAN  86   0
<truncation> CpyCell= 2 ct_AN=  18 FNAN SNAN  86   0
<truncation> CpyCell= 2 ct_AN=  19 FNAN SNAN  86   0
<truncation> CpyCell= 2 ct_AN=  20 FNAN SNAN  86   0
     ..........
     ......

<Check_System> The system is bulk.
lattice vectors (bohr)
A  =  0.000000000000, 23.645855749169, 23.645855749169
B  = 23.645855749169,  0.000000000000, 23.645855749169
C  = 23.645855749169, 23.645855749169,  0.000000000000
reciprocal lattice vectors (bohr^-1)
RA = -0.132860180106,  0.132860180106,  0.132860180106
RB =  0.132860180106, -0.132860180106,  0.132860180106
RC =  0.132860180106,  0.132860180106, -0.132860180106
Grid_Origin -3.265380079647 -3.265380079647 -3.265380079647
Cell_Volume =  26442.048850550826 (Bohr^3)
GridVol     =      0.002855204497 (Bohr^3)
Grid_Origin -3.265380079647 -3.265380079647 -3.265380079647
Cell_Volume =  26442.048850550826 (Bohr^3)
GridVol     =      0.002855204497 (Bohr^3)
<UCell_Box> Info. of cutoff energy and num. of grids
lattice vectors (bohr)
A  =  0.000000000000, 23.645855749169, 23.645855749169
B  = 23.645855749169,  0.000000000000, 23.645855749169
C  = 23.645855749169, 23.645855749169,  0.000000000000
reciprocal lattice vectors (bohr^-1)
RA = -0.132860180106,  0.132860180106,  0.132860180106
RB =  0.132860180106, -0.132860180106,  0.132860180106
RC =  0.132860180106,  0.132860180106, -0.132860180106
Required cutoff energy (Ryd) for 3D-grids = 600.0000
    Used cutoff energy (Ryd) for 3D-grids = 583.8342, 583.8342, 583.8342
Num. of grids of a-, b-, and c-axes = 210, 210, 210
Grid_Origin -3.265380079647 -3.265380079647 -3.265380079647
Cell_Volume =  26442.048850550826 (Bohr^3)
GridVol     =      0.002855204497 (Bohr^3)
Cell vectors (bohr) of the grid cell (gtv)
  gtv_a =  0.000000000000,  0.112599313091,  0.112599313091
  gtv_b =  0.112599313091,  0.000000000000,  0.112599313091
  gtv_c =  0.112599313091,  0.112599313091,  0.000000000000
  |gtv_a| =  0.159239475688
  |gtv_b| =  0.159239475688
  |gtv_c| =  0.159239475688
Num. of grids overlapping with atom    1 = 316866
Num. of grids overlapping with atom    2 = 316866
Num. of grids overlapping with atom    3 = 316866
Num. of grids overlapping with atom    4 = 316866
Num. of grids overlapping with atom    5 = 316866
Num. of grids overlapping with atom    6 = 316866
Num. of grids overlapping with atom    7 = 316866
Num. of grids overlapping with atom    8 = 316866
Num. of grids overlapping with atom    9 = 316866
Num. of grids overlapping with atom   10 = 316866
Num. of grids overlapping with atom   11 = 316866
Num. of grids overlapping with atom   12 = 316866
Num. of grids overlapping with atom   13 = 316866
Num. of grids overlapping with atom   14 = 316866
Num. of grids overlapping with atom   15 = 316866
Num. of grids overlapping with atom   16 = 316866
Num. of grids overlapping with atom   17 = 316866
Num. of grids overlapping with atom   18 = 316866
Num. of grids overlapping with atom   19 = 316866
Num. of grids overlapping with atom   20 = 316866
     ..........
     ......


*******************************************************
             SCF calculation at MD = 1                
*******************************************************

<MD= 1>  Calculation of the overlap matrix
<MD= 1>  Calculation of the nonlocal matrix

******************* MD= 1  SCF= 1 *******************
<Restart>  Found restart files
<Poisson>  Poisson's equation using FFT...
<Band>  Solving the eigenvalue problem...
 KGrids1:  -0.33333   0.00000   0.33333 
 KGrids2:  -0.33333  -0.00000   0.33333 
 KGrids3:  -0.33333   0.00000   0.33334 
<Band_DFT>  Eigen, time=197.129998
<Band_DFT>  DM, time=0.000013
    1   Ni  MulP 9.29 8.71 sum 18.00 diff  0.59 (  0.01  44.60)  Ml 0.05 (  0.05  44.88)  Ml+s 0.64 (  0.02  44.66)
    2   Ni  MulP 9.29 8.71 sum 18.00 diff  0.59 (  0.01  44.55)  Ml 0.05 (  0.05  44.82)  Ml+s 0.64 (  0.02  44.61)
    3   Ni  MulP 9.29 8.71 sum 18.00 diff  0.59 (  0.01  44.51)  Ml 0.05 (  0.05  44.92)  Ml+s 0.64 (  0.02  44.61)
    4   Ni  MulP 9.29 8.71 sum 18.00 diff  0.59 (  0.01  44.51)  Ml 0.05 (  0.05  44.88)  Ml+s 0.64 (  0.02  44.59)
    5   Ni  MulP 9.29 8.71 sum 18.00 diff  0.59 (  0.01  44.54)  Ml 0.05 (  0.05  44.86)  Ml+s 0.64 (  0.02  44.62)
    6   Ni  MulP 9.29 8.71 sum 18.00 diff  0.59 (  0.01  44.59)  Ml 0.05 (  0.05  44.92)  Ml+s 0.64 (  0.02  44.67)
    7   Ni  MulP 9.29 8.71 sum 18.00 diff  0.59 (  0.01  44.61)  Ml 0.05 (  0.05  44.91)  Ml+s 0.64 (  0.02  44.68)
    8   Ni  MulP 9.29 8.71 sum 18.00 diff  0.59 (  0.01  44.40)  Ml 0.05 (  0.05  44.60)  Ml+s 0.64 (  0.02  44.45)
    9   Ni  MulP 9.29 8.71 sum 18.00 diff  0.59 (  0.01  44.35)  Ml 0.05 (  0.05  44.66)  Ml+s 0.64 (  0.02  44.43)
   10   Ni  MulP 9.29 8.71 sum 18.00 diff  0.59 (  0.01  44.66)  Ml 0.05 (  0.05  47.80)  Ml+s 0.64 (  0.02  45.39)
   11   Ni  MulP 9.29 8.71 sum 18.00 diff  0.59 (  0.01  44.40)  Ml 0.05 (  0.05  45.03)  Ml+s 0.64 (  0.02  44.54)
   12   Ni  MulP 9.29 8.71 sum 18.00 diff  0.59 (  0.01  44.41)  Ml 0.05 (  0.05  44.58)  Ml+s 0.64 (  0.02  44.45)
   13   Ni  MulP 9.29 8.71 sum 18.00 diff  0.59 (  0.01  44.62)  Ml 0.05 (  0.05  44.88)  Ml+s 0.64 (  0.02  44.68)
   14   Ni  MulP 9.29 8.71 sum 18.00 diff  0.59 (  0.01  44.62)  Ml 0.05 (  0.05  44.94)  Ml+s 0.64 (  0.02  44.69)
   15   Ni  MulP 9.29 8.71 sum 18.00 diff  0.59 (  0.01  44.65)  Ml 0.05 (  0.05  44.65)  Ml+s 0.64 (  0.02  44.65)
   16   Ni  MulP 9.29 8.71 sum 18.00 diff  0.59 (  0.01  44.27)  Ml 0.05 (  0.05  44.96)  Ml+s 0.64 (  0.02  44.43)
   17   Ni  MulP 9.29 8.71 sum 18.00 diff  0.59 (  0.01  44.32)  Ml 0.05 (  0.05  45.15)  Ml+s 0.64 (  0.02  44.52)
   18   Ni  MulP 9.29 8.71 sum 18.00 diff  0.59 (  0.01  44.75)  Ml 0.05 (  0.05  44.22)  Ml+s 0.64 (  0.02  44.63)
   19   Ni  MulP 9.29 8.71 sum 18.00 diff  0.59 (  0.01  44.19)  Ml 0.05 (  0.05  45.13)  Ml+s 0.64 (  0.02  44.41)
   20   Ni  MulP 9.29 8.71 sum 18.00 diff  0.59 (  0.01  44.57)  Ml 0.05 (  0.05  47.14)  Ml+s 0.64 (  0.02  45.18)
     ..........
     ......

 Sum of MulP: up   =  3187.45513 down          =  2986.54487
              total=  6174.00000 ideal(neutral)=  6174.00000
<DFT>  Total Spin Moment    (muB) 200.910268024   Angles    0.014459683    44.463843575
<DFT>  Total Orbital Moment (muB) 17.829217248   Angles    0.049974983    44.845371119
<DFT>  Total Moment         (muB) 218.739482126   Angles    0.017354427    44.553394545
<DFT>  Mixing_weight= 0.010000000000
<DFT>  Uele   =-9092.011088994430  dUele     =   1.000000000000
<DFT>  NormRD =    1.000000000000  Criterion =   0.000001000000

******************* MD= 1  SCF= 2 *******************
<Poisson>  Poisson's equation using FFT...
<Set_Hamiltonian>  Hamiltonian matrix for VNA+dVH+Vxc...
<Band>  Solving the eigenvalue problem...
 KGrids1:  -0.33333   0.00000   0.33333 
 KGrids2:  -0.33333  -0.00000   0.33333 
 KGrids3:  -0.33333   0.00000   0.33334 
<Band_DFT>  Eigen, time=126.437526
<Band_DFT>  DM, time=0.000000
    1   Ni  MulP 9.29 8.71 sum 18.00 diff  0.59 (  0.01  44.60)  Ml 0.05 (  0.05  44.89)  Ml+s 0.64 (  0.02  44.66)
    2   Ni  MulP 9.29 8.71 sum 18.00 diff  0.59 (  0.01  44.55)  Ml 0.05 (  0.05  44.83)  Ml+s 0.64 (  0.02  44.61)
    3   Ni  MulP 9.29 8.71 sum 18.00 diff  0.59 (  0.01  44.51)  Ml 0.05 (  0.05  44.91)  Ml+s 0.64 (  0.02  44.60)
    4   Ni  MulP 9.29 8.71 sum 18.00 diff  0.59 (  0.01  44.51)  Ml 0.05 (  0.05  44.87)  Ml+s 0.64 (  0.02  44.59)
    5   Ni  MulP 9.29 8.71 sum 18.00 diff  0.59 (  0.01  44.54)  Ml 0.05 (  0.05  44.85)  Ml+s 0.64 (  0.02  44.62)
    6   Ni  MulP 9.29 8.71 sum 18.00 diff  0.59 (  0.01  44.59)  Ml 0.05 (  0.05  44.90)  Ml+s 0.64 (  0.02  44.66)
    7   Ni  MulP 9.29 8.71 sum 18.00 diff  0.59 (  0.01  44.61)  Ml 0.05 (  0.05  44.90)  Ml+s 0.64 (  0.02  44.68)
    8   Ni  MulP 9.29 8.71 sum 18.00 diff  0.59 (  0.01  44.41)  Ml 0.05 (  0.05  44.49)  Ml+s 0.64 (  0.02  44.43)
    9   Ni  MulP 9.29 8.71 sum 18.00 diff  0.59 (  0.01  44.35)  Ml 0.05 (  0.05  44.45)  Ml+s 0.64 (  0.02  44.38)
   10   Ni  MulP 9.29 8.71 sum 18.00 diff  0.59 (  0.01  44.66)  Ml 0.05 (  0.05  47.54)  Ml+s 0.64 (  0.02  45.33)
   11   Ni  MulP 9.29 8.71 sum 18.00 diff  0.59 (  0.01  44.40)  Ml 0.05 (  0.05  44.79)  Ml+s 0.64 (  0.02  44.49)
   12   Ni  MulP 9.29 8.71 sum 18.00 diff  0.59 (  0.01  44.41)  Ml 0.05 (  0.05  44.46)  Ml+s 0.64 (  0.02  44.42)
   13   Ni  MulP 9.29 8.71 sum 18.00 diff  0.59 (  0.01  44.62)  Ml 0.05 (  0.05  44.68)  Ml+s 0.64 (  0.02  44.63)
   14   Ni  MulP 9.29 8.71 sum 18.00 diff  0.59 (  0.01  44.61)  Ml 0.05 (  0.05  44.75)  Ml+s 0.64 (  0.02  44.65)
   15   Ni  MulP 9.29 8.71 sum 18.00 diff  0.59 (  0.01  44.65)  Ml 0.05 (  0.05  44.43)  Ml+s 0.64 (  0.02  44.59)
   16   Ni  MulP 9.29 8.71 sum 18.00 diff  0.59 (  0.01  44.26)  Ml 0.05 (  0.05  44.95)  Ml+s 0.64 (  0.02  44.42)
   17   Ni  MulP 9.29 8.71 sum 18.00 diff  0.59 (  0.01  44.32)  Ml 0.05 (  0.05  45.14)  Ml+s 0.64 (  0.02  44.51)
   18   Ni  MulP 9.29 8.71 sum 18.00 diff  0.59 (  0.01  44.75)  Ml 0.05 (  0.05  44.00)  Ml+s 0.64 (  0.02  44.58)
   19   Ni  MulP 9.29 8.71 sum 18.00 diff  0.59 (  0.01  44.19)  Ml 0.05 (  0.05  44.80)  Ml+s 0.64 (  0.02  44.33)
   20   Ni  MulP 9.29 8.71 sum 18.00 diff  0.59 (  0.01  44.57)  Ml 0.05 (  0.05  46.80)  Ml+s 0.64 (  0.02  45.09)
     ..........
     ......

 Sum of MulP: up   =  3187.45513 down          =  2986.54487
              total=  6174.00000 ideal(neutral)=  6174.00000
<DFT>  Total Spin Moment    (muB) 200.910266283   Angles    0.014472284    44.464268074
<DFT>  Total Orbital Moment (muB) 17.829217370   Angles    0.049987386    44.845376256
<DFT>  Total Moment         (muB) 218.739480507   Angles    0.017367012    44.553677978
<DFT>  Mixing_weight= 0.010000177026
<DFT>  Uele   =-9092.011071199802  dUele     =   0.000017794628
<DFT>  NormRD =    0.004207407501  Criterion =   0.000001000000

******************* MD= 1  SCF= 3 *******************
<Poisson>  Poisson's equation using FFT...
<Set_Hamiltonian>  Hamiltonian matrix for VNA+dVH+Vxc...
<Band>  Solving the eigenvalue problem...
 KGrids1:  -0.33333   0.00000   0.33333 
 KGrids2:  -0.33333  -0.00000   0.33333 
 KGrids3:  -0.33333   0.00000   0.33334 
<Band_DFT>  Eigen, time=126.318634
<Band_DFT>  DM, time=0.000000
    1   Ni  MulP 9.29 8.71 sum 18.00 diff  0.59 (  0.01  44.60)  Ml 0.05 (  0.04  45.05)  Ml+s 0.64 (  0.02  44.69)
    2   Ni  MulP 9.29 8.71 sum 18.00 diff  0.59 (  0.01  44.55)  Ml 0.05 (  0.04  45.18)  Ml+s 0.64 (  0.02  44.68)
    3   Ni  MulP 9.29 8.71 sum 18.00 diff  0.59 (  0.01  44.52)  Ml 0.05 (  0.05  44.66)  Ml+s 0.64 (  0.02  44.55)
    4   Ni  MulP 9.29 8.71 sum 18.00 diff  0.59 (  0.01  44.53)  Ml 0.05 (  0.05  44.82)  Ml+s 0.64 (  0.02  44.60)
    5   Ni  MulP 9.29 8.71 sum 18.00 diff  0.59 (  0.01  44.56)  Ml 0.05 (  0.06  44.97)  Ml+s 0.64 (  0.02  44.67)
    6   Ni  MulP 9.29 8.71 sum 18.00 diff  0.59 (  0.01  44.59)  Ml 0.05 (  0.06  44.81)  Ml+s 0.64 (  0.02  44.65)
    7   Ni  MulP 9.29 8.71 sum 18.00 diff  0.59 (  0.01  44.61)  Ml 0.05 (  0.05  44.91)  Ml+s 0.64 (  0.02  44.68)
    8   Ni  MulP 9.29 8.71 sum 18.00 diff  0.59 (  0.01  44.63)  Ml 0.05 (  0.04  49.37)  Ml+s 0.64 (  0.02  45.63)
    9   Ni  MulP 9.29 8.71 sum 18.00 diff  0.59 (  0.01  44.52)  Ml 0.05 (  0.04  46.42)  Ml+s 0.64 (  0.02  44.92)
   10   Ni  MulP 9.29 8.71 sum 18.00 diff  0.59 (  0.01  44.77)  Ml 0.05 (  0.05  47.58)  Ml+s 0.64 (  0.02  45.42)
   11   Ni  MulP 9.29 8.71 sum 18.00 diff  0.59 (  0.01  44.53)  Ml 0.05 (  0.06  45.76)  Ml+s 0.64 (  0.02  44.83)
   12   Ni  MulP 9.29 8.71 sum 18.00 diff  0.59 (  0.01  44.66)  Ml 0.05 (  0.06  48.45)  Ml+s 0.64 (  0.02  45.61)
   13   Ni  MulP 9.29 8.71 sum 18.00 diff  0.59 (  0.01  44.69)  Ml 0.05 (  0.05  47.42)  Ml+s 0.64 (  0.02  45.35)
   14   Ni  MulP 9.29 8.71 sum 18.00 diff  0.59 (  0.01  44.67)  Ml 0.05 (  0.05  47.73)  Ml+s 0.64 (  0.02  45.37)
   15   Ni  MulP 9.29 8.71 sum 18.00 diff  0.59 (  0.01  44.77)  Ml 0.05 (  0.05  44.25)  Ml+s 0.64 (  0.02  44.65)
   16   Ni  MulP 9.29 8.71 sum 18.00 diff  0.58 (  0.01  44.26)  Ml 0.05 (  0.05  47.39)  Ml+s 0.64 (  0.02  44.99)
   17   Ni  MulP 9.29 8.71 sum 18.00 diff  0.59 (  0.01  44.30)  Ml 0.05 (  0.05  47.60)  Ml+s 0.64 (  0.02  45.04)
   18   Ni  MulP 9.29 8.71 sum 18.00 diff  0.59 (  0.01  44.81)  Ml 0.05 (  0.05  44.29)  Ml+s 0.64 (  0.02  44.69)
   19   Ni  MulP 9.29 8.71 sum 18.00 diff  0.59 (  0.01  44.33)  Ml 0.05 (  0.05  45.26)  Ml+s 0.64 (  0.02  44.55)
   20   Ni  MulP 9.29 8.70 sum 18.00 diff  0.59 (  0.01  44.68)  Ml 0.05 (  0.05  47.66)  Ml+s 0.64 (  0.02  45.38)
     ..........
     ......

 Sum of MulP: up   =  3187.45510 down          =  2986.54490
              total=  6174.00000 ideal(neutral)=  6174.00000
<DFT>  Total Spin Moment    (muB) 200.910200530   Angles    0.014849914    44.476786140
<DFT>  Total Orbital Moment (muB) 17.829209957   Angles    0.050354142    44.845513021
<DFT>  Total Moment         (muB) 218.739407343   Angles    0.017743760    44.562075831
<DFT>  Mixing_weight= 0.300000000000
<DFT>  Uele   =-9092.010706900148  dUele     =   0.000364299654
<DFT>  NormRD =    0.004139696936  Criterion =   0.000001000000

******************* MD= 1  SCF= 4 *******************
<Poisson>  Poisson's equation using FFT...
<Set_Hamiltonian>  Hamiltonian matrix for VNA+dVH+Vxc...
<Band>  Solving the eigenvalue problem...
 KGrids1:  -0.33333   0.00000   0.33333 
 KGrids2:  -0.33333  -0.00000   0.33333 
 KGrids3:  -0.33333   0.00000   0.33334 
<Band_DFT>  Eigen, time=126.183329
<Band_DFT>  DM, time=0.000000
    1   Ni  MulP 9.29 8.71 sum 18.00 diff  0.59 (  0.01  44.60)  Ml 0.05 (  0.05  44.88)  Ml+s 0.64 (  0.02  44.67)
    2   Ni  MulP 9.29 8.71 sum 18.00 diff  0.59 (  0.01  44.56)  Ml 0.05 (  0.05  44.96)  Ml+s 0.64 (  0.02  44.66)
    3   Ni  MulP 9.29 8.71 sum 18.00 diff  0.59 (  0.01  44.52)  Ml 0.05 (  0.05  44.64)  Ml+s 0.64 (  0.02  44.55)
    4   Ni  MulP 9.29 8.71 sum 18.00 diff  0.59 (  0.01  44.52)  Ml 0.05 (  0.05  44.72)  Ml+s 0.64 (  0.02  44.57)
    5   Ni  MulP 9.29 8.71 sum 18.00 diff  0.59 (  0.01  44.55)  Ml 0.05 (  0.05  44.87)  Ml+s 0.64 (  0.02  44.62)
    6   Ni  MulP 9.29 8.71 sum 18.00 diff  0.59 (  0.01  44.59)  Ml 0.05 (  0.05  44.70)  Ml+s 0.64 (  0.02  44.61)
    7   Ni  MulP 9.29 8.71 sum 18.00 diff  0.59 (  0.01  44.61)  Ml 0.05 (  0.05  44.78)  Ml+s 0.64 (  0.02  44.65)
    8   Ni  MulP 9.29 8.71 sum 18.00 diff  0.59 (  0.01  44.48)  Ml 0.05 (  0.05  43.25)  Ml+s 0.64 (  0.02  44.18)
    9   Ni  MulP 9.29 8.71 sum 18.00 diff  0.59 (  0.01  44.37)  Ml 0.05 (  0.05  41.06)  Ml+s 0.64 (  0.02  43.58)
   10   Ni  MulP 9.29 8.71 sum 18.00 diff  0.59 (  0.01  44.59)  Ml 0.05 (  0.05  42.10)  Ml+s 0.64 (  0.02  44.00)
   11   Ni  MulP 9.29 8.71 sum 18.00 diff  0.59 (  0.01  44.37)  Ml 0.05 (  0.05  40.37)  Ml+s 0.64 (  0.02  43.47)
   12   Ni  MulP 9.29 8.71 sum 18.00 diff  0.59 (  0.01  44.50)  Ml 0.05 (  0.05  43.00)  Ml+s 0.64 (  0.02  44.18)
   13   Ni  MulP 9.29 8.71 sum 18.00 diff  0.58 (  0.01  44.53)  Ml 0.05 (  0.05  42.01)  Ml+s 0.64 (  0.02  43.98)
   14   Ni  MulP 9.29 8.71 sum 18.00 diff  0.58 (  0.01  44.52)  Ml 0.05 (  0.05  42.34)  Ml+s 0.64 (  0.02  44.00)
   15   Ni  MulP 9.29 8.71 sum 18.00 diff  0.59 (  0.01  44.69)  Ml 0.05 (  0.05  40.94)  Ml+s 0.64 (  0.02  43.81)
   16   Ni  MulP 9.29 8.71 sum 18.00 diff  0.59 (  0.01  44.20)  Ml 0.05 (  0.05  42.73)  Ml+s 0.64 (  0.02  43.84)
   17   Ni  MulP 9.29 8.71 sum 18.00 diff  0.59 (  0.01  44.24)  Ml 0.05 (  0.05  42.67)  Ml+s 0.64 (  0.02  43.88)
   18   Ni  MulP 9.29 8.71 sum 18.00 diff  0.59 (  0.01  44.74)  Ml 0.05 (  0.05  40.82)  Ml+s 0.64 (  0.02  43.84)
   19   Ni  MulP 9.29 8.71 sum 18.00 diff  0.58 (  0.01  44.20)  Ml 0.05 (  0.05  42.69)  Ml+s 0.64 (  0.02  43.86)
   20   Ni  MulP 9.29 8.71 sum 18.00 diff  0.58 (  0.01  44.52)  Ml 0.05 (  0.05  45.15)  Ml+s 0.64 (  0.02  44.66)
     ..........
     ......

 Sum of MulP: up   =  3187.45511 down          =  2986.54489
              total=  6174.00000 ideal(neutral)=  6174.00000
<DFT>  Total Spin Moment    (muB) 200.910210160   Angles    0.014861712    44.477141742
<DFT>  Total Orbital Moment (muB) 17.829216352   Angles    0.050369231    44.845580507
<DFT>  Total Moment         (muB) 218.739423367   Angles    0.017755827    44.562332415
<DFT>  Mixing_weight= 0.010000000000
<DFT>  Uele   =-9092.010683052942  dUele     =   0.000023847206
<DFT>  NormRD =    0.024750393609  Criterion =   0.000001000000

******************* MD= 1  SCF= 5 *******************
<Poisson>  Poisson's equation using FFT...
<Set_Hamiltonian>  Hamiltonian matrix for VNA+dVH+Vxc...
<Band>  Solving the eigenvalue problem...
 KGrids1:  -0.33333   0.00000   0.33333 
 KGrids2:  -0.33333  -0.00000   0.33333 
 KGrids3:  -0.33333   0.00000   0.33334 
<Band_DFT>  Eigen, time=126.440023
<Band_DFT>  DM, time=0.000000
    1   Ni  MulP 9.29 8.71 sum 18.00 diff  0.59 (  0.01  44.60)  Ml 0.05 (  0.04  44.97)  Ml+s 0.64 (  0.02  44.67)
    2   Ni  MulP 9.29 8.71 sum 18.00 diff  0.59 (  0.01  44.55)  Ml 0.05 (  0.04  45.06)  Ml+s 0.64 (  0.02  44.65)
    3   Ni  MulP 9.29 8.71 sum 18.00 diff  0.59 (  0.01  44.52)  Ml 0.05 (  0.05  44.84)  Ml+s 0.64 (  0.02  44.59)
    4   Ni  MulP 9.29 8.71 sum 18.00 diff  0.59 (  0.01  44.53)  Ml 0.05 (  0.06  44.95)  Ml+s 0.64 (  0.02  44.63)
    5   Ni  MulP 9.29 8.71 sum 18.00 diff  0.59 (  0.02  44.56)  Ml 0.05 (  0.06  45.03)  Ml+s 0.64 (  0.02  44.69)
    6   Ni  MulP 9.29 8.71 sum 18.00 diff  0.59 (  0.02  44.60)  Ml 0.05 (  0.06  44.96)  Ml+s 0.64 (  0.02  44.70)
    7   Ni  MulP 9.29 8.71 sum 18.00 diff  0.59 (  0.01  44.61)  Ml 0.05 (  0.05  44.95)  Ml+s 0.64 (  0.02  44.69)
    8   Ni  MulP 9.29 8.71 sum 18.00 diff  0.59 (  0.01  44.64)  Ml 0.05 (  0.04  51.86)  Ml+s 0.64 (  0.02  46.10)
    9   Ni  MulP 9.29 8.71 sum 18.00 diff  0.59 (  0.01  44.53)  Ml 0.05 (  0.04  50.15)  Ml+s 0.64 (  0.02  45.66)
   10   Ni  MulP 9.29 8.71 sum 18.00 diff  0.59 (  0.01  44.70)  Ml 0.05 (  0.05  50.37)  Ml+s 0.64 (  0.02  46.00)
   11   Ni  MulP 9.29 8.71 sum 18.00 diff  0.59 (  0.01  44.53)  Ml 0.05 (  0.06  48.54)  Ml+s 0.64 (  0.02  45.56)
   12   Ni  MulP 9.29 8.71 sum 18.00 diff  0.59 (  0.02  44.67)  Ml 0.05 (  0.06  49.81)  Ml+s 0.64 (  0.02  46.02)
   13   Ni  MulP 9.29 8.70 sum 18.00 diff  0.59 (  0.01  44.69)  Ml 0.05 (  0.06  49.51)  Ml+s 0.64 (  0.02  45.90)
   14   Ni  MulP 9.29 8.70 sum 18.00 diff  0.59 (  0.01  44.67)  Ml 0.05 (  0.05  50.29)  Ml+s 0.64 (  0.02  45.93)
   15   Ni  MulP 9.29 8.71 sum 18.00 diff  0.59 (  0.01  44.85)  Ml 0.05 (  0.05  48.01)  Ml+s 0.64 (  0.02  45.54)
   16   Ni  MulP 9.29 8.71 sum 18.00 diff  0.59 (  0.01  44.37)  Ml 0.05 (  0.05  48.66)  Ml+s 0.64 (  0.02  45.34)
   17   Ni  MulP 9.29 8.71 sum 18.00 diff  0.59 (  0.01  44.43)  Ml 0.05 (  0.05  48.69)  Ml+s 0.64 (  0.02  45.40)
   18   Ni  MulP 9.29 8.71 sum 18.00 diff  0.59 (  0.01  44.92)  Ml 0.05 (  0.06  47.50)  Ml+s 0.64 (  0.02  45.56)
   19   Ni  MulP 9.29 8.70 sum 18.00 diff  0.59 (  0.01  44.31)  Ml 0.05 (  0.06  49.27)  Ml+s 0.64 (  0.02  45.55)
   20   Ni  MulP 9.29 8.70 sum 18.00 diff  0.59 (  0.01  44.58)  Ml 0.05 (  0.05  50.91)  Ml+s 0.64 (  0.02  46.11)
     ..........
     ......

 Sum of MulP: up   =  3187.45513 down          =  2986.54487
              total=  6174.00000 ideal(neutral)=  6174.00000
<DFT>  Total Spin Moment    (muB) 200.910263259   Angles    0.014885227    44.478045658
<DFT>  Total Orbital Moment (muB) 17.829201818   Angles    0.050385584    44.845294703
<DFT>  Total Moment         (muB) 218.739461934   Angles    0.017778755    44.562879185
<DFT>  Mixing_weight= 0.019602279425
<DFT>  Uele   =-9092.010665556365  dUele     =   0.000017496577
<DFT>  NormRD =    0.017322716266  Criterion =   0.000001000000

******************* MD= 1  SCF= 6 *******************
<Poisson>  Poisson's equation using FFT...
<Set_Hamiltonian>  Hamiltonian matrix for VNA+dVH+Vxc...
<Band>  Solving the eigenvalue problem...
 KGrids1:  -0.33333   0.00000   0.33333 
 KGrids2:  -0.33333  -0.00000   0.33333 
 KGrids3:  -0.33333   0.00000   0.33334 
<Band_DFT>  Eigen, time=126.400940
<Band_DFT>  DM, time=0.000000
    1   Ni  MulP 9.29 8.71 sum 18.00 diff  0.58 (  0.02  44.60)  Ml 0.05 (  0.06  44.81)  Ml+s 0.64 (  0.02  44.65)
    2   Ni  MulP 9.29 8.71 sum 18.00 diff  0.59 (  0.02  44.56)  Ml 0.05 (  0.06  44.86)  Ml+s 0.64 (  0.02  44.64)
    3   Ni  MulP 9.29 8.71 sum 18.00 diff  0.59 (  0.02  44.52)  Ml 0.05 (  0.06  44.72)  Ml+s 0.64 (  0.02  44.57)
    4   Ni  MulP 9.29 8.71 sum 18.00 diff  0.59 (  0.01  44.52)  Ml 0.05 (  0.05  44.72)  Ml+s 0.64 (  0.02  44.56)
    5   Ni  MulP 9.29 8.71 sum 18.00 diff  0.59 (  0.01  44.55)  Ml 0.05 (  0.04  44.80)  Ml+s 0.64 (  0.02  44.60)
    6   Ni  MulP 9.29 8.71 sum 18.00 diff  0.58 (  0.01  44.59)  Ml 0.05 (  0.04  44.73)  Ml+s 0.64 (  0.02  44.62)
    7   Ni  MulP 9.29 8.71 sum 18.00 diff  0.58 (  0.01  44.61)  Ml 0.05 (  0.05  44.77)  Ml+s 0.64 (  0.02  44.64)
    8   Ni  MulP 9.29 8.71 sum 18.00 diff  0.58 (  0.02  44.43)  Ml 0.05 (  0.06  41.73)  Ml+s 0.64 (  0.02  43.75)
    9   Ni  MulP 9.29 8.71 sum 18.00 diff  0.59 (  0.02  44.32)  Ml 0.05 (  0.06  40.64)  Ml+s 0.64 (  0.02  43.40)
   10   Ni  MulP 9.29 8.71 sum 18.00 diff  0.59 (  0.01  44.48)  Ml 0.05 (  0.05  41.19)  Ml+s 0.64 (  0.02  43.71)
   11   Ni  MulP 9.29 8.71 sum 18.00 diff  0.59 (  0.01  44.31)  Ml 0.05 (  0.05  39.47)  Ml+s 0.64 (  0.02  43.27)
   12   Ni  MulP 9.29 8.71 sum 18.00 diff  0.58 (  0.01  44.45)  Ml 0.05 (  0.04  40.74)  Ml+s 0.64 (  0.02  43.69)
   13   Ni  MulP 9.29 8.71 sum 18.00 diff  0.58 (  0.01  44.47)  Ml 0.05 (  0.05  40.25)  Ml+s 0.64 (  0.02  43.57)
   14   Ni  MulP 9.29 8.71 sum 18.00 diff  0.58 (  0.01  44.46)  Ml 0.05 (  0.05  40.87)  Ml+s 0.64 (  0.02  43.61)
   15   Ni  MulP 9.29 8.71 sum 18.00 diff  0.59 (  0.01  44.71)  Ml 0.05 (  0.05  41.27)  Ml+s 0.64 (  0.02  43.89)
   16   Ni  MulP 9.29 8.71 sum 18.00 diff  0.59 (  0.01  44.24)  Ml 0.05 (  0.05  42.10)  Ml+s 0.64 (  0.02  43.72)
   17   Ni  MulP 9.29 8.71 sum 18.00 diff  0.59 (  0.01  44.29)  Ml 0.05 (  0.05  41.99)  Ml+s 0.64 (  0.02  43.77)
   18   Ni  MulP 9.29 8.71 sum 18.00 diff  0.59 (  0.01  44.77)  Ml 0.05 (  0.05  40.99)  Ml+s 0.64 (  0.02  43.91)
   19   Ni  MulP 9.29 8.71 sum 18.00 diff  0.58 (  0.01  44.13)  Ml 0.05 (  0.05  42.56)  Ml+s 0.64 (  0.02  43.78)
   20   Ni  MulP 9.29 8.71 sum 18.00 diff  0.58 (  0.01  44.41)  Ml 0.05 (  0.05  43.77)  Ml+s 0.64 (  0.02  44.26)
     ..........
     ......

 Sum of MulP: up   =  3187.45512 down          =  2986.54488
              total=  6174.00000 ideal(neutral)=  6174.00000
<DFT>  Total Spin Moment    (muB) 200.910241958   Angles    0.014896860    44.478351662
<DFT>  Total Orbital Moment (muB) 17.829211682   Angles    0.050403682    44.845522511
<DFT>  Total Moment         (muB) 218.739450495   Angles    0.017790917    44.563139644
<DFT>  Mixing_weight= 0.010000000000
<DFT>  Uele   =-9092.010634783403  dUele     =   0.000030772962
<DFT>  NormRD =    0.039454190874  Criterion =   0.000001000000

******************* MD= 1  SCF= 7 *******************
<Poisson>  Poisson's equation using FFT...
<Set_Hamiltonian>  Hamiltonian matrix for VNA+dVH+Vxc...
<Band>  Solving the eigenvalue problem...
 KGrids1:  -0.33333   0.00000   0.33333 
 KGrids2:  -0.33333  -0.00000   0.33333 
 KGrids3:  -0.33333   0.00000   0.33334 
<Band_DFT>  Eigen, time=126.406885
<Band_DFT>  DM, time=0.000000
    1   Ni  MulP 9.29 8.70 sum 18.00 diff  0.59 (  0.01  44.60)  Ml 0.05 (  0.03  45.11)  Ml+s 0.64 (  0.02  44.68)
    2   Ni  MulP 9.29 8.71 sum 18.00 diff  0.59 (  0.01  44.55)  Ml 0.05 (  0.03  45.18)  Ml+s 0.64 (  0.02  44.64)
    3   Ni  MulP 9.29 8.71 sum 18.00 diff  0.59 (  0.01  44.52)  Ml 0.05 (  0.04  45.01)  Ml+s 0.64 (  0.02  44.62)
    4   Ni  MulP 9.29 8.71 sum 18.00 diff  0.59 (  0.02  44.53)  Ml 0.05 (  0.06  45.04)  Ml+s 0.64 (  0.02  44.66)
    5   Ni  MulP 9.29 8.71 sum 18.00 diff  0.59 (  0.02  44.57)  Ml 0.05 (  0.07  45.06)  Ml+s 0.64 (  0.02  44.72)
    6   Ni  MulP 9.29 8.70 sum 18.00 diff  0.59 (  0.02  44.60)  Ml 0.05 (  0.07  45.05)  Ml+s 0.64 (  0.02  44.73)
    7   Ni  MulP 9.29 8.70 sum 18.00 diff  0.59 (  0.01  44.62)  Ml 0.05 (  0.05  45.06)  Ml+s 0.64 (  0.02  44.72)
    8   Ni  MulP 9.29 8.70 sum 18.00 diff  0.59 (  0.01  44.74)  Ml 0.05 (  0.04  58.24)  Ml+s 0.64 (  0.02  47.19)
    9   Ni  MulP 9.29 8.71 sum 18.00 diff  0.59 (  0.01  44.62)  Ml 0.05 (  0.04  57.26)  Ml+s 0.64 (  0.02  46.94)
   10   Ni  MulP 9.29 8.71 sum 18.00 diff  0.59 (  0.01  44.77)  Ml 0.05 (  0.05  55.17)  Ml+s 0.64 (  0.02  47.13)
   11   Ni  MulP 9.29 8.71 sum 18.00 diff  0.59 (  0.02  44.63)  Ml 0.05 (  0.06  52.11)  Ml+s 0.64 (  0.02  46.66)
   12   Ni  MulP 9.29 8.70 sum 18.00 diff  0.59 (  0.02  44.77)  Ml 0.05 (  0.07  52.13)  Ml+s 0.64 (  0.02  46.88)
   13   Ni  MulP 9.29 8.70 sum 17.99 diff  0.59 (  0.02  44.79)  Ml 0.05 (  0.06  52.41)  Ml+s 0.64 (  0.02  46.82)
   14   Ni  MulP 9.29 8.70 sum 17.99 diff  0.59 (  0.01  44.77)  Ml 0.05 (  0.05  54.62)  Ml+s 0.64 (  0.02  46.95)
   15   Ni  MulP 9.29 8.71 sum 18.00 diff  0.59 (  0.01  44.95)  Ml 0.05 (  0.04  52.25)  Ml+s 0.64 (  0.02  46.48)
   16   Ni  MulP 9.29 8.71 sum 18.00 diff  0.58 (  0.01  44.49)  Ml 0.05 (  0.05  52.92)  Ml+s 0.64 (  0.02  46.31)
   17   Ni  MulP 9.29 8.71 sum 18.00 diff  0.58 (  0.01  44.55)  Ml 0.05 (  0.05  52.45)  Ml+s 0.64 (  0.02  46.36)
   18   Ni  MulP 9.29 8.71 sum 18.00 diff  0.59 (  0.01  45.01)  Ml 0.05 (  0.06  50.63)  Ml+s 0.64 (  0.02  46.44)
   19   Ni  MulP 9.29 8.70 sum 17.99 diff  0.59 (  0.01  44.37)  Ml 0.05 (  0.06  51.18)  Ml+s 0.64 (  0.02  46.15)
   20   Ni  MulP 9.29 8.70 sum 17.99 diff  0.59 (  0.01  44.61)  Ml 0.05 (  0.06  51.96)  Ml+s 0.64 (  0.02  46.45)
     ..........
     ......

 Sum of MulP: up   =  3187.45521 down          =  2986.54479
              total=  6174.00000 ideal(neutral)=  6174.00000
<DFT>  Total Spin Moment    (muB) 200.910411190   Angles    0.014920553    44.479398995
<DFT>  Total Orbital Moment (muB) 17.829167853   Angles    0.050404674    44.844626604
<DFT>  Total Moment         (muB) 218.739575902   Angles    0.017812751    44.563636265
<DFT>  Mixing_weight= 0.020225265517
<DFT>  Uele   =-9092.010636713230  dUele     =   0.000001929828
<DFT>  NormRD =    0.028053259073  Criterion =   0.000001000000

******************* MD= 1  SCF= 8 *******************
<Poisson>  Poisson's equation using FFT...
<Set_Hamiltonian>  Hamiltonian matrix for VNA+dVH+Vxc...
<Band>  Solving the eigenvalue problem...
 KGrids1:  -0.33333   0.00000   0.33333 
 KGrids2:  -0.33333  -0.00000   0.33333 
 KGrids3:  -0.33333   0.00000   0.33334 
<Band_DFT>  Eigen, time=126.272791
<Band_DFT>  DM, time=0.000000
    1   Ni  MulP 9.29 8.71 sum 18.00 diff  0.58 (  0.02  44.60)  Ml 0.05 (  0.06  44.79)  Ml+s 0.64 (  0.02  44.65)
    2   Ni  MulP 9.29 8.71 sum 18.00 diff  0.59 (  0.02  44.56)  Ml 0.05 (  0.07  44.82)  Ml+s 0.64 (  0.02  44.63)
    3   Ni  MulP 9.29 8.71 sum 18.00 diff  0.59 (  0.02  44.53)  Ml 0.05 (  0.06  44.73)  Ml+s 0.64 (  0.02  44.58)
    4   Ni  MulP 9.29 8.71 sum 18.00 diff  0.59 (  0.01  44.52)  Ml 0.05 (  0.04  44.65)  Ml+s 0.64 (  0.02  44.55)
    5   Ni  MulP 9.29 8.71 sum 18.00 diff  0.58 (  0.01  44.55)  Ml 0.05 (  0.03  44.63)  Ml+s 0.64 (  0.02  44.56)
    6   Ni  MulP 9.29 8.71 sum 18.00 diff  0.58 (  0.01  44.59)  Ml 0.05 (  0.04  44.63)  Ml+s 0.64 (  0.02  44.59)
    7   Ni  MulP 9.29 8.71 sum 18.00 diff  0.58 (  0.01  44.61)  Ml 0.05 (  0.05  44.73)  Ml+s 0.64 (  0.02  44.63)
    8   Ni  MulP 9.29 8.71 sum 18.00 diff  0.58 (  0.02  44.37)  Ml 0.05 (  0.06  39.49)  Ml+s 0.64 (  0.02  43.08)
    9   Ni  MulP 9.29 8.71 sum 18.00 diff  0.59 (  0.02  44.26)  Ml 0.05 (  0.06  38.93)  Ml+s 0.64 (  0.02  42.87)
   10   Ni  MulP 9.29 8.71 sum 18.00 diff  0.59 (  0.01  44.39)  Ml 0.05 (  0.05  38.72)  Ml+s 0.64 (  0.02  43.05)
   11   Ni  MulP 9.29 8.71 sum 18.00 diff  0.59 (  0.01  44.25)  Ml 0.05 (  0.04  36.12)  Ml+s 0.64 (  0.02  42.62)
   12   Ni  MulP 9.29 8.71 sum 18.00 diff  0.58 (  0.01  44.38)  Ml 0.05 (  0.04  36.06)  Ml+s 0.64 (  0.02  42.85)
   13   Ni  MulP 9.29 8.71 sum 18.00 diff  0.58 (  0.01  44.41)  Ml 0.05 (  0.04  36.47)  Ml+s 0.63 (  0.02  42.80)
   14   Ni  MulP 9.29 8.71 sum 18.00 diff  0.58 (  0.01  44.39)  Ml 0.05 (  0.05  38.22)  Ml+s 0.63 (  0.02  42.91)
   15   Ni  MulP 9.29 8.71 sum 18.00 diff  0.58 (  0.02  44.68)  Ml 0.05 (  0.05  39.82)  Ml+s 0.64 (  0.02  43.49)
   16   Ni  MulP 9.29 8.71 sum 18.00 diff  0.59 (  0.01  44.23)  Ml 0.05 (  0.06  40.54)  Ml+s 0.64 (  0.02  43.32)
   17   Ni  MulP 9.29 8.71 sum 18.00 diff  0.59 (  0.01  44.28)  Ml 0.05 (  0.05  40.20)  Ml+s 0.64 (  0.02  43.35)
   18   Ni  MulP 9.29 8.71 sum 18.00 diff  0.58 (  0.01  44.74)  Ml 0.05 (  0.05  38.98)  Ml+s 0.64 (  0.02  43.48)
   19   Ni  MulP 9.29 8.71 sum 18.00 diff  0.58 (  0.01  44.07)  Ml 0.05 (  0.04  39.67)  Ml+s 0.63 (  0.02  43.14)
   20   Ni  MulP 9.29 8.71 sum 18.00 diff  0.58 (  0.01  44.33)  Ml 0.05 (  0.05  40.27)  Ml+s 0.63 (  0.02  43.44)
     ..........
     ......

 Sum of MulP: up   =  3187.45516 down          =  2986.54484
              total=  6174.00000 ideal(neutral)=  6174.00000
<DFT>  Total Spin Moment    (muB) 200.910329077   Angles    0.014931853    44.479582642
<DFT>  Total Orbital Moment (muB) 17.829195237   Angles    0.050433316    44.845251610
<DFT>  Total Moment         (muB) 218.739521171   Angles    0.017825470    44.563909570
<DFT>  Mixing_weight= 0.010000000000
<DFT>  Uele   =-9092.010589240013  dUele     =   0.000047473217
<DFT>  NormRD =    0.068296197684  Criterion =   0.000001000000

******************* MD= 1  SCF= 9 *******************
<Poisson>  Poisson's equation using FFT...
<Set_Hamiltonian>  Hamiltonian matrix for VNA+dVH+Vxc...
<Band>  Solving the eigenvalue problem...
 KGrids1:  -0.33333   0.00000   0.33333 
 KGrids2:  -0.33333  -0.00000   0.33333 
 KGrids3:  -0.33333   0.00000   0.33334 
<Band_DFT>  Eigen, time=126.552369
<Band_DFT>  DM, time=0.000000
    1   Ni  MulP 9.29 8.70 sum 18.00 diff  0.59 (  0.01  44.60)  Ml 0.05 (  0.02  45.55)  Ml+s 0.64 (  0.02  44.70)
    2   Ni  MulP 9.29 8.71 sum 18.00 diff  0.59 (  0.01  44.55)  Ml 0.05 (  0.01  46.10)  Ml+s 0.64 (  0.01  44.65)
    3   Ni  MulP 9.29 8.71 sum 18.00 diff  0.59 (  0.01  44.53)  Ml 0.05 (  0.03  45.31)  Ml+s 0.64 (  0.02  44.66)
    4   Ni  MulP 9.29 8.71 sum 18.00 diff  0.59 (  0.02  44.54)  Ml 0.05 (  0.07  45.16)  Ml+s 0.64 (  0.02  44.71)
    5   Ni  MulP 9.29 8.70 sum 18.00 diff  0.59 (  0.02  44.58)  Ml 0.05 (  0.09  45.13)  Ml+s 0.64 (  0.02  44.77)
    6   Ni  MulP 9.29 8.70 sum 17.99 diff  0.59 (  0.02  44.61)  Ml 0.05 (  0.09  45.13)  Ml+s 0.64 (  0.02  44.78)
    7   Ni  MulP 9.29 8.70 sum 17.99 diff  0.59 (  0.02  44.62)  Ml 0.05 (  0.05  45.21)  Ml+s 0.64 (  0.02  44.76)
    8   Ni  MulP 9.29 8.70 sum 17.99 diff  0.59 (  0.01  44.91)  Ml 0.05 (  0.03  74.53)  Ml+s 0.64 (  0.02  49.32)
    9   Ni  MulP 9.29 8.71 sum 18.00 diff  0.59 (  0.01  44.80)  Ml 0.05 (  0.03  73.23)  Ml+s 0.64 (  0.02  49.15)
   10   Ni  MulP 9.29 8.71 sum 18.00 diff  0.59 (  0.01  44.93)  Ml 0.05 (  0.05  62.93)  Ml+s 0.64 (  0.02  49.00)
   11   Ni  MulP 9.29 8.71 sum 18.00 diff  0.59 (  0.02  44.81)  Ml 0.05 (  0.07  56.45)  Ml+s 0.64 (  0.02  48.27)
   12   Ni  MulP 9.29 8.70 sum 17.99 diff  0.59 (  0.02  44.94)  Ml 0.05 (  0.08  55.22)  Ml+s 0.64 (  0.02  48.26)
   13   Ni  MulP 9.29 8.70 sum 17.99 diff  0.59 (  0.02  44.95)  Ml 0.05 (  0.07  56.48)  Ml+s 0.65 (  0.02  48.32)
   14   Ni  MulP 9.29 8.70 sum 17.99 diff  0.59 (  0.01  44.93)  Ml 0.05 (  0.05  62.53)  Ml+s 0.65 (  0.02  48.76)
   15   Ni  MulP 9.29 8.70 sum 18.00 diff  0.59 (  0.01  45.08)  Ml 0.05 (  0.04  59.59)  Ml+s 0.64 (  0.02  47.93)
   16   Ni  MulP 9.29 8.71 sum 18.00 diff  0.58 (  0.01  44.63)  Ml 0.05 (  0.04  60.09)  Ml+s 0.64 (  0.02  47.77)
   17   Ni  MulP 9.29 8.71 sum 18.00 diff  0.58 (  0.01  44.70)  Ml 0.05 (  0.05  57.90)  Ml+s 0.64 (  0.02  47.73)
   18   Ni  MulP 9.29 8.70 sum 18.00 diff  0.59 (  0.02  45.15)  Ml 0.05 (  0.06  54.62)  Ml+s 0.64 (  0.02  47.69)
   19   Ni  MulP 9.29 8.70 sum 17.99 diff  0.59 (  0.02  44.49)  Ml 0.05 (  0.07  54.33)  Ml+s 0.65 (  0.02  47.27)
   20   Ni  MulP 9.29 8.70 sum 17.99 diff  0.59 (  0.02  44.72)  Ml 0.05 (  0.06  55.17)  Ml+s 0.65 (  0.02  47.47)
     ..........
     ......

 Sum of MulP: up   =  3187.45543 down          =  2986.54457
              total=  6174.00000 ideal(neutral)=  6174.00000
<DFT>  Total Spin Moment    (muB) 200.910857225   Angles    0.014954280    44.480960510
<DFT>  Total Orbital Moment (muB) 17.829066935   Angles    0.050388403    44.842506089
<DFT>  Total Moment         (muB) 218.739921028   Angles    0.017842383    44.564182590
<DFT>  Mixing_weight= 0.020150191237
<DFT>  Uele   =-9092.010652199904  dUele     =   0.000062959891
<DFT>  NormRD =    0.048472347364  Criterion =   0.000001000000

******************* MD= 1  SCF=10 *******************
<Poisson>  Poisson's equation using FFT...
<Set_Hamiltonian>  Hamiltonian matrix for VNA+dVH+Vxc...
<Band>  Solving the eigenvalue problem...
 KGrids1:  -0.33333   0.00000   0.33333 
 KGrids2:  -0.33333  -0.00000   0.33333 
 KGrids3:  -0.33333   0.00000   0.33334 
<Band_DFT>  Eigen, time=126.538608
<Band_DFT>  DM, time=0.000000
    1   Ni  MulP 9.29 8.71 sum 18.00 diff  0.59 (  0.02  44.61)  Ml 0.05 (  0.05  45.14)  Ml+s 0.64 (  0.02  44.73)
    2   Ni  MulP 9.29 8.71 sum 18.00 diff  0.59 (  0.02  44.58)  Ml 0.05 (  0.05  44.56)  Ml+s 0.64 (  0.02  44.58)
    3   Ni  MulP 9.29 8.71 sum 18.00 diff  0.59 (  0.02  44.57)  Ml 0.05 (  0.05  45.17)  Ml+s 0.64 (  0.02  44.70)
    4   Ni  MulP 9.29 8.71 sum 18.00 diff  0.59 (  0.02  44.56)  Ml 0.05 (  0.05  45.02)  Ml+s 0.64 (  0.02  44.67)
    5   Ni  MulP 9.29 8.71 sum 18.00 diff  0.59 (  0.02  44.58)  Ml 0.05 (  0.05  44.53)  Ml+s 0.64 (  0.02  44.57)
    6   Ni  MulP 9.29 8.71 sum 18.00 diff  0.59 (  0.02  44.60)  Ml 0.05 (  0.05  44.84)  Ml+s 0.64 (  0.02  44.66)
    7   Ni  MulP 9.29 8.71 sum 18.00 diff  0.59 (  0.02  44.61)  Ml 0.05 (  0.05  45.07)  Ml+s 0.64 (  0.02  44.72)
    8   Ni  MulP 9.29 8.71 sum 18.00 diff  0.59 (  0.02  44.72)  Ml 0.05 (  0.04  40.87)  Ml+s 0.64 (  0.02  43.99)
    9   Ni  MulP 9.29 8.71 sum 18.00 diff  0.59 (  0.02  44.61)  Ml 0.05 (  0.06  40.12)  Ml+s 0.64 (  0.02  43.56)
   10   Ni  MulP 9.29 8.71 sum 18.00 diff  0.59 (  0.02  44.16)  Ml 0.05 (  0.05  33.48)  Ml+s 0.64 (  0.02  41.77)
   11   Ni  MulP 9.29 8.71 sum 18.00 diff  0.59 (  0.02  44.58)  Ml 0.05 (  0.05  39.59)  Ml+s 0.64 (  0.02  43.58)
   12   Ni  MulP 9.29 8.71 sum 18.00 diff  0.59 (  0.02  44.76)  Ml 0.05 (  0.06  41.42)  Ml+s 0.64 (  0.02  43.93)
   13   Ni  MulP 9.29 8.71 sum 18.00 diff  0.59 (  0.02  44.50)  Ml 0.05 (  0.06  49.69)  Ml+s 0.64 (  0.02  45.79)
   14   Ni  MulP 9.29 8.71 sum 18.00 diff  0.59 (  0.02  44.45)  Ml 0.05 (  0.05  50.67)  Ml+s 0.64 (  0.02  45.77)
   15   Ni  MulP 9.29 8.71 sum 18.00 diff  0.59 (  0.02  44.81)  Ml 0.05 (  0.06  40.37)  Ml+s 0.64 (  0.02  43.77)
   16   Ni  MulP 9.29 8.71 sum 18.00 diff  0.59 (  0.02  44.42)  Ml 0.05 (  0.05  37.17)  Ml+s 0.64 (  0.02  42.75)
   17   Ni  MulP 9.29 8.71 sum 18.00 diff  0.59 (  0.02  44.48)  Ml 0.05 (  0.05  36.80)  Ml+s 0.64 (  0.02  42.85)
   18   Ni  MulP 9.29 8.71 sum 18.00 diff  0.59 (  0.02  44.73)  Ml 0.05 (  0.05  41.24)  Ml+s 0.64 (  0.02  44.00)
   19   Ni  MulP 9.29 8.71 sum 18.00 diff  0.59 (  0.02  44.22)  Ml 0.05 (  0.05  38.99)  Ml+s 0.64 (  0.02  43.07)
   20   Ni  MulP 9.29 8.71 sum 18.00 diff  0.59 (  0.02  44.23)  Ml 0.05 (  0.05  36.32)  Ml+s 0.64 (  0.02  42.41)
     ..........
     ......

 Sum of MulP: up   =  3187.45651 down          =  2986.54349
              total=  6174.00000 ideal(neutral)=  6174.00000
<DFT>  Total Spin Moment    (muB) 200.913016978   Angles    0.016317569    44.521981657
<DFT>  Total Orbital Moment (muB) 17.829311310   Angles    0.052367948    44.852647541
<DFT>  Total Moment         (muB) 218.742325047   Angles    0.019255918    44.595279320
<DFT>  Mixing_weight= 0.020150191237
<DFT>  Uele   =-9092.007897053270  dUele     =   0.002755146634
<DFT>  NormRD =    0.109934731562  Criterion =   0.000001000000

******************* MD= 1  SCF=11 *******************
<Poisson>  Poisson's equation using FFT...
<Set_Hamiltonian>  Hamiltonian matrix for VNA+dVH+Vxc...
<Band>  Solving the eigenvalue problem...
 KGrids1:  -0.33333   0.00000   0.33333 
 KGrids2:  -0.33333  -0.00000   0.33333 
 KGrids3:  -0.33333   0.00000   0.33334 
<Band_DFT>  Eigen, time=126.528871
<Band_DFT>  DM, time=0.000000
    1   Ni  MulP 9.29 8.71 sum 18.00 diff  0.59 (  0.02  44.61)  Ml 0.05 (  0.05  45.07)  Ml+s 0.64 (  0.02  44.72)
    2   Ni  MulP 9.29 8.71 sum 18.00 diff  0.59 (  0.02  44.59)  Ml 0.05 (  0.05  44.75)  Ml+s 0.64 (  0.02  44.62)
    3   Ni  MulP 9.29 8.71 sum 18.00 diff  0.59 (  0.02  44.58)  Ml 0.05 (  0.05  44.82)  Ml+s 0.64 (  0.02  44.63)
    4   Ni  MulP 9.29 8.71 sum 18.00 diff  0.59 (  0.02  44.57)  Ml 0.05 (  0.06  44.88)  Ml+s 0.64 (  0.02  44.64)
    5   Ni  MulP 9.29 8.71 sum 18.00 diff  0.59 (  0.02  44.59)  Ml 0.05 (  0.05  44.67)  Ml+s 0.64 (  0.02  44.60)
    6   Ni  MulP 9.29 8.71 sum 18.00 diff  0.59 (  0.02  44.60)  Ml 0.05 (  0.05  44.68)  Ml+s 0.64 (  0.02  44.61)
    7   Ni  MulP 9.29 8.71 sum 18.00 diff  0.59 (  0.02  44.61)  Ml 0.05 (  0.05  44.93)  Ml+s 0.64 (  0.02  44.68)
    8   Ni  MulP 9.29 8.71 sum 18.00 diff  0.59 (  0.02  44.82)  Ml 0.05 (  0.05  42.30)  Ml+s 0.64 (  0.02  44.29)
    9   Ni  MulP 9.29 8.71 sum 18.00 diff  0.59 (  0.02  44.66)  Ml 0.05 (  0.06  40.57)  Ml+s 0.64 (  0.02  43.73)
   10   Ni  MulP 9.29 8.71 sum 18.00 diff  0.59 (  0.02  44.20)  Ml 0.05 (  0.05  35.62)  Ml+s 0.64 (  0.02  42.28)
   11   Ni  MulP 9.29 8.71 sum 18.00 diff  0.59 (  0.02  44.62)  Ml 0.05 (  0.05  40.52)  Ml+s 0.64 (  0.02  43.74)
   12   Ni  MulP 9.29 8.71 sum 18.00 diff  0.59 (  0.02  44.90)  Ml 0.05 (  0.06  42.50)  Ml+s 0.64 (  0.02  44.35)
   13   Ni  MulP 9.29 8.71 sum 18.00 diff  0.59 (  0.02  44.47)  Ml 0.05 (  0.05  45.17)  Ml+s 0.64 (  0.02  44.63)
   14   Ni  MulP 9.29 8.71 sum 18.00 diff  0.59 (  0.02  44.41)  Ml 0.05 (  0.05  44.79)  Ml+s 0.64 (  0.02  44.49)
   15   Ni  MulP 9.29 8.71 sum 18.00 diff  0.59 (  0.02  44.93)  Ml 0.05 (  0.06  41.88)  Ml+s 0.64 (  0.02  44.20)
   16   Ni  MulP 9.29 8.71 sum 18.00 diff  0.59 (  0.02  44.46)  Ml 0.05 (  0.06  41.71)  Ml+s 0.64 (  0.02  43.81)
   17   Ni  MulP 9.29 8.71 sum 18.00 diff  0.59 (  0.02  44.54)  Ml 0.05 (  0.05  42.05)  Ml+s 0.64 (  0.02  44.03)
   18   Ni  MulP 9.29 8.71 sum 18.00 diff  0.59 (  0.02  44.77)  Ml 0.05 (  0.05  43.37)  Ml+s 0.64 (  0.02  44.49)
   19   Ni  MulP 9.29 8.71 sum 18.00 diff  0.59 (  0.02  44.29)  Ml 0.05 (  0.05  40.17)  Ml+s 0.64 (  0.02  43.41)
   20   Ni  MulP 9.29 8.71 sum 18.00 diff  0.59 (  0.02  44.17)  Ml 0.05 (  0.05  38.45)  Ml+s 0.64 (  0.02  42.92)
     ..........
     ......

 Sum of MulP: up   =  3187.45784 down          =  2986.54216
              total=  6174.00000 ideal(neutral)=  6174.00000
<DFT>  Total Spin Moment    (muB) 200.915684561   Angles    0.016516829    44.525732899
<DFT>  Total Orbital Moment (muB) 17.829423697   Angles    0.052819561    44.856311571
<DFT>  Total Moment         (muB) 218.745104971   Angles    0.019475727    44.598808526
<DFT>  Mixing_weight= 0.020150191237
<DFT>  Uele   =-9092.006701060342  dUele     =   0.001195992929
<DFT>  NormRD =    0.010135436054  Criterion =   0.000001000000

******************* MD= 1  SCF=12 *******************
<Poisson>  Poisson's equation using FFT...
<Set_Hamiltonian>  Hamiltonian matrix for VNA+dVH+Vxc...
<Band>  Solving the eigenvalue problem...
 KGrids1:  -0.33333   0.00000   0.33333 
 KGrids2:  -0.33333  -0.00000   0.33333 
 KGrids3:  -0.33333   0.00000   0.33334 
<Band_DFT>  Eigen, time=186.670009
<Band_DFT>  DM, time=0.000000
    1   Ni  MulP 9.29 8.71 sum 18.00 diff  0.59 (  0.02  44.61)  Ml 0.05 (  0.05  45.02)  Ml+s 0.64 (  0.02  44.70)
    2   Ni  MulP 9.29 8.71 sum 18.00 diff  0.59 (  0.02  44.59)  Ml 0.05 (  0.05  44.88)  Ml+s 0.64 (  0.02  44.66)
    3   Ni  MulP 9.29 8.71 sum 18.00 diff  0.59 (  0.02  44.58)  Ml 0.05 (  0.05  44.61)  Ml+s 0.64 (  0.02  44.59)
    4   Ni  MulP 9.29 8.71 sum 18.00 diff  0.59 (  0.02  44.58)  Ml 0.05 (  0.06  44.80)  Ml+s 0.64 (  0.02  44.63)
    5   Ni  MulP 9.29 8.71 sum 18.00 diff  0.59 (  0.02  44.59)  Ml 0.05 (  0.05  44.74)  Ml+s 0.64 (  0.02  44.63)
    6   Ni  MulP 9.29 8.71 sum 18.00 diff  0.59 (  0.02  44.59)  Ml 0.05 (  0.05  44.58)  Ml+s 0.64 (  0.02  44.59)
    7   Ni  MulP 9.29 8.71 sum 18.00 diff  0.59 (  0.02  44.60)  Ml 0.05 (  0.05  44.82)  Ml+s 0.64 (  0.02  44.65)
    8   Ni  MulP 9.29 8.71 sum 18.00 diff  0.59 (  0.02  44.94)  Ml 0.05 (  0.05  45.18)  Ml+s 0.64 (  0.02  44.99)
    9   Ni  MulP 9.29 8.71 sum 18.00 diff  0.59 (  0.02  44.74)  Ml 0.05 (  0.05  43.18)  Ml+s 0.64 (  0.02  44.41)
   10   Ni  MulP 9.29 8.71 sum 18.00 diff  0.59 (  0.02  44.26)  Ml 0.05 (  0.05  39.44)  Ml+s 0.64 (  0.02  43.20)
   11   Ni  MulP 9.29 8.71 sum 18.00 diff  0.59 (  0.02  44.70)  Ml 0.05 (  0.06  43.21)  Ml+s 0.64 (  0.02  44.36)
   12   Ni  MulP 9.29 8.71 sum 18.00 diff  0.59 (  0.02  45.06)  Ml 0.05 (  0.05  45.07)  Ml+s 0.64 (  0.02  45.06)
   13   Ni  MulP 9.29 8.71 sum 18.00 diff  0.59 (  0.02  44.51)  Ml 0.05 (  0.05  43.63)  Ml+s 0.64 (  0.02  44.32)
   14   Ni  MulP 9.29 8.71 sum 18.00 diff  0.59 (  0.02  44.43)  Ml 0.05 (  0.05  43.34)  Ml+s 0.64 (  0.02  44.19)
   15   Ni  MulP 9.29 8.71 sum 18.00 diff  0.59 (  0.02  45.09)  Ml 0.05 (  0.05  46.51)  Ml+s 0.64 (  0.02  45.42)
   16   Ni  MulP 9.29 8.71 sum 18.00 diff  0.59 (  0.02  44.59)  Ml 0.05 (  0.06  48.01)  Ml+s 0.64 (  0.02  45.38)
   17   Ni  MulP 9.29 8.71 sum 18.00 diff  0.59 (  0.02  44.69)  Ml 0.05 (  0.05  49.39)  Ml+s 0.64 (  0.02  45.68)
   18   Ni  MulP 9.29 8.71 sum 18.00 diff  0.59 (  0.02  44.88)  Ml 0.05 (  0.05  48.34)  Ml+s 0.64 (  0.02  45.63)
   19   Ni  MulP 9.29 8.71 sum 18.00 diff  0.59 (  0.02  44.43)  Ml 0.05 (  0.05  44.42)  Ml+s 0.64 (  0.02  44.43)
   20   Ni  MulP 9.29 8.71 sum 18.00 diff  0.59 (  0.02  44.21)  Ml 0.05 (  0.05  43.06)  Ml+s 0.64 (  0.02  43.97)
     ..........
     ......

 Sum of MulP: up   =  3187.45888 down          =  2986.54112
              total=  6174.00000 ideal(neutral)=  6174.00000
<DFT>  Total Spin Moment    (muB) 200.917764016   Angles    0.016716383    44.530039426
<DFT>  Total Orbital Moment (muB) 17.829508285   Angles    0.053228492    44.859357374
<DFT>  Total Moment         (muB) 218.747268976   Angles    0.019692332    44.602592667
<DFT>  Mixing_weight= 0.020150191237
<DFT>  Uele   =-9092.005714916664  dUele     =   0.000986143677
<DFT>  NormRD =    0.009939208493  Criterion =   0.000001000000

******************* MD= 1  SCF=13 *******************
<Poisson>  Poisson's equation using FFT...
<Set_Hamiltonian>  Hamiltonian matrix for VNA+dVH+Vxc...
<Band>  Solving the eigenvalue problem...
 KGrids1:  -0.33333   0.00000   0.33333 
 KGrids2:  -0.33333  -0.00000   0.33333 
 KGrids3:  -0.33333   0.00000   0.33334 
<Band_DFT>  Eigen, time=186.959174
<Band_DFT>  DM, time=0.000000
    1   Ni  MulP 9.29 8.71 sum 18.00 diff  0.59 (  0.02  44.61)  Ml 0.05 (  0.05  44.95)  Ml+s 0.64 (  0.02  44.68)
    2   Ni  MulP 9.29 8.71 sum 18.00 diff  0.59 (  0.02  44.59)  Ml 0.05 (  0.05  45.04)  Ml+s 0.64 (  0.02  44.69)
    3   Ni  MulP 9.29 8.71 sum 18.00 diff  0.59 (  0.02  44.58)  Ml 0.05 (  0.05  44.69)  Ml+s 0.64 (  0.02  44.60)
    4   Ni  MulP 9.29 8.71 sum 18.00 diff  0.59 (  0.02  44.58)  Ml 0.05 (  0.05  44.79)  Ml+s 0.64 (  0.02  44.62)
    5   Ni  MulP 9.29 8.71 sum 18.00 diff  0.59 (  0.02  44.59)  Ml 0.05 (  0.05  44.86)  Ml+s 0.64 (  0.02  44.65)
    6   Ni  MulP 9.29 8.71 sum 18.00 diff  0.59 (  0.02  44.60)  Ml 0.05 (  0.05  44.70)  Ml+s 0.64 (  0.02  44.62)
    7   Ni  MulP 9.29 8.71 sum 18.00 diff  0.59 (  0.02  44.61)  Ml 0.05 (  0.05  44.81)  Ml+s 0.64 (  0.02  44.65)
    8   Ni  MulP 9.29 8.71 sum 18.00 diff  0.59 (  0.02  44.89)  Ml 0.05 (  0.05  45.07)  Ml+s 0.64 (  0.02  44.93)
    9   Ni  MulP 9.29 8.71 sum 18.00 diff  0.59 (  0.02  44.65)  Ml 0.05 (  0.05  44.02)  Ml+s 0.64 (  0.02  44.51)
   10   Ni  MulP 9.29 8.71 sum 18.00 diff  0.59 (  0.02  44.23)  Ml 0.05 (  0.05  41.38)  Ml+s 0.64 (  0.02  43.61)
   11   Ni  MulP 9.29 8.71 sum 18.00 diff  0.59 (  0.02  44.59)  Ml 0.05 (  0.05  42.96)  Ml+s 0.64 (  0.02  44.24)
   12   Ni  MulP 9.29 8.71 sum 18.00 diff  0.59 (  0.02  44.99)  Ml 0.05 (  0.05  44.36)  Ml+s 0.64 (  0.02  44.85)
   13   Ni  MulP 9.29 8.71 sum 18.00 diff  0.59 (  0.02  44.47)  Ml 0.05 (  0.05  41.44)  Ml+s 0.64 (  0.02  43.83)
   14   Ni  MulP 9.29 8.71 sum 18.00 diff  0.59 (  0.02  44.41)  Ml 0.05 (  0.06  41.93)  Ml+s 0.64 (  0.02  43.83)
   15   Ni  MulP 9.29 8.71 sum 18.00 diff  0.59 (  0.02  45.03)  Ml 0.05 (  0.05  43.47)  Ml+s 0.64 (  0.02  44.68)
   16   Ni  MulP 9.29 8.71 sum 18.00 diff  0.59 (  0.02  44.52)  Ml 0.05 (  0.05  45.43)  Ml+s 0.64 (  0.02  44.73)
   17   Ni  MulP 9.29 8.71 sum 18.00 diff  0.59 (  0.02  44.63)  Ml 0.05 (  0.05  45.53)  Ml+s 0.64 (  0.02  44.82)
   18   Ni  MulP 9.29 8.71 sum 18.00 diff  0.59 (  0.02  44.85)  Ml 0.05 (  0.05  43.75)  Ml+s 0.64 (  0.02  44.62)
   19   Ni  MulP 9.29 8.71 sum 18.00 diff  0.59 (  0.02  44.27)  Ml 0.05 (  0.05  40.60)  Ml+s 0.64 (  0.02  43.49)
   20   Ni  MulP 9.29 8.71 sum 18.00 diff  0.59 (  0.02  44.08)  Ml 0.05 (  0.05  38.69)  Ml+s 0.64 (  0.02  42.92)
     ..........
     ......

 Sum of MulP: up   =  3187.45815 down          =  2986.54185
              total=  6174.00000 ideal(neutral)=  6174.00000
<DFT>  Total Spin Moment    (muB) 200.916290944   Angles    0.016617110    44.528010686
<DFT>  Total Orbital Moment (muB) 17.829459391   Angles    0.052915392    44.857046674
<DFT>  Total Moment         (muB) 218.745747048   Angles    0.019575644    44.600505276
<DFT>  Mixing_weight= 0.020150191237
<DFT>  Uele   =-9092.006895021994  dUele     =   0.001180105330
<DFT>  NormRD =    0.010388352769  Criterion =   0.000001000000

******************* MD= 1  SCF=14 *******************
<Poisson>  Poisson's equation using FFT...
<Set_Hamiltonian>  Hamiltonian matrix for VNA+dVH+Vxc...
<Band>  Solving the eigenvalue problem...
 KGrids1:  -0.33333   0.00000   0.33333 
 KGrids2:  -0.33333  -0.00000   0.33333 
 KGrids3:  -0.33333   0.00000   0.33334 
<Band_DFT>  Eigen, time=126.371323
<Band_DFT>  DM, time=0.000001
    1   Ni  MulP 9.29 8.71 sum 18.00 diff  0.59 (  0.02  44.61)  Ml 0.05 (  0.05  44.87)  Ml+s 0.64 (  0.02  44.66)
    2   Ni  MulP 9.29 8.71 sum 18.00 diff  0.59 (  0.02  44.61)  Ml 0.05 (  0.05  45.29)  Ml+s 0.64 (  0.02  44.75)
    3   Ni  MulP 9.29 8.71 sum 18.00 diff  0.59 (  0.02  44.59)  Ml 0.05 (  0.05  44.69)  Ml+s 0.64 (  0.02  44.61)
    4   Ni  MulP 9.29 8.71 sum 18.00 diff  0.59 (  0.02  44.59)  Ml 0.05 (  0.05  44.69)  Ml+s 0.64 (  0.02  44.61)
    5   Ni  MulP 9.29 8.71 sum 18.00 diff  0.59 (  0.02  44.60)  Ml 0.05 (  0.05  44.99)  Ml+s 0.64 (  0.02  44.68)
    6   Ni  MulP 9.29 8.71 sum 18.00 diff  0.59 (  0.02  44.60)  Ml 0.05 (  0.06  44.83)  Ml+s 0.64 (  0.02  44.65)
    7   Ni  MulP 9.29 8.71 sum 18.00 diff  0.59 (  0.02  44.61)  Ml 0.05 (  0.05  44.82)  Ml+s 0.64 (  0.02  44.66)
    8   Ni  MulP 9.29 8.71 sum 18.00 diff  0.59 (  0.02  44.93)  Ml 0.05 (  0.05  45.75)  Ml+s 0.64 (  0.02  45.12)
    9   Ni  MulP 9.29 8.71 sum 18.00 diff  0.59 (  0.02  44.62)  Ml 0.05 (  0.05  44.82)  Ml+s 0.64 (  0.02  44.66)
   10   Ni  MulP 9.29 8.71 sum 18.00 diff  0.59 (  0.02  44.19)  Ml 0.05 (  0.05  44.92)  Ml+s 0.64 (  0.02  44.35)
   11   Ni  MulP 9.29 8.71 sum 18.00 diff  0.59 (  0.02  44.56)  Ml 0.05 (  0.05  43.01)  Ml+s 0.64 (  0.02  44.22)
   12   Ni  MulP 9.29 8.71 sum 18.00 diff  0.59 (  0.02  45.04)  Ml 0.05 (  0.05  44.81)  Ml+s 0.64 (  0.02  44.99)
   13   Ni  MulP 9.29 8.71 sum 18.00 diff  0.59 (  0.02  44.45)  Ml 0.05 (  0.05  40.54)  Ml+s 0.64 (  0.02  43.63)
   14   Ni  MulP 9.29 8.71 sum 18.00 diff  0.59 (  0.02  44.39)  Ml 0.05 (  0.06  41.56)  Ml+s 0.64 (  0.02  43.73)
   15   Ni  MulP 9.29 8.71 sum 18.00 diff  0.59 (  0.02  44.99)  Ml 0.05 (  0.05  41.27)  Ml+s 0.64 (  0.02  44.19)
   16   Ni  MulP 9.29 8.71 sum 18.00 diff  0.59 (  0.02  44.50)  Ml 0.05 (  0.05  44.27)  Ml+s 0.64 (  0.02  44.45)
   17   Ni  MulP 9.29 8.71 sum 18.00 diff  0.59 (  0.02  44.64)  Ml 0.05 (  0.06  43.66)  Ml+s 0.64 (  0.02  44.42)
   18   Ni  MulP 9.29 8.71 sum 18.00 diff  0.59 (  0.02  44.78)  Ml 0.05 (  0.06  40.75)  Ml+s 0.64 (  0.02  43.88)
   19   Ni  MulP 9.29 8.71 sum 18.00 diff  0.59 (  0.02  44.18)  Ml 0.05 (  0.05  37.91)  Ml+s 0.64 (  0.02  42.91)
   20   Ni  MulP 9.29 8.71 sum 18.00 diff  0.59 (  0.02  43.95)  Ml 0.05 (  0.05  36.07)  Ml+s 0.64 (  0.02  42.27)
     ..........
     ......

 Sum of MulP: up   =  3187.45863 down          =  2986.54137
              total=  6174.00000 ideal(neutral)=  6174.00000
<DFT>  Total Spin Moment    (muB) 200.917258237   Angles    0.016970382    44.538030841
<DFT>  Total Orbital Moment (muB) 17.829504308   Angles    0.053339148    44.859114392
<DFT>  Total Moment         (muB) 218.746759246   Angles    0.019934656    44.608055469
<DFT>  Mixing_weight= 0.020150191237
<DFT>  Uele   =-9092.006858315115  dUele     =   0.000036706879
<DFT>  NormRD =    0.007988156171  Criterion =   0.000001000000

******************* MD= 1  SCF=15 *******************
<Poisson>  Poisson's equation using FFT...
<Set_Hamiltonian>  Hamiltonian matrix for VNA+dVH+Vxc...
<Band>  Solving the eigenvalue problem...
 KGrids1:  -0.33333   0.00000   0.33333 
 KGrids2:  -0.33333  -0.00000   0.33333 
 KGrids3:  -0.33333   0.00000   0.33334 
<Band_DFT>  Eigen, time=186.580205
<Band_DFT>  DM, time=0.000000
    1   Ni  MulP 9.29 8.71 sum 18.00 diff  0.59 (  0.02  44.61)  Ml 0.05 (  0.05  44.71)  Ml+s 0.64 (  0.02  44.63)
    2   Ni  MulP 9.29 8.71 sum 18.00 diff  0.59 (  0.02  44.62)  Ml 0.05 (  0.05  45.33)  Ml+s 0.64 (  0.02  44.76)
    3   Ni  MulP 9.29 8.71 sum 18.00 diff  0.59 (  0.02  44.60)  Ml 0.05 (  0.06  44.65)  Ml+s 0.64 (  0.02  44.61)
    4   Ni  MulP 9.29 8.71 sum 18.00 diff  0.59 (  0.02  44.59)  Ml 0.05 (  0.06  44.47)  Ml+s 0.64 (  0.02  44.56)
    5   Ni  MulP 9.29 8.71 sum 18.00 diff  0.59 (  0.02  44.61)  Ml 0.05 (  0.05  45.02)  Ml+s 0.64 (  0.02  44.70)
    6   Ni  MulP 9.29 8.71 sum 18.00 diff  0.59 (  0.02  44.61)  Ml 0.05 (  0.06  45.15)  Ml+s 0.64 (  0.02  44.74)
    7   Ni  MulP 9.29 8.71 sum 18.00 diff  0.59 (  0.02  44.61)  Ml 0.05 (  0.05  45.00)  Ml+s 0.64 (  0.02  44.70)
    8   Ni  MulP 9.29 8.71 sum 18.00 diff  0.59 (  0.02  44.87)  Ml 0.05 (  0.05  42.72)  Ml+s 0.64 (  0.02  44.43)
    9   Ni  MulP 9.29 8.71 sum 18.00 diff  0.59 (  0.02  44.54)  Ml 0.05 (  0.05  40.50)  Ml+s 0.64 (  0.02  43.67)
   10   Ni  MulP 9.29 8.71 sum 18.00 diff  0.59 (  0.02  44.10)  Ml 0.05 (  0.06  43.98)  Ml+s 0.64 (  0.02  44.07)
   11   Ni  MulP 9.29 8.71 sum 18.00 diff  0.59 (  0.02  44.44)  Ml 0.05 (  0.05  41.09)  Ml+s 0.64 (  0.02  43.72)
   12   Ni  MulP 9.29 8.71 sum 18.00 diff  0.59 (  0.02  45.00)  Ml 0.05 (  0.06  45.37)  Ml+s 0.64 (  0.02  45.08)
   13   Ni  MulP 9.29 8.71 sum 18.00 diff  0.59 (  0.02  44.39)  Ml 0.05 (  0.05  44.72)  Ml+s 0.64 (  0.02  44.46)
   14   Ni  MulP 9.29 8.71 sum 18.00 diff  0.59 (  0.02  44.32)  Ml 0.05 (  0.05  44.26)  Ml+s 0.64 (  0.02  44.31)
   15   Ni  MulP 9.29 8.71 sum 18.00 diff  0.58 (  0.02  44.99)  Ml 0.05 (  0.05  37.82)  Ml+s 0.64 (  0.02  43.48)
   16   Ni  MulP 9.29 8.71 sum 18.00 diff  0.59 (  0.02  44.49)  Ml 0.05 (  0.05  38.49)  Ml+s 0.64 (  0.02  43.21)
   17   Ni  MulP 9.29 8.71 sum 18.00 diff  0.59 (  0.02  44.66)  Ml 0.05 (  0.06  39.20)  Ml+s 0.64 (  0.02  43.45)
   18   Ni  MulP 9.29 8.71 sum 18.00 diff  0.59 (  0.02  44.75)  Ml 0.05 (  0.06  40.29)  Ml+s 0.64 (  0.02  43.76)
   19   Ni  MulP 9.29 8.71 sum 18.00 diff  0.59 (  0.02  44.09)  Ml 0.05 (  0.05  42.61)  Ml+s 0.64 (  0.02  43.78)
   20   Ni  MulP 9.29 8.71 sum 18.00 diff  0.59 (  0.02  43.82)  Ml 0.05 (  0.05  38.20)  Ml+s 0.64 (  0.02  42.68)
     ..........
     ......

 Sum of MulP: up   =  3187.45801 down          =  2986.54199
              total=  6174.00000 ideal(neutral)=  6174.00000
<DFT>  Total Spin Moment    (muB) 200.916020370   Angles    0.017448699    44.552722701
<DFT>  Total Orbital Moment (muB) 17.829479909   Angles    0.053538028    44.857907190
<DFT>  Total Moment         (muB) 218.745497030   Angles    0.020390215    44.618035842
<DFT>  Mixing_weight= 0.020150191237
<DFT>  Uele   =-9092.008979118604  dUele     =   0.002120803489
<DFT>  NormRD =    0.008284713456  Criterion =   0.000001000000

******************* MD= 1  SCF=16 *******************
<Poisson>  Poisson's equation using FFT...
<Set_Hamiltonian>  Hamiltonian matrix for VNA+dVH+Vxc...
<Band>  Solving the eigenvalue problem...
 KGrids1:  -0.33333   0.00000   0.33333 
 KGrids2:  -0.33333  -0.00000   0.33333 
 KGrids3:  -0.33333   0.00000   0.33334 
<Band_DFT>  Eigen, time=126.385070
<Band_DFT>  DM, time=0.000000
    1   Ni  MulP 9.29 8.71 sum 18.00 diff  0.59 (  0.02  44.62)  Ml 0.05 (  0.05  44.68)  Ml+s 0.64 (  0.02  44.63)
    2   Ni  MulP 9.29 8.71 sum 18.00 diff  0.59 (  0.02  44.62)  Ml 0.05 (  0.05  45.08)  Ml+s 0.64 (  0.02  44.72)
    3   Ni  MulP 9.29 8.71 sum 18.00 diff  0.59 (  0.02  44.61)  Ml 0.05 (  0.05  44.89)  Ml+s 0.64 (  0.02  44.67)
    4   Ni  MulP 9.29 8.71 sum 18.00 diff  0.59 (  0.02  44.60)  Ml 0.05 (  0.06  44.69)  Ml+s 0.64 (  0.02  44.62)
    5   Ni  MulP 9.29 8.71 sum 18.00 diff  0.59 (  0.02  44.61)  Ml 0.05 (  0.05  44.90)  Ml+s 0.64 (  0.02  44.67)
    6   Ni  MulP 9.29 8.71 sum 18.00 diff  0.59 (  0.02  44.62)  Ml 0.05 (  0.05  45.01)  Ml+s 0.64 (  0.02  44.70)
    7   Ni  MulP 9.29 8.71 sum 18.00 diff  0.59 (  0.02  44.62)  Ml 0.05 (  0.05  44.88)  Ml+s 0.64 (  0.02  44.67)
    8   Ni  MulP 9.29 8.71 sum 18.00 diff  0.59 (  0.02  44.86)  Ml 0.05 (  0.05  43.47)  Ml+s 0.64 (  0.02  44.57)
    9   Ni  MulP 9.29 8.71 sum 18.00 diff  0.59 (  0.02  44.63)  Ml 0.05 (  0.06  42.06)  Ml+s 0.64 (  0.02  44.06)
   10   Ni  MulP 9.29 8.71 sum 18.00 diff  0.59 (  0.02  44.12)  Ml 0.05 (  0.05  42.64)  Ml+s 0.64 (  0.02  43.80)
   11   Ni  MulP 9.29 8.71 sum 18.00 diff  0.59 (  0.02  44.49)  Ml 0.05 (  0.05  41.40)  Ml+s 0.64 (  0.02  43.86)
   12   Ni  MulP 9.29 8.71 sum 18.00 diff  0.59 (  0.02  44.97)  Ml 0.05 (  0.06  44.36)  Ml+s 0.64 (  0.02  44.83)
   13   Ni  MulP 9.29 8.71 sum 18.00 diff  0.59 (  0.02  44.36)  Ml 0.05 (  0.06  46.41)  Ml+s 0.64 (  0.02  44.79)
   14   Ni  MulP 9.29 8.71 sum 18.00 diff  0.59 (  0.02  44.29)  Ml 0.05 (  0.05  46.57)  Ml+s 0.64 (  0.02  44.76)
   15   Ni  MulP 9.29 8.71 sum 18.00 diff  0.59 (  0.02  45.11)  Ml 0.05 (  0.06  45.49)  Ml+s 0.64 (  0.02  45.19)
   16   Ni  MulP 9.29 8.71 sum 18.00 diff  0.59 (  0.02  44.61)  Ml 0.05 (  0.06  43.02)  Ml+s 0.64 (  0.02  44.26)
   17   Ni  MulP 9.29 8.71 sum 18.00 diff  0.59 (  0.02  44.79)  Ml 0.05 (  0.05  42.95)  Ml+s 0.64 (  0.02  44.41)
   18   Ni  MulP 9.29 8.71 sum 18.00 diff  0.59 (  0.02  44.85)  Ml 0.05 (  0.05  46.19)  Ml+s 0.64 (  0.02  45.13)
   19   Ni  MulP 9.29 8.71 sum 18.00 diff  0.59 (  0.02  44.21)  Ml 0.05 (  0.06  47.92)  Ml+s 0.64 (  0.02  45.01)
   20   Ni  MulP 9.29 8.71 sum 18.00 diff  0.59 (  0.02  43.94)  Ml 0.05 (  0.05  43.94)  Ml+s 0.64 (  0.02  43.94)
     ..........
     ......

 Sum of MulP: up   =  3187.45741 down          =  2986.54259
              total=  6174.00000 ideal(neutral)=  6174.00000
<DFT>  Total Spin Moment    (muB) 200.914812873   Angles    0.017731270    44.561512855
<DFT>  Total Orbital Moment (muB) 17.829439640   Angles    0.053640621    44.856703084
<DFT>  Total Moment         (muB) 218.744249297   Angles    0.020658129    44.623987522
<DFT>  Mixing_weight= 0.020150191237
<DFT>  Uele   =-9092.010199792832  dUele     =   0.001220674229
<DFT>  NormRD =    0.004377840971  Criterion =   0.000001000000

******************* MD= 1  SCF=17 *******************
<Poisson>  Poisson's equation using FFT...
<Set_Hamiltonian>  Hamiltonian matrix for VNA+dVH+Vxc...
<Band>  Solving the eigenvalue problem...
 KGrids1:  -0.33333   0.00000   0.33333 
 KGrids2:  -0.33333  -0.00000   0.33333 
 KGrids3:  -0.33333   0.00000   0.33334 
<Band_DFT>  Eigen, time=126.360181
<Band_DFT>  DM, time=0.000000
    1   Ni  MulP 9.29 8.71 sum 18.00 diff  0.59 (  0.02  44.62)  Ml 0.05 (  0.05  44.71)  Ml+s 0.64 (  0.02  44.64)
    2   Ni  MulP 9.29 8.71 sum 18.00 diff  0.59 (  0.02  44.62)  Ml 0.05 (  0.05  45.00)  Ml+s 0.64 (  0.02  44.70)
    3   Ni  MulP 9.29 8.71 sum 18.00 diff  0.59 (  0.02  44.61)  Ml 0.05 (  0.05  44.89)  Ml+s 0.64 (  0.02  44.66)
    4   Ni  MulP 9.29 8.71 sum 18.00 diff  0.59 (  0.02  44.60)  Ml 0.05 (  0.06  44.72)  Ml+s 0.64 (  0.02  44.62)
    5   Ni  MulP 9.29 8.71 sum 18.00 diff  0.59 (  0.02  44.61)  Ml 0.05 (  0.05  44.87)  Ml+s 0.64 (  0.02  44.66)
    6   Ni  MulP 9.29 8.71 sum 18.00 diff  0.59 (  0.02  44.62)  Ml 0.05 (  0.05  44.96)  Ml+s 0.64 (  0.02  44.69)
    7   Ni  MulP 9.29 8.71 sum 18.00 diff  0.59 (  0.02  44.62)  Ml 0.05 (  0.05  44.86)  Ml+s 0.64 (  0.02  44.67)
    8   Ni  MulP 9.29 8.71 sum 18.00 diff  0.59 (  0.02  44.85)  Ml 0.05 (  0.05  43.52)  Ml+s 0.64 (  0.02  44.58)
    9   Ni  MulP 9.29 8.71 sum 18.00 diff  0.59 (  0.02  44.64)  Ml 0.05 (  0.06  42.28)  Ml+s 0.64 (  0.02  44.13)
   10   Ni  MulP 9.29 8.71 sum 18.00 diff  0.59 (  0.02  44.12)  Ml 0.05 (  0.05  41.93)  Ml+s 0.64 (  0.02  43.66)
   11   Ni  MulP 9.29 8.71 sum 18.00 diff  0.59 (  0.02  44.50)  Ml 0.05 (  0.05  41.61)  Ml+s 0.64 (  0.02  43.91)
   12   Ni  MulP 9.29 8.71 sum 18.00 diff  0.59 (  0.02  44.96)  Ml 0.05 (  0.06  44.11)  Ml+s 0.64 (  0.02  44.77)
   13   Ni  MulP 9.29 8.71 sum 18.00 diff  0.59 (  0.02  44.34)  Ml 0.05 (  0.06  45.74)  Ml+s 0.64 (  0.02  44.64)
   14   Ni  MulP 9.29 8.71 sum 18.00 diff  0.59 (  0.02  44.28)  Ml 0.05 (  0.05  45.87)  Ml+s 0.64 (  0.02  44.61)
   15   Ni  MulP 9.29 8.71 sum 18.00 diff  0.59 (  0.02  45.09)  Ml 0.05 (  0.05  45.28)  Ml+s 0.64 (  0.02  45.14)
   16   Ni  MulP 9.29 8.71 sum 18.00 diff  0.59 (  0.02  44.60)  Ml 0.05 (  0.06  42.75)  Ml+s 0.64 (  0.02  44.20)
   17   Ni  MulP 9.29 8.71 sum 18.00 diff  0.59 (  0.02  44.78)  Ml 0.05 (  0.05  42.72)  Ml+s 0.64 (  0.02  44.36)
   18   Ni  MulP 9.29 8.71 sum 18.00 diff  0.59 (  0.02  44.84)  Ml 0.05 (  0.05  45.86)  Ml+s 0.64 (  0.02  45.05)
   19   Ni  MulP 9.29 8.71 sum 18.00 diff  0.59 (  0.02  44.19)  Ml 0.05 (  0.06  46.84)  Ml+s 0.64 (  0.02  44.77)
   20   Ni  MulP 9.29 8.71 sum 18.00 diff  0.59 (  0.02  43.93)  Ml 0.05 (  0.05  42.95)  Ml+s 0.64 (  0.02  43.73)
     ..........
     ......

 Sum of MulP: up   =  3187.45734 down          =  2986.54266
              total=  6174.00000 ideal(neutral)=  6174.00000
<DFT>  Total Spin Moment    (muB) 200.914677053   Angles    0.017766577    44.562536989
<DFT>  Total Orbital Moment (muB) 17.829434812   Angles    0.053657981    44.856611369
<DFT>  Total Moment         (muB) 218.744108652   Angles    0.020691975    44.624693826
<DFT>  Mixing_weight= 0.020150191237
<DFT>  Uele   =-9092.010291892984  dUele     =   0.000092100152
<DFT>  NormRD =    0.003162373985  Criterion =   0.000001000000

******************* MD= 1  SCF=18 *******************
<Poisson>  Poisson's equation using FFT...
<Set_Hamiltonian>  Hamiltonian matrix for VNA+dVH+Vxc...
<Band>  Solving the eigenvalue problem...
 KGrids1:  -0.33333   0.00000   0.33333 
 KGrids2:  -0.33333  -0.00000   0.33333 
 KGrids3:  -0.33333   0.00000   0.33334 
<Band_DFT>  Eigen, time=126.379892
<Band_DFT>  DM, time=0.000000
    1   Ni  MulP 9.29 8.71 sum 18.00 diff  0.59 (  0.02  44.62)  Ml 0.05 (  0.05  44.85)  Ml+s 0.64 (  0.02  44.67)
    2   Ni  MulP 9.29 8.71 sum 18.00 diff  0.59 (  0.02  44.62)  Ml 0.05 (  0.06  44.85)  Ml+s 0.64 (  0.02  44.67)
    3   Ni  MulP 9.29 8.71 sum 18.00 diff  0.59 (  0.02  44.61)  Ml 0.05 (  0.05  44.88)  Ml+s 0.64 (  0.02  44.66)
    4   Ni  MulP 9.29 8.71 sum 18.00 diff  0.59 (  0.02  44.60)  Ml 0.05 (  0.05  44.87)  Ml+s 0.64 (  0.02  44.66)
    5   Ni  MulP 9.29 8.71 sum 18.00 diff  0.59 (  0.02  44.61)  Ml 0.05 (  0.05  44.87)  Ml+s 0.64 (  0.02  44.67)
    6   Ni  MulP 9.29 8.71 sum 18.00 diff  0.59 (  0.02  44.62)  Ml 0.05 (  0.05  44.89)  Ml+s 0.64 (  0.02  44.68)
    7   Ni  MulP 9.29 8.71 sum 18.00 diff  0.59 (  0.02  44.62)  Ml 0.05 (  0.05  44.89)  Ml+s 0.64 (  0.02  44.68)
    8   Ni  MulP 9.29 8.71 sum 18.00 diff  0.59 (  0.02  44.88)  Ml 0.05 (  0.05  45.34)  Ml+s 0.64 (  0.02  44.97)
    9   Ni  MulP 9.29 8.71 sum 18.00 diff  0.59 (  0.02  44.70)  Ml 0.05 (  0.05  44.67)  Ml+s 0.64 (  0.02  44.69)
   10   Ni  MulP 9.29 8.71 sum 18.00 diff  0.59 (  0.02  44.14)  Ml 0.05 (  0.05  41.65)  Ml+s 0.64 (  0.02  43.62)
   11   Ni  MulP 9.29 8.71 sum 18.00 diff  0.59 (  0.02  44.56)  Ml 0.05 (  0.05  44.06)  Ml+s 0.64 (  0.02  44.45)
   12   Ni  MulP 9.29 8.71 sum 18.00 diff  0.59 (  0.02  44.98)  Ml 0.05 (  0.06  45.13)  Ml+s 0.64 (  0.02  45.01)
   13   Ni  MulP 9.29 8.71 sum 18.00 diff  0.59 (  0.02  44.34)  Ml 0.05 (  0.05  44.75)  Ml+s 0.64 (  0.02  44.42)
   14   Ni  MulP 9.29 8.71 sum 18.00 diff  0.59 (  0.02  44.28)  Ml 0.05 (  0.05  44.69)  Ml+s 0.64 (  0.02  44.37)
   15   Ni  MulP 9.29 8.71 sum 18.00 diff  0.59 (  0.02  45.11)  Ml 0.05 (  0.05  46.70)  Ml+s 0.64 (  0.02  45.44)
   16   Ni  MulP 9.29 8.71 sum 18.00 diff  0.59 (  0.02  44.61)  Ml 0.05 (  0.05  44.81)  Ml+s 0.64 (  0.02  44.65)
   17   Ni  MulP 9.29 8.71 sum 18.00 diff  0.59 (  0.02  44.80)  Ml 0.05 (  0.05  45.21)  Ml+s 0.64 (  0.02  44.89)
   18   Ni  MulP 9.29 8.71 sum 18.00 diff  0.59 (  0.02  44.85)  Ml 0.05 (  0.05  47.46)  Ml+s 0.64 (  0.02  45.41)
   19   Ni  MulP 9.29 8.71 sum 18.00 diff  0.59 (  0.02  44.19)  Ml 0.05 (  0.05  46.02)  Ml+s 0.64 (  0.02  44.58)
   20   Ni  MulP 9.29 8.71 sum 18.00 diff  0.59 (  0.02  43.93)  Ml 0.05 (  0.05  42.37)  Ml+s 0.64 (  0.02  43.61)
     ..........
     ......

 Sum of MulP: up   =  3187.45722 down          =  2986.54278
              total=  6174.00000 ideal(neutral)=  6174.00000
<DFT>  Total Spin Moment    (muB) 200.914439275   Angles    0.017839003    44.564484085
<DFT>  Total Orbital Moment (muB) 17.829425266   Angles    0.053703519    44.856552558
<DFT>  Total Moment         (muB) 218.743861333   Angles    0.020762211    44.626060365
<DFT>  Mixing_weight= 0.020150191237
<DFT>  Uele   =-9092.010341880574  dUele     =   0.000049987590
<DFT>  NormRD =    0.002008870569  Criterion =   0.000001000000

******************* MD= 1  SCF=19 *******************
<Poisson>  Poisson's equation using FFT...
<Set_Hamiltonian>  Hamiltonian matrix for VNA+dVH+Vxc...
<Band>  Solving the eigenvalue problem...
 KGrids1:  -0.33333   0.00000   0.33333 
 KGrids2:  -0.33333  -0.00000   0.33333 
 KGrids3:  -0.33333   0.00000   0.33334 
<Band_DFT>  Eigen, time=186.540375
<Band_DFT>  DM, time=0.000000
    1   Ni  MulP 9.29 8.71 sum 18.00 diff  0.59 (  0.02  44.62)  Ml 0.05 (  0.05  44.86)  Ml+s 0.64 (  0.02  44.67)
    2   Ni  MulP 9.29 8.71 sum 18.00 diff  0.59 (  0.02  44.62)  Ml 0.05 (  0.06  44.82)  Ml+s 0.64 (  0.02  44.66)
    3   Ni  MulP 9.29 8.71 sum 18.00 diff  0.59 (  0.02  44.61)  Ml 0.05 (  0.05  44.87)  Ml+s 0.64 (  0.02  44.66)
    4   Ni  MulP 9.29 8.71 sum 18.00 diff  0.59 (  0.02  44.60)  Ml 0.05 (  0.05  44.90)  Ml+s 0.64 (  0.02  44.67)
    5   Ni  MulP 9.29 8.71 sum 18.00 diff  0.59 (  0.02  44.61)  Ml 0.05 (  0.05  44.87)  Ml+s 0.64 (  0.02  44.67)
    6   Ni  MulP 9.29 8.71 sum 18.00 diff  0.59 (  0.02  44.62)  Ml 0.05 (  0.05  44.86)  Ml+s 0.64 (  0.02  44.67)
    7   Ni  MulP 9.29 8.71 sum 18.00 diff  0.59 (  0.02  44.62)  Ml 0.05 (  0.05  44.87)  Ml+s 0.64 (  0.02  44.68)
    8   Ni  MulP 9.29 8.71 sum 18.00 diff  0.59 (  0.02  44.88)  Ml 0.05 (  0.05  45.13)  Ml+s 0.64 (  0.02  44.93)
    9   Ni  MulP 9.29 8.71 sum 18.00 diff  0.59 (  0.02  44.70)  Ml 0.05 (  0.05  44.66)  Ml+s 0.64 (  0.02  44.69)
   10   Ni  MulP 9.29 8.71 sum 18.00 diff  0.59 (  0.02  44.13)  Ml 0.05 (  0.05  41.54)  Ml+s 0.64 (  0.02  43.59)
   11   Ni  MulP 9.29 8.71 sum 18.00 diff  0.59 (  0.02  44.56)  Ml 0.05 (  0.05  44.37)  Ml+s 0.64 (  0.02  44.52)
   12   Ni  MulP 9.29 8.71 sum 18.00 diff  0.59 (  0.02  44.98)  Ml 0.05 (  0.06  45.16)  Ml+s 0.64 (  0.02  45.02)
   13   Ni  MulP 9.29 8.71 sum 18.00 diff  0.59 (  0.02  44.33)  Ml 0.05 (  0.05  44.49)  Ml+s 0.64 (  0.02  44.37)
   14   Ni  MulP 9.29 8.71 sum 18.00 diff  0.59 (  0.02  44.28)  Ml 0.05 (  0.05  44.28)  Ml+s 0.64 (  0.02  44.28)
   15   Ni  MulP 9.29 8.71 sum 18.00 diff  0.59 (  0.02  45.09)  Ml 0.05 (  0.05  45.61)  Ml+s 0.64 (  0.02  45.20)
   16   Ni  MulP 9.29 8.71 sum 18.00 diff  0.59 (  0.02  44.60)  Ml 0.05 (  0.06  44.47)  Ml+s 0.64 (  0.02  44.57)
   17   Ni  MulP 9.29 8.71 sum 18.00 diff  0.59 (  0.02  44.79)  Ml 0.05 (  0.05  44.90)  Ml+s 0.64 (  0.02  44.81)
   18   Ni  MulP 9.29 8.71 sum 18.00 diff  0.59 (  0.02  44.84)  Ml 0.05 (  0.05  46.70)  Ml+s 0.64 (  0.02  45.23)
   19   Ni  MulP 9.29 8.71 sum 18.00 diff  0.59 (  0.02  44.17)  Ml 0.05 (  0.05  45.48)  Ml+s 0.64 (  0.02  44.45)
   20   Ni  MulP 9.29 8.71 sum 18.00 diff  0.59 (  0.02  43.90)  Ml 0.05 (  0.05  42.35)  Ml+s 0.64 (  0.02  43.59)
     ..........
     ......

 Sum of MulP: up   =  3187.45714 down          =  2986.54286
              total=  6174.00000 ideal(neutral)=  6174.00000
<DFT>  Total Spin Moment    (muB) 200.914284118   Angles    0.017883362    44.565618087
<DFT>  Total Orbital Moment (muB) 17.829418107   Angles    0.053736802    44.856548957
<DFT>  Total Moment         (muB) 218.743699019   Angles    0.020805669    44.626864367
<DFT>  Mixing_weight= 0.020150191237
<DFT>  Uele   =-9092.010282331150  dUele     =   0.000059549424
<DFT>  NormRD =    0.001417838878  Criterion =   0.000001000000

******************* MD= 1  SCF=20 *******************
<Poisson>  Poisson's equation using FFT...
<Set_Hamiltonian>  Hamiltonian matrix for VNA+dVH+Vxc...
<Band>  Solving the eigenvalue problem...
 KGrids1:  -0.33333   0.00000   0.33333 
 KGrids2:  -0.33333  -0.00000   0.33333 
 KGrids3:  -0.33333   0.00000   0.33334 
<Band_DFT>  Eigen, time=126.342113
<Band_DFT>  DM, time=0.000000
    1   Ni  MulP 9.29 8.71 sum 18.00 diff  0.59 (  0.02  44.63)  Ml 0.05 (  0.05  44.89)  Ml+s 0.64 (  0.02  44.68)
    2   Ni  MulP 9.29 8.71 sum 18.00 diff  0.59 (  0.02  44.62)  Ml 0.05 (  0.06  44.84)  Ml+s 0.64 (  0.02  44.67)
    3   Ni  MulP 9.29 8.71 sum 18.00 diff  0.59 (  0.02  44.61)  Ml 0.05 (  0.05  44.85)  Ml+s 0.64 (  0.02  44.66)
    4   Ni  MulP 9.29 8.71 sum 18.00 diff  0.59 (  0.02  44.60)  Ml 0.05 (  0.05  44.90)  Ml+s 0.64 (  0.02  44.67)
    5   Ni  MulP 9.29 8.71 sum 18.00 diff  0.59 (  0.02  44.62)  Ml 0.05 (  0.05  44.88)  Ml+s 0.64 (  0.02  44.67)
    6   Ni  MulP 9.29 8.71 sum 18.00 diff  0.59 (  0.02  44.62)  Ml 0.05 (  0.05  44.88)  Ml+s 0.64 (  0.02  44.68)
    7   Ni  MulP 9.29 8.71 sum 18.00 diff  0.59 (  0.02  44.63)  Ml 0.05 (  0.05  44.88)  Ml+s 0.64 (  0.02  44.68)
    8   Ni  MulP 9.29 8.71 sum 18.00 diff  0.59 (  0.02  44.88)  Ml 0.05 (  0.05  45.24)  Ml+s 0.64 (  0.02  44.96)
    9   Ni  MulP 9.29 8.71 sum 18.00 diff  0.59 (  0.02  44.70)  Ml 0.05 (  0.05  44.27)  Ml+s 0.64 (  0.02  44.61)
   10   Ni  MulP 9.29 8.71 sum 18.00 diff  0.59 (  0.02  44.11)  Ml 0.05 (  0.05  41.08)  Ml+s 0.64 (  0.02  43.48)
   11   Ni  MulP 9.29 8.71 sum 18.00 diff  0.59 (  0.02  44.56)  Ml 0.05 (  0.05  43.86)  Ml+s 0.64 (  0.02  44.41)
   12   Ni  MulP 9.29 8.71 sum 18.00 diff  0.59 (  0.02  44.99)  Ml 0.05 (  0.06  45.01)  Ml+s 0.64 (  0.02  44.99)
   13   Ni  MulP 9.29 8.71 sum 18.00 diff  0.59 (  0.02  44.34)  Ml 0.05 (  0.05  44.77)  Ml+s 0.64 (  0.02  44.43)
   14   Ni  MulP 9.29 8.71 sum 18.00 diff  0.59 (  0.02  44.29)  Ml 0.05 (  0.05  44.64)  Ml+s 0.64 (  0.02  44.36)
   15   Ni  MulP 9.29 8.71 sum 18.00 diff  0.59 (  0.02  45.09)  Ml 0.05 (  0.05  45.17)  Ml+s 0.64 (  0.02  45.11)
   16   Ni  MulP 9.29 8.71 sum 18.00 diff  0.59 (  0.02  44.61)  Ml 0.05 (  0.05  44.30)  Ml+s 0.64 (  0.02  44.54)
   17   Ni  MulP 9.29 8.71 sum 18.00 diff  0.59 (  0.02  44.79)  Ml 0.05 (  0.05  44.42)  Ml+s 0.64 (  0.02  44.72)
   18   Ni  MulP 9.29 8.71 sum 18.00 diff  0.59 (  0.02  44.84)  Ml 0.05 (  0.05  46.01)  Ml+s 0.64 (  0.02  45.09)
   19   Ni  MulP 9.29 8.71 sum 18.00 diff  0.59 (  0.02  44.17)  Ml 0.05 (  0.06  45.86)  Ml+s 0.64 (  0.02  44.53)
   20   Ni  MulP 9.29 8.71 sum 18.00 diff  0.59 (  0.02  43.90)  Ml 0.05 (  0.05  43.53)  Ml+s 0.64 (  0.02  43.83)
     ..........
     ......

 Sum of MulP: up   =  3187.45699 down          =  2986.54301
              total=  6174.00000 ideal(neutral)=  6174.00000
<DFT>  Total Spin Moment    (muB) 200.913988807   Angles    0.017991200    44.568255295
<DFT>  Total Orbital Moment (muB) 17.829404682   Angles    0.053822239    44.856673272
<DFT>  Total Moment         (muB) 218.743390287   Angles    0.020911683    44.628760841
<DFT>  Mixing_weight= 0.020150191237
<DFT>  Uele   =-9092.010121550002  dUele     =   0.000160781148
<DFT>  NormRD =    0.001293622006  Criterion =   0.000001000000

******************* MD= 1  SCF=21 *******************
<Poisson>  Poisson's equation using FFT...
<Set_Hamiltonian>  Hamiltonian matrix for VNA+dVH+Vxc...
<Band>  Solving the eigenvalue problem...
 KGrids1:  -0.33333   0.00000   0.33333 
 KGrids2:  -0.33333  -0.00000   0.33333 
 KGrids3:  -0.33333   0.00000   0.33334 
<Band_DFT>  Eigen, time=186.906475
<Band_DFT>  DM, time=0.000000
    1   Ni  MulP 9.29 8.71 sum 18.00 diff  0.59 (  0.02  44.63)  Ml 0.05 (  0.05  44.87)  Ml+s 0.64 (  0.02  44.68)
    2   Ni  MulP 9.29 8.71 sum 18.00 diff  0.59 (  0.02  44.62)  Ml 0.05 (  0.06  44.83)  Ml+s 0.64 (  0.02  44.66)
    3   Ni  MulP 9.29 8.71 sum 18.00 diff  0.59 (  0.02  44.61)  Ml 0.05 (  0.05  44.82)  Ml+s 0.64 (  0.02  44.65)
    4   Ni  MulP 9.29 8.71 sum 18.00 diff  0.59 (  0.02  44.60)  Ml 0.05 (  0.06  44.86)  Ml+s 0.64 (  0.02  44.66)
    5   Ni  MulP 9.29 8.71 sum 18.00 diff  0.59 (  0.02  44.62)  Ml 0.05 (  0.05  44.85)  Ml+s 0.64 (  0.02  44.66)
    6   Ni  MulP 9.29 8.71 sum 18.00 diff  0.59 (  0.02  44.62)  Ml 0.05 (  0.05  44.86)  Ml+s 0.64 (  0.02  44.67)
    7   Ni  MulP 9.29 8.71 sum 18.00 diff  0.59 (  0.02  44.63)  Ml 0.05 (  0.05  44.85)  Ml+s 0.64 (  0.02  44.67)
    8   Ni  MulP 9.29 8.71 sum 18.00 diff  0.59 (  0.02  44.89)  Ml 0.05 (  0.05  45.12)  Ml+s 0.64 (  0.02  44.93)
    9   Ni  MulP 9.29 8.71 sum 18.00 diff  0.59 (  0.02  44.70)  Ml 0.05 (  0.05  44.14)  Ml+s 0.64 (  0.02  44.59)
   10   Ni  MulP 9.29 8.71 sum 18.00 diff  0.59 (  0.02  44.11)  Ml 0.05 (  0.05  41.15)  Ml+s 0.64 (  0.02  43.49)
   11   Ni  MulP 9.29 8.71 sum 18.00 diff  0.59 (  0.02  44.56)  Ml 0.05 (  0.05  43.73)  Ml+s 0.64 (  0.02  44.39)
   12   Ni  MulP 9.29 8.71 sum 18.00 diff  0.59 (  0.02  44.99)  Ml 0.05 (  0.06  44.92)  Ml+s 0.64 (  0.02  44.98)
   13   Ni  MulP 9.29 8.71 sum 18.00 diff  0.59 (  0.02  44.35)  Ml 0.05 (  0.05  44.69)  Ml+s 0.64 (  0.02  44.42)
   14   Ni  MulP 9.29 8.71 sum 18.00 diff  0.59 (  0.02  44.29)  Ml 0.05 (  0.05  44.54)  Ml+s 0.64 (  0.02  44.34)
   15   Ni  MulP 9.29 8.71 sum 18.00 diff  0.59 (  0.02  45.09)  Ml 0.05 (  0.05  45.04)  Ml+s 0.64 (  0.02  45.08)
   16   Ni  MulP 9.29 8.71 sum 18.00 diff  0.59 (  0.02  44.62)  Ml 0.05 (  0.06  44.27)  Ml+s 0.64 (  0.02  44.54)
   17   Ni  MulP 9.29 8.71 sum 18.00 diff  0.59 (  0.02  44.79)  Ml 0.05 (  0.05  44.33)  Ml+s 0.64 (  0.02  44.70)
   18   Ni  MulP 9.29 8.71 sum 18.00 diff  0.59 (  0.02  44.84)  Ml 0.05 (  0.05  45.85)  Ml+s 0.64 (  0.02  45.06)
   19   Ni  MulP 9.29 8.71 sum 18.00 diff  0.59 (  0.02  44.18)  Ml 0.05 (  0.06  45.78)  Ml+s 0.64 (  0.02  44.52)
   20   Ni  MulP 9.29 8.71 sum 18.00 diff  0.59 (  0.02  43.91)  Ml 0.05 (  0.05  43.32)  Ml+s 0.64 (  0.02  43.79)
     ..........
     ......

 Sum of MulP: up   =  3187.45689 down          =  2986.54311
              total=  6174.00000 ideal(neutral)=  6174.00000
<DFT>  Total Spin Moment    (muB) 200.913771319   Angles    0.018073587    44.570245452
<DFT>  Total Orbital Moment (muB) 17.829394776   Angles    0.053888314    44.856746145
<DFT>  Total Moment         (muB) 218.743162896   Angles    0.020992743    44.630190238
<DFT>  Mixing_weight= 0.020150191237
<DFT>  Uele   =-9092.009999289143  dUele     =   0.000122260859
<DFT>  NormRD =    0.001159115467  Criterion =   0.000001000000

******************* MD= 1  SCF=22 *******************
<Poisson>  Poisson's equation using FFT...
<Set_Hamiltonian>  Hamiltonian matrix for VNA+dVH+Vxc...
<Band>  Solving the eigenvalue problem...
 KGrids1:  -0.33333   0.00000   0.33333 
 KGrids2:  -0.33333  -0.00000   0.33333 
 KGrids3:  -0.33333   0.00000   0.33334 
<Band_DFT>  Eigen, time=187.056538
<Band_DFT>  DM, time=0.000000
    1   Ni  MulP 9.29 8.71 sum 18.00 diff  0.59 (  0.02  44.63)  Ml 0.05 (  0.05  44.86)  Ml+s 0.64 (  0.02  44.68)
    2   Ni  MulP 9.29 8.71 sum 18.00 diff  0.59 (  0.02  44.62)  Ml 0.05 (  0.06  44.89)  Ml+s 0.64 (  0.02  44.68)
    3   Ni  MulP 9.29 8.71 sum 18.00 diff  0.59 (  0.02  44.62)  Ml 0.05 (  0.05  44.85)  Ml+s 0.64 (  0.02  44.66)
    4   Ni  MulP 9.29 8.71 sum 18.00 diff  0.59 (  0.02  44.61)  Ml 0.05 (  0.06  44.86)  Ml+s 0.64 (  0.02  44.66)
    5   Ni  MulP 9.29 8.71 sum 18.00 diff  0.59 (  0.02  44.62)  Ml 0.05 (  0.05  44.87)  Ml+s 0.64 (  0.02  44.67)
    6   Ni  MulP 9.29 8.71 sum 18.00 diff  0.59 (  0.02  44.63)  Ml 0.05 (  0.05  44.89)  Ml+s 0.64 (  0.02  44.68)
    7   Ni  MulP 9.29 8.71 sum 18.00 diff  0.59 (  0.02  44.63)  Ml 0.05 (  0.05  44.87)  Ml+s 0.64 (  0.02  44.68)
    8   Ni  MulP 9.29 8.71 sum 18.00 diff  0.59 (  0.02  44.91)  Ml 0.05 (  0.05  44.99)  Ml+s 0.64 (  0.02  44.92)
    9   Ni  MulP 9.29 8.71 sum 18.00 diff  0.59 (  0.02  44.72)  Ml 0.05 (  0.05  44.36)  Ml+s 0.64 (  0.02  44.64)
   10   Ni  MulP 9.29 8.71 sum 18.00 diff  0.59 (  0.02  44.12)  Ml 0.05 (  0.05  41.89)  Ml+s 0.64 (  0.02  43.66)
   11   Ni  MulP 9.29 8.71 sum 18.00 diff  0.59 (  0.02  44.57)  Ml 0.05 (  0.05  44.02)  Ml+s 0.64 (  0.02  44.46)
   12   Ni  MulP 9.29 8.71 sum 18.00 diff  0.59 (  0.02  45.01)  Ml 0.05 (  0.06  45.08)  Ml+s 0.64 (  0.02  45.03)
   13   Ni  MulP 9.29 8.71 sum 18.00 diff  0.59 (  0.02  44.37)  Ml 0.05 (  0.05  44.53)  Ml+s 0.64 (  0.02  44.40)
   14   Ni  MulP 9.29 8.71 sum 18.00 diff  0.59 (  0.02  44.32)  Ml 0.05 (  0.05  44.26)  Ml+s 0.64 (  0.02  44.30)
   15   Ni  MulP 9.29 8.71 sum 18.00 diff  0.59 (  0.02  45.10)  Ml 0.05 (  0.05  45.91)  Ml+s 0.64 (  0.02  45.27)
   16   Ni  MulP 9.29 8.71 sum 18.00 diff  0.59 (  0.02  44.65)  Ml 0.05 (  0.06  45.22)  Ml+s 0.64 (  0.02  44.77)
   17   Ni  MulP 9.29 8.71 sum 18.00 diff  0.59 (  0.02  44.82)  Ml 0.05 (  0.05  45.36)  Ml+s 0.64 (  0.02  44.93)
   18   Ni  MulP 9.29 8.71 sum 18.00 diff  0.59 (  0.02  44.86)  Ml 0.05 (  0.05  46.85)  Ml+s 0.64 (  0.02  45.28)
   19   Ni  MulP 9.29 8.71 sum 18.00 diff  0.59 (  0.02  44.21)  Ml 0.05 (  0.06  46.07)  Ml+s 0.64 (  0.02  44.60)
   20   Ni  MulP 9.29 8.71 sum 18.00 diff  0.59 (  0.02  43.94)  Ml 0.05 (  0.05  42.70)  Ml+s 0.64 (  0.02  43.69)
     ..........
     ......

 Sum of MulP: up   =  3187.45661 down          =  2986.54339
              total=  6174.00000 ideal(neutral)=  6174.00000
<DFT>  Total Spin Moment    (muB) 200.913217211   Angles    0.018292460    44.575421454
<DFT>  Total Orbital Moment (muB) 17.829369510   Angles    0.054066219    44.857036026
<DFT>  Total Moment         (muB) 218.742583528   Angles    0.021208281    44.633937716
<DFT>  Mixing_weight= 0.020150191237
<DFT>  Uele   =-9092.009676342544  dUele     =   0.000322946598
<DFT>  NormRD =    0.001163422274  Criterion =   0.000001000000

******************* MD= 1  SCF=23 *******************
<Poisson>  Poisson's equation using FFT...
<Set_Hamiltonian>  Hamiltonian matrix for VNA+dVH+Vxc...
<Band>  Solving the eigenvalue problem...
 KGrids1:  -0.33333   0.00000   0.33333 
 KGrids2:  -0.33333  -0.00000   0.33333 
 KGrids3:  -0.33333   0.00000   0.33334 
<Band_DFT>  Eigen, time=126.368615
<Band_DFT>  DM, time=0.000000
    1   Ni  MulP 9.29 8.71 sum 18.00 diff  0.59 (  0.02  44.63)  Ml 0.05 (  0.05  44.85)  Ml+s 0.64 (  0.02  44.68)
    2   Ni  MulP 9.29 8.71 sum 18.00 diff  0.59 (  0.02  44.62)  Ml 0.05 (  0.06  44.90)  Ml+s 0.64 (  0.02  44.68)
    3   Ni  MulP 9.29 8.71 sum 18.00 diff  0.59 (  0.02  44.62)  Ml 0.05 (  0.05  44.85)  Ml+s 0.64 (  0.02  44.66)
    4   Ni  MulP 9.29 8.71 sum 18.00 diff  0.59 (  0.02  44.61)  Ml 0.05 (  0.06  44.84)  Ml+s 0.64 (  0.02  44.66)
    5   Ni  MulP 9.29 8.71 sum 18.00 diff  0.59 (  0.02  44.62)  Ml 0.05 (  0.05  44.87)  Ml+s 0.64 (  0.02  44.67)
    6   Ni  MulP 9.29 8.71 sum 18.00 diff  0.59 (  0.02  44.63)  Ml 0.05 (  0.05  44.89)  Ml+s 0.64 (  0.02  44.68)
    7   Ni  MulP 9.29 8.71 sum 18.00 diff  0.59 (  0.02  44.63)  Ml 0.05 (  0.05  44.87)  Ml+s 0.64 (  0.02  44.68)
    8   Ni  MulP 9.29 8.71 sum 18.00 diff  0.59 (  0.02  44.92)  Ml 0.05 (  0.05  45.09)  Ml+s 0.64 (  0.02  44.95)
    9   Ni  MulP 9.29 8.71 sum 18.00 diff  0.59 (  0.02  44.74)  Ml 0.05 (  0.05  44.37)  Ml+s 0.64 (  0.02  44.66)
   10   Ni  MulP 9.29 8.71 sum 18.00 diff  0.59 (  0.02  44.13)  Ml 0.05 (  0.05  41.83)  Ml+s 0.64 (  0.02  43.66)
   11   Ni  MulP 9.29 8.71 sum 18.00 diff  0.59 (  0.02  44.59)  Ml 0.05 (  0.05  43.92)  Ml+s 0.64 (  0.02  44.45)
   12   Ni  MulP 9.29 8.71 sum 18.00 diff  0.59 (  0.02  45.03)  Ml 0.05 (  0.06  45.11)  Ml+s 0.64 (  0.02  45.05)
   13   Ni  MulP 9.29 8.71 sum 18.00 diff  0.59 (  0.02  44.37)  Ml 0.05 (  0.05  44.52)  Ml+s 0.64 (  0.02  44.40)
   14   Ni  MulP 9.29 8.71 sum 18.00 diff  0.59 (  0.02  44.32)  Ml 0.05 (  0.05  44.32)  Ml+s 0.64 (  0.02  44.32)
   15   Ni  MulP 9.29 8.71 sum 18.00 diff  0.59 (  0.02  45.09)  Ml 0.05 (  0.05  45.89)  Ml+s 0.64 (  0.02  45.26)
   16   Ni  MulP 9.29 8.71 sum 18.00 diff  0.59 (  0.02  44.65)  Ml 0.05 (  0.06  44.86)  Ml+s 0.64 (  0.02  44.70)
   17   Ni  MulP 9.29 8.71 sum 18.00 diff  0.59 (  0.02  44.82)  Ml 0.05 (  0.05  45.10)  Ml+s 0.64 (  0.02  44.87)
   18   Ni  MulP 9.29 8.71 sum 18.00 diff  0.59 (  0.02  44.85)  Ml 0.05 (  0.05  46.77)  Ml+s 0.64 (  0.02  45.25)
   19   Ni  MulP 9.29 8.71 sum 18.00 diff  0.59 (  0.02  44.21)  Ml 0.05 (  0.06  45.68)  Ml+s 0.64 (  0.02  44.52)
   20   Ni  MulP 9.29 8.71 sum 18.00 diff  0.59 (  0.02  43.92)  Ml 0.05 (  0.05  42.13)  Ml+s 0.64 (  0.02  43.56)
     ..........
     ......

 Sum of MulP: up   =  3187.45647 down          =  2986.54353
              total=  6174.00000 ideal(neutral)=  6174.00000
<DFT>  Total Spin Moment    (muB) 200.912939807   Angles    0.018439658    44.578761916
<DFT>  Total Orbital Moment (muB) 17.829357049   Angles    0.054191223    44.857373404
<DFT>  Total Moment         (muB) 218.742293667   Angles    0.021353673    44.636392978
<DFT>  Mixing_weight= 0.020150191237
<DFT>  Uele   =-9092.009474876610  dUele     =   0.000201465935
<DFT>  NormRD =    0.000530631439  Criterion =   0.000001000000

******************* MD= 1  SCF=24 *******************
<Poisson>  Poisson's equation using FFT...
<Set_Hamiltonian>  Hamiltonian matrix for VNA+dVH+Vxc...
<Band>  Solving the eigenvalue problem...
 KGrids1:  -0.33333   0.00000   0.33333 
 KGrids2:  -0.33333  -0.00000   0.33333 
 KGrids3:  -0.33333   0.00000   0.33334 
<Band_DFT>  Eigen, time=186.698295
<Band_DFT>  DM, time=0.000000
    1   Ni  MulP 9.29 8.71 sum 18.00 diff  0.59 (  0.02  44.63)  Ml 0.05 (  0.05  44.85)  Ml+s 0.64 (  0.02  44.68)
    2   Ni  MulP 9.29 8.71 sum 18.00 diff  0.59 (  0.02  44.63)  Ml 0.05 (  0.06  44.89)  Ml+s 0.64 (  0.02  44.68)
    3   Ni  MulP 9.29 8.71 sum 18.00 diff  0.59 (  0.02  44.62)  Ml 0.05 (  0.05  44.85)  Ml+s 0.64 (  0.02  44.67)
    4   Ni  MulP 9.29 8.71 sum 18.00 diff  0.59 (  0.02  44.61)  Ml 0.05 (  0.06  44.85)  Ml+s 0.64 (  0.02  44.66)
    5   Ni  MulP 9.29 8.71 sum 18.00 diff  0.59 (  0.02  44.62)  Ml 0.05 (  0.05  44.87)  Ml+s 0.64 (  0.02  44.67)
    6   Ni  MulP 9.29 8.71 sum 18.00 diff  0.59 (  0.02  44.63)  Ml 0.05 (  0.05  44.89)  Ml+s 0.64 (  0.02  44.68)
    7   Ni  MulP 9.29 8.71 sum 18.00 diff  0.59 (  0.02  44.63)  Ml 0.05 (  0.05  44.87)  Ml+s 0.64 (  0.02  44.68)
    8   Ni  MulP 9.29 8.71 sum 18.00 diff  0.59 (  0.02  44.92)  Ml 0.05 (  0.05  45.14)  Ml+s 0.64 (  0.02  44.97)
    9   Ni  MulP 9.29 8.71 sum 18.00 diff  0.59 (  0.02  44.74)  Ml 0.05 (  0.05  44.37)  Ml+s 0.64 (  0.02  44.67)
   10   Ni  MulP 9.29 8.71 sum 18.00 diff  0.59 (  0.02  44.13)  Ml 0.05 (  0.05  41.75)  Ml+s 0.64 (  0.02  43.64)
   11   Ni  MulP 9.29 8.71 sum 18.00 diff  0.59 (  0.02  44.59)  Ml 0.05 (  0.05  43.90)  Ml+s 0.64 (  0.02  44.45)
   12   Ni  MulP 9.29 8.71 sum 18.00 diff  0.59 (  0.02  45.04)  Ml 0.05 (  0.06  45.11)  Ml+s 0.64 (  0.02  45.05)
   13   Ni  MulP 9.29 8.71 sum 18.00 diff  0.59 (  0.02  44.38)  Ml 0.05 (  0.05  44.49)  Ml+s 0.64 (  0.02  44.40)
   14   Ni  MulP 9.29 8.71 sum 18.00 diff  0.59 (  0.02  44.32)  Ml 0.05 (  0.05  44.34)  Ml+s 0.64 (  0.02  44.33)
   15   Ni  MulP 9.29 8.71 sum 18.00 diff  0.59 (  0.02  45.09)  Ml 0.05 (  0.05  45.82)  Ml+s 0.64 (  0.02  45.24)
   16   Ni  MulP 9.29 8.71 sum 18.00 diff  0.59 (  0.02  44.65)  Ml 0.05 (  0.06  44.71)  Ml+s 0.64 (  0.02  44.67)
   17   Ni  MulP 9.29 8.71 sum 18.00 diff  0.59 (  0.02  44.81)  Ml 0.05 (  0.05  44.99)  Ml+s 0.64 (  0.02  44.85)
   18   Ni  MulP 9.29 8.71 sum 18.00 diff  0.59 (  0.02  44.85)  Ml 0.05 (  0.05  46.68)  Ml+s 0.64 (  0.02  45.23)
   19   Ni  MulP 9.29 8.71 sum 18.00 diff  0.59 (  0.02  44.21)  Ml 0.05 (  0.05  45.53)  Ml+s 0.64 (  0.02  44.48)
   20   Ni  MulP 9.29 8.71 sum 18.00 diff  0.59 (  0.02  43.92)  Ml 0.05 (  0.05  42.03)  Ml+s 0.64 (  0.02  43.54)
     ..........
     ......

 Sum of MulP: up   =  3187.45643 down          =  2986.54357
              total=  6174.00000 ideal(neutral)=  6174.00000
<DFT>  Total Spin Moment    (muB) 200.912865871   Angles    0.018495362    44.579993483
<DFT>  Total Orbital Moment (muB) 17.829353868   Angles    0.054240235    44.857461255
<DFT>  Total Moment         (muB) 218.742216552   Angles    0.021408833    44.637291875
<DFT>  Mixing_weight= 0.020150191237
<DFT>  Uele   =-9092.009410008324  dUele     =   0.000064868285
<DFT>  NormRD =    0.000570007553  Criterion =   0.000001000000

******************* MD= 1  SCF=25 *******************
<Poisson>  Poisson's equation using FFT...
<Set_Hamiltonian>  Hamiltonian matrix for VNA+dVH+Vxc...
<Band>  Solving the eigenvalue problem...
 KGrids1:  -0.33333   0.00000   0.33333 
 KGrids2:  -0.33333  -0.00000   0.33333 
 KGrids3:  -0.33333   0.00000   0.33334 
<Band_DFT>  Eigen, time=126.528128
<Band_DFT>  DM, time=0.000000
    1   Ni  MulP 9.29 8.71 sum 18.00 diff  0.59 (  0.02  44.64)  Ml 0.05 (  0.05  44.88)  Ml+s 0.64 (  0.02  44.69)
    2   Ni  MulP 9.29 8.71 sum 18.00 diff  0.59 (  0.02  44.63)  Ml 0.05 (  0.06  44.83)  Ml+s 0.64 (  0.02  44.67)
    3   Ni  MulP 9.29 8.71 sum 18.00 diff  0.59 (  0.02  44.62)  Ml 0.05 (  0.05  44.84)  Ml+s 0.64 (  0.02  44.67)
    4   Ni  MulP 9.29 8.71 sum 18.00 diff  0.59 (  0.02  44.62)  Ml 0.05 (  0.06  44.87)  Ml+s 0.64 (  0.02  44.67)
    5   Ni  MulP 9.29 8.71 sum 18.00 diff  0.59 (  0.02  44.63)  Ml 0.05 (  0.05  44.85)  Ml+s 0.64 (  0.02  44.67)
    6   Ni  MulP 9.29 8.71 sum 18.00 diff  0.59 (  0.02  44.63)  Ml 0.05 (  0.05  44.84)  Ml+s 0.64 (  0.02  44.67)
    7   Ni  MulP 9.29 8.71 sum 18.00 diff  0.59 (  0.02  44.64)  Ml 0.05 (  0.05  44.87)  Ml+s 0.64 (  0.02  44.68)
    8   Ni  MulP 9.29 8.71 sum 18.00 diff  0.59 (  0.02  44.93)  Ml 0.05 (  0.05  45.03)  Ml+s 0.64 (  0.02  44.95)
    9   Ni  MulP 9.29 8.71 sum 18.00 diff  0.59 (  0.02  44.75)  Ml 0.05 (  0.05  44.43)  Ml+s 0.64 (  0.02  44.69)
   10   Ni  MulP 9.29 8.71 sum 18.00 diff  0.59 (  0.02  44.12)  Ml 0.05 (  0.05  41.50)  Ml+s 0.64 (  0.02  43.58)
   11   Ni  MulP 9.29 8.71 sum 18.00 diff  0.59 (  0.02  44.61)  Ml 0.05 (  0.05  44.08)  Ml+s 0.64 (  0.02  44.50)
   12   Ni  MulP 9.29 8.71 sum 18.00 diff  0.59 (  0.02  45.04)  Ml 0.05 (  0.06  44.95)  Ml+s 0.64 (  0.02  45.02)
   13   Ni  MulP 9.29 8.71 sum 18.00 diff  0.59 (  0.02  44.37)  Ml 0.05 (  0.05  44.04)  Ml+s 0.64 (  0.02  44.31)
   14   Ni  MulP 9.29 8.71 sum 18.00 diff  0.59 (  0.02  44.32)  Ml 0.05 (  0.06  44.01)  Ml+s 0.64 (  0.02  44.26)
   15   Ni  MulP 9.29 8.71 sum 18.00 diff  0.59 (  0.02  45.09)  Ml 0.05 (  0.05  45.35)  Ml+s 0.64 (  0.02  45.14)
   16   Ni  MulP 9.29 8.71 sum 18.00 diff  0.59 (  0.02  44.67)  Ml 0.05 (  0.06  44.85)  Ml+s 0.64 (  0.02  44.70)
   17   Ni  MulP 9.29 8.71 sum 18.00 diff  0.59 (  0.02  44.82)  Ml 0.05 (  0.05  45.20)  Ml+s 0.64 (  0.02  44.90)
   18   Ni  MulP 9.29 8.71 sum 18.00 diff  0.59 (  0.02  44.84)  Ml 0.05 (  0.05  46.31)  Ml+s 0.64 (  0.02  45.15)
   19   Ni  MulP 9.29 8.71 sum 18.00 diff  0.59 (  0.02  44.21)  Ml 0.05 (  0.06  45.22)  Ml+s 0.64 (  0.02  44.42)
   20   Ni  MulP 9.29 8.71 sum 18.00 diff  0.59 (  0.02  43.92)  Ml 0.05 (  0.05  42.38)  Ml+s 0.64 (  0.02  43.61)
     ..........
     ......

 Sum of MulP: up   =  3187.45642 down          =  2986.54358
              total=  6174.00000 ideal(neutral)=  6174.00000
<DFT>  Total Spin Moment    (muB) 200.912847076   Angles    0.018675296    44.583829462
<DFT>  Total Orbital Moment (muB) 17.829354410   Angles    0.054410354    44.858106725
<DFT>  Total Moment         (muB) 218.742198300   Angles    0.021587968    44.640175190
<DFT>  Mixing_weight= 0.020150191237
<DFT>  Uele   =-9092.009301990904  dUele     =   0.000108017421
<DFT>  NormRD =    0.000285871647  Criterion =   0.000001000000

******************* MD= 1  SCF=26 *******************
<Poisson>  Poisson's equation using FFT...
<Set_Hamiltonian>  Hamiltonian matrix for VNA+dVH+Vxc...
<Band>  Solving the eigenvalue problem...
 KGrids1:  -0.33333   0.00000   0.33333 
 KGrids2:  -0.33333  -0.00000   0.33333 
 KGrids3:  -0.33333   0.00000   0.33334 
<Band_DFT>  Eigen, time=126.664678
<Band_DFT>  DM, time=0.000000
    1   Ni  MulP 9.29 8.71 sum 18.00 diff  0.59 (  0.02  44.64)  Ml 0.05 (  0.05  44.97)  Ml+s 0.64 (  0.02  44.71)
    2   Ni  MulP 9.29 8.71 sum 18.00 diff  0.59 (  0.02  44.64)  Ml 0.05 (  0.06  44.88)  Ml+s 0.64 (  0.02  44.69)
    3   Ni  MulP 9.29 8.71 sum 18.00 diff  0.59 (  0.02  44.63)  Ml 0.05 (  0.05  44.92)  Ml+s 0.64 (  0.02  44.69)
    4   Ni  MulP 9.29 8.71 sum 18.00 diff  0.59 (  0.02  44.62)  Ml 0.05 (  0.06  44.95)  Ml+s 0.64 (  0.02  44.69)
    5   Ni  MulP 9.29 8.71 sum 18.00 diff  0.59 (  0.02  44.64)  Ml 0.05 (  0.05  44.92)  Ml+s 0.64 (  0.02  44.69)
    6   Ni  MulP 9.29 8.71 sum 18.00 diff  0.59 (  0.02  44.64)  Ml 0.05 (  0.05  44.90)  Ml+s 0.64 (  0.02  44.69)
    7   Ni  MulP 9.29 8.71 sum 18.00 diff  0.59 (  0.02  44.64)  Ml 0.05 (  0.05  44.94)  Ml+s 0.64 (  0.02  44.70)
    8   Ni  MulP 9.29 8.71 sum 18.00 diff  0.59 (  0.02  44.95)  Ml 0.05 (  0.05  45.59)  Ml+s 0.64 (  0.02  45.08)
    9   Ni  MulP 9.29 8.71 sum 18.00 diff  0.59 (  0.02  44.79)  Ml 0.05 (  0.05  44.78)  Ml+s 0.64 (  0.02  44.79)
   10   Ni  MulP 9.29 8.71 sum 18.00 diff  0.59 (  0.02  44.13)  Ml 0.05 (  0.05  41.65)  Ml+s 0.64 (  0.02  43.63)
   11   Ni  MulP 9.29 8.71 sum 18.00 diff  0.59 (  0.02  44.64)  Ml 0.05 (  0.05  44.40)  Ml+s 0.64 (  0.02  44.59)
   12   Ni  MulP 9.29 8.71 sum 18.00 diff  0.59 (  0.02  45.08)  Ml 0.05 (  0.06  45.47)  Ml+s 0.64 (  0.02  45.16)
   13   Ni  MulP 9.29 8.71 sum 18.00 diff  0.59 (  0.02  44.39)  Ml 0.05 (  0.05  44.81)  Ml+s 0.64 (  0.02  44.47)
   14   Ni  MulP 9.29 8.71 sum 18.00 diff  0.59 (  0.02  44.33)  Ml 0.05 (  0.05  44.71)  Ml+s 0.64 (  0.02  44.41)
   15   Ni  MulP 9.29 8.71 sum 18.00 diff  0.59 (  0.02  45.11)  Ml 0.05 (  0.05  45.94)  Ml+s 0.64 (  0.02  45.28)
   16   Ni  MulP 9.29 8.71 sum 18.00 diff  0.59 (  0.02  44.69)  Ml 0.05 (  0.06  45.24)  Ml+s 0.64 (  0.02  44.80)
   17   Ni  MulP 9.29 8.71 sum 18.00 diff  0.59 (  0.02  44.83)  Ml 0.05 (  0.05  45.41)  Ml+s 0.64 (  0.02  44.95)
   18   Ni  MulP 9.29 8.71 sum 18.00 diff  0.59 (  0.02  44.84)  Ml 0.05 (  0.05  46.49)  Ml+s 0.64 (  0.02  45.18)
   19   Ni  MulP 9.29 8.71 sum 18.00 diff  0.59 (  0.02  44.24)  Ml 0.05 (  0.06  45.53)  Ml+s 0.64 (  0.02  44.50)
   20   Ni  MulP 9.29 8.71 sum 18.00 diff  0.59 (  0.02  43.94)  Ml 0.05 (  0.06  43.02)  Ml+s 0.64 (  0.02  43.76)
     ..........
     ......

 Sum of MulP: up   =  3187.45645 down          =  2986.54355
              total=  6174.00000 ideal(neutral)=  6174.00000
<DFT>  Total Spin Moment    (muB) 200.912906458   Angles    0.019139295    44.593431819
<DFT>  Total Orbital Moment (muB) 17.829361111   Angles    0.054856604    44.859811874
<DFT>  Total Moment         (muB) 218.742264387   Angles    0.022050522    44.647446681
<DFT>  Mixing_weight= 0.020150191237
<DFT>  Uele   =-9092.009105413215  dUele     =   0.000196577688
<DFT>  NormRD =    0.000304587323  Criterion =   0.000001000000

******************* MD= 1  SCF=27 *******************
<Poisson>  Poisson's equation using FFT...
<Set_Hamiltonian>  Hamiltonian matrix for VNA+dVH+Vxc...
<Band>  Solving the eigenvalue problem...
 KGrids1:  -0.33333   0.00000   0.33333 
 KGrids2:  -0.33333  -0.00000   0.33333 
 KGrids3:  -0.33333   0.00000   0.33334 
<Band_DFT>  Eigen, time=126.540498
<Band_DFT>  DM, time=0.000011
    1   Ni  MulP 9.29 8.71 sum 18.00 diff  0.59 (  0.02  44.64)  Ml 0.05 (  0.05  44.83)  Ml+s 0.64 (  0.02  44.68)
    2   Ni  MulP 9.29 8.71 sum 18.00 diff  0.59 (  0.02  44.64)  Ml 0.05 (  0.06  44.77)  Ml+s 0.64 (  0.02  44.66)
    3   Ni  MulP 9.29 8.71 sum 18.00 diff  0.59 (  0.02  44.63)  Ml 0.05 (  0.05  44.80)  Ml+s 0.64 (  0.02  44.66)
    4   Ni  MulP 9.29 8.71 sum 18.00 diff  0.59 (  0.02  44.63)  Ml 0.05 (  0.06  44.82)  Ml+s 0.64 (  0.02  44.67)
    5   Ni  MulP 9.29 8.71 sum 18.00 diff  0.59 (  0.02  44.64)  Ml 0.05 (  0.05  44.79)  Ml+s 0.64 (  0.02  44.67)
    6   Ni  MulP 9.29 8.71 sum 18.00 diff  0.59 (  0.02  44.64)  Ml 0.05 (  0.05  44.79)  Ml+s 0.64 (  0.02  44.67)
    7   Ni  MulP 9.29 8.71 sum 18.00 diff  0.59 (  0.02  44.64)  Ml 0.05 (  0.05  44.81)  Ml+s 0.64 (  0.02  44.68)
    8   Ni  MulP 9.29 8.71 sum 18.00 diff  0.59 (  0.02  44.96)  Ml 0.05 (  0.05  45.27)  Ml+s 0.64 (  0.02  45.02)
    9   Ni  MulP 9.29 8.71 sum 18.00 diff  0.59 (  0.02  44.79)  Ml 0.05 (  0.05  44.42)  Ml+s 0.64 (  0.02  44.72)
   10   Ni  MulP 9.29 8.71 sum 18.00 diff  0.59 (  0.02  44.13)  Ml 0.05 (  0.05  41.36)  Ml+s 0.64 (  0.02  43.57)
   11   Ni  MulP 9.29 8.71 sum 18.00 diff  0.59 (  0.02  44.64)  Ml 0.05 (  0.06  44.04)  Ml+s 0.64 (  0.02  44.52)
   12   Ni  MulP 9.29 8.71 sum 18.00 diff  0.59 (  0.02  45.08)  Ml 0.05 (  0.06  45.22)  Ml+s 0.64 (  0.02  45.11)
   13   Ni  MulP 9.29 8.71 sum 18.00 diff  0.59 (  0.02  44.38)  Ml 0.05 (  0.05  44.63)  Ml+s 0.64 (  0.02  44.43)
   14   Ni  MulP 9.29 8.71 sum 18.00 diff  0.59 (  0.02  44.33)  Ml 0.05 (  0.05  44.49)  Ml+s 0.64 (  0.02  44.36)
   15   Ni  MulP 9.29 8.71 sum 18.00 diff  0.59 (  0.02  45.10)  Ml 0.05 (  0.05  45.58)  Ml+s 0.64 (  0.02  45.20)
   16   Ni  MulP 9.29 8.71 sum 18.00 diff  0.59 (  0.02  44.69)  Ml 0.05 (  0.06  44.79)  Ml+s 0.64 (  0.02  44.71)
   17   Ni  MulP 9.29 8.71 sum 18.00 diff  0.59 (  0.02  44.82)  Ml 0.05 (  0.05  45.04)  Ml+s 0.64 (  0.02  44.87)
   18   Ni  MulP 9.29 8.71 sum 18.00 diff  0.59 (  0.02  44.83)  Ml 0.05 (  0.06  46.36)  Ml+s 0.64 (  0.02  45.14)
   19   Ni  MulP 9.29 8.71 sum 18.00 diff  0.59 (  0.02  44.24)  Ml 0.05 (  0.06  45.35)  Ml+s 0.64 (  0.02  44.46)
   20   Ni  MulP 9.29 8.71 sum 18.00 diff  0.59 (  0.02  43.93)  Ml 0.05 (  0.06  42.61)  Ml+s 0.64 (  0.02  43.68)
     ..........
     ......

 Sum of MulP: up   =  3187.45646 down          =  2986.54354
              total=  6174.00000 ideal(neutral)=  6174.00000
<DFT>  Total Spin Moment    (muB) 200.912927442   Angles    0.019338002    44.597443070
<DFT>  Total Orbital Moment (muB) 17.829363722   Angles    0.055048262    44.860455907
<DFT>  Total Moment         (muB) 218.742287983   Angles    0.022248655    44.650484885
<DFT>  Mixing_weight= 0.020150191237
<DFT>  Uele   =-9092.009035948808  dUele     =   0.000069464408
<DFT>  NormRD =    0.000456937340  Criterion =   0.000001000000

******************* MD= 1  SCF=28 *******************
<Poisson>  Poisson's equation using FFT...
<Set_Hamiltonian>  Hamiltonian matrix for VNA+dVH+Vxc...
<Band>  Solving the eigenvalue problem...
 KGrids1:  -0.33333   0.00000   0.33333 
 KGrids2:  -0.33333  -0.00000   0.33333 
 KGrids3:  -0.33333   0.00000   0.33334 
<Band_DFT>  Eigen, time=126.468146
<Band_DFT>  DM, time=0.000000
    1   Ni  MulP 9.29 8.71 sum 18.00 diff  0.59 (  0.02  44.65)  Ml 0.05 (  0.05  44.89)  Ml+s 0.64 (  0.02  44.70)
    2   Ni  MulP 9.29 8.71 sum 18.00 diff  0.59 (  0.02  44.64)  Ml 0.05 (  0.06  44.86)  Ml+s 0.64 (  0.02  44.69)
    3   Ni  MulP 9.29 8.71 sum 18.00 diff  0.59 (  0.02  44.64)  Ml 0.05 (  0.05  44.87)  Ml+s 0.64 (  0.02  44.68)
    4   Ni  MulP 9.29 8.71 sum 18.00 diff  0.59 (  0.02  44.63)  Ml 0.05 (  0.06  44.88)  Ml+s 0.64 (  0.02  44.68)
    5   Ni  MulP 9.29 8.71 sum 18.00 diff  0.59 (  0.02  44.64)  Ml 0.05 (  0.05  44.87)  Ml+s 0.64 (  0.02  44.68)
    6   Ni  MulP 9.29 8.71 sum 18.00 diff  0.59 (  0.02  44.64)  Ml 0.05 (  0.05  44.88)  Ml+s 0.64 (  0.02  44.69)
    7   Ni  MulP 9.29 8.71 sum 18.00 diff  0.59 (  0.02  44.65)  Ml 0.05 (  0.06  44.89)  Ml+s 0.64 (  0.02  44.70)
    8   Ni  MulP 9.29 8.71 sum 18.00 diff  0.59 (  0.02  44.96)  Ml 0.05 (  0.05  45.21)  Ml+s 0.64 (  0.02  45.01)
    9   Ni  MulP 9.29 8.71 sum 18.00 diff  0.59 (  0.02  44.80)  Ml 0.05 (  0.05  44.34)  Ml+s 0.64 (  0.02  44.71)
   10   Ni  MulP 9.29 8.71 sum 18.00 diff  0.59 (  0.02  44.13)  Ml 0.05 (  0.06  41.48)  Ml+s 0.64 (  0.02  43.60)
   11   Ni  MulP 9.29 8.71 sum 18.00 diff  0.59 (  0.02  44.65)  Ml 0.05 (  0.06  43.94)  Ml+s 0.64 (  0.02  44.50)
   12   Ni  MulP 9.29 8.71 sum 18.00 diff  0.59 (  0.02  45.09)  Ml 0.05 (  0.06  45.20)  Ml+s 0.64 (  0.02  45.11)
   13   Ni  MulP 9.29 8.71 sum 18.00 diff  0.59 (  0.02  44.38)  Ml 0.05 (  0.05  44.68)  Ml+s 0.64 (  0.02  44.44)
   14   Ni  MulP 9.29 8.71 sum 18.00 diff  0.59 (  0.02  44.33)  Ml 0.05 (  0.06  44.51)  Ml+s 0.64 (  0.02  44.36)
   15   Ni  MulP 9.29 8.71 sum 18.00 diff  0.59 (  0.02  45.10)  Ml 0.05 (  0.05  45.49)  Ml+s 0.64 (  0.02  45.18)
   16   Ni  MulP 9.29 8.71 sum 18.00 diff  0.59 (  0.02  44.70)  Ml 0.05 (  0.06  44.59)  Ml+s 0.64 (  0.02  44.67)
   17   Ni  MulP 9.29 8.71 sum 18.00 diff  0.59 (  0.02  44.82)  Ml 0.05 (  0.05  44.98)  Ml+s 0.64 (  0.02  44.85)
   18   Ni  MulP 9.29 8.71 sum 18.00 diff  0.59 (  0.02  44.83)  Ml 0.05 (  0.06  46.63)  Ml+s 0.64 (  0.02  45.19)
   19   Ni  MulP 9.29 8.71 sum 18.00 diff  0.59 (  0.02  44.24)  Ml 0.05 (  0.06  45.51)  Ml+s 0.64 (  0.02  44.50)
   20   Ni  MulP 9.29 8.71 sum 18.00 diff  0.59 (  0.02  43.93)  Ml 0.05 (  0.06  42.31)  Ml+s 0.64 (  0.02  43.62)
     ..........
     ......

 Sum of MulP: up   =  3187.45647 down          =  2986.54353
              total=  6174.00000 ideal(neutral)=  6174.00000
<DFT>  Total Spin Moment    (muB) 200.912947332   Angles    0.019567959    44.602033572
<DFT>  Total Orbital Moment (muB) 17.829366505   Angles    0.055270441    44.861264744
<DFT>  Total Moment         (muB) 218.742310658   Angles    0.022477979    44.653988235
<DFT>  Mixing_weight= 0.020150191237
<DFT>  Uele   =-9092.008975604780  dUele     =   0.000060344028
<DFT>  NormRD =    0.000543807595  Criterion =   0.000001000000

******************* MD= 1  SCF=29 *******************
<Poisson>  Poisson's equation using FFT...
<Set_Hamiltonian>  Hamiltonian matrix for VNA+dVH+Vxc...
<Band>  Solving the eigenvalue problem...
 KGrids1:  -0.33333   0.00000   0.33333 
 KGrids2:  -0.33333  -0.00000   0.33333 
 KGrids3:  -0.33333   0.00000   0.33334 
<Band_DFT>  Eigen, time=126.594358
<Band_DFT>  DM, time=0.000000
    1   Ni  MulP 9.29 8.71 sum 18.00 diff  0.59 (  0.02  44.65)  Ml 0.05 (  0.05  44.87)  Ml+s 0.64 (  0.02  44.69)
    2   Ni  MulP 9.29 8.71 sum 18.00 diff  0.59 (  0.02  44.64)  Ml 0.05 (  0.06  44.86)  Ml+s 0.64 (  0.02  44.69)
    3   Ni  MulP 9.29 8.71 sum 18.00 diff  0.59 (  0.02  44.64)  Ml 0.05 (  0.05  44.86)  Ml+s 0.64 (  0.02  44.68)
    4   Ni  MulP 9.29 8.71 sum 18.00 diff  0.59 (  0.02  44.63)  Ml 0.05 (  0.06  44.87)  Ml+s 0.64 (  0.02  44.68)
    5   Ni  MulP 9.29 8.71 sum 18.00 diff  0.59 (  0.02  44.64)  Ml 0.05 (  0.05  44.86)  Ml+s 0.64 (  0.02  44.68)
    6   Ni  MulP 9.29 8.71 sum 18.00 diff  0.59 (  0.02  44.64)  Ml 0.05 (  0.05  44.87)  Ml+s 0.64 (  0.02  44.69)
    7   Ni  MulP 9.29 8.71 sum 18.00 diff  0.59 (  0.02  44.65)  Ml 0.05 (  0.06  44.87)  Ml+s 0.64 (  0.02  44.69)
    8   Ni  MulP 9.29 8.71 sum 18.00 diff  0.59 (  0.02  44.96)  Ml 0.05 (  0.05  45.05)  Ml+s 0.64 (  0.02  44.98)
    9   Ni  MulP 9.29 8.71 sum 18.00 diff  0.59 (  0.02  44.80)  Ml 0.05 (  0.05  44.26)  Ml+s 0.64 (  0.02  44.69)
   10   Ni  MulP 9.29 8.71 sum 18.00 diff  0.59 (  0.02  44.13)  Ml 0.05 (  0.06  41.54)  Ml+s 0.64 (  0.02  43.61)
   11   Ni  MulP 9.29 8.71 sum 18.00 diff  0.59 (  0.02  44.65)  Ml 0.05 (  0.06  43.83)  Ml+s 0.64 (  0.02  44.48)
   12   Ni  MulP 9.29 8.71 sum 18.00 diff  0.59 (  0.02  45.09)  Ml 0.05 (  0.06  45.01)  Ml+s 0.64 (  0.02  45.08)
   13   Ni  MulP 9.29 8.71 sum 18.00 diff  0.59 (  0.02  44.38)  Ml 0.05 (  0.06  44.47)  Ml+s 0.64 (  0.02  44.40)
   14   Ni  MulP 9.29 8.71 sum 18.00 diff  0.59 (  0.02  44.32)  Ml 0.05 (  0.06  44.34)  Ml+s 0.64 (  0.02  44.33)
   15   Ni  MulP 9.29 8.71 sum 18.00 diff  0.59 (  0.02  45.10)  Ml 0.05 (  0.05  45.58)  Ml+s 0.64 (  0.02  45.20)
   16   Ni  MulP 9.29 8.71 sum 18.00 diff  0.59 (  0.02  44.70)  Ml 0.05 (  0.06  44.59)  Ml+s 0.64 (  0.02  44.68)
   17   Ni  MulP 9.29 8.71 sum 18.00 diff  0.59 (  0.02  44.82)  Ml 0.05 (  0.05  44.85)  Ml+s 0.64 (  0.02  44.83)
   18   Ni  MulP 9.29 8.71 sum 18.00 diff  0.59 (  0.02  44.82)  Ml 0.05 (  0.06  46.41)  Ml+s 0.64 (  0.02  45.14)
   19   Ni  MulP 9.29 8.71 sum 18.00 diff  0.59 (  0.02  44.24)  Ml 0.05 (  0.06  45.27)  Ml+s 0.64 (  0.02  44.45)
   20   Ni  MulP 9.29 8.71 sum 18.00 diff  0.59 (  0.02  43.92)  Ml 0.05 (  0.06  42.11)  Ml+s 0.64 (  0.02  43.58)
     ..........
     ......

 Sum of MulP: up   =  3187.45647 down          =  2986.54353
              total=  6174.00000 ideal(neutral)=  6174.00000
<DFT>  Total Spin Moment    (muB) 200.912936618   Angles    0.019667107    44.604068749
<DFT>  Total Orbital Moment (muB) 17.829366659   Angles    0.055366693    44.861551578
<DFT>  Total Moment         (muB) 218.742300097   Angles    0.022576891    44.655536405
<DFT>  Mixing_weight= 0.020150191237
<DFT>  Uele   =-9092.008979090648  dUele     =   0.000003485868
<DFT>  NormRD =    0.000306815993  Criterion =   0.000001000000

******************* MD= 1  SCF=30 *******************
<Poisson>  Poisson's equation using FFT...
<Set_Hamiltonian>  Hamiltonian matrix for VNA+dVH+Vxc...
<Band>  Solving the eigenvalue problem...
 KGrids1:  -0.33333   0.00000   0.33333 
 KGrids2:  -0.33333  -0.00000   0.33333 
 KGrids3:  -0.33333   0.00000   0.33334 
<Band_DFT>  Eigen, time=126.624477
<Band_DFT>  DM, time=0.000000
    1   Ni  MulP 9.29 8.71 sum 18.00 diff  0.59 (  0.02  44.65)  Ml 0.05 (  0.05  44.87)  Ml+s 0.64 (  0.02  44.69)
    2   Ni  MulP 9.29 8.71 sum 18.00 diff  0.59 (  0.02  44.64)  Ml 0.05 (  0.06  44.87)  Ml+s 0.64 (  0.02  44.69)
    3   Ni  MulP 9.29 8.71 sum 18.00 diff  0.59 (  0.02  44.64)  Ml 0.05 (  0.05  44.87)  Ml+s 0.64 (  0.02  44.69)
    4   Ni  MulP 9.29 8.71 sum 18.00 diff  0.59 (  0.02  44.63)  Ml 0.05 (  0.06  44.87)  Ml+s 0.64 (  0.02  44.68)
    5   Ni  MulP 9.29 8.71 sum 18.00 diff  0.59 (  0.02  44.64)  Ml 0.05 (  0.05  44.87)  Ml+s 0.64 (  0.02  44.69)
    6   Ni  MulP 9.29 8.71 sum 18.00 diff  0.59 (  0.02  44.65)  Ml 0.05 (  0.05  44.88)  Ml+s 0.64 (  0.02  44.69)
    7   Ni  MulP 9.29 8.71 sum 18.00 diff  0.59 (  0.02  44.65)  Ml 0.05 (  0.06  44.88)  Ml+s 0.64 (  0.02  44.70)
    8   Ni  MulP 9.29 8.71 sum 18.00 diff  0.59 (  0.02  44.97)  Ml 0.05 (  0.05  45.07)  Ml+s 0.64 (  0.02  44.99)
    9   Ni  MulP 9.29 8.71 sum 18.00 diff  0.59 (  0.02  44.80)  Ml 0.05 (  0.05  44.33)  Ml+s 0.64 (  0.02  44.71)
   10   Ni  MulP 9.29 8.71 sum 18.00 diff  0.59 (  0.02  44.14)  Ml 0.05 (  0.06  41.69)  Ml+s 0.64 (  0.02  43.65)
   11   Ni  MulP 9.29 8.71 sum 18.00 diff  0.59 (  0.02  44.65)  Ml 0.05 (  0.06  43.93)  Ml+s 0.64 (  0.02  44.50)
   12   Ni  MulP 9.29 8.71 sum 18.00 diff  0.59 (  0.02  45.10)  Ml 0.05 (  0.06  45.01)  Ml+s 0.64 (  0.02  45.08)
   13   Ni  MulP 9.29 8.71 sum 18.00 diff  0.59 (  0.02  44.38)  Ml 0.05 (  0.06  44.47)  Ml+s 0.64 (  0.02  44.40)
   14   Ni  MulP 9.29 8.71 sum 18.00 diff  0.59 (  0.02  44.32)  Ml 0.05 (  0.06  44.37)  Ml+s 0.64 (  0.02  44.33)
   15   Ni  MulP 9.29 8.71 sum 18.00 diff  0.59 (  0.02  45.10)  Ml 0.05 (  0.06  45.60)  Ml+s 0.64 (  0.02  45.20)
   16   Ni  MulP 9.29 8.71 sum 18.00 diff  0.59 (  0.02  44.70)  Ml 0.05 (  0.06  44.70)  Ml+s 0.64 (  0.02  44.70)
   17   Ni  MulP 9.29 8.71 sum 18.00 diff  0.59 (  0.02  44.83)  Ml 0.05 (  0.05  45.00)  Ml+s 0.64 (  0.02  44.86)
   18   Ni  MulP 9.29 8.71 sum 18.00 diff  0.59 (  0.02  44.82)  Ml 0.05 (  0.06  46.47)  Ml+s 0.64 (  0.02  45.15)
   19   Ni  MulP 9.29 8.71 sum 18.00 diff  0.59 (  0.02  44.24)  Ml 0.05 (  0.06  45.37)  Ml+s 0.64 (  0.02  44.46)
   20   Ni  MulP 9.29 8.71 sum 18.00 diff  0.59 (  0.02  43.92)  Ml 0.05 (  0.06  42.22)  Ml+s 0.64 (  0.02  43.60)
     ..........
     ......

 Sum of MulP: up   =  3187.45645 down          =  2986.54355
              total=  6174.00000 ideal(neutral)=  6174.00000
<DFT>  Total Spin Moment    (muB) 200.912900663   Angles    0.019767013    44.606202460
<DFT>  Total Orbital Moment (muB) 17.829365435   Angles    0.055464179    44.861784615
<DFT>  Total Moment         (muB) 218.742262920   Angles    0.022676601    44.657155124
<DFT>  Mixing_weight= 0.020150191237
<DFT>  Uele   =-9092.009014961055  dUele     =   0.000035870407
<DFT>  NormRD =    0.000282725334  Criterion =   0.000001000000

******************* MD= 1  SCF=31 *******************
<Poisson>  Poisson's equation using FFT...
<Set_Hamiltonian>  Hamiltonian matrix for VNA+dVH+Vxc...
<Band>  Solving the eigenvalue problem...
 KGrids1:  -0.33333   0.00000   0.33333 
 KGrids2:  -0.33333  -0.00000   0.33333 
 KGrids3:  -0.33333   0.00000   0.33334 
<Band_DFT>  Eigen, time=186.775313
<Band_DFT>  DM, time=0.000000
    1   Ni  MulP 9.29 8.71 sum 18.00 diff  0.59 (  0.02  44.65)  Ml 0.05 (  0.06  44.79)  Ml+s 0.64 (  0.02  44.68)
    2   Ni  MulP 9.29 8.71 sum 18.00 diff  0.59 (  0.02  44.65)  Ml 0.05 (  0.06  44.79)  Ml+s 0.64 (  0.02  44.68)
    3   Ni  MulP 9.29 8.71 sum 18.00 diff  0.59 (  0.02  44.65)  Ml 0.05 (  0.05  44.78)  Ml+s 0.64 (  0.02  44.67)
    4   Ni  MulP 9.29 8.71 sum 18.00 diff  0.59 (  0.02  44.64)  Ml 0.05 (  0.06  44.79)  Ml+s 0.64 (  0.02  44.67)
    5   Ni  MulP 9.29 8.71 sum 18.00 diff  0.59 (  0.02  44.65)  Ml 0.05 (  0.05  44.78)  Ml+s 0.64 (  0.02  44.67)
    6   Ni  MulP 9.29 8.71 sum 18.00 diff  0.59 (  0.02  44.65)  Ml 0.05 (  0.06  44.79)  Ml+s 0.64 (  0.02  44.68)
    7   Ni  MulP 9.29 8.71 sum 18.00 diff  0.59 (  0.02  44.65)  Ml 0.05 (  0.06  44.80)  Ml+s 0.64 (  0.02  44.68)
    8   Ni  MulP 9.29 8.71 sum 18.00 diff  0.59 (  0.02  44.97)  Ml 0.05 (  0.05  45.03)  Ml+s 0.64 (  0.02  44.98)
    9   Ni  MulP 9.29 8.71 sum 18.00 diff  0.59 (  0.02  44.81)  Ml 0.05 (  0.06  44.27)  Ml+s 0.64 (  0.02  44.70)
   10   Ni  MulP 9.29 8.71 sum 18.00 diff  0.59 (  0.02  44.14)  Ml 0.05 (  0.06  41.58)  Ml+s 0.64 (  0.02  43.63)
   11   Ni  MulP 9.29 8.71 sum 18.00 diff  0.59 (  0.02  44.65)  Ml 0.05 (  0.06  43.86)  Ml+s 0.64 (  0.02  44.49)
   12   Ni  MulP 9.29 8.71 sum 18.00 diff  0.59 (  0.02  45.09)  Ml 0.05 (  0.06  44.99)  Ml+s 0.64 (  0.02  45.07)
   13   Ni  MulP 9.29 8.71 sum 18.00 diff  0.59 (  0.02  44.37)  Ml 0.05 (  0.06  44.46)  Ml+s 0.64 (  0.02  44.39)
   14   Ni  MulP 9.29 8.71 sum 18.00 diff  0.59 (  0.02  44.31)  Ml 0.05 (  0.06  44.35)  Ml+s 0.64 (  0.02  44.32)
   15   Ni  MulP 9.29 8.71 sum 18.00 diff  0.59 (  0.02  45.09)  Ml 0.05 (  0.06  45.50)  Ml+s 0.64 (  0.02  45.17)
   16   Ni  MulP 9.29 8.71 sum 18.00 diff  0.59 (  0.02  44.71)  Ml 0.05 (  0.06  44.62)  Ml+s 0.64 (  0.02  44.69)
   17   Ni  MulP 9.29 8.71 sum 18.00 diff  0.59 (  0.02  44.84)  Ml 0.05 (  0.05  44.94)  Ml+s 0.64 (  0.02  44.86)
   18   Ni  MulP 9.29 8.71 sum 18.00 diff  0.59 (  0.02  44.81)  Ml 0.05 (  0.06  46.37)  Ml+s 0.64 (  0.02  45.12)
   19   Ni  MulP 9.29 8.71 sum 18.00 diff  0.59 (  0.02  44.23)  Ml 0.05 (  0.06  45.34)  Ml+s 0.64 (  0.02  44.45)
   20   Ni  MulP 9.29 8.71 sum 18.00 diff  0.59 (  0.02  43.91)  Ml 0.05 (  0.06  42.27)  Ml+s 0.64 (  0.02  43.60)
     ..........
     ......

 Sum of MulP: up   =  3187.45638 down          =  2986.54362
              total=  6174.00000 ideal(neutral)=  6174.00000
<DFT>  Total Spin Moment    (muB) 200.912766245   Angles    0.020087790    44.612965434
<DFT>  Total Orbital Moment (muB) 17.829360354   Angles    0.055777898    44.862436467
<DFT>  Total Moment         (muB) 218.742123422   Angles    0.022996806    44.662284713
<DFT>  Mixing_weight= 0.020150191237
<DFT>  Uele   =-9092.009145618969  dUele     =   0.000130657914
<DFT>  NormRD =    0.000276298306  Criterion =   0.000001000000

******************* MD= 1  SCF=32 *******************
<Poisson>  Poisson's equation using FFT...
<Set_Hamiltonian>  Hamiltonian matrix for VNA+dVH+Vxc...
<Band>  Solving the eigenvalue problem...
 KGrids1:  -0.33333   0.00000   0.33333 
 KGrids2:  -0.33333  -0.00000   0.33333 
 KGrids3:  -0.33333   0.00000   0.33334 
<Band_DFT>  Eigen, time=126.399157
<Band_DFT>  DM, time=0.000000
    1   Ni  MulP 9.29 8.71 sum 18.00 diff  0.59 (  0.02  44.66)  Ml 0.05 (  0.06  44.98)  Ml+s 0.64 (  0.02  44.73)
    2   Ni  MulP 9.29 8.71 sum 18.00 diff  0.59 (  0.02  44.66)  Ml 0.05 (  0.06  44.93)  Ml+s 0.64 (  0.02  44.72)
    3   Ni  MulP 9.29 8.71 sum 18.00 diff  0.59 (  0.02  44.66)  Ml 0.05 (  0.05  44.94)  Ml+s 0.64 (  0.02  44.71)
    4   Ni  MulP 9.29 8.71 sum 18.00 diff  0.59 (  0.02  44.66)  Ml 0.05 (  0.06  44.98)  Ml+s 0.64 (  0.02  44.72)
    5   Ni  MulP 9.29 8.71 sum 18.00 diff  0.59 (  0.02  44.66)  Ml 0.05 (  0.06  44.96)  Ml+s 0.64 (  0.02  44.72)
    6   Ni  MulP 9.29 8.71 sum 18.00 diff  0.59 (  0.02  44.66)  Ml 0.05 (  0.06  44.95)  Ml+s 0.64 (  0.02  44.72)
    7   Ni  MulP 9.29 8.71 sum 18.00 diff  0.59 (  0.02  44.66)  Ml 0.05 (  0.06  44.97)  Ml+s 0.64 (  0.02  44.72)
    8   Ni  MulP 9.29 8.71 sum 18.00 diff  0.59 (  0.02  44.93)  Ml 0.05 (  0.05  45.55)  Ml+s 0.64 (  0.02  45.05)
    9   Ni  MulP 9.29 8.71 sum 18.00 diff  0.59 (  0.02  44.78)  Ml 0.05 (  0.06  44.68)  Ml+s 0.64 (  0.02  44.76)
   10   Ni  MulP 9.29 8.71 sum 18.00 diff  0.59 (  0.02  44.17)  Ml 0.05 (  0.06  41.45)  Ml+s 0.64 (  0.02  43.64)
   11   Ni  MulP 9.29 8.71 sum 18.00 diff  0.59 (  0.02  44.61)  Ml 0.05 (  0.06  44.24)  Ml+s 0.64 (  0.02  44.54)
   12   Ni  MulP 9.29 8.71 sum 18.00 diff  0.59 (  0.02  44.99)  Ml 0.05 (  0.06  45.48)  Ml+s 0.64 (  0.02  45.09)
   13   Ni  MulP 9.29 8.71 sum 18.00 diff  0.59 (  0.02  44.32)  Ml 0.05 (  0.06  45.28)  Ml+s 0.64 (  0.02  44.50)
   14   Ni  MulP 9.29 8.71 sum 18.00 diff  0.59 (  0.02  44.26)  Ml 0.05 (  0.06  45.19)  Ml+s 0.64 (  0.02  44.44)
   15   Ni  MulP 9.29 8.71 sum 18.00 diff  0.59 (  0.02  45.01)  Ml 0.05 (  0.06  45.35)  Ml+s 0.64 (  0.02  45.08)
   16   Ni  MulP 9.29 8.71 sum 18.00 diff  0.59 (  0.02  44.70)  Ml 0.05 (  0.06  44.59)  Ml+s 0.64 (  0.02  44.68)
   17   Ni  MulP 9.29 8.71 sum 18.00 diff  0.59 (  0.02  44.91)  Ml 0.05 (  0.06  44.97)  Ml+s 0.64 (  0.02  44.92)
   18   Ni  MulP 9.29 8.71 sum 18.00 diff  0.59 (  0.02  44.78)  Ml 0.05 (  0.06  46.15)  Ml+s 0.64 (  0.02  45.05)
   19   Ni  MulP 9.29 8.71 sum 18.00 diff  0.59 (  0.02  44.11)  Ml 0.05 (  0.06  45.69)  Ml+s 0.64 (  0.02  44.42)
   20   Ni  MulP 9.29 8.71 sum 18.00 diff  0.59 (  0.02  43.84)  Ml 0.05 (  0.06  43.18)  Ml+s 0.64 (  0.02  43.72)
     ..........
     ......

 Sum of MulP: up   =  3187.45568 down          =  2986.54432
              total=  6174.00000 ideal(neutral)=  6174.00000
<DFT>  Total Spin Moment    (muB) 200.911357760   Angles    0.021059304    44.636609376
<DFT>  Total Orbital Moment (muB) 17.829289347   Angles    0.056760098    44.861966348
<DFT>  Total Moment         (muB) 218.740643928   Angles    0.023969204    44.680106839
<DFT>  Mixing_weight= 0.020150191237
<DFT>  Uele   =-9092.011170862745  dUele     =   0.002025243775
<DFT>  NormRD =    0.000326913712  Criterion =   0.000001000000

******************* MD= 1  SCF=33 *******************
<Poisson>  Poisson's equation using FFT...
<Set_Hamiltonian>  Hamiltonian matrix for VNA+dVH+Vxc...
<Band>  Solving the eigenvalue problem...
 KGrids1:  -0.33333   0.00000   0.33333 
 KGrids2:  -0.33333  -0.00000   0.33333 
 KGrids3:  -0.33333   0.00000   0.33334 
<Band_DFT>  Eigen, time=187.088468
<Band_DFT>  DM, time=0.000000
    1   Ni  MulP 9.29 8.71 sum 18.00 diff  0.59 (  0.02  44.69)  Ml 0.05 (  0.06  44.76)  Ml+s 0.64 (  0.03  44.71)
    2   Ni  MulP 9.29 8.71 sum 18.00 diff  0.59 (  0.02  44.70)  Ml 0.05 (  0.06  44.72)  Ml+s 0.64 (  0.03  44.70)
    3   Ni  MulP 9.29 8.71 sum 18.00 diff  0.59 (  0.02  44.70)  Ml 0.05 (  0.06  44.73)  Ml+s 0.64 (  0.03  44.71)
    4   Ni  MulP 9.29 8.71 sum 18.00 diff  0.59 (  0.02  44.70)  Ml 0.05 (  0.06  44.77)  Ml+s 0.64 (  0.03  44.71)
    5   Ni  MulP 9.29 8.71 sum 18.00 diff  0.59 (  0.02  44.70)  Ml 0.05 (  0.06  44.74)  Ml+s 0.64 (  0.03  44.71)
    6   Ni  MulP 9.29 8.71 sum 18.00 diff  0.59 (  0.02  44.69)  Ml 0.05 (  0.06  44.73)  Ml+s 0.64 (  0.03  44.70)
    7   Ni  MulP 9.29 8.71 sum 18.00 diff  0.59 (  0.02  44.69)  Ml 0.05 (  0.06  44.74)  Ml+s 0.64 (  0.03  44.70)
    8   Ni  MulP 9.29 8.71 sum 18.00 diff  0.59 (  0.02  44.98)  Ml 0.05 (  0.06  45.24)  Ml+s 0.64 (  0.03  45.03)
    9   Ni  MulP 9.29 8.71 sum 18.00 diff  0.59 (  0.02  44.87)  Ml 0.05 (  0.06  44.33)  Ml+s 0.64 (  0.03  44.77)
   10   Ni  MulP 9.29 8.71 sum 18.00 diff  0.59 (  0.02  44.19)  Ml 0.05 (  0.06  41.41)  Ml+s 0.64 (  0.03  43.70)
   11   Ni  MulP 9.29 8.71 sum 18.00 diff  0.59 (  0.02  44.68)  Ml 0.05 (  0.06  43.94)  Ml+s 0.64 (  0.03  44.54)
   12   Ni  MulP 9.29 8.71 sum 18.00 diff  0.59 (  0.02  45.03)  Ml 0.05 (  0.06  45.13)  Ml+s 0.64 (  0.03  45.05)
   13   Ni  MulP 9.29 8.71 sum 18.00 diff  0.59 (  0.02  44.29)  Ml 0.05 (  0.06  44.53)  Ml+s 0.64 (  0.03  44.34)
   14   Ni  MulP 9.29 8.71 sum 18.00 diff  0.59 (  0.02  44.23)  Ml 0.05 (  0.06  44.47)  Ml+s 0.64 (  0.03  44.27)
   15   Ni  MulP 9.29 8.71 sum 18.00 diff  0.59 (  0.02  44.99)  Ml 0.05 (  0.06  45.35)  Ml+s 0.64 (  0.03  45.06)
   16   Ni  MulP 9.29 8.71 sum 18.00 diff  0.59 (  0.02  44.78)  Ml 0.05 (  0.06  44.68)  Ml+s 0.64 (  0.03  44.76)
   17   Ni  MulP 9.29 8.71 sum 18.00 diff  0.59 (  0.02  44.95)  Ml 0.05 (  0.06  44.92)  Ml+s 0.64 (  0.03  44.95)
   18   Ni  MulP 9.29 8.71 sum 18.00 diff  0.59 (  0.02  44.73)  Ml 0.05 (  0.06  45.96)  Ml+s 0.64 (  0.03  44.95)
   19   Ni  MulP 9.29 8.71 sum 18.00 diff  0.59 (  0.02  44.11)  Ml 0.05 (  0.06  45.24)  Ml+s 0.64 (  0.03  44.32)
   20   Ni  MulP 9.29 8.71 sum 18.00 diff  0.59 (  0.02  43.81)  Ml 0.05 (  0.06  42.74)  Ml+s 0.64 (  0.03  43.62)
     ..........
     ......

 Sum of MulP: up   =  3187.45481 down          =  2986.54519
              total=  6174.00000 ideal(neutral)=  6174.00000
<DFT>  Total Spin Moment    (muB) 200.909614491   Angles    0.024704301    44.692910414
<DFT>  Total Orbital Moment (muB) 17.829223490   Angles    0.060268836    44.869510480
<DFT>  Total Moment         (muB) 218.738834826   Angles    0.027603118    44.724339470
<DFT>  Mixing_weight= 0.020150191237
<DFT>  Uele   =-9092.011725501548  dUele     =   0.000554638804
<DFT>  NormRD =    0.000490437671  Criterion =   0.000001000000

******************* MD= 1  SCF=34 *******************
<Poisson>  Poisson's equation using FFT...
<Set_Hamiltonian>  Hamiltonian matrix for VNA+dVH+Vxc...
<Band>  Solving the eigenvalue problem...
 KGrids1:  -0.33333   0.00000   0.33333 
 KGrids2:  -0.33333  -0.00000   0.33333 
 KGrids3:  -0.33333   0.00000   0.33334 
<Band_DFT>  Eigen, time=126.677354
<Band_DFT>  DM, time=0.000000
    1   Ni  MulP 9.29 8.71 sum 18.00 diff  0.59 (  0.02  44.70)  Ml 0.05 (  0.06  44.88)  Ml+s 0.64 (  0.03  44.73)
    2   Ni  MulP 9.29 8.71 sum 18.00 diff  0.59 (  0.02  44.70)  Ml 0.05 (  0.06  44.88)  Ml+s 0.64 (  0.03  44.73)
    3   Ni  MulP 9.29 8.71 sum 18.00 diff  0.59 (  0.02  44.71)  Ml 0.05 (  0.06  44.89)  Ml+s 0.64 (  0.03  44.74)
    4   Ni  MulP 9.29 8.71 sum 18.00 diff  0.59 (  0.02  44.70)  Ml 0.05 (  0.06  44.89)  Ml+s 0.64 (  0.03  44.73)
    5   Ni  MulP 9.29 8.71 sum 18.00 diff  0.59 (  0.02  44.70)  Ml 0.05 (  0.06  44.88)  Ml+s 0.64 (  0.03  44.73)
    6   Ni  MulP 9.29 8.71 sum 18.00 diff  0.59 (  0.02  44.70)  Ml 0.05 (  0.06  44.88)  Ml+s 0.64 (  0.03  44.73)
    7   Ni  MulP 9.29 8.71 sum 18.00 diff  0.59 (  0.02  44.69)  Ml 0.05 (  0.06  44.88)  Ml+s 0.64 (  0.03  44.72)
    8   Ni  MulP 9.29 8.71 sum 18.00 diff  0.59 (  0.02  44.99)  Ml 0.05 (  0.06  45.14)  Ml+s 0.64 (  0.03  45.01)
    9   Ni  MulP 9.29 8.71 sum 18.00 diff  0.59 (  0.02  44.87)  Ml 0.05 (  0.06  44.28)  Ml+s 0.64 (  0.03  44.77)
   10   Ni  MulP 9.29 8.71 sum 18.00 diff  0.59 (  0.02  44.20)  Ml 0.05 (  0.06  41.77)  Ml+s 0.64 (  0.03  43.76)
   11   Ni  MulP 9.29 8.71 sum 18.00 diff  0.59 (  0.02  44.69)  Ml 0.05 (  0.06  43.95)  Ml+s 0.64 (  0.03  44.55)
   12   Ni  MulP 9.29 8.71 sum 18.00 diff  0.59 (  0.02  45.04)  Ml 0.05 (  0.06  44.97)  Ml+s 0.64 (  0.03  45.03)
   13   Ni  MulP 9.29 8.71 sum 18.00 diff  0.59 (  0.02  44.30)  Ml 0.05 (  0.06  44.09)  Ml+s 0.64 (  0.03  44.26)
   14   Ni  MulP 9.29 8.71 sum 18.00 diff  0.59 (  0.02  44.24)  Ml 0.05 (  0.06  44.01)  Ml+s 0.64 (  0.03  44.20)
   15   Ni  MulP 9.29 8.71 sum 18.00 diff  0.59 (  0.02  45.00)  Ml 0.05 (  0.06  45.82)  Ml+s 0.64 (  0.03  45.15)
   16   Ni  MulP 9.29 8.71 sum 18.00 diff  0.59 (  0.02  44.79)  Ml 0.05 (  0.06  44.93)  Ml+s 0.64 (  0.03  44.81)
   17   Ni  MulP 9.29 8.71 sum 18.00 diff  0.59 (  0.02  44.93)  Ml 0.05 (  0.06  44.97)  Ml+s 0.64 (  0.03  44.94)
   18   Ni  MulP 9.29 8.71 sum 18.00 diff  0.59 (  0.02  44.74)  Ml 0.05 (  0.06  46.38)  Ml+s 0.64 (  0.03  45.04)
   19   Ni  MulP 9.29 8.71 sum 18.00 diff  0.59 (  0.02  44.13)  Ml 0.05 (  0.06  45.18)  Ml+s 0.64 (  0.03  44.33)
   20   Ni  MulP 9.29 8.71 sum 18.00 diff  0.59 (  0.02  43.83)  Ml 0.05 (  0.06  42.21)  Ml+s 0.64 (  0.03  43.54)
     ..........
     ......

 Sum of MulP: up   =  3187.45483 down          =  2986.54517
              total=  6174.00000 ideal(neutral)=  6174.00000
<DFT>  Total Spin Moment    (muB) 200.909666052   Angles    0.024650505    44.691577174
<DFT>  Total Orbital Moment (muB) 17.829224071   Angles    0.060217041    44.869699828
<DFT>  Total Moment         (muB) 218.738886967   Angles    0.027549484    44.723311611
<DFT>  Mixing_weight= 0.020150191237
<DFT>  Uele   =-9092.011442865261  dUele     =   0.000282636287
<DFT>  NormRD =    0.001003324035  Criterion =   0.000001000000

******************* MD= 1  SCF=35 *******************
<Poisson>  Poisson's equation using FFT...
<Set_Hamiltonian>  Hamiltonian matrix for VNA+dVH+Vxc...
<Band>  Solving the eigenvalue problem...
 KGrids1:  -0.33333   0.00000   0.33333 
 KGrids2:  -0.33333  -0.00000   0.33333 
 KGrids3:  -0.33333   0.00000   0.33334 
<Band_DFT>  Eigen, time=126.686277
<Band_DFT>  DM, time=0.000000
    1   Ni  MulP 9.29 8.71 sum 18.00 diff  0.59 (  0.02  44.69)  Ml 0.05 (  0.06  44.84)  Ml+s 0.64 (  0.03  44.72)
    2   Ni  MulP 9.29 8.71 sum 18.00 diff  0.59 (  0.02  44.70)  Ml 0.05 (  0.06  44.91)  Ml+s 0.64 (  0.03  44.74)
    3   Ni  MulP 9.29 8.71 sum 18.00 diff  0.59 (  0.02  44.70)  Ml 0.05 (  0.06  44.93)  Ml+s 0.64 (  0.03  44.74)
    4   Ni  MulP 9.29 8.71 sum 18.00 diff  0.59 (  0.02  44.69)  Ml 0.05 (  0.06  44.88)  Ml+s 0.64 (  0.03  44.73)
    5   Ni  MulP 9.29 8.71 sum 18.00 diff  0.59 (  0.02  44.70)  Ml 0.05 (  0.06  44.89)  Ml+s 0.64 (  0.03  44.73)
    6   Ni  MulP 9.29 8.71 sum 18.00 diff  0.59 (  0.02  44.69)  Ml 0.05 (  0.06  44.91)  Ml+s 0.64 (  0.03  44.73)
    7   Ni  MulP 9.29 8.71 sum 18.00 diff  0.59 (  0.02  44.69)  Ml 0.05 (  0.06  44.87)  Ml+s 0.64 (  0.03  44.72)
    8   Ni  MulP 9.29 8.71 sum 18.00 diff  0.59 (  0.02  45.00)  Ml 0.05 (  0.06  45.21)  Ml+s 0.64 (  0.03  45.04)
    9   Ni  MulP 9.29 8.71 sum 18.00 diff  0.59 (  0.02  44.89)  Ml 0.05 (  0.06  44.25)  Ml+s 0.64 (  0.03  44.77)
   10   Ni  MulP 9.29 8.71 sum 18.00 diff  0.59 (  0.02  44.22)  Ml 0.05 (  0.06  42.08)  Ml+s 0.64 (  0.03  43.84)
   11   Ni  MulP 9.29 8.71 sum 18.00 diff  0.59 (  0.02  44.72)  Ml 0.05 (  0.06  43.81)  Ml+s 0.64 (  0.03  44.55)
   12   Ni  MulP 9.29 8.71 sum 18.00 diff  0.59 (  0.02  45.07)  Ml 0.05 (  0.06  45.05)  Ml+s 0.64 (  0.03  45.06)
   13   Ni  MulP 9.29 8.71 sum 18.00 diff  0.59 (  0.02  44.36)  Ml 0.05 (  0.06  44.46)  Ml+s 0.64 (  0.03  44.38)
   14   Ni  MulP 9.29 8.71 sum 18.00 diff  0.59 (  0.02  44.30)  Ml 0.05 (  0.06  44.15)  Ml+s 0.64 (  0.03  44.27)
   15   Ni  MulP 9.29 8.71 sum 18.00 diff  0.59 (  0.02  45.02)  Ml 0.05 (  0.06  46.26)  Ml+s 0.64 (  0.03  45.25)
   16   Ni  MulP 9.29 8.71 sum 18.00 diff  0.59 (  0.02  44.80)  Ml 0.05 (  0.06  44.55)  Ml+s 0.64 (  0.03  44.75)
   17   Ni  MulP 9.29 8.71 sum 18.00 diff  0.59 (  0.02  44.90)  Ml 0.05 (  0.06  44.29)  Ml+s 0.64 (  0.03  44.79)
   18   Ni  MulP 9.29 8.71 sum 18.00 diff  0.59 (  0.02  44.77)  Ml 0.05 (  0.06  46.85)  Ml+s 0.64 (  0.03  45.15)
   19   Ni  MulP 9.29 8.71 sum 18.00 diff  0.59 (  0.02  44.19)  Ml 0.05 (  0.06  45.69)  Ml+s 0.64 (  0.03  44.47)
   20   Ni  MulP 9.29 8.71 sum 18.00 diff  0.59 (  0.02  43.88)  Ml 0.05 (  0.06  42.18)  Ml+s 0.64 (  0.03  43.58)
     ..........
     ......

 Sum of MulP: up   =  3187.45491 down          =  2986.54509
              total=  6174.00000 ideal(neutral)=  6174.00000
<DFT>  Total Spin Moment    (muB) 200.909818587   Angles    0.024091497    44.682050186
<DFT>  Total Orbital Moment (muB) 17.829224585   Angles    0.059657640    44.869000104
<DFT>  Total Moment         (muB) 218.739040017   Angles    0.026990440    44.715731322
<DFT>  Mixing_weight= 0.020150191237
<DFT>  Uele   =-9092.010478587636  dUele     =   0.000964277626
<DFT>  NormRD =    0.000569004107  Criterion =   0.000001000000

******************* MD= 1  SCF=36 *******************
<Poisson>  Poisson's equation using FFT...
<Set_Hamiltonian>  Hamiltonian matrix for VNA+dVH+Vxc...
<Band>  Solving the eigenvalue problem...
 KGrids1:  -0.33333   0.00000   0.33333 
 KGrids2:  -0.33333  -0.00000   0.33333 
 KGrids3:  -0.33333   0.00000   0.33334 
<Band_DFT>  Eigen, time=126.874218
<Band_DFT>  DM, time=0.000002
    1   Ni  MulP 9.29 8.71 sum 18.00 diff  0.59 (  0.02  44.68)  Ml 0.05 (  0.06  44.88)  Ml+s 0.64 (  0.02  44.72)
    2   Ni  MulP 9.29 8.71 sum 18.00 diff  0.59 (  0.02  44.67)  Ml 0.05 (  0.06  44.96)  Ml+s 0.64 (  0.02  44.73)
    3   Ni  MulP 9.29 8.71 sum 18.00 diff  0.59 (  0.02  44.67)  Ml 0.05 (  0.06  44.90)  Ml+s 0.64 (  0.02  44.71)
    4   Ni  MulP 9.29 8.71 sum 18.00 diff  0.59 (  0.02  44.66)  Ml 0.05 (  0.06  44.88)  Ml+s 0.64 (  0.02  44.71)
    5   Ni  MulP 9.29 8.71 sum 18.00 diff  0.59 (  0.02  44.67)  Ml 0.05 (  0.06  44.92)  Ml+s 0.64 (  0.02  44.72)
    6   Ni  MulP 9.29 8.71 sum 18.00 diff  0.59 (  0.02  44.68)  Ml 0.05 (  0.06  44.93)  Ml+s 0.64 (  0.02  44.73)
    7   Ni  MulP 9.29 8.71 sum 18.00 diff  0.59 (  0.02  44.68)  Ml 0.05 (  0.06  44.90)  Ml+s 0.64 (  0.02  44.72)
    8   Ni  MulP 9.29 8.71 sum 18.00 diff  0.59 (  0.02  45.02)  Ml 0.05 (  0.05  45.54)  Ml+s 0.64 (  0.02  45.11)
    9   Ni  MulP 9.29 8.71 sum 18.00 diff  0.59 (  0.02  44.87)  Ml 0.05 (  0.06  44.55)  Ml+s 0.64 (  0.02  44.81)
   10   Ni  MulP 9.29 8.71 sum 18.00 diff  0.59 (  0.02  44.21)  Ml 0.05 (  0.06  42.24)  Ml+s 0.64 (  0.02  43.84)
   11   Ni  MulP 9.29 8.71 sum 18.00 diff  0.59 (  0.02  44.72)  Ml 0.05 (  0.06  43.77)  Ml+s 0.64 (  0.02  44.54)
   12   Ni  MulP 9.29 8.71 sum 18.00 diff  0.59 (  0.02  45.11)  Ml 0.05 (  0.06  45.16)  Ml+s 0.64 (  0.02  45.12)
   13   Ni  MulP 9.29 8.71 sum 18.00 diff  0.59 (  0.02  44.48)  Ml 0.05 (  0.06  44.59)  Ml+s 0.64 (  0.02  44.50)
   14   Ni  MulP 9.29 8.71 sum 18.00 diff  0.59 (  0.02  44.42)  Ml 0.05 (  0.06  44.41)  Ml+s 0.64 (  0.02  44.42)
   15   Ni  MulP 9.29 8.71 sum 18.00 diff  0.59 (  0.02  45.07)  Ml 0.05 (  0.06  46.25)  Ml+s 0.64 (  0.02  45.30)
   16   Ni  MulP 9.29 8.71 sum 18.00 diff  0.59 (  0.02  44.79)  Ml 0.05 (  0.06  45.28)  Ml+s 0.64 (  0.02  44.88)
   17   Ni  MulP 9.29 8.71 sum 18.00 diff  0.59 (  0.02  44.83)  Ml 0.05 (  0.06  45.10)  Ml+s 0.64 (  0.02  44.88)
   18   Ni  MulP 9.29 8.71 sum 18.00 diff  0.59 (  0.02  44.86)  Ml 0.05 (  0.06  46.66)  Ml+s 0.64 (  0.02  45.20)
   19   Ni  MulP 9.29 8.71 sum 18.00 diff  0.59 (  0.02  44.29)  Ml 0.05 (  0.06  45.51)  Ml+s 0.64 (  0.02  44.52)
   20   Ni  MulP 9.29 8.71 sum 18.00 diff  0.59 (  0.02  43.98)  Ml 0.05 (  0.06  42.28)  Ml+s 0.64 (  0.03  43.66)
     ..........
     ......

 Sum of MulP: up   =  3187.45503 down          =  2986.54497
              total=  6174.00000 ideal(neutral)=  6174.00000
<DFT>  Total Spin Moment    (muB) 200.910069389   Angles    0.021786906    44.643605034
<DFT>  Total Orbital Moment (muB) 17.829222695   Angles    0.057341680    44.864210800
<DFT>  Total Moment         (muB) 218.739288931   Angles    0.024684912    44.685374624
<DFT>  Mixing_weight= 0.020150191237
<DFT>  Uele   =-9092.008716252771  dUele     =   0.001762334865
<DFT>  NormRD =    0.000422054076  Criterion =   0.000001000000

******************* MD= 1  SCF=37 *******************
<Poisson>  Poisson's equation using FFT...
<Set_Hamiltonian>  Hamiltonian matrix for VNA+dVH+Vxc...
<Band>  Solving the eigenvalue problem...
 KGrids1:  -0.33333   0.00000   0.33333 
 KGrids2:  -0.33333  -0.00000   0.33333 
 KGrids3:  -0.33333   0.00000   0.33334 
<Band_DFT>  Eigen, time=187.086385
<Band_DFT>  DM, time=0.000000
    1   Ni  MulP 9.29 8.71 sum 18.00 diff  0.59 (  0.02  44.69)  Ml 0.05 (  0.06  44.82)  Ml+s 0.64 (  0.03  44.71)
    2   Ni  MulP 9.29 8.71 sum 18.00 diff  0.59 (  0.02  44.68)  Ml 0.05 (  0.06  44.78)  Ml+s 0.64 (  0.03  44.70)
    3   Ni  MulP 9.29 8.71 sum 18.00 diff  0.59 (  0.02  44.68)  Ml 0.05 (  0.06  44.79)  Ml+s 0.64 (  0.03  44.70)
    4   Ni  MulP 9.29 8.71 sum 18.00 diff  0.59 (  0.02  44.68)  Ml 0.05 (  0.06  44.82)  Ml+s 0.64 (  0.03  44.71)
    5   Ni  MulP 9.29 8.71 sum 18.00 diff  0.59 (  0.02  44.69)  Ml 0.05 (  0.06  44.78)  Ml+s 0.64 (  0.03  44.70)
    6   Ni  MulP 9.29 8.71 sum 18.00 diff  0.59 (  0.02  44.69)  Ml 0.05 (  0.06  44.78)  Ml+s 0.64 (  0.03  44.70)
    7   Ni  MulP 9.29 8.71 sum 18.00 diff  0.59 (  0.02  44.69)  Ml 0.05 (  0.06  44.80)  Ml+s 0.64 (  0.03  44.71)
    8   Ni  MulP 9.29 8.71 sum 18.00 diff  0.59 (  0.02  45.01)  Ml 0.05 (  0.06  45.04)  Ml+s 0.64 (  0.03  45.02)
    9   Ni  MulP 9.29 8.71 sum 18.00 diff  0.59 (  0.02  44.88)  Ml 0.05 (  0.06  44.43)  Ml+s 0.64 (  0.03  44.80)
   10   Ni  MulP 9.29 8.71 sum 18.00 diff  0.59 (  0.02  44.20)  Ml 0.05 (  0.06  41.63)  Ml+s 0.64 (  0.03  43.72)
   11   Ni  MulP 9.29 8.71 sum 18.00 diff  0.59 (  0.02  44.72)  Ml 0.05 (  0.06  44.41)  Ml+s 0.64 (  0.03  44.66)
   12   Ni  MulP 9.29 8.71 sum 18.00 diff  0.59 (  0.02  45.09)  Ml 0.05 (  0.06  45.34)  Ml+s 0.64 (  0.03  45.13)
   13   Ni  MulP 9.29 8.71 sum 18.00 diff  0.59 (  0.02  44.43)  Ml 0.05 (  0.06  44.61)  Ml+s 0.64 (  0.03  44.47)
   14   Ni  MulP 9.29 8.71 sum 18.00 diff  0.59 (  0.02  44.37)  Ml 0.05 (  0.06  44.44)  Ml+s 0.64 (  0.03  44.39)
   15   Ni  MulP 9.29 8.71 sum 18.00 diff  0.59 (  0.02  45.05)  Ml 0.05 (  0.06  45.01)  Ml+s 0.64 (  0.03  45.04)
   16   Ni  MulP 9.29 8.71 sum 18.00 diff  0.59 (  0.02  44.80)  Ml 0.05 (  0.06  44.57)  Ml+s 0.64 (  0.03  44.76)
   17   Ni  MulP 9.29 8.71 sum 18.00 diff  0.59 (  0.02  44.88)  Ml 0.05 (  0.06  45.08)  Ml+s 0.64 (  0.03  44.91)
   18   Ni  MulP 9.29 8.71 sum 18.00 diff  0.59 (  0.02  44.83)  Ml 0.05 (  0.06  46.13)  Ml+s 0.64 (  0.03  45.07)
   19   Ni  MulP 9.29 8.71 sum 18.00 diff  0.59 (  0.02  44.24)  Ml 0.05 (  0.06  45.22)  Ml+s 0.64 (  0.03  44.43)
   20   Ni  MulP 9.29 8.71 sum 18.00 diff  0.59 (  0.02  43.94)  Ml 0.05 (  0.06  42.27)  Ml+s 0.64 (  0.03  43.63)
     ..........
     ......

 Sum of MulP: up   =  3187.45495 down          =  2986.54505
              total=  6174.00000 ideal(neutral)=  6174.00000
<DFT>  Total Spin Moment    (muB) 200.909897668   Angles    0.023063326    44.665439320
<DFT>  Total Orbital Moment (muB) 17.829220801   Angles    0.058619759    44.866990444
<DFT>  Total Moment         (muB) 218.739115316   Angles    0.025961473    44.702533427
<DFT>  Mixing_weight= 0.020150191237
<DFT>  Uele   =-9092.009508986435  dUele     =   0.000792733665
<DFT>  NormRD =    0.000588513022  Criterion =   0.000001000000

******************* MD= 1  SCF=38 *******************
<Poisson>  Poisson's equation using FFT...
<Set_Hamiltonian>  Hamiltonian matrix for VNA+dVH+Vxc...
<Band>  Solving the eigenvalue problem...
 KGrids1:  -0.33333   0.00000   0.33333 
 KGrids2:  -0.33333  -0.00000   0.33333 
 KGrids3:  -0.33333   0.00000   0.33334 
<Band_DFT>  Eigen, time=126.719166
<Band_DFT>  DM, time=0.000000
    1   Ni  MulP 9.29 8.71 sum 18.00 diff  0.59 (  0.02  44.70)  Ml 0.05 (  0.06  45.21)  Ml+s 0.64 (  0.03  44.79)
    2   Ni  MulP 9.29 8.71 sum 18.00 diff  0.59 (  0.02  44.69)  Ml 0.05 (  0.06  45.15)  Ml+s 0.64 (  0.03  44.78)
    3   Ni  MulP 9.29 8.71 sum 18.00 diff  0.59 (  0.02  44.69)  Ml 0.05 (  0.06  45.18)  Ml+s 0.64 (  0.03  44.78)
    4   Ni  MulP 9.29 8.71 sum 18.00 diff  0.59 (  0.02  44.69)  Ml 0.05 (  0.06  45.18)  Ml+s 0.64 (  0.03  44.78)
    5   Ni  MulP 9.29 8.71 sum 18.00 diff  0.59 (  0.02  44.69)  Ml 0.05 (  0.06  45.17)  Ml+s 0.64 (  0.03  44.78)
    6   Ni  MulP 9.29 8.71 sum 18.00 diff  0.59 (  0.02  44.69)  Ml 0.05 (  0.06  45.17)  Ml+s 0.64 (  0.03  44.78)
    7   Ni  MulP 9.29 8.71 sum 18.00 diff  0.59 (  0.02  44.70)  Ml 0.05 (  0.06  45.19)  Ml+s 0.64 (  0.03  44.79)
    8   Ni  MulP 9.29 8.71 sum 18.00 diff  0.59 (  0.02  45.03)  Ml 0.05 (  0.06  45.50)  Ml+s 0.64 (  0.03  45.11)
    9   Ni  MulP 9.29 8.71 sum 18.00 diff  0.59 (  0.02  44.89)  Ml 0.05 (  0.06  44.86)  Ml+s 0.64 (  0.03  44.89)
   10   Ni  MulP 9.29 8.71 sum 18.00 diff  0.59 (  0.02  44.21)  Ml 0.05 (  0.06  41.86)  Ml+s 0.64 (  0.03  43.78)
   11   Ni  MulP 9.29 8.71 sum 18.00 diff  0.59 (  0.02  44.75)  Ml 0.05 (  0.06  44.32)  Ml+s 0.64 (  0.03  44.67)
   12   Ni  MulP 9.29 8.71 sum 18.00 diff  0.59 (  0.02  45.10)  Ml 0.05 (  0.06  45.18)  Ml+s 0.64 (  0.03  45.12)
   13   Ni  MulP 9.29 8.71 sum 18.00 diff  0.59 (  0.02  44.47)  Ml 0.05 (  0.06  44.63)  Ml+s 0.64 (  0.03  44.50)
   14   Ni  MulP 9.29 8.71 sum 18.00 diff  0.59 (  0.02  44.41)  Ml 0.05 (  0.06  44.70)  Ml+s 0.64 (  0.03  44.47)
   15   Ni  MulP 9.29 8.71 sum 18.00 diff  0.59 (  0.02  45.06)  Ml 0.05 (  0.06  45.37)  Ml+s 0.64 (  0.03  45.12)
   16   Ni  MulP 9.29 8.71 sum 18.00 diff  0.59 (  0.02  44.81)  Ml 0.05 (  0.06  44.60)  Ml+s 0.64 (  0.03  44.77)
   17   Ni  MulP 9.29 8.71 sum 18.00 diff  0.59 (  0.02  44.85)  Ml 0.05 (  0.06  44.75)  Ml+s 0.64 (  0.03  44.83)
   18   Ni  MulP 9.29 8.71 sum 18.00 diff  0.59 (  0.02  44.84)  Ml 0.05 (  0.06  45.86)  Ml+s 0.64 (  0.03  45.03)
   19   Ni  MulP 9.29 8.71 sum 18.00 diff  0.59 (  0.02  44.28)  Ml 0.05 (  0.06  45.04)  Ml+s 0.64 (  0.03  44.42)
   20   Ni  MulP 9.29 8.71 sum 18.00 diff  0.59 (  0.02  43.98)  Ml 0.05 (  0.06  42.28)  Ml+s 0.64 (  0.03  43.67)
     ..........
     ......

 Sum of MulP: up   =  3187.45498 down          =  2986.54502
              total=  6174.00000 ideal(neutral)=  6174.00000
<DFT>  Total Spin Moment    (muB) 200.909964114   Angles    0.023114568    44.664895125
<DFT>  Total Orbital Moment (muB) 17.829220866   Angles    0.058668101    44.867447521
<DFT>  Total Moment         (muB) 218.739181827   Angles    0.026012477    44.702131084
<DFT>  Mixing_weight= 0.020150191237
<DFT>  Uele   =-9092.009027682559  dUele     =   0.000481303876
<DFT>  NormRD =    0.000519609925  Criterion =   0.000001000000

******************* MD= 1  SCF=39 *******************
<Poisson>  Poisson's equation using FFT...
<Set_Hamiltonian>  Hamiltonian matrix for VNA+dVH+Vxc...
<Band>  Solving the eigenvalue problem...
 KGrids1:  -0.33333   0.00000   0.33333 
 KGrids2:  -0.33333  -0.00000   0.33333 
 KGrids3:  -0.33333   0.00000   0.33334 
<Band_DFT>  Eigen, time=126.546601
<Band_DFT>  DM, time=0.000000
    1   Ni  MulP 9.29 8.71 sum 18.00 diff  0.59 (  0.02  44.69)  Ml 0.05 (  0.06  44.73)  Ml+s 0.64 (  0.03  44.70)
    2   Ni  MulP 9.29 8.71 sum 18.00 diff  0.59 (  0.02  44.68)  Ml 0.05 (  0.06  44.72)  Ml+s 0.64 (  0.03  44.69)
    3   Ni  MulP 9.29 8.71 sum 18.00 diff  0.59 (  0.02  44.68)  Ml 0.05 (  0.06  44.70)  Ml+s 0.64 (  0.03  44.69)
    4   Ni  MulP 9.29 8.71 sum 18.00 diff  0.59 (  0.02  44.68)  Ml 0.05 (  0.06  44.72)  Ml+s 0.64 (  0.03  44.69)
    5   Ni  MulP 9.29 8.71 sum 18.00 diff  0.59 (  0.02  44.68)  Ml 0.05 (  0.06  44.70)  Ml+s 0.64 (  0.03  44.69)
    6   Ni  MulP 9.29 8.71 sum 18.00 diff  0.59 (  0.02  44.69)  Ml 0.05 (  0.06  44.71)  Ml+s 0.64 (  0.03  44.69)
    7   Ni  MulP 9.29 8.71 sum 18.00 diff  0.59 (  0.02  44.69)  Ml 0.05 (  0.06  44.73)  Ml+s 0.64 (  0.03  44.70)
    8   Ni  MulP 9.29 8.71 sum 18.00 diff  0.59 (  0.02  45.02)  Ml 0.05 (  0.06  45.32)  Ml+s 0.64 (  0.03  45.08)
    9   Ni  MulP 9.29 8.71 sum 18.00 diff  0.59 (  0.02  44.89)  Ml 0.05 (  0.06  44.60)  Ml+s 0.64 (  0.03  44.84)
   10   Ni  MulP 9.29 8.71 sum 18.00 diff  0.59 (  0.02  44.21)  Ml 0.05 (  0.06  41.75)  Ml+s 0.64 (  0.03  43.76)
   11   Ni  MulP 9.29 8.71 sum 18.00 diff  0.59 (  0.02  44.75)  Ml 0.05 (  0.06  44.02)  Ml+s 0.64 (  0.03  44.61)
   12   Ni  MulP 9.29 8.71 sum 18.00 diff  0.59 (  0.02  45.10)  Ml 0.05 (  0.06  44.98)  Ml+s 0.64 (  0.03  45.08)
   13   Ni  MulP 9.29 8.71 sum 18.00 diff  0.59 (  0.02  44.46)  Ml 0.05 (  0.06  44.30)  Ml+s 0.64 (  0.03  44.44)
   14   Ni  MulP 9.29 8.71 sum 18.00 diff  0.59 (  0.02  44.41)  Ml 0.05 (  0.06  44.35)  Ml+s 0.64 (  0.03  44.40)
   15   Ni  MulP 9.29 8.71 sum 18.00 diff  0.59 (  0.02  45.06)  Ml 0.05 (  0.06  45.67)  Ml+s 0.64 (  0.03  45.17)
   16   Ni  MulP 9.29 8.71 sum 18.00 diff  0.59 (  0.02  44.82)  Ml 0.05 (  0.06  44.90)  Ml+s 0.64 (  0.03  44.83)
   17   Ni  MulP 9.29 8.71 sum 18.00 diff  0.59 (  0.02  44.85)  Ml 0.05 (  0.06  44.96)  Ml+s 0.64 (  0.03  44.87)
   18   Ni  MulP 9.29 8.71 sum 18.00 diff  0.59 (  0.02  44.85)  Ml 0.05 (  0.06  46.11)  Ml+s 0.64 (  0.03  45.08)
   19   Ni  MulP 9.29 8.71 sum 18.00 diff  0.59 (  0.02  44.28)  Ml 0.05 (  0.06  45.15)  Ml+s 0.64 (  0.03  44.44)
   20   Ni  MulP 9.29 8.71 sum 18.00 diff  0.59 (  0.02  43.98)  Ml 0.05 (  0.06  42.27)  Ml+s 0.64 (  0.03  43.67)
     ..........
     ......

 Sum of MulP: up   =  3187.45499 down          =  2986.54501
              total=  6174.00000 ideal(neutral)=  6174.00000
<DFT>  Total Spin Moment    (muB) 200.909977288   Angles    0.023167696    44.665568953
<DFT>  Total Orbital Moment (muB) 17.829221223   Angles    0.058721760    44.867652319
<DFT>  Total Moment         (muB) 218.739195359   Angles    0.026065649    44.702676814
<DFT>  Mixing_weight= 0.020150191237
<DFT>  Uele   =-9092.008989507045  dUele     =   0.000038175514
<DFT>  NormRD =    0.000719830289  Criterion =   0.000001000000

******************* MD= 1  SCF=40 *******************
<Poisson>  Poisson's equation using FFT...
<Set_Hamiltonian>  Hamiltonian matrix for VNA+dVH+Vxc...
<Band>  Solving the eigenvalue problem...
 KGrids1:  -0.33333   0.00000   0.33333 
 KGrids2:  -0.33333  -0.00000   0.33333 
 KGrids3:  -0.33333   0.00000   0.33334 
<Band_DFT>  Eigen, time=126.828465
<Band_DFT>  DM, time=0.000001
    1   Ni  MulP 9.29 8.71 sum 18.00 diff  0.59 (  0.02  44.69)  Ml 0.05 (  0.06  44.82)  Ml+s 0.64 (  0.03  44.72)
    2   Ni  MulP 9.29 8.71 sum 18.00 diff  0.59 (  0.02  44.69)  Ml 0.05 (  0.06  44.82)  Ml+s 0.64 (  0.03  44.71)
    3   Ni  MulP 9.29 8.71 sum 18.00 diff  0.59 (  0.02  44.69)  Ml 0.05 (  0.06  44.76)  Ml+s 0.64 (  0.03  44.70)
    4   Ni  MulP 9.29 8.71 sum 18.00 diff  0.59 (  0.02  44.68)  Ml 0.05 (  0.06  44.81)  Ml+s 0.64 (  0.03  44.71)
    5   Ni  MulP 9.29 8.71 sum 18.00 diff  0.59 (  0.02  44.69)  Ml 0.05 (  0.06  44.82)  Ml+s 0.64 (  0.03  44.71)
    6   Ni  MulP 9.29 8.71 sum 18.00 diff  0.59 (  0.02  44.69)  Ml 0.05 (  0.06  44.79)  Ml+s 0.64 (  0.03  44.71)
    7   Ni  MulP 9.29 8.71 sum 18.00 diff  0.59 (  0.02  44.69)  Ml 0.05 (  0.06  44.80)  Ml+s 0.64 (  0.03  44.71)
    8   Ni  MulP 9.29 8.71 sum 18.00 diff  0.59 (  0.02  45.02)  Ml 0.05 (  0.06  45.66)  Ml+s 0.64 (  0.03  45.14)
    9   Ni  MulP 9.29 8.71 sum 18.00 diff  0.59 (  0.02  44.89)  Ml 0.05 (  0.06  44.63)  Ml+s 0.64 (  0.03  44.84)
   10   Ni  MulP 9.29 8.71 sum 18.00 diff  0.59 (  0.02  44.22)  Ml 0.05 (  0.06  41.74)  Ml+s 0.64 (  0.03  43.77)
   11   Ni  MulP 9.29 8.71 sum 18.00 diff  0.59 (  0.02  44.74)  Ml 0.05 (  0.06  44.10)  Ml+s 0.64 (  0.03  44.62)
   12   Ni  MulP 9.29 8.71 sum 18.00 diff  0.59 (  0.02  45.09)  Ml 0.05 (  0.06  45.46)  Ml+s 0.64 (  0.03  45.16)
   13   Ni  MulP 9.29 8.71 sum 18.00 diff  0.59 (  0.02  44.43)  Ml 0.05 (  0.06  44.51)  Ml+s 0.64 (  0.03  44.45)
   14   Ni  MulP 9.29 8.71 sum 18.00 diff  0.59 (  0.02  44.37)  Ml 0.05 (  0.06  44.52)  Ml+s 0.64 (  0.03  44.40)
   15   Ni  MulP 9.29 8.71 sum 18.00 diff  0.59 (  0.02  45.04)  Ml 0.05 (  0.06  45.50)  Ml+s 0.64 (  0.03  45.13)
   16   Ni  MulP 9.29 8.71 sum 18.00 diff  0.59 (  0.02  44.80)  Ml 0.05 (  0.06  44.79)  Ml+s 0.64 (  0.03  44.80)
   17   Ni  MulP 9.29 8.71 sum 18.00 diff  0.59 (  0.02  44.87)  Ml 0.05 (  0.06  44.98)  Ml+s 0.64 (  0.03  44.89)
   18   Ni  MulP 9.29 8.71 sum 18.00 diff  0.59 (  0.02  44.82)  Ml 0.05 (  0.06  46.05)  Ml+s 0.64 (  0.03  45.05)
   19   Ni  MulP 9.29 8.71 sum 18.00 diff  0.59 (  0.02  44.25)  Ml 0.05 (  0.06  45.72)  Ml+s 0.64 (  0.03  44.53)
   20   Ni  MulP 9.29 8.71 sum 18.00 diff  0.59 (  0.02  43.95)  Ml 0.05 (  0.06  43.40)  Ml+s 0.64 (  0.03  43.85)
     ..........
     ......

 Sum of MulP: up   =  3187.45496 down          =  2986.54504
              total=  6174.00000 ideal(neutral)=  6174.00000
<DFT>  Total Spin Moment    (muB) 200.909918398   Angles    0.023533967    44.672129469
<DFT>  Total Orbital Moment (muB) 17.829221597   Angles    0.059094375    44.868206200
<DFT>  Total Moment         (muB) 218.739136841   Angles    0.026432439    44.707860041
<DFT>  Mixing_weight= 0.020150191237
<DFT>  Uele   =-9092.009498403208  dUele     =   0.000508896163
<DFT>  NormRD =    0.000482744083  Criterion =   0.000001000000

******************* MD= 1  SCF=41 *******************
<Poisson>  Poisson's equation using FFT...
<Set_Hamiltonian>  Hamiltonian matrix for VNA+dVH+Vxc...
<Band>  Solving the eigenvalue problem...
 KGrids1:  -0.33333   0.00000   0.33333 
 KGrids2:  -0.33333  -0.00000   0.33333 
 KGrids3:  -0.33333   0.00000   0.33334 
<Band_DFT>  Eigen, time=126.815811
<Band_DFT>  DM, time=0.000000
    1   Ni  MulP 9.29 8.71 sum 18.00 diff  0.59 (  0.02  44.70)  Ml 0.05 (  0.06  45.06)  Ml+s 0.64 (  0.03  44.76)
    2   Ni  MulP 9.29 8.71 sum 18.00 diff  0.59 (  0.02  44.69)  Ml 0.05 (  0.06  45.11)  Ml+s 0.64 (  0.03  44.77)
    3   Ni  MulP 9.29 8.71 sum 18.00 diff  0.59 (  0.02  44.69)  Ml 0.05 (  0.06  45.03)  Ml+s 0.64 (  0.03  44.75)
    4   Ni  MulP 9.29 8.71 sum 18.00 diff  0.59 (  0.02  44.69)  Ml 0.05 (  0.06  45.02)  Ml+s 0.64 (  0.03  44.75)
    5   Ni  MulP 9.29 8.71 sum 18.00 diff  0.59 (  0.02  44.69)  Ml 0.05 (  0.06  45.06)  Ml+s 0.64 (  0.03  44.76)
    6   Ni  MulP 9.29 8.71 sum 18.00 diff  0.59 (  0.02  44.70)  Ml 0.05 (  0.06  45.06)  Ml+s 0.64 (  0.03  44.76)
    7   Ni  MulP 9.29 8.71 sum 18.00 diff  0.59 (  0.02  44.70)  Ml 0.05 (  0.06  45.06)  Ml+s 0.64 (  0.03  44.76)
    8   Ni  MulP 9.29 8.71 sum 18.00 diff  0.59 (  0.02  45.04)  Ml 0.05 (  0.06  45.64)  Ml+s 0.64 (  0.03  45.15)
    9   Ni  MulP 9.29 8.71 sum 18.00 diff  0.59 (  0.02  44.90)  Ml 0.05 (  0.06  45.21)  Ml+s 0.64 (  0.03  44.96)
   10   Ni  MulP 9.29 8.71 sum 18.00 diff  0.59 (  0.02  44.23)  Ml 0.05 (  0.06  43.11)  Ml+s 0.64 (  0.03  44.03)
   11   Ni  MulP 9.29 8.71 sum 18.00 diff  0.59 (  0.02  44.76)  Ml 0.05 (  0.06  44.93)  Ml+s 0.64 (  0.03  44.79)
   12   Ni  MulP 9.29 8.71 sum 18.00 diff  0.59 (  0.02  45.12)  Ml 0.05 (  0.06  45.87)  Ml+s 0.64 (  0.03  45.26)
   13   Ni  MulP 9.29 8.71 sum 18.00 diff  0.59 (  0.02  44.49)  Ml 0.05 (  0.06  43.95)  Ml+s 0.64 (  0.03  44.39)
   14   Ni  MulP 9.29 8.71 sum 18.00 diff  0.59 (  0.02  44.43)  Ml 0.05 (  0.06  43.72)  Ml+s 0.64 (  0.03  44.30)
   15   Ni  MulP 9.29 8.71 sum 18.00 diff  0.59 (  0.02  45.09)  Ml 0.05 (  0.06  46.53)  Ml+s 0.64 (  0.03  45.36)
   16   Ni  MulP 9.29 8.71 sum 18.00 diff  0.59 (  0.02  44.85)  Ml 0.05 (  0.06  46.79)  Ml+s 0.64 (  0.03  45.22)
   17   Ni  MulP 9.29 8.71 sum 18.00 diff  0.59 (  0.02  44.87)  Ml 0.05 (  0.06  47.10)  Ml+s 0.64 (  0.03  45.27)
   18   Ni  MulP 9.29 8.71 sum 18.00 diff  0.59 (  0.02  44.88)  Ml 0.05 (  0.06  47.48)  Ml+s 0.64 (  0.03  45.35)
   19   Ni  MulP 9.29 8.71 sum 18.00 diff  0.59 (  0.02  44.30)  Ml 0.05 (  0.06  45.32)  Ml+s 0.64 (  0.03  44.49)
   20   Ni  MulP 9.29 8.71 sum 18.00 diff  0.59 (  0.02  43.98)  Ml 0.05 (  0.06  41.47)  Ml+s 0.64 (  0.03  43.53)
     ..........
     ......

 Sum of MulP: up   =  3187.45501 down          =  2986.54499
              total=  6174.00000 ideal(neutral)=  6174.00000
<DFT>  Total Spin Moment    (muB) 200.910025242   Angles    0.023425500    44.668797444
<DFT>  Total Orbital Moment (muB) 17.829221866   Angles    0.058980929    44.868368568
<DFT>  Total Moment         (muB) 218.739243955   Angles    0.026323564    44.705245083
<DFT>  Mixing_weight= 0.020150191237
<DFT>  Uele   =-9092.008762459569  dUele     =   0.000735943639
<DFT>  NormRD =    0.001407428118  Criterion =   0.000001000000

******************* MD= 1  SCF=42 *******************
<Poisson>  Poisson's equation using FFT...
<Set_Hamiltonian>  Hamiltonian matrix for VNA+dVH+Vxc...
<Band>  Solving the eigenvalue problem...
 KGrids1:  -0.33333   0.00000   0.33333 
 KGrids2:  -0.33333  -0.00000   0.33333 
 KGrids3:  -0.33333   0.00000   0.33334 
<Band_DFT>  Eigen, time=126.883414
<Band_DFT>  DM, time=0.000000
    1   Ni  MulP 9.29 8.71 sum 18.00 diff  0.59 (  0.02  44.69)  Ml 0.05 (  0.06  44.86)  Ml+s 0.64 (  0.03  44.72)
    2   Ni  MulP 9.29 8.71 sum 18.00 diff  0.59 (  0.02  44.69)  Ml 0.05 (  0.06  44.88)  Ml+s 0.64 (  0.03  44.72)
    3   Ni  MulP 9.29 8.71 sum 18.00 diff  0.59 (  0.02  44.69)  Ml 0.05 (  0.06  44.88)  Ml+s 0.64 (  0.03  44.72)
    4   Ni  MulP 9.29 8.71 sum 18.00 diff  0.59 (  0.02  44.68)  Ml 0.05 (  0.06  44.87)  Ml+s 0.64 (  0.03  44.72)
    5   Ni  MulP 9.29 8.71 sum 18.00 diff  0.59 (  0.02  44.69)  Ml 0.05 (  0.06  44.86)  Ml+s 0.64 (  0.03  44.72)
    6   Ni  MulP 9.29 8.71 sum 18.00 diff  0.59 (  0.02  44.69)  Ml 0.05 (  0.06  44.88)  Ml+s 0.64 (  0.03  44.73)
    7   Ni  MulP 9.29 8.71 sum 18.00 diff  0.59 (  0.02  44.69)  Ml 0.05 (  0.06  44.87)  Ml+s 0.64 (  0.03  44.73)
    8   Ni  MulP 9.29 8.71 sum 18.00 diff  0.59 (  0.02  45.03)  Ml 0.05 (  0.06  45.24)  Ml+s 0.64 (  0.03  45.06)
    9   Ni  MulP 9.29 8.71 sum 18.00 diff  0.59 (  0.02  44.89)  Ml 0.05 (  0.06  44.64)  Ml+s 0.64 (  0.03  44.85)
   10   Ni  MulP 9.29 8.71 sum 18.00 diff  0.59 (  0.02  44.22)  Ml 0.05 (  0.06  42.10)  Ml+s 0.64 (  0.03  43.83)
   11   Ni  MulP 9.29 8.71 sum 18.00 diff  0.59 (  0.02  44.76)  Ml 0.05 (  0.06  44.22)  Ml+s 0.64 (  0.03  44.66)
   12   Ni  MulP 9.29 8.71 sum 18.00 diff  0.59 (  0.02  45.11)  Ml 0.05 (  0.06  45.09)  Ml+s 0.64 (  0.03  45.10)
   13   Ni  MulP 9.29 8.71 sum 18.00 diff  0.59 (  0.02  44.48)  Ml 0.05 (  0.06  44.36)  Ml+s 0.64 (  0.03  44.46)
   14   Ni  MulP 9.29 8.71 sum 18.00 diff  0.59 (  0.02  44.43)  Ml 0.05 (  0.06  44.30)  Ml+s 0.64 (  0.03  44.40)
   15   Ni  MulP 9.29 8.71 sum 18.00 diff  0.59 (  0.02  45.07)  Ml 0.05 (  0.06  45.85)  Ml+s 0.64 (  0.03  45.21)
   16   Ni  MulP 9.29 8.71 sum 18.00 diff  0.59 (  0.02  44.83)  Ml 0.05 (  0.06  45.03)  Ml+s 0.64 (  0.03  44.86)
   17   Ni  MulP 9.29 8.71 sum 18.00 diff  0.59 (  0.02  44.84)  Ml 0.05 (  0.06  45.08)  Ml+s 0.64 (  0.03  44.88)
   18   Ni  MulP 9.29 8.71 sum 18.00 diff  0.59 (  0.02  44.86)  Ml 0.05 (  0.06  46.43)  Ml+s 0.64 (  0.03  45.15)
   19   Ni  MulP 9.29 8.71 sum 18.00 diff  0.59 (  0.02  44.30)  Ml 0.05 (  0.06  45.29)  Ml+s 0.64 (  0.03  44.48)
   20   Ni  MulP 9.29 8.71 sum 18.00 diff  0.59 (  0.02  44.00)  Ml 0.05 (  0.06  42.03)  Ml+s 0.64 (  0.03  43.64)
     ..........
     ......

 Sum of MulP: up   =  3187.45501 down          =  2986.54499
              total=  6174.00000 ideal(neutral)=  6174.00000
<DFT>  Total Spin Moment    (muB) 200.910026564   Angles    0.023217233    44.665650806
<DFT>  Total Orbital Moment (muB) 17.829221695   Angles    0.058769799    44.867924608
<DFT>  Total Moment         (muB) 218.739245107   Angles    0.026115063    44.702753676
<DFT>  Mixing_weight= 0.020150191237
<DFT>  Uele   =-9092.008718608151  dUele     =   0.000043851418
<DFT>  NormRD =    0.001446168557  Criterion =   0.000001000000

******************* MD= 1  SCF=43 *******************
<Poisson>  Poisson's equation using FFT...
<Set_Hamiltonian>  Hamiltonian matrix for VNA+dVH+Vxc...
<Band>  Solving the eigenvalue problem...
 KGrids1:  -0.33333   0.00000   0.33333 
 KGrids2:  -0.33333  -0.00000   0.33333 
 KGrids3:  -0.33333   0.00000   0.33334 
<Band_DFT>  Eigen, time=187.043428
<Band_DFT>  DM, time=0.000000
    1   Ni  MulP 9.29 8.71 sum 18.00 diff  0.59 (  0.02  44.69)  Ml 0.05 (  0.06  44.86)  Ml+s 0.64 (  0.03  44.72)
    2   Ni  MulP 9.29 8.71 sum 18.00 diff  0.59 (  0.02  44.68)  Ml 0.05 (  0.06  44.86)  Ml+s 0.64 (  0.03  44.72)
    3   Ni  MulP 9.29 8.71 sum 18.00 diff  0.59 (  0.02  44.68)  Ml 0.05 (  0.06  44.91)  Ml+s 0.64 (  0.03  44.72)
    4   Ni  MulP 9.29 8.71 sum 18.00 diff  0.59 (  0.02  44.68)  Ml 0.05 (  0.06  44.87)  Ml+s 0.64 (  0.03  44.71)
    5   Ni  MulP 9.29 8.71 sum 18.00 diff  0.59 (  0.02  44.68)  Ml 0.05 (  0.06  44.84)  Ml+s 0.64 (  0.03  44.71)
    6   Ni  MulP 9.29 8.71 sum 18.00 diff  0.59 (  0.02  44.69)  Ml 0.05 (  0.06  44.89)  Ml+s 0.64 (  0.03  44.73)
    7   Ni  MulP 9.29 8.71 sum 18.00 diff  0.59 (  0.02  44.69)  Ml 0.05 (  0.06  44.89)  Ml+s 0.64 (  0.03  44.73)
    8   Ni  MulP 9.29 8.71 sum 18.00 diff  0.59 (  0.02  45.02)  Ml 0.05 (  0.06  44.83)  Ml+s 0.64 (  0.03  44.98)
    9   Ni  MulP 9.29 8.71 sum 18.00 diff  0.59 (  0.02  44.88)  Ml 0.05 (  0.06  44.43)  Ml+s 0.64 (  0.03  44.80)
   10   Ni  MulP 9.29 8.71 sum 18.00 diff  0.59 (  0.02  44.21)  Ml 0.05 (  0.06  41.89)  Ml+s 0.64 (  0.03  43.78)
   11   Ni  MulP 9.29 8.71 sum 18.00 diff  0.59 (  0.02  44.75)  Ml 0.05 (  0.06  44.02)  Ml+s 0.64 (  0.03  44.61)
   12   Ni  MulP 9.29 8.71 sum 18.00 diff  0.59 (  0.02  45.10)  Ml 0.05 (  0.06  44.67)  Ml+s 0.64 (  0.03  45.02)
   13   Ni  MulP 9.29 8.71 sum 18.00 diff  0.59 (  0.02  44.48)  Ml 0.05 (  0.06  44.43)  Ml+s 0.64 (  0.03  44.48)
   14   Ni  MulP 9.29 8.71 sum 18.00 diff  0.59 (  0.02  44.43)  Ml 0.05 (  0.06  44.40)  Ml+s 0.64 (  0.03  44.42)
   15   Ni  MulP 9.29 8.71 sum 18.00 diff  0.59 (  0.02  45.06)  Ml 0.05 (  0.06  45.34)  Ml+s 0.64 (  0.03  45.11)
   16   Ni  MulP 9.29 8.71 sum 18.00 diff  0.59 (  0.02  44.82)  Ml 0.05 (  0.06  44.31)  Ml+s 0.64 (  0.03  44.72)
   17   Ni  MulP 9.29 8.71 sum 18.00 diff  0.59 (  0.02  44.83)  Ml 0.05 (  0.06  44.29)  Ml+s 0.64 (  0.03  44.73)
   18   Ni  MulP 9.29 8.71 sum 18.00 diff  0.59 (  0.02  44.85)  Ml 0.05 (  0.06  45.90)  Ml+s 0.64 (  0.03  45.05)
   19   Ni  MulP 9.29 8.71 sum 18.00 diff  0.59 (  0.02  44.29)  Ml 0.05 (  0.06  44.57)  Ml+s 0.64 (  0.03  44.34)
   20   Ni  MulP 9.29 8.71 sum 18.00 diff  0.59 (  0.02  43.99)  Ml 0.05 (  0.06  40.97)  Ml+s 0.64 (  0.03  43.43)
     ..........
     ......

 Sum of MulP: up   =  3187.45501 down          =  2986.54499
              total=  6174.00000 ideal(neutral)=  6174.00000
<DFT>  Total Spin Moment    (muB) 200.910015996   Angles    0.022949673    44.661515325
<DFT>  Total Orbital Moment (muB) 17.829220779   Angles    0.058498476    44.867303642
<DFT>  Total Moment         (muB) 218.739233624   Angles    0.025847196    44.699477977
<DFT>  Mixing_weight= 0.020150191237
<DFT>  Uele   =-9092.008641624367  dUele     =   0.000076983784
<DFT>  NormRD =    0.000553287078  Criterion =   0.000001000000

******************* MD= 1  SCF=44 *******************
<Poisson>  Poisson's equation using FFT...
<Set_Hamiltonian>  Hamiltonian matrix for VNA+dVH+Vxc...
<Band>  Solving the eigenvalue problem...
 KGrids1:  -0.33333   0.00000   0.33333 
 KGrids2:  -0.33333  -0.00000   0.33333 
 KGrids3:  -0.33333   0.00000   0.33334 
<Band_DFT>  Eigen, time=126.809100
<Band_DFT>  DM, time=0.000000
    1   Ni  MulP 9.29 8.71 sum 18.00 diff  0.59 (  0.02  44.69)  Ml 0.05 (  0.06  44.88)  Ml+s 0.64 (  0.03  44.73)
    2   Ni  MulP 9.29 8.71 sum 18.00 diff  0.59 (  0.02  44.68)  Ml 0.05 (  0.06  44.86)  Ml+s 0.64 (  0.03  44.72)
    3   Ni  MulP 9.29 8.71 sum 18.00 diff  0.59 (  0.02  44.68)  Ml 0.05 (  0.06  44.89)  Ml+s 0.64 (  0.03  44.72)
    4   Ni  MulP 9.29 8.71 sum 18.00 diff  0.59 (  0.02  44.68)  Ml 0.05 (  0.06  44.88)  Ml+s 0.64 (  0.03  44.72)
    5   Ni  MulP 9.29 8.71 sum 18.00 diff  0.59 (  0.02  44.69)  Ml 0.05 (  0.06  44.86)  Ml+s 0.64 (  0.03  44.72)
    6   Ni  MulP 9.29 8.71 sum 18.00 diff  0.59 (  0.02  44.69)  Ml 0.05 (  0.06  44.88)  Ml+s 0.64 (  0.03  44.73)
    7   Ni  MulP 9.29 8.71 sum 18.00 diff  0.59 (  0.02  44.69)  Ml 0.05 (  0.06  44.89)  Ml+s 0.64 (  0.03  44.73)
    8   Ni  MulP 9.29 8.71 sum 18.00 diff  0.59 (  0.02  45.02)  Ml 0.05 (  0.06  45.09)  Ml+s 0.64 (  0.03  45.03)
    9   Ni  MulP 9.29 8.71 sum 18.00 diff  0.59 (  0.02  44.89)  Ml 0.05 (  0.06  44.40)  Ml+s 0.64 (  0.03  44.80)
   10   Ni  MulP 9.29 8.71 sum 18.00 diff  0.59 (  0.02  44.22)  Ml 0.05 (  0.06  41.68)  Ml+s 0.64 (  0.03  43.75)
   11   Ni  MulP 9.29 8.71 sum 18.00 diff  0.59 (  0.02  44.76)  Ml 0.05 (  0.06  44.09)  Ml+s 0.64 (  0.03  44.63)
   12   Ni  MulP 9.29 8.71 sum 18.00 diff  0.59 (  0.02  45.10)  Ml 0.05 (  0.06  45.03)  Ml+s 0.64 (  0.03  45.09)
   13   Ni  MulP 9.29 8.71 sum 18.00 diff  0.59 (  0.02  44.49)  Ml 0.05 (  0.06  44.73)  Ml+s 0.64 (  0.03  44.53)
   14   Ni  MulP 9.29 8.71 sum 18.00 diff  0.59 (  0.02  44.43)  Ml 0.05 (  0.06  44.61)  Ml+s 0.64 (  0.03  44.46)
   15   Ni  MulP 9.29 8.71 sum 18.00 diff  0.59 (  0.02  45.07)  Ml 0.05 (  0.06  45.79)  Ml+s 0.64 (  0.03  45.20)
   16   Ni  MulP 9.29 8.71 sum 18.00 diff  0.59 (  0.02  44.82)  Ml 0.05 (  0.06  44.82)  Ml+s 0.64 (  0.03  44.82)
   17   Ni  MulP 9.29 8.71 sum 18.00 diff  0.59 (  0.02  44.83)  Ml 0.05 (  0.06  44.94)  Ml+s 0.64 (  0.03  44.85)
   18   Ni  MulP 9.29 8.71 sum 18.00 diff  0.59 (  0.02  44.86)  Ml 0.05 (  0.06  46.55)  Ml+s 0.64 (  0.03  45.18)
   19   Ni  MulP 9.29 8.71 sum 18.00 diff  0.59 (  0.02  44.31)  Ml 0.05 (  0.06  45.42)  Ml+s 0.64 (  0.03  44.52)
   20   Ni  MulP 9.29 8.71 sum 18.00 diff  0.59 (  0.02  44.01)  Ml 0.05 (  0.06  42.19)  Ml+s 0.64 (  0.03  43.68)
     ..........
     ......

 Sum of MulP: up   =  3187.45501 down          =  2986.54499
              total=  6174.00000 ideal(neutral)=  6174.00000
<DFT>  Total Spin Moment    (muB) 200.910026412   Angles    0.023018543    44.662569882
<DFT>  Total Orbital Moment (muB) 17.829221246   Angles    0.058567641    44.867487361
<DFT>  Total Moment         (muB) 218.739244507   Angles    0.025916090    44.700315972
<DFT>  Mixing_weight= 0.020150191237
<DFT>  Uele   =-9092.008657134011  dUele     =   0.000015509644
<DFT>  NormRD =    0.000638223093  Criterion =   0.000001000000

******************* MD= 1  SCF=45 *******************
<Poisson>  Poisson's equation using FFT...
<Set_Hamiltonian>  Hamiltonian matrix for VNA+dVH+Vxc...
<Band>  Solving the eigenvalue problem...
 KGrids1:  -0.33333   0.00000   0.33333 
 KGrids2:  -0.33333  -0.00000   0.33333 
 KGrids3:  -0.33333   0.00000   0.33334 
<Band_DFT>  Eigen, time=187.055059
<Band_DFT>  DM, time=0.000000
    1   Ni  MulP 9.29 8.71 sum 18.00 diff  0.59 (  0.02  44.69)  Ml 0.05 (  0.06  44.89)  Ml+s 0.64 (  0.03  44.73)
    2   Ni  MulP 9.29 8.71 sum 18.00 diff  0.59 (  0.02  44.69)  Ml 0.05 (  0.06  44.89)  Ml+s 0.64 (  0.03  44.73)
    3   Ni  MulP 9.29 8.71 sum 18.00 diff  0.59 (  0.02  44.69)  Ml 0.05 (  0.06  44.88)  Ml+s 0.64 (  0.03  44.72)
    4   Ni  MulP 9.29 8.71 sum 18.00 diff  0.59 (  0.02  44.68)  Ml 0.05 (  0.06  44.89)  Ml+s 0.64 (  0.03  44.72)
    5   Ni  MulP 9.29 8.71 sum 18.00 diff  0.59 (  0.02  44.69)  Ml 0.05 (  0.06  44.88)  Ml+s 0.64 (  0.03  44.72)
    6   Ni  MulP 9.29 8.71 sum 18.00 diff  0.59 (  0.02  44.69)  Ml 0.05 (  0.06  44.89)  Ml+s 0.64 (  0.03  44.73)
    7   Ni  MulP 9.29 8.71 sum 18.00 diff  0.59 (  0.02  44.69)  Ml 0.05 (  0.06  44.89)  Ml+s 0.64 (  0.03  44.73)
    8   Ni  MulP 9.29 8.71 sum 18.00 diff  0.59 (  0.02  45.03)  Ml 0.05 (  0.06  45.24)  Ml+s 0.64 (  0.03  45.06)
    9   Ni  MulP 9.29 8.71 sum 18.00 diff  0.59 (  0.02  44.89)  Ml 0.05 (  0.06  44.40)  Ml+s 0.64 (  0.03  44.80)
   10   Ni  MulP 9.29 8.71 sum 18.00 diff  0.59 (  0.02  44.22)  Ml 0.05 (  0.06  41.76)  Ml+s 0.64 (  0.03  43.77)
   11   Ni  MulP 9.29 8.71 sum 18.00 diff  0.59 (  0.02  44.76)  Ml 0.05 (  0.06  44.01)  Ml+s 0.64 (  0.03  44.62)
   12   Ni  MulP 9.29 8.71 sum 18.00 diff  0.59 (  0.02  45.11)  Ml 0.05 (  0.06  45.17)  Ml+s 0.64 (  0.03  45.12)
   13   Ni  MulP 9.29 8.71 sum 18.00 diff  0.59 (  0.02  44.48)  Ml 0.05 (  0.06  44.50)  Ml+s 0.64 (  0.03  44.49)
   14   Ni  MulP 9.29 8.71 sum 18.00 diff  0.59 (  0.02  44.43)  Ml 0.05 (  0.06  44.39)  Ml+s 0.64 (  0.03  44.42)
   15   Ni  MulP 9.29 8.71 sum 18.00 diff  0.59 (  0.02  45.07)  Ml 0.05 (  0.06  45.62)  Ml+s 0.64 (  0.03  45.17)
   16   Ni  MulP 9.29 8.71 sum 18.00 diff  0.59 (  0.02  44.82)  Ml 0.05 (  0.06  44.85)  Ml+s 0.64 (  0.03  44.82)
   17   Ni  MulP 9.29 8.71 sum 18.00 diff  0.59 (  0.02  44.83)  Ml 0.05 (  0.06  44.97)  Ml+s 0.64 (  0.03  44.86)
   18   Ni  MulP 9.29 8.71 sum 18.00 diff  0.59 (  0.02  44.86)  Ml 0.05 (  0.06  46.33)  Ml+s 0.64 (  0.03  45.13)
   19   Ni  MulP 9.29 8.71 sum 18.00 diff  0.59 (  0.02  44.31)  Ml 0.05 (  0.06  45.40)  Ml+s 0.64 (  0.03  44.51)
   20   Ni  MulP 9.29 8.71 sum 18.00 diff  0.59 (  0.02  44.01)  Ml 0.05 (  0.06  42.42)  Ml+s 0.64 (  0.03  43.72)
     ..........
     ......

 Sum of MulP: up   =  3187.45502 down          =  2986.54498
              total=  6174.00000 ideal(neutral)=  6174.00000
<DFT>  Total Spin Moment    (muB) 200.910037195   Angles    0.023150878    44.664614206
<DFT>  Total Orbital Moment (muB) 17.829221886   Angles    0.058701163    44.867813287
<DFT>  Total Moment         (muB) 218.739255929   Angles    0.026048522    44.701938368
<DFT>  Mixing_weight= 0.020150191237
<DFT>  Uele   =-9092.008697577236  dUele     =   0.000040443225
<DFT>  NormRD =    0.000454705551  Criterion =   0.000001000000

******************* MD= 1  SCF=46 *******************
<Poisson>  Poisson's equation using FFT...
<Set_Hamiltonian>  Hamiltonian matrix for VNA+dVH+Vxc...
<Band>  Solving the eigenvalue problem...
 KGrids1:  -0.33333   0.00000   0.33333 
 KGrids2:  -0.33333  -0.00000   0.33333 
 KGrids3:  -0.33333   0.00000   0.33334 
<Band_DFT>  Eigen, time=126.543794
<Band_DFT>  DM, time=0.000000
    1   Ni  MulP 9.29 8.71 sum 18.00 diff  0.59 (  0.02  44.70)  Ml 0.05 (  0.06  44.88)  Ml+s 0.64 (  0.03  44.73)
    2   Ni  MulP 9.29 8.71 sum 18.00 diff  0.59 (  0.02  44.69)  Ml 0.05 (  0.06  44.86)  Ml+s 0.64 (  0.03  44.73)
    3   Ni  MulP 9.29 8.71 sum 18.00 diff  0.59 (  0.02  44.69)  Ml 0.05 (  0.06  44.86)  Ml+s 0.64 (  0.03  44.72)
    4   Ni  MulP 9.29 8.71 sum 18.00 diff  0.59 (  0.02  44.69)  Ml 0.05 (  0.06  44.88)  Ml+s 0.64 (  0.03  44.72)
    5   Ni  MulP 9.29 8.71 sum 18.00 diff  0.59 (  0.02  44.69)  Ml 0.05 (  0.06  44.87)  Ml+s 0.64 (  0.03  44.72)
    6   Ni  MulP 9.29 8.71 sum 18.00 diff  0.59 (  0.02  44.70)  Ml 0.05 (  0.06  44.86)  Ml+s 0.64 (  0.03  44.73)
    7   Ni  MulP 9.29 8.71 sum 18.00 diff  0.59 (  0.02  44.70)  Ml 0.05 (  0.06  44.87)  Ml+s 0.64 (  0.03  44.73)
    8   Ni  MulP 9.29 8.71 sum 18.00 diff  0.59 (  0.02  45.02)  Ml 0.05 (  0.06  45.14)  Ml+s 0.64 (  0.03  45.04)
    9   Ni  MulP 9.29 8.71 sum 18.00 diff  0.59 (  0.02  44.90)  Ml 0.05 (  0.06  44.38)  Ml+s 0.64 (  0.03  44.80)
   10   Ni  MulP 9.29 8.71 sum 18.00 diff  0.59 (  0.02  44.23)  Ml 0.05 (  0.06  41.49)  Ml+s 0.64 (  0.03  43.74)
   11   Ni  MulP 9.29 8.71 sum 18.00 diff  0.59 (  0.02  44.77)  Ml 0.05 (  0.06  43.97)  Ml+s 0.64 (  0.03  44.62)
   12   Ni  MulP 9.29 8.71 sum 18.00 diff  0.59 (  0.02  45.09)  Ml 0.05 (  0.06  44.99)  Ml+s 0.64 (  0.03  45.07)
   13   Ni  MulP 9.29 8.71 sum 18.00 diff  0.59 (  0.02  44.48)  Ml 0.05 (  0.06  44.11)  Ml+s 0.64 (  0.03  44.41)
   14   Ni  MulP 9.29 8.71 sum 18.00 diff  0.59 (  0.02  44.42)  Ml 0.05 (  0.06  44.09)  Ml+s 0.64 (  0.03  44.36)
   15   Ni  MulP 9.29 8.71 sum 18.00 diff  0.59 (  0.02  45.07)  Ml 0.05 (  0.06  45.62)  Ml+s 0.64 (  0.03  45.17)
   16   Ni  MulP 9.29 8.71 sum 18.00 diff  0.59 (  0.02  44.83)  Ml 0.05 (  0.06  44.91)  Ml+s 0.64 (  0.03  44.84)
   17   Ni  MulP 9.29 8.71 sum 18.00 diff  0.59 (  0.02  44.84)  Ml 0.05 (  0.06  45.04)  Ml+s 0.64 (  0.03  44.87)
   18   Ni  MulP 9.29 8.71 sum 18.00 diff  0.59 (  0.02  44.87)  Ml 0.05 (  0.06  46.27)  Ml+s 0.64 (  0.03  45.12)
   19   Ni  MulP 9.29 8.71 sum 18.00 diff  0.59 (  0.02  44.30)  Ml 0.05 (  0.06  45.26)  Ml+s 0.64 (  0.03  44.48)
   20   Ni  MulP 9.29 8.71 sum 18.00 diff  0.59 (  0.02  44.02)  Ml 0.05 (  0.06  42.31)  Ml+s 0.64 (  0.03  43.71)
     ..........
     ......

 Sum of MulP: up   =  3187.45505 down          =  2986.54495
              total=  6174.00000 ideal(neutral)=  6174.00000
<DFT>  Total Spin Moment    (muB) 200.910108320   Angles    0.023785788    44.673993207
<DFT>  Total Orbital Moment (muB) 17.829225818   Angles    0.059340076    44.869388162
<DFT>  Total Moment         (muB) 218.739330985   Angles    0.026683760    44.709410809
<DFT>  Mixing_weight= 0.020150191237
<DFT>  Uele   =-9092.008869783076  dUele     =   0.000172205840
<DFT>  NormRD =    0.000143519554  Criterion =   0.000001000000

******************* MD= 1  SCF=47 *******************
<Poisson>  Poisson's equation using FFT...
<Set_Hamiltonian>  Hamiltonian matrix for VNA+dVH+Vxc...
<Band>  Solving the eigenvalue problem...
 KGrids1:  -0.33333   0.00000   0.33333 
 KGrids2:  -0.33333  -0.00000   0.33333 
 KGrids3:  -0.33333   0.00000   0.33334 
<Band_DFT>  Eigen, time=126.771238
<Band_DFT>  DM, time=0.000001
    1   Ni  MulP 9.29 8.71 sum 18.00 diff  0.59 (  0.02  44.70)  Ml 0.05 (  0.06  44.89)  Ml+s 0.64 (  0.03  44.74)
    2   Ni  MulP 9.29 8.71 sum 18.00 diff  0.59 (  0.02  44.69)  Ml 0.05 (  0.06  44.85)  Ml+s 0.64 (  0.03  44.72)
    3   Ni  MulP 9.29 8.71 sum 18.00 diff  0.59 (  0.02  44.70)  Ml 0.05 (  0.06  44.85)  Ml+s 0.64 (  0.03  44.72)
    4   Ni  MulP 9.29 8.71 sum 18.00 diff  0.59 (  0.02  44.69)  Ml 0.05 (  0.06  44.89)  Ml+s 0.64 (  0.03  44.73)
    5   Ni  MulP 9.29 8.71 sum 18.00 diff  0.59 (  0.02  44.70)  Ml 0.05 (  0.06  44.86)  Ml+s 0.64 (  0.03  44.73)
    6   Ni  MulP 9.29 8.71 sum 18.00 diff  0.59 (  0.02  44.70)  Ml 0.05 (  0.06  44.86)  Ml+s 0.64 (  0.03  44.73)
    7   Ni  MulP 9.29 8.71 sum 18.00 diff  0.59 (  0.02  44.70)  Ml 0.05 (  0.06  44.87)  Ml+s 0.64 (  0.03  44.73)
    8   Ni  MulP 9.29 8.71 sum 18.00 diff  0.59 (  0.02  45.02)  Ml 0.05 (  0.06  45.25)  Ml+s 0.64 (  0.03  45.06)
    9   Ni  MulP 9.29 8.71 sum 18.00 diff  0.59 (  0.02  44.90)  Ml 0.05 (  0.06  44.55)  Ml+s 0.64 (  0.03  44.84)
   10   Ni  MulP 9.29 8.71 sum 18.00 diff  0.59 (  0.02  44.24)  Ml 0.05 (  0.06  41.52)  Ml+s 0.64 (  0.03  43.75)
   11   Ni  MulP 9.29 8.71 sum 18.00 diff  0.59 (  0.02  44.78)  Ml 0.05 (  0.06  44.18)  Ml+s 0.64 (  0.03  44.67)
   12   Ni  MulP 9.29 8.71 sum 18.00 diff  0.59 (  0.02  45.09)  Ml 0.05 (  0.06  45.08)  Ml+s 0.64 (  0.03  45.09)
   13   Ni  MulP 9.29 8.71 sum 18.00 diff  0.59 (  0.02  44.47)  Ml 0.05 (  0.06  44.02)  Ml+s 0.64 (  0.03  44.39)
   14   Ni  MulP 9.29 8.71 sum 18.00 diff  0.59 (  0.02  44.42)  Ml 0.05 (  0.06  43.98)  Ml+s 0.64 (  0.03  44.34)
   15   Ni  MulP 9.29 8.71 sum 18.00 diff  0.59 (  0.02  45.07)  Ml 0.05 (  0.06  45.51)  Ml+s 0.64 (  0.03  45.15)
   16   Ni  MulP 9.29 8.71 sum 18.00 diff  0.59 (  0.02  44.83)  Ml 0.05 (  0.06  44.91)  Ml+s 0.64 (  0.03  44.85)
   17   Ni  MulP 9.29 8.71 sum 18.00 diff  0.59 (  0.02  44.84)  Ml 0.05 (  0.06  45.05)  Ml+s 0.64 (  0.03  44.88)
   18   Ni  MulP 9.29 8.71 sum 18.00 diff  0.59 (  0.02  44.87)  Ml 0.05 (  0.06  46.20)  Ml+s 0.64 (  0.03  45.11)
   19   Ni  MulP 9.29 8.71 sum 18.00 diff  0.59 (  0.02  44.30)  Ml 0.05 (  0.06  45.02)  Ml+s 0.64 (  0.03  44.43)
   20   Ni  MulP 9.29 8.71 sum 18.00 diff  0.59 (  0.02  44.01)  Ml 0.05 (  0.06  42.09)  Ml+s 0.64 (  0.03  43.67)
     ..........
     ......

 Sum of MulP: up   =  3187.45507 down          =  2986.54493
              total=  6174.00000 ideal(neutral)=  6174.00000
<DFT>  Total Spin Moment    (muB) 200.910131149   Angles    0.023997082    44.676998873
<DFT>  Total Orbital Moment (muB) 17.829227052   Angles    0.059552638    44.869941684
<DFT>  Total Moment         (muB) 218.739355048   Angles    0.026895158    44.711821397
<DFT>  Mixing_weight= 0.020150191237
<DFT>  Uele   =-9092.008923945759  dUele     =   0.000054162683
<DFT>  NormRD =    0.000391909442  Criterion =   0.000001000000

******************* MD= 1  SCF=48 *******************
<Poisson>  Poisson's equation using FFT...
<Set_Hamiltonian>  Hamiltonian matrix for VNA+dVH+Vxc...
<Band>  Solving the eigenvalue problem...
 KGrids1:  -0.33333   0.00000   0.33333 
 KGrids2:  -0.33333  -0.00000   0.33333 
 KGrids3:  -0.33333   0.00000   0.33334 
<Band_DFT>  Eigen, time=126.730110
<Band_DFT>  DM, time=0.000000
    1   Ni  MulP 9.29 8.71 sum 18.00 diff  0.59 (  0.02  44.70)  Ml 0.05 (  0.06  44.90)  Ml+s 0.64 (  0.03  44.74)
    2   Ni  MulP 9.29 8.71 sum 18.00 diff  0.59 (  0.02  44.70)  Ml 0.05 (  0.06  44.86)  Ml+s 0.64 (  0.03  44.73)
    3   Ni  MulP 9.29 8.71 sum 18.00 diff  0.59 (  0.02  44.70)  Ml 0.05 (  0.06  44.86)  Ml+s 0.64 (  0.03  44.72)
    4   Ni  MulP 9.29 8.71 sum 18.00 diff  0.59 (  0.02  44.69)  Ml 0.05 (  0.06  44.89)  Ml+s 0.64 (  0.03  44.73)
    5   Ni  MulP 9.29 8.71 sum 18.00 diff  0.59 (  0.02  44.70)  Ml 0.05 (  0.06  44.87)  Ml+s 0.64 (  0.03  44.73)
    6   Ni  MulP 9.29 8.71 sum 18.00 diff  0.59 (  0.02  44.70)  Ml 0.05 (  0.06  44.86)  Ml+s 0.64 (  0.03  44.73)
    7   Ni  MulP 9.29 8.71 sum 18.00 diff  0.59 (  0.02  44.70)  Ml 0.05 (  0.06  44.88)  Ml+s 0.64 (  0.03  44.73)
    8   Ni  MulP 9.29 8.71 sum 18.00 diff  0.59 (  0.02  45.02)  Ml 0.05 (  0.06  45.35)  Ml+s 0.64 (  0.03  45.08)
    9   Ni  MulP 9.29 8.71 sum 18.00 diff  0.59 (  0.02  44.91)  Ml 0.05 (  0.06  44.68)  Ml+s 0.64 (  0.03  44.86)
   10   Ni  MulP 9.29 8.71 sum 18.00 diff  0.59 (  0.02  44.24)  Ml 0.05 (  0.06  41.64)  Ml+s 0.64 (  0.03  43.77)
   11   Ni  MulP 9.29 8.71 sum 18.00 diff  0.59 (  0.02  44.78)  Ml 0.05 (  0.06  44.32)  Ml+s 0.64 (  0.03  44.69)
   12   Ni  MulP 9.29 8.71 sum 18.00 diff  0.59 (  0.02  45.09)  Ml 0.05 (  0.06  45.19)  Ml+s 0.64 (  0.03  45.11)
   13   Ni  MulP 9.29 8.71 sum 18.00 diff  0.59 (  0.02  44.48)  Ml 0.05 (  0.06  44.12)  Ml+s 0.64 (  0.03  44.41)
   14   Ni  MulP 9.29 8.71 sum 18.00 diff  0.59 (  0.02  44.42)  Ml 0.05 (  0.06  44.06)  Ml+s 0.64 (  0.03  44.36)
   15   Ni  MulP 9.29 8.71 sum 18.00 diff  0.59 (  0.02  45.07)  Ml 0.05 (  0.06  45.61)  Ml+s 0.64 (  0.03  45.17)
   16   Ni  MulP 9.29 8.71 sum 18.00 diff  0.59 (  0.02  44.84)  Ml 0.05 (  0.06  45.06)  Ml+s 0.64 (  0.03  44.88)
   17   Ni  MulP 9.29 8.71 sum 18.00 diff  0.59 (  0.02  44.84)  Ml 0.05 (  0.06  45.20)  Ml+s 0.64 (  0.03  44.90)
   18   Ni  MulP 9.29 8.71 sum 18.00 diff  0.59 (  0.02  44.87)  Ml 0.05 (  0.06  46.33)  Ml+s 0.64 (  0.03  45.13)
   19   Ni  MulP 9.29 8.71 sum 18.00 diff  0.59 (  0.02  44.30)  Ml 0.05 (  0.06  45.14)  Ml+s 0.64 (  0.03  44.45)
   20   Ni  MulP 9.29 8.71 sum 18.00 diff  0.59 (  0.02  44.02)  Ml 0.05 (  0.06  42.25)  Ml+s 0.64 (  0.03  43.70)
     ..........
     ......

 Sum of MulP: up   =  3187.45507 down          =  2986.54493
              total=  6174.00000 ideal(neutral)=  6174.00000
<DFT>  Total Spin Moment    (muB) 200.910137181   Angles    0.024055713    44.677822814
<DFT>  Total Orbital Moment (muB) 17.829227378   Angles    0.059611601    44.870079253
<DFT>  Total Moment         (muB) 218.739361406   Angles    0.026953816    44.712480229
<DFT>  Mixing_weight= 0.020150191237
<DFT>  Uele   =-9092.008939463067  dUele     =   0.000015517307
<DFT>  NormRD =    0.000350755955  Criterion =   0.000001000000

******************* MD= 1  SCF=49 *******************
<Poisson>  Poisson's equation using FFT...
<Set_Hamiltonian>  Hamiltonian matrix for VNA+dVH+Vxc...
<Band>  Solving the eigenvalue problem...
 KGrids1:  -0.33333   0.00000   0.33333 
 KGrids2:  -0.33333  -0.00000   0.33333 
 KGrids3:  -0.33333   0.00000   0.33334 
<Band_DFT>  Eigen, time=126.990308
<Band_DFT>  DM, time=0.000000
    1   Ni  MulP 9.29 8.71 sum 18.00 diff  0.59 (  0.02  44.70)  Ml 0.05 (  0.06  44.89)  Ml+s 0.64 (  0.03  44.74)
    2   Ni  MulP 9.29 8.71 sum 18.00 diff  0.59 (  0.02  44.70)  Ml 0.05 (  0.06  44.87)  Ml+s 0.64 (  0.03  44.73)
    3   Ni  MulP 9.29 8.71 sum 18.00 diff  0.59 (  0.02  44.70)  Ml 0.05 (  0.06  44.87)  Ml+s 0.64 (  0.03  44.73)
    4   Ni  MulP 9.29 8.71 sum 18.00 diff  0.59 (  0.02  44.70)  Ml 0.05 (  0.06  44.89)  Ml+s 0.64 (  0.03  44.73)
    5   Ni  MulP 9.29 8.71 sum 18.00 diff  0.59 (  0.02  44.70)  Ml 0.05 (  0.06  44.87)  Ml+s 0.64 (  0.03  44.73)
    6   Ni  MulP 9.29 8.71 sum 18.00 diff  0.59 (  0.02  44.70)  Ml 0.05 (  0.06  44.87)  Ml+s 0.64 (  0.03  44.73)
    7   Ni  MulP 9.29 8.71 sum 18.00 diff  0.59 (  0.02  44.70)  Ml 0.05 (  0.06  44.88)  Ml+s 0.64 (  0.03  44.74)
    8   Ni  MulP 9.29 8.71 sum 18.00 diff  0.59 (  0.02  45.02)  Ml 0.05 (  0.06  45.29)  Ml+s 0.64 (  0.03  45.06)
    9   Ni  MulP 9.29 8.71 sum 18.00 diff  0.59 (  0.02  44.91)  Ml 0.05 (  0.06  44.57)  Ml+s 0.64 (  0.03  44.85)
   10   Ni  MulP 9.29 8.71 sum 18.00 diff  0.59 (  0.02  44.25)  Ml 0.05 (  0.06  41.86)  Ml+s 0.64 (  0.03  43.82)
   11   Ni  MulP 9.29 8.71 sum 18.00 diff  0.59 (  0.02  44.78)  Ml 0.05 (  0.06  44.23)  Ml+s 0.64 (  0.03  44.68)
   12   Ni  MulP 9.29 8.71 sum 18.00 diff  0.59 (  0.02  45.09)  Ml 0.05 (  0.06  45.18)  Ml+s 0.64 (  0.03  45.10)
   13   Ni  MulP 9.29 8.71 sum 18.00 diff  0.59 (  0.02  44.48)  Ml 0.05 (  0.06  44.41)  Ml+s 0.64 (  0.03  44.47)
   14   Ni  MulP 9.29 8.71 sum 18.00 diff  0.59 (  0.02  44.42)  Ml 0.05 (  0.06  44.31)  Ml+s 0.64 (  0.03  44.40)
   15   Ni  MulP 9.29 8.71 sum 18.00 diff  0.59 (  0.02  45.07)  Ml 0.05 (  0.06  45.53)  Ml+s 0.64 (  0.03  45.15)
   16   Ni  MulP 9.29 8.71 sum 18.00 diff  0.59 (  0.02  44.84)  Ml 0.05 (  0.06  44.89)  Ml+s 0.64 (  0.03  44.85)
   17   Ni  MulP 9.29 8.71 sum 18.00 diff  0.59 (  0.02  44.84)  Ml 0.05 (  0.06  44.97)  Ml+s 0.64 (  0.03  44.86)
   18   Ni  MulP 9.29 8.71 sum 18.00 diff  0.59 (  0.02  44.87)  Ml 0.05 (  0.06  46.21)  Ml+s 0.64 (  0.03  45.11)
   19   Ni  MulP 9.29 8.71 sum 18.00 diff  0.59 (  0.02  44.30)  Ml 0.05 (  0.06  45.23)  Ml+s 0.64 (  0.03  44.47)
   20   Ni  MulP 9.29 8.71 sum 18.00 diff  0.59 (  0.02  44.02)  Ml 0.05 (  0.06  42.34)  Ml+s 0.64 (  0.03  43.72)
     ..........
     ......

 Sum of MulP: up   =  3187.45509 down          =  2986.54491
              total=  6174.00000 ideal(neutral)=  6174.00000
<DFT>  Total Spin Moment    (muB) 200.910175957   Angles    0.024440177    44.683135864
<DFT>  Total Orbital Moment (muB) 17.829229598   Angles    0.059998328    44.870994819
<DFT>  Total Moment         (muB) 218.739402402   Angles    0.027338464    44.716740693
<DFT>  Mixing_weight= 0.020150191237
<DFT>  Uele   =-9092.009042806412  dUele     =   0.000103343345
<DFT>  NormRD =    0.000450776462  Criterion =   0.000001000000

******************* MD= 1  SCF=50 *******************
<Poisson>  Poisson's equation using FFT...
<Set_Hamiltonian>  Hamiltonian matrix for VNA+dVH+Vxc...
<Band>  Solving the eigenvalue problem...
 KGrids1:  -0.33333   0.00000   0.33333 
 KGrids2:  -0.33333  -0.00000   0.33333 
 KGrids3:  -0.33333   0.00000   0.33334 
<Band_DFT>  Eigen, time=126.874255
<Band_DFT>  DM, time=0.000000
    1   Ni  MulP 9.29 8.71 sum 18.00 diff  0.59 (  0.03  44.71)  Ml 0.05 (  0.06  44.88)  Ml+s 0.64 (  0.03  44.74)
    2   Ni  MulP 9.29 8.71 sum 18.00 diff  0.59 (  0.03  44.71)  Ml 0.05 (  0.06  44.92)  Ml+s 0.64 (  0.03  44.75)
    3   Ni  MulP 9.29 8.71 sum 18.00 diff  0.59 (  0.03  44.71)  Ml 0.05 (  0.06  44.84)  Ml+s 0.64 (  0.03  44.73)
    4   Ni  MulP 9.29 8.71 sum 18.00 diff  0.59 (  0.03  44.70)  Ml 0.05 (  0.06  44.83)  Ml+s 0.64 (  0.03  44.73)
    5   Ni  MulP 9.29 8.71 sum 18.00 diff  0.59 (  0.03  44.71)  Ml 0.05 (  0.06  44.86)  Ml+s 0.64 (  0.03  44.74)
    6   Ni  MulP 9.29 8.71 sum 18.00 diff  0.59 (  0.03  44.71)  Ml 0.05 (  0.06  44.90)  Ml+s 0.64 (  0.03  44.74)
    7   Ni  MulP 9.29 8.71 sum 18.00 diff  0.59 (  0.03  44.71)  Ml 0.05 (  0.06  44.89)  Ml+s 0.64 (  0.03  44.74)
    8   Ni  MulP 9.29 8.71 sum 18.00 diff  0.59 (  0.03  45.01)  Ml 0.05 (  0.06  45.41)  Ml+s 0.64 (  0.03  45.08)
    9   Ni  MulP 9.29 8.71 sum 18.00 diff  0.59 (  0.03  44.90)  Ml 0.05 (  0.06  44.21)  Ml+s 0.64 (  0.03  44.78)
   10   Ni  MulP 9.29 8.71 sum 18.00 diff  0.59 (  0.03  44.26)  Ml 0.05 (  0.06  41.81)  Ml+s 0.64 (  0.03  43.83)
   11   Ni  MulP 9.29 8.71 sum 18.00 diff  0.59 (  0.03  44.78)  Ml 0.05 (  0.06  43.60)  Ml+s 0.64 (  0.03  44.57)
   12   Ni  MulP 9.29 8.71 sum 18.00 diff  0.59 (  0.03  45.07)  Ml 0.05 (  0.06  45.01)  Ml+s 0.64 (  0.03  45.06)
   13   Ni  MulP 9.29 8.71 sum 18.00 diff  0.59 (  0.03  44.49)  Ml 0.05 (  0.06  45.00)  Ml+s 0.64 (  0.03  44.58)
   14   Ni  MulP 9.29 8.71 sum 18.00 diff  0.59 (  0.03  44.43)  Ml 0.05 (  0.06  45.04)  Ml+s 0.64 (  0.03  44.54)
   15   Ni  MulP 9.29 8.71 sum 18.00 diff  0.59 (  0.03  45.09)  Ml 0.05 (  0.06  45.95)  Ml+s 0.64 (  0.03  45.24)
   16   Ni  MulP 9.29 8.71 sum 18.00 diff  0.59 (  0.03  44.87)  Ml 0.05 (  0.06  45.05)  Ml+s 0.64 (  0.03  44.91)
   17   Ni  MulP 9.29 8.71 sum 18.00 diff  0.59 (  0.02  44.86)  Ml 0.05 (  0.06  44.81)  Ml+s 0.64 (  0.03  44.85)
   18   Ni  MulP 9.29 8.71 sum 18.00 diff  0.59 (  0.03  44.89)  Ml 0.05 (  0.06  46.21)  Ml+s 0.64 (  0.03  45.12)
   19   Ni  MulP 9.29 8.71 sum 18.00 diff  0.59 (  0.03  44.32)  Ml 0.05 (  0.06  46.06)  Ml+s 0.64 (  0.03  44.63)
   20   Ni  MulP 9.29 8.71 sum 18.00 diff  0.59 (  0.03  44.05)  Ml 0.05 (  0.06  43.30)  Ml+s 0.64 (  0.03  43.92)
     ..........
     ......

 Sum of MulP: up   =  3187.45514 down          =  2986.54486
              total=  6174.00000 ideal(neutral)=  6174.00000
<DFT>  Total Spin Moment    (muB) 200.910270144   Angles    0.025320783    44.694714341
<DFT>  Total Orbital Moment (muB) 17.829234874   Angles    0.060884286    44.873091818
<DFT>  Total Moment         (muB) 218.739501864   Angles    0.028219508    44.726083331
<DFT>  Mixing_weight= 0.020150191237
<DFT>  Uele   =-9092.009281492346  dUele     =   0.000238685934
<DFT>  NormRD =    0.000094391932  Criterion =   0.000001000000

******************* MD= 1  SCF=51 *******************
<Poisson>  Poisson's equation using FFT...
<Set_Hamiltonian>  Hamiltonian matrix for VNA+dVH+Vxc...
<Band>  Solving the eigenvalue problem...
 KGrids1:  -0.33333   0.00000   0.33333 
 KGrids2:  -0.33333  -0.00000   0.33333 
 KGrids3:  -0.33333   0.00000   0.33334 
<Band_DFT>  Eigen, time=186.965163
<Band_DFT>  DM, time=0.000000
    1   Ni  MulP 9.29 8.71 sum 18.00 diff  0.59 (  0.03  44.71)  Ml 0.05 (  0.06  44.85)  Ml+s 0.64 (  0.03  44.74)
    2   Ni  MulP 9.29 8.71 sum 18.00 diff  0.59 (  0.03  44.71)  Ml 0.05 (  0.06  44.89)  Ml+s 0.64 (  0.03  44.74)
    3   Ni  MulP 9.29 8.71 sum 18.00 diff  0.59 (  0.03  44.71)  Ml 0.05 (  0.06  44.86)  Ml+s 0.64 (  0.03  44.74)
    4   Ni  MulP 9.29 8.71 sum 18.00 diff  0.59 (  0.03  44.71)  Ml 0.05 (  0.06  44.85)  Ml+s 0.64 (  0.03  44.73)
    5   Ni  MulP 9.29 8.71 sum 18.00 diff  0.59 (  0.03  44.71)  Ml 0.05 (  0.06  44.86)  Ml+s 0.64 (  0.03  44.74)
    6   Ni  MulP 9.29 8.71 sum 18.00 diff  0.59 (  0.03  44.71)  Ml 0.05 (  0.06  44.87)  Ml+s 0.64 (  0.03  44.74)
    7   Ni  MulP 9.29 8.71 sum 18.00 diff  0.59 (  0.03  44.71)  Ml 0.05 (  0.06  44.86)  Ml+s 0.64 (  0.03  44.74)
    8   Ni  MulP 9.29 8.71 sum 18.00 diff  0.59 (  0.03  45.01)  Ml 0.05 (  0.06  45.02)  Ml+s 0.64 (  0.03  45.01)
    9   Ni  MulP 9.29 8.71 sum 18.00 diff  0.59 (  0.03  44.91)  Ml 0.05 (  0.06  44.36)  Ml+s 0.64 (  0.03  44.81)
   10   Ni  MulP 9.29 8.71 sum 18.00 diff  0.59 (  0.03  44.28)  Ml 0.05 (  0.06  42.11)  Ml+s 0.64 (  0.03  43.89)
   11   Ni  MulP 9.29 8.71 sum 18.00 diff  0.59 (  0.03  44.79)  Ml 0.05 (  0.06  43.97)  Ml+s 0.64 (  0.03  44.65)
   12   Ni  MulP 9.29 8.71 sum 18.00 diff  0.59 (  0.03  45.06)  Ml 0.05 (  0.06  45.00)  Ml+s 0.64 (  0.03  45.05)
   13   Ni  MulP 9.29 8.71 sum 18.00 diff  0.59 (  0.03  44.48)  Ml 0.05 (  0.06  44.47)  Ml+s 0.64 (  0.03  44.48)
   14   Ni  MulP 9.29 8.71 sum 18.00 diff  0.59 (  0.03  44.42)  Ml 0.05 (  0.06  44.39)  Ml+s 0.64 (  0.03  44.42)
   15   Ni  MulP 9.29 8.71 sum 18.00 diff  0.59 (  0.03  45.08)  Ml 0.05 (  0.06  45.78)  Ml+s 0.64 (  0.03  45.20)
   16   Ni  MulP 9.29 8.71 sum 18.00 diff  0.59 (  0.03  44.87)  Ml 0.05 (  0.06  44.95)  Ml+s 0.64 (  0.03  44.88)
   17   Ni  MulP 9.29 8.71 sum 18.00 diff  0.59 (  0.03  44.86)  Ml 0.05 (  0.06  45.05)  Ml+s 0.64 (  0.03  44.89)
   18   Ni  MulP 9.29 8.71 sum 18.00 diff  0.59 (  0.03  44.88)  Ml 0.05 (  0.06  46.41)  Ml+s 0.64 (  0.03  45.15)
   19   Ni  MulP 9.29 8.71 sum 18.00 diff  0.59 (  0.03  44.31)  Ml 0.05 (  0.06  45.35)  Ml+s 0.64 (  0.03  44.49)
   20   Ni  MulP 9.29 8.71 sum 18.00 diff  0.59 (  0.03  44.05)  Ml 0.05 (  0.06  42.02)  Ml+s 0.64 (  0.03  43.69)
     ..........
     ......

 Sum of MulP: up   =  3187.45515 down          =  2986.54485
              total=  6174.00000 ideal(neutral)=  6174.00000
<DFT>  Total Spin Moment    (muB) 200.910302464   Angles    0.025666049    44.699067694
<DFT>  Total Orbital Moment (muB) 17.829236823   Angles    0.061231400    44.873870085
<DFT>  Total Moment         (muB) 218.739536131   Angles    0.028564925    44.729609395
<DFT>  Mixing_weight= 0.020150191237
<DFT>  Uele   =-9092.009394245228  dUele     =   0.000112752881
<DFT>  NormRD =    0.000906035842  Criterion =   0.000001000000

******************* MD= 1  SCF=52 *******************
<Poisson>  Poisson's equation using FFT...
<Set_Hamiltonian>  Hamiltonian matrix for VNA+dVH+Vxc...
<Band>  Solving the eigenvalue problem...
 KGrids1:  -0.33333   0.00000   0.33333 
 KGrids2:  -0.33333  -0.00000   0.33333 
 KGrids3:  -0.33333   0.00000   0.33334 
<Band_DFT>  Eigen, time=187.143944
<Band_DFT>  DM, time=0.000000
    1   Ni  MulP 9.29 8.71 sum 18.00 diff  0.59 (  0.03  44.71)  Ml 0.05 (  0.06  44.86)  Ml+s 0.64 (  0.03  44.74)
    2   Ni  MulP 9.29 8.71 sum 18.00 diff  0.59 (  0.03  44.71)  Ml 0.05 (  0.06  44.91)  Ml+s 0.64 (  0.03  44.75)
    3   Ni  MulP 9.29 8.71 sum 18.00 diff  0.59 (  0.03  44.71)  Ml 0.05 (  0.06  44.89)  Ml+s 0.64 (  0.03  44.74)
    4   Ni  MulP 9.29 8.71 sum 18.00 diff  0.59 (  0.03  44.71)  Ml 0.05 (  0.06  44.87)  Ml+s 0.64 (  0.03  44.74)
    5   Ni  MulP 9.29 8.71 sum 18.00 diff  0.59 (  0.03  44.71)  Ml 0.05 (  0.06  44.88)  Ml+s 0.64 (  0.03  44.74)
    6   Ni  MulP 9.29 8.71 sum 18.00 diff  0.59 (  0.03  44.71)  Ml 0.05 (  0.06  44.89)  Ml+s 0.64 (  0.03  44.74)
    7   Ni  MulP 9.29 8.71 sum 18.00 diff  0.59 (  0.03  44.71)  Ml 0.05 (  0.06  44.88)  Ml+s 0.64 (  0.03  44.74)
    8   Ni  MulP 9.29 8.71 sum 18.00 diff  0.59 (  0.03  45.01)  Ml 0.05 (  0.06  45.05)  Ml+s 0.64 (  0.03  45.02)
    9   Ni  MulP 9.29 8.71 sum 18.00 diff  0.59 (  0.03  44.91)  Ml 0.05 (  0.06  44.42)  Ml+s 0.64 (  0.03  44.83)
   10   Ni  MulP 9.29 8.71 sum 18.00 diff  0.59 (  0.03  44.28)  Ml 0.05 (  0.06  42.11)  Ml+s 0.64 (  0.03  43.90)
   11   Ni  MulP 9.29 8.71 sum 18.00 diff  0.59 (  0.03  44.80)  Ml 0.05 (  0.06  44.02)  Ml+s 0.64 (  0.03  44.66)
   12   Ni  MulP 9.29 8.71 sum 18.00 diff  0.59 (  0.03  45.06)  Ml 0.05 (  0.06  45.03)  Ml+s 0.64 (  0.03  45.06)
   13   Ni  MulP 9.29 8.71 sum 18.00 diff  0.59 (  0.03  44.48)  Ml 0.05 (  0.06  44.55)  Ml+s 0.64 (  0.03  44.49)
   14   Ni  MulP 9.29 8.71 sum 18.00 diff  0.59 (  0.03  44.42)  Ml 0.05 (  0.06  44.47)  Ml+s 0.64 (  0.03  44.43)
   15   Ni  MulP 9.29 8.71 sum 18.00 diff  0.59 (  0.03  45.08)  Ml 0.05 (  0.06  45.91)  Ml+s 0.64 (  0.03  45.22)
   16   Ni  MulP 9.29 8.71 sum 18.00 diff  0.59 (  0.03  44.87)  Ml 0.05 (  0.06  45.00)  Ml+s 0.64 (  0.03  44.89)
   17   Ni  MulP 9.29 8.71 sum 18.00 diff  0.59 (  0.03  44.86)  Ml 0.05 (  0.06  45.16)  Ml+s 0.64 (  0.03  44.91)
   18   Ni  MulP 9.29 8.71 sum 18.00 diff  0.59 (  0.03  44.88)  Ml 0.05 (  0.06  46.58)  Ml+s 0.64 (  0.03  45.18)
   19   Ni  MulP 9.29 8.71 sum 18.00 diff  0.59 (  0.03  44.31)  Ml 0.05 (  0.06  45.35)  Ml+s 0.64 (  0.03  44.49)
   20   Ni  MulP 9.29 8.71 sum 18.00 diff  0.59 (  0.03  44.05)  Ml 0.05 (  0.06  42.00)  Ml+s 0.64 (  0.03  43.69)
     ..........
     ......

 Sum of MulP: up   =  3187.45515 down          =  2986.54485
              total=  6174.00000 ideal(neutral)=  6174.00000
<DFT>  Total Spin Moment    (muB) 200.910307221   Angles    0.025724482    44.699788172
<DFT>  Total Orbital Moment (muB) 17.829237086   Angles    0.061290062    44.874009864
<DFT>  Total Moment         (muB) 218.739541152   Angles    0.028623377    44.730195354
<DFT>  Mixing_weight= 0.020150191237
<DFT>  Uele   =-9092.009413518608  dUele     =   0.000019273381
<DFT>  NormRD =    0.000593544400  Criterion =   0.000001000000

******************* MD= 1  SCF=53 *******************
<Poisson>  Poisson's equation using FFT...
<Set_Hamiltonian>  Hamiltonian matrix for VNA+dVH+Vxc...
<Band>  Solving the eigenvalue problem...
 KGrids1:  -0.33333   0.00000   0.33333 
 KGrids2:  -0.33333  -0.00000   0.33333 
 KGrids3:  -0.33333   0.00000   0.33334 
<Band_DFT>  Eigen, time=126.697128
<Band_DFT>  DM, time=0.000000
    1   Ni  MulP 9.29 8.71 sum 18.00 diff  0.59 (  0.02  44.71)  Ml 0.05 (  0.06  44.87)  Ml+s 0.64 (  0.03  44.74)
    2   Ni  MulP 9.29 8.71 sum 18.00 diff  0.59 (  0.02  44.70)  Ml 0.05 (  0.06  44.86)  Ml+s 0.64 (  0.03  44.73)
    3   Ni  MulP 9.29 8.71 sum 18.00 diff  0.59 (  0.03  44.70)  Ml 0.05 (  0.06  44.88)  Ml+s 0.64 (  0.03  44.73)
    4   Ni  MulP 9.29 8.71 sum 18.00 diff  0.59 (  0.02  44.70)  Ml 0.05 (  0.06  44.88)  Ml+s 0.64 (  0.03  44.73)
    5   Ni  MulP 9.29 8.71 sum 18.00 diff  0.59 (  0.02  44.71)  Ml 0.05 (  0.06  44.86)  Ml+s 0.64 (  0.03  44.73)
    6   Ni  MulP 9.29 8.71 sum 18.00 diff  0.59 (  0.02  44.71)  Ml 0.05 (  0.06  44.86)  Ml+s 0.64 (  0.03  44.73)
    7   Ni  MulP 9.29 8.71 sum 18.00 diff  0.59 (  0.02  44.71)  Ml 0.05 (  0.06  44.87)  Ml+s 0.64 (  0.03  44.74)
    8   Ni  MulP 9.29 8.71 sum 18.00 diff  0.59 (  0.02  45.01)  Ml 0.05 (  0.06  45.12)  Ml+s 0.64 (  0.03  45.03)
    9   Ni  MulP 9.29 8.71 sum 18.00 diff  0.59 (  0.02  44.91)  Ml 0.05 (  0.06  44.16)  Ml+s 0.64 (  0.03  44.78)
   10   Ni  MulP 9.29 8.71 sum 18.00 diff  0.59 (  0.02  44.26)  Ml 0.05 (  0.06  41.40)  Ml+s 0.64 (  0.03  43.75)
   11   Ni  MulP 9.29 8.71 sum 18.00 diff  0.59 (  0.02  44.78)  Ml 0.05 (  0.06  43.67)  Ml+s 0.64 (  0.03  44.58)
   12   Ni  MulP 9.29 8.71 sum 18.00 diff  0.59 (  0.02  45.07)  Ml 0.05 (  0.06  44.88)  Ml+s 0.64 (  0.03  45.04)
   13   Ni  MulP 9.29 8.71 sum 18.00 diff  0.59 (  0.02  44.48)  Ml 0.05 (  0.06  44.67)  Ml+s 0.64 (  0.03  44.51)
   14   Ni  MulP 9.29 8.71 sum 18.00 diff  0.59 (  0.03  44.42)  Ml 0.05 (  0.06  44.62)  Ml+s 0.64 (  0.03  44.46)
   15   Ni  MulP 9.29 8.71 sum 18.00 diff  0.59 (  0.02  45.06)  Ml 0.05 (  0.06  45.20)  Ml+s 0.64 (  0.03  45.08)
   16   Ni  MulP 9.29 8.71 sum 18.00 diff  0.59 (  0.02  44.84)  Ml 0.05 (  0.06  44.26)  Ml+s 0.64 (  0.03  44.73)
   17   Ni  MulP 9.29 8.71 sum 18.00 diff  0.59 (  0.02  44.84)  Ml 0.05 (  0.06  44.34)  Ml+s 0.64 (  0.03  44.75)
   18   Ni  MulP 9.29 8.71 sum 18.00 diff  0.59 (  0.02  44.86)  Ml 0.05 (  0.06  45.78)  Ml+s 0.64 (  0.03  45.03)
   19   Ni  MulP 9.29 8.71 sum 18.00 diff  0.59 (  0.02  44.29)  Ml 0.05 (  0.06  44.92)  Ml+s 0.64 (  0.03  44.40)
   20   Ni  MulP 9.29 8.71 sum 18.00 diff  0.59 (  0.03  44.02)  Ml 0.05 (  0.06  42.29)  Ml+s 0.64 (  0.03  43.71)
     ..........
     ......

 Sum of MulP: up   =  3187.45510 down          =  2986.54490
              total=  6174.00000 ideal(neutral)=  6174.00000
<DFT>  Total Spin Moment    (muB) 200.910192743   Angles    0.024883148    44.689122352
<DFT>  Total Orbital Moment (muB) 17.829230897   Angles    0.060442283    44.871879111
<DFT>  Total Moment         (muB) 218.739420486   Angles    0.027781517    44.721531165
<DFT>  Mixing_weight= 0.020150191237
<DFT>  Uele   =-9092.009210676486  dUele     =   0.000202842122
<DFT>  NormRD =    0.000770720466  Criterion =   0.000001000000

******************* MD= 1  SCF=54 *******************
<Poisson>  Poisson's equation using FFT...
<Set_Hamiltonian>  Hamiltonian matrix for VNA+dVH+Vxc...
<Band>  Solving the eigenvalue problem...
 KGrids1:  -0.33333   0.00000   0.33333 
 KGrids2:  -0.33333  -0.00000   0.33333 
 KGrids3:  -0.33333   0.00000   0.33334 
<Band_DFT>  Eigen, time=187.021561
<Band_DFT>  DM, time=0.000000
    1   Ni  MulP 9.29 8.71 sum 18.00 diff  0.59 (  0.02  44.71)  Ml 0.05 (  0.06  44.87)  Ml+s 0.64 (  0.03  44.73)
    2   Ni  MulP 9.29 8.71 sum 18.00 diff  0.59 (  0.02  44.70)  Ml 0.05 (  0.06  44.89)  Ml+s 0.64 (  0.03  44.74)
    3   Ni  MulP 9.29 8.71 sum 18.00 diff  0.59 (  0.02  44.70)  Ml 0.05 (  0.06  44.87)  Ml+s 0.64 (  0.03  44.73)
    4   Ni  MulP 9.29 8.71 sum 18.00 diff  0.59 (  0.02  44.70)  Ml 0.05 (  0.06  44.87)  Ml+s 0.64 (  0.03  44.73)
    5   Ni  MulP 9.29 8.71 sum 18.00 diff  0.59 (  0.02  44.70)  Ml 0.05 (  0.06  44.87)  Ml+s 0.64 (  0.03  44.73)
    6   Ni  MulP 9.29 8.71 sum 18.00 diff  0.59 (  0.02  44.70)  Ml 0.05 (  0.06  44.88)  Ml+s 0.64 (  0.03  44.74)
    7   Ni  MulP 9.29 8.71 sum 18.00 diff  0.59 (  0.02  44.71)  Ml 0.05 (  0.06  44.88)  Ml+s 0.64 (  0.03  44.74)
    8   Ni  MulP 9.29 8.71 sum 18.00 diff  0.59 (  0.02  45.01)  Ml 0.05 (  0.06  45.24)  Ml+s 0.64 (  0.03  45.05)
    9   Ni  MulP 9.29 8.71 sum 18.00 diff  0.59 (  0.02  44.90)  Ml 0.05 (  0.06  44.48)  Ml+s 0.64 (  0.03  44.83)
   10   Ni  MulP 9.29 8.71 sum 18.00 diff  0.59 (  0.02  44.26)  Ml 0.05 (  0.06  41.99)  Ml+s 0.64 (  0.03  43.85)
   11   Ni  MulP 9.29 8.71 sum 18.00 diff  0.59 (  0.02  44.78)  Ml 0.05 (  0.06  44.05)  Ml+s 0.64 (  0.03  44.65)
   12   Ni  MulP 9.29 8.71 sum 18.00 diff  0.59 (  0.02  45.08)  Ml 0.05 (  0.06  45.14)  Ml+s 0.64 (  0.03  45.09)
   13   Ni  MulP 9.29 8.71 sum 18.00 diff  0.59 (  0.02  44.48)  Ml 0.05 (  0.06  44.50)  Ml+s 0.64 (  0.03  44.48)
   14   Ni  MulP 9.29 8.71 sum 18.00 diff  0.59 (  0.02  44.43)  Ml 0.05 (  0.06  44.35)  Ml+s 0.64 (  0.03  44.41)
   15   Ni  MulP 9.29 8.71 sum 18.00 diff  0.59 (  0.02  45.07)  Ml 0.05 (  0.06  45.88)  Ml+s 0.64 (  0.03  45.22)
   16   Ni  MulP 9.29 8.71 sum 18.00 diff  0.59 (  0.02  44.85)  Ml 0.05 (  0.06  44.96)  Ml+s 0.64 (  0.03  44.87)
   17   Ni  MulP 9.29 8.71 sum 18.00 diff  0.59 (  0.02  44.85)  Ml 0.05 (  0.06  45.06)  Ml+s 0.64 (  0.03  44.89)
   18   Ni  MulP 9.29 8.71 sum 18.00 diff  0.59 (  0.02  44.88)  Ml 0.05 (  0.06  46.55)  Ml+s 0.64 (  0.03  45.18)
   19   Ni  MulP 9.29 8.71 sum 18.00 diff  0.59 (  0.02  44.30)  Ml 0.05 (  0.06  45.40)  Ml+s 0.64 (  0.03  44.50)
   20   Ni  MulP 9.29 8.71 sum 18.00 diff  0.59 (  0.02  44.03)  Ml 0.05 (  0.06  42.19)  Ml+s 0.64 (  0.03  43.70)
     ..........
     ......

 Sum of MulP: up   =  3187.45508 down          =  2986.54492
              total=  6174.00000 ideal(neutral)=  6174.00000
<DFT>  Total Spin Moment    (muB) 200.910160415   Angles    0.024688832    44.686559348
<DFT>  Total Orbital Moment (muB) 17.829229237   Angles    0.060246584    44.871361683
<DFT>  Total Moment         (muB) 218.739386499   Angles    0.027587087    44.719455024
<DFT>  Mixing_weight= 0.020150191237
<DFT>  Uele   =-9092.009163442750  dUele     =   0.000047233736
<DFT>  NormRD =    0.000355877531  Criterion =   0.000001000000

******************* MD= 1  SCF=55 *******************
<Poisson>  Poisson's equation using FFT...
<Set_Hamiltonian>  Hamiltonian matrix for VNA+dVH+Vxc...
<Band>  Solving the eigenvalue problem...
 KGrids1:  -0.33333   0.00000   0.33333 
 KGrids2:  -0.33333  -0.00000   0.33333 
 KGrids3:  -0.33333   0.00000   0.33334 
<Band_DFT>  Eigen, time=126.874240
<Band_DFT>  DM, time=0.000000
    1   Ni  MulP 9.29 8.71 sum 18.00 diff  0.59 (  0.03  44.71)  Ml 0.05 (  0.06  44.83)  Ml+s 0.64 (  0.03  44.73)
    2   Ni  MulP 9.29 8.71 sum 18.00 diff  0.59 (  0.03  44.71)  Ml 0.05 (  0.06  44.92)  Ml+s 0.64 (  0.03  44.75)
    3   Ni  MulP 9.29 8.71 sum 18.00 diff  0.59 (  0.03  44.71)  Ml 0.05 (  0.06  44.86)  Ml+s 0.64 (  0.03  44.73)
    4   Ni  MulP 9.29 8.71 sum 18.00 diff  0.59 (  0.02  44.70)  Ml 0.05 (  0.06  44.84)  Ml+s 0.64 (  0.03  44.73)
    5   Ni  MulP 9.29 8.71 sum 18.00 diff  0.59 (  0.03  44.71)  Ml 0.05 (  0.06  44.88)  Ml+s 0.64 (  0.03  44.74)
    6   Ni  MulP 9.29 8.71 sum 18.00 diff  0.59 (  0.03  44.71)  Ml 0.05 (  0.06  44.90)  Ml+s 0.64 (  0.03  44.74)
    7   Ni  MulP 9.29 8.71 sum 18.00 diff  0.59 (  0.03  44.71)  Ml 0.05 (  0.06  44.87)  Ml+s 0.64 (  0.03  44.74)
    8   Ni  MulP 9.29 8.71 sum 18.00 diff  0.59 (  0.02  45.01)  Ml 0.05 (  0.06  45.31)  Ml+s 0.64 (  0.03  45.07)
    9   Ni  MulP 9.29 8.71 sum 18.00 diff  0.59 (  0.03  44.91)  Ml 0.05 (  0.06  44.50)  Ml+s 0.64 (  0.03  44.84)
   10   Ni  MulP 9.29 8.71 sum 18.00 diff  0.59 (  0.03  44.28)  Ml 0.05 (  0.06  42.26)  Ml+s 0.64 (  0.03  43.92)
   11   Ni  MulP 9.29 8.71 sum 18.00 diff  0.59 (  0.03  44.78)  Ml 0.05 (  0.06  43.97)  Ml+s 0.64 (  0.03  44.64)
   12   Ni  MulP 9.29 8.71 sum 18.00 diff  0.59 (  0.03  45.08)  Ml 0.05 (  0.06  45.22)  Ml+s 0.64 (  0.03  45.10)
   13   Ni  MulP 9.29 8.71 sum 18.00 diff  0.59 (  0.03  44.48)  Ml 0.05 (  0.06  44.43)  Ml+s 0.64 (  0.03  44.47)
   14   Ni  MulP 9.29 8.71 sum 18.00 diff  0.59 (  0.03  44.42)  Ml 0.05 (  0.06  44.29)  Ml+s 0.64 (  0.03  44.40)
   15   Ni  MulP 9.29 8.71 sum 18.00 diff  0.59 (  0.02  45.08)  Ml 0.05 (  0.06  46.23)  Ml+s 0.64 (  0.03  45.28)
   16   Ni  MulP 9.29 8.71 sum 18.00 diff  0.59 (  0.03  44.85)  Ml 0.05 (  0.06  44.94)  Ml+s 0.64 (  0.03  44.87)
   17   Ni  MulP 9.29 8.71 sum 18.00 diff  0.59 (  0.02  44.86)  Ml 0.05 (  0.06  45.09)  Ml+s 0.64 (  0.03  44.90)
   18   Ni  MulP 9.29 8.71 sum 18.00 diff  0.59 (  0.03  44.88)  Ml 0.05 (  0.06  46.85)  Ml+s 0.64 (  0.03  45.23)
   19   Ni  MulP 9.29 8.71 sum 18.00 diff  0.59 (  0.03  44.30)  Ml 0.05 (  0.06  45.57)  Ml+s 0.64 (  0.03  44.53)
   20   Ni  MulP 9.29 8.71 sum 18.00 diff  0.59 (  0.03  44.02)  Ml 0.05 (  0.06  41.97)  Ml+s 0.64 (  0.03  43.66)
     ..........
     ......

 Sum of MulP: up   =  3187.45510 down          =  2986.54490
              total=  6174.00000 ideal(neutral)=  6174.00000
<DFT>  Total Spin Moment    (muB) 200.910207293   Angles    0.025152711    44.692654991
<DFT>  Total Orbital Moment (muB) 17.829231960   Angles    0.060713985    44.872441989
<DFT>  Total Moment         (muB) 218.739436100   Angles    0.028051255    44.724372532
<DFT>  Mixing_weight= 0.020150191237
<DFT>  Uele   =-9092.009286297871  dUele     =   0.000122855121
<DFT>  NormRD =    0.000239753058  Criterion =   0.000001000000

******************* MD= 1  SCF=56 *******************
<Poisson>  Poisson's equation using FFT...
<Set_Hamiltonian>  Hamiltonian matrix for VNA+dVH+Vxc...
<Band>  Solving the eigenvalue problem...
 KGrids1:  -0.33333   0.00000   0.33333 
 KGrids2:  -0.33333  -0.00000   0.33333 
 KGrids3:  -0.33333   0.00000   0.33334 
<Band_DFT>  Eigen, time=126.859838
<Band_DFT>  DM, time=0.000001
    1   Ni  MulP 9.29 8.71 sum 18.00 diff  0.59 (  0.03  44.71)  Ml 0.05 (  0.06  44.89)  Ml+s 0.64 (  0.03  44.74)
    2   Ni  MulP 9.29 8.71 sum 18.00 diff  0.59 (  0.03  44.71)  Ml 0.05 (  0.06  44.86)  Ml+s 0.64 (  0.03  44.73)
    3   Ni  MulP 9.29 8.71 sum 18.00 diff  0.59 (  0.03  44.71)  Ml 0.05 (  0.06  44.85)  Ml+s 0.64 (  0.03  44.73)
    4   Ni  MulP 9.29 8.71 sum 18.00 diff  0.59 (  0.03  44.70)  Ml 0.05 (  0.06  44.88)  Ml+s 0.64 (  0.03  44.74)
    5   Ni  MulP 9.29 8.71 sum 18.00 diff  0.59 (  0.03  44.71)  Ml 0.05 (  0.06  44.87)  Ml+s 0.64 (  0.03  44.74)
    6   Ni  MulP 9.29 8.71 sum 18.00 diff  0.59 (  0.03  44.71)  Ml 0.05 (  0.06  44.84)  Ml+s 0.64 (  0.03  44.73)
    7   Ni  MulP 9.29 8.71 sum 18.00 diff  0.59 (  0.03  44.71)  Ml 0.05 (  0.06  44.87)  Ml+s 0.64 (  0.03  44.74)
    8   Ni  MulP 9.29 8.71 sum 18.00 diff  0.59 (  0.03  45.01)  Ml 0.05 (  0.06  45.26)  Ml+s 0.64 (  0.03  45.05)
    9   Ni  MulP 9.29 8.71 sum 18.00 diff  0.59 (  0.03  44.91)  Ml 0.05 (  0.06  44.63)  Ml+s 0.64 (  0.03  44.86)
   10   Ni  MulP 9.29 8.71 sum 18.00 diff  0.59 (  0.03  44.26)  Ml 0.05 (  0.06  41.93)  Ml+s 0.64 (  0.03  43.85)
   11   Ni  MulP 9.29 8.71 sum 18.00 diff  0.59 (  0.03  44.78)  Ml 0.05 (  0.06  44.28)  Ml+s 0.64 (  0.03  44.69)
   12   Ni  MulP 9.29 8.71 sum 18.00 diff  0.59 (  0.03  45.07)  Ml 0.05 (  0.06  45.09)  Ml+s 0.64 (  0.03  45.07)
   13   Ni  MulP 9.29 8.71 sum 18.00 diff  0.59 (  0.03  44.47)  Ml 0.05 (  0.06  43.84)  Ml+s 0.64 (  0.03  44.36)
   14   Ni  MulP 9.29 8.71 sum 18.00 diff  0.59 (  0.03  44.42)  Ml 0.05 (  0.06  43.88)  Ml+s 0.64 (  0.03  44.32)
   15   Ni  MulP 9.29 8.71 sum 18.00 diff  0.59 (  0.02  45.07)  Ml 0.05 (  0.06  45.44)  Ml+s 0.64 (  0.03  45.14)
   16   Ni  MulP 9.29 8.71 sum 18.00 diff  0.59 (  0.03  44.86)  Ml 0.05 (  0.06  45.15)  Ml+s 0.64 (  0.03  44.91)
   17   Ni  MulP 9.29 8.71 sum 18.00 diff  0.59 (  0.02  44.86)  Ml 0.05 (  0.06  45.29)  Ml+s 0.64 (  0.03  44.94)
   18   Ni  MulP 9.29 8.71 sum 18.00 diff  0.59 (  0.03  44.87)  Ml 0.05 (  0.06  46.11)  Ml+s 0.64 (  0.03  45.09)
   19   Ni  MulP 9.29 8.71 sum 18.00 diff  0.59 (  0.03  44.29)  Ml 0.05 (  0.06  45.18)  Ml+s 0.64 (  0.03  44.45)
   20   Ni  MulP 9.29 8.71 sum 18.00 diff  0.59 (  0.03  44.02)  Ml 0.05 (  0.06  42.63)  Ml+s 0.64 (  0.03  43.78)
     ..........
     ......

 Sum of MulP: up   =  3187.45510 down          =  2986.54490
              total=  6174.00000 ideal(neutral)=  6174.00000
<DFT>  Total Spin Moment    (muB) 200.910199702   Angles    0.025229379    44.693655519
<DFT>  Total Orbital Moment (muB) 17.829231695   Angles    0.060791237    44.872571098
<DFT>  Total Moment         (muB) 218.739428242   Angles    0.028127970    44.725173294
<DFT>  Mixing_weight= 0.020150191237
<DFT>  Uele   =-9092.009309033923  dUele     =   0.000022736052
<DFT>  NormRD =    0.000411986902  Criterion =   0.000001000000

******************* MD= 1  SCF=57 *******************
<Poisson>  Poisson's equation using FFT...
<Set_Hamiltonian>  Hamiltonian matrix for VNA+dVH+Vxc...
<Band>  Solving the eigenvalue problem...
 KGrids1:  -0.33333   0.00000   0.33333 
 KGrids2:  -0.33333  -0.00000   0.33333 
 KGrids3:  -0.33333   0.00000   0.33334 
<Band_DFT>  Eigen, time=126.997145
<Band_DFT>  DM, time=0.000000
    1   Ni  MulP 9.29 8.71 sum 18.00 diff  0.59 (  0.03  44.71)  Ml 0.05 (  0.06  44.93)  Ml+s 0.64 (  0.03  44.75)
    2   Ni  MulP 9.29 8.71 sum 18.00 diff  0.59 (  0.02  44.71)  Ml 0.05 (  0.06  44.89)  Ml+s 0.64 (  0.03  44.74)
    3   Ni  MulP 9.29 8.71 sum 18.00 diff  0.59 (  0.03  44.71)  Ml 0.05 (  0.06  44.90)  Ml+s 0.64 (  0.03  44.74)
    4   Ni  MulP 9.29 8.71 sum 18.00 diff  0.59 (  0.02  44.70)  Ml 0.05 (  0.06  44.92)  Ml+s 0.64 (  0.03  44.74)
    5   Ni  MulP 9.29 8.71 sum 18.00 diff  0.59 (  0.03  44.71)  Ml 0.05 (  0.06  44.90)  Ml+s 0.64 (  0.03  44.74)
    6   Ni  MulP 9.29 8.71 sum 18.00 diff  0.59 (  0.02  44.71)  Ml 0.05 (  0.06  44.89)  Ml+s 0.64 (  0.03  44.74)
    7   Ni  MulP 9.29 8.71 sum 18.00 diff  0.59 (  0.02  44.71)  Ml 0.05 (  0.06  44.91)  Ml+s 0.64 (  0.03  44.74)
    8   Ni  MulP 9.29 8.71 sum 18.00 diff  0.59 (  0.02  45.01)  Ml 0.05 (  0.06  45.44)  Ml+s 0.64 (  0.03  45.09)
    9   Ni  MulP 9.29 8.71 sum 18.00 diff  0.59 (  0.02  44.91)  Ml 0.05 (  0.06  44.64)  Ml+s 0.64 (  0.03  44.86)
   10   Ni  MulP 9.29 8.71 sum 18.00 diff  0.59 (  0.02  44.26)  Ml 0.05 (  0.06  41.91)  Ml+s 0.64 (  0.03  43.85)
   11   Ni  MulP 9.29 8.71 sum 18.00 diff  0.59 (  0.02  44.78)  Ml 0.05 (  0.06  44.26)  Ml+s 0.64 (  0.03  44.69)
   12   Ni  MulP 9.29 8.71 sum 18.00 diff  0.59 (  0.03  45.08)  Ml 0.05 (  0.06  45.30)  Ml+s 0.64 (  0.03  45.12)
   13   Ni  MulP 9.29 8.71 sum 18.00 diff  0.59 (  0.03  44.48)  Ml 0.05 (  0.06  44.62)  Ml+s 0.64 (  0.03  44.51)
   14   Ni  MulP 9.29 8.71 sum 18.00 diff  0.59 (  0.03  44.43)  Ml 0.05 (  0.06  44.54)  Ml+s 0.64 (  0.03  44.45)
   15   Ni  MulP 9.29 8.71 sum 18.00 diff  0.59 (  0.02  45.07)  Ml 0.05 (  0.06  45.74)  Ml+s 0.64 (  0.03  45.19)
   16   Ni  MulP 9.29 8.71 sum 18.00 diff  0.59 (  0.03  44.85)  Ml 0.05 (  0.06  45.11)  Ml+s 0.64 (  0.03  44.90)
   17   Ni  MulP 9.29 8.71 sum 18.00 diff  0.59 (  0.02  44.86)  Ml 0.05 (  0.06  45.13)  Ml+s 0.64 (  0.03  44.91)
   18   Ni  MulP 9.29 8.71 sum 18.00 diff  0.59 (  0.03  44.88)  Ml 0.05 (  0.06  46.23)  Ml+s 0.64 (  0.03  45.12)
   19   Ni  MulP 9.29 8.71 sum 18.00 diff  0.59 (  0.02  44.30)  Ml 0.05 (  0.06  45.38)  Ml+s 0.64 (  0.03  44.49)
   20   Ni  MulP 9.29 8.71 sum 18.00 diff  0.59 (  0.03  44.03)  Ml 0.05 (  0.06  42.80)  Ml+s 0.64 (  0.03  43.82)
     ..........
     ......

 Sum of MulP: up   =  3187.45508 down          =  2986.54492
              total=  6174.00000 ideal(neutral)=  6174.00000
<DFT>  Total Spin Moment    (muB) 200.910161371   Angles    0.025051178    44.691351169
<DFT>  Total Orbital Moment (muB) 17.829229766   Angles    0.060611614    44.872062911
<DFT>  Total Moment         (muB) 218.739387982   Angles    0.027949654    44.723293795
<DFT>  Mixing_weight= 0.020150191237
<DFT>  Uele   =-9092.009257216170  dUele     =   0.000051817753
<DFT>  NormRD =    0.000233923174  Criterion =   0.000001000000

******************* MD= 1  SCF=58 *******************
<Poisson>  Poisson's equation using FFT...
<Set_Hamiltonian>  Hamiltonian matrix for VNA+dVH+Vxc...
<Band>  Solving the eigenvalue problem...
 KGrids1:  -0.33333   0.00000   0.33333 
 KGrids2:  -0.33333  -0.00000   0.33333 
 KGrids3:  -0.33333   0.00000   0.33334 
<Band_DFT>  Eigen, time=126.692811
<Band_DFT>  DM, time=0.000001
    1   Ni  MulP 9.29 8.71 sum 18.00 diff  0.59 (  0.03  44.71)  Ml 0.05 (  0.06  44.84)  Ml+s 0.64 (  0.03  44.73)
    2   Ni  MulP 9.29 8.71 sum 18.00 diff  0.59 (  0.02  44.70)  Ml 0.05 (  0.06  44.80)  Ml+s 0.64 (  0.03  44.72)
    3   Ni  MulP 9.29 8.71 sum 18.00 diff  0.59 (  0.03  44.71)  Ml 0.05 (  0.06  44.82)  Ml+s 0.64 (  0.03  44.72)
    4   Ni  MulP 9.29 8.71 sum 18.00 diff  0.59 (  0.02  44.70)  Ml 0.05 (  0.06  44.84)  Ml+s 0.64 (  0.03  44.73)
    5   Ni  MulP 9.29 8.71 sum 18.00 diff  0.59 (  0.03  44.71)  Ml 0.05 (  0.06  44.81)  Ml+s 0.64 (  0.03  44.72)
    6   Ni  MulP 9.29 8.71 sum 18.00 diff  0.59 (  0.02  44.71)  Ml 0.05 (  0.06  44.81)  Ml+s 0.64 (  0.03  44.72)
    7   Ni  MulP 9.29 8.71 sum 18.00 diff  0.59 (  0.02  44.71)  Ml 0.05 (  0.06  44.82)  Ml+s 0.64 (  0.03  44.73)
    8   Ni  MulP 9.29 8.71 sum 18.00 diff  0.59 (  0.02  45.01)  Ml 0.05 (  0.06  45.31)  Ml+s 0.64 (  0.03  45.06)
    9   Ni  MulP 9.29 8.71 sum 18.00 diff  0.59 (  0.02  44.91)  Ml 0.05 (  0.06  44.46)  Ml+s 0.64 (  0.03  44.83)
   10   Ni  MulP 9.29 8.71 sum 18.00 diff  0.59 (  0.02  44.26)  Ml 0.05 (  0.06  41.67)  Ml+s 0.64 (  0.03  43.80)
   11   Ni  MulP 9.29 8.71 sum 18.00 diff  0.59 (  0.02  44.78)  Ml 0.05 (  0.06  44.09)  Ml+s 0.64 (  0.03  44.66)
   12   Ni  MulP 9.29 8.71 sum 18.00 diff  0.59 (  0.03  45.07)  Ml 0.05 (  0.06  45.20)  Ml+s 0.64 (  0.03  45.10)
   13   Ni  MulP 9.29 8.71 sum 18.00 diff  0.59 (  0.03  44.48)  Ml 0.05 (  0.06  44.56)  Ml+s 0.64 (  0.03  44.49)
   14   Ni  MulP 9.29 8.71 sum 18.00 diff  0.59 (  0.03  44.43)  Ml 0.05 (  0.06  44.45)  Ml+s 0.64 (  0.03  44.43)
   15   Ni  MulP 9.29 8.71 sum 18.00 diff  0.59 (  0.02  45.07)  Ml 0.05 (  0.06  45.55)  Ml+s 0.64 (  0.03  45.15)
   16   Ni  MulP 9.29 8.71 sum 18.00 diff  0.59 (  0.03  44.85)  Ml 0.05 (  0.06  44.89)  Ml+s 0.64 (  0.03  44.85)
   17   Ni  MulP 9.29 8.71 sum 18.00 diff  0.59 (  0.02  44.86)  Ml 0.05 (  0.06  44.94)  Ml+s 0.64 (  0.03  44.87)
   18   Ni  MulP 9.29 8.71 sum 18.00 diff  0.59 (  0.03  44.87)  Ml 0.05 (  0.06  46.14)  Ml+s 0.64 (  0.03  45.10)
   19   Ni  MulP 9.29 8.71 sum 18.00 diff  0.59 (  0.02  44.30)  Ml 0.05 (  0.06  45.28)  Ml+s 0.64 (  0.03  44.48)
   20   Ni  MulP 9.29 8.71 sum 18.00 diff  0.59 (  0.03  44.03)  Ml 0.05 (  0.06  42.67)  Ml+s 0.64 (  0.03  43.79)
     ..........
     ......

 Sum of MulP: up   =  3187.45508 down          =  2986.54492
              total=  6174.00000 ideal(neutral)=  6174.00000
<DFT>  Total Spin Moment    (muB) 200.910155748   Angles    0.025033650    44.691118809
<DFT>  Total Orbital Moment (muB) 17.829229481   Angles    0.060593978    44.871964823
<DFT>  Total Moment         (muB) 218.739382075   Angles    0.027932117    44.723095932
<DFT>  Mixing_weight= 0.020150191237
<DFT>  Uele   =-9092.009250480258  dUele     =   0.000006735912
<DFT>  NormRD =    0.000208614990  Criterion =   0.000001000000

******************* MD= 1  SCF=59 *******************
<Poisson>  Poisson's equation using FFT...
<Set_Hamiltonian>  Hamiltonian matrix for VNA+dVH+Vxc...
<Band>  Solving the eigenvalue problem...
 KGrids1:  -0.33333   0.00000   0.33333 
 KGrids2:  -0.33333  -0.00000   0.33333 
 KGrids3:  -0.33333   0.00000   0.33334 
<Band_DFT>  Eigen, time=126.981815
<Band_DFT>  DM, time=0.000000
    1   Ni  MulP 9.29 8.71 sum 18.00 diff  0.59 (  0.03  44.71)  Ml 0.05 (  0.06  44.88)  Ml+s 0.64 (  0.03  44.74)
    2   Ni  MulP 9.29 8.71 sum 18.00 diff  0.59 (  0.02  44.71)  Ml 0.05 (  0.06  44.88)  Ml+s 0.64 (  0.03  44.74)
    3   Ni  MulP 9.29 8.71 sum 18.00 diff  0.59 (  0.03  44.71)  Ml 0.05 (  0.06  44.88)  Ml+s 0.64 (  0.03  44.74)
    4   Ni  MulP 9.29 8.71 sum 18.00 diff  0.59 (  0.02  44.70)  Ml 0.05 (  0.06  44.88)  Ml+s 0.64 (  0.03  44.73)
    5   Ni  MulP 9.29 8.71 sum 18.00 diff  0.59 (  0.03  44.71)  Ml 0.05 (  0.06  44.87)  Ml+s 0.64 (  0.03  44.74)
    6   Ni  MulP 9.29 8.71 sum 18.00 diff  0.59 (  0.02  44.71)  Ml 0.05 (  0.06  44.88)  Ml+s 0.64 (  0.03  44.74)
    7   Ni  MulP 9.29 8.71 sum 18.00 diff  0.59 (  0.02  44.71)  Ml 0.05 (  0.06  44.88)  Ml+s 0.64 (  0.03  44.74)
    8   Ni  MulP 9.29 8.71 sum 18.00 diff  0.59 (  0.02  45.01)  Ml 0.05 (  0.06  45.25)  Ml+s 0.64 (  0.03  45.05)
    9   Ni  MulP 9.29 8.71 sum 18.00 diff  0.59 (  0.02  44.90)  Ml 0.05 (  0.06  44.48)  Ml+s 0.64 (  0.03  44.83)
   10   Ni  MulP 9.29 8.71 sum 18.00 diff  0.59 (  0.02  44.27)  Ml 0.05 (  0.06  41.86)  Ml+s 0.64 (  0.03  43.84)
   11   Ni  MulP 9.29 8.71 sum 18.00 diff  0.59 (  0.02  44.78)  Ml 0.05 (  0.06  44.09)  Ml+s 0.64 (  0.03  44.66)
   12   Ni  MulP 9.29 8.71 sum 18.00 diff  0.59 (  0.02  45.07)  Ml 0.05 (  0.06  45.13)  Ml+s 0.64 (  0.03  45.09)
   13   Ni  MulP 9.29 8.71 sum 18.00 diff  0.59 (  0.03  44.48)  Ml 0.05 (  0.06  44.47)  Ml+s 0.64 (  0.03  44.48)
   14   Ni  MulP 9.29 8.71 sum 18.00 diff  0.59 (  0.03  44.43)  Ml 0.05 (  0.06  44.37)  Ml+s 0.64 (  0.03  44.42)
   15   Ni  MulP 9.29 8.71 sum 18.00 diff  0.59 (  0.02  45.07)  Ml 0.05 (  0.06  45.69)  Ml+s 0.64 (  0.03  45.18)
   16   Ni  MulP 9.29 8.71 sum 18.00 diff  0.59 (  0.03  44.85)  Ml 0.05 (  0.06  44.91)  Ml+s 0.64 (  0.03  44.86)
   17   Ni  MulP 9.29 8.71 sum 18.00 diff  0.59 (  0.02  44.86)  Ml 0.05 (  0.06  45.00)  Ml+s 0.64 (  0.03  44.88)
   18   Ni  MulP 9.29 8.71 sum 18.00 diff  0.59 (  0.03  44.87)  Ml 0.05 (  0.06  46.33)  Ml+s 0.64 (  0.03  45.13)
   19   Ni  MulP 9.29 8.71 sum 18.00 diff  0.59 (  0.02  44.30)  Ml 0.05 (  0.06  45.30)  Ml+s 0.64 (  0.03  44.48)
   20   Ni  MulP 9.29 8.71 sum 18.00 diff  0.59 (  0.03  44.03)  Ml 0.05 (  0.06  42.35)  Ml+s 0.64 (  0.03  43.74)
     ..........
     ......

 Sum of MulP: up   =  3187.45508 down          =  2986.54492
              total=  6174.00000 ideal(neutral)=  6174.00000
<DFT>  Total Spin Moment    (muB) 200.910149999   Angles    0.025019048    44.690902122
<DFT>  Total Orbital Moment (muB) 17.829229167   Angles    0.060579218    44.871944005
<DFT>  Total Moment         (muB) 218.739376011   Angles    0.027917501    44.722922836
<DFT>  Mixing_weight= 0.020150191237
<DFT>  Uele   =-9092.009235969055  dUele     =   0.000014511203
<DFT>  NormRD =    0.000439682302  Criterion =   0.000001000000

******************* MD= 1  SCF=60 *******************
<Poisson>  Poisson's equation using FFT...
<Set_Hamiltonian>  Hamiltonian matrix for VNA+dVH+Vxc...
<Band>  Solving the eigenvalue problem...
 KGrids1:  -0.33333   0.00000   0.33333 
 KGrids2:  -0.33333  -0.00000   0.33333 
 KGrids3:  -0.33333   0.00000   0.33334 
<Band_DFT>  Eigen, time=126.797839
<Band_DFT>  DM, time=0.000000
    1   Ni  MulP 9.29 8.71 sum 18.00 diff  0.59 (  0.03  44.71)  Ml 0.05 (  0.06  44.88)  Ml+s 0.64 (  0.03  44.74)
    2   Ni  MulP 9.29 8.71 sum 18.00 diff  0.59 (  0.02  44.71)  Ml 0.05 (  0.06  44.88)  Ml+s 0.64 (  0.03  44.74)
    3   Ni  MulP 9.29 8.71 sum 18.00 diff  0.59 (  0.03  44.71)  Ml 0.05 (  0.06  44.88)  Ml+s 0.64 (  0.03  44.74)
    4   Ni  MulP 9.29 8.71 sum 18.00 diff  0.59 (  0.02  44.70)  Ml 0.05 (  0.06  44.88)  Ml+s 0.64 (  0.03  44.73)
    5   Ni  MulP 9.29 8.71 sum 18.00 diff  0.59 (  0.03  44.71)  Ml 0.05 (  0.06  44.87)  Ml+s 0.64 (  0.03  44.74)
    6   Ni  MulP 9.29 8.71 sum 18.00 diff  0.59 (  0.02  44.71)  Ml 0.05 (  0.06  44.88)  Ml+s 0.64 (  0.03  44.74)
    7   Ni  MulP 9.29 8.71 sum 18.00 diff  0.59 (  0.02  44.71)  Ml 0.05 (  0.06  44.88)  Ml+s 0.64 (  0.03  44.74)
    8   Ni  MulP 9.29 8.71 sum 18.00 diff  0.59 (  0.02  45.01)  Ml 0.05 (  0.06  45.26)  Ml+s 0.64 (  0.03  45.05)
    9   Ni  MulP 9.29 8.71 sum 18.00 diff  0.59 (  0.02  44.90)  Ml 0.05 (  0.06  44.51)  Ml+s 0.64 (  0.03  44.83)
   10   Ni  MulP 9.29 8.71 sum 18.00 diff  0.59 (  0.02  44.27)  Ml 0.05 (  0.06  41.92)  Ml+s 0.64 (  0.03  43.85)
   11   Ni  MulP 9.29 8.71 sum 18.00 diff  0.59 (  0.02  44.78)  Ml 0.05 (  0.06  44.12)  Ml+s 0.64 (  0.03  44.66)
   12   Ni  MulP 9.29 8.71 sum 18.00 diff  0.59 (  0.02  45.08)  Ml 0.05 (  0.06  45.14)  Ml+s 0.64 (  0.03  45.09)
   13   Ni  MulP 9.29 8.71 sum 18.00 diff  0.59 (  0.03  44.48)  Ml 0.05 (  0.06  44.47)  Ml+s 0.64 (  0.03  44.48)
   14   Ni  MulP 9.29 8.71 sum 18.00 diff  0.59 (  0.03  44.43)  Ml 0.05 (  0.06  44.39)  Ml+s 0.64 (  0.03  44.42)
   15   Ni  MulP 9.29 8.71 sum 18.00 diff  0.59 (  0.02  45.07)  Ml 0.05 (  0.06  45.65)  Ml+s 0.64 (  0.03  45.17)
   16   Ni  MulP 9.29 8.71 sum 18.00 diff  0.59 (  0.03  44.85)  Ml 0.05 (  0.06  44.92)  Ml+s 0.64 (  0.03  44.86)
   17   Ni  MulP 9.29 8.71 sum 18.00 diff  0.59 (  0.02  44.86)  Ml 0.05 (  0.06  45.03)  Ml+s 0.64 (  0.03  44.89)
   18   Ni  MulP 9.29 8.71 sum 18.00 diff  0.59 (  0.03  44.87)  Ml 0.05 (  0.06  46.35)  Ml+s 0.64 (  0.03  45.13)
   19   Ni  MulP 9.29 8.71 sum 18.00 diff  0.59 (  0.02  44.30)  Ml 0.05 (  0.06  45.35)  Ml+s 0.64 (  0.03  44.49)
   20   Ni  MulP 9.29 8.71 sum 18.00 diff  0.59 (  0.03  44.03)  Ml 0.05 (  0.06  42.39)  Ml+s 0.64 (  0.03  43.74)
     ..........
     ......

 Sum of MulP: up   =  3187.45507 down          =  2986.54493
              total=  6174.00000 ideal(neutral)=  6174.00000
<DFT>  Total Spin Moment    (muB) 200.910146119   Angles    0.025015809    44.690838997
<DFT>  Total Orbital Moment (muB) 17.829228948   Angles    0.060575912    44.871926104
<DFT>  Total Moment         (muB) 218.739371913   Angles    0.027914257    44.722869683
<DFT>  Mixing_weight= 0.020150191237
<DFT>  Uele   =-9092.009226639151  dUele     =   0.000009329904
<DFT>  NormRD =    0.000053153596  Criterion =   0.000001000000

******************* MD= 1  SCF=61 *******************
<Poisson>  Poisson's equation using FFT...
<Set_Hamiltonian>  Hamiltonian matrix for VNA+dVH+Vxc...
<Band>  Solving the eigenvalue problem...
 KGrids1:  -0.33333   0.00000   0.33333 
 KGrids2:  -0.33333  -0.00000   0.33333 
 KGrids3:  -0.33333   0.00000   0.33334 
<Band_DFT>  Eigen, time=126.901676
<Band_DFT>  DM, time=0.000000
    1   Ni  MulP 9.29 8.71 sum 18.00 diff  0.59 (  0.03  44.71)  Ml 0.05 (  0.06  44.88)  Ml+s 0.64 (  0.03  44.74)
    2   Ni  MulP 9.29 8.71 sum 18.00 diff  0.59 (  0.02  44.71)  Ml 0.05 (  0.06  44.89)  Ml+s 0.64 (  0.03  44.74)
    3   Ni  MulP 9.29 8.71 sum 18.00 diff  0.59 (  0.03  44.71)  Ml 0.05 (  0.06  44.88)  Ml+s 0.64 (  0.03  44.74)
    4   Ni  MulP 9.29 8.71 sum 18.00 diff  0.59 (  0.02  44.70)  Ml 0.05 (  0.06  44.88)  Ml+s 0.64 (  0.03  44.73)
    5   Ni  MulP 9.29 8.71 sum 18.00 diff  0.59 (  0.03  44.71)  Ml 0.05 (  0.06  44.88)  Ml+s 0.64 (  0.03  44.74)
    6   Ni  MulP 9.29 8.71 sum 18.00 diff  0.59 (  0.02  44.71)  Ml 0.05 (  0.06  44.88)  Ml+s 0.64 (  0.03  44.74)
    7   Ni  MulP 9.29 8.71 sum 18.00 diff  0.59 (  0.03  44.71)  Ml 0.05 (  0.06  44.88)  Ml+s 0.64 (  0.03  44.74)
    8   Ni  MulP 9.29 8.71 sum 18.00 diff  0.59 (  0.02  45.01)  Ml 0.05 (  0.06  45.25)  Ml+s 0.64 (  0.03  45.05)
    9   Ni  MulP 9.29 8.71 sum 18.00 diff  0.59 (  0.03  44.90)  Ml 0.05 (  0.06  44.50)  Ml+s 0.64 (  0.03  44.83)
   10   Ni  MulP 9.29 8.71 sum 18.00 diff  0.59 (  0.02  44.27)  Ml 0.05 (  0.06  41.93)  Ml+s 0.64 (  0.03  43.85)
   11   Ni  MulP 9.29 8.71 sum 18.00 diff  0.59 (  0.02  44.78)  Ml 0.05 (  0.06  44.11)  Ml+s 0.64 (  0.03  44.66)
   12   Ni  MulP 9.29 8.71 sum 18.00 diff  0.59 (  0.03  45.08)  Ml 0.05 (  0.06  45.12)  Ml+s 0.64 (  0.03  45.08)
   13   Ni  MulP 9.29 8.71 sum 18.00 diff  0.59 (  0.03  44.48)  Ml 0.05 (  0.06  44.44)  Ml+s 0.64 (  0.03  44.47)
   14   Ni  MulP 9.29 8.71 sum 18.00 diff  0.59 (  0.03  44.43)  Ml 0.05 (  0.06  44.36)  Ml+s 0.64 (  0.03  44.42)
   15   Ni  MulP 9.29 8.71 sum 18.00 diff  0.59 (  0.02  45.07)  Ml 0.05 (  0.06  45.69)  Ml+s 0.64 (  0.03  45.18)
   16   Ni  MulP 9.29 8.71 sum 18.00 diff  0.59 (  0.03  44.85)  Ml 0.05 (  0.06  44.92)  Ml+s 0.64 (  0.03  44.86)
   17   Ni  MulP 9.29 8.71 sum 18.00 diff  0.59 (  0.02  44.86)  Ml 0.05 (  0.06  45.00)  Ml+s 0.64 (  0.03  44.88)
   18   Ni  MulP 9.29 8.71 sum 18.00 diff  0.59 (  0.03  44.87)  Ml 0.05 (  0.06  46.31)  Ml+s 0.64 (  0.03  45.13)
   19   Ni  MulP 9.29 8.71 sum 18.00 diff  0.59 (  0.02  44.30)  Ml 0.05 (  0.06  45.31)  Ml+s 0.64 (  0.03  44.48)
   20   Ni  MulP 9.29 8.71 sum 18.00 diff  0.59 (  0.03  44.03)  Ml 0.05 (  0.06  42.35)  Ml+s 0.64 (  0.03  43.74)
     ..........
     ......

 Sum of MulP: up   =  3187.45508 down          =  2986.54492
              total=  6174.00000 ideal(neutral)=  6174.00000
<DFT>  Total Spin Moment    (muB) 200.910151148   Angles    0.025066338    44.691469068
<DFT>  Total Orbital Moment (muB) 17.829229192   Angles    0.060626764    44.872049865
<DFT>  Total Moment         (muB) 218.739377187   Angles    0.027964813    44.723379220
<DFT>  Mixing_weight= 0.020150191237
<DFT>  Uele   =-9092.009230047066  dUele     =   0.000003407915
<DFT>  NormRD =    0.000045742425  Criterion =   0.000001000000

******************* MD= 1  SCF=62 *******************
<Poisson>  Poisson's equation using FFT...
<Set_Hamiltonian>  Hamiltonian matrix for VNA+dVH+Vxc...
<Band>  Solving the eigenvalue problem...
 KGrids1:  -0.33333   0.00000   0.33333 
 KGrids2:  -0.33333  -0.00000   0.33333 
 KGrids3:  -0.33333   0.00000   0.33334 
<Band_DFT>  Eigen, time=126.986558
<Band_DFT>  DM, time=0.000000
    1   Ni  MulP 9.29 8.71 sum 18.00 diff  0.59 (  0.03  44.71)  Ml 0.05 (  0.06  44.82)  Ml+s 0.64 (  0.03  44.73)
    2   Ni  MulP 9.29 8.71 sum 18.00 diff  0.59 (  0.02  44.70)  Ml 0.05 (  0.06  44.83)  Ml+s 0.64 (  0.03  44.73)
    3   Ni  MulP 9.29 8.71 sum 18.00 diff  0.59 (  0.03  44.71)  Ml 0.05 (  0.06  44.82)  Ml+s 0.64 (  0.03  44.72)
    4   Ni  MulP 9.29 8.71 sum 18.00 diff  0.59 (  0.02  44.70)  Ml 0.05 (  0.06  44.83)  Ml+s 0.64 (  0.03  44.72)
    5   Ni  MulP 9.29 8.71 sum 18.00 diff  0.59 (  0.03  44.71)  Ml 0.05 (  0.06  44.82)  Ml+s 0.64 (  0.03  44.73)
    6   Ni  MulP 9.29 8.71 sum 18.00 diff  0.59 (  0.02  44.71)  Ml 0.05 (  0.06  44.82)  Ml+s 0.64 (  0.03  44.73)
    7   Ni  MulP 9.29 8.71 sum 18.00 diff  0.59 (  0.03  44.71)  Ml 0.05 (  0.06  44.82)  Ml+s 0.64 (  0.03  44.73)
    8   Ni  MulP 9.29 8.71 sum 18.00 diff  0.59 (  0.02  45.01)  Ml 0.05 (  0.06  45.22)  Ml+s 0.64 (  0.03  45.05)
    9   Ni  MulP 9.29 8.71 sum 18.00 diff  0.59 (  0.03  44.90)  Ml 0.05 (  0.06  44.48)  Ml+s 0.64 (  0.03  44.83)
   10   Ni  MulP 9.29 8.71 sum 18.00 diff  0.59 (  0.02  44.27)  Ml 0.05 (  0.06  41.87)  Ml+s 0.64 (  0.03  43.84)
   11   Ni  MulP 9.29 8.71 sum 18.00 diff  0.59 (  0.02  44.78)  Ml 0.05 (  0.06  44.07)  Ml+s 0.64 (  0.03  44.65)
   12   Ni  MulP 9.29 8.71 sum 18.00 diff  0.59 (  0.03  45.07)  Ml 0.05 (  0.06  45.09)  Ml+s 0.64 (  0.03  45.08)
   13   Ni  MulP 9.29 8.71 sum 18.00 diff  0.59 (  0.03  44.48)  Ml 0.05 (  0.06  44.42)  Ml+s 0.64 (  0.03  44.47)
   14   Ni  MulP 9.29 8.71 sum 18.00 diff  0.59 (  0.03  44.43)  Ml 0.05 (  0.06  44.34)  Ml+s 0.64 (  0.03  44.41)
   15   Ni  MulP 9.29 8.71 sum 18.00 diff  0.59 (  0.02  45.07)  Ml 0.05 (  0.06  45.64)  Ml+s 0.64 (  0.03  45.17)
   16   Ni  MulP 9.29 8.71 sum 18.00 diff  0.59 (  0.03  44.85)  Ml 0.05 (  0.06  44.90)  Ml+s 0.64 (  0.03  44.86)
   17   Ni  MulP 9.29 8.71 sum 18.00 diff  0.59 (  0.02  44.86)  Ml 0.05 (  0.06  45.00)  Ml+s 0.64 (  0.03  44.88)
   18   Ni  MulP 9.29 8.71 sum 18.00 diff  0.59 (  0.03  44.87)  Ml 0.05 (  0.06  46.26)  Ml+s 0.64 (  0.03  45.12)
   19   Ni  MulP 9.29 8.71 sum 18.00 diff  0.59 (  0.02  44.30)  Ml 0.05 (  0.06  45.30)  Ml+s 0.64 (  0.03  44.48)
   20   Ni  MulP 9.29 8.71 sum 18.00 diff  0.59 (  0.03  44.03)  Ml 0.05 (  0.06  42.38)  Ml+s 0.64 (  0.03  43.74)
     ..........
     ......

 Sum of MulP: up   =  3187.45508 down          =  2986.54492
              total=  6174.00000 ideal(neutral)=  6174.00000
<DFT>  Total Spin Moment    (muB) 200.910153850   Angles    0.025063143    44.691446064
<DFT>  Total Orbital Moment (muB) 17.829229340   Angles    0.060623604    44.872035992
<DFT>  Total Moment         (muB) 218.739380036   Angles    0.027961620    44.723359809
<DFT>  Mixing_weight= 0.020150191237
<DFT>  Uele   =-9092.009236353048  dUele     =   0.000006305982
<DFT>  NormRD =    0.000033819070  Criterion =   0.000001000000

******************* MD= 1  SCF=63 *******************
<Poisson>  Poisson's equation using FFT...
<Set_Hamiltonian>  Hamiltonian matrix for VNA+dVH+Vxc...
<Band>  Solving the eigenvalue problem...
 KGrids1:  -0.33333   0.00000   0.33333 
 KGrids2:  -0.33333  -0.00000   0.33333 
 KGrids3:  -0.33333   0.00000   0.33334 
<Band_DFT>  Eigen, time=187.030888
<Band_DFT>  DM, time=0.000008
    1   Ni  MulP 9.29 8.71 sum 18.00 diff  0.59 (  0.03  44.71)  Ml 0.05 (  0.06  44.99)  Ml+s 0.64 (  0.03  44.76)
    2   Ni  MulP 9.29 8.71 sum 18.00 diff  0.59 (  0.03  44.71)  Ml 0.05 (  0.06  44.95)  Ml+s 0.64 (  0.03  44.75)
    3   Ni  MulP 9.29 8.71 sum 18.00 diff  0.59 (  0.03  44.71)  Ml 0.05 (  0.06  44.95)  Ml+s 0.64 (  0.03  44.75)
    4   Ni  MulP 9.29 8.71 sum 18.00 diff  0.59 (  0.03  44.71)  Ml 0.05 (  0.06  44.98)  Ml+s 0.64 (  0.03  44.76)
    5   Ni  MulP 9.29 8.71 sum 18.00 diff  0.59 (  0.03  44.71)  Ml 0.05 (  0.06  44.97)  Ml+s 0.64 (  0.03  44.76)
    6   Ni  MulP 9.29 8.71 sum 18.00 diff  0.59 (  0.03  44.71)  Ml 0.05 (  0.06  44.96)  Ml+s 0.64 (  0.03  44.75)
    7   Ni  MulP 9.29 8.71 sum 18.00 diff  0.59 (  0.03  44.71)  Ml 0.05 (  0.06  44.98)  Ml+s 0.64 (  0.03  44.76)
    8   Ni  MulP 9.29 8.71 sum 18.00 diff  0.59 (  0.03  45.01)  Ml 0.05 (  0.06  45.56)  Ml+s 0.64 (  0.03  45.11)
    9   Ni  MulP 9.29 8.71 sum 18.00 diff  0.59 (  0.03  44.90)  Ml 0.05 (  0.06  44.63)  Ml+s 0.64 (  0.03  44.86)
   10   Ni  MulP 9.29 8.71 sum 18.00 diff  0.59 (  0.03  44.27)  Ml 0.05 (  0.06  41.59)  Ml+s 0.64 (  0.03  43.80)
   11   Ni  MulP 9.29 8.71 sum 18.00 diff  0.59 (  0.03  44.78)  Ml 0.05 (  0.06  44.13)  Ml+s 0.64 (  0.03  44.67)
   12   Ni  MulP 9.29 8.71 sum 18.00 diff  0.59 (  0.03  45.08)  Ml 0.05 (  0.06  45.51)  Ml+s 0.64 (  0.03  45.16)
   13   Ni  MulP 9.29 8.71 sum 18.00 diff  0.59 (  0.03  44.50)  Ml 0.05 (  0.06  45.32)  Ml+s 0.64 (  0.03  44.64)
   14   Ni  MulP 9.29 8.71 sum 18.00 diff  0.59 (  0.03  44.44)  Ml 0.05 (  0.06  45.22)  Ml+s 0.64 (  0.03  44.58)
   15   Ni  MulP 9.29 8.71 sum 18.00 diff  0.59 (  0.03  45.06)  Ml 0.05 (  0.06  45.23)  Ml+s 0.64 (  0.03  45.09)
   16   Ni  MulP 9.29 8.71 sum 18.00 diff  0.59 (  0.03  44.85)  Ml 0.05 (  0.06  44.59)  Ml+s 0.64 (  0.03  44.80)
   17   Ni  MulP 9.29 8.71 sum 18.00 diff  0.59 (  0.03  44.87)  Ml 0.05 (  0.06  44.86)  Ml+s 0.64 (  0.03  44.86)
   18   Ni  MulP 9.29 8.71 sum 18.00 diff  0.59 (  0.03  44.87)  Ml 0.05 (  0.06  45.93)  Ml+s 0.64 (  0.03  45.06)
   19   Ni  MulP 9.29 8.71 sum 18.00 diff  0.59 (  0.03  44.30)  Ml 0.05 (  0.06  45.55)  Ml+s 0.64 (  0.03  44.53)
   20   Ni  MulP 9.29 8.71 sum 18.00 diff  0.59 (  0.03  44.04)  Ml 0.05 (  0.06  43.13)  Ml+s 0.64 (  0.03  43.88)
     ..........
     ......

 Sum of MulP: up   =  3187.45508 down          =  2986.54492
              total=  6174.00000 ideal(neutral)=  6174.00000
<DFT>  Total Spin Moment    (muB) 200.910161044   Angles    0.025340224    44.694793950
<DFT>  Total Orbital Moment (muB) 17.829229649   Angles    0.060902346    44.872679528
<DFT>  Total Moment         (muB) 218.739387538   Angles    0.028238837    44.726064304
<DFT>  Mixing_weight= 0.020150191237
<DFT>  Uele   =-9092.009226595388  dUele     =   0.000009757659
<DFT>  NormRD =    0.000158810611  Criterion =   0.000001000000

******************* MD= 1  SCF=64 *******************
<Poisson>  Poisson's equation using FFT...
<Set_Hamiltonian>  Hamiltonian matrix for VNA+dVH+Vxc...
<Band>  Solving the eigenvalue problem...
 KGrids1:  -0.33333   0.00000   0.33333 
 KGrids2:  -0.33333  -0.00000   0.33333 
 KGrids3:  -0.33333   0.00000   0.33334 
<Band_DFT>  Eigen, time=126.991351
<Band_DFT>  DM, time=0.000000
    1   Ni  MulP 9.29 8.71 sum 18.00 diff  0.59 (  0.03  44.72)  Ml 0.05 (  0.06  44.73)  Ml+s 0.64 (  0.03  44.72)
    2   Ni  MulP 9.29 8.71 sum 18.00 diff  0.59 (  0.03  44.71)  Ml 0.05 (  0.06  44.70)  Ml+s 0.64 (  0.03  44.71)
    3   Ni  MulP 9.29 8.71 sum 18.00 diff  0.59 (  0.03  44.72)  Ml 0.05 (  0.06  44.70)  Ml+s 0.64 (  0.03  44.71)
    4   Ni  MulP 9.29 8.71 sum 18.00 diff  0.59 (  0.03  44.71)  Ml 0.05 (  0.06  44.72)  Ml+s 0.64 (  0.03  44.71)
    5   Ni  MulP 9.29 8.71 sum 18.00 diff  0.59 (  0.03  44.72)  Ml 0.05 (  0.06  44.70)  Ml+s 0.64 (  0.03  44.71)
    6   Ni  MulP 9.29 8.71 sum 18.00 diff  0.59 (  0.03  44.72)  Ml 0.05 (  0.06  44.71)  Ml+s 0.64 (  0.03  44.71)
    7   Ni  MulP 9.29 8.71 sum 18.00 diff  0.59 (  0.03  44.72)  Ml 0.05 (  0.06  44.72)  Ml+s 0.64 (  0.03  44.72)
    8   Ni  MulP 9.29 8.71 sum 18.00 diff  0.59 (  0.03  45.00)  Ml 0.05 (  0.06  44.77)  Ml+s 0.64 (  0.03  44.96)
    9   Ni  MulP 9.29 8.71 sum 18.00 diff  0.59 (  0.03  44.90)  Ml 0.05 (  0.06  43.66)  Ml+s 0.64 (  0.03  44.68)
   10   Ni  MulP 9.29 8.71 sum 18.00 diff  0.59 (  0.03  44.28)  Ml 0.05 (  0.06  40.90)  Ml+s 0.64 (  0.03  43.69)
   11   Ni  MulP 9.29 8.71 sum 18.00 diff  0.59 (  0.03  44.78)  Ml 0.05 (  0.06  43.13)  Ml+s 0.64 (  0.03  44.49)
   12   Ni  MulP 9.29 8.71 sum 18.00 diff  0.59 (  0.03  45.06)  Ml 0.05 (  0.06  44.80)  Ml+s 0.64 (  0.03  45.02)
   13   Ni  MulP 9.29 8.71 sum 18.00 diff  0.59 (  0.03  44.50)  Ml 0.05 (  0.06  44.67)  Ml+s 0.64 (  0.03  44.53)
   14   Ni  MulP 9.29 8.71 sum 18.00 diff  0.59 (  0.03  44.45)  Ml 0.05 (  0.06  44.44)  Ml+s 0.64 (  0.03  44.45)
   15   Ni  MulP 9.29 8.71 sum 18.00 diff  0.59 (  0.03  45.06)  Ml 0.05 (  0.06  44.94)  Ml+s 0.64 (  0.03  45.04)
   16   Ni  MulP 9.29 8.71 sum 18.00 diff  0.59 (  0.03  44.85)  Ml 0.05 (  0.06  44.04)  Ml+s 0.64 (  0.03  44.71)
   17   Ni  MulP 9.29 8.71 sum 18.00 diff  0.59 (  0.03  44.85)  Ml 0.05 (  0.06  44.04)  Ml+s 0.64 (  0.03  44.71)
   18   Ni  MulP 9.29 8.71 sum 18.00 diff  0.59 (  0.03  44.87)  Ml 0.05 (  0.06  45.58)  Ml+s 0.64 (  0.03  45.00)
   19   Ni  MulP 9.29 8.71 sum 18.00 diff  0.59 (  0.03  44.33)  Ml 0.05 (  0.06  45.06)  Ml+s 0.64 (  0.03  44.45)
   20   Ni  MulP 9.29 8.71 sum 18.00 diff  0.59 (  0.03  44.07)  Ml 0.05 (  0.06  42.35)  Ml+s 0.64 (  0.03  43.78)
     ..........
     ......

 Sum of MulP: up   =  3187.45508 down          =  2986.54492
              total=  6174.00000 ideal(neutral)=  6174.00000
<DFT>  Total Spin Moment    (muB) 200.910167925   Angles    0.026278066    44.705473449
<DFT>  Total Orbital Moment (muB) 17.829229672   Angles    0.061844363    44.874409214
<DFT>  Total Moment         (muB) 218.739394442   Angles    0.029177021    44.734660195
<DFT>  Mixing_weight= 0.020150191237
<DFT>  Uele   =-9092.009159021134  dUele     =   0.000067574254
<DFT>  NormRD =    0.000456979196  Criterion =   0.000001000000

******************* MD= 1  SCF=65 *******************
<Poisson>  Poisson's equation using FFT...
<Set_Hamiltonian>  Hamiltonian matrix for VNA+dVH+Vxc...
<Band>  Solving the eigenvalue problem...
 KGrids1:  -0.33333   0.00000   0.33333 
 KGrids2:  -0.33333  -0.00000   0.33333 
 KGrids3:  -0.33333   0.00000   0.33334 
<Band_DFT>  Eigen, time=127.064746
<Band_DFT>  DM, time=0.000000
    1   Ni  MulP 9.29 8.71 sum 18.00 diff  0.59 (  0.03  44.72)  Ml 0.05 (  0.06  44.89)  Ml+s 0.64 (  0.03  44.75)
    2   Ni  MulP 9.29 8.71 sum 18.00 diff  0.59 (  0.03  44.72)  Ml 0.05 (  0.06  44.90)  Ml+s 0.64 (  0.03  44.75)
    3   Ni  MulP 9.29 8.71 sum 18.00 diff  0.59 (  0.03  44.72)  Ml 0.05 (  0.06  44.90)  Ml+s 0.64 (  0.03  44.75)
    4   Ni  MulP 9.29 8.71 sum 18.00 diff  0.59 (  0.03  44.72)  Ml 0.05 (  0.06  44.88)  Ml+s 0.64 (  0.03  44.75)
    5   Ni  MulP 9.29 8.71 sum 18.00 diff  0.59 (  0.03  44.72)  Ml 0.05 (  0.06  44.88)  Ml+s 0.64 (  0.03  44.75)
    6   Ni  MulP 9.29 8.71 sum 18.00 diff  0.59 (  0.03  44.72)  Ml 0.05 (  0.06  44.91)  Ml+s 0.64 (  0.03  44.75)
    7   Ni  MulP 9.29 8.71 sum 18.00 diff  0.59 (  0.03  44.72)  Ml 0.05 (  0.06  44.89)  Ml+s 0.64 (  0.03  44.75)
    8   Ni  MulP 9.29 8.71 sum 18.00 diff  0.59 (  0.03  45.00)  Ml 0.05 (  0.06  44.81)  Ml+s 0.64 (  0.03  44.97)
    9   Ni  MulP 9.29 8.71 sum 18.00 diff  0.59 (  0.03  44.90)  Ml 0.05 (  0.06  43.81)  Ml+s 0.64 (  0.03  44.72)
   10   Ni  MulP 9.29 8.71 sum 18.00 diff  0.59 (  0.03  44.30)  Ml 0.05 (  0.06  41.52)  Ml+s 0.64 (  0.03  43.82)
   11   Ni  MulP 9.29 8.71 sum 18.00 diff  0.59 (  0.03  44.79)  Ml 0.05 (  0.06  43.36)  Ml+s 0.64 (  0.03  44.54)
   12   Ni  MulP 9.29 8.71 sum 18.00 diff  0.59 (  0.03  45.06)  Ml 0.05 (  0.06  44.75)  Ml+s 0.64 (  0.03  45.01)
   13   Ni  MulP 9.29 8.71 sum 18.00 diff  0.59 (  0.03  44.50)  Ml 0.05 (  0.06  44.21)  Ml+s 0.64 (  0.03  44.45)
   14   Ni  MulP 9.29 8.71 sum 18.00 diff  0.59 (  0.03  44.45)  Ml 0.05 (  0.06  43.98)  Ml+s 0.64 (  0.03  44.37)
   15   Ni  MulP 9.29 8.71 sum 18.00 diff  0.59 (  0.03  45.07)  Ml 0.05 (  0.06  45.59)  Ml+s 0.64 (  0.03  45.16)
   16   Ni  MulP 9.29 8.71 sum 18.00 diff  0.59 (  0.03  44.85)  Ml 0.05 (  0.06  44.47)  Ml+s 0.64 (  0.03  44.79)
   17   Ni  MulP 9.29 8.71 sum 18.00 diff  0.59 (  0.03  44.84)  Ml 0.05 (  0.06  44.26)  Ml+s 0.64 (  0.03  44.75)
   18   Ni  MulP 9.29 8.71 sum 18.00 diff  0.59 (  0.03  44.88)  Ml 0.05 (  0.06  46.18)  Ml+s 0.64 (  0.03  45.10)
   19   Ni  MulP 9.29 8.71 sum 18.00 diff  0.59 (  0.03  44.34)  Ml 0.05 (  0.06  45.13)  Ml+s 0.64 (  0.03  44.48)
   20   Ni  MulP 9.29 8.71 sum 18.00 diff  0.59 (  0.03  44.09)  Ml 0.05 (  0.06  41.90)  Ml+s 0.64 (  0.03  43.71)
     ..........
     ......

 Sum of MulP: up   =  3187.45508 down          =  2986.54492
              total=  6174.00000 ideal(neutral)=  6174.00000
<DFT>  Total Spin Moment    (muB) 200.910168115   Angles    0.026597567    44.709001953
<DFT>  Total Orbital Moment (muB) 17.829229758   Angles    0.062165395    44.875155565
<DFT>  Total Moment         (muB) 218.739394718   Angles    0.029496647    44.737544370
<DFT>  Mixing_weight= 0.020150191237
<DFT>  Uele   =-9092.009165729587  dUele     =   0.000006708453
<DFT>  NormRD =    0.001018271286  Criterion =   0.000001000000

******************* MD= 1  SCF=66 *******************
<Poisson>  Poisson's equation using FFT...
<Set_Hamiltonian>  Hamiltonian matrix for VNA+dVH+Vxc...
<Band>  Solving the eigenvalue problem...
 KGrids1:  -0.33333   0.00000   0.33333 
 KGrids2:  -0.33333  -0.00000   0.33333 
 KGrids3:  -0.33333   0.00000   0.33334 
<Band_DFT>  Eigen, time=126.887881
<Band_DFT>  DM, time=0.000000
    1   Ni  MulP 9.29 8.71 sum 18.00 diff  0.59 (  0.03  44.72)  Ml 0.05 (  0.06  44.88)  Ml+s 0.64 (  0.03  44.75)
    2   Ni  MulP 9.29 8.71 sum 18.00 diff  0.59 (  0.03  44.72)  Ml 0.05 (  0.06  44.90)  Ml+s 0.64 (  0.03  44.75)
    3   Ni  MulP 9.29 8.71 sum 18.00 diff  0.59 (  0.03  44.72)  Ml 0.05 (  0.06  44.90)  Ml+s 0.64 (  0.03  44.75)
    4   Ni  MulP 9.29 8.71 sum 18.00 diff  0.59 (  0.03  44.72)  Ml 0.05 (  0.06  44.88)  Ml+s 0.64 (  0.03  44.75)
    5   Ni  MulP 9.29 8.71 sum 18.00 diff  0.59 (  0.03  44.72)  Ml 0.05 (  0.06  44.89)  Ml+s 0.64 (  0.03  44.75)
    6   Ni  MulP 9.29 8.71 sum 18.00 diff  0.59 (  0.03  44.72)  Ml 0.05 (  0.06  44.90)  Ml+s 0.64 (  0.03  44.75)
    7   Ni  MulP 9.29 8.71 sum 18.00 diff  0.59 (  0.03  44.72)  Ml 0.05 (  0.06  44.88)  Ml+s 0.64 (  0.03  44.75)
    8   Ni  MulP 9.29 8.71 sum 18.00 diff  0.59 (  0.03  45.01)  Ml 0.05 (  0.06  45.30)  Ml+s 0.64 (  0.03  45.06)
    9   Ni  MulP 9.29 8.71 sum 18.00 diff  0.59 (  0.03  44.91)  Ml 0.05 (  0.06  44.43)  Ml+s 0.64 (  0.03  44.83)
   10   Ni  MulP 9.29 8.71 sum 18.00 diff  0.59 (  0.03  44.31)  Ml 0.05 (  0.06  42.02)  Ml+s 0.64 (  0.03  43.92)
   11   Ni  MulP 9.29 8.71 sum 18.00 diff  0.59 (  0.03  44.80)  Ml 0.05 (  0.06  43.98)  Ml+s 0.64 (  0.03  44.66)
   12   Ni  MulP 9.29 8.71 sum 18.00 diff  0.59 (  0.03  45.07)  Ml 0.05 (  0.06  45.19)  Ml+s 0.64 (  0.03  45.09)
   13   Ni  MulP 9.29 8.71 sum 18.00 diff  0.59 (  0.03  44.52)  Ml 0.05 (  0.06  44.60)  Ml+s 0.64 (  0.03  44.53)
   14   Ni  MulP 9.29 8.71 sum 18.00 diff  0.59 (  0.03  44.46)  Ml 0.05 (  0.06  44.40)  Ml+s 0.64 (  0.03  44.45)
   15   Ni  MulP 9.29 8.71 sum 18.00 diff  0.59 (  0.03  45.07)  Ml 0.05 (  0.06  45.84)  Ml+s 0.64 (  0.03  45.20)
   16   Ni  MulP 9.29 8.71 sum 18.00 diff  0.59 (  0.03  44.87)  Ml 0.05 (  0.06  44.73)  Ml+s 0.64 (  0.03  44.84)
   17   Ni  MulP 9.29 8.71 sum 18.00 diff  0.59 (  0.03  44.86)  Ml 0.05 (  0.06  44.66)  Ml+s 0.64 (  0.03  44.83)
   18   Ni  MulP 9.29 8.71 sum 18.00 diff  0.59 (  0.03  44.88)  Ml 0.05 (  0.06  46.44)  Ml+s 0.64 (  0.03  45.15)
   19   Ni  MulP 9.29 8.71 sum 18.00 diff  0.59 (  0.03  44.34)  Ml 0.05 (  0.06  45.51)  Ml+s 0.64 (  0.03  44.54)
   20   Ni  MulP 9.29 8.71 sum 18.00 diff  0.59 (  0.03  44.09)  Ml 0.05 (  0.06  42.39)  Ml+s 0.64 (  0.03  43.79)
     ..........
     ......

 Sum of MulP: up   =  3187.45508 down          =  2986.54492
              total=  6174.00000 ideal(neutral)=  6174.00000
<DFT>  Total Spin Moment    (muB) 200.910166662   Angles    0.026607866    44.709157424
<DFT>  Total Orbital Moment (muB) 17.829229791   Angles    0.062175674    44.875143640
<DFT>  Total Moment         (muB) 218.739393298   Angles    0.029506945    44.737665848
<DFT>  Mixing_weight= 0.020150191237
<DFT>  Uele   =-9092.009188012604  dUele     =   0.000022283017
<DFT>  NormRD =    0.000546028680  Criterion =   0.000001000000

******************* MD= 1  SCF=67 *******************
<Poisson>  Poisson's equation using FFT...
<Set_Hamiltonian>  Hamiltonian matrix for VNA+dVH+Vxc...
<Band>  Solving the eigenvalue problem...
 KGrids1:  -0.33333   0.00000   0.33333 
 KGrids2:  -0.33333  -0.00000   0.33333 
 KGrids3:  -0.33333   0.00000   0.33334 
<Band_DFT>  Eigen, time=187.571052
<Band_DFT>  DM, time=0.000000
    1   Ni  MulP 9.29 8.71 sum 18.00 diff  0.59 (  0.03  44.72)  Ml 0.05 (  0.06  44.86)  Ml+s 0.64 (  0.03  44.75)
    2   Ni  MulP 9.29 8.71 sum 18.00 diff  0.59 (  0.03  44.72)  Ml 0.05 (  0.06  44.85)  Ml+s 0.64 (  0.03  44.74)
    3   Ni  MulP 9.29 8.71 sum 18.00 diff  0.59 (  0.03  44.72)  Ml 0.05 (  0.06  44.87)  Ml+s 0.64 (  0.03  44.74)
    4   Ni  MulP 9.29 8.71 sum 18.00 diff  0.59 (  0.03  44.72)  Ml 0.05 (  0.06  44.88)  Ml+s 0.64 (  0.03  44.75)
    5   Ni  MulP 9.29 8.71 sum 18.00 diff  0.59 (  0.03  44.72)  Ml 0.05 (  0.06  44.86)  Ml+s 0.64 (  0.03  44.74)
    6   Ni  MulP 9.29 8.71 sum 18.00 diff  0.59 (  0.03  44.72)  Ml 0.05 (  0.06  44.86)  Ml+s 0.64 (  0.03  44.74)
    7   Ni  MulP 9.29 8.71 sum 18.00 diff  0.59 (  0.03  44.72)  Ml 0.05 (  0.06  44.86)  Ml+s 0.64 (  0.03  44.75)
    8   Ni  MulP 9.29 8.71 sum 18.00 diff  0.59 (  0.03  45.01)  Ml 0.05 (  0.06  45.02)  Ml+s 0.64 (  0.03  45.01)
    9   Ni  MulP 9.29 8.71 sum 18.00 diff  0.59 (  0.03  44.91)  Ml 0.05 (  0.06  44.42)  Ml+s 0.64 (  0.03  44.83)
   10   Ni  MulP 9.29 8.71 sum 18.00 diff  0.59 (  0.03  44.30)  Ml 0.05 (  0.06  41.88)  Ml+s 0.64 (  0.03  43.88)
   11   Ni  MulP 9.29 8.71 sum 18.00 diff  0.59 (  0.03  44.79)  Ml 0.05 (  0.06  44.26)  Ml+s 0.64 (  0.03  44.70)
   12   Ni  MulP 9.29 8.71 sum 18.00 diff  0.59 (  0.03  45.07)  Ml 0.05 (  0.06  45.04)  Ml+s 0.64 (  0.03  45.06)
   13   Ni  MulP 9.29 8.71 sum 18.00 diff  0.59 (  0.03  44.51)  Ml 0.05 (  0.06  44.38)  Ml+s 0.64 (  0.03  44.49)
   14   Ni  MulP 9.29 8.71 sum 18.00 diff  0.59 (  0.03  44.46)  Ml 0.05 (  0.06  44.31)  Ml+s 0.64 (  0.03  44.43)
   15   Ni  MulP 9.29 8.71 sum 18.00 diff  0.59 (  0.03  45.06)  Ml 0.05 (  0.06  45.45)  Ml+s 0.64 (  0.03  45.13)
   16   Ni  MulP 9.29 8.71 sum 18.00 diff  0.59 (  0.03  44.87)  Ml 0.05 (  0.06  44.75)  Ml+s 0.64 (  0.03  44.85)
   17   Ni  MulP 9.29 8.71 sum 18.00 diff  0.59 (  0.03  44.87)  Ml 0.05 (  0.06  44.98)  Ml+s 0.64 (  0.03  44.89)
   18   Ni  MulP 9.29 8.71 sum 18.00 diff  0.59 (  0.03  44.88)  Ml 0.05 (  0.06  46.26)  Ml+s 0.64 (  0.03  45.12)
   19   Ni  MulP 9.29 8.71 sum 18.00 diff  0.59 (  0.03  44.33)  Ml 0.05 (  0.06  45.28)  Ml+s 0.64 (  0.03  44.50)
   20   Ni  MulP 9.29 8.71 sum 18.00 diff  0.59 (  0.03  44.08)  Ml 0.05 (  0.06  42.38)  Ml+s 0.64 (  0.03  43.79)
     ..........
     ......

 Sum of MulP: up   =  3187.45508 down          =  2986.54492
              total=  6174.00000 ideal(neutral)=  6174.00000
<DFT>  Total Spin Moment    (muB) 200.910162389   Angles    0.026523408    44.708334937
<DFT>  Total Orbital Moment (muB) 17.829229852   Angles    0.062090591    44.874952582
<DFT>  Total Moment         (muB) 218.739389085   Angles    0.029422436    44.736994732
<DFT>  Mixing_weight= 0.020150191237
<DFT>  Uele   =-9092.009236662585  dUele     =   0.000048649981
<DFT>  NormRD =    0.000157795949  Criterion =   0.000001000000

******************* MD= 1  SCF=68 *******************
<Poisson>  Poisson's equation using FFT...
<Set_Hamiltonian>  Hamiltonian matrix for VNA+dVH+Vxc...
<Band>  Solving the eigenvalue problem...
 KGrids1:  -0.33333   0.00000   0.33333 
 KGrids2:  -0.33333  -0.00000   0.33333 
 KGrids3:  -0.33333   0.00000   0.33334 
<Band_DFT>  Eigen, time=187.525375
<Band_DFT>  DM, time=0.000010
    1   Ni  MulP 9.29 8.71 sum 18.00 diff  0.59 (  0.03  44.72)  Ml 0.05 (  0.06  44.88)  Ml+s 0.64 (  0.03  44.75)
    2   Ni  MulP 9.29 8.71 sum 18.00 diff  0.59 (  0.03  44.72)  Ml 0.05 (  0.06  44.88)  Ml+s 0.64 (  0.03  44.75)
    3   Ni  MulP 9.29 8.71 sum 18.00 diff  0.59 (  0.03  44.72)  Ml 0.05 (  0.06  44.88)  Ml+s 0.64 (  0.03  44.75)
    4   Ni  MulP 9.29 8.71 sum 18.00 diff  0.59 (  0.03  44.72)  Ml 0.05 (  0.06  44.89)  Ml+s 0.64 (  0.03  44.75)
    5   Ni  MulP 9.29 8.71 sum 18.00 diff  0.59 (  0.03  44.72)  Ml 0.05 (  0.06  44.87)  Ml+s 0.64 (  0.03  44.75)
    6   Ni  MulP 9.29 8.71 sum 18.00 diff  0.59 (  0.03  44.72)  Ml 0.05 (  0.06  44.88)  Ml+s 0.64 (  0.03  44.75)
    7   Ni  MulP 9.29 8.71 sum 18.00 diff  0.59 (  0.03  44.72)  Ml 0.05 (  0.06  44.88)  Ml+s 0.64 (  0.03  44.75)
    8   Ni  MulP 9.29 8.71 sum 18.00 diff  0.59 (  0.03  45.01)  Ml 0.05 (  0.06  45.25)  Ml+s 0.64 (  0.03  45.05)
    9   Ni  MulP 9.29 8.71 sum 18.00 diff  0.59 (  0.03  44.91)  Ml 0.05 (  0.06  44.52)  Ml+s 0.64 (  0.03  44.85)
   10   Ni  MulP 9.29 8.71 sum 18.00 diff  0.59 (  0.03  44.31)  Ml 0.05 (  0.06  41.93)  Ml+s 0.64 (  0.03  43.90)
   11   Ni  MulP 9.29 8.71 sum 18.00 diff  0.59 (  0.03  44.80)  Ml 0.05 (  0.06  44.15)  Ml+s 0.64 (  0.03  44.68)
   12   Ni  MulP 9.29 8.71 sum 18.00 diff  0.59 (  0.03  45.07)  Ml 0.05 (  0.06  45.13)  Ml+s 0.64 (  0.03  45.08)
   13   Ni  MulP 9.29 8.71 sum 18.00 diff  0.59 (  0.03  44.51)  Ml 0.05 (  0.06  44.46)  Ml+s 0.64 (  0.03  44.50)
   14   Ni  MulP 9.29 8.71 sum 18.00 diff  0.59 (  0.03  44.46)  Ml 0.05 (  0.06  44.38)  Ml+s 0.64 (  0.03  44.45)
   15   Ni  MulP 9.29 8.71 sum 18.00 diff  0.59 (  0.03  45.07)  Ml 0.05 (  0.06  45.66)  Ml+s 0.64 (  0.03  45.17)
   16   Ni  MulP 9.29 8.71 sum 18.00 diff  0.59 (  0.03  44.87)  Ml 0.05 (  0.06  44.90)  Ml+s 0.64 (  0.03  44.87)
   17   Ni  MulP 9.29 8.71 sum 18.00 diff  0.59 (  0.03  44.87)  Ml 0.05 (  0.06  44.98)  Ml+s 0.64 (  0.03  44.88)
   18   Ni  MulP 9.29 8.71 sum 18.00 diff  0.59 (  0.03  44.88)  Ml 0.05 (  0.06  46.29)  Ml+s 0.64 (  0.03  45.13)
   19   Ni  MulP 9.29 8.71 sum 18.00 diff  0.59 (  0.03  44.34)  Ml 0.05 (  0.06  45.33)  Ml+s 0.64 (  0.03  44.51)
   20   Ni  MulP 9.29 8.71 sum 18.00 diff  0.59 (  0.03  44.08)  Ml 0.05 (  0.06  42.45)  Ml+s 0.64 (  0.03  43.80)
     ..........
     ......

 Sum of MulP: up   =  3187.45508 down          =  2986.54492
              total=  6174.00000 ideal(neutral)=  6174.00000
<DFT>  Total Spin Moment    (muB) 200.910163123   Angles    0.026534106    44.708436863
<DFT>  Total Orbital Moment (muB) 17.829229872   Angles    0.062101458    44.874985696
<DFT>  Total Moment         (muB) 218.739389840   Angles    0.029433148    44.737079408
<DFT>  Mixing_weight= 0.020150191237
<DFT>  Uele   =-9092.009229731042  dUele     =   0.000006931543
<DFT>  NormRD =    0.000535597416  Criterion =   0.000001000000

******************* MD= 1  SCF=69 *******************
<Poisson>  Poisson's equation using FFT...
<Set_Hamiltonian>  Hamiltonian matrix for VNA+dVH+Vxc...
<Band>  Solving the eigenvalue problem...
 KGrids1:  -0.33333   0.00000   0.33333 
 KGrids2:  -0.33333  -0.00000   0.33333 
 KGrids3:  -0.33333   0.00000   0.33334 
<Band_DFT>  Eigen, time=187.666589
<Band_DFT>  DM, time=0.000000
    1   Ni  MulP 9.29 8.71 sum 18.00 diff  0.59 (  0.03  44.72)  Ml 0.05 (  0.06  44.91)  Ml+s 0.64 (  0.03  44.76)
    2   Ni  MulP 9.29 8.71 sum 18.00 diff  0.59 (  0.03  44.72)  Ml 0.05 (  0.06  44.91)  Ml+s 0.64 (  0.03  44.75)
    3   Ni  MulP 9.29 8.71 sum 18.00 diff  0.59 (  0.03  44.72)  Ml 0.05 (  0.06  44.91)  Ml+s 0.64 (  0.03  44.75)
    4   Ni  MulP 9.29 8.71 sum 18.00 diff  0.59 (  0.03  44.72)  Ml 0.05 (  0.06  44.91)  Ml+s 0.64 (  0.03  44.75)
    5   Ni  MulP 9.29 8.71 sum 18.00 diff  0.59 (  0.03  44.72)  Ml 0.05 (  0.06  44.91)  Ml+s 0.64 (  0.03  44.75)
    6   Ni  MulP 9.29 8.71 sum 18.00 diff  0.59 (  0.03  44.72)  Ml 0.05 (  0.06  44.91)  Ml+s 0.64 (  0.03  44.75)
    7   Ni  MulP 9.29 8.71 sum 18.00 diff  0.59 (  0.03  44.72)  Ml 0.05 (  0.06  44.91)  Ml+s 0.64 (  0.03  44.76)
    8   Ni  MulP 9.29 8.71 sum 18.00 diff  0.59 (  0.03  45.01)  Ml 0.05 (  0.06  45.29)  Ml+s 0.64 (  0.03  45.06)
    9   Ni  MulP 9.29 8.71 sum 18.00 diff  0.59 (  0.03  44.91)  Ml 0.05 (  0.06  44.55)  Ml+s 0.64 (  0.03  44.85)
   10   Ni  MulP 9.29 8.71 sum 18.00 diff  0.59 (  0.03  44.31)  Ml 0.05 (  0.06  41.98)  Ml+s 0.64 (  0.03  43.91)
   11   Ni  MulP 9.29 8.71 sum 18.00 diff  0.59 (  0.03  44.80)  Ml 0.05 (  0.06  44.13)  Ml+s 0.64 (  0.03  44.68)
   12   Ni  MulP 9.29 8.71 sum 18.00 diff  0.59 (  0.03  45.07)  Ml 0.05 (  0.06  45.13)  Ml+s 0.64 (  0.03  45.08)
   13   Ni  MulP 9.29 8.71 sum 18.00 diff  0.59 (  0.03  44.51)  Ml 0.05 (  0.06  44.50)  Ml+s 0.64 (  0.03  44.51)
   14   Ni  MulP 9.29 8.71 sum 18.00 diff  0.59 (  0.03  44.46)  Ml 0.05 (  0.06  44.42)  Ml+s 0.64 (  0.03  44.45)
   15   Ni  MulP 9.29 8.71 sum 18.00 diff  0.59 (  0.03  45.07)  Ml 0.05 (  0.06  45.65)  Ml+s 0.64 (  0.03  45.17)
   16   Ni  MulP 9.29 8.71 sum 18.00 diff  0.59 (  0.03  44.87)  Ml 0.05 (  0.06  44.89)  Ml+s 0.64 (  0.03  44.87)
   17   Ni  MulP 9.29 8.71 sum 18.00 diff  0.59 (  0.03  44.87)  Ml 0.05 (  0.06  44.94)  Ml+s 0.64 (  0.03  44.88)
   18   Ni  MulP 9.29 8.71 sum 18.00 diff  0.59 (  0.03  44.88)  Ml 0.05 (  0.06  46.24)  Ml+s 0.64 (  0.03  45.12)
   19   Ni  MulP 9.29 8.71 sum 18.00 diff  0.59 (  0.03  44.34)  Ml 0.05 (  0.06  45.29)  Ml+s 0.64 (  0.03  44.50)
   20   Ni  MulP 9.29 8.71 sum 18.00 diff  0.59 (  0.03  44.08)  Ml 0.05 (  0.06  42.43)  Ml+s 0.64 (  0.03  43.80)
     ..........
     ......

 Sum of MulP: up   =  3187.45508 down          =  2986.54492
              total=  6174.00000 ideal(neutral)=  6174.00000
<DFT>  Total Spin Moment    (muB) 200.910163082   Angles    0.026572409    44.708866811
<DFT>  Total Orbital Moment (muB) 17.829229901   Angles    0.062139955    44.875055991
<DFT>  Total Moment         (muB) 218.739389827   Angles    0.029471466    44.737428039
<DFT>  Mixing_weight= 0.020150191237
<DFT>  Uele   =-9092.009232984659  dUele     =   0.000003253617
<DFT>  NormRD =    0.000054303840  Criterion =   0.000001000000

******************* MD= 1  SCF=70 *******************
<Poisson>  Poisson's equation using FFT...
<Set_Hamiltonian>  Hamiltonian matrix for VNA+dVH+Vxc...
<Band>  Solving the eigenvalue problem...
 KGrids1:  -0.33333   0.00000   0.33333 
 KGrids2:  -0.33333  -0.00000   0.33333 
 KGrids3:  -0.33333   0.00000   0.33334 
<Band_DFT>  Eigen, time=127.097202
<Band_DFT>  DM, time=0.000000
    1   Ni  MulP 9.29 8.71 sum 18.00 diff  0.59 (  0.03  44.72)  Ml 0.05 (  0.06  44.84)  Ml+s 0.64 (  0.03  44.74)
    2   Ni  MulP 9.29 8.71 sum 18.00 diff  0.59 (  0.03  44.72)  Ml 0.05 (  0.06  44.85)  Ml+s 0.64 (  0.03  44.74)
    3   Ni  MulP 9.29 8.71 sum 18.00 diff  0.59 (  0.03  44.72)  Ml 0.05 (  0.06  44.83)  Ml+s 0.64 (  0.03  44.74)
    4   Ni  MulP 9.29 8.71 sum 18.00 diff  0.59 (  0.03  44.72)  Ml 0.05 (  0.06  44.84)  Ml+s 0.64 (  0.03  44.74)
    5   Ni  MulP 9.29 8.71 sum 18.00 diff  0.59 (  0.03  44.72)  Ml 0.05 (  0.06  44.83)  Ml+s 0.64 (  0.03  44.74)
    6   Ni  MulP 9.29 8.71 sum 18.00 diff  0.59 (  0.03  44.72)  Ml 0.05 (  0.06  44.84)  Ml+s 0.64 (  0.03  44.74)
    7   Ni  MulP 9.29 8.71 sum 18.00 diff  0.59 (  0.03  44.72)  Ml 0.05 (  0.06  44.84)  Ml+s 0.64 (  0.03  44.74)
    8   Ni  MulP 9.29 8.71 sum 18.00 diff  0.59 (  0.03  45.01)  Ml 0.05 (  0.06  45.26)  Ml+s 0.64 (  0.03  45.05)
    9   Ni  MulP 9.29 8.71 sum 18.00 diff  0.59 (  0.03  44.91)  Ml 0.05 (  0.06  44.52)  Ml+s 0.64 (  0.03  44.85)
   10   Ni  MulP 9.29 8.71 sum 18.00 diff  0.59 (  0.03  44.31)  Ml 0.05 (  0.06  41.95)  Ml+s 0.64 (  0.03  43.90)
   11   Ni  MulP 9.29 8.71 sum 18.00 diff  0.59 (  0.03  44.79)  Ml 0.05 (  0.06  44.08)  Ml+s 0.64 (  0.03  44.67)
   12   Ni  MulP 9.29 8.71 sum 18.00 diff  0.59 (  0.03  45.07)  Ml 0.05 (  0.06  45.09)  Ml+s 0.64 (  0.03  45.08)
   13   Ni  MulP 9.29 8.71 sum 18.00 diff  0.59 (  0.03  44.51)  Ml 0.05 (  0.06  44.46)  Ml+s 0.64 (  0.03  44.50)
   14   Ni  MulP 9.29 8.71 sum 18.00 diff  0.59 (  0.03  44.46)  Ml 0.05 (  0.06  44.39)  Ml+s 0.64 (  0.03  44.45)
   15   Ni  MulP 9.29 8.71 sum 18.00 diff  0.59 (  0.03  45.07)  Ml 0.05 (  0.06  45.67)  Ml+s 0.64 (  0.03  45.17)
   16   Ni  MulP 9.29 8.71 sum 18.00 diff  0.59 (  0.03  44.87)  Ml 0.05 (  0.06  44.91)  Ml+s 0.64 (  0.03  44.88)
   17   Ni  MulP 9.29 8.71 sum 18.00 diff  0.59 (  0.03  44.87)  Ml 0.05 (  0.06  44.96)  Ml+s 0.64 (  0.03  44.88)
   18   Ni  MulP 9.29 8.71 sum 18.00 diff  0.59 (  0.03  44.88)  Ml 0.05 (  0.06  46.23)  Ml+s 0.64 (  0.03  45.12)
   19   Ni  MulP 9.29 8.71 sum 18.00 diff  0.59 (  0.03  44.34)  Ml 0.05 (  0.06  45.28)  Ml+s 0.64 (  0.03  44.50)
   20   Ni  MulP 9.29 8.71 sum 18.00 diff  0.59 (  0.03  44.08)  Ml 0.05 (  0.06  42.42)  Ml+s 0.64 (  0.03  43.80)
     ..........
     ......

 Sum of MulP: up   =  3187.45508 down          =  2986.54492
              total=  6174.00000 ideal(neutral)=  6174.00000
<DFT>  Total Spin Moment    (muB) 200.910163166   Angles    0.026590190    44.709060885
<DFT>  Total Orbital Moment (muB) 17.829229908   Angles    0.062157829    44.875099352
<DFT>  Total Moment         (muB) 218.739389918   Angles    0.029489255    44.737587201
<DFT>  Mixing_weight= 0.020150191237
<DFT>  Uele   =-9092.009232722392  dUele     =   0.000000262267
<DFT>  NormRD =    0.000090665110  Criterion =   0.000001000000
<MD= 1>  Force calculation
  Force calculation #1
  Force calculation #2
  Force calculation #3
  Force calculation #4
  Force calculation #5
<MD= 1>  Total Energy
  Force calculation #6
  Force calculation #7

*******************************************************
                  Dipole moment (Debye)                 
*******************************************************

 Absolute D        0.06514087

                      Dx                Dy                Dz
 Total             -0.03995505       -0.03067512       -0.04130331
 Core          318058.73027672   318058.73027672   318059.59485394
 Electron     -318058.77023177  -318058.76095183  -318059.63615725
 Back ground       -0.00000000       -0.00000000       -0.00000000

*******************************************************
                Total Energy (Hartree) at MD = 1        
*******************************************************

  Uele  =   -9092.009232722392

  Ukin  =   28854.595883018224
  UH0   = -632065.671747394139
  UH1   =       1.334371965394
  Una   =  -24406.684214994013
  Unl   =   -6165.530867307561
  Uxc0  =   -3332.214777469314
  Uxc1  =   -3134.936282046767
  Ucore =  582718.645066256169
  Uhub  =       0.000000000000
  Ucs   =       0.000000000000
  Uzs   =       0.000000000000
  Uzo   =       0.000000000000
  Uef   =       0.000000000000
  UvdW  =       0.000000000000
  Uch   =       0.000000000000
  Utot  =  -57530.462567972005

  UpV   =       0.000000000000
  Enpy  =  -57530.462567972005
  Note:

  Uele:   band energy
  Ukin:   kinetic energy
  UH0:    electric part of screened Coulomb energy
  UH1:    difference electron-electron Coulomb energy
  Una:    neutral atom potential energy
  Unl:    non-local potential energy
  Uxc0:   exchange-correlation energy for alpha spin
  Uxc1:   exchange-correlation energy for beta spin
  Ucore:  core-core Coulomb energy
  Uhub:   LDA+U energy
  Ucs:    constraint energy for spin orientation
  Uzs:    Zeeman term for spin magnetic moment
  Uzo:    Zeeman term for orbital magnetic moment
  Uef:    electric energy by electric field
  UvdW:   semi-empirical vdW energy 
  Uch:    penalty term to create a core hole
  UpV:    pressure times volume
  Enpy:   Enthalpy = Utot + UpV
  (see also PRB 72, 045121(2005) for the energy contributions)


*******************************************************
           Computational times (s) at MD = 1            
*******************************************************

  DFT in total      = 10262.01198

  Set_OLP_Kin       =    0.36094
  Set_Nonlocal      =    3.51553
  Set_ProExpn_VNA   =    0.00000
  Set_Hamiltonian   =   75.68183
  Poisson           =    0.68446
  diagonalization   = 10095.05083
  Mixing_DM         =   15.91813
  Force             =   10.08371
  Total_Energy      =    2.32549
  Set_Aden_Grid     =    0.44762
  Set_Orbitals_Grid =    0.84862
  Set_Density_Grid  =   41.97385
  RestartFileDFT    =    2.01547
  Mulliken_Charge   =    0.62386
  FFT(2D)_Density   =    0.00000

The SCF was achieved at MD=   1

*******************************************************
             MD or geometry opt. at MD = 1              
*******************************************************


outputting data on grids to files...

Save the scfout file (.//openmx.scfout)

***********************************************************
***********************************************************
               Computational Time (second)                 
***********************************************************
***********************************************************

                               Min_ID   Min_Time       Max_ID   Max_Time
   Total Computational Time =    26    10270.252        147    10271.951
   readfile                 =    21        0.742        173        0.744
   truncation               =   145        4.914        111        5.167
   MD_pac                   =     0        0.045        128        0.050
   OutData                  =    33        0.000          0        0.040
   DFT                      =   111    10261.756          0    10262.012

*** In DFT ***

   Set_OLP_Kin              =   122        0.349        203        0.686
   Set_Nonlocal             =   203        3.190        122        3.528
   Set_ProExpn_VNA          =     0        0.000          0        0.000
   Set_Hamiltonian          =    95       75.682        154       75.682
   Poisson                  =   201        0.675         36        0.685
   Diagonalization          =   231    10095.049         21    10095.053
   Mixing_DM                =    32       15.918        244       15.918
   Force                    =   200       10.084        177       10.084
   Total_Energy             =   110        2.319          0        2.325
   Set_Aden_Grid            =   158        0.401         67        0.450
   Set_Orbitals_Grid        =    62        0.281        211        1.803
   Set_Density_Grid         =   155       41.722         35       42.205
   RestartFileDFT           =    77        0.905        129        2.684
   Mulliken_Charge          =   180        0.624        100        0.624
   FFT(2D)_Density          =     0        0.000          0        0.000
   Others                   =    99       12.163        226       13.643

The calculation was normally finished.
