***********************************************************
***********************************************************

  This calculation was performed by OpenMX Ver. 3.9.9
  using 32 MPI processes and 1 OpenMP threads.

  Sun Jun  1 17:40:23 2025

***********************************************************
***********************************************************

#
# File Name
#

System.CurrrentDirectory         ./    # default=./
System.Name                      openmx
level.of.stdout                   1    # default=1 (1-3)
level.of.fileout                  0    # default=1 (0-2)

#
# Definition of Atomic Species
#

Species.Number       1
<Definition.of.Atomic.Species
 C     C6.0-s2p2d1        C_PBE19
Definition.of.Atomic.Species>

#
# Atoms
#
Atoms.Number     98
Atoms.SpeciesAndCoordinates.Unit   Ang # Ang|AU
<Atoms.SpeciesAndCoordinates
  1   C    0.000000000000    0.000000000000    0.000000000000  2.0  2.0  off
  2   C    0.000000000000    1.420281662206    0.000000000000  2.0  2.0  off
  3   C   -1.230000000000    2.130422493310    0.000000000000  2.0  2.0  off
  4   C   -1.230000000000    3.550704155516    0.000000000000  2.0  2.0  off
  5   C   -2.460000000000    4.260844986620    0.000000000000  2.0  2.0  off
  6   C   -2.460000000000    5.681126648826    0.000000000000  2.0  2.0  off
  7   C   -3.690000000000    6.391267479930    0.000000000000  2.0  2.0  off
  8   C   -3.690000000000    7.811549142136    0.000000000000  2.0  2.0  off
  9   C   -4.920000000000    8.521689973240    0.000000000000  2.0  2.0  off
 10   C   -4.920000000000    9.941971635446    0.000000000000  2.0  2.0  off
 11   C   -6.150000000000   10.652112466550    0.000000000000  2.0  2.0  off
 12   C   -6.150000000000   12.072394128756    0.000000000000  2.0  2.0  off
 13   C   -7.380000000000   12.782534959860    0.000000000000  2.0  2.0  off
 14   C   -7.380000000000   14.202816622066    0.000000000000  2.0  2.0  off
 15   C    2.460000000000    0.000000000000    0.000000000000  2.0  2.0  off
 16   C    2.460000000000    1.420281662206    0.000000000000  2.0  2.0  off
 17   C    1.230000000000    2.130422493310    0.000000000000  2.0  2.0  off
 18   C    1.230000000000    3.550704155516    0.000000000000  2.0  2.0  off
 19   C    0.000000000000    4.260844986620    0.000000000000  2.0  2.0  off
 20   C    0.000000000000    5.681126648826    0.000000000000  2.0  2.0  off
 21   C   -1.230000000000    6.391267479930    0.000000000000  2.0  2.0  off
 22   C   -1.230000000000    7.811549142136    0.000000000000  2.0  2.0  off
 23   C   -2.460000000000    8.521689973240    0.000000000000  2.0  2.0  off
 24   C   -2.460000000000    9.941971635446    0.000000000000  2.0  2.0  off
 25   C   -3.690000000000   10.652112466550    0.000000000000  2.0  2.0  off
 26   C   -3.690000000000   12.072394128756    0.000000000000  2.0  2.0  off
 27   C   -4.920000000000   12.782534959860    0.000000000000  2.0  2.0  off
 28   C   -4.920000000000   14.202816622066    0.000000000000  2.0  2.0  off
 29   C    4.920000000000    0.000000000000    0.000000000000  2.0  2.0  off
 30   C    4.920000000000    1.420281662206    0.000000000000  2.0  2.0  off
 31   C    3.690000000000    2.130422493310    0.000000000000  2.0  2.0  off
 32   C    3.690000000000    3.550704155516    0.000000000000  2.0  2.0  off
 33   C    2.460000000000    4.260844986620    0.000000000000  2.0  2.0  off
 34   C    2.460000000000    5.681126648826    0.000000000000  2.0  2.0  off
 35   C    1.230000000000    6.391267479930    0.000000000000  2.0  2.0  off
 36   C    1.230000000000    7.811549142136    0.000000000000  2.0  2.0  off
 37   C    0.000000000000    8.521689973240    0.000000000000  2.0  2.0  off
 38   C    0.000000000000    9.941971635446    0.000000000000  2.0  2.0  off
 39   C   -1.230000000000   10.652112466550    0.000000000000  2.0  2.0  off
 40   C   -1.230000000000   12.072394128756    0.000000000000  2.0  2.0  off
 41   C   -2.460000000000   12.782534959860    0.000000000000  2.0  2.0  off
 42   C   -2.460000000000   14.202816622066    0.000000000000  2.0  2.0  off
 43   C    7.380000000000    0.000000000000    0.000000000000  2.0  2.0  off
 44   C    7.380000000000    1.420281662206    0.000000000000  2.0  2.0  off
 45   C    6.150000000000    2.130422493310    0.000000000000  2.0  2.0  off
 46   C    6.150000000000    3.550704155516    0.000000000000  2.0  2.0  off
 47   C    4.920000000000    4.260844986620    0.000000000000  2.0  2.0  off
 48   C    4.920000000000    5.681126648826    0.000000000000  2.0  2.0  off
 49   C    3.690000000000    6.391267479930    0.010000000000  2.0  2.0  off
 50   C    3.690000000000    7.811549142136    0.000000000000  2.0  2.0  off
 51   C    2.460000000000    8.521689973240    0.000000000000  2.0  2.0  off
 52   C    2.460000000000    9.941971635446    0.000000000000  2.0  2.0  off
 53   C    1.230000000000   10.652112466550    0.000000000000  2.0  2.0  off
 54   C    1.230000000000   12.072394128756    0.000000000000  2.0  2.0  off
 55   C    0.000000000000   12.782534959860    0.000000000000  2.0  2.0  off
 56   C    0.000000000000   14.202816622066    0.000000000000  2.0  2.0  off
 57   C    9.840000000000    0.000000000000    0.000000000000  2.0  2.0  off
 58   C    9.840000000000    1.420281662206    0.000000000000  2.0  2.0  off
 59   C    8.610000000000    2.130422493310    0.000000000000  2.0  2.0  off
 60   C    8.610000000000    3.550704155516    0.000000000000  2.0  2.0  off
 61   C    7.380000000000    4.260844986620    0.000000000000  2.0  2.0  off
 62   C    7.380000000000    5.681126648826    0.000000000000  2.0  2.0  off
 63   C    6.150000000000    6.391267479930    0.000000000000  2.0  2.0  off
 64   C    6.150000000000    7.811549142136    0.000000000000  2.0  2.0  off
 65   C    4.920000000000    8.521689973240    0.000000000000  2.0  2.0  off
 66   C    4.920000000000    9.941971635446    0.000000000000  2.0  2.0  off
 67   C    3.690000000000   10.652112466550    0.000000000000  2.0  2.0  off
 68   C    3.690000000000   12.072394128756    0.000000000000  2.0  2.0  off
 69   C    2.460000000000   12.782534959860    0.000000000000  2.0  2.0  off
 70   C    2.460000000000   14.202816622066    0.000000000000  2.0  2.0  off
 71   C   12.300000000000    0.000000000000    0.000000000000  2.0  2.0  off
 72   C   12.300000000000    1.420281662206    0.000000000000  2.0  2.0  off
 73   C   11.070000000000    2.130422493310    0.000000000000  2.0  2.0  off
 74   C   11.070000000000    3.550704155516    0.000000000000  2.0  2.0  off
 75   C    9.840000000000    4.260844986620    0.000000000000  2.0  2.0  off
 76   C    9.840000000000    5.681126648826    0.000000000000  2.0  2.0  off
 77   C    8.610000000000    6.391267479930    0.000000000000  2.0  2.0  off
 78   C    8.610000000000    7.811549142136    0.000000000000  2.0  2.0  off
 79   C    7.380000000000    8.521689973240    0.000000000000  2.0  2.0  off
 80   C    7.380000000000    9.941971635446    0.000000000000  2.0  2.0  off
 81   C    6.150000000000   10.652112466550    0.000000000000  2.0  2.0  off
 82   C    6.150000000000   12.072394128756    0.000000000000  2.0  2.0  off
 83   C    4.920000000000   12.782534959860    0.000000000000  2.0  2.0  off
 84   C    4.920000000000   14.202816622066    0.000000000000  2.0  2.0  off
 85   C   14.760000000000    0.000000000000    0.000000000000  2.0  2.0  off
 86   C   14.760000000000    1.420281662206    0.000000000000  2.0  2.0  off
 87   C   13.530000000000    2.130422493310    0.000000000000  2.0  2.0  off
 88   C   13.530000000000    3.550704155516    0.000000000000  2.0  2.0  off
 89   C   12.300000000000    4.260844986620    0.000000000000  2.0  2.0  off
 90   C   12.300000000000    5.681126648826    0.000000000000  2.0  2.0  off
 91   C   11.070000000000    6.391267479930    0.000000000000  2.0  2.0  off
 92   C   11.070000000000    7.811549142136    0.000000000000  2.0  2.0  off
 93   C    9.840000000000    8.521689973240    0.000000000000  2.0  2.0  off
 94   C    9.840000000000    9.941971635446    0.000000000000  2.0  2.0  off
 95   C    8.610000000000   10.652112466550    0.000000000000  2.0  2.0  off
 96   C    8.610000000000   12.072394128756    0.000000000000  2.0  2.0  off
 97   C    7.380000000000   12.782534959860    0.000000000000  2.0  2.0  off
 98   C    7.380000000000   14.202816622066    0.000000000000  2.0  2.0  off
Atoms.SpeciesAndCoordinates>
Atoms.UnitVectors.Unit             Ang # Ang|AU
<Atoms.UnitVectors
   17.220000000000    0.000000000000    0.000000000000
   -8.610000000000   14.912957453170    0.000000000000
    0.000000000000    0.000000000000   12.000000000000
Atoms.UnitVectors>
#
# SCF or Electronic System
#

scf.XcType                 GGA-PBE     # LDA|LSDA-CA|LSDA-PW|GGA-PBE
scf.SpinPolarization        off        # On|Off|NC
scf.ElectronicTemperature  300.0       # default=300 (K)
scf.energycutoff           250.0       # default=150 (Ry)
scf.maxIter                1000        # default=40
scf.EigenvalueSolver       Cluster        # DC|Cluster|Band
scf.Kgrid                  1 1 1       # means n1 x n2 x n3
scf.Mixing.Type           rmm-diis    # Simple|Rmm-Diis|Gr-Pulay|Kerker|Rmm-Diisk
scf.Init.Mixing.Weight     0.30        # default=0.30
scf.Min.Mixing.Weight      0.001       # default=0.001
scf.Max.Mixing.Weight      0.400       # default=0.40
scf.Mixing.History          20         # default=5
scf.Mixing.StartPulay       10         # default=6
scf.criterion             1.0e-9      # default=1.0e-6 (Hartree)
scf.partialCoreCorrection   ON

## 1DFFT ##
1DFFT.NumGridK                    900
1DFFT.NumGridR                    900
1DFFT.EnergyCutoff                3600.0

## Others ##
scf.ProExpn.VNA                   Off

# DFT+U
#scf.Hubbard.U             on
#scf.DFTU.Type             1             # 1:Simplified(Dudarev)|2:General, default=1
#scf.Hubbard.Occupation      dual        # onsite|full|dual
#<Hubbard.U.values                       # eV
#  He  1s 0.0 2s 0.0 1p 0.0
#  Li  1s 0.0 2s 0.0 1p 0.0
#  Ti  1s 0.0 2s 0.0 3s 0.0 1p 0.0 2p 0.0 1d 4.1
#  O   1s 0.0 2s 0.0 1p 0.0 2p 0.0 1d 0.0
#  H   1s 0.0 2s 0.0 1p 0.0
#  C   1s 0.0 2s 0.0 1p 0.0 2p 0.0 1d 0.0
#Hubbard.U.values>

#<Hund.J.values                       # eV
#H0  1s 0.0 2s 0.0 1p 0.0
#H1  1s 0.0 2s 0.0 1p 0.0
#Ti  1s 0.0 2s 0.0 3s 0.0 1p 0.0 2p 0.0 1d 0.0
#O   1s 0.0 2s 0.0 1p 0.0 2p 0.0 1d 0.0
#H   1s 0.0 2s 0.0 1p 0.0
#C   1s 0.0 2s 0.0 1p 0.0 2p 0.0 1d 0.0
#Hund.J.values>

# Output of molecular orbitals
#MO.fileout   ON
#<MO.kpoint
#  0.0 0.0 0.0
#MO.kpoint>

#Dos.fileout  on
#Dos.Erange  -10.0 10.0
#Dos.Kgrid   1 1 1

#Band.dispersion             on        # on|off, default=off
#Band.Nkpath                  3
#<Band.kpath
#100   0.0000000000   0.0000000000   0.0000000000     0.3333333333   0.6666666666   0.0000000000 Γ K
#100   0.3333333333   0.6666666666   0.0000000000     0.5000000000   0.5000000000   0.0000000000 K M
#100   0.5000000000   0.5000000000   0.0000000000     0.0000000000   0.0000000000   0.0000000000 M Γ
#Band.kpath>
#120   0.0000000000   0.0000000000   0.0000000000     0.3333333333   0.3333333333   0.0000000000 Γ K
##80   0.3333333333   0.3333333333   0.0000000000     0.5000000000   0.0000000000   0.0000000000 K M
##120   0.5000000000   0.0000000000   0.0000000000     0.0000000000   0.0000000000   0.0000000000 M Γ

# VDW DFT-D2
#scf.dftD            on         # on|off, default=off
#DFTD.Unit           Ang        # Ang|AU
#DFTD.rcut_dftD      50.0       # default=100 (DFTD.Unit)
#DFTD.d              20.0       # default=20
#DFTD.scale6         0.75       # default=0.75
#DFTD.IntDirection   1 1 1      # default=1 1 1 (1:on 0:off)

#
# MD or Geometry Optimization
#

#<MD.Fixed.Cell.Vectors
# 0 0 0
# 0 0 0
# 1 1 1
#MD.Fixed.Cell.Vectors>

MD.Type                     nomd #OptC2       # Nomd|Opt|NVE|NVT_VS|NVT_NH
                                     # Constraint_Opt|DIIS
#MD.maxIter                    500        # default=1
#MD.TimeStep                 1.0        # default=0.5 (fs)
#MD.Opt.criterion         1.0e-6        # default=1.0e-4 (Hartree/Bohr)

DATA.PATH     /home/huangdq_group/tuyouyou/data/opt/openmx3.9-amd/DFT_DATA19
HS.fileout    On
scf.fixed.grid    -1.104072408827   -0.570337923238  -11.237120610657


***********************************************************
***********************************************************

  Required cutoff energy (Ryd) for 3D-grids = 250.0000
      Used cutoff energy (Ryd) for 3D-grids = 243.5738, 243.5738, 240.7552
  Num. of grids of a-, b-, and c-axes = 140, 140, 112

  Num.Grid1.   140
  Num.Grid2.   140
  Num.Grid3.   112


  Cell_Volume =  20795.754379419846 (Bohr^3)
  GridVol     =      0.009473284612 (Bohr^3)
  Cell vectors (bohr) of the grid cell (gtv)
    gtv_a =  0.232436296595,  0.000000000000,  0.000000000000
    gtv_b = -0.116218148298,  0.201295737613,  0.000000000000
    gtv_c =  0.000000000000,  0.000000000000,  0.202470641633
    |gtv_a| =  0.232436296595
    |gtv_b| =  0.232436296595
    |gtv_c| =  0.202470641633

***********************************************************
***********************************************************


***********************************************************
***********************************************************
                  SCF history at MD= 1                    
***********************************************************
***********************************************************

   SCF=   1  NormRD=  1.000000000000  Uele= -159.188659786197
   SCF=   2  NormRD=  0.507131108353  Uele= -175.798396260453
   SCF=   3  NormRD=  0.192020782859  Uele= -182.202459770336
   SCF=   4  NormRD=  0.071740168292  Uele= -184.643436566479
   SCF=   5  NormRD=  0.025695818609  Uele= -185.539084707756
   SCF=   6  NormRD=  0.104836011446  Uele= -186.298564416335
   SCF=   7  NormRD=  0.117514332785  Uele= -186.856891059848
   SCF=   8  NormRD=  0.115946808755  Uele= -186.842628056873
   SCF=   9  NormRD=  0.057714639350  Uele= -186.312336178177
   SCF=  10  NormRD=  0.027937727196  Uele= -186.063514560918
   SCF=  11  NormRD=  0.013991111310  Uele= -185.960668377990
   SCF=  12  NormRD=  0.000787790212  Uele= -185.893592350602
   SCF=  13  NormRD=  0.000431800902  Uele= -185.888546204170
   SCF=  14  NormRD=  0.000037864645  Uele= -185.888553427870
   SCF=  15  NormRD=  0.000025113901  Uele= -185.888763881656
   SCF=  16  NormRD=  0.000000756996  Uele= -185.888771217875
   SCF=  17  NormRD=  0.000001078745  Uele= -185.888776690050
   SCF=  18  NormRD=  0.000000110859  Uele= -185.888777201519
   SCF=  19  NormRD=  0.000000082092  Uele= -185.888777269973
   SCF=  20  NormRD=  0.000000041170  Uele= -185.888777293386
   SCF=  21  NormRD=  0.000000038756  Uele= -185.888777299318
   SCF=  22  NormRD=  0.000000031381  Uele= -185.888777303177
   SCF=  23  NormRD=  0.000000030410  Uele= -185.888777303401

*******************************************************
        Total energy (Hartree) at MD = 1        
*******************************************************

  Uele.       -185.888777303401

  Ukin.        409.922634066392
  UH0.       -5638.647303891551
  UH1.           1.331782683160
  Una.        -288.503797481986
  Unl.         -52.634531339692
  Uxc0.        -95.138569988983
  Uxc1.        -95.138569988983
  Ucore.      5186.232276011310
  Uhub.          0.000000000000
  Ucs.           0.000000000000
  Uzs.           0.000000000000
  Uzo.           0.000000000000
  Uef.           0.000000000000
  UvdW.          0.000000000000
  Uch.           0.000000000000
  Utot.       -572.576079930333

  UpV.           0.000000000000
  Enpy.       -572.576079930333
  Note:

  Utot = Ukin+UH0+UH1+Una+Unl+Uxc0+Uxc1+Ucore+Uhub+Ucs+Uzs+Uzo+Uef+UvdW+Uch

  Uele:   band energy
  Ukin:   kinetic energy
  UH0:    electric part of screened Coulomb energy
  UH1:    difference electron-electron Coulomb energy
  Una:    neutral atom potential energy
  Unl:    non-local potential energy
  Uxc0:   exchange-correlation energy for alpha spin
  Uxc1:   exchange-correlation energy for beta spin
  Ucore:  core-core Coulomb energy
  Uhub:   LDA+U energy
  Ucs:    constraint energy for spin orientation
  Uzs:    Zeeman term for spin magnetic moment
  Uzo:    Zeeman term for orbital magnetic moment
  Uef:    electric energy by electric field
  UvdW:   semi-empirical vdW energy
  Uch:    penalty term to create a core hole

  UpV:    pressure times volume
  Enpy:   Enthalpy = Utot + UpV
  (see also PRB 72, 045121(2005) for the energy contributions)



  Chemical potential (Hartree)      -0.137199724363

***********************************************************
***********************************************************
            Eigenvalues (Hartree) for SCF KS-eq.           
***********************************************************
***********************************************************

   Chemical Potential (Hartree) =  -0.13719972436320
   Number of States             = 392.00000000000000
   HOMO = 196
   Eigenvalues
                Up-spin            Down-spin
          1  -0.85629524324272  -0.85629524324272
          2  -0.83858638332871  -0.83858638332871
          3  -0.83858615748488  -0.83858615748488
          4  -0.83858477694948  -0.83858477694948
          5  -0.83858473119584  -0.83858473119584
          6  -0.83858462828249  -0.83858462828249
          7  -0.83858364107422  -0.83858364107422
          8  -0.80341945342781  -0.80341945342781
          9  -0.80341939396521  -0.80341939396521
         10  -0.80341926851008  -0.80341926851008
         11  -0.80341880719319  -0.80341880719319
         12  -0.80341680569112  -0.80341680569112
         13  -0.80341640687634  -0.80341640687634
         14  -0.78597142303316  -0.78597142303316
         15  -0.78597133331610  -0.78597133331610
         16  -0.78597039757467  -0.78597039757467
         17  -0.78597033820693  -0.78597033820693
         18  -0.78597018799635  -0.78597018799635
         19  -0.78596951702854  -0.78596951702854
         20  -0.73464055490576  -0.73464055490576
         21  -0.73464049783994  -0.73464049783994
         22  -0.73464025181931  -0.73464025181931
         23  -0.73464021470860  -0.73464021470860
         24  -0.73463933434043  -0.73463933434043
         25  -0.73463917489714  -0.73463917489714
         26  -0.73463901049187  -0.73463901049187
         27  -0.73463882310689  -0.73463882310689
         28  -0.73463767705129  -0.73463767705129
         29  -0.73463766416335  -0.73463766416335
         30  -0.73463714584704  -0.73463714584704
         31  -0.73463663656841  -0.73463663656841
         32  -0.70157360777503  -0.70157360777503
         33  -0.70157351298485  -0.70157351298485
         34  -0.70156808032440  -0.70156808032440
         35  -0.70156802805189  -0.70156802805189
         36  -0.70156777593555  -0.70156777593555
         37  -0.70156755093596  -0.70156755093596
         38  -0.65413770387539  -0.65413770387539
         39  -0.65413749633377  -0.65413749633377
         40  -0.65413731950147  -0.65413731950147
         41  -0.65413722477586  -0.65413722477586
         42  -0.65413049868921  -0.65413049868921
         43  -0.65413042151999  -0.65413042151999
         44  -0.65139346970431  -0.65139346970431
         45  -0.65139306841573  -0.65139306841573
         46  -0.65137059327802  -0.65137059327802
         47  -0.65137056358617  -0.65137056358617
         48  -0.65137027112269  -0.65137027112269
         49  -0.65137002349137  -0.65137002349137
         50  -0.61428186723679  -0.61428186723679
         51  -0.61428186453745  -0.61428186453745
         52  -0.61428132649424  -0.61428132649424
         53  -0.61428091970576  -0.61428091970576
         54  -0.61425484792719  -0.61425484792719
         55  -0.61425410254823  -0.61425410254823
         56  -0.57997964895009  -0.57997964895009
         57  -0.57997956020077  -0.57997956020077
         58  -0.57997936490995  -0.57997936490995
         59  -0.57997886370589  -0.57997886370589
         60  -0.57996978871314  -0.57996978871314
         61  -0.57996930832465  -0.57996930832465
         62  -0.56105469367903  -0.56105469367903
         63  -0.56105465813493  -0.56105465813493
         64  -0.56103392288618  -0.56103392288618
         65  -0.56103379290976  -0.56103379290976
         66  -0.56103354706417  -0.56103354706417
         67  -0.56103340592703  -0.56103340592703
         68  -0.50867856463283  -0.50867856463283
         69  -0.50867852249725  -0.50867852249725
         70  -0.50867826297954  -0.50867826297954
         71  -0.50867784991504  -0.50867784991504
         72  -0.50866964419691  -0.50866964419691
         73  -0.50866962601347  -0.50866962601347
         74  -0.50866950065835  -0.50866950065835
         75  -0.50866870931704  -0.50866870931704
         76  -0.50866542221557  -0.50866542221557
         77  -0.50866539782518  -0.50866539782518
         78  -0.50866532416984  -0.50866532416984
         79  -0.50866423313477  -0.50866423313477
         80  -0.50174164918717  -0.50174164918717
         81  -0.50174163407082  -0.50174163407082
         82  -0.50174092758295  -0.50174092758295
         83  -0.50174053339597  -0.50174053339597
         84  -0.50172778838233  -0.50172778838233
         85  -0.50172741670939  -0.50172741670939
         86  -0.44611038950088  -0.44611038950088
         87  -0.44611022606050  -0.44611022606050
         88  -0.44611005201652  -0.44611005201652
         89  -0.44610944595150  -0.44610944595150
         90  -0.44610267343762  -0.44610267343762
         91  -0.44610208472852  -0.44610208472852
         92  -0.42592608015587  -0.42592608015587
         93  -0.42592553608185  -0.42592553608185
         94  -0.42592503203530  -0.42592503203530
         95  -0.42592492243491  -0.42592492243491
         96  -0.42592428862819  -0.42592428862819
         97  -0.42592387281319  -0.42592387281319
         98  -0.41706345682172  -0.41706345682172
         99  -0.40690987777887  -0.40690987777887
        100  -0.40690971638237  -0.40690971638237
        101  -0.40690968211123  -0.40690968211123
        102  -0.40690951464122  -0.40690951464122
        103  -0.40690944695577  -0.40690944695577
        104  -0.40690943423231  -0.40690943423231
        105  -0.40690874314918  -0.40690874314918
        106  -0.40690825143705  -0.40690825143705
        107  -0.40690197740203  -0.40690197740203
        108  -0.40690183873406  -0.40690183873406
        109  -0.40690146694751  -0.40690146694751
        110  -0.40690094247873  -0.40690094247873
        111  -0.39605937884773  -0.39605937884773
        112  -0.39605914854182  -0.39605914854182
        113  -0.39605842696081  -0.39605842696081
        114  -0.39605835834712  -0.39605835834712
        115  -0.39605830646031  -0.39605830646031
        116  -0.39605772901131  -0.39605772901131
        117  -0.39149840719466  -0.39149840719466
        118  -0.39149824090301  -0.39149824090301
        119  -0.39147788760832  -0.39147788760832
        120  -0.39147748536183  -0.39147748536183
        121  -0.39147722812141  -0.39147722812141
        122  -0.39147685685089  -0.39147685685089
        123  -0.37013013628845  -0.37013013628845
        124  -0.37013013171433  -0.37013013171433
        125  -0.37012978556331  -0.37012978556331
        126  -0.37012935414388  -0.37012935414388
        127  -0.37012823836579  -0.37012823836579
        128  -0.37012762090493  -0.37012762090493
        129  -0.35485657248172  -0.35485657248172
        130  -0.35485626596417  -0.35485626596417
        131  -0.35485607633165  -0.35485607633165
        132  -0.35485543982182  -0.35485543982182
        133  -0.35485338922020  -0.35485338922020
        134  -0.35485261628749  -0.35485261628749
        135  -0.34733802112205  -0.34733802112205
        136  -0.34733797395405  -0.34733797395405
        137  -0.34733758102714  -0.34733758102714
        138  -0.34733702549720  -0.34733702549720
        139  -0.34731879987211  -0.34731879987211
        140  -0.34731825667248  -0.34731825667248
        141  -0.33679379100871  -0.33679379100871
        142  -0.33679183295290  -0.33679183295290
        143  -0.33679150338949  -0.33679150338949
        144  -0.33678950083886  -0.33678950083886
        145  -0.33678907110355  -0.33678907110355
        146  -0.33678904273802  -0.33678904273802
        147  -0.33495775089895  -0.33495775089895
        148  -0.33495615585889  -0.33495615585889
        149  -0.33495384270466  -0.33495384270466
        150  -0.33495318679128  -0.33495318679128
        151  -0.33495113372024  -0.33495113372024
        152  -0.33494931817614  -0.33494931817614
        153  -0.31465289656963  -0.31465289656963
        154  -0.31465286100609  -0.31465286100609
        155  -0.31465267414927  -0.31465267414927
        156  -0.31465201812121  -0.31465201812121
        157  -0.31463997497082  -0.31463997497082
        158  -0.31463942787186  -0.31463942787186
        159  -0.28282479794367  -0.28282479794367
        160  -0.28282237493781  -0.28282237493781
        161  -0.28281494154533  -0.28281494154533
        162  -0.28281253350573  -0.28281253350573
        163  -0.28281161995532  -0.28281161995532
        164  -0.28281159584555  -0.28281159584555
        165  -0.27737772564357  -0.27737772564357
        166  -0.27737746793569  -0.27737746793569
        167  -0.27737742610665  -0.27737742610665
        168  -0.27737601248041  -0.27737601248041
        169  -0.27737379743927  -0.27737379743927
        170  -0.27737349563212  -0.27737349563212
        171  -0.27737271821567  -0.27737271821567
        172  -0.27737082816670  -0.27737082816670
        173  -0.27736873652113  -0.27736873652113
        174  -0.27736865778063  -0.27736865778063
        175  -0.27736733916907  -0.27736733916907
        176  -0.27736429496423  -0.27736429496423
        177  -0.25045231792116  -0.25045231792116
        178  -0.25042853485836  -0.25042853485836
        179  -0.24765588926283  -0.24765588926283
        180  -0.24765433194899  -0.24765433194899
        181  -0.24764279945711  -0.24764279945711
        182  -0.24764275520218  -0.24764275520218
        183  -0.24764180890373  -0.24764180890373
        184  -0.24764033681626  -0.24764033681626
        185  -0.20721828640602  -0.20721828640602
        186  -0.20721807333390  -0.20721807333390
        187  -0.20719837536231  -0.20719837536231
        188  -0.20719829799989  -0.20719829799989
        189  -0.20719811197314  -0.20719811197314
        190  -0.20719773669285  -0.20719773669285
        191  -0.19181844292929  -0.19181844292929
        192  -0.19181816134266  -0.19181816134266
        193  -0.19181788031584  -0.19181788031584
        194  -0.19181776877570  -0.19181776877570
        195  -0.19180373530250  -0.19180373530250
        196  -0.19180338596427  -0.19180338596427
        197  -0.08042809552257  -0.08042809552257
        198  -0.08042718343404  -0.08042718343404
        199  -0.08040677154844  -0.08040677154844
        200  -0.08040521948562  -0.08040521948562
        201  -0.08040520963521  -0.08040520963521
        202  -0.08040511910285  -0.08040511910285
        203  -0.07831852895880  -0.07831852895880
        204  -0.07831681697946  -0.07831681697946
        205  -0.07831671395837  -0.07831671395837
        206  -0.07831670278499  -0.07831670278499
        207  -0.07828459344598  -0.07828459344598
        208  -0.07828369393338  -0.07828369393338
        209  -0.04088365580574  -0.04088365580574
        210  -0.04088145543240  -0.04088145543240
        211  -0.04088115071679  -0.04088115071679
        212  -0.04088110304447  -0.04088110304447
        213  -0.04085429296778  -0.04085429296778
        214  -0.04085309896861  -0.04085309896861
        215   0.01395459730518   0.01395459730518
        216   0.01395993952911   0.01395993952911
        217   0.01396040408749   0.01396040408749
        218   0.01396041436947   0.01396041436947
        219   0.01397084033816   0.01397084033816
        220   0.01397395899936   0.01397395899936
        221   0.01397411364544   0.01397411364544
        222   0.01397439498570   0.01397439498570
        223   0.01398312965930   0.01398312965930
        224   0.01398542445287   0.01398542445287
        225   0.01398574172086   0.01398574172086
        226   0.01398583419417   0.01398583419417
        227   0.10072847083510   0.10072847083510
        228   0.10073690692745   0.10073690692745
        229   0.10073766907973   0.10073766907973
        230   0.10073790792892   0.10073790792892
        231   0.10075253637068   0.10075253637068
        232   0.10075491934148   0.10075491934148
        233   0.14499087736931   0.14499087736931
        234   0.14500166058480   0.14500166058480
        235   0.14500998735415   0.14500998735415
        236   0.14501575093503   0.14501575093503
        237   0.14501643166451   0.14501643166451
        238   0.14501704113720   0.14501704113720
        239   0.14855033177164   0.14855033177164
        240   0.14855061026778   0.14855061026778
        241   0.14855820093295   0.14855820093295
        242   0.14855821360128   0.14855821360128
        243   0.14855849288514   0.14855849288514
        244   0.14855874094022   0.14855874094022
        245   0.16110399904535   0.16110399904535
        246   0.16110430874904   0.16110430874904
        247   0.16112265472789   0.16112265472789
        248   0.16112286136602   0.16112286136602
        249   0.16112322358930   0.16112322358930
        250   0.16112348593578   0.16112348593578
        251   0.17141150319835   0.17141150319835
        252   0.17148277044644   0.17148277044644
        253   0.17481028287874   0.17481028287874
        254   0.17481057947234   0.17481057947234
        255   0.17484973576727   0.17484973576727
        256   0.17484983703500   0.17484983703500
        257   0.17485011790117   0.17485011790117
        258   0.17485040832713   0.17485040832713
        259   0.21587428564556   0.21587428564556
        260   0.21587432245188   0.21587432245188
        261   0.21587469599645   0.21587469599645
        262   0.21587479549079   0.21587479549079
        263   0.21593771530601   0.21593771530601
        264   0.21593784907786   0.21593784907786
        265   0.21692673542621   0.21692673542621
        266   0.21692681561692   0.21692681561692
        267   0.21692694081429   0.21692694081429
        268   0.21692699738245   0.21692699738245
        269   0.21692991965162   0.21692991965162
        270   0.21693003077324   0.21693003077324
        271   0.22376787476158   0.22376787476158
        272   0.22376792987510   0.22376792987510
        273   0.22376814162533   0.22376814162533
        274   0.22376832670704   0.22376832670704
        275   0.22377040649654   0.22377040649654
        276   0.22377066699526   0.22377066699526
        277   0.22377093091383   0.22377093091383
        278   0.22377098658819   0.22377098658819
        279   0.22378344122014   0.22378344122014
        280   0.22378373878634   0.22378373878634
        281   0.22378376668512   0.22378376668512
        282   0.22378399635765   0.22378399635765
        283   0.23715577904692   0.23715577904692
        284   0.23719387002634   0.23719387002634
        285   0.23719423181101   0.23719423181101
        286   0.23719441775486   0.23719441775486
        287   0.23719861654742   0.23719861654742
        288   0.23720013075784   0.23720013075784
        289   0.24337527585525   0.24337527585525
        290   0.24337528431110   0.24337528431110
        291   0.24337546854963   0.24337546854963
        292   0.24337557791500   0.24337557791500
        293   0.24341333016357   0.24341333016357
        294   0.24341357077947   0.24341357077947
        295   0.28160521482105   0.28160521482105
        296   0.28160596031421   0.28160596031421
        297   0.28166758355174   0.28166758355174
        298   0.28166765426900   0.28166765426900
        299   0.28166835627068   0.28166835627068
        300   0.28166843541270   0.28166843541270
        301   0.28881081908932   0.28881081908932
        302   0.29527086489656   0.29527086489656
        303   0.29602259178987   0.29602259178987
        304   0.29602282771017   0.29602282771017
        305   0.29602335431994   0.29602335431994
        306   0.29604177791101   0.29604177791101
        307   0.29605274204686   0.29605274204686
        308   0.29626244874856   0.29626244874856
        309   0.33706378064171   0.33706378064171
        310   0.34061615988433   0.34061615988433
        311   0.34061832518250   0.34061832518250
        312   0.34066285479624   0.34066285479624
        313   0.34066324609227   0.34066324609227
        314   0.34066356262812   0.34066356262812
        315   0.34066909496137   0.34066909496137
        316   0.34374364062205   0.34374364062205
        317   0.35703453241230   0.35703453241230
        318   0.35703690124362   0.35703690124362
        319   0.35703697202436   0.35703697202436
        320   0.35703713849020   0.35703713849020
        321   0.35703848297339   0.35703848297339
        322   0.35703876045754   0.35703876045754
        323   0.36139654897827   0.36139654897827
        324   0.36139702853558   0.36139702853558
        325   0.36139783145463   0.36139783145463
        326   0.36140169712066   0.36140169712066
        327   0.36142641629400   0.36142641629400
        328   0.36142926139439   0.36142926139439
        329   0.36243673330941   0.36243673330941
        330   0.36243725574085   0.36243725574085
        331   0.36248531607013   0.36248531607013
        332   0.36248573220125   0.36248573220125
        333   0.36248602995631   0.36248602995631
        334   0.36248756822650   0.36248756822650
        335   0.36477200452627   0.36477200452627
        336   0.36477230514168   0.36477230514168
        337   0.36477307058091   0.36477307058091
        338   0.36477407446275   0.36477407446275
        339   0.36482272418148   0.36482272418148
        340   0.36482388976133   0.36482388976133
        341   0.37184942080089   0.37184942080089
        342   0.37185082116642   0.37185082116642
        343   0.37185114676629   0.37185114676629
        344   0.37185136105898   0.37185136105898
        345   0.37185519695917   0.37185519695917
        346   0.37185599436117   0.37185599436117
        347   0.38375387411723   0.38375387411723
        348   0.38375403341971   0.38375403341971
        349   0.38375786895396   0.38375786895396
        350   0.38375795124583   0.38375795124583
        351   0.38375868970281   0.38375868970281
        352   0.38375912100023   0.38375912100023
        353   0.38590599210838   0.38590599210838
        354   0.38590656837465   0.38590656837465
        355   0.38590690840917   0.38590690840917
        356   0.38590848887997   0.38590848887997
        357   0.38591185856260   0.38591185856260
        358   0.38591308812530   0.38591308812530
        359   0.38591341653622   0.38591341653622
        360   0.38591532637301   0.38591532637301
        361   0.38592724905198   0.38592724905198
        362   0.38592762683177   0.38592762683177
        363   0.38592786122554   0.38592786122554
        364   0.38593051595801   0.38593051595801
        365   0.40254997486354   0.40254997486354
        366   0.40255030844059   0.40255030844059
        367   0.40255071911666   0.40255071911666
        368   0.40255192382384   0.40255192382384
        369   0.40255800402595   0.40255800402595
        370   0.40255932234860   0.40255932234860
        371   0.40809407086715   0.40809407086715
        372   0.40809427692522   0.40809427692522
        373   0.40809914807104   0.40809914807104
        374   0.40809936052646   0.40809936052646
        375   0.40809940939493   0.40809940939493
        376   0.40809968157782   0.40809968157782
        377   0.43891878410863   0.43891878410863
        378   0.43891923961216   0.43891923961216
        379   0.43891943951900   0.43891943951900
        380   0.43892045025069   0.43892045025069
        381   0.43893146937031   0.43893146937031
        382   0.43893233289736   0.43893233289736
        383   0.43893265244006   0.43893265244006
        384   0.43893310486293   0.43893310486293
        385   0.43893395837529   0.43893395837529
        386   0.43893462148921   0.43893462148921
        387   0.43893478741191   0.43893478741191
        388   0.43893691561871   0.43893691561871
        389   0.44421675883809   0.44421675883809
        390   0.44421779179772   0.44421779179772
        391   0.44421857376372   0.44421857376372
        392   0.44421868286283   0.44421868286283
        393   0.44422348287516   0.44422348287516
        394   0.44422348557355   0.44422348557355
        395   0.44422457942320   0.44422457942320
        396   0.44422518978896   0.44422518978896
        397   0.44422715021313   0.44422715021313
        398   0.44422754647051   0.44422754647051
        399   0.44422817137213   0.44422817137213
        400   0.44422904891234   0.44422904891234
        401   0.45705248541341   0.45705248541341
        402   0.45705361537734   0.45705361537734
        403   0.45705614240598   0.45705614240598
        404   0.45705645776727   0.45705645776727
        405   0.45705688247495   0.45705688247495
        406   0.45706075395072   0.45706075395072
        407   0.46330329522823   0.46330329522823
        408   0.46330398226941   0.46330398226941
        409   0.46330529240553   0.46330529240553
        410   0.46330569797992   0.46330569797992
        411   0.46330945325286   0.46330945325286
        412   0.46331115322279   0.46331115322279
        413   0.46620042456953   0.46620042456953
        414   0.46620087641827   0.46620087641827
        415   0.46620131511327   0.46620131511327
        416   0.46620384937259   0.46620384937259
        417   0.46622359201211   0.46622359201211
        418   0.46622530800468   0.46622530800468
        419   0.46900346302740   0.46900346302740
        420   0.46900410454578   0.46900410454578
        421   0.46901853727852   0.46901853727852
        422   0.46901951476651   0.46901951476651
        423   0.46902149391130   0.46902149391130
        424   0.46902182628856   0.46902182628856
        425   0.47728772561812   0.47728772561812
        426   0.47728818283650   0.47728818283650
        427   0.47728835117619   0.47728835117619
        428   0.47728875436551   0.47728875436551
        429   0.47728996832110   0.47728996832110
        430   0.47729060864281   0.47729060864281
        431   0.49037809103914   0.49037809103914
        432   0.49037888912996   0.49037888912996
        433   0.49037963959945   0.49037963959945
        434   0.49038038742856   0.49038038742856
        435   0.49038689446295   0.49038689446295
        436   0.49038837917703   0.49038837917703
        437   0.50580781100821   0.50580781100821
        438   0.50580843795258   0.50580843795258
        439   0.50583088020787   0.50583088020787
        440   0.50583110027637   0.50583110027637
        441   0.50583166028429   0.50583166028429
        442   0.50583248090359   0.50583248090359
        443   0.50713621651032   0.50713621651032
        444   0.50713710446019   0.50713710446019
        445   0.50714482676214   0.50714482676214
        446   0.50714509702228   0.50714509702228
        447   0.50714707323721   0.50714707323721
        448   0.50714730948545   0.50714730948545
        449   0.51960045303468   0.51960045303468
        450   0.51960113620996   0.51960113620996
        451   0.51962110417052   0.51962110417052
        452   0.51963252751337   0.51963252751337
        453   0.51963288579638   0.51963288579638
        454   0.51963984764163   0.51963984764163
        455   0.51989984098689   0.51989984098689
        456   0.51990641605809   0.51990641605809
        457   0.51991278673439   0.51991278673439
        458   0.51992402480898   0.51992402480898
        459   0.51993590596226   0.51993590596226
        460   0.51994168452195   0.51994168452195
        461   0.57677393691526   0.57677393691526
        462   0.57677656851503   0.57677656851503
        463   0.57682917691876   0.57682917691876
        464   0.57683210142151   0.57683210142151
        465   0.57683314131129   0.57683314131129
        466   0.57683320975418   0.57683320975418
        467   0.60712772820157   0.60712772820157
        468   0.60712956171004   0.60712956171004
        469   0.60713536424320   0.60713536424320
        470   0.60713542423707   0.60713542423707
        471   0.60714184913322   0.60714184913322
        472   0.60714521888648   0.60714521888648
        473   0.60714677635555   0.60714677635555
        474   0.60714695162259   0.60714695162259
        475   0.60715074187349   0.60715074187349
        476   0.60715177756979   0.60715177756979
        477   0.60715350919438   0.60715350919438
        478   0.60715389359044   0.60715389359044
        479   0.60951820685577   0.60951820685577
        480   0.60951873794092   0.60951873794092
        481   0.60951980439969   0.60951980439969
        482   0.60951984593511   0.60951984593511
        483   0.60952031473050   0.60952031473050
        484   0.60952047268752   0.60952047268752
        485   0.65325736520750   0.65325736520750
        486   0.65325768968546   0.65325768968546
        487   0.65326243941363   0.65326243941363
        488   0.65326270168311   0.65326270168311
        489   0.65326322412107   0.65326322412107
        490   0.65326332272297   0.65326332272297
        491   0.66239469102405   0.66239469102405
        492   0.66240243508221   0.66240243508221
        493   0.66240328464843   0.66240328464843
        494   0.66240707391390   0.66240707391390
        495   0.66241281003576   0.66241281003576
        496   0.66241292462769   0.66241292462769
        497   0.66470951762397   0.66470951762397
        498   0.66470983326779   0.66470983326779
        499   0.66473055632202   0.66473055632202
        500   0.66473121449785   0.66473121449785
        501   0.66473204245760   0.66473204245760
        502   0.66473254054317   0.66473254054317
        503   0.70147416538720   0.70147416538720
        504   0.70147542573569   0.70147542573569
        505   0.70147548377210   0.70147548377210
        506   0.70147627392271   0.70147627392271
        507   0.70147741285298   0.70147741285298
        508   0.70147812604518   0.70147812604518
        509   0.70147860055622   0.70147860055622
        510   0.70147981616096   0.70147981616096
        511   0.70149368509029   0.70149368509029
        512   0.70149390203934   0.70149390203934
        513   0.70149425308058   0.70149425308058
        514   0.70149575825889   0.70149575825889
        515   0.74336159042283   0.74336159042283
        516   0.74336332454950   0.74336332454950
        517   0.74338770732640   0.74338770732640
        518   0.74338924877064   0.74338924877064
        519   0.74339270964890   0.74339270964890
        520   0.74339276602099   0.74339276602099
        521   0.77609963092292   0.77609963092292
        522   0.77610291529552   0.77610291529552
        523   0.77610304195522   0.77610304195522
        524   0.77610347939978   0.77610347939978
        525   0.77612181358747   0.77612181358747
        526   0.77612332579575   0.77612332579575
        527   0.77863680935825   0.77863680935825
        528   0.77863721169512   0.77863721169512
        529   0.77864578172994   0.77864578172994
        530   0.77864680854680   0.77864680854680
        531   0.77864700634557   0.77864700634557
        532   0.77864840828344   0.77864840828344
        533   0.79516921121303   0.79516921121303
        534   0.79517419216929   0.79517419216929
        535   0.79518152977362   0.79518152977362
        536   0.79518647126994   0.79518647126994
        537   0.79518812042411   0.79518812042411
        538   0.79518813444856   0.79518813444856
        539   0.81708850595333   0.81708850595333
        540   0.81709254410756   0.81709254410756
        541   0.81711439017586   0.81711439017586
        542   0.81711532400133   0.81711532400133
        543   0.81713522031422   0.81713522031422
        544   0.81714037664627   0.81714037664627
        545   0.82148739384486   0.82148739384486
        546   0.82149536080597   0.82149536080597
        547   0.82149704240972   0.82149704240972
        548   0.82149725018920   0.82149725018920
        549   0.82151595707855   0.82151595707855
        550   0.82151666444430   0.82151666444430
        551   0.84940060463504   0.84940060463504
        552   0.84941487766828   0.84941487766828
        553   0.84942724505847   0.84942724505847
        554   0.84944161687397   0.84944161687397
        555   0.84944571569336   0.84944571569336
        556   0.84944584111214   0.84944584111214
        557   0.86185518064989   0.86185518064989
        558   0.86186003679626   0.86186003679626
        559   0.86187200829722   0.86187200829722
        560   0.86187253890657   0.86187253890657
        561   0.86187948054079   0.86187948054079
        562   0.86188556035127   0.86188556035127
        563   0.87192038978823   0.87192038978823
        564   0.87192688686219   0.87192688686219
        565   0.87193626931512   0.87193626931512
        566   0.87193962687513   0.87193962687513
        567   0.87193986867391   0.87193986867391
        568   0.87194248027023   0.87194248027023
        569   0.87560856379247   0.87560856379247
        570   0.87561805557958   0.87561805557958
        571   0.87561817679747   0.87561817679747
        572   0.87562049079829   0.87562049079829
        573   0.87562691381410   0.87562691381410
        574   0.87563295781293   0.87563295781293
        575   0.87563354252077   0.87563354252077
        576   0.87563461740763   0.87563461740763
        577   0.87564516114349   0.87564516114349
        578   0.87564643418660   0.87564643418660
        579   0.87564880742387   0.87564880742387
        580   0.87564943187025   0.87564943187025
        581   0.89209099360103   0.89209099360103
        582   0.89209994442270   0.89209994442270
        583   0.89210125830640   0.89210125830640
        584   0.89211328148319   0.89211328148319
        585   0.89211410512835   0.89211410512835
        586   0.89211472677430   0.89211472677430
        587   0.90156047087704   0.90156047087704
        588   0.90156488860926   0.90156488860926
        589   0.90156669470030   0.90156669470030
        590   0.90156842861467   0.90156842861467
        591   0.90158297118906   0.90158297118906
        592   0.90158529311680   0.90158529311680
        593   0.90779311320902   0.90779311320902
        594   0.90781748621532   0.90781748621532
        595   0.90781787749432   0.90781787749432
        596   0.90782034246807   0.90782034246807

***********************************************************
***********************************************************
                   Mulliken populations                    
***********************************************************
***********************************************************

  Total spin moment (muB)   0.000000000

                    Up spin      Down spin     Sum           Diff
      1    C      1.999999993  1.999999993   3.999999986   0.000000000
      2    C      1.999999996  1.999999996   3.999999991   0.000000000
      3    C      2.000000007  2.000000007   4.000000015   0.000000000
      4    C      1.999999890  1.999999890   3.999999780   0.000000000
      5    C      2.000000009  2.000000009   4.000000018   0.000000000
      6    C      1.999999997  1.999999997   3.999999994   0.000000000
      7    C      1.999999993  1.999999993   3.999999987   0.000000000
      8    C      2.000000007  2.000000007   4.000000014   0.000000000
      9    C      2.000000003  2.000000003   4.000000005   0.000000000
     10    C      1.999999982  1.999999982   3.999999965   0.000000000
     11    C      1.999999992  1.999999992   3.999999985   0.000000000
     12    C      1.999999985  1.999999985   3.999999970   0.000000000
     13    C      2.000000003  2.000000003   4.000000005   0.000000000
     14    C      2.000000007  2.000000007   4.000000014   0.000000000
     15    C      2.000000006  2.000000006   4.000000012   0.000000000
     16    C      1.999999908  1.999999908   3.999999816   0.000000000
     17    C      1.999999950  1.999999950   3.999999900   0.000000000
     18    C      2.000000244  2.000000244   4.000000489   0.000000000
     19    C      1.999999727  1.999999727   3.999999454   0.000000000
     20    C      2.000000232  2.000000232   4.000000463   0.000000000
     21    C      1.999999950  1.999999950   3.999999901   0.000000000
     22    C      1.999999911  1.999999911   3.999999823   0.000000000
     23    C      2.000000002  2.000000002   4.000000005   0.000000000
     24    C      1.999999912  1.999999912   3.999999824   0.000000000
     25    C      1.999999993  1.999999993   3.999999985   0.000000000
     26    C      1.999999983  1.999999983   3.999999965   0.000000000
     27    C      1.999999993  1.999999993   3.999999987   0.000000000
     28    C      1.999999914  1.999999914   3.999999827   0.000000000
     29    C      2.000000001  2.000000001   4.000000002   0.000000000
     30    C      1.999999912  1.999999912   3.999999825   0.000000000
     31    C      1.999999688  1.999999688   3.999999377   0.000000000
     32    C      1.999999534  1.999999534   3.999999067   0.000000000
     33    C      1.999999807  1.999999807   3.999999613   0.000000000
     34    C      1.999994546  1.999994546   3.999989092   0.000000000
     35    C      1.999999708  1.999999708   3.999999416   0.000000000
     36    C      1.999999627  1.999999627   3.999999254   0.000000000
     37    C      1.999999737  1.999999737   3.999999475   0.000000000
     38    C      1.999999910  1.999999910   3.999999820   0.000000000
     39    C      2.000000004  2.000000004   4.000000008   0.000000000
     40    C      2.000000007  2.000000007   4.000000013   0.000000000
     41    C      2.000000003  2.000000003   4.000000006   0.000000000
     42    C      2.000000007  2.000000007   4.000000013   0.000000000
     43    C      1.999999993  1.999999993   3.999999985   0.000000000
     44    C      1.999999997  1.999999997   3.999999994   0.000000000
     45    C      1.999999955  1.999999955   3.999999911   0.000000000
     46    C      2.000000272  2.000000272   4.000000544   0.000000000
     47    C      1.999999805  1.999999805   3.999999610   0.000000000
     48    C      1.999994888  1.999994888   3.999989776   0.000000000
     49    C      2.000020524  2.000020524   4.000041048   0.000000000
     50    C      1.999994487  1.999994487   3.999988974   0.000000000
     51    C      1.999999692  1.999999692   3.999999384   0.000000000
     52    C      2.000000228  2.000000228   4.000000456   0.000000000
     53    C      1.999999951  1.999999951   3.999999903   0.000000000
     54    C      1.999999997  1.999999997   3.999999995   0.000000000
     55    C      1.999999991  1.999999991   3.999999982   0.000000000
     56    C      1.999999975  1.999999975   3.999999951   0.000000000
     57    C      1.999999988  1.999999988   3.999999977   0.000000000
     58    C      1.999999996  1.999999996   3.999999992   0.000000000
     59    C      2.000000007  2.000000007   4.000000015   0.000000000
     60    C      1.999999887  1.999999887   3.999999774   0.000000000
     61    C      1.999999750  1.999999750   3.999999499   0.000000000
     62    C      2.000000272  2.000000272   4.000000544   0.000000000
     63    C      1.999999801  1.999999801   3.999999602   0.000000000
     64    C      1.999999537  1.999999537   3.999999074   0.000000000
     65    C      1.999999795  1.999999795   3.999999589   0.000000000
     66    C      2.000000243  2.000000243   4.000000487   0.000000000
     67    C      1.999999732  1.999999732   3.999999465   0.000000000
     68    C      1.999999888  1.999999888   3.999999777   0.000000000
     69    C      2.000000005  2.000000005   4.000000010   0.000000000
     70    C      1.999999996  1.999999996   3.999999992   0.000000000
     71    C      2.000000015  2.000000015   4.000000030   0.000000000
     72    C      1.999999975  1.999999975   3.999999950   0.000000000
     73    C      2.000000016  2.000000016   4.000000032   0.000000000
     74    C      1.999999996  1.999999996   3.999999991   0.000000000
     75    C      2.000000005  2.000000005   4.000000010   0.000000000
     76    C      1.999999996  1.999999996   3.999999993   0.000000000
     77    C      1.999999957  1.999999957   3.999999914   0.000000000
     78    C      1.999999911  1.999999911   3.999999822   0.000000000
     79    C      1.999999688  1.999999688   3.999999376   0.000000000
     80    C      1.999999909  1.999999909   3.999999819   0.000000000
     81    C      1.999999949  1.999999949   3.999999898   0.000000000
     82    C      1.999999996  1.999999996   3.999999993   0.000000000
     83    C      2.000000006  2.000000006   4.000000012   0.000000000
     84    C      1.999999994  1.999999994   3.999999988   0.000000000
     85    C      1.999999991  1.999999991   3.999999981   0.000000000
     86    C      1.999999995  1.999999995   3.999999990   0.000000000
     87    C      2.000000014  2.000000014   4.000000028   0.000000000
     88    C      1.999999995  1.999999995   3.999999990   0.000000000
     89    C      1.999999989  1.999999989   3.999999978   0.000000000
     90    C      1.999999976  1.999999976   3.999999951   0.000000000
     91    C      1.999999991  1.999999991   3.999999982   0.000000000
     92    C      2.000000008  2.000000008   4.000000017   0.000000000
     93    C      2.000000003  2.000000003   4.000000007   0.000000000
     94    C      1.999999913  1.999999913   3.999999826   0.000000000
     95    C      2.000000002  2.000000002   4.000000005   0.000000000
     96    C      2.000000008  2.000000008   4.000000015   0.000000000
     97    C      1.999999994  1.999999994   3.999999987   0.000000000
     98    C      1.999999975  1.999999975   3.999999950   0.000000000

 Sum of MulP: up   =   196.00000 down          =   196.00000
              total=   392.00000 ideal(neutral)=   392.00000


  Decomposed Mulliken populations

    1    C          Up spin      Down spin     Sum           Diff
            multiple
  s           0    0.544029452  0.544029452   1.088058904   0.000000000
   sum over m      0.544029452  0.544029452   1.088058904   0.000000000
  s           1    0.014838278  0.014838278   0.029676556   0.000000000
   sum over m      0.014838278  0.014838278   0.029676556   0.000000000
   sum over m+mul  0.558867730  0.558867730   1.117735460   0.000000000
  px          0    0.420486860  0.420486860   0.840973720   0.000000000
  py          0    0.420559303  0.420559303   0.841118606   0.000000000
  pz          0    0.490420066  0.490420066   0.980840133   0.000000000
   sum over m      1.331466229  1.331466229   2.662932458   0.000000000
  px          1    0.029702731  0.029702731   0.059405462   0.000000000
  py          1    0.029760614  0.029760614   0.059521228   0.000000000
  pz          1   -0.009768905 -0.009768905  -0.019537810   0.000000000
   sum over m      0.049694440  0.049694440   0.099388881   0.000000000
   sum over m+mul  1.381160669  1.381160669   2.762321339   0.000000000
  d3z^2-r^2   0    0.002825647  0.002825647   0.005651294   0.000000000
  dx^2-y^2    0    0.018897744  0.018897744   0.037795488   0.000000000
  dxy         0    0.018899368  0.018899368   0.037798736   0.000000000
  dxz         0    0.009673845  0.009673845   0.019347690   0.000000000
  dyz         0    0.009674990  0.009674990   0.019349980   0.000000000
   sum over m      0.059971594  0.059971594   0.119943188   0.000000000
   sum over m+mul  0.059971594  0.059971594   0.119943188   0.000000000

    2    C          Up spin      Down spin     Sum           Diff
            multiple
  s           0    0.544029472  0.544029472   1.088058944   0.000000000
   sum over m      0.544029472  0.544029472   1.088058944   0.000000000
  s           1    0.014838280  0.014838280   0.029676560   0.000000000
   sum over m      0.014838280  0.014838280   0.029676560   0.000000000
   sum over m+mul  0.558867752  0.558867752   1.117735505   0.000000000
  px          0    0.420486900  0.420486900   0.840973800   0.000000000
  py          0    0.420559282  0.420559282   0.841118563   0.000000000
  pz          0    0.490420013  0.490420013   0.980840025   0.000000000
   sum over m      1.331466194  1.331466194   2.662932388   0.000000000
  px          1    0.029702735  0.029702735   0.059405471   0.000000000
  py          1    0.029760619  0.029760619   0.059521238   0.000000000
  pz          1   -0.009768907 -0.009768907  -0.019537813   0.000000000
   sum over m      0.049694448  0.049694448   0.099388896   0.000000000
   sum over m+mul  1.381160642  1.381160642   2.762321284   0.000000000
  d3z^2-r^2   0    0.002825647  0.002825647   0.005651294   0.000000000
  dx^2-y^2    0    0.018897748  0.018897748   0.037795495   0.000000000
  dxy         0    0.018899364  0.018899364   0.037798729   0.000000000
  dxz         0    0.009673854  0.009673854   0.019347709   0.000000000
  dyz         0    0.009674987  0.009674987   0.019349975   0.000000000
   sum over m      0.059971601  0.059971601   0.119943202   0.000000000
   sum over m+mul  0.059971601  0.059971601   0.119943202   0.000000000

    3    C          Up spin      Down spin     Sum           Diff
            multiple
  s           0    0.544029411  0.544029411   1.088058823   0.000000000
   sum over m      0.544029411  0.544029411   1.088058823   0.000000000
  s           1    0.014838278  0.014838278   0.029676555   0.000000000
   sum over m      0.014838278  0.014838278   0.029676555   0.000000000
   sum over m+mul  0.558867689  0.558867689   1.117735378   0.000000000
  px          0    0.420486848  0.420486848   0.840973696   0.000000000
  py          0    0.420559269  0.420559269   0.841118538   0.000000000
  pz          0    0.490420180  0.490420180   0.980840361   0.000000000
   sum over m      1.331466297  1.331466297   2.662932595   0.000000000
  px          1    0.029702730  0.029702730   0.059405459   0.000000000
  py          1    0.029760613  0.029760613   0.059521226   0.000000000
  pz          1   -0.009768904 -0.009768904  -0.019537809   0.000000000
   sum over m      0.049694438  0.049694438   0.099388877   0.000000000
   sum over m+mul  1.381160736  1.381160736   2.762321472   0.000000000
  d3z^2-r^2   0    0.002825647  0.002825647   0.005651294   0.000000000
  dx^2-y^2    0    0.018897744  0.018897744   0.037795488   0.000000000
  dxy         0    0.018899367  0.018899367   0.037798733   0.000000000
  dxz         0    0.009673845  0.009673845   0.019347690   0.000000000
  dyz         0    0.009674980  0.009674980   0.019349959   0.000000000
   sum over m      0.059971582  0.059971582   0.119943165   0.000000000
   sum over m+mul  0.059971582  0.059971582   0.119943165   0.000000000

    4    C          Up spin      Down spin     Sum           Diff
            multiple
  s           0    0.544029522  0.544029522   1.088059044   0.000000000
   sum over m      0.544029522  0.544029522   1.088059044   0.000000000
  s           1    0.014838271  0.014838271   0.029676542   0.000000000
   sum over m      0.014838271  0.014838271   0.029676542   0.000000000
   sum over m+mul  0.558867793  0.558867793   1.117735586   0.000000000
  px          0    0.420486918  0.420486918   0.840973837   0.000000000
  py          0    0.420559312  0.420559312   0.841118625   0.000000000
  pz          0    0.490419805  0.490419805   0.980839609   0.000000000
   sum over m      1.331466035  1.331466035   2.662932071   0.000000000
  px          1    0.029702730  0.029702730   0.059405460   0.000000000
  py          1    0.029760620  0.029760620   0.059521241   0.000000000
  pz          1   -0.009768913 -0.009768913  -0.019537825   0.000000000
   sum over m      0.049694438  0.049694438   0.099388875   0.000000000
   sum over m+mul  1.381160473  1.381160473   2.762320946   0.000000000
  d3z^2-r^2   0    0.002825647  0.002825647   0.005651294   0.000000000
  dx^2-y^2    0    0.018897748  0.018897748   0.037795496   0.000000000
  dxy         0    0.018899363  0.018899363   0.037798726   0.000000000
  dxz         0    0.009673870  0.009673870   0.019347740   0.000000000
  dyz         0    0.009674996  0.009674996   0.019349992   0.000000000
   sum over m      0.059971624  0.059971624   0.119943247   0.000000000
   sum over m+mul  0.059971624  0.059971624   0.119943247   0.000000000

    5    C          Up spin      Down spin     Sum           Diff
            multiple
  s           0    0.544029412  0.544029412   1.088058823   0.000000000
   sum over m      0.544029412  0.544029412   1.088058823   0.000000000
  s           1    0.014838278  0.014838278   0.029676556   0.000000000
   sum over m      0.014838278  0.014838278   0.029676556   0.000000000
   sum over m+mul  0.558867689  0.558867689   1.117735379   0.000000000
  px          0    0.420486851  0.420486851   0.840973703   0.000000000
  py          0    0.420559266  0.420559266   0.841118532   0.000000000
  pz          0    0.490420180  0.490420180   0.980840359   0.000000000
   sum over m      1.331466297  1.331466297   2.662932594   0.000000000
  px          1    0.029702730  0.029702730   0.059405460   0.000000000
  py          1    0.029760614  0.029760614   0.059521228   0.000000000
  pz          1   -0.009768904 -0.009768904  -0.019537809   0.000000000
   sum over m      0.049694440  0.049694440   0.099388880   0.000000000
   sum over m+mul  1.381160737  1.381160737   2.762321474   0.000000000
  d3z^2-r^2   0    0.002825647  0.002825647   0.005651294   0.000000000
  dx^2-y^2    0    0.018897747  0.018897747   0.037795494   0.000000000
  dxy         0    0.018899364  0.018899364   0.037798727   0.000000000
  dxz         0    0.009673840  0.009673840   0.019347680   0.000000000
  dyz         0    0.009674985  0.009674985   0.019349970   0.000000000
   sum over m      0.059971583  0.059971583   0.119943165   0.000000000
   sum over m+mul  0.059971583  0.059971583   0.119943165   0.000000000

    6    C          Up spin      Down spin     Sum           Diff
            multiple
  s           0    0.544029472  0.544029472   1.088058943   0.000000000
   sum over m      0.544029472  0.544029472   1.088058943   0.000000000
  s           1    0.014838280  0.014838280   0.029676560   0.000000000
   sum over m      0.014838280  0.014838280   0.029676560   0.000000000
   sum over m+mul  0.558867752  0.558867752   1.117735504   0.000000000
  px          0    0.420486868  0.420486868   0.840973735   0.000000000
  py          0    0.420559316  0.420559316   0.841118631   0.000000000
  pz          0    0.490420013  0.490420013   0.980840025   0.000000000
   sum over m      1.331466196  1.331466196   2.662932392   0.000000000
  px          1    0.029702736  0.029702736   0.059405472   0.000000000
  py          1    0.029760619  0.029760619   0.059521238   0.000000000
  pz          1   -0.009768907 -0.009768907  -0.019537813   0.000000000
   sum over m      0.049694448  0.049694448   0.099388896   0.000000000
   sum over m+mul  1.381160644  1.381160644   2.762321288   0.000000000
  d3z^2-r^2   0    0.002825647  0.002825647   0.005651294   0.000000000
  dx^2-y^2    0    0.018897746  0.018897746   0.037795493   0.000000000
  dxy         0    0.018899366  0.018899366   0.037798731   0.000000000
  dxz         0    0.009673846  0.009673846   0.019347693   0.000000000
  dyz         0    0.009674995  0.009674995   0.019349991   0.000000000
   sum over m      0.059971601  0.059971601   0.119943202   0.000000000
   sum over m+mul  0.059971601  0.059971601   0.119943202   0.000000000

    7    C          Up spin      Down spin     Sum           Diff
            multiple
  s           0    0.544029451  0.544029451   1.088058902   0.000000000
   sum over m      0.544029451  0.544029451   1.088058902   0.000000000
  s           1    0.014838278  0.014838278   0.029676556   0.000000000
   sum over m      0.014838278  0.014838278   0.029676556   0.000000000
   sum over m+mul  0.558867729  0.558867729   1.117735458   0.000000000
  px          0    0.420486880  0.420486880   0.840973761   0.000000000
  py          0    0.420559282  0.420559282   0.841118564   0.000000000
  pz          0    0.490420067  0.490420067   0.980840133   0.000000000
   sum over m      1.331466229  1.331466229   2.662932458   0.000000000
  px          1    0.029702730  0.029702730   0.059405459   0.000000000
  py          1    0.029760617  0.029760617   0.059521234   0.000000000
  pz          1   -0.009768905 -0.009768905  -0.019537810   0.000000000
   sum over m      0.049694441  0.049694441   0.099388883   0.000000000
   sum over m+mul  1.381160670  1.381160670   2.762321340   0.000000000
  d3z^2-r^2   0    0.002825647  0.002825647   0.005651294   0.000000000
  dx^2-y^2    0    0.018897748  0.018897748   0.037795496   0.000000000
  dxy         0    0.018899364  0.018899364   0.037798727   0.000000000
  dxz         0    0.009673845  0.009673845   0.019347691   0.000000000
  dyz         0    0.009674990  0.009674990   0.019349979   0.000000000
   sum over m      0.059971594  0.059971594   0.119943188   0.000000000
   sum over m+mul  0.059971594  0.059971594   0.119943188   0.000000000

    8    C          Up spin      Down spin     Sum           Diff
            multiple
  s           0    0.544029445  0.544029445   1.088058890   0.000000000
   sum over m      0.544029445  0.544029445   1.088058890   0.000000000
  s           1    0.014838280  0.014838280   0.029676559   0.000000000
   sum over m      0.014838280  0.014838280   0.029676559   0.000000000
   sum over m+mul  0.558867724  0.558867724   1.117735449   0.000000000
  px          0    0.420486855  0.420486855   0.840973709   0.000000000
  py          0    0.420559299  0.420559299   0.841118597   0.000000000
  pz          0    0.490420092  0.490420092   0.980840183   0.000000000
   sum over m      1.331466245  1.331466245   2.662932490   0.000000000
  px          1    0.029702731  0.029702731   0.059405463   0.000000000
  py          1    0.029760617  0.029760617   0.059521234   0.000000000
  pz          1   -0.009768905 -0.009768905  -0.019537810   0.000000000
   sum over m      0.049694444  0.049694444   0.099388887   0.000000000
   sum over m+mul  1.381160689  1.381160689   2.762321377   0.000000000
  d3z^2-r^2   0    0.002825647  0.002825647   0.005651294   0.000000000
  dx^2-y^2    0    0.018897742  0.018897742   0.037795484   0.000000000
  dxy         0    0.018899366  0.018899366   0.037798732   0.000000000
  dxz         0    0.009673847  0.009673847   0.019347693   0.000000000
  dyz         0    0.009674992  0.009674992   0.019349984   0.000000000
   sum over m      0.059971594  0.059971594   0.119943188   0.000000000
   sum over m+mul  0.059971594  0.059971594   0.119943188   0.000000000

    9    C          Up spin      Down spin     Sum           Diff
            multiple
  s           0    0.544029446  0.544029446   1.088058892   0.000000000
   sum over m      0.544029446  0.544029446   1.088058892   0.000000000
  s           1    0.014838278  0.014838278   0.029676557   0.000000000
   sum over m      0.014838278  0.014838278   0.029676557   0.000000000
   sum over m+mul  0.558867724  0.558867724   1.117735448   0.000000000
  px          0    0.420486883  0.420486883   0.840973766   0.000000000
  py          0    0.420559275  0.420559275   0.841118551   0.000000000
  pz          0    0.490420081  0.490420081   0.980840161   0.000000000
   sum over m      1.331466239  1.331466239   2.662932477   0.000000000
  px          1    0.029702732  0.029702732   0.059405464   0.000000000
  py          1    0.029760617  0.029760617   0.059521234   0.000000000
  pz          1   -0.009768905 -0.009768905  -0.019537811   0.000000000
   sum over m      0.049694444  0.049694444   0.099388887   0.000000000
   sum over m+mul  1.381160682  1.381160682   2.762321365   0.000000000
  d3z^2-r^2   0    0.002825647  0.002825647   0.005651294   0.000000000
  dx^2-y^2    0    0.018897747  0.018897747   0.037795494   0.000000000
  dxy         0    0.018899363  0.018899363   0.037798726   0.000000000
  dxz         0    0.009673851  0.009673851   0.019347703   0.000000000
  dyz         0    0.009674988  0.009674988   0.019349975   0.000000000
   sum over m      0.059971596  0.059971596   0.119943192   0.000000000
   sum over m+mul  0.059971596  0.059971596   0.119943192   0.000000000

   10    C          Up spin      Down spin     Sum           Diff
            multiple
  s           0    0.544029466  0.544029466   1.088058931   0.000000000
   sum over m      0.544029466  0.544029466   1.088058931   0.000000000
  s           1    0.014838279  0.014838279   0.029676558   0.000000000
   sum over m      0.014838279  0.014838279   0.029676558   0.000000000
   sum over m+mul  0.558867744  0.558867744   1.117735489   0.000000000
  px          0    0.420486873  0.420486873   0.840973745   0.000000000
  py          0    0.420559309  0.420559309   0.841118617   0.000000000
  pz          0    0.490420009  0.490420009   0.980840019   0.000000000
   sum over m      1.331466191  1.331466191   2.662932382   0.000000000
  px          1    0.029702733  0.029702733   0.059405467   0.000000000
  py          1    0.029760621  0.029760621   0.059521241   0.000000000
  pz          1   -0.009768906 -0.009768906  -0.019537812   0.000000000
   sum over m      0.049694448  0.049694448   0.099388896   0.000000000
   sum over m+mul  1.381160639  1.381160639   2.762321278   0.000000000
  d3z^2-r^2   0    0.002825647  0.002825647   0.005651294   0.000000000
  dx^2-y^2    0    0.018897743  0.018897743   0.037795487   0.000000000
  dxy         0    0.018899367  0.018899367   0.037798734   0.000000000
  dxz         0    0.009673849  0.009673849   0.019347698   0.000000000
  dyz         0    0.009674992  0.009674992   0.019349985   0.000000000
   sum over m      0.059971599  0.059971599   0.119943198   0.000000000
   sum over m+mul  0.059971599  0.059971599   0.119943198   0.000000000

   11    C          Up spin      Down spin     Sum           Diff
            multiple
  s           0    0.544029428  0.544029428   1.088058855   0.000000000
   sum over m      0.544029428  0.544029428   1.088058855   0.000000000
  s           1    0.014838278  0.014838278   0.029676555   0.000000000
   sum over m      0.014838278  0.014838278   0.029676555   0.000000000
   sum over m+mul  0.558867705  0.558867705   1.117735410   0.000000000
  px          0    0.420486848  0.420486848   0.840973696   0.000000000
  py          0    0.420559283  0.420559283   0.841118566   0.000000000
  pz          0    0.490420127  0.490420127   0.980840254   0.000000000
   sum over m      1.331466257  1.331466257   2.662932515   0.000000000
  px          1    0.029702733  0.029702733   0.059405466   0.000000000
  py          1    0.029760618  0.029760618   0.059521237   0.000000000
  pz          1   -0.009768903 -0.009768903  -0.019537806   0.000000000
   sum over m      0.049694448  0.049694448   0.099388897   0.000000000
   sum over m+mul  1.381160706  1.381160706   2.762321412   0.000000000
  d3z^2-r^2   0    0.002825647  0.002825647   0.005651294   0.000000000
  dx^2-y^2    0    0.018897746  0.018897746   0.037795491   0.000000000
  dxy         0    0.018899367  0.018899367   0.037798733   0.000000000
  dxz         0    0.009673835  0.009673835   0.019347669   0.000000000
  dyz         0    0.009674987  0.009674987   0.019349975   0.000000000
   sum over m      0.059971581  0.059971581   0.119943163   0.000000000
   sum over m+mul  0.059971581  0.059971581   0.119943163   0.000000000

   12    C          Up spin      Down spin     Sum           Diff
            multiple
  s           0    0.544029466  0.544029466   1.088058932   0.000000000
   sum over m      0.544029466  0.544029466   1.088058932   0.000000000
  s           1    0.014838279  0.014838279   0.029676557   0.000000000
   sum over m      0.014838279  0.014838279   0.029676557   0.000000000
   sum over m+mul  0.558867745  0.558867745   1.117735490   0.000000000
  px          0    0.420486886  0.420486886   0.840973771   0.000000000
  py          0    0.420559297  0.420559297   0.841118594   0.000000000
  pz          0    0.490420010  0.490420010   0.980840020   0.000000000
   sum over m      1.331466193  1.331466193   2.662932385   0.000000000
  px          1    0.029702735  0.029702735   0.059405471   0.000000000
  py          1    0.029760619  0.029760619   0.059521237   0.000000000
  pz          1   -0.009768906 -0.009768906  -0.019537812   0.000000000
   sum over m      0.049694448  0.049694448   0.099388896   0.000000000
   sum over m+mul  1.381160641  1.381160641   2.762321281   0.000000000
  d3z^2-r^2   0    0.002825647  0.002825647   0.005651294   0.000000000
  dx^2-y^2    0    0.018897746  0.018897746   0.037795493   0.000000000
  dxy         0    0.018899364  0.018899364   0.037798728   0.000000000
  dxz         0    0.009673849  0.009673849   0.019347699   0.000000000
  dyz         0    0.009674992  0.009674992   0.019349984   0.000000000
   sum over m      0.059971599  0.059971599   0.119943198   0.000000000
   sum over m+mul  0.059971599  0.059971599   0.119943198   0.000000000

   13    C          Up spin      Down spin     Sum           Diff
            multiple
  s           0    0.544029444  0.544029444   1.088058889   0.000000000
   sum over m      0.544029444  0.544029444   1.088058889   0.000000000
  s           1    0.014838278  0.014838278   0.029676557   0.000000000
   sum over m      0.014838278  0.014838278   0.029676557   0.000000000
   sum over m+mul  0.558867723  0.558867723   1.117735446   0.000000000
  px          0    0.420486862  0.420486862   0.840973724   0.000000000
  py          0    0.420559296  0.420559296   0.841118592   0.000000000
  pz          0    0.490420081  0.490420081   0.980840162   0.000000000
   sum over m      1.331466239  1.331466239   2.662932478   0.000000000
  px          1    0.029702733  0.029702733   0.059405466   0.000000000
  py          1    0.029760617  0.029760617   0.059521234   0.000000000
  pz          1   -0.009768905 -0.009768905  -0.019537811   0.000000000
   sum over m      0.049694444  0.049694444   0.099388889   0.000000000
   sum over m+mul  1.381160683  1.381160683   2.762321367   0.000000000
  d3z^2-r^2   0    0.002825647  0.002825647   0.005651294   0.000000000
  dx^2-y^2    0    0.018897745  0.018897745   0.037795489   0.000000000
  dxy         0    0.018899366  0.018899366   0.037798731   0.000000000
  dxz         0    0.009673847  0.009673847   0.019347693   0.000000000
  dyz         0    0.009674993  0.009674993   0.019349985   0.000000000
   sum over m      0.059971596  0.059971596   0.119943193   0.000000000
   sum over m+mul  0.059971596  0.059971596   0.119943193   0.000000000

   14    C          Up spin      Down spin     Sum           Diff
            multiple
  s           0    0.544029444  0.544029444   1.088058888   0.000000000
   sum over m      0.544029444  0.544029444   1.088058888   0.000000000
  s           1    0.014838280  0.014838280   0.029676560   0.000000000
   sum over m      0.014838280  0.014838280   0.029676560   0.000000000
   sum over m+mul  0.558867724  0.558867724   1.117735448   0.000000000
  px          0    0.420486869  0.420486869   0.840973738   0.000000000
  py          0    0.420559285  0.420559285   0.841118570   0.000000000
  pz          0    0.490420091  0.490420091   0.980840183   0.000000000
   sum over m      1.331466245  1.331466245   2.662932491   0.000000000
  px          1    0.029702732  0.029702732   0.059405464   0.000000000
  py          1    0.029760617  0.029760617   0.059521234   0.000000000
  pz          1   -0.009768905 -0.009768905  -0.019537810   0.000000000
   sum over m      0.049694444  0.049694444   0.099388888   0.000000000
   sum over m+mul  1.381160689  1.381160689   2.762321378   0.000000000
  d3z^2-r^2   0    0.002825647  0.002825647   0.005651294   0.000000000
  dx^2-y^2    0    0.018897744  0.018897744   0.037795489   0.000000000
  dxy         0    0.018899364  0.018899364   0.037798728   0.000000000
  dxz         0    0.009673849  0.009673849   0.019347697   0.000000000
  dyz         0    0.009674990  0.009674990   0.019349980   0.000000000
   sum over m      0.059971594  0.059971594   0.119943188   0.000000000
   sum over m+mul  0.059971594  0.059971594   0.119943188   0.000000000

   15    C          Up spin      Down spin     Sum           Diff
            multiple
  s           0    0.544029420  0.544029420   1.088058839   0.000000000
   sum over m      0.544029420  0.544029420   1.088058839   0.000000000
  s           1    0.014838276  0.014838276   0.029676553   0.000000000
   sum over m      0.014838276  0.014838276   0.029676553   0.000000000
   sum over m+mul  0.558867696  0.558867696   1.117735392   0.000000000
  px          0    0.420486861  0.420486861   0.840973722   0.000000000
  py          0    0.420559264  0.420559264   0.841118529   0.000000000
  pz          0    0.490420155  0.490420155   0.980840309   0.000000000
   sum over m      1.331466280  1.331466280   2.662932560   0.000000000
  px          1    0.029702732  0.029702732   0.059405465   0.000000000
  py          1    0.029760620  0.029760620   0.059521240   0.000000000
  pz          1   -0.009768903 -0.009768903  -0.019537807   0.000000000
   sum over m      0.049694449  0.049694449   0.099388898   0.000000000
   sum over m+mul  1.381160729  1.381160729   2.762321457   0.000000000
  d3z^2-r^2   0    0.002825647  0.002825647   0.005651294   0.000000000
  dx^2-y^2    0    0.018897747  0.018897747   0.037795495   0.000000000
  dxy         0    0.018899367  0.018899367   0.037798733   0.000000000
  dxz         0    0.009673849  0.009673849   0.019347698   0.000000000
  dyz         0    0.009674971  0.009674971   0.019349943   0.000000000
   sum over m      0.059971581  0.059971581   0.119943163   0.000000000
   sum over m+mul  0.059971581  0.059971581   0.119943163   0.000000000

   16    C          Up spin      Down spin     Sum           Diff
            multiple
  s           0    0.544029567  0.544029567   1.088059134   0.000000000
   sum over m      0.544029567  0.544029567   1.088059134   0.000000000
  s           1    0.014838278  0.014838278   0.029676555   0.000000000
   sum over m      0.014838278  0.014838278   0.029676555   0.000000000
   sum over m+mul  0.558867844  0.558867844   1.117735689   0.000000000
  px          0    0.420486943  0.420486943   0.840973886   0.000000000
  py          0    0.420559330  0.420559330   0.841118659   0.000000000
  pz          0    0.490419710  0.490419710   0.980839419   0.000000000
   sum over m      1.331465982  1.331465982   2.662931965   0.000000000
  px          1    0.029702746  0.029702746   0.059405493   0.000000000
  py          1    0.029760633  0.029760633   0.059521266   0.000000000
  pz          1   -0.009768914 -0.009768914  -0.019537829   0.000000000
   sum over m      0.049694465  0.049694465   0.099388930   0.000000000
   sum over m+mul  1.381160447  1.381160447   2.762320895   0.000000000
  d3z^2-r^2   0    0.002825647  0.002825647   0.005651294   0.000000000
  dx^2-y^2    0    0.018897750  0.018897750   0.037795500   0.000000000
  dxy         0    0.018899366  0.018899366   0.037798732   0.000000000
  dxz         0    0.009673856  0.009673856   0.019347712   0.000000000
  dyz         0    0.009674997  0.009674997   0.019349994   0.000000000
   sum over m      0.059971616  0.059971616   0.119943232   0.000000000
   sum over m+mul  0.059971616  0.059971616   0.119943232   0.000000000

   17    C          Up spin      Down spin     Sum           Diff
            multiple
  s           0    0.544029432  0.544029432   1.088058863   0.000000000
   sum over m      0.544029432  0.544029432   1.088058863   0.000000000
  s           1    0.014838276  0.014838276   0.029676551   0.000000000
   sum over m      0.014838276  0.014838276   0.029676551   0.000000000
   sum over m+mul  0.558867707  0.558867707   1.117735414   0.000000000
  px          0    0.420486801  0.420486801   0.840973603   0.000000000
  py          0    0.420559311  0.420559311   0.841118623   0.000000000
  pz          0    0.490420141  0.490420141   0.980840283   0.000000000
   sum over m      1.331466254  1.331466254   2.662932508   0.000000000
  px          1    0.029702714  0.029702714   0.059405428   0.000000000
  py          1    0.029760587  0.029760587   0.059521174   0.000000000
  pz          1   -0.009768903 -0.009768903  -0.019537806   0.000000000
   sum over m      0.049694398  0.049694398   0.099388795   0.000000000
   sum over m+mul  1.381160652  1.381160652   2.762321303   0.000000000
  d3z^2-r^2   0    0.002825647  0.002825647   0.005651294   0.000000000
  dx^2-y^2    0    0.018897740  0.018897740   0.037795479   0.000000000
  dxy         0    0.018899383  0.018899383   0.037798765   0.000000000
  dxz         0    0.009673837  0.009673837   0.019347673   0.000000000
  dyz         0    0.009674985  0.009674985   0.019349971   0.000000000
   sum over m      0.059971591  0.059971591   0.119943182   0.000000000
   sum over m+mul  0.059971591  0.059971591   0.119943182   0.000000000

   18    C          Up spin      Down spin     Sum           Diff
            multiple
  s           0    0.544029584  0.544029584   1.088059169   0.000000000
   sum over m      0.544029584  0.544029584   1.088059169   0.000000000
  s           1    0.014838355  0.014838355   0.029676710   0.000000000
   sum over m      0.014838355  0.014838355   0.029676710   0.000000000
   sum over m+mul  0.558867940  0.558867940   1.117735879   0.000000000
  px          0    0.420487052  0.420487052   0.840974103   0.000000000
  py          0    0.420559339  0.420559339   0.841118678   0.000000000
  pz          0    0.490419581  0.490419581   0.980839162   0.000000000
   sum over m      1.331465972  1.331465972   2.662931943   0.000000000
  px          1    0.029702830  0.029702830   0.059405661   0.000000000
  py          1    0.029760731  0.029760731   0.059521461   0.000000000
  pz          1   -0.009768907 -0.009768907  -0.019537815   0.000000000
   sum over m      0.049694654  0.049694654   0.099389308   0.000000000
   sum over m+mul  1.381160625  1.381160625   2.762321251   0.000000000
  d3z^2-r^2   0    0.002825651  0.002825651   0.005651302   0.000000000
  dx^2-y^2    0    0.018897763  0.018897763   0.037795527   0.000000000
  dxy         0    0.018899374  0.018899374   0.037798749   0.000000000
  dxz         0    0.009673904  0.009673904   0.019347808   0.000000000
  dyz         0    0.009674987  0.009674987   0.019349973   0.000000000
   sum over m      0.059971679  0.059971679   0.119943359   0.000000000
   sum over m+mul  0.059971679  0.059971679   0.119943359   0.000000000

   19    C          Up spin      Down spin     Sum           Diff
            multiple
  s           0    0.544029293  0.544029293   1.088058586   0.000000000
   sum over m      0.544029293  0.544029293   1.088058586   0.000000000
  s           1    0.014838252  0.014838252   0.029676503   0.000000000
   sum over m      0.014838252  0.014838252   0.029676503   0.000000000
   sum over m+mul  0.558867545  0.558867545   1.117735090   0.000000000
  px          0    0.420486666  0.420486666   0.840973331   0.000000000
  py          0    0.420559179  0.420559179   0.841118358   0.000000000
  pz          0    0.490420525  0.490420525   0.980841051   0.000000000
   sum over m      1.331466370  1.331466370   2.662932740   0.000000000
  px          1    0.029702602  0.029702602   0.059405204   0.000000000
  py          1    0.029760552  0.029760552   0.059521103   0.000000000
  pz          1   -0.009768899 -0.009768899  -0.019537797   0.000000000
   sum over m      0.049694255  0.049694255   0.099388510   0.000000000
   sum over m+mul  1.381160625  1.381160625   2.762321250   0.000000000
  d3z^2-r^2   0    0.002825645  0.002825645   0.005651290   0.000000000
  dx^2-y^2    0    0.018897743  0.018897743   0.037795486   0.000000000
  dxy         0    0.018899358  0.018899358   0.037798717   0.000000000
  dxz         0    0.009673830  0.009673830   0.019347660   0.000000000
  dyz         0    0.009674981  0.009674981   0.019349962   0.000000000
   sum over m      0.059971557  0.059971557   0.119943115   0.000000000
   sum over m+mul  0.059971557  0.059971557   0.119943115   0.000000000

   20    C          Up spin      Down spin     Sum           Diff
            multiple
  s           0    0.544029566  0.544029566   1.088059133   0.000000000
   sum over m      0.544029566  0.544029566   1.088059133   0.000000000
  s           1    0.014838357  0.014838357   0.029676713   0.000000000
   sum over m      0.014838357  0.014838357   0.029676713   0.000000000
   sum over m+mul  0.558867923  0.558867923   1.117735846   0.000000000
  px          0    0.420487028  0.420487028   0.840974056   0.000000000
  py          0    0.420559348  0.420559348   0.841118697   0.000000000
  pz          0    0.490419583  0.490419583   0.980839166   0.000000000
   sum over m      1.331465960  1.331465960   2.662931919   0.000000000
  px          1    0.029702924  0.029702924   0.059405847   0.000000000
  py          1    0.029760648  0.029760648   0.059521295   0.000000000
  pz          1   -0.009768905 -0.009768905  -0.019537810   0.000000000
   sum over m      0.049694666  0.049694666   0.099389333   0.000000000
   sum over m+mul  1.381160626  1.381160626   2.762321252   0.000000000
  d3z^2-r^2   0    0.002825651  0.002825651   0.005651302   0.000000000
  dx^2-y^2    0    0.018897783  0.018897783   0.037795566   0.000000000
  dxy         0    0.018899358  0.018899358   0.037798715   0.000000000
  dxz         0    0.009673881  0.009673881   0.019347763   0.000000000
  dyz         0    0.009675010  0.009675010   0.019350020   0.000000000
   sum over m      0.059971683  0.059971683   0.119943366   0.000000000
   sum over m+mul  0.059971683  0.059971683   0.119943366   0.000000000

   21    C          Up spin      Down spin     Sum           Diff
            multiple
  s           0    0.544029432  0.544029432   1.088058864   0.000000000
   sum over m      0.544029432  0.544029432   1.088058864   0.000000000
  s           1    0.014838275  0.014838275   0.029676550   0.000000000
   sum over m      0.014838275  0.014838275   0.029676550   0.000000000
   sum over m+mul  0.558867707  0.558867707   1.117735414   0.000000000
  px          0    0.420486895  0.420486895   0.840973789   0.000000000
  py          0    0.420559216  0.420559216   0.841118431   0.000000000
  pz          0    0.490420142  0.490420142   0.980840285   0.000000000
   sum over m      1.331466253  1.331466253   2.662932505   0.000000000
  px          1    0.029702691  0.029702691   0.059405382   0.000000000
  py          1    0.029760612  0.029760612   0.059521224   0.000000000
  pz          1   -0.009768904 -0.009768904  -0.019537807   0.000000000
   sum over m      0.049694399  0.049694399   0.099388798   0.000000000
   sum over m+mul  1.381160651  1.381160651   2.762321303   0.000000000
  d3z^2-r^2   0    0.002825647  0.002825647   0.005651294   0.000000000
  dx^2-y^2    0    0.018897764  0.018897764   0.037795528   0.000000000
  dxy         0    0.018899359  0.018899359   0.037798717   0.000000000
  dxz         0    0.009673850  0.009673850   0.019347700   0.000000000
  dyz         0    0.009674972  0.009674972   0.019349944   0.000000000
   sum over m      0.059971592  0.059971592   0.119943183   0.000000000
   sum over m+mul  0.059971592  0.059971592   0.119943183   0.000000000

   22    C          Up spin      Down spin     Sum           Diff
            multiple
  s           0    0.544029568  0.544029568   1.088059135   0.000000000
   sum over m      0.544029568  0.544029568   1.088059135   0.000000000
  s           1    0.014838278  0.014838278   0.029676557   0.000000000
   sum over m      0.014838278  0.014838278   0.029676557   0.000000000
   sum over m+mul  0.558867846  0.558867846   1.117735692   0.000000000
  px          0    0.420486902  0.420486902   0.840973803   0.000000000
  py          0    0.420559371  0.420559371   0.841118743   0.000000000
  pz          0    0.490419710  0.490419710   0.980839420   0.000000000
   sum over m      1.331465983  1.331465983   2.662931967   0.000000000
  px          1    0.029702743  0.029702743   0.059405487   0.000000000
  py          1    0.029760638  0.029760638   0.059521275   0.000000000
  pz          1   -0.009768914 -0.009768914  -0.019537829   0.000000000
   sum over m      0.049694467  0.049694467   0.099388934   0.000000000
   sum over m+mul  1.381160450  1.381160450   2.762320900   0.000000000
  d3z^2-r^2   0    0.002825647  0.002825647   0.005651294   0.000000000
  dx^2-y^2    0    0.018897743  0.018897743   0.037795486   0.000000000
  dxy         0    0.018899372  0.018899372   0.037798745   0.000000000
  dxz         0    0.009673855  0.009673855   0.019347710   0.000000000
  dyz         0    0.009674998  0.009674998   0.019349995   0.000000000
   sum over m      0.059971615  0.059971615   0.119943231   0.000000000
   sum over m+mul  0.059971615  0.059971615   0.119943231   0.000000000

   23    C          Up spin      Down spin     Sum           Diff
            multiple
  s           0    0.544029418  0.544029418   1.088058835   0.000000000
   sum over m      0.544029418  0.544029418   1.088058835   0.000000000
  s           1    0.014838277  0.014838277   0.029676553   0.000000000
   sum over m      0.014838277  0.014838277   0.029676553   0.000000000
   sum over m+mul  0.558867694  0.558867694   1.117735388   0.000000000
  px          0    0.420486872  0.420486872   0.840973744   0.000000000
  py          0    0.420559252  0.420559252   0.841118504   0.000000000
  pz          0    0.490420154  0.490420154   0.980840309   0.000000000
   sum over m      1.331466278  1.331466278   2.662932557   0.000000000
  px          1    0.029702735  0.029702735   0.059405470   0.000000000
  py          1    0.029760616  0.029760616   0.059521233   0.000000000
  pz          1   -0.009768903 -0.009768903  -0.019537806   0.000000000
   sum over m      0.049694448  0.049694448   0.099388896   0.000000000
   sum over m+mul  1.381160727  1.381160727   2.762321453   0.000000000
  d3z^2-r^2   0    0.002825647  0.002825647   0.005651294   0.000000000
  dx^2-y^2    0    0.018897749  0.018897749   0.037795499   0.000000000
  dxy         0    0.018899365  0.018899365   0.037798729   0.000000000
  dxz         0    0.009673841  0.009673841   0.019347683   0.000000000
  dyz         0    0.009674979  0.009674979   0.019349958   0.000000000
   sum over m      0.059971582  0.059971582   0.119943163   0.000000000
   sum over m+mul  0.059971582  0.059971582   0.119943163   0.000000000

   24    C          Up spin      Down spin     Sum           Diff
            multiple
  s           0    0.544029528  0.544029528   1.088059056   0.000000000
   sum over m      0.544029528  0.544029528   1.088059056   0.000000000
  s           1    0.014838278  0.014838278   0.029676556   0.000000000
   sum over m      0.014838278  0.014838278   0.029676556   0.000000000
   sum over m+mul  0.558867806  0.558867806   1.117735612   0.000000000
  px          0    0.420486912  0.420486912   0.840973824   0.000000000
  py          0    0.420559335  0.420559335   0.841118669   0.000000000
  pz          0    0.490419788  0.490419788   0.980839576   0.000000000
   sum over m      1.331466034  1.331466034   2.662932069   0.000000000
  px          1    0.029702742  0.029702742   0.059405485   0.000000000
  py          1    0.029760627  0.029760627   0.059521254   0.000000000
  pz          1   -0.009768910 -0.009768910  -0.019537820   0.000000000
   sum over m      0.049694460  0.049694460   0.099388920   0.000000000
   sum over m+mul  1.381160494  1.381160494   2.762320988   0.000000000
  d3z^2-r^2   0    0.002825647  0.002825647   0.005651294   0.000000000
  dx^2-y^2    0    0.018897747  0.018897747   0.037795495   0.000000000
  dxy         0    0.018899368  0.018899368   0.037798735   0.000000000
  dxz         0    0.009673853  0.009673853   0.019347706   0.000000000
  dyz         0    0.009674997  0.009674997   0.019349994   0.000000000
   sum over m      0.059971612  0.059971612   0.119943224   0.000000000
   sum over m+mul  0.059971612  0.059971612   0.119943224   0.000000000

   25    C          Up spin      Down spin     Sum           Diff
            multiple
  s           0    0.544029429  0.544029429   1.088058858   0.000000000
   sum over m      0.544029429  0.544029429   1.088058858   0.000000000
  s           1    0.014838278  0.014838278   0.029676556   0.000000000
   sum over m      0.014838278  0.014838278   0.029676556   0.000000000
   sum over m+mul  0.558867707  0.558867707   1.117735413   0.000000000
  px          0    0.420486848  0.420486848   0.840973695   0.000000000
  py          0    0.420559282  0.420559282   0.841118564   0.000000000
  pz          0    0.490420127  0.490420127   0.980840253   0.000000000
   sum over m      1.331466256  1.331466256   2.662932513   0.000000000
  px          1    0.029702733  0.029702733   0.059405466   0.000000000
  py          1    0.029760618  0.029760618   0.059521236   0.000000000
  pz          1   -0.009768903 -0.009768903  -0.019537806   0.000000000
   sum over m      0.049694448  0.049694448   0.099388896   0.000000000
   sum over m+mul  1.381160705  1.381160705   2.762321409   0.000000000
  d3z^2-r^2   0    0.002825647  0.002825647   0.005651294   0.000000000
  dx^2-y^2    0    0.018897746  0.018897746   0.037795491   0.000000000
  dxy         0    0.018899367  0.018899367   0.037798733   0.000000000
  dxz         0    0.009673835  0.009673835   0.019347669   0.000000000
  dyz         0    0.009674987  0.009674987   0.019349975   0.000000000
   sum over m      0.059971581  0.059971581   0.119943163   0.000000000
   sum over m+mul  0.059971581  0.059971581   0.119943163   0.000000000

   26    C          Up spin      Down spin     Sum           Diff
            multiple
  s           0    0.544029466  0.544029466   1.088058932   0.000000000
   sum over m      0.544029466  0.544029466   1.088058932   0.000000000
  s           1    0.014838279  0.014838279   0.029676558   0.000000000
   sum over m      0.014838279  0.014838279   0.029676558   0.000000000
   sum over m+mul  0.558867745  0.558867745   1.117735490   0.000000000
  px          0    0.420486885  0.420486885   0.840973770   0.000000000
  py          0    0.420559296  0.420559296   0.841118592   0.000000000
  pz          0    0.490420010  0.490420010   0.980840020   0.000000000
   sum over m      1.331466191  1.331466191   2.662932382   0.000000000
  px          1    0.029702735  0.029702735   0.059405471   0.000000000
  py          1    0.029760618  0.029760618   0.059521236   0.000000000
  pz          1   -0.009768906 -0.009768906  -0.019537812   0.000000000
   sum over m      0.049694448  0.049694448   0.099388895   0.000000000
   sum over m+mul  1.381160639  1.381160639   2.762321278   0.000000000
  d3z^2-r^2   0    0.002825647  0.002825647   0.005651294   0.000000000
  dx^2-y^2    0    0.018897746  0.018897746   0.037795493   0.000000000
  dxy         0    0.018899364  0.018899364   0.037798728   0.000000000
  dxz         0    0.009673849  0.009673849   0.019347699   0.000000000
  dyz         0    0.009674992  0.009674992   0.019349984   0.000000000
   sum over m      0.059971599  0.059971599   0.119943198   0.000000000
   sum over m+mul  0.059971599  0.059971599   0.119943198   0.000000000

   27    C          Up spin      Down spin     Sum           Diff
            multiple
  s           0    0.544029430  0.544029430   1.088058860   0.000000000
   sum over m      0.544029430  0.544029430   1.088058860   0.000000000
  s           1    0.014838278  0.014838278   0.029676556   0.000000000
   sum over m      0.014838278  0.014838278   0.029676556   0.000000000
   sum over m+mul  0.558867708  0.558867708   1.117735416   0.000000000
  px          0    0.420486871  0.420486871   0.840973743   0.000000000
  py          0    0.420559259  0.420559259   0.841118517   0.000000000
  pz          0    0.490420127  0.490420127   0.980840253   0.000000000
   sum over m      1.331466256  1.331466256   2.662932513   0.000000000
  px          1    0.029702734  0.029702734   0.059405468   0.000000000
  py          1    0.029760617  0.029760617   0.059521234   0.000000000
  pz          1   -0.009768903 -0.009768903  -0.019537806   0.000000000
   sum over m      0.049694448  0.049694448   0.099388896   0.000000000
   sum over m+mul  1.381160704  1.381160704   2.762321408   0.000000000
  d3z^2-r^2   0    0.002825647  0.002825647   0.005651294   0.000000000
  dx^2-y^2    0    0.018897748  0.018897748   0.037795495   0.000000000
  dxy         0    0.018899365  0.018899365   0.037798729   0.000000000
  dxz         0    0.009673850  0.009673850   0.019347700   0.000000000
  dyz         0    0.009674972  0.009674972   0.019349945   0.000000000
   sum over m      0.059971581  0.059971581   0.119943163   0.000000000
   sum over m+mul  0.059971581  0.059971581   0.119943163   0.000000000

   28    C          Up spin      Down spin     Sum           Diff
            multiple
  s           0    0.544029529  0.544029529   1.088059058   0.000000000
   sum over m      0.544029529  0.544029529   1.088059058   0.000000000
  s           1    0.014838278  0.014838278   0.029676557   0.000000000
   sum over m      0.014838278  0.014838278   0.029676557   0.000000000
   sum over m+mul  0.558867808  0.558867808   1.117735615   0.000000000
  px          0    0.420486916  0.420486916   0.840973832   0.000000000
  py          0    0.420559331  0.420559331   0.841118661   0.000000000
  pz          0    0.490419788  0.490419788   0.980839575   0.000000000
   sum over m      1.331466034  1.331466034   2.662932068   0.000000000
  px          1    0.029702743  0.029702743   0.059405486   0.000000000
  py          1    0.029760627  0.029760627   0.059521254   0.000000000
  pz          1   -0.009768910 -0.009768910  -0.019537819   0.000000000
   sum over m      0.049694460  0.049694460   0.099388920   0.000000000
   sum over m+mul  1.381160494  1.381160494   2.762320988   0.000000000
  d3z^2-r^2   0    0.002825647  0.002825647   0.005651294   0.000000000
  dx^2-y^2    0    0.018897748  0.018897748   0.037795497   0.000000000
  dxy         0    0.018899367  0.018899367   0.037798733   0.000000000
  dxz         0    0.009673855  0.009673855   0.019347709   0.000000000
  dyz         0    0.009674995  0.009674995   0.019349991   0.000000000
   sum over m      0.059971612  0.059971612   0.119943224   0.000000000
   sum over m+mul  0.059971612  0.059971612   0.119943224   0.000000000

   29    C          Up spin      Down spin     Sum           Diff
            multiple
  s           0    0.544029418  0.544029418   1.088058835   0.000000000
   sum over m      0.544029418  0.544029418   1.088058835   0.000000000
  s           1    0.014838277  0.014838277   0.029676553   0.000000000
   sum over m      0.014838277  0.014838277   0.029676553   0.000000000
   sum over m+mul  0.558867694  0.558867694   1.117735389   0.000000000
  px          0    0.420486858  0.420486858   0.840973717   0.000000000
  py          0    0.420559264  0.420559264   0.841118527   0.000000000
  pz          0    0.490420155  0.490420155   0.980840309   0.000000000
   sum over m      1.331466277  1.331466277   2.662932553   0.000000000
  px          1    0.029702732  0.029702732   0.059405464   0.000000000
  py          1    0.029760620  0.029760620   0.059521239   0.000000000
  pz          1   -0.009768903 -0.009768903  -0.019537807   0.000000000
   sum over m      0.049694449  0.049694449   0.099388897   0.000000000
   sum over m+mul  1.381160725  1.381160725   2.762321450   0.000000000
  d3z^2-r^2   0    0.002825647  0.002825647   0.005651294   0.000000000
  dx^2-y^2    0    0.018897747  0.018897747   0.037795495   0.000000000
  dxy         0    0.018899367  0.018899367   0.037798733   0.000000000
  dxz         0    0.009673849  0.009673849   0.019347698   0.000000000
  dyz         0    0.009674971  0.009674971   0.019349943   0.000000000
   sum over m      0.059971581  0.059971581   0.119943163   0.000000000
   sum over m+mul  0.059971581  0.059971581   0.119943163   0.000000000

   30    C          Up spin      Down spin     Sum           Diff
            multiple
  s           0    0.544029567  0.544029567   1.088059135   0.000000000
   sum over m      0.544029567  0.544029567   1.088059135   0.000000000
  s           1    0.014838278  0.014838278   0.029676556   0.000000000
   sum over m      0.014838278  0.014838278   0.029676556   0.000000000
   sum over m+mul  0.558867845  0.558867845   1.117735691   0.000000000
  px          0    0.420486945  0.420486945   0.840973890   0.000000000
  py          0    0.420559330  0.420559330   0.841118661   0.000000000
  pz          0    0.490419711  0.490419711   0.980839421   0.000000000
   sum over m      1.331465986  1.331465986   2.662931971   0.000000000
  px          1    0.029702746  0.029702746   0.059405493   0.000000000
  py          1    0.029760633  0.029760633   0.059521267   0.000000000
  pz          1   -0.009768914 -0.009768914  -0.019537829   0.000000000
   sum over m      0.049694465  0.049694465   0.099388931   0.000000000
   sum over m+mul  1.381160451  1.381160451   2.762320902   0.000000000
  d3z^2-r^2   0    0.002825647  0.002825647   0.005651294   0.000000000
  dx^2-y^2    0    0.018897750  0.018897750   0.037795500   0.000000000
  dxy         0    0.018899366  0.018899366   0.037798732   0.000000000
  dxz         0    0.009673856  0.009673856   0.019347712   0.000000000
  dyz         0    0.009674997  0.009674997   0.019349994   0.000000000
   sum over m      0.059971616  0.059971616   0.119943232   0.000000000
   sum over m+mul  0.059971616  0.059971616   0.119943232   0.000000000

   31    C          Up spin      Down spin     Sum           Diff
            multiple
  s           0    0.544029400  0.544029400   1.088058801   0.000000000
   sum over m      0.544029400  0.544029400   1.088058801   0.000000000
  s           1    0.014838264  0.014838264   0.029676529   0.000000000
   sum over m      0.014838264  0.014838264   0.029676529   0.000000000
   sum over m+mul  0.558867665  0.558867665   1.117735329   0.000000000
  px          0    0.420486824  0.420486824   0.840973648   0.000000000
  py          0    0.420559070  0.420559070   0.841118141   0.000000000
  pz          0    0.490420284  0.490420284   0.980840569   0.000000000
   sum over m      1.331466179  1.331466179   2.662932357   0.000000000
  px          1    0.029702733  0.029702733   0.059405466   0.000000000
  py          1    0.029760487  0.029760487   0.059520975   0.000000000
  pz          1   -0.009768902 -0.009768902  -0.019537804   0.000000000
   sum over m      0.049694319  0.049694319   0.099388637   0.000000000
   sum over m+mul  1.381160497  1.381160497   2.762320995   0.000000000
  d3z^2-r^2   0    0.002825646  0.002825646   0.005651292   0.000000000
  dx^2-y^2    0    0.018897743  0.018897743   0.037795486   0.000000000
  dxy         0    0.018899370  0.018899370   0.037798740   0.000000000
  dxz         0    0.009673854  0.009673854   0.019347709   0.000000000
  dyz         0    0.009674913  0.009674913   0.019349827   0.000000000
   sum over m      0.059971526  0.059971526   0.119943053   0.000000000
   sum over m+mul  0.059971526  0.059971526   0.119943053   0.000000000

   32    C          Up spin      Down spin     Sum           Diff
            multiple
  s           0    0.544030688  0.544030688   1.088061375   0.000000000
   sum over m      0.544030688  0.544030688   1.088061375   0.000000000
  s           1    0.014838421  0.014838421   0.029676842   0.000000000
   sum over m      0.014838421  0.014838421   0.029676842   0.000000000
   sum over m+mul  0.558869109  0.558869109   1.117738217   0.000000000
  px          0    0.420486919  0.420486919   0.840973838   0.000000000
  py          0    0.420559496  0.420559496   0.841118993   0.000000000
  pz          0    0.490418161  0.490418161   0.980836322   0.000000000
   sum over m      1.331464576  1.331464576   2.662929153   0.000000000
  px          1    0.029702372  0.029702372   0.059404744   0.000000000
  py          1    0.029760706  0.029760706   0.059521412   0.000000000
  pz          1   -0.009768971 -0.009768971  -0.019537943   0.000000000
   sum over m      0.049694107  0.049694107   0.099388213   0.000000000
   sum over m+mul  1.381158683  1.381158683   2.762317366   0.000000000
  d3z^2-r^2   0    0.002825646  0.002825646   0.005651292   0.000000000
  dx^2-y^2    0    0.018897777  0.018897777   0.037795554   0.000000000
  dxy         0    0.018899391  0.018899391   0.037798782   0.000000000
  dxz         0    0.009673931  0.009673931   0.019347863   0.000000000
  dyz         0    0.009674996  0.009674996   0.019349993   0.000000000
   sum over m      0.059971742  0.059971742   0.119943484   0.000000000
   sum over m+mul  0.059971742  0.059971742   0.119943484   0.000000000

   33    C          Up spin      Down spin     Sum           Diff
            multiple
  s           0    0.544028185  0.544028185   1.088056370   0.000000000
   sum over m      0.544028185  0.544028185   1.088056370   0.000000000
  s           1    0.014838396  0.014838396   0.029676793   0.000000000
   sum over m      0.014838396  0.014838396   0.029676793   0.000000000
   sum over m+mul  0.558866581  0.558866581   1.117733163   0.000000000
  px          0    0.420486573  0.420486573   0.840973146   0.000000000
  py          0    0.420559063  0.420559063   0.841118125   0.000000000
  pz          0    0.490420803  0.490420803   0.980841606   0.000000000
   sum over m      1.331466439  1.331466439   2.662932877   0.000000000
  px          1    0.029702420  0.029702420   0.059404839   0.000000000
  py          1    0.029761571  0.029761571   0.059523142   0.000000000
  pz          1   -0.009768687 -0.009768687  -0.019537375   0.000000000
   sum over m      0.049695303  0.049695303   0.099390606   0.000000000
   sum over m+mul  1.381161742  1.381161742   2.762323484   0.000000000
  d3z^2-r^2   0    0.002825630  0.002825630   0.005651259   0.000000000
  dx^2-y^2    0    0.018897762  0.018897762   0.037795523   0.000000000
  dxy         0    0.018899565  0.018899565   0.037799129   0.000000000
  dxz         0    0.009673830  0.009673830   0.019347659   0.000000000
  dyz         0    0.009674698  0.009674698   0.019349396   0.000000000
   sum over m      0.059971484  0.059971484   0.119942967   0.000000000
   sum over m+mul  0.059971484  0.059971484   0.119942967   0.000000000

   34    C          Up spin      Down spin     Sum           Diff
            multiple
  s           0    0.544028962  0.544028962   1.088057924   0.000000000
   sum over m      0.544028962  0.544028962   1.088057924   0.000000000
  s           1    0.014836298  0.014836298   0.029672596   0.000000000
   sum over m      0.014836298  0.014836298   0.029672596   0.000000000
   sum over m+mul  0.558865260  0.558865260   1.117730520   0.000000000
  px          0    0.420494405  0.420494405   0.840988809   0.000000000
  py          0    0.420562616  0.420562616   0.841125232   0.000000000
  pz          0    0.490408789  0.490408789   0.980817578   0.000000000
   sum over m      1.331465810  1.331465810   2.662931619   0.000000000
  px          1    0.029703089  0.029703089   0.059406178   0.000000000
  py          1    0.029759073  0.029759073   0.059518146   0.000000000
  pz          1   -0.009769551 -0.009769551  -0.019539102   0.000000000
   sum over m      0.049692611  0.049692611   0.099385221   0.000000000
   sum over m+mul  1.381158420  1.381158420   2.762316841   0.000000000
  d3z^2-r^2   0    0.002826323  0.002826323   0.005652647   0.000000000
  dx^2-y^2    0    0.018897158  0.018897158   0.037794316   0.000000000
  dxy         0    0.018898722  0.018898722   0.037797444   0.000000000
  dxz         0    0.009673636  0.009673636   0.019347273   0.000000000
  dyz         0    0.009675026  0.009675026   0.019350052   0.000000000
   sum over m      0.059970865  0.059970865   0.119941731   0.000000000
   sum over m+mul  0.059970865  0.059970865   0.119941731   0.000000000

   35    C          Up spin      Down spin     Sum           Diff
            multiple
  s           0    0.544028144  0.544028144   1.088056288   0.000000000
   sum over m      0.544028144  0.544028144   1.088056288   0.000000000
  s           1    0.014838409  0.014838409   0.029676817   0.000000000
   sum over m      0.014838409  0.014838409   0.029676817   0.000000000
   sum over m+mul  0.558866553  0.558866553   1.117733106   0.000000000
  px          0    0.420486934  0.420486934   0.840973868   0.000000000
  py          0    0.420558698  0.420558698   0.841117397   0.000000000
  pz          0    0.490420783  0.490420783   0.980841567   0.000000000
   sum over m      1.331466416  1.331466416   2.662932832   0.000000000
  px          1    0.029703520  0.029703520   0.059407040   0.000000000
  py          1    0.029760400  0.029760400   0.059520800   0.000000000
  pz          1   -0.009768692 -0.009768692  -0.019537383   0.000000000
   sum over m      0.049695228  0.049695228   0.099390456   0.000000000
   sum over m+mul  1.381161644  1.381161644   2.762323288   0.000000000
  d3z^2-r^2   0    0.002825629  0.002825629   0.005651259   0.000000000
  dx^2-y^2    0    0.018897961  0.018897961   0.037795922   0.000000000
  dxy         0    0.018899392  0.018899392   0.037798785   0.000000000
  dxz         0    0.009673670  0.009673670   0.019347339   0.000000000
  dyz         0    0.009674859  0.009674859   0.019349718   0.000000000
   sum over m      0.059971511  0.059971511   0.119943022   0.000000000
   sum over m+mul  0.059971511  0.059971511   0.119943022   0.000000000

   36    C          Up spin      Down spin     Sum           Diff
            multiple
  s           0    0.544030607  0.544030607   1.088061214   0.000000000
   sum over m      0.544030607  0.544030607   1.088061214   0.000000000
  s           1    0.014838459  0.014838459   0.029676918   0.000000000
   sum over m      0.014838459  0.014838459   0.029676918   0.000000000
   sum over m+mul  0.558869066  0.558869066   1.117738132   0.000000000
  px          0    0.420487104  0.420487104   0.840974208   0.000000000
  py          0    0.420559375  0.420559375   0.841118749   0.000000000
  pz          0    0.490418170  0.490418170   0.980836341   0.000000000
   sum over m      1.331464649  1.331464649   2.662929298   0.000000000
  px          1    0.029702762  0.029702762   0.059405524   0.000000000
  py          1    0.029760372  0.029760372   0.059520745   0.000000000
  pz          1   -0.009768972 -0.009768972  -0.019537944   0.000000000
   sum over m      0.049694162  0.049694162   0.099388324   0.000000000
   sum over m+mul  1.381158811  1.381158811   2.762317623   0.000000000
  d3z^2-r^2   0    0.002825646  0.002825646   0.005651293   0.000000000
  dx^2-y^2    0    0.018897775  0.018897775   0.037795550   0.000000000
  dxy         0    0.018899401  0.018899401   0.037798802   0.000000000
  dxz         0    0.009673873  0.009673873   0.019347746   0.000000000
  dyz         0    0.009675055  0.009675055   0.019350109   0.000000000
   sum over m      0.059971750  0.059971750   0.119943499   0.000000000
   sum over m+mul  0.059971750  0.059971750   0.119943499   0.000000000

   37    C          Up spin      Down spin     Sum           Diff
            multiple
  s           0    0.544029394  0.544029394   1.088058788   0.000000000
   sum over m      0.544029394  0.544029394   1.088058788   0.000000000
  s           1    0.014838261  0.014838261   0.029676521   0.000000000
   sum over m      0.014838261  0.014838261   0.029676521   0.000000000
   sum over m+mul  0.558867655  0.558867655   1.117735309   0.000000000
  px          0    0.420486758  0.420486758   0.840973515   0.000000000
  py          0    0.420559222  0.420559222   0.841118444   0.000000000
  pz          0    0.490420288  0.490420288   0.980840576   0.000000000
   sum over m      1.331466268  1.331466268   2.662932536   0.000000000
  px          1    0.029702610  0.029702610   0.059405221   0.000000000
  py          1    0.029760576  0.029760576   0.059521153   0.000000000
  pz          1   -0.009768901 -0.009768901  -0.019537802   0.000000000
   sum over m      0.049694286  0.049694286   0.099388572   0.000000000
   sum over m+mul  1.381160554  1.381160554   2.762321108   0.000000000
  d3z^2-r^2   0    0.002825646  0.002825646   0.005651292   0.000000000
  dx^2-y^2    0    0.018897749  0.018897749   0.037795499   0.000000000
  dxy         0    0.018899366  0.018899366   0.037798732   0.000000000
  dxz         0    0.009673791  0.009673791   0.019347583   0.000000000
  dyz         0    0.009674976  0.009674976   0.019349952   0.000000000
   sum over m      0.059971529  0.059971529   0.119943058   0.000000000
   sum over m+mul  0.059971529  0.059971529   0.119943058   0.000000000

   38    C          Up spin      Down spin     Sum           Diff
            multiple
  s           0    0.544029567  0.544029567   1.088059134   0.000000000
   sum over m      0.544029567  0.544029567   1.088059134   0.000000000
  s           1    0.014838278  0.014838278   0.029676557   0.000000000
   sum over m      0.014838278  0.014838278   0.029676557   0.000000000
   sum over m+mul  0.558867845  0.558867845   1.117735690   0.000000000
  px          0    0.420486934  0.420486934   0.840973869   0.000000000
  py          0    0.420559339  0.420559339   0.841118678   0.000000000
  pz          0    0.490419710  0.490419710   0.980839421   0.000000000
   sum over m      1.331465984  1.331465984   2.662931967   0.000000000
  px          1    0.029702752  0.029702752   0.059405504   0.000000000
  py          1    0.029760628  0.029760628   0.059521257   0.000000000
  pz          1   -0.009768915 -0.009768915  -0.019537829   0.000000000
   sum over m      0.049694466  0.049694466   0.099388932   0.000000000
   sum over m+mul  1.381160450  1.381160450   2.762320899   0.000000000
  d3z^2-r^2   0    0.002825647  0.002825647   0.005651294   0.000000000
  dx^2-y^2    0    0.018897751  0.018897751   0.037795502   0.000000000
  dxy         0    0.018899365  0.018899365   0.037798729   0.000000000
  dxz         0    0.009673854  0.009673854   0.019347708   0.000000000
  dyz         0    0.009674999  0.009674999   0.019349997   0.000000000
   sum over m      0.059971615  0.059971615   0.119943230   0.000000000
   sum over m+mul  0.059971615  0.059971615   0.119943230   0.000000000

   39    C          Up spin      Down spin     Sum           Diff
            multiple
  s           0    0.544029419  0.544029419   1.088058838   0.000000000
   sum over m      0.544029419  0.544029419   1.088058838   0.000000000
  s           1    0.014838276  0.014838276   0.029676553   0.000000000
   sum over m      0.014838276  0.014838276   0.029676553   0.000000000
   sum over m+mul  0.558867695  0.558867695   1.117735391   0.000000000
  px          0    0.420486825  0.420486825   0.840973650   0.000000000
  py          0    0.420559299  0.420559299   0.841118599   0.000000000
  pz          0    0.490420155  0.490420155   0.980840309   0.000000000
   sum over m      1.331466279  1.331466279   2.662932557   0.000000000
  px          1    0.029702734  0.029702734   0.059405468   0.000000000
  py          1    0.029760618  0.029760618   0.059521236   0.000000000
  pz          1   -0.009768903 -0.009768903  -0.019537807   0.000000000
   sum over m      0.049694449  0.049694449   0.099388897   0.000000000
   sum over m+mul  1.381160727  1.381160727   2.762321455   0.000000000
  d3z^2-r^2   0    0.002825647  0.002825647   0.005651294   0.000000000
  dx^2-y^2    0    0.018897745  0.018897745   0.037795490   0.000000000
  dxy         0    0.018899369  0.018899369   0.037798738   0.000000000
  dxz         0    0.009673826  0.009673826   0.019347652   0.000000000
  dyz         0    0.009674994  0.009674994   0.019349989   0.000000000
   sum over m      0.059971581  0.059971581   0.119943162   0.000000000
   sum over m+mul  0.059971581  0.059971581   0.119943162   0.000000000

   40    C          Up spin      Down spin     Sum           Diff
            multiple
  s           0    0.544029444  0.544029444   1.088058888   0.000000000
   sum over m      0.544029444  0.544029444   1.088058888   0.000000000
  s           1    0.014838280  0.014838280   0.029676559   0.000000000
   sum over m      0.014838280  0.014838280   0.029676559   0.000000000
   sum over m+mul  0.558867723  0.558867723   1.117735447   0.000000000
  px          0    0.420486876  0.420486876   0.840973753   0.000000000
  py          0    0.420559278  0.420559278   0.841118555   0.000000000
  pz          0    0.490420092  0.490420092   0.980840183   0.000000000
   sum over m      1.331466245  1.331466245   2.662932491   0.000000000
  px          1    0.029702733  0.029702733   0.059405466   0.000000000
  py          1    0.029760616  0.029760616   0.059521232   0.000000000
  pz          1   -0.009768905 -0.009768905  -0.019537810   0.000000000
   sum over m      0.049694444  0.049694444   0.099388888   0.000000000
   sum over m+mul  1.381160689  1.381160689   2.762321379   0.000000000
  d3z^2-r^2   0    0.002825647  0.002825647   0.005651294   0.000000000
  dx^2-y^2    0    0.018897747  0.018897747   0.037795493   0.000000000
  dxy         0    0.018899362  0.018899362   0.037798724   0.000000000
  dxz         0    0.009673848  0.009673848   0.019347696   0.000000000
  dyz         0    0.009674990  0.009674990   0.019349981   0.000000000
   sum over m      0.059971594  0.059971594   0.119943188   0.000000000
   sum over m+mul  0.059971594  0.059971594   0.119943188   0.000000000

   41    C          Up spin      Down spin     Sum           Diff
            multiple
  s           0    0.544029446  0.544029446   1.088058891   0.000000000
   sum over m      0.544029446  0.544029446   1.088058891   0.000000000
  s           1    0.014838278  0.014838278   0.029676557   0.000000000
   sum over m      0.014838278  0.014838278   0.029676557   0.000000000
   sum over m+mul  0.558867724  0.558867724   1.117735448   0.000000000
  px          0    0.420486863  0.420486863   0.840973725   0.000000000
  py          0    0.420559296  0.420559296   0.841118591   0.000000000
  pz          0    0.490420081  0.490420081   0.980840161   0.000000000
   sum over m      1.331466239  1.331466239   2.662932478   0.000000000
  px          1    0.029702732  0.029702732   0.059405465   0.000000000
  py          1    0.029760617  0.029760617   0.059521234   0.000000000
  pz          1   -0.009768905 -0.009768905  -0.019537811   0.000000000
   sum over m      0.049694444  0.049694444   0.099388888   0.000000000
   sum over m+mul  1.381160683  1.381160683   2.762321366   0.000000000
  d3z^2-r^2   0    0.002825647  0.002825647   0.005651294   0.000000000
  dx^2-y^2    0    0.018897744  0.018897744   0.037795489   0.000000000
  dxy         0    0.018899366  0.018899366   0.037798731   0.000000000
  dxz         0    0.009673846  0.009673846   0.019347693   0.000000000
  dyz         0    0.009674993  0.009674993   0.019349985   0.000000000
   sum over m      0.059971596  0.059971596   0.119943192   0.000000000
   sum over m+mul  0.059971596  0.059971596   0.119943192   0.000000000

   42    C          Up spin      Down spin     Sum           Diff
            multiple
  s           0    0.544029443  0.544029443   1.088058886   0.000000000
   sum over m      0.544029443  0.544029443   1.088058886   0.000000000
  s           1    0.014838280  0.014838280   0.029676560   0.000000000
   sum over m      0.014838280  0.014838280   0.029676560   0.000000000
   sum over m+mul  0.558867723  0.558867723   1.117735446   0.000000000
  px          0    0.420486870  0.420486870   0.840973740   0.000000000
  py          0    0.420559285  0.420559285   0.841118569   0.000000000
  pz          0    0.490420091  0.490420091   0.980840183   0.000000000
   sum over m      1.331466246  1.331466246   2.662932492   0.000000000
  px          1    0.029702732  0.029702732   0.059405464   0.000000000
  py          1    0.029760617  0.029760617   0.059521233   0.000000000
  pz          1   -0.009768905 -0.009768905  -0.019537810   0.000000000
   sum over m      0.049694444  0.049694444   0.099388888   0.000000000
   sum over m+mul  1.381160690  1.381160690   2.762321380   0.000000000
  d3z^2-r^2   0    0.002825647  0.002825647   0.005651294   0.000000000
  dx^2-y^2    0    0.018897744  0.018897744   0.037795489   0.000000000
  dxy         0    0.018899364  0.018899364   0.037798728   0.000000000
  dxz         0    0.009673849  0.009673849   0.019347697   0.000000000
  dyz         0    0.009674990  0.009674990   0.019349980   0.000000000
   sum over m      0.059971594  0.059971594   0.119943188   0.000000000
   sum over m+mul  0.059971594  0.059971594   0.119943188   0.000000000

   43    C          Up spin      Down spin     Sum           Diff
            multiple
  s           0    0.544029452  0.544029452   1.088058904   0.000000000
   sum over m      0.544029452  0.544029452   1.088058904   0.000000000
  s           1    0.014838278  0.014838278   0.029676556   0.000000000
   sum over m      0.014838278  0.014838278   0.029676556   0.000000000
   sum over m+mul  0.558867730  0.558867730   1.117735460   0.000000000
  px          0    0.420486860  0.420486860   0.840973719   0.000000000
  py          0    0.420559302  0.420559302   0.841118605   0.000000000
  pz          0    0.490420066  0.490420066   0.980840132   0.000000000
   sum over m      1.331466228  1.331466228   2.662932456   0.000000000
  px          1    0.029702732  0.029702732   0.059405463   0.000000000
  py          1    0.029760614  0.029760614   0.059521228   0.000000000
  pz          1   -0.009768905 -0.009768905  -0.019537810   0.000000000
   sum over m      0.049694441  0.049694441   0.099388881   0.000000000
   sum over m+mul  1.381160669  1.381160669   2.762321337   0.000000000
  d3z^2-r^2   0    0.002825647  0.002825647   0.005651294   0.000000000
  dx^2-y^2    0    0.018897744  0.018897744   0.037795488   0.000000000
  dxy         0    0.018899368  0.018899368   0.037798736   0.000000000
  dxz         0    0.009673845  0.009673845   0.019347690   0.000000000
  dyz         0    0.009674990  0.009674990   0.019349980   0.000000000
   sum over m      0.059971594  0.059971594   0.119943188   0.000000000
   sum over m+mul  0.059971594  0.059971594   0.119943188   0.000000000

   44    C          Up spin      Down spin     Sum           Diff
            multiple
  s           0    0.544029473  0.544029473   1.088058946   0.000000000
   sum over m      0.544029473  0.544029473   1.088058946   0.000000000
  s           1    0.014838280  0.014838280   0.029676560   0.000000000
   sum over m      0.014838280  0.014838280   0.029676560   0.000000000
   sum over m+mul  0.558867753  0.558867753   1.117735506   0.000000000
  px          0    0.420486901  0.420486901   0.840973802   0.000000000
  py          0    0.420559282  0.420559282   0.841118563   0.000000000
  pz          0    0.490420013  0.490420013   0.980840026   0.000000000
   sum over m      1.331466196  1.331466196   2.662932391   0.000000000
  px          1    0.029702735  0.029702735   0.059405471   0.000000000
  py          1    0.029760619  0.029760619   0.059521237   0.000000000
  pz          1   -0.009768907 -0.009768907  -0.019537813   0.000000000
   sum over m      0.049694447  0.049694447   0.099388895   0.000000000
   sum over m+mul  1.381160643  1.381160643   2.762321286   0.000000000
  d3z^2-r^2   0    0.002825647  0.002825647   0.005651294   0.000000000
  dx^2-y^2    0    0.018897748  0.018897748   0.037795496   0.000000000
  dxy         0    0.018899364  0.018899364   0.037798729   0.000000000
  dxz         0    0.009673854  0.009673854   0.019347708   0.000000000
  dyz         0    0.009674987  0.009674987   0.019349975   0.000000000
   sum over m      0.059971601  0.059971601   0.119943202   0.000000000
   sum over m+mul  0.059971601  0.059971601   0.119943202   0.000000000

   45    C          Up spin      Down spin     Sum           Diff
            multiple
  s           0    0.544029431  0.544029431   1.088058862   0.000000000
   sum over m      0.544029431  0.544029431   1.088058862   0.000000000
  s           1    0.014838275  0.014838275   0.029676549   0.000000000
   sum over m      0.014838275  0.014838275   0.029676549   0.000000000
   sum over m+mul  0.558867706  0.558867706   1.117735412   0.000000000
  px          0    0.420486802  0.420486802   0.840973604   0.000000000
  py          0    0.420559313  0.420559313   0.841118626   0.000000000
  pz          0    0.490420141  0.490420141   0.980840282   0.000000000
   sum over m      1.331466256  1.331466256   2.662932511   0.000000000
  px          1    0.029702717  0.029702717   0.059405433   0.000000000
  py          1    0.029760589  0.029760589   0.059521178   0.000000000
  pz          1   -0.009768903 -0.009768903  -0.019537806   0.000000000
   sum over m      0.049694403  0.049694403   0.099388806   0.000000000
   sum over m+mul  1.381160659  1.381160659   2.762321317   0.000000000
  d3z^2-r^2   0    0.002825647  0.002825647   0.005651294   0.000000000
  dx^2-y^2    0    0.018897739  0.018897739   0.037795479   0.000000000
  dxy         0    0.018899383  0.018899383   0.037798765   0.000000000
  dxz         0    0.009673837  0.009673837   0.019347673   0.000000000
  dyz         0    0.009674985  0.009674985   0.019349971   0.000000000
   sum over m      0.059971591  0.059971591   0.119943182   0.000000000
   sum over m+mul  0.059971591  0.059971591   0.119943182   0.000000000

   46    C          Up spin      Down spin     Sum           Diff
            multiple
  s           0    0.544029591  0.544029591   1.088059183   0.000000000
   sum over m      0.544029591  0.544029591   1.088059183   0.000000000
  s           1    0.014838355  0.014838355   0.029676711   0.000000000
   sum over m      0.014838355  0.014838355   0.029676711   0.000000000
   sum over m+mul  0.558867947  0.558867947   1.117735894   0.000000000
  px          0    0.420487065  0.420487065   0.840974130   0.000000000
  py          0    0.420559340  0.420559340   0.841118680   0.000000000
  pz          0    0.490419578  0.490419578   0.980839157   0.000000000
   sum over m      1.331465983  1.331465983   2.662931966   0.000000000
  px          1    0.029702837  0.029702837   0.059405674   0.000000000
  py          1    0.029760728  0.029760728   0.059521456   0.000000000
  pz          1   -0.009768907 -0.009768907  -0.019537815   0.000000000
   sum over m      0.049694658  0.049694658   0.099389316   0.000000000
   sum over m+mul  1.381160641  1.381160641   2.762321282   0.000000000
  d3z^2-r^2   0    0.002825650  0.002825650   0.005651301   0.000000000
  dx^2-y^2    0    0.018897769  0.018897769   0.037795537   0.000000000
  dxy         0    0.018899375  0.018899375   0.037798749   0.000000000
  dxz         0    0.009673904  0.009673904   0.019347808   0.000000000
  dyz         0    0.009674987  0.009674987   0.019349973   0.000000000
   sum over m      0.059971684  0.059971684   0.119943368   0.000000000
   sum over m+mul  0.059971684  0.059971684   0.119943368   0.000000000

   47    C          Up spin      Down spin     Sum           Diff
            multiple
  s           0    0.544028271  0.544028271   1.088056543   0.000000000
   sum over m      0.544028271  0.544028271   1.088056543   0.000000000
  s           1    0.014838399  0.014838399   0.029676797   0.000000000
   sum over m      0.014838399  0.014838399   0.029676797   0.000000000
   sum over m+mul  0.558866670  0.558866670   1.117733340   0.000000000
  px          0    0.420486565  0.420486565   0.840973129   0.000000000
  py          0    0.420558955  0.420558955   0.841117911   0.000000000
  pz          0    0.490420791  0.490420791   0.980841582   0.000000000
   sum over m      1.331466311  1.331466311   2.662932622   0.000000000
  px          1    0.029702416  0.029702416   0.059404832   0.000000000
  py          1    0.029761598  0.029761598   0.059523196   0.000000000
  pz          1   -0.009768690 -0.009768690  -0.019537380   0.000000000
   sum over m      0.049695324  0.049695324   0.099390648   0.000000000
   sum over m+mul  1.381161635  1.381161635   2.762323270   0.000000000
  d3z^2-r^2   0    0.002825630  0.002825630   0.005651259   0.000000000
  dx^2-y^2    0    0.018897761  0.018897761   0.037795521   0.000000000
  dxy         0    0.018899582  0.018899582   0.037799164   0.000000000
  dxz         0    0.009673829  0.009673829   0.019347658   0.000000000
  dyz         0    0.009674699  0.009674699   0.019349398   0.000000000
   sum over m      0.059971501  0.059971501   0.119943001   0.000000000
   sum over m+mul  0.059971501  0.059971501   0.119943001   0.000000000

   48    C          Up spin      Down spin     Sum           Diff
            multiple
  s           0    0.544028948  0.544028948   1.088057896   0.000000000
   sum over m      0.544028948  0.544028948   1.088057896   0.000000000
  s           1    0.014836439  0.014836439   0.029672879   0.000000000
   sum over m      0.014836439  0.014836439   0.029672879   0.000000000
   sum over m+mul  0.558865388  0.558865388   1.117730775   0.000000000
  px          0    0.420494508  0.420494508   0.840989016   0.000000000
  py          0    0.420562748  0.420562748   0.841125497   0.000000000
  pz          0    0.490408815  0.490408815   0.980817630   0.000000000
   sum over m      1.331466071  1.331466071   2.662932142   0.000000000
  px          1    0.029702980  0.029702980   0.059405961   0.000000000
  py          1    0.029759119  0.029759119   0.059518238   0.000000000
  pz          1   -0.009769543 -0.009769543  -0.019539087   0.000000000
   sum over m      0.049692556  0.049692556   0.099385112   0.000000000
   sum over m+mul  1.381158627  1.381158627   2.762317255   0.000000000
  d3z^2-r^2   0    0.002826326  0.002826326   0.005652653   0.000000000
  dx^2-y^2    0    0.018897154  0.018897154   0.037794309   0.000000000
  dxy         0    0.018898725  0.018898725   0.037797449   0.000000000
  dxz         0    0.009673639  0.009673639   0.019347278   0.000000000
  dyz         0    0.009675029  0.009675029   0.019350057   0.000000000
   sum over m      0.059970873  0.059970873   0.119941746   0.000000000
   sum over m+mul  0.059970873  0.059970873   0.119941746   0.000000000

   49    C          Up spin      Down spin     Sum           Diff
            multiple
  s           0    0.544027719  0.544027719   1.088055438   0.000000000
   sum over m      0.544027719  0.544027719   1.088055438   0.000000000
  s           1    0.014832365  0.014832365   0.029664730   0.000000000
   sum over m      0.014832365  0.014832365   0.029664730   0.000000000
   sum over m+mul  0.558860084  0.558860084   1.117720168   0.000000000
  px          0    0.420507964  0.420507964   0.841015928   0.000000000
  py          0    0.420580520  0.420580520   0.841161041   0.000000000
  pz          0    0.490417399  0.490417399   0.980834798   0.000000000
   sum over m      1.331505883  1.331505883   2.663011767   0.000000000
  px          1    0.029698887  0.029698887   0.059397774   0.000000000
  py          1    0.029756784  0.029756784   0.059513569   0.000000000
  pz          1   -0.009768349 -0.009768349  -0.019536698   0.000000000
   sum over m      0.049687322  0.049687322   0.099374644   0.000000000
   sum over m+mul  1.381193205  1.381193205   2.762386411   0.000000000
  d3z^2-r^2   0    0.002827479  0.002827479   0.005654959   0.000000000
  dx^2-y^2    0    0.018895120  0.018895120   0.037790240   0.000000000
  dxy         0    0.018896741  0.018896741   0.037793482   0.000000000
  dxz         0    0.009673376  0.009673376   0.019346752   0.000000000
  dyz         0    0.009674518  0.009674518   0.019349036   0.000000000
   sum over m      0.059967235  0.059967235   0.119934469   0.000000000
   sum over m+mul  0.059967235  0.059967235   0.119934469   0.000000000

   50    C          Up spin      Down spin     Sum           Diff
            multiple
  s           0    0.544028927  0.544028927   1.088057855   0.000000000
   sum over m      0.544028927  0.544028927   1.088057855   0.000000000
  s           1    0.014836300  0.014836300   0.029672601   0.000000000
   sum over m      0.014836300  0.014836300   0.029672601   0.000000000
   sum over m+mul  0.558865228  0.558865228   1.117730456   0.000000000
  px          0    0.420488179  0.420488179   0.840976357   0.000000000
  py          0    0.420568806  0.420568806   0.841137612   0.000000000
  pz          0    0.490408789  0.490408789   0.980817578   0.000000000
   sum over m      1.331465774  1.331465774   2.662931547   0.000000000
  px          1    0.029700274  0.029700274   0.059400549   0.000000000
  py          1    0.029761897  0.029761897   0.059523793   0.000000000
  pz          1   -0.009769551 -0.009769551  -0.019539102   0.000000000
   sum over m      0.049692620  0.049692620   0.099385239   0.000000000
   sum over m+mul  1.381158393  1.381158393   2.762316786   0.000000000
  d3z^2-r^2   0    0.002826323  0.002826323   0.005652647   0.000000000
  dx^2-y^2    0    0.018897076  0.018897076   0.037794152   0.000000000
  dxy         0    0.018898804  0.018898804   0.037797609   0.000000000
  dxz         0    0.009674009  0.009674009   0.019348019   0.000000000
  dyz         0    0.009674653  0.009674653   0.019349306   0.000000000
   sum over m      0.059970866  0.059970866   0.119941731   0.000000000
   sum over m+mul  0.059970866  0.059970866   0.119941731   0.000000000

   51    C          Up spin      Down spin     Sum           Diff
            multiple
  s           0    0.544028142  0.544028142   1.088056285   0.000000000
   sum over m      0.544028142  0.544028142   1.088056285   0.000000000
  s           1    0.014838407  0.014838407   0.029676815   0.000000000
   sum over m      0.014838407  0.014838407   0.029676815   0.000000000
   sum over m+mul  0.558866550  0.558866550   1.117733099   0.000000000
  px          0    0.420486337  0.420486337   0.840972674   0.000000000
  py          0    0.420559288  0.420559288   0.841118576   0.000000000
  pz          0    0.490420783  0.490420783   0.980841566   0.000000000
   sum over m      1.331466408  1.331466408   2.662932816   0.000000000
  px          1    0.029703140  0.029703140   0.059406279   0.000000000
  py          1    0.029760775  0.029760775   0.059521549   0.000000000
  pz          1   -0.009768692 -0.009768692  -0.019537383   0.000000000
   sum over m      0.049695223  0.049695223   0.099390445   0.000000000
   sum over m+mul  1.381161631  1.381161631   2.762323262   0.000000000
  d3z^2-r^2   0    0.002825629  0.002825629   0.005651259   0.000000000
  dx^2-y^2    0    0.018897879  0.018897879   0.037795758   0.000000000
  dxy         0    0.018899475  0.018899475   0.037798949   0.000000000
  dxz         0    0.009673579  0.009673579   0.019347159   0.000000000
  dyz         0    0.009674949  0.009674949   0.019349899   0.000000000
   sum over m      0.059971512  0.059971512   0.119943023   0.000000000
   sum over m+mul  0.059971512  0.059971512   0.119943023   0.000000000

   52    C          Up spin      Down spin     Sum           Diff
            multiple
  s           0    0.544029563  0.544029563   1.088059127   0.000000000
   sum over m      0.544029563  0.544029563   1.088059127   0.000000000
  s           1    0.014838357  0.014838357   0.029676713   0.000000000
   sum over m      0.014838357  0.014838357   0.029676713   0.000000000
   sum over m+mul  0.558867920  0.558867920   1.117735840   0.000000000
  px          0    0.420486885  0.420486885   0.840973770   0.000000000
  py          0    0.420559491  0.420559491   0.841118983   0.000000000
  pz          0    0.490419583  0.490419583   0.980839166   0.000000000
   sum over m      1.331465959  1.331465959   2.662931919   0.000000000
  px          1    0.029702767  0.029702767   0.059405534   0.000000000
  py          1    0.029760804  0.029760804   0.059521607   0.000000000
  pz          1   -0.009768905 -0.009768905  -0.019537810   0.000000000
   sum over m      0.049694666  0.049694666   0.099389331   0.000000000
   sum over m+mul  1.381160625  1.381160625   2.762321250   0.000000000
  d3z^2-r^2   0    0.002825651  0.002825651   0.005651302   0.000000000
  dx^2-y^2    0    0.018897734  0.018897734   0.037795469   0.000000000
  dxy         0    0.018899406  0.018899406   0.037798812   0.000000000
  dxz         0    0.009673837  0.009673837   0.019347674   0.000000000
  dyz         0    0.009675054  0.009675054   0.019350109   0.000000000
   sum over m      0.059971683  0.059971683   0.119943366   0.000000000
   sum over m+mul  0.059971683  0.059971683   0.119943366   0.000000000

   53    C          Up spin      Down spin     Sum           Diff
            multiple
  s           0    0.544029433  0.544029433   1.088058866   0.000000000
   sum over m      0.544029433  0.544029433   1.088058866   0.000000000
  s           1    0.014838275  0.014838275   0.029676550   0.000000000
   sum over m      0.014838275  0.014838275   0.029676550   0.000000000
   sum over m+mul  0.558867708  0.558867708   1.117735416   0.000000000
  px          0    0.420486840  0.420486840   0.840973680   0.000000000
  py          0    0.420559270  0.420559270   0.841118541   0.000000000
  pz          0    0.490420143  0.490420143   0.980840285   0.000000000
   sum over m      1.331466253  1.331466253   2.662932506   0.000000000
  px          1    0.029702718  0.029702718   0.059405437   0.000000000
  py          1    0.029760584  0.029760584   0.059521167   0.000000000
  pz          1   -0.009768904 -0.009768904  -0.019537807   0.000000000
   sum over m      0.049694398  0.049694398   0.099388797   0.000000000
   sum over m+mul  1.381160651  1.381160651   2.762321303   0.000000000
  d3z^2-r^2   0    0.002825647  0.002825647   0.005651294   0.000000000
  dx^2-y^2    0    0.018897751  0.018897751   0.037795502   0.000000000
  dxy         0    0.018899372  0.018899372   0.037798743   0.000000000
  dxz         0    0.009673832  0.009673832   0.019347665   0.000000000
  dyz         0    0.009674990  0.009674990   0.019349980   0.000000000
   sum over m      0.059971592  0.059971592   0.119943184   0.000000000
   sum over m+mul  0.059971592  0.059971592   0.119943184   0.000000000

   54    C          Up spin      Down spin     Sum           Diff
            multiple
  s           0    0.544029474  0.544029474   1.088058947   0.000000000
   sum over m      0.544029474  0.544029474   1.088058947   0.000000000
  s           1    0.014838280  0.014838280   0.029676560   0.000000000
   sum over m      0.014838280  0.014838280   0.029676560   0.000000000
   sum over m+mul  0.558867753  0.558867753   1.117735507   0.000000000
  px          0    0.420486877  0.420486877   0.840973754   0.000000000
  py          0    0.420559304  0.420559304   0.841118609   0.000000000
  pz          0    0.490420014  0.490420014   0.980840027   0.000000000
   sum over m      1.331466195  1.331466195   2.662932390   0.000000000
  px          1    0.029702734  0.029702734   0.059405469   0.000000000
  py          1    0.029760620  0.029760620   0.059521240   0.000000000
  pz          1   -0.009768907 -0.009768907  -0.019537813   0.000000000
   sum over m      0.049694448  0.049694448   0.099388896   0.000000000
   sum over m+mul  1.381160643  1.381160643   2.762321286   0.000000000
  d3z^2-r^2   0    0.002825647  0.002825647   0.005651294   0.000000000
  dx^2-y^2    0    0.018897744  0.018897744   0.037795489   0.000000000
  dxy         0    0.018899368  0.018899368   0.037798736   0.000000000
  dxz         0    0.009673848  0.009673848   0.019347696   0.000000000
  dyz         0    0.009674994  0.009674994   0.019349988   0.000000000
   sum over m      0.059971601  0.059971601   0.119943202   0.000000000
   sum over m+mul  0.059971601  0.059971601   0.119943202   0.000000000

   55    C          Up spin      Down spin     Sum           Diff
            multiple
  s           0    0.544029452  0.544029452   1.088058904   0.000000000
   sum over m      0.544029452  0.544029452   1.088058904   0.000000000
  s           1    0.014838278  0.014838278   0.029676556   0.000000000
   sum over m      0.014838278  0.014838278   0.029676556   0.000000000
   sum over m+mul  0.558867730  0.558867730   1.117735461   0.000000000
  px          0    0.420486873  0.420486873   0.840973746   0.000000000
  py          0    0.420559287  0.420559287   0.841118574   0.000000000
  pz          0    0.490420066  0.490420066   0.980840131   0.000000000
   sum over m      1.331466226  1.331466226   2.662932451   0.000000000
  px          1    0.029702732  0.029702732   0.059405463   0.000000000
  py          1    0.029760614  0.029760614   0.059521229   0.000000000
  pz          1   -0.009768905 -0.009768905  -0.019537810   0.000000000
   sum over m      0.049694441  0.049694441   0.099388882   0.000000000
   sum over m+mul  1.381160667  1.381160667   2.762321333   0.000000000
  d3z^2-r^2   0    0.002825647  0.002825647   0.005651294   0.000000000
  dx^2-y^2    0    0.018897746  0.018897746   0.037795492   0.000000000
  dxy         0    0.018899366  0.018899366   0.037798732   0.000000000
  dxz         0    0.009673848  0.009673848   0.019347696   0.000000000
  dyz         0    0.009674987  0.009674987   0.019349974   0.000000000
   sum over m      0.059971594  0.059971594   0.119943188   0.000000000
   sum over m+mul  0.059971594  0.059971594   0.119943188   0.000000000

   56    C          Up spin      Down spin     Sum           Diff
            multiple
  s           0    0.544029477  0.544029477   1.088058953   0.000000000
   sum over m      0.544029477  0.544029477   1.088058953   0.000000000
  s           1    0.014838278  0.014838278   0.029676556   0.000000000
   sum over m      0.014838278  0.014838278   0.029676556   0.000000000
   sum over m+mul  0.558867755  0.558867755   1.117735510   0.000000000
  px          0    0.420486884  0.420486884   0.840973768   0.000000000
  py          0    0.420559296  0.420559296   0.841118592   0.000000000
  pz          0    0.490419996  0.490419996   0.980839992   0.000000000
   sum over m      1.331466176  1.331466176   2.662932352   0.000000000
  px          1    0.029702736  0.029702736   0.059405472   0.000000000
  py          1    0.029760621  0.029760621   0.059521241   0.000000000
  pz          1   -0.009768909 -0.009768909  -0.019537817   0.000000000
   sum over m      0.049694448  0.049694448   0.099388895   0.000000000
   sum over m+mul  1.381160624  1.381160624   2.762321248   0.000000000
  d3z^2-r^2   0    0.002825647  0.002825647   0.005651294   0.000000000
  dx^2-y^2    0    0.018897747  0.018897747   0.037795494   0.000000000
  dxy         0    0.018899365  0.018899365   0.037798731   0.000000000
  dxz         0    0.009673848  0.009673848   0.019347696   0.000000000
  dyz         0    0.009674989  0.009674989   0.019349979   0.000000000
   sum over m      0.059971597  0.059971597   0.119943193   0.000000000
   sum over m+mul  0.059971597  0.059971597   0.119943193   0.000000000

   57    C          Up spin      Down spin     Sum           Diff
            multiple
  s           0    0.544029448  0.544029448   1.088058897   0.000000000
   sum over m      0.544029448  0.544029448   1.088058897   0.000000000
  s           1    0.014838278  0.014838278   0.029676557   0.000000000
   sum over m      0.014838278  0.014838278   0.029676557   0.000000000
   sum over m+mul  0.558867727  0.558867727   1.117735453   0.000000000
  px          0    0.420486860  0.420486860   0.840973719   0.000000000
  py          0    0.420559291  0.420559291   0.841118583   0.000000000
  pz          0    0.490420075  0.490420075   0.980840149   0.000000000
   sum over m      1.331466226  1.331466226   2.662932451   0.000000000
  px          1    0.029702732  0.029702732   0.059405464   0.000000000
  py          1    0.029760618  0.029760618   0.059521236   0.000000000
  pz          1   -0.009768905 -0.009768905  -0.019537810   0.000000000
   sum over m      0.049694445  0.049694445   0.099388889   0.000000000
   sum over m+mul  1.381160670  1.381160670   2.762321341   0.000000000
  d3z^2-r^2   0    0.002825647  0.002825647   0.005651294   0.000000000
  dx^2-y^2    0    0.018897745  0.018897745   0.037795490   0.000000000
  dxy         0    0.018899367  0.018899367   0.037798733   0.000000000
  dxz         0    0.009673844  0.009673844   0.019347687   0.000000000
  dyz         0    0.009674989  0.009674989   0.019349979   0.000000000
   sum over m      0.059971591  0.059971591   0.119943183   0.000000000
   sum over m+mul  0.059971591  0.059971591   0.119943183   0.000000000

   58    C          Up spin      Down spin     Sum           Diff
            multiple
  s           0    0.544029466  0.544029466   1.088058932   0.000000000
   sum over m      0.544029466  0.544029466   1.088058932   0.000000000
  s           1    0.014838278  0.014838278   0.029676557   0.000000000
   sum over m      0.014838278  0.014838278   0.029676557   0.000000000
   sum over m+mul  0.558867744  0.558867744   1.117735488   0.000000000
  px          0    0.420486891  0.420486891   0.840973781   0.000000000
  py          0    0.420559291  0.420559291   0.841118581   0.000000000
  pz          0    0.490420023  0.490420023   0.980840047   0.000000000
   sum over m      1.331466204  1.331466204   2.662932409   0.000000000
  px          1    0.029702734  0.029702734   0.059405467   0.000000000
  py          1    0.029760618  0.029760618   0.059521235   0.000000000
  pz          1   -0.009768906 -0.009768906  -0.019537812   0.000000000
   sum over m      0.049694446  0.049694446   0.099388891   0.000000000
   sum over m+mul  1.381160650  1.381160650   2.762321300   0.000000000
  d3z^2-r^2   0    0.002825647  0.002825647   0.005651294   0.000000000
  dx^2-y^2    0    0.018897746  0.018897746   0.037795492   0.000000000
  dxy         0    0.018899364  0.018899364   0.037798727   0.000000000
  dxz         0    0.009673856  0.009673856   0.019347711   0.000000000
  dyz         0    0.009674989  0.009674989   0.019349979   0.000000000
   sum over m      0.059971602  0.059971602   0.119943203   0.000000000
   sum over m+mul  0.059971602  0.059971602   0.119943203   0.000000000

   59    C          Up spin      Down spin     Sum           Diff
            multiple
  s           0    0.544029414  0.544029414   1.088058828   0.000000000
   sum over m      0.544029414  0.544029414   1.088058828   0.000000000
  s           1    0.014838278  0.014838278   0.029676555   0.000000000
   sum over m      0.014838278  0.014838278   0.029676555   0.000000000
   sum over m+mul  0.558867692  0.558867692   1.117735384   0.000000000
  px          0    0.420486847  0.420486847   0.840973695   0.000000000
  py          0    0.420559268  0.420559268   0.841118536   0.000000000
  pz          0    0.490420179  0.490420179   0.980840358   0.000000000
   sum over m      1.331466294  1.331466294   2.662932589   0.000000000
  px          1    0.029702730  0.029702730   0.059405460   0.000000000
  py          1    0.029760613  0.029760613   0.059521226   0.000000000
  pz          1   -0.009768904 -0.009768904  -0.019537809   0.000000000
   sum over m      0.049694439  0.049694439   0.099388877   0.000000000
   sum over m+mul  1.381160733  1.381160733   2.762321466   0.000000000
  d3z^2-r^2   0    0.002825647  0.002825647   0.005651294   0.000000000
  dx^2-y^2    0    0.018897744  0.018897744   0.037795488   0.000000000
  dxy         0    0.018899367  0.018899367   0.037798733   0.000000000
  dxz         0    0.009673845  0.009673845   0.019347690   0.000000000
  dyz         0    0.009674980  0.009674980   0.019349959   0.000000000
   sum over m      0.059971583  0.059971583   0.119943165   0.000000000
   sum over m+mul  0.059971583  0.059971583   0.119943165   0.000000000

   60    C          Up spin      Down spin     Sum           Diff
            multiple
  s           0    0.544029521  0.544029521   1.088059042   0.000000000
   sum over m      0.544029521  0.544029521   1.088059042   0.000000000
  s           1    0.014838271  0.014838271   0.029676542   0.000000000
   sum over m      0.014838271  0.014838271   0.029676542   0.000000000
   sum over m+mul  0.558867792  0.558867792   1.117735583   0.000000000
  px          0    0.420486919  0.420486919   0.840973837   0.000000000
  py          0    0.420559311  0.420559311   0.841118622   0.000000000
  pz          0    0.490419805  0.490419805   0.980839609   0.000000000
   sum over m      1.331466034  1.331466034   2.662932069   0.000000000
  px          1    0.029702730  0.029702730   0.059405460   0.000000000
  py          1    0.029760620  0.029760620   0.059521239   0.000000000
  pz          1   -0.009768913 -0.009768913  -0.019537825   0.000000000
   sum over m      0.049694437  0.049694437   0.099388874   0.000000000
   sum over m+mul  1.381160471  1.381160471   2.762320943   0.000000000
  d3z^2-r^2   0    0.002825647  0.002825647   0.005651294   0.000000000
  dx^2-y^2    0    0.018897748  0.018897748   0.037795497   0.000000000
  dxy         0    0.018899363  0.018899363   0.037798726   0.000000000
  dxz         0    0.009673870  0.009673870   0.019347740   0.000000000
  dyz         0    0.009674996  0.009674996   0.019349991   0.000000000
   sum over m      0.059971624  0.059971624   0.119943248   0.000000000
   sum over m+mul  0.059971624  0.059971624   0.119943248   0.000000000

   61    C          Up spin      Down spin     Sum           Diff
            multiple
  s           0    0.544029295  0.544029295   1.088058590   0.000000000
   sum over m      0.544029295  0.544029295   1.088058590   0.000000000
  s           1    0.014838253  0.014838253   0.029676506   0.000000000
   sum over m      0.014838253  0.014838253   0.029676506   0.000000000
   sum over m+mul  0.558867548  0.558867548   1.117735096   0.000000000
  px          0    0.420486672  0.420486672   0.840973345   0.000000000
  py          0    0.420559183  0.420559183   0.841118366   0.000000000
  pz          0    0.490420523  0.490420523   0.980841046   0.000000000
   sum over m      1.331466378  1.331466378   2.662932757   0.000000000
  px          1    0.029702606  0.029702606   0.059405211   0.000000000
  py          1    0.029760558  0.029760558   0.059521116   0.000000000
  pz          1   -0.009768899 -0.009768899  -0.019537797   0.000000000
   sum over m      0.049694265  0.049694265   0.099388530   0.000000000
   sum over m+mul  1.381160644  1.381160644   2.762321287   0.000000000
  d3z^2-r^2   0    0.002825645  0.002825645   0.005651290   0.000000000
  dx^2-y^2    0    0.018897743  0.018897743   0.037795486   0.000000000
  dxy         0    0.018899360  0.018899360   0.037798719   0.000000000
  dxz         0    0.009673830  0.009673830   0.019347659   0.000000000
  dyz         0    0.009674981  0.009674981   0.019349962   0.000000000
   sum over m      0.059971558  0.059971558   0.119943116   0.000000000
   sum over m+mul  0.059971558  0.059971558   0.119943116   0.000000000

   62    C          Up spin      Down spin     Sum           Diff
            multiple
  s           0    0.544029590  0.544029590   1.088059180   0.000000000
   sum over m      0.544029590  0.544029590   1.088059180   0.000000000
  s           1    0.014838356  0.014838356   0.029676711   0.000000000
   sum over m      0.014838356  0.014838356   0.029676711   0.000000000
   sum over m+mul  0.558867945  0.558867945   1.117735891   0.000000000
  px          0    0.420487022  0.420487022   0.840974043   0.000000000
  py          0    0.420559384  0.420559384   0.841118768   0.000000000
  pz          0    0.490419579  0.490419579   0.980839157   0.000000000
   sum over m      1.331465984  1.331465984   2.662931969   0.000000000
  px          1    0.029702920  0.029702920   0.059405840   0.000000000
  py          1    0.029760645  0.029760645   0.059521290   0.000000000
  pz          1   -0.009768907 -0.009768907  -0.019537814   0.000000000
   sum over m      0.049694658  0.049694658   0.099389316   0.000000000
   sum over m+mul  1.381160642  1.381160642   2.762321284   0.000000000
  d3z^2-r^2   0    0.002825650  0.002825650   0.005651301   0.000000000
  dx^2-y^2    0    0.018897783  0.018897783   0.037795566   0.000000000
  dxy         0    0.018899360  0.018899360   0.037798721   0.000000000
  dxz         0    0.009673881  0.009673881   0.019347761   0.000000000
  dyz         0    0.009675010  0.009675010   0.019350019   0.000000000
   sum over m      0.059971684  0.059971684   0.119943368   0.000000000
   sum over m+mul  0.059971684  0.059971684   0.119943368   0.000000000

   63    C          Up spin      Down spin     Sum           Diff
            multiple
  s           0    0.544028269  0.544028269   1.088056537   0.000000000
   sum over m      0.544028269  0.544028269   1.088056537   0.000000000
  s           1    0.014838399  0.014838399   0.029676798   0.000000000
   sum over m      0.014838399  0.014838399   0.029676798   0.000000000
   sum over m+mul  0.558866668  0.558866668   1.117733335   0.000000000
  px          0    0.420486807  0.420486807   0.840973614   0.000000000
  py          0    0.420558708  0.420558708   0.841117416   0.000000000
  pz          0    0.490420791  0.490420791   0.980841582   0.000000000
   sum over m      1.331466306  1.331466306   2.662932612   0.000000000
  px          1    0.029703583  0.029703583   0.059407166   0.000000000
  py          1    0.029760434  0.029760434   0.059520868   0.000000000
  pz          1   -0.009768690 -0.009768690  -0.019537380   0.000000000
   sum over m      0.049695327  0.049695327   0.099390654   0.000000000
   sum over m+mul  1.381161633  1.381161633   2.762323267   0.000000000
  d3z^2-r^2   0    0.002825630  0.002825630   0.005651259   0.000000000
  dx^2-y^2    0    0.018897955  0.018897955   0.037795910   0.000000000
  dxy         0    0.018899387  0.018899387   0.037798775   0.000000000
  dxz         0    0.009673669  0.009673669   0.019347338   0.000000000
  dyz         0    0.009674859  0.009674859   0.019349718   0.000000000
   sum over m      0.059971500  0.059971500   0.119943000   0.000000000
   sum over m+mul  0.059971500  0.059971500   0.119943000   0.000000000

   64    C          Up spin      Down spin     Sum           Diff
            multiple
  s           0    0.544030690  0.544030690   1.088061379   0.000000000
   sum over m      0.544030690  0.544030690   1.088061379   0.000000000
  s           1    0.014838421  0.014838421   0.029676842   0.000000000
   sum over m      0.014838421  0.014838421   0.029676842   0.000000000
   sum over m+mul  0.558869111  0.558869111   1.117738222   0.000000000
  px          0    0.420487062  0.420487062   0.840974123   0.000000000
  py          0    0.420559355  0.420559355   0.841118711   0.000000000
  pz          0    0.490418160  0.490418160   0.980836321   0.000000000
   sum over m      1.331464578  1.331464578   2.662929155   0.000000000
  px          1    0.029702703  0.029702703   0.059405406   0.000000000
  py          1    0.029760375  0.029760375   0.059520749   0.000000000
  pz          1   -0.009768971 -0.009768971  -0.019537943   0.000000000
   sum over m      0.049694106  0.049694106   0.099388213   0.000000000
   sum over m+mul  1.381158684  1.381158684   2.762317368   0.000000000
  d3z^2-r^2   0    0.002825646  0.002825646   0.005651292   0.000000000
  dx^2-y^2    0    0.018897772  0.018897772   0.037795544   0.000000000
  dxy         0    0.018899396  0.018899396   0.037798793   0.000000000
  dxz         0    0.009673873  0.009673873   0.019347746   0.000000000
  dyz         0    0.009675055  0.009675055   0.019350110   0.000000000
   sum over m      0.059971742  0.059971742   0.119943484   0.000000000
   sum over m+mul  0.059971742  0.059971742   0.119943484   0.000000000

   65    C          Up spin      Down spin     Sum           Diff
            multiple
  s           0    0.544028182  0.544028182   1.088056364   0.000000000
   sum over m      0.544028182  0.544028182   1.088056364   0.000000000
  s           1    0.014838396  0.014838396   0.029676792   0.000000000
   sum over m      0.014838396  0.014838396   0.029676792   0.000000000
   sum over m+mul  0.558866578  0.558866578   1.117733156   0.000000000
  px          0    0.420486409  0.420486409   0.840972818   0.000000000
  py          0    0.420559223  0.420559223   0.841118445   0.000000000
  pz          0    0.490420803  0.490420803   0.980841606   0.000000000
   sum over m      1.331466435  1.331466435   2.662932869   0.000000000
  px          1    0.029703152  0.029703152   0.059406303   0.000000000
  py          1    0.029760834  0.029760834   0.059521667   0.000000000
  pz          1   -0.009768687 -0.009768687  -0.019537375   0.000000000
   sum over m      0.049695298  0.049695298   0.099390596   0.000000000
   sum over m+mul  1.381161733  1.381161733   2.762323465   0.000000000
  d3z^2-r^2   0    0.002825630  0.002825630   0.005651259   0.000000000
  dx^2-y^2    0    0.018897856  0.018897856   0.037795712   0.000000000
  dxy         0    0.018899470  0.018899470   0.037798941   0.000000000
  dxz         0    0.009673579  0.009673579   0.019347158   0.000000000
  dyz         0    0.009674949  0.009674949   0.019349897   0.000000000
   sum over m      0.059971484  0.059971484   0.119942968   0.000000000
   sum over m+mul  0.059971484  0.059971484   0.119942968   0.000000000

   66    C          Up spin      Down spin     Sum           Diff
            multiple
  s           0    0.544029583  0.544029583   1.088059167   0.000000000
   sum over m      0.544029583  0.544029583   1.088059167   0.000000000
  s           1    0.014838356  0.014838356   0.029676711   0.000000000
   sum over m      0.014838356  0.014838356   0.029676711   0.000000000
   sum over m+mul  0.558867939  0.558867939   1.117735878   0.000000000
  px          0    0.420486884  0.420486884   0.840973769   0.000000000
  py          0    0.420559506  0.420559506   0.841119012   0.000000000
  pz          0    0.490419581  0.490419581   0.980839162   0.000000000
   sum over m      1.331465971  1.331465971   2.662931943   0.000000000
  px          1    0.029702757  0.029702757   0.059405515   0.000000000
  py          1    0.029760804  0.029760804   0.059521607   0.000000000
  pz          1   -0.009768907 -0.009768907  -0.019537815   0.000000000
   sum over m      0.049694654  0.049694654   0.099389307   0.000000000
   sum over m+mul  1.381160625  1.381160625   2.762321250   0.000000000
  d3z^2-r^2   0    0.002825651  0.002825651   0.005651302   0.000000000
  dx^2-y^2    0    0.018897734  0.018897734   0.037795468   0.000000000
  dxy         0    0.018899403  0.018899403   0.037798807   0.000000000
  dxz         0    0.009673837  0.009673837   0.019347674   0.000000000
  dyz         0    0.009675054  0.009675054   0.019350108   0.000000000
   sum over m      0.059971679  0.059971679   0.119943358   0.000000000
   sum over m+mul  0.059971679  0.059971679   0.119943358   0.000000000

   67    C          Up spin      Down spin     Sum           Diff
            multiple
  s           0    0.544029296  0.544029296   1.088058593   0.000000000
   sum over m      0.544029296  0.544029296   1.088058593   0.000000000
  s           1    0.014838251  0.014838251   0.029676503   0.000000000
   sum over m      0.014838251  0.014838251   0.029676503   0.000000000
   sum over m+mul  0.558867548  0.558867548   1.117735096   0.000000000
  px          0    0.420486808  0.420486808   0.840973616   0.000000000
  py          0    0.420559038  0.420559038   0.841118077   0.000000000
  pz          0    0.490420525  0.490420525   0.980841051   0.000000000
   sum over m      1.331466372  1.331466372   2.662932743   0.000000000
  px          1    0.029702708  0.029702708   0.059405416   0.000000000
  py          1    0.029760446  0.029760446   0.059520892   0.000000000
  pz          1   -0.009768899 -0.009768899  -0.019537797   0.000000000
   sum over m      0.049694255  0.049694255   0.099388511   0.000000000
   sum over m+mul  1.381160627  1.381160627   2.762321254   0.000000000
  d3z^2-r^2   0    0.002825645  0.002825645   0.005651290   0.000000000
  dx^2-y^2    0    0.018897738  0.018897738   0.037795475   0.000000000
  dxy         0    0.018899364  0.018899364   0.037798728   0.000000000
  dxz         0    0.009673843  0.009673843   0.019347685   0.000000000
  dyz         0    0.009674968  0.009674968   0.019349937   0.000000000
   sum over m      0.059971558  0.059971558   0.119943115   0.000000000
   sum over m+mul  0.059971558  0.059971558   0.119943115   0.000000000

   68    C          Up spin      Down spin     Sum           Diff
            multiple
  s           0    0.544029523  0.544029523   1.088059045   0.000000000
   sum over m      0.544029523  0.544029523   1.088059045   0.000000000
  s           1    0.014838271  0.014838271   0.029676542   0.000000000
   sum over m      0.014838271  0.014838271   0.029676542   0.000000000
   sum over m+mul  0.558867793  0.558867793   1.117735587   0.000000000
  px          0    0.420486879  0.420486879   0.840973758   0.000000000
  py          0    0.420559350  0.420559350   0.841118700   0.000000000
  pz          0    0.490419805  0.490419805   0.980839610   0.000000000
   sum over m      1.331466034  1.331466034   2.662932068   0.000000000
  px          1    0.029702738  0.029702738   0.059405477   0.000000000
  py          1    0.029760611  0.029760611   0.059521223   0.000000000
  pz          1   -0.009768913 -0.009768913  -0.019537825   0.000000000
   sum over m      0.049694437  0.049694437   0.099388874   0.000000000
   sum over m+mul  1.381160471  1.381160471   2.762320943   0.000000000
  d3z^2-r^2   0    0.002825647  0.002825647   0.005651294   0.000000000
  dx^2-y^2    0    0.018897741  0.018897741   0.037795481   0.000000000
  dxy         0    0.018899370  0.018899370   0.037798741   0.000000000
  dxz         0    0.009673844  0.009673844   0.019347689   0.000000000
  dyz         0    0.009675021  0.009675021   0.019350042   0.000000000
   sum over m      0.059971624  0.059971624   0.119943247   0.000000000
   sum over m+mul  0.059971624  0.059971624   0.119943247   0.000000000

   69    C          Up spin      Down spin     Sum           Diff
            multiple
  s           0    0.544029413  0.544029413   1.088058826   0.000000000
   sum over m      0.544029413  0.544029413   1.088058826   0.000000000
  s           1    0.014838277  0.014838277   0.029676555   0.000000000
   sum over m      0.014838277  0.014838277   0.029676555   0.000000000
   sum over m+mul  0.558867691  0.558867691   1.117735381   0.000000000
  px          0    0.420486846  0.420486846   0.840973692   0.000000000
  py          0    0.420559269  0.420559269   0.841118537   0.000000000
  pz          0    0.490420179  0.490420179   0.980840358   0.000000000
   sum over m      1.331466294  1.331466294   2.662932587   0.000000000
  px          1    0.029702728  0.029702728   0.059405457   0.000000000
  py          1    0.029760614  0.029760614   0.059521228   0.000000000
  pz          1   -0.009768904 -0.009768904  -0.019537809   0.000000000
   sum over m      0.049694438  0.049694438   0.099388877   0.000000000
   sum over m+mul  1.381160732  1.381160732   2.762321464   0.000000000
  d3z^2-r^2   0    0.002825647  0.002825647   0.005651294   0.000000000
  dx^2-y^2    0    0.018897745  0.018897745   0.037795491   0.000000000
  dxy         0    0.018899365  0.018899365   0.037798731   0.000000000
  dxz         0    0.009673838  0.009673838   0.019347676   0.000000000
  dyz         0    0.009674987  0.009674987   0.019349973   0.000000000
   sum over m      0.059971583  0.059971583   0.119943165   0.000000000
   sum over m+mul  0.059971583  0.059971583   0.119943165   0.000000000

   70    C          Up spin      Down spin     Sum           Diff
            multiple
  s           0    0.544029466  0.544029466   1.088058932   0.000000000
   sum over m      0.544029466  0.544029466   1.088058932   0.000000000
  s           1    0.014838279  0.014838279   0.029676557   0.000000000
   sum over m      0.014838279  0.014838279   0.029676557   0.000000000
   sum over m+mul  0.558867745  0.558867745   1.117735489   0.000000000
  px          0    0.420486874  0.420486874   0.840973748   0.000000000
  py          0    0.420559307  0.420559307   0.841118614   0.000000000
  pz          0    0.490420023  0.490420023   0.980840046   0.000000000
   sum over m      1.331466204  1.331466204   2.662932408   0.000000000
  px          1    0.029702734  0.029702734   0.059405467   0.000000000
  py          1    0.029760618  0.029760618   0.059521236   0.000000000
  pz          1   -0.009768906 -0.009768906  -0.019537811   0.000000000
   sum over m      0.049694446  0.049694446   0.099388892   0.000000000
   sum over m+mul  1.381160650  1.381160650   2.762321300   0.000000000
  d3z^2-r^2   0    0.002825647  0.002825647   0.005651294   0.000000000
  dx^2-y^2    0    0.018897744  0.018897744   0.037795488   0.000000000
  dxy         0    0.018899365  0.018899365   0.037798731   0.000000000
  dxz         0    0.009673847  0.009673847   0.019347694   0.000000000
  dyz         0    0.009674998  0.009674998   0.019349996   0.000000000
   sum over m      0.059971602  0.059971602   0.119943203   0.000000000
   sum over m+mul  0.059971602  0.059971602   0.119943203   0.000000000

   71    C          Up spin      Down spin     Sum           Diff
            multiple
  s           0    0.544029425  0.544029425   1.088058850   0.000000000
   sum over m      0.544029425  0.544029425   1.088058850   0.000000000
  s           1    0.014838279  0.014838279   0.029676558   0.000000000
   sum over m      0.014838279  0.014838279   0.029676558   0.000000000
   sum over m+mul  0.558867704  0.558867704   1.117735407   0.000000000
  px          0    0.420486858  0.420486858   0.840973715   0.000000000
  py          0    0.420559273  0.420559273   0.841118545   0.000000000
  pz          0    0.490420152  0.490420152   0.980840305   0.000000000
   sum over m      1.331466283  1.331466283   2.662932566   0.000000000
  px          1    0.029702731  0.029702731   0.059405461   0.000000000
  py          1    0.029760615  0.029760615   0.059521229   0.000000000
  pz          1   -0.009768904 -0.009768904  -0.019537809   0.000000000
   sum over m      0.049694441  0.049694441   0.099388882   0.000000000
   sum over m+mul  1.381160724  1.381160724   2.762321447   0.000000000
  d3z^2-r^2   0    0.002825647  0.002825647   0.005651294   0.000000000
  dx^2-y^2    0    0.018897745  0.018897745   0.037795490   0.000000000
  dxy         0    0.018899365  0.018899365   0.037798730   0.000000000
  dxz         0    0.009673846  0.009673846   0.019347692   0.000000000
  dyz         0    0.009674984  0.009674984   0.019349969   0.000000000
   sum over m      0.059971587  0.059971587   0.119943175   0.000000000
   sum over m+mul  0.059971587  0.059971587   0.119943175   0.000000000

   72    C          Up spin      Down spin     Sum           Diff
            multiple
  s           0    0.544029485  0.544029485   1.088058970   0.000000000
   sum over m      0.544029485  0.544029485   1.088058970   0.000000000
  s           1    0.014838278  0.014838278   0.029676557   0.000000000
   sum over m      0.014838278  0.014838278   0.029676557   0.000000000
   sum over m+mul  0.558867763  0.558867763   1.117735526   0.000000000
  px          0    0.420486891  0.420486891   0.840973782   0.000000000
  py          0    0.420559310  0.420559310   0.841118619   0.000000000
  pz          0    0.490419957  0.490419957   0.980839913   0.000000000
   sum over m      1.331466157  1.331466157   2.662932314   0.000000000
  px          1    0.029702736  0.029702736   0.059405471   0.000000000
  py          1    0.029760620  0.029760620   0.059521240   0.000000000
  pz          1   -0.009768908 -0.009768908  -0.019537816   0.000000000
   sum over m      0.049694447  0.049694447   0.099388895   0.000000000
   sum over m+mul  1.381160605  1.381160605   2.762321209   0.000000000
  d3z^2-r^2   0    0.002825647  0.002825647   0.005651294   0.000000000
  dx^2-y^2    0    0.018897746  0.018897746   0.037795491   0.000000000
  dxy         0    0.018899365  0.018899365   0.037798730   0.000000000
  dxz         0    0.009673854  0.009673854   0.019347707   0.000000000
  dyz         0    0.009674996  0.009674996   0.019349993   0.000000000
   sum over m      0.059971608  0.059971608   0.119943215   0.000000000
   sum over m+mul  0.059971608  0.059971608   0.119943215   0.000000000

   73    C          Up spin      Down spin     Sum           Diff
            multiple
  s           0    0.544029425  0.544029425   1.088058849   0.000000000
   sum over m      0.544029425  0.544029425   1.088058849   0.000000000
  s           1    0.014838279  0.014838279   0.029676558   0.000000000
   sum over m      0.014838279  0.014838279   0.029676558   0.000000000
   sum over m+mul  0.558867703  0.558867703   1.117735407   0.000000000
  px          0    0.420486854  0.420486854   0.840973708   0.000000000
  py          0    0.420559277  0.420559277   0.841118554   0.000000000
  pz          0    0.490420153  0.490420153   0.980840306   0.000000000
   sum over m      1.331466284  1.331466284   2.662932567   0.000000000
  px          1    0.029702731  0.029702731   0.059405461   0.000000000
  py          1    0.029760615  0.029760615   0.059521230   0.000000000
  pz          1   -0.009768904 -0.009768904  -0.019537809   0.000000000
   sum over m      0.049694441  0.049694441   0.099388883   0.000000000
   sum over m+mul  1.381160725  1.381160725   2.762321450   0.000000000
  d3z^2-r^2   0    0.002825647  0.002825647   0.005651294   0.000000000
  dx^2-y^2    0    0.018897745  0.018897745   0.037795491   0.000000000
  dxy         0    0.018899365  0.018899365   0.037798729   0.000000000
  dxz         0    0.009673843  0.009673843   0.019347685   0.000000000
  dyz         0    0.009674988  0.009674988   0.019349975   0.000000000
   sum over m      0.059971587  0.059971587   0.119943175   0.000000000
   sum over m+mul  0.059971587  0.059971587   0.119943175   0.000000000

   74    C          Up spin      Down spin     Sum           Diff
            multiple
  s           0    0.544029464  0.544029464   1.088058929   0.000000000
   sum over m      0.544029464  0.544029464   1.088058929   0.000000000
  s           1    0.014838279  0.014838279   0.029676557   0.000000000
   sum over m      0.014838279  0.014838279   0.029676557   0.000000000
   sum over m+mul  0.558867743  0.558867743   1.117735486   0.000000000
  px          0    0.420486878  0.420486878   0.840973756   0.000000000
  py          0    0.420559304  0.420559304   0.841118609   0.000000000
  pz          0    0.490420023  0.490420023   0.980840046   0.000000000
   sum over m      1.331466206  1.331466206   2.662932411   0.000000000
  px          1    0.029702733  0.029702733   0.059405467   0.000000000
  py          1    0.029760618  0.029760618   0.059521236   0.000000000
  pz          1   -0.009768906 -0.009768906  -0.019537812   0.000000000
   sum over m      0.049694445  0.049694445   0.099388890   0.000000000
   sum over m+mul  1.381160651  1.381160651   2.762321301   0.000000000
  d3z^2-r^2   0    0.002825647  0.002825647   0.005651294   0.000000000
  dx^2-y^2    0    0.018897745  0.018897745   0.037795490   0.000000000
  dxy         0    0.018899365  0.018899365   0.037798730   0.000000000
  dxz         0    0.009673851  0.009673851   0.019347701   0.000000000
  dyz         0    0.009674994  0.009674994   0.019349989   0.000000000
   sum over m      0.059971602  0.059971602   0.119943203   0.000000000
   sum over m+mul  0.059971602  0.059971602   0.119943203   0.000000000

   75    C          Up spin      Down spin     Sum           Diff
            multiple
  s           0    0.544029412  0.544029412   1.088058824   0.000000000
   sum over m      0.544029412  0.544029412   1.088058824   0.000000000
  s           1    0.014838278  0.014838278   0.029676556   0.000000000
   sum over m      0.014838278  0.014838278   0.029676556   0.000000000
   sum over m+mul  0.558867690  0.558867690   1.117735380   0.000000000
  px          0    0.420486850  0.420486850   0.840973700   0.000000000
  py          0    0.420559264  0.420559264   0.841118529   0.000000000
  pz          0    0.490420180  0.490420180   0.980840359   0.000000000
   sum over m      1.331466294  1.331466294   2.662932588   0.000000000
  px          1    0.029702729  0.029702729   0.059405459   0.000000000
  py          1    0.029760614  0.029760614   0.059521228   0.000000000
  pz          1   -0.009768904 -0.009768904  -0.019537809   0.000000000
   sum over m      0.049694439  0.049694439   0.099388878   0.000000000
   sum over m+mul  1.381160733  1.381160733   2.762321466   0.000000000
  d3z^2-r^2   0    0.002825647  0.002825647   0.005651294   0.000000000
  dx^2-y^2    0    0.018897747  0.018897747   0.037795494   0.000000000
  dxy         0    0.018899364  0.018899364   0.037798727   0.000000000
  dxz         0    0.009673840  0.009673840   0.019347680   0.000000000
  dyz         0    0.009674985  0.009674985   0.019349970   0.000000000
   sum over m      0.059971583  0.059971583   0.119943165   0.000000000
   sum over m+mul  0.059971583  0.059971583   0.119943165   0.000000000

   76    C          Up spin      Down spin     Sum           Diff
            multiple
  s           0    0.544029471  0.544029471   1.088058942   0.000000000
   sum over m      0.544029471  0.544029471   1.088058942   0.000000000
  s           1    0.014838280  0.014838280   0.029676560   0.000000000
   sum over m      0.014838280  0.014838280   0.029676560   0.000000000
   sum over m+mul  0.558867751  0.558867751   1.117735503   0.000000000
  px          0    0.420486868  0.420486868   0.840973735   0.000000000
  py          0    0.420559316  0.420559316   0.841118632   0.000000000
  pz          0    0.490420012  0.490420012   0.980840025   0.000000000
   sum over m      1.331466196  1.331466196   2.662932392   0.000000000
  px          1    0.029702736  0.029702736   0.059405472   0.000000000
  py          1    0.029760619  0.029760619   0.059521237   0.000000000
  pz          1   -0.009768907 -0.009768907  -0.019537813   0.000000000
   sum over m      0.049694448  0.049694448   0.099388896   0.000000000
   sum over m+mul  1.381160644  1.381160644   2.762321288   0.000000000
  d3z^2-r^2   0    0.002825647  0.002825647   0.005651294   0.000000000
  dx^2-y^2    0    0.018897747  0.018897747   0.037795493   0.000000000
  dxy         0    0.018899366  0.018899366   0.037798731   0.000000000
  dxz         0    0.009673846  0.009673846   0.019347693   0.000000000
  dyz         0    0.009674995  0.009674995   0.019349991   0.000000000
   sum over m      0.059971601  0.059971601   0.119943202   0.000000000
   sum over m+mul  0.059971601  0.059971601   0.119943202   0.000000000

   77    C          Up spin      Down spin     Sum           Diff
            multiple
  s           0    0.544029429  0.544029429   1.088058858   0.000000000
   sum over m      0.544029429  0.544029429   1.088058858   0.000000000
  s           1    0.014838275  0.014838275   0.029676550   0.000000000
   sum over m      0.014838275  0.014838275   0.029676550   0.000000000
   sum over m+mul  0.558867704  0.558867704   1.117735408   0.000000000
  px          0    0.420486901  0.420486901   0.840973802   0.000000000
  py          0    0.420559216  0.420559216   0.841118432   0.000000000
  pz          0    0.490420141  0.490420141   0.980840282   0.000000000
   sum over m      1.331466258  1.331466258   2.662932516   0.000000000
  px          1    0.029702696  0.029702696   0.059405392   0.000000000
  py          1    0.029760611  0.029760611   0.059521222   0.000000000
  pz          1   -0.009768903 -0.009768903  -0.019537806   0.000000000
   sum over m      0.049694404  0.049694404   0.099388808   0.000000000
   sum over m+mul  1.381160662  1.381160662   2.762321324   0.000000000
  d3z^2-r^2   0    0.002825647  0.002825647   0.005651294   0.000000000
  dx^2-y^2    0    0.018897763  0.018897763   0.037795526   0.000000000
  dxy         0    0.018899359  0.018899359   0.037798717   0.000000000
  dxz         0    0.009673850  0.009673850   0.019347700   0.000000000
  dyz         0    0.009674972  0.009674972   0.019349944   0.000000000
   sum over m      0.059971591  0.059971591   0.119943182   0.000000000
   sum over m+mul  0.059971591  0.059971591   0.119943182   0.000000000

   78    C          Up spin      Down spin     Sum           Diff
            multiple
  s           0    0.544029568  0.544029568   1.088059136   0.000000000
   sum over m      0.544029568  0.544029568   1.088059136   0.000000000
  s           1    0.014838278  0.014838278   0.029676556   0.000000000
   sum over m      0.014838278  0.014838278   0.029676556   0.000000000
   sum over m+mul  0.558867846  0.558867846   1.117735692   0.000000000
  px          0    0.420486901  0.420486901   0.840973801   0.000000000
  py          0    0.420559372  0.420559372   0.841118744   0.000000000
  pz          0    0.490419711  0.490419711   0.980839421   0.000000000
   sum over m      1.331465984  1.331465984   2.662931967   0.000000000
  px          1    0.029702743  0.029702743   0.059405486   0.000000000
  py          1    0.029760636  0.029760636   0.059521273   0.000000000
  pz          1   -0.009768914 -0.009768914  -0.019537829   0.000000000
   sum over m      0.049694465  0.049694465   0.099388930   0.000000000
   sum over m+mul  1.381160449  1.381160449   2.762320897   0.000000000
  d3z^2-r^2   0    0.002825647  0.002825647   0.005651294   0.000000000
  dx^2-y^2    0    0.018897744  0.018897744   0.037795487   0.000000000
  dxy         0    0.018899372  0.018899372   0.037798745   0.000000000
  dxz         0    0.009673855  0.009673855   0.019347710   0.000000000
  dyz         0    0.009674998  0.009674998   0.019349995   0.000000000
   sum over m      0.059971616  0.059971616   0.119943232   0.000000000
   sum over m+mul  0.059971616  0.059971616   0.119943232   0.000000000

   79    C          Up spin      Down spin     Sum           Diff
            multiple
  s           0    0.544029399  0.544029399   1.088058798   0.000000000
   sum over m      0.544029399  0.544029399   1.088058798   0.000000000
  s           1    0.014838264  0.014838264   0.029676529   0.000000000
   sum over m      0.014838264  0.014838264   0.029676529   0.000000000
   sum over m+mul  0.558867663  0.558867663   1.117735327   0.000000000
  px          0    0.420486688  0.420486688   0.840973376   0.000000000
  py          0    0.420559208  0.420559208   0.841118415   0.000000000
  pz          0    0.490420285  0.490420285   0.980840569   0.000000000
   sum over m      1.331466180  1.331466180   2.662932360   0.000000000
  px          1    0.029702632  0.029702632   0.059405264   0.000000000
  py          1    0.029760588  0.029760588   0.059521176   0.000000000
  pz          1   -0.009768902 -0.009768902  -0.019537804   0.000000000
   sum over m      0.049694318  0.049694318   0.099388637   0.000000000
   sum over m+mul  1.381160498  1.381160498   2.762320997   0.000000000
  d3z^2-r^2   0    0.002825646  0.002825646   0.005651292   0.000000000
  dx^2-y^2    0    0.018897748  0.018897748   0.037795496   0.000000000
  dxy         0    0.018899365  0.018899365   0.037798730   0.000000000
  dxz         0    0.009673792  0.009673792   0.019347583   0.000000000
  dyz         0    0.009674976  0.009674976   0.019349952   0.000000000
   sum over m      0.059971526  0.059971526   0.119943053   0.000000000
   sum over m+mul  0.059971526  0.059971526   0.119943053   0.000000000

   80    C          Up spin      Down spin     Sum           Diff
            multiple
  s           0    0.544029568  0.544029568   1.088059136   0.000000000
   sum over m      0.544029568  0.544029568   1.088059136   0.000000000
  s           1    0.014838277  0.014838277   0.029676555   0.000000000
   sum over m      0.014838277  0.014838277   0.029676555   0.000000000
   sum over m+mul  0.558867845  0.558867845   1.117735691   0.000000000
  px          0    0.420486936  0.420486936   0.840973873   0.000000000
  py          0    0.420559338  0.420559338   0.841118675   0.000000000
  pz          0    0.490419709  0.490419709   0.980839418   0.000000000
   sum over m      1.331465983  1.331465983   2.662931966   0.000000000
  px          1    0.029702754  0.029702754   0.059405508   0.000000000
  py          1    0.029760625  0.029760625   0.059521251   0.000000000
  pz          1   -0.009768914 -0.009768914  -0.019537829   0.000000000
   sum over m      0.049694465  0.049694465   0.099388930   0.000000000
   sum over m+mul  1.381160448  1.381160448   2.762320896   0.000000000
  d3z^2-r^2   0    0.002825647  0.002825647   0.005651294   0.000000000
  dx^2-y^2    0    0.018897751  0.018897751   0.037795502   0.000000000
  dxy         0    0.018899365  0.018899365   0.037798730   0.000000000
  dxz         0    0.009673854  0.009673854   0.019347708   0.000000000
  dyz         0    0.009674999  0.009674999   0.019349998   0.000000000
   sum over m      0.059971616  0.059971616   0.119943232   0.000000000
   sum over m+mul  0.059971616  0.059971616   0.119943232   0.000000000

   81    C          Up spin      Down spin     Sum           Diff
            multiple
  s           0    0.544029432  0.544029432   1.088058863   0.000000000
   sum over m      0.544029432  0.544029432   1.088058863   0.000000000
  s           1    0.014838276  0.014838276   0.029676551   0.000000000
   sum over m      0.014838276  0.014838276   0.029676551   0.000000000
   sum over m+mul  0.558867707  0.558867707   1.117735414   0.000000000
  px          0    0.420486840  0.420486840   0.840973680   0.000000000
  py          0    0.420559271  0.420559271   0.841118542   0.000000000
  pz          0    0.490420142  0.490420142   0.980840284   0.000000000
   sum over m      1.331466253  1.331466253   2.662932506   0.000000000
  px          1    0.029702720  0.029702720   0.059405440   0.000000000
  py          1    0.029760581  0.029760581   0.059521162   0.000000000
  pz          1   -0.009768903 -0.009768903  -0.019537806   0.000000000
   sum over m      0.049694398  0.049694398   0.099388796   0.000000000
   sum over m+mul  1.381160651  1.381160651   2.762321302   0.000000000
  d3z^2-r^2   0    0.002825647  0.002825647   0.005651294   0.000000000
  dx^2-y^2    0    0.018897751  0.018897751   0.037795501   0.000000000
  dxy         0    0.018899371  0.018899371   0.037798742   0.000000000
  dxz         0    0.009673832  0.009673832   0.019347665   0.000000000
  dyz         0    0.009674990  0.009674990   0.019349979   0.000000000
   sum over m      0.059971591  0.059971591   0.119943182   0.000000000
   sum over m+mul  0.059971591  0.059971591   0.119943182   0.000000000

   82    C          Up spin      Down spin     Sum           Diff
            multiple
  s           0    0.544029472  0.544029472   1.088058944   0.000000000
   sum over m      0.544029472  0.544029472   1.088058944   0.000000000
  s           1    0.014838280  0.014838280   0.029676561   0.000000000
   sum over m      0.014838280  0.014838280   0.029676561   0.000000000
   sum over m+mul  0.558867753  0.558867753   1.117735505   0.000000000
  px          0    0.420486876  0.420486876   0.840973753   0.000000000
  py          0    0.420559305  0.420559305   0.841118610   0.000000000
  pz          0    0.490420013  0.490420013   0.980840026   0.000000000
   sum over m      1.331466195  1.331466195   2.662932390   0.000000000
  px          1    0.029702734  0.029702734   0.059405469   0.000000000
  py          1    0.029760620  0.029760620   0.059521241   0.000000000
  pz          1   -0.009768907 -0.009768907  -0.019537813   0.000000000
   sum over m      0.049694448  0.049694448   0.099388896   0.000000000
   sum over m+mul  1.381160643  1.381160643   2.762321286   0.000000000
  d3z^2-r^2   0    0.002825647  0.002825647   0.005651294   0.000000000
  dx^2-y^2    0    0.018897744  0.018897744   0.037795489   0.000000000
  dxy         0    0.018899368  0.018899368   0.037798735   0.000000000
  dxz         0    0.009673848  0.009673848   0.019347696   0.000000000
  dyz         0    0.009674994  0.009674994   0.019349988   0.000000000
   sum over m      0.059971601  0.059971601   0.119943202   0.000000000
   sum over m+mul  0.059971601  0.059971601   0.119943202   0.000000000

   83    C          Up spin      Down spin     Sum           Diff
            multiple
  s           0    0.544029413  0.544029413   1.088058826   0.000000000
   sum over m      0.544029413  0.544029413   1.088058826   0.000000000
  s           1    0.014838277  0.014838277   0.029676554   0.000000000
   sum over m      0.014838277  0.014838277   0.029676554   0.000000000
   sum over m+mul  0.558867690  0.558867690   1.117735380   0.000000000
  px          0    0.420486846  0.420486846   0.840973692   0.000000000
  py          0    0.420559269  0.420559269   0.841118538   0.000000000
  pz          0    0.490420180  0.490420180   0.980840360   0.000000000
   sum over m      1.331466295  1.331466295   2.662932591   0.000000000
  px          1    0.029702729  0.029702729   0.059405457   0.000000000
  py          1    0.029760614  0.029760614   0.059521228   0.000000000
  pz          1   -0.009768904 -0.009768904  -0.019537809   0.000000000
   sum over m      0.049694438  0.049694438   0.099388876   0.000000000
   sum over m+mul  1.381160734  1.381160734   2.762321467   0.000000000
  d3z^2-r^2   0    0.002825647  0.002825647   0.005651294   0.000000000
  dx^2-y^2    0    0.018897745  0.018897745   0.037795491   0.000000000
  dxy         0    0.018899365  0.018899365   0.037798731   0.000000000
  dxz         0    0.009673838  0.009673838   0.019347676   0.000000000
  dyz         0    0.009674987  0.009674987   0.019349973   0.000000000
   sum over m      0.059971582  0.059971582   0.119943165   0.000000000
   sum over m+mul  0.059971582  0.059971582   0.119943165   0.000000000

   84    C          Up spin      Down spin     Sum           Diff
            multiple
  s           0    0.544029466  0.544029466   1.088058931   0.000000000
   sum over m      0.544029466  0.544029466   1.088058931   0.000000000
  s           1    0.014838279  0.014838279   0.029676558   0.000000000
   sum over m      0.014838279  0.014838279   0.029676558   0.000000000
   sum over m+mul  0.558867744  0.558867744   1.117735489   0.000000000
  px          0    0.420486873  0.420486873   0.840973746   0.000000000
  py          0    0.420559307  0.420559307   0.841118613   0.000000000
  pz          0    0.490420023  0.490420023   0.980840046   0.000000000
   sum over m      1.331466202  1.331466202   2.662932405   0.000000000
  px          1    0.029702733  0.029702733   0.059405466   0.000000000
  py          1    0.029760618  0.029760618   0.059521236   0.000000000
  pz          1   -0.009768906 -0.009768906  -0.019537812   0.000000000
   sum over m      0.049694445  0.049694445   0.099388891   0.000000000
   sum over m+mul  1.381160648  1.381160648   2.762321296   0.000000000
  d3z^2-r^2   0    0.002825647  0.002825647   0.005651294   0.000000000
  dx^2-y^2    0    0.018897744  0.018897744   0.037795488   0.000000000
  dxy         0    0.018899365  0.018899365   0.037798731   0.000000000
  dxz         0    0.009673847  0.009673847   0.019347694   0.000000000
  dyz         0    0.009674998  0.009674998   0.019349996   0.000000000
   sum over m      0.059971601  0.059971601   0.119943203   0.000000000
   sum over m+mul  0.059971601  0.059971601   0.119943203   0.000000000

   85    C          Up spin      Down spin     Sum           Diff
            multiple
  s           0    0.544029449  0.544029449   1.088058899   0.000000000
   sum over m      0.544029449  0.544029449   1.088058899   0.000000000
  s           1    0.014838278  0.014838278   0.029676556   0.000000000
   sum over m      0.014838278  0.014838278   0.029676556   0.000000000
   sum over m+mul  0.558867727  0.558867727   1.117735455   0.000000000
  px          0    0.420486860  0.420486860   0.840973720   0.000000000
  py          0    0.420559292  0.420559292   0.841118584   0.000000000
  pz          0    0.490420075  0.490420075   0.980840150   0.000000000
   sum over m      1.331466227  1.331466227   2.662932453   0.000000000
  px          1    0.029702733  0.029702733   0.059405465   0.000000000
  py          1    0.029760618  0.029760618   0.059521235   0.000000000
  pz          1   -0.009768905 -0.009768905  -0.019537810   0.000000000
   sum over m      0.049694445  0.049694445   0.099388890   0.000000000
   sum over m+mul  1.381160672  1.381160672   2.762321344   0.000000000
  d3z^2-r^2   0    0.002825647  0.002825647   0.005651294   0.000000000
  dx^2-y^2    0    0.018897745  0.018897745   0.037795490   0.000000000
  dxy         0    0.018899367  0.018899367   0.037798733   0.000000000
  dxz         0    0.009673844  0.009673844   0.019347687   0.000000000
  dyz         0    0.009674989  0.009674989   0.019349979   0.000000000
   sum over m      0.059971592  0.059971592   0.119943183   0.000000000
   sum over m+mul  0.059971592  0.059971592   0.119943183   0.000000000

   86    C          Up spin      Down spin     Sum           Diff
            multiple
  s           0    0.544029465  0.544029465   1.088058931   0.000000000
   sum over m      0.544029465  0.544029465   1.088058931   0.000000000
  s           1    0.014838279  0.014838279   0.029676558   0.000000000
   sum over m      0.014838279  0.014838279   0.029676558   0.000000000
   sum over m+mul  0.558867744  0.558867744   1.117735489   0.000000000
  px          0    0.420486891  0.420486891   0.840973783   0.000000000
  py          0    0.420559290  0.420559290   0.841118580   0.000000000
  pz          0    0.490420022  0.490420022   0.980840045   0.000000000
   sum over m      1.331466204  1.331466204   2.662932407   0.000000000
  px          1    0.029702734  0.029702734   0.059405467   0.000000000
  py          1    0.029760618  0.029760618   0.059521235   0.000000000
  pz          1   -0.009768906 -0.009768906  -0.019537812   0.000000000
   sum over m      0.049694445  0.049694445   0.099388891   0.000000000
   sum over m+mul  1.381160649  1.381160649   2.762321298   0.000000000
  d3z^2-r^2   0    0.002825647  0.002825647   0.005651294   0.000000000
  dx^2-y^2    0    0.018897746  0.018897746   0.037795492   0.000000000
  dxy         0    0.018899364  0.018899364   0.037798727   0.000000000
  dxz         0    0.009673856  0.009673856   0.019347711   0.000000000
  dyz         0    0.009674989  0.009674989   0.019349979   0.000000000
   sum over m      0.059971602  0.059971602   0.119943203   0.000000000
   sum over m+mul  0.059971602  0.059971602   0.119943203   0.000000000

   87    C          Up spin      Down spin     Sum           Diff
            multiple
  s           0    0.544029423  0.544029423   1.088058847   0.000000000
   sum over m      0.544029423  0.544029423   1.088058847   0.000000000
  s           1    0.014838279  0.014838279   0.029676558   0.000000000
   sum over m      0.014838279  0.014838279   0.029676558   0.000000000
   sum over m+mul  0.558867702  0.558867702   1.117735405   0.000000000
  px          0    0.420486854  0.420486854   0.840973708   0.000000000
  py          0    0.420559276  0.420559276   0.841118552   0.000000000
  pz          0    0.490420153  0.490420153   0.980840307   0.000000000
   sum over m      1.331466283  1.331466283   2.662932566   0.000000000
  px          1    0.029702731  0.029702731   0.059405461   0.000000000
  py          1    0.029760615  0.029760615   0.059521229   0.000000000
  pz          1   -0.009768904 -0.009768904  -0.019537809   0.000000000
   sum over m      0.049694441  0.049694441   0.099388882   0.000000000
   sum over m+mul  1.381160724  1.381160724   2.762321448   0.000000000
  d3z^2-r^2   0    0.002825647  0.002825647   0.005651294   0.000000000
  dx^2-y^2    0    0.018897745  0.018897745   0.037795490   0.000000000
  dxy         0    0.018899365  0.018899365   0.037798729   0.000000000
  dxz         0    0.009673843  0.009673843   0.019347685   0.000000000
  dyz         0    0.009674988  0.009674988   0.019349976   0.000000000
   sum over m      0.059971587  0.059971587   0.119943175   0.000000000
   sum over m+mul  0.059971587  0.059971587   0.119943175   0.000000000

   88    C          Up spin      Down spin     Sum           Diff
            multiple
  s           0    0.544029465  0.544029465   1.088058931   0.000000000
   sum over m      0.544029465  0.544029465   1.088058931   0.000000000
  s           1    0.014838279  0.014838279   0.029676557   0.000000000
   sum over m      0.014838279  0.014838279   0.029676557   0.000000000
   sum over m+mul  0.558867744  0.558867744   1.117735488   0.000000000
  px          0    0.420486877  0.420486877   0.840973755   0.000000000
  py          0    0.420559304  0.420559304   0.841118608   0.000000000
  pz          0    0.490420023  0.490420023   0.980840046   0.000000000
   sum over m      1.331466204  1.331466204   2.662932408   0.000000000
  px          1    0.029702734  0.029702734   0.059405467   0.000000000
  py          1    0.029760617  0.029760617   0.059521235   0.000000000
  pz          1   -0.009768906 -0.009768906  -0.019537812   0.000000000
   sum over m      0.049694445  0.049694445   0.099388890   0.000000000
   sum over m+mul  1.381160649  1.381160649   2.762321299   0.000000000
  d3z^2-r^2   0    0.002825647  0.002825647   0.005651294   0.000000000
  dx^2-y^2    0    0.018897745  0.018897745   0.037795489   0.000000000
  dxy         0    0.018899365  0.018899365   0.037798730   0.000000000
  dxz         0    0.009673851  0.009673851   0.019347701   0.000000000
  dyz         0    0.009674994  0.009674994   0.019349989   0.000000000
   sum over m      0.059971602  0.059971602   0.119943203   0.000000000
   sum over m+mul  0.059971602  0.059971602   0.119943203   0.000000000

   89    C          Up spin      Down spin     Sum           Diff
            multiple
  s           0    0.544029448  0.544029448   1.088058896   0.000000000
   sum over m      0.544029448  0.544029448   1.088058896   0.000000000
  s           1    0.014838278  0.014838278   0.029676556   0.000000000
   sum over m      0.014838278  0.014838278   0.029676556   0.000000000
   sum over m+mul  0.558867726  0.558867726   1.117735452   0.000000000
  px          0    0.420486878  0.420486878   0.840973755   0.000000000
  py          0    0.420559274  0.420559274   0.841118548   0.000000000
  pz          0    0.490420075  0.490420075   0.980840150   0.000000000
   sum over m      1.331466226  1.331466226   2.662932452   0.000000000
  px          1    0.029702734  0.029702734   0.059405469   0.000000000
  py          1    0.029760616  0.029760616   0.059521233   0.000000000
  pz          1   -0.009768905 -0.009768905  -0.019537810   0.000000000
   sum over m      0.049694445  0.049694445   0.099388891   0.000000000
   sum over m+mul  1.381160672  1.381160672   2.762321343   0.000000000
  d3z^2-r^2   0    0.002825647  0.002825647   0.005651294   0.000000000
  dx^2-y^2    0    0.018897748  0.018897748   0.037795496   0.000000000
  dxy         0    0.018899364  0.018899364   0.037798727   0.000000000
  dxz         0    0.009673848  0.009673848   0.019347696   0.000000000
  dyz         0    0.009674985  0.009674985   0.019349970   0.000000000
   sum over m      0.059971591  0.059971591   0.119943183   0.000000000
   sum over m+mul  0.059971591  0.059971591   0.119943183   0.000000000

   90    C          Up spin      Down spin     Sum           Diff
            multiple
  s           0    0.544029475  0.544029475   1.088058950   0.000000000
   sum over m      0.544029475  0.544029475   1.088058950   0.000000000
  s           1    0.014838278  0.014838278   0.029676556   0.000000000
   sum over m      0.014838278  0.014838278   0.029676556   0.000000000
   sum over m+mul  0.558867753  0.558867753   1.117735506   0.000000000
  px          0    0.420486872  0.420486872   0.840973745   0.000000000
  py          0    0.420559309  0.420559309   0.841118617   0.000000000
  pz          0    0.490419996  0.490419996   0.980839992   0.000000000
   sum over m      1.331466177  1.331466177   2.662932354   0.000000000
  px          1    0.029702737  0.029702737   0.059405474   0.000000000
  py          1    0.029760620  0.029760620   0.059521241   0.000000000
  pz          1   -0.009768909 -0.009768909  -0.019537817   0.000000000
   sum over m      0.049694449  0.049694449   0.099388897   0.000000000
   sum over m+mul  1.381160626  1.381160626   2.762321252   0.000000000
  d3z^2-r^2   0    0.002825647  0.002825647   0.005651294   0.000000000
  dx^2-y^2    0    0.018897745  0.018897745   0.037795491   0.000000000
  dxy         0    0.018899367  0.018899367   0.037798734   0.000000000
  dxz         0    0.009673846  0.009673846   0.019347692   0.000000000
  dyz         0    0.009674992  0.009674992   0.019349983   0.000000000
   sum over m      0.059971597  0.059971597   0.119943194   0.000000000
   sum over m+mul  0.059971597  0.059971597   0.119943194   0.000000000

   91    C          Up spin      Down spin     Sum           Diff
            multiple
  s           0    0.544029451  0.544029451   1.088058902   0.000000000
   sum over m      0.544029451  0.544029451   1.088058902   0.000000000
  s           1    0.014838278  0.014838278   0.029676556   0.000000000
   sum over m      0.014838278  0.014838278   0.029676556   0.000000000
   sum over m+mul  0.558867729  0.558867729   1.117735458   0.000000000
  px          0    0.420486880  0.420486880   0.840973760   0.000000000
  py          0    0.420559281  0.420559281   0.841118562   0.000000000
  pz          0    0.490420066  0.490420066   0.980840132   0.000000000
   sum over m      1.331466227  1.331466227   2.662932453   0.000000000
  px          1    0.029702730  0.029702730   0.059405460   0.000000000
  py          1    0.029760616  0.029760616   0.059521233   0.000000000
  pz          1   -0.009768905 -0.009768905  -0.019537810   0.000000000
   sum over m      0.049694441  0.049694441   0.099388882   0.000000000
   sum over m+mul  1.381160668  1.381160668   2.762321336   0.000000000
  d3z^2-r^2   0    0.002825647  0.002825647   0.005651294   0.000000000
  dx^2-y^2    0    0.018897748  0.018897748   0.037795497   0.000000000
  dxy         0    0.018899364  0.018899364   0.037798727   0.000000000
  dxz         0    0.009673845  0.009673845   0.019347691   0.000000000
  dyz         0    0.009674990  0.009674990   0.019349979   0.000000000
   sum over m      0.059971594  0.059971594   0.119943188   0.000000000
   sum over m+mul  0.059971594  0.059971594   0.119943188   0.000000000

   92    C          Up spin      Down spin     Sum           Diff
            multiple
  s           0    0.544029445  0.544029445   1.088058890   0.000000000
   sum over m      0.544029445  0.544029445   1.088058890   0.000000000
  s           1    0.014838280  0.014838280   0.029676560   0.000000000
   sum over m      0.014838280  0.014838280   0.029676560   0.000000000
   sum over m+mul  0.558867725  0.558867725   1.117735450   0.000000000
  px          0    0.420486856  0.420486856   0.840973712   0.000000000
  py          0    0.420559299  0.420559299   0.841118598   0.000000000
  pz          0    0.490420091  0.490420091   0.980840182   0.000000000
   sum over m      1.331466246  1.331466246   2.662932492   0.000000000
  px          1    0.029702731  0.029702731   0.059405463   0.000000000
  py          1    0.029760617  0.029760617   0.059521235   0.000000000
  pz          1   -0.009768905 -0.009768905  -0.019537810   0.000000000
   sum over m      0.049694444  0.049694444   0.099388887   0.000000000
   sum over m+mul  1.381160689  1.381160689   2.762321379   0.000000000
  d3z^2-r^2   0    0.002825647  0.002825647   0.005651294   0.000000000
  dx^2-y^2    0    0.018897742  0.018897742   0.037795484   0.000000000
  dxy         0    0.018899366  0.018899366   0.037798733   0.000000000
  dxz         0    0.009673847  0.009673847   0.019347694   0.000000000
  dyz         0    0.009674992  0.009674992   0.019349983   0.000000000
   sum over m      0.059971594  0.059971594   0.119943188   0.000000000
   sum over m+mul  0.059971594  0.059971594   0.119943188   0.000000000

   93    C          Up spin      Down spin     Sum           Diff
            multiple
  s           0    0.544029419  0.544029419   1.088058837   0.000000000
   sum over m      0.544029419  0.544029419   1.088058837   0.000000000
  s           1    0.014838277  0.014838277   0.029676553   0.000000000
   sum over m      0.014838277  0.014838277   0.029676553   0.000000000
   sum over m+mul  0.558867695  0.558867695   1.117735391   0.000000000
  px          0    0.420486871  0.420486871   0.840973743   0.000000000
  py          0    0.420559252  0.420559252   0.841118503   0.000000000
  pz          0    0.490420155  0.490420155   0.980840310   0.000000000
   sum over m      1.331466278  1.331466278   2.662932556   0.000000000
  px          1    0.029702735  0.029702735   0.059405471   0.000000000
  py          1    0.029760617  0.029760617   0.059521234   0.000000000
  pz          1   -0.009768903 -0.009768903  -0.019537807   0.000000000
   sum over m      0.049694449  0.049694449   0.099388898   0.000000000
   sum over m+mul  1.381160727  1.381160727   2.762321453   0.000000000
  d3z^2-r^2   0    0.002825647  0.002825647   0.005651294   0.000000000
  dx^2-y^2    0    0.018897749  0.018897749   0.037795499   0.000000000
  dxy         0    0.018899364  0.018899364   0.037798729   0.000000000
  dxz         0    0.009673841  0.009673841   0.019347683   0.000000000
  dyz         0    0.009674979  0.009674979   0.019349958   0.000000000
   sum over m      0.059971581  0.059971581   0.119943162   0.000000000
   sum over m+mul  0.059971581  0.059971581   0.119943162   0.000000000

   94    C          Up spin      Down spin     Sum           Diff
            multiple
  s           0    0.544029528  0.544029528   1.088059057   0.000000000
   sum over m      0.544029528  0.544029528   1.088059057   0.000000000
  s           1    0.014838278  0.014838278   0.029676556   0.000000000
   sum over m      0.014838278  0.014838278   0.029676556   0.000000000
   sum over m+mul  0.558867806  0.558867806   1.117735613   0.000000000
  px          0    0.420486912  0.420486912   0.840973824   0.000000000
  py          0    0.420559335  0.420559335   0.841118670   0.000000000
  pz          0    0.490419787  0.490419787   0.980839574   0.000000000
   sum over m      1.331466034  1.331466034   2.662932069   0.000000000
  px          1    0.029702743  0.029702743   0.059405485   0.000000000
  py          1    0.029760627  0.029760627   0.059521255   0.000000000
  pz          1   -0.009768910 -0.009768910  -0.019537819   0.000000000
   sum over m      0.049694460  0.049694460   0.099388921   0.000000000
   sum over m+mul  1.381160495  1.381160495   2.762320989   0.000000000
  d3z^2-r^2   0    0.002825647  0.002825647   0.005651294   0.000000000
  dx^2-y^2    0    0.018897747  0.018897747   0.037795495   0.000000000
  dxy         0    0.018899368  0.018899368   0.037798735   0.000000000
  dxz         0    0.009673853  0.009673853   0.019347706   0.000000000
  dyz         0    0.009674997  0.009674997   0.019349994   0.000000000
   sum over m      0.059971612  0.059971612   0.119943224   0.000000000
   sum over m+mul  0.059971612  0.059971612   0.119943224   0.000000000

   95    C          Up spin      Down spin     Sum           Diff
            multiple
  s           0    0.544029417  0.544029417   1.088058835   0.000000000
   sum over m      0.544029417  0.544029417   1.088058835   0.000000000
  s           1    0.014838276  0.014838276   0.029676553   0.000000000
   sum over m      0.014838276  0.014838276   0.029676553   0.000000000
   sum over m+mul  0.558867694  0.558867694   1.117735388   0.000000000
  px          0    0.420486824  0.420486824   0.840973648   0.000000000
  py          0    0.420559299  0.420559299   0.841118599   0.000000000
  pz          0    0.490420155  0.490420155   0.980840310   0.000000000
   sum over m      1.331466278  1.331466278   2.662932557   0.000000000
  px          1    0.029702734  0.029702734   0.059405468   0.000000000
  py          1    0.029760618  0.029760618   0.059521237   0.000000000
  pz          1   -0.009768903 -0.009768903  -0.019537806   0.000000000
   sum over m      0.049694449  0.049694449   0.099388898   0.000000000
   sum over m+mul  1.381160727  1.381160727   2.762321455   0.000000000
  d3z^2-r^2   0    0.002825647  0.002825647   0.005651294   0.000000000
  dx^2-y^2    0    0.018897745  0.018897745   0.037795489   0.000000000
  dxy         0    0.018899369  0.018899369   0.037798738   0.000000000
  dxz         0    0.009673826  0.009673826   0.019347652   0.000000000
  dyz         0    0.009674994  0.009674994   0.019349989   0.000000000
   sum over m      0.059971581  0.059971581   0.119943162   0.000000000
   sum over m+mul  0.059971581  0.059971581   0.119943162   0.000000000

   96    C          Up spin      Down spin     Sum           Diff
            multiple
  s           0    0.544029445  0.544029445   1.088058889   0.000000000
   sum over m      0.544029445  0.544029445   1.088058889   0.000000000
  s           1    0.014838280  0.014838280   0.029676560   0.000000000
   sum over m      0.014838280  0.014838280   0.029676560   0.000000000
   sum over m+mul  0.558867725  0.558867725   1.117735449   0.000000000
  px          0    0.420486876  0.420486876   0.840973753   0.000000000
  py          0    0.420559278  0.420559278   0.841118555   0.000000000
  pz          0    0.490420091  0.490420091   0.980840183   0.000000000
   sum over m      1.331466245  1.331466245   2.662932490   0.000000000
  px          1    0.029702733  0.029702733   0.059405466   0.000000000
  py          1    0.029760616  0.029760616   0.059521232   0.000000000
  pz          1   -0.009768905 -0.009768905  -0.019537810   0.000000000
   sum over m      0.049694444  0.049694444   0.099388888   0.000000000
   sum over m+mul  1.381160689  1.381160689   2.762321378   0.000000000
  d3z^2-r^2   0    0.002825647  0.002825647   0.005651294   0.000000000
  dx^2-y^2    0    0.018897746  0.018897746   0.037795493   0.000000000
  dxy         0    0.018899362  0.018899362   0.037798724   0.000000000
  dxz         0    0.009673848  0.009673848   0.019347696   0.000000000
  dyz         0    0.009674990  0.009674990   0.019349981   0.000000000
   sum over m      0.059971594  0.059971594   0.119943188   0.000000000
   sum over m+mul  0.059971594  0.059971594   0.119943188   0.000000000

   97    C          Up spin      Down spin     Sum           Diff
            multiple
  s           0    0.544029453  0.544029453   1.088058905   0.000000000
   sum over m      0.544029453  0.544029453   1.088058905   0.000000000
  s           1    0.014838278  0.014838278   0.029676556   0.000000000
   sum over m      0.014838278  0.014838278   0.029676556   0.000000000
   sum over m+mul  0.558867731  0.558867731   1.117735461   0.000000000
  px          0    0.420486874  0.420486874   0.840973749   0.000000000
  py          0    0.420559288  0.420559288   0.841118575   0.000000000
  pz          0    0.490420066  0.490420066   0.980840132   0.000000000
   sum over m      1.331466228  1.331466228   2.662932456   0.000000000
  px          1    0.029702731  0.029702731   0.059405463   0.000000000
  py          1    0.029760615  0.029760615   0.059521229   0.000000000
  pz          1   -0.009768905 -0.009768905  -0.019537810   0.000000000
   sum over m      0.049694441  0.049694441   0.099388882   0.000000000
   sum over m+mul  1.381160669  1.381160669   2.762321338   0.000000000
  d3z^2-r^2   0    0.002825647  0.002825647   0.005651294   0.000000000
  dx^2-y^2    0    0.018897746  0.018897746   0.037795492   0.000000000
  dxy         0    0.018899366  0.018899366   0.037798731   0.000000000
  dxz         0    0.009673848  0.009673848   0.019347696   0.000000000
  dyz         0    0.009674987  0.009674987   0.019349974   0.000000000
   sum over m      0.059971594  0.059971594   0.119943188   0.000000000
   sum over m+mul  0.059971594  0.059971594   0.119943188   0.000000000

   98    C          Up spin      Down spin     Sum           Diff
            multiple
  s           0    0.544029477  0.544029477   1.088058953   0.000000000
   sum over m      0.544029477  0.544029477   1.088058953   0.000000000
  s           1    0.014838278  0.014838278   0.029676557   0.000000000
   sum over m      0.014838278  0.014838278   0.029676557   0.000000000
   sum over m+mul  0.558867755  0.558867755   1.117735510   0.000000000
  px          0    0.420486884  0.420486884   0.840973769   0.000000000
  py          0    0.420559295  0.420559295   0.841118591   0.000000000
  pz          0    0.490419996  0.490419996   0.980839992   0.000000000
   sum over m      1.331466176  1.331466176   2.662932351   0.000000000
  px          1    0.029702736  0.029702736   0.059405472   0.000000000
  py          1    0.029760620  0.029760620   0.059521240   0.000000000
  pz          1   -0.009768909 -0.009768909  -0.019537817   0.000000000
   sum over m      0.049694447  0.049694447   0.099388895   0.000000000
   sum over m+mul  1.381160623  1.381160623   2.762321246   0.000000000
  d3z^2-r^2   0    0.002825647  0.002825647   0.005651294   0.000000000
  dx^2-y^2    0    0.018897747  0.018897747   0.037795493   0.000000000
  dxy         0    0.018899366  0.018899366   0.037798731   0.000000000
  dxz         0    0.009673848  0.009673848   0.019347696   0.000000000
  dyz         0    0.009674990  0.009674990   0.019349979   0.000000000
   sum over m      0.059971597  0.059971597   0.119943194   0.000000000
   sum over m+mul  0.059971597  0.059971597   0.119943194   0.000000000

***********************************************************
***********************************************************
                    Dipole moment (Debye)                  
***********************************************************
***********************************************************

 Absolute D        0.00005242

                      Dx                Dy                Dz
 Total             -0.00004100       -0.00003258        0.00000217
 Core            6947.74256987    13370.93680992        0.19212827
 Electron       -6947.74261087   -13370.93684250       -0.19212611
 Back ground       -0.00000000       -0.00000000        0.00000000

***********************************************************
***********************************************************
       xyz-coordinates (Ang) and forces (Hartree/Bohr)  
***********************************************************
***********************************************************

<coordinates.forces
  98
    1     C     0.00000   0.00000   0.00000   0.000009426858 -0.000162099982  0.000000006641
    2     C     0.00000   1.42028   0.00000  -0.000009421227  0.000162082323  0.000004499862
    3     C    -1.23000   2.13042   0.00000   0.000009383984 -0.000162146128 -0.000001079251
    4     C    -1.23000   3.55070   0.00000  -0.000009344056  0.000162157540  0.000012006136
    5     C    -2.46000   4.26084   0.00000   0.000009374086 -0.000162128596 -0.000001079245
    6     C    -2.46000   5.68113   0.00000  -0.000009446978  0.000162128378  0.000004492913
    7     C    -3.69000   6.39127   0.00000   0.000009435283 -0.000162114081  0.000000005287
    8     C    -3.69000   7.81155   0.00000  -0.000009433426  0.000162106443 -0.000000688663
    9     C    -4.92000   8.52169   0.00000   0.000009422896 -0.000162131735  0.000000176868
   10     C    -4.92000   9.94197   0.00000  -0.000009423278  0.000162084112 -0.000000042981
   11     C    -6.15000  10.65211   0.00000   0.000009449280 -0.000162097467  0.000000117180
   12     C    -6.15000  12.07239   0.00000  -0.000009447728  0.000162126561 -0.000000043057
   13     C    -7.38000  12.78253   0.00000   0.000009405948 -0.000162102006  0.000000177081
   14     C    -7.38000  14.20282   0.00000  -0.000009432992  0.000162105443 -0.000000690790
   15     C     2.46000   0.00000   0.00000   0.000009380510 -0.000162104335 -0.000001078956
   16     C     2.46000   1.42028   0.00000  -0.000009549123  0.000162102571 -0.000001617402
   17     C     1.23000   2.13042   0.00000   0.000009322785 -0.000162127047 -0.000002273948
   18     C     1.23000   3.55070   0.00000  -0.000009474889  0.000161945430 -0.000096687380
   19     C     0.00000   4.26084   0.00000   0.000009346012 -0.000162157582  0.000013003887
   20     C     0.00000   5.68113   0.00000  -0.000009595972  0.000162149870 -0.000096693904
   21     C    -1.23000   6.39127   0.00000   0.000009359323 -0.000162191789 -0.000002253944
   22     C    -1.23000   7.81155   0.00000  -0.000009493593  0.000162007621 -0.000001624639
   23     C    -2.46000   8.52169   0.00000   0.000009407715 -0.000162152689 -0.000001079538
   24     C    -2.46000   9.94197   0.00000  -0.000009396500  0.000162096953  0.000000586545
   25     C    -3.69000  10.65211   0.00000   0.000009396643 -0.000162096706  0.000000117245
   26     C    -3.69000  12.07239   0.00000  -0.000009398478  0.000162125892 -0.000000043106
   27     C    -4.92000  12.78253   0.00000   0.000009422951 -0.000162142031  0.000000117383
   28     C    -4.92000  14.20282   0.00000  -0.000009422830  0.000162141710  0.000000587420
   29     C     4.92000   0.00000   0.00000   0.000009465027 -0.000162104365 -0.000001079158
   30     C     4.92000   1.42028   0.00000  -0.000009296382  0.000162103398 -0.000001619956
   31     C     3.69000   2.13042   0.00000   0.000009422877 -0.000161887172  0.000013004032
   32     C     3.69000   3.55070   0.00000  -0.000009423226  0.000161873127  0.000071662601
   33     C     2.46000   4.26084   0.00000   0.000008593624 -0.000162160228 -0.000081306081
   34     C     2.46000   5.68113   0.00000   0.000002282765  0.000168959249  0.001128176259
   35     C     1.23000   6.39127   0.00000   0.000009049655 -0.000162835011 -0.000083721555
   36     C     1.23000   7.81155   0.00000  -0.000009651372  0.000162238646  0.000071865393
   37     C     0.00000   8.52169   0.00000   0.000009615671 -0.000162222892  0.000013041028
   38     C     0.00000   9.94197   0.00000  -0.000009367911  0.000162225346 -0.000001624916
   39     C    -1.23000  10.65211   0.00000   0.000009449872 -0.000162078625 -0.000001079363
   40     C    -1.23000  12.07239   0.00000  -0.000009423419  0.000162123661 -0.000000688828
   41     C    -2.46000  12.78253   0.00000   0.000009440408 -0.000162102227  0.000000176991
   42     C    -2.46000  14.20282   0.00000  -0.000009413199  0.000162105502 -0.000000690118
   43     C     7.38000   0.00000   0.00000   0.000009419083 -0.000162100592  0.000000005142
   44     C     7.38000   1.42028   0.00000  -0.000009424942  0.000162082315  0.000004499883
   45     C     6.15000   2.13042   0.00000   0.000009524975 -0.000162127098 -0.000002253410
   46     C     6.15000   3.55070   0.00000  -0.000009370698  0.000161940797 -0.000096728744
   47     C     4.92000   4.26084   0.00000   0.000010261472 -0.000162148760 -0.000081821683
   48     C     4.92000   5.68113   0.00000  -0.000021007987  0.000168899090  0.001128154225
   49     C     3.69000   6.39127   0.01000  -0.000000616027 -0.000153734019 -0.002732879134
   50     C     3.69000   7.81155   0.00000  -0.000009416277  0.000145807101  0.001176949895
   51     C     2.46000   8.52169   0.00000   0.000009849900 -0.000161340610 -0.000081822880
   52     C     2.46000   9.94197   0.00000  -0.000009541678  0.000162242204 -0.000096693644
   53     C     1.23000  10.65211   0.00000   0.000009459485 -0.000162017066 -0.000002253963
   54     C     1.23000  12.07239   0.00000  -0.000009448567  0.000162124437  0.000004492755
   55     C     0.00000  12.78253   0.00000   0.000009430771 -0.000162120885  0.000000005142
   56     C     0.00000  14.20282   0.00000  -0.000009419690  0.000162113202  0.000001430242
   57     C     9.84000   0.00000   0.00000   0.000009439550 -0.000162102546  0.000000177161
   58     C     9.84000   1.42028   0.00000  -0.000009437444  0.000162123578 -0.000001551142
   59     C     8.61000   2.13042   0.00000   0.000009461920 -0.000162145833 -0.000001079822
   60     C     8.61000   3.55070   0.00000  -0.000009501383  0.000162156711  0.000012014304
   61     C     7.38000   4.26084   0.00000   0.000009500630 -0.000162157042  0.000013040635
   62     C     7.38000   5.68113   0.00000  -0.000009247860  0.000162152648 -0.000096728219
   63     C     6.15000   6.39127   0.00000   0.000009791026 -0.000162852271 -0.000083719858
   64     C     6.15000   7.81155   0.00000  -0.000009193302  0.000162239570  0.000071737915
   65     C     4.92000   8.52169   0.00000   0.000008992938 -0.000161338471 -0.000081306055
   66     C     4.92000   9.94197   0.00000  -0.000009304567  0.000162240245 -0.000096686682
   67     C     3.69000  10.65211   0.00000   0.000009423707 -0.000162022742  0.000013003671
   68     C     3.69000  12.07239   0.00000  -0.000009422426  0.000162020340  0.000012005953
   69     C     2.46000  12.78253   0.00000   0.000009412226 -0.000162060954 -0.000001078946
   70     C     2.46000  14.20282   0.00000  -0.000009421080  0.000162093379 -0.000001549204
   71     C    12.30000   0.00000   0.00000   0.000009423063 -0.000162097574  0.000000117322
   72     C    12.30000   1.42028   0.00000  -0.000009422596  0.000162112116  0.000001207053
   73     C    11.07000   2.13042   0.00000   0.000009435187 -0.000162119351  0.000000117164
   74     C    11.07000   3.55070   0.00000  -0.000009439921  0.000162119585 -0.000001551329
   75     C     9.84000   4.26084   0.00000   0.000009472033 -0.000162128762 -0.000001079595
   76     C     9.84000   5.68113   0.00000  -0.000009398521  0.000162128600  0.000004499432
   77     C     8.61000   6.39127   0.00000   0.000009487120 -0.000162193032 -0.000002253847
   78     C     8.61000   7.81155   0.00000  -0.000009352129  0.000162007151 -0.000001619505
   79     C     7.38000   8.52169   0.00000   0.000009228488 -0.000162224741  0.000013004154
   80     C     7.38000   9.94197   0.00000  -0.000009478667  0.000162225883 -0.000001617545
   81     C     6.15000  10.65211   0.00000   0.000009385679 -0.000162017198 -0.000002273779
   82     C     6.15000  12.07239   0.00000  -0.000009396584  0.000162125384  0.000004499671
   83     C     4.92000  12.78253   0.00000   0.000009433330 -0.000162061593 -0.000001079442
   84     C     4.92000  14.20282   0.00000  -0.000009424984  0.000162093728 -0.000001550274
   85     C    14.76000   0.00000   0.00000   0.000009406528 -0.000162102525  0.000000177095
   86     C    14.76000   1.42028   0.00000  -0.000009408065  0.000162123219 -0.000001549941
   87     C    13.53000   2.13042   0.00000   0.000009410361 -0.000162119169  0.000000117046
   88     C    13.53000   3.55070   0.00000  -0.000009405669  0.000162119073 -0.000001548927
   89     C    12.30000   4.26084   0.00000   0.000009422543 -0.000162131429  0.000000176925
   90     C    12.30000   5.68113   0.00000  -0.000009422715  0.000162108499  0.000001430039
   91     C    11.07000   6.39127   0.00000   0.000009410755 -0.000162114618  0.000000005195
   92     C    11.07000   7.81155   0.00000  -0.000009412155  0.000162106487 -0.000000689804
   93     C     9.84000   8.52169   0.00000   0.000009437700 -0.000162152874 -0.000001079227
   94     C     9.84000   9.94197   0.00000  -0.000009448598  0.000162097134  0.000000587136
   95     C     8.61000  10.65211   0.00000   0.000009395421 -0.000162078571 -0.000001079147
   96     C     8.61000  12.07239   0.00000  -0.000009422403  0.000162123983 -0.000000690001
   97     C     7.38000  12.78253   0.00000   0.000009414767 -0.000162121104  0.000000006451
   98     C     7.38000  14.20282   0.00000  -0.000009426009  0.000162113317  0.000001430442
coordinates.forces>

***********************************************************
***********************************************************
       Fractional coordinates of the final structure       
***********************************************************
***********************************************************

     1      C     0.00000000000000   0.00000000000000   0.00000000000000
     2      C     0.04761904761903   0.09523809523805   0.00000000000000
     3      C     0.00000000000000   0.14285714285714   0.00000000000000
     4      C     0.04761904761903   0.23809523809519   0.00000000000000
     5      C     0.00000000000000   0.28571428571429   0.00000000000000
     6      C     0.04761904761903   0.38095238095234   0.00000000000000
     7      C    -0.00000000000000   0.42857142857143   0.00000000000000
     8      C     0.04761904761903   0.52380952380948   0.00000000000000
     9      C     0.00000000000000   0.57142857142857   0.00000000000000
    10      C     0.04761904761903   0.66666666666662   0.00000000000000
    11      C    -0.00000000000000   0.71428571428571   0.00000000000000
    12      C     0.04761904761903   0.80952380952376   0.00000000000000
    13      C    -0.00000000000000   0.85714285714286   0.00000000000000
    14      C     0.04761904761903   0.95238095238091   0.00000000000000
    15      C     0.14285714285714   0.00000000000000   0.00000000000000
    16      C     0.19047619047617   0.09523809523805   0.00000000000000
    17      C     0.14285714285714   0.14285714285714   0.00000000000000
    18      C     0.19047619047617   0.23809523809519   0.00000000000000
    19      C     0.14285714285714   0.28571428571429   0.00000000000000
    20      C     0.19047619047617   0.38095238095234   0.00000000000000
    21      C     0.14285714285714   0.42857142857143   0.00000000000000
    22      C     0.19047619047617   0.52380952380948   0.00000000000000
    23      C     0.14285714285714   0.57142857142857   0.00000000000000
    24      C     0.19047619047617   0.66666666666662   0.00000000000000
    25      C     0.14285714285714   0.71428571428571   0.00000000000000
    26      C     0.19047619047617   0.80952380952376   0.00000000000000
    27      C     0.14285714285714   0.85714285714286   0.00000000000000
    28      C     0.19047619047617   0.95238095238091   0.00000000000000
    29      C     0.28571428571429   0.00000000000000   0.00000000000000
    30      C     0.33333333333331   0.09523809523805   0.00000000000000
    31      C     0.28571428571429   0.14285714285714   0.00000000000000
    32      C     0.33333333333331   0.23809523809519   0.00000000000000
    33      C     0.28571428571429   0.28571428571429   0.00000000000000
    34      C     0.33333333333331   0.38095238095234   0.00000000000000
    35      C     0.28571428571429   0.42857142857143   0.00000000000000
    36      C     0.33333333333331   0.52380952380948   0.00000000000000
    37      C     0.28571428571429   0.57142857142857   0.00000000000000
    38      C     0.33333333333331   0.66666666666662   0.00000000000000
    39      C     0.28571428571429   0.71428571428571   0.00000000000000
    40      C     0.33333333333331   0.80952380952376   0.00000000000000
    41      C     0.28571428571429   0.85714285714286   0.00000000000000
    42      C     0.33333333333331   0.95238095238091   0.00000000000000
    43      C     0.42857142857143   0.00000000000000   0.00000000000000
    44      C     0.47619047619045   0.09523809523805   0.00000000000000
    45      C     0.42857142857143   0.14285714285714   0.00000000000000
    46      C     0.47619047619045   0.23809523809519   0.00000000000000
    47      C     0.42857142857143   0.28571428571429   0.00000000000000
    48      C     0.47619047619045   0.38095238095234   0.00000000000000
    49      C     0.42857142857143   0.42857142857143   0.00083333333333
    50      C     0.47619047619045   0.52380952380948   0.00000000000000
    51      C     0.42857142857143   0.57142857142857   0.00000000000000
    52      C     0.47619047619045   0.66666666666662   0.00000000000000
    53      C     0.42857142857143   0.71428571428571   0.00000000000000
    54      C     0.47619047619045   0.80952380952376   0.00000000000000
    55      C     0.42857142857143   0.85714285714286   0.00000000000000
    56      C     0.47619047619045   0.95238095238091   0.00000000000000
    57      C     0.57142857142857   0.00000000000000   0.00000000000000
    58      C     0.61904761904760   0.09523809523805   0.00000000000000
    59      C     0.57142857142857   0.14285714285714   0.00000000000000
    60      C     0.61904761904760   0.23809523809519   0.00000000000000
    61      C     0.57142857142857   0.28571428571429   0.00000000000000
    62      C     0.61904761904760   0.38095238095234   0.00000000000000
    63      C     0.57142857142857   0.42857142857143   0.00000000000000
    64      C     0.61904761904760   0.52380952380948   0.00000000000000
    65      C     0.57142857142857   0.57142857142857   0.00000000000000
    66      C     0.61904761904760   0.66666666666662   0.00000000000000
    67      C     0.57142857142857   0.71428571428571   0.00000000000000
    68      C     0.61904761904760   0.80952380952376   0.00000000000000
    69      C     0.57142857142857   0.85714285714286   0.00000000000000
    70      C     0.61904761904760   0.95238095238091   0.00000000000000
    71      C     0.71428571428571   0.00000000000000   0.00000000000000
    72      C     0.76190476190474   0.09523809523805   0.00000000000000
    73      C     0.71428571428571   0.14285714285714   0.00000000000000
    74      C     0.76190476190474   0.23809523809519   0.00000000000000
    75      C     0.71428571428571   0.28571428571429   0.00000000000000
    76      C     0.76190476190474   0.38095238095234   0.00000000000000
    77      C     0.71428571428571   0.42857142857143   0.00000000000000
    78      C     0.76190476190474   0.52380952380948   0.00000000000000
    79      C     0.71428571428571   0.57142857142857   0.00000000000000
    80      C     0.76190476190474   0.66666666666662   0.00000000000000
    81      C     0.71428571428571   0.71428571428571   0.00000000000000
    82      C     0.76190476190474   0.80952380952376   0.00000000000000
    83      C     0.71428571428571   0.85714285714286   0.00000000000000
    84      C     0.76190476190474   0.95238095238091   0.00000000000000
    85      C     0.85714285714286   0.00000000000000   0.00000000000000
    86      C     0.90476190476188   0.09523809523805   0.00000000000000
    87      C     0.85714285714286   0.14285714285714   0.00000000000000
    88      C     0.90476190476188   0.23809523809519   0.00000000000000
    89      C     0.85714285714286   0.28571428571429   0.00000000000000
    90      C     0.90476190476188   0.38095238095234   0.00000000000000
    91      C     0.85714285714286   0.42857142857143   0.00000000000000
    92      C     0.90476190476188   0.52380952380948   0.00000000000000
    93      C     0.85714285714286   0.57142857142857   0.00000000000000
    94      C     0.90476190476188   0.66666666666662   0.00000000000000
    95      C     0.85714285714286   0.71428571428571   0.00000000000000
    96      C     0.90476190476188   0.80952380952376   0.00000000000000
    97      C     0.85714285714286   0.85714285714286   0.00000000000000
    98      C     0.90476190476188   0.95238095238091   0.00000000000000

***********************************************************
***********************************************************
               Computational Time (second)                 
***********************************************************
***********************************************************

   Elapsed.Time.        26.034

                               Min_ID   Min_Time       Max_ID   Max_Time
   Total Computational Time =     9       25.850          0       26.034
   readfile                 =    31        1.341          0        1.373
   truncation               =    25        0.908         15        0.940
   MD_pac                   =     0        0.063         31        0.082
   OutData                  =    30        0.000          0        0.133
   DFT                      =    31       21.911         25       21.943

*** In DFT ***

   Set_OLP_Kin              =    17        0.822         15        1.089
   Set_Nonlocal             =    15        1.666         17        1.932
   Set_ProExpn_VNA          =     0        0.000          0        0.000
   Set_Hamiltonian          =    16        5.875          2        5.875
   Poisson                  =    13        0.105          1        0.106
   Diagonalization          =    12        6.736         29        6.737
   Mixing_DM                =    16        0.039         19        0.039
   Force                    =     6        0.709         13        0.709
   Total_Energy             =     7        1.133          0        1.137
   Set_Aden_Grid            =     8        0.037          4        0.039
   Set_Orbitals_Grid        =     1        0.340         31        0.444
   Set_Density_Grid         =    13        2.843          0        3.704
   RestartFileDFT           =     1        0.136         20        0.172
   Mulliken_Charge          =    18        0.105          3        0.105
   FFT(2D)_Density          =     0        0.000          0        0.000
   Others                   =    31        0.120         13        1.083
