============================================================
Currently Loaded Modulefiles:
 1) intel/oneapi/2023.2.0  
MKLROOT=/apps/support/intel_spr_rocky8.9/oneapi/2023.2.0/mkl/2023.2.0
============================================================
Job ID: tyy
Job name: tyy
Number of nodes: 8
Number of processors: 256
Task is running on the following nodes:
qhcn[070-077]
OMP_NUM_THREADS = 2
============================================================


The number of threads in each node for OpenMP parallelization is 2.


*******************************************************
*******************************************************
 Welcome to OpenMX   Ver. 3.9.9                           
 Copyright (C), 2002-2019, T. Ozaki                    
 OpenMX comes with ABSOLUTELY NO WARRANTY.             
 This is free software, and you are welcome to         
 redistribute it under the constitution of the GNU-GPL.
*******************************************************
*******************************************************



<Input_std>  Your input file was normally read.
<Input_std>  The system includes 1 species and 343 atoms.

*******************************************************
                     PAO and VPS                       
*******************************************************

<SetPara_DFT>  PAOs of species Ni were normally found.
<SetPara_DFT>  VPSs of species Ni were normally found.
               Ni_PBE19H.vps is j-dependent.

*******************************************************
     Fourier transform of PAO and projectors of VNL    
*******************************************************

<FT_PAO>          Fourier transform of pseudo atomic orbitals
<FT_NLP>          Fourier transform of non-local projectors

*******************************************************
  Allocation of atoms to processors at MD_iter=    1     
*******************************************************

 proc =   0  # of atoms=   1  estimated weight=         1.00000
 proc =   1  # of atoms=   1  estimated weight=         1.00000
 proc =   2  # of atoms=   1  estimated weight=         1.00000
 proc =   3  # of atoms=   2  estimated weight=         2.00000
 proc =   4  # of atoms=   1  estimated weight=         1.00000
 proc =   5  # of atoms=   1  estimated weight=         1.00000
 proc =   6  # of atoms=   1  estimated weight=         1.00000
 proc =   7  # of atoms=   2  estimated weight=         2.00000
 proc =   8  # of atoms=   1  estimated weight=         1.00000
 proc =   9  # of atoms=   1  estimated weight=         1.00000
 proc =  10  # of atoms=   1  estimated weight=         1.00000
 proc =  11  # of atoms=   2  estimated weight=         2.00000
 proc =  12  # of atoms=   1  estimated weight=         1.00000
 proc =  13  # of atoms=   2  estimated weight=         2.00000
 proc =  14  # of atoms=   1  estimated weight=         1.00000
 proc =  15  # of atoms=   2  estimated weight=         2.00000
 proc =  16  # of atoms=   1  estimated weight=         1.00000
 proc =  17  # of atoms=   1  estimated weight=         1.00000
 proc =  18  # of atoms=   1  estimated weight=         1.00000
 proc =  19  # of atoms=   2  estimated weight=         2.00000
 proc =  20  # of atoms=   1  estimated weight=         1.00000
 proc =  21  # of atoms=   1  estimated weight=         1.00000
 proc =  22  # of atoms=   1  estimated weight=         1.00000
 proc =  23  # of atoms=   2  estimated weight=         2.00000
 proc =  24  # of atoms=   1  estimated weight=         1.00000
 proc =  25  # of atoms=   1  estimated weight=         1.00000
 proc =  26  # of atoms=   1  estimated weight=         1.00000
 proc =  27  # of atoms=   2  estimated weight=         2.00000
 proc =  28  # of atoms=   1  estimated weight=         1.00000
 proc =  29  # of atoms=   2  estimated weight=         2.00000
 proc =  30  # of atoms=   1  estimated weight=         1.00000
 proc =  31  # of atoms=   2  estimated weight=         2.00000
 proc =  32  # of atoms=   1  estimated weight=         1.00000
 proc =  33  # of atoms=   1  estimated weight=         1.00000
 proc =  34  # of atoms=   1  estimated weight=         1.00000
 proc =  35  # of atoms=   2  estimated weight=         2.00000
 proc =  36  # of atoms=   1  estimated weight=         1.00000
 proc =  37  # of atoms=   1  estimated weight=         1.00000
 proc =  38  # of atoms=   1  estimated weight=         1.00000
 proc =  39  # of atoms=   2  estimated weight=         2.00000
 proc =  40  # of atoms=   1  estimated weight=         1.00000
 proc =  41  # of atoms=   1  estimated weight=         1.00000
 proc =  42  # of atoms=   1  estimated weight=         1.00000
 proc =  43  # of atoms=   2  estimated weight=         2.00000
 proc =  44  # of atoms=   1  estimated weight=         1.00000
 proc =  45  # of atoms=   2  estimated weight=         2.00000
 proc =  46  # of atoms=   1  estimated weight=         1.00000
 proc =  47  # of atoms=   2  estimated weight=         2.00000
 proc =  48  # of atoms=   1  estimated weight=         1.00000
 proc =  49  # of atoms=   1  estimated weight=         1.00000
 proc =  50  # of atoms=   1  estimated weight=         1.00000
 proc =  51  # of atoms=   2  estimated weight=         2.00000
 proc =  52  # of atoms=   1  estimated weight=         1.00000
 proc =  53  # of atoms=   2  estimated weight=         2.00000
 proc =  54  # of atoms=   1  estimated weight=         1.00000
 proc =  55  # of atoms=   2  estimated weight=         2.00000
 proc =  56  # of atoms=   1  estimated weight=         1.00000
 proc =  57  # of atoms=   1  estimated weight=         1.00000
 proc =  58  # of atoms=   1  estimated weight=         1.00000
 proc =  59  # of atoms=   2  estimated weight=         2.00000
 proc =  60  # of atoms=   1  estimated weight=         1.00000
 proc =  61  # of atoms=   2  estimated weight=         2.00000
 proc =  62  # of atoms=   1  estimated weight=         1.00000
 proc =  63  # of atoms=   2  estimated weight=         2.00000
 proc =  64  # of atoms=   1  estimated weight=         1.00000
 proc =  65  # of atoms=   1  estimated weight=         1.00000
 proc =  66  # of atoms=   1  estimated weight=         1.00000
 proc =  67  # of atoms=   2  estimated weight=         2.00000
 proc =  68  # of atoms=   1  estimated weight=         1.00000
 proc =  69  # of atoms=   1  estimated weight=         1.00000
 proc =  70  # of atoms=   1  estimated weight=         1.00000
 proc =  71  # of atoms=   2  estimated weight=         2.00000
 proc =  72  # of atoms=   1  estimated weight=         1.00000
 proc =  73  # of atoms=   1  estimated weight=         1.00000
 proc =  74  # of atoms=   1  estimated weight=         1.00000
 proc =  75  # of atoms=   2  estimated weight=         2.00000
 proc =  76  # of atoms=   1  estimated weight=         1.00000
 proc =  77  # of atoms=   2  estimated weight=         2.00000
 proc =  78  # of atoms=   1  estimated weight=         1.00000
 proc =  79  # of atoms=   2  estimated weight=         2.00000
 proc =  80  # of atoms=   1  estimated weight=         1.00000
 proc =  81  # of atoms=   1  estimated weight=         1.00000
 proc =  82  # of atoms=   1  estimated weight=         1.00000
 proc =  83  # of atoms=   2  estimated weight=         2.00000
 proc =  84  # of atoms=   1  estimated weight=         1.00000
 proc =  85  # of atoms=   2  estimated weight=         2.00000
 proc =  86  # of atoms=   1  estimated weight=         1.00000
 proc =  87  # of atoms=   2  estimated weight=         2.00000
 proc =  88  # of atoms=   1  estimated weight=         1.00000
 proc =  89  # of atoms=   1  estimated weight=         1.00000
 proc =  90  # of atoms=   1  estimated weight=         1.00000
 proc =  91  # of atoms=   2  estimated weight=         2.00000
 proc =  92  # of atoms=   1  estimated weight=         1.00000
 proc =  93  # of atoms=   2  estimated weight=         2.00000
 proc =  94  # of atoms=   1  estimated weight=         1.00000
 proc =  95  # of atoms=   2  estimated weight=         2.00000
 proc =  96  # of atoms=   1  estimated weight=         1.00000
 proc =  97  # of atoms=   1  estimated weight=         1.00000
 proc =  98  # of atoms=   1  estimated weight=         1.00000
 proc =  99  # of atoms=   2  estimated weight=         2.00000
 proc = 100  # of atoms=   1  estimated weight=         1.00000
 proc = 101  # of atoms=   1  estimated weight=         1.00000
 proc = 102  # of atoms=   1  estimated weight=         1.00000
 proc = 103  # of atoms=   2  estimated weight=         2.00000
 proc = 104  # of atoms=   1  estimated weight=         1.00000
 proc = 105  # of atoms=   1  estimated weight=         1.00000
 proc = 106  # of atoms=   1  estimated weight=         1.00000
 proc = 107  # of atoms=   2  estimated weight=         2.00000
 proc = 108  # of atoms=   1  estimated weight=         1.00000
 proc = 109  # of atoms=   2  estimated weight=         2.00000
 proc = 110  # of atoms=   1  estimated weight=         1.00000
 proc = 111  # of atoms=   2  estimated weight=         2.00000
 proc = 112  # of atoms=   1  estimated weight=         1.00000
 proc = 113  # of atoms=   1  estimated weight=         1.00000
 proc = 114  # of atoms=   1  estimated weight=         1.00000
 proc = 115  # of atoms=   2  estimated weight=         2.00000
 proc = 116  # of atoms=   1  estimated weight=         1.00000
 proc = 117  # of atoms=   2  estimated weight=         2.00000
 proc = 118  # of atoms=   1  estimated weight=         1.00000
 proc = 119  # of atoms=   2  estimated weight=         2.00000
 proc = 120  # of atoms=   1  estimated weight=         1.00000
 proc = 121  # of atoms=   1  estimated weight=         1.00000
 proc = 122  # of atoms=   1  estimated weight=         1.00000
 proc = 123  # of atoms=   2  estimated weight=         2.00000
 proc = 124  # of atoms=   1  estimated weight=         1.00000
 proc = 125  # of atoms=   2  estimated weight=         2.00000
 proc = 126  # of atoms=   1  estimated weight=         1.00000
 proc = 127  # of atoms=   2  estimated weight=         2.00000
 proc = 128  # of atoms=   1  estimated weight=         1.00000
 proc = 129  # of atoms=   1  estimated weight=         1.00000
 proc = 130  # of atoms=   1  estimated weight=         1.00000
 proc = 131  # of atoms=   2  estimated weight=         2.00000
 proc = 132  # of atoms=   1  estimated weight=         1.00000
 proc = 133  # of atoms=   1  estimated weight=         1.00000
 proc = 134  # of atoms=   1  estimated weight=         1.00000
 proc = 135  # of atoms=   2  estimated weight=         2.00000
 proc = 136  # of atoms=   1  estimated weight=         1.00000
 proc = 137  # of atoms=   1  estimated weight=         1.00000
 proc = 138  # of atoms=   1  estimated weight=         1.00000
 proc = 139  # of atoms=   2  estimated weight=         2.00000
 proc = 140  # of atoms=   1  estimated weight=         1.00000
 proc = 141  # of atoms=   2  estimated weight=         2.00000
 proc = 142  # of atoms=   1  estimated weight=         1.00000
 proc = 143  # of atoms=   2  estimated weight=         2.00000
 proc = 144  # of atoms=   1  estimated weight=         1.00000
 proc = 145  # of atoms=   1  estimated weight=         1.00000
 proc = 146  # of atoms=   1  estimated weight=         1.00000
 proc = 147  # of atoms=   2  estimated weight=         2.00000
 proc = 148  # of atoms=   1  estimated weight=         1.00000
 proc = 149  # of atoms=   2  estimated weight=         2.00000
 proc = 150  # of atoms=   1  estimated weight=         1.00000
 proc = 151  # of atoms=   2  estimated weight=         2.00000
 proc = 152  # of atoms=   1  estimated weight=         1.00000
 proc = 153  # of atoms=   1  estimated weight=         1.00000
 proc = 154  # of atoms=   1  estimated weight=         1.00000
 proc = 155  # of atoms=   2  estimated weight=         2.00000
 proc = 156  # of atoms=   1  estimated weight=         1.00000
 proc = 157  # of atoms=   2  estimated weight=         2.00000
 proc = 158  # of atoms=   1  estimated weight=         1.00000
 proc = 159  # of atoms=   2  estimated weight=         2.00000
 proc = 160  # of atoms=   1  estimated weight=         1.00000
 proc = 161  # of atoms=   1  estimated weight=         1.00000
 proc = 162  # of atoms=   1  estimated weight=         1.00000
 proc = 163  # of atoms=   2  estimated weight=         2.00000
 proc = 164  # of atoms=   1  estimated weight=         1.00000
 proc = 165  # of atoms=   1  estimated weight=         1.00000
 proc = 166  # of atoms=   1  estimated weight=         1.00000
 proc = 167  # of atoms=   2  estimated weight=         2.00000
 proc = 168  # of atoms=   1  estimated weight=         1.00000
 proc = 169  # of atoms=   1  estimated weight=         1.00000
 proc = 170  # of atoms=   1  estimated weight=         1.00000
 proc = 171  # of atoms=   2  estimated weight=         2.00000
 proc = 172  # of atoms=   1  estimated weight=         1.00000
 proc = 173  # of atoms=   2  estimated weight=         2.00000
 proc = 174  # of atoms=   1  estimated weight=         1.00000
 proc = 175  # of atoms=   2  estimated weight=         2.00000
 proc = 176  # of atoms=   1  estimated weight=         1.00000
 proc = 177  # of atoms=   1  estimated weight=         1.00000
 proc = 178  # of atoms=   1  estimated weight=         1.00000
 proc = 179  # of atoms=   2  estimated weight=         2.00000
 proc = 180  # of atoms=   1  estimated weight=         1.00000
 proc = 181  # of atoms=   2  estimated weight=         2.00000
 proc = 182  # of atoms=   1  estimated weight=         1.00000
 proc = 183  # of atoms=   2  estimated weight=         2.00000
 proc = 184  # of atoms=   1  estimated weight=         1.00000
 proc = 185  # of atoms=   1  estimated weight=         1.00000
 proc = 186  # of atoms=   1  estimated weight=         1.00000
 proc = 187  # of atoms=   2  estimated weight=         2.00000
 proc = 188  # of atoms=   1  estimated weight=         1.00000
 proc = 189  # of atoms=   2  estimated weight=         2.00000
 proc = 190  # of atoms=   1  estimated weight=         1.00000
 proc = 191  # of atoms=   2  estimated weight=         2.00000
 proc = 192  # of atoms=   1  estimated weight=         1.00000
 proc = 193  # of atoms=   1  estimated weight=         1.00000
 proc = 194  # of atoms=   1  estimated weight=         1.00000
 proc = 195  # of atoms=   2  estimated weight=         2.00000
 proc = 196  # of atoms=   1  estimated weight=         1.00000
 proc = 197  # of atoms=   1  estimated weight=         1.00000
 proc = 198  # of atoms=   1  estimated weight=         1.00000
 proc = 199  # of atoms=   2  estimated weight=         2.00000
 proc = 200  # of atoms=   1  estimated weight=         1.00000
 proc = 201  # of atoms=   1  estimated weight=         1.00000
 proc = 202  # of atoms=   1  estimated weight=         1.00000
 proc = 203  # of atoms=   2  estimated weight=         2.00000
 proc = 204  # of atoms=   1  estimated weight=         1.00000
 proc = 205  # of atoms=   2  estimated weight=         2.00000
 proc = 206  # of atoms=   1  estimated weight=         1.00000
 proc = 207  # of atoms=   2  estimated weight=         2.00000
 proc = 208  # of atoms=   1  estimated weight=         1.00000
 proc = 209  # of atoms=   1  estimated weight=         1.00000
 proc = 210  # of atoms=   1  estimated weight=         1.00000
 proc = 211  # of atoms=   2  estimated weight=         2.00000
 proc = 212  # of atoms=   1  estimated weight=         1.00000
 proc = 213  # of atoms=   2  estimated weight=         2.00000
 proc = 214  # of atoms=   1  estimated weight=         1.00000
 proc = 215  # of atoms=   2  estimated weight=         2.00000
 proc = 216  # of atoms=   1  estimated weight=         1.00000
 proc = 217  # of atoms=   1  estimated weight=         1.00000
 proc = 218  # of atoms=   1  estimated weight=         1.00000
 proc = 219  # of atoms=   2  estimated weight=         2.00000
 proc = 220  # of atoms=   1  estimated weight=         1.00000
 proc = 221  # of atoms=   2  estimated weight=         2.00000
 proc = 222  # of atoms=   1  estimated weight=         1.00000
 proc = 223  # of atoms=   2  estimated weight=         2.00000
 proc = 224  # of atoms=   1  estimated weight=         1.00000
 proc = 225  # of atoms=   1  estimated weight=         1.00000
 proc = 226  # of atoms=   1  estimated weight=         1.00000
 proc = 227  # of atoms=   2  estimated weight=         2.00000
 proc = 228  # of atoms=   1  estimated weight=         1.00000
 proc = 229  # of atoms=   1  estimated weight=         1.00000
 proc = 230  # of atoms=   1  estimated weight=         1.00000
 proc = 231  # of atoms=   2  estimated weight=         2.00000
 proc = 232  # of atoms=   1  estimated weight=         1.00000
 proc = 233  # of atoms=   1  estimated weight=         1.00000
 proc = 234  # of atoms=   1  estimated weight=         1.00000
 proc = 235  # of atoms=   2  estimated weight=         2.00000
 proc = 236  # of atoms=   1  estimated weight=         1.00000
 proc = 237  # of atoms=   2  estimated weight=         2.00000
 proc = 238  # of atoms=   1  estimated weight=         1.00000
 proc = 239  # of atoms=   2  estimated weight=         2.00000
 proc = 240  # of atoms=   1  estimated weight=         1.00000
 proc = 241  # of atoms=   1  estimated weight=         1.00000
 proc = 242  # of atoms=   1  estimated weight=         1.00000
 proc = 243  # of atoms=   2  estimated weight=         2.00000
 proc = 244  # of atoms=   1  estimated weight=         1.00000
 proc = 245  # of atoms=   2  estimated weight=         2.00000
 proc = 246  # of atoms=   1  estimated weight=         1.00000
 proc = 247  # of atoms=   2  estimated weight=         2.00000
 proc = 248  # of atoms=   1  estimated weight=         1.00000
 proc = 249  # of atoms=   1  estimated weight=         1.00000
 proc = 250  # of atoms=   1  estimated weight=         1.00000
 proc = 251  # of atoms=   2  estimated weight=         2.00000
 proc = 252  # of atoms=   1  estimated weight=         1.00000
 proc = 253  # of atoms=   2  estimated weight=         2.00000
 proc = 254  # of atoms=   1  estimated weight=         1.00000
 proc = 255  # of atoms=   2  estimated weight=         2.00000




*******************************************************
        Analysis of neighbors and setting of grids        
*******************************************************

TFNAN=   29498   Average FNAN=  86.00000
TSNAN=       0   Average SNAN=   0.00000
<truncation> CpyCell= 1 ct_AN=   1 FNAN SNAN  86   0
<truncation> CpyCell= 1 ct_AN=   2 FNAN SNAN  86   0
<truncation> CpyCell= 1 ct_AN=   3 FNAN SNAN  86   0
<truncation> CpyCell= 1 ct_AN=   4 FNAN SNAN  86   0
<truncation> CpyCell= 1 ct_AN=   5 FNAN SNAN  86   0
<truncation> CpyCell= 1 ct_AN=   6 FNAN SNAN  86   0
<truncation> CpyCell= 1 ct_AN=   7 FNAN SNAN  86   0
<truncation> CpyCell= 1 ct_AN=   8 FNAN SNAN  86   0
<truncation> CpyCell= 1 ct_AN=   9 FNAN SNAN  86   0
<truncation> CpyCell= 1 ct_AN=  10 FNAN SNAN  86   0
<truncation> CpyCell= 1 ct_AN=  11 FNAN SNAN  86   0
<truncation> CpyCell= 1 ct_AN=  12 FNAN SNAN  86   0
<truncation> CpyCell= 1 ct_AN=  13 FNAN SNAN  86   0
<truncation> CpyCell= 1 ct_AN=  14 FNAN SNAN  86   0
<truncation> CpyCell= 1 ct_AN=  15 FNAN SNAN  86   0
<truncation> CpyCell= 1 ct_AN=  16 FNAN SNAN  86   0
<truncation> CpyCell= 1 ct_AN=  17 FNAN SNAN  86   0
<truncation> CpyCell= 1 ct_AN=  18 FNAN SNAN  86   0
<truncation> CpyCell= 1 ct_AN=  19 FNAN SNAN  86   0
<truncation> CpyCell= 1 ct_AN=  20 FNAN SNAN  86   0
     ..........
     ......

TFNAN=   29498   Average FNAN=  86.00000
TSNAN=       0   Average SNAN=   0.00000
<truncation> CpyCell= 2 ct_AN=   1 FNAN SNAN  86   0
<truncation> CpyCell= 2 ct_AN=   2 FNAN SNAN  86   0
<truncation> CpyCell= 2 ct_AN=   3 FNAN SNAN  86   0
<truncation> CpyCell= 2 ct_AN=   4 FNAN SNAN  86   0
<truncation> CpyCell= 2 ct_AN=   5 FNAN SNAN  86   0
<truncation> CpyCell= 2 ct_AN=   6 FNAN SNAN  86   0
<truncation> CpyCell= 2 ct_AN=   7 FNAN SNAN  86   0
<truncation> CpyCell= 2 ct_AN=   8 FNAN SNAN  86   0
<truncation> CpyCell= 2 ct_AN=   9 FNAN SNAN  86   0
<truncation> CpyCell= 2 ct_AN=  10 FNAN SNAN  86   0
<truncation> CpyCell= 2 ct_AN=  11 FNAN SNAN  86   0
<truncation> CpyCell= 2 ct_AN=  12 FNAN SNAN  86   0
<truncation> CpyCell= 2 ct_AN=  13 FNAN SNAN  86   0
<truncation> CpyCell= 2 ct_AN=  14 FNAN SNAN  86   0
<truncation> CpyCell= 2 ct_AN=  15 FNAN SNAN  86   0
<truncation> CpyCell= 2 ct_AN=  16 FNAN SNAN  86   0
<truncation> CpyCell= 2 ct_AN=  17 FNAN SNAN  86   0
<truncation> CpyCell= 2 ct_AN=  18 FNAN SNAN  86   0
<truncation> CpyCell= 2 ct_AN=  19 FNAN SNAN  86   0
<truncation> CpyCell= 2 ct_AN=  20 FNAN SNAN  86   0
     ..........
     ......

TFNAN=   29498   Average FNAN=  86.00000
TSNAN=       0   Average SNAN=   0.00000
<truncation> CpyCell= 2 ct_AN=   1 FNAN SNAN  86   0
<truncation> CpyCell= 2 ct_AN=   2 FNAN SNAN  86   0
<truncation> CpyCell= 2 ct_AN=   3 FNAN SNAN  86   0
<truncation> CpyCell= 2 ct_AN=   4 FNAN SNAN  86   0
<truncation> CpyCell= 2 ct_AN=   5 FNAN SNAN  86   0
<truncation> CpyCell= 2 ct_AN=   6 FNAN SNAN  86   0
<truncation> CpyCell= 2 ct_AN=   7 FNAN SNAN  86   0
<truncation> CpyCell= 2 ct_AN=   8 FNAN SNAN  86   0
<truncation> CpyCell= 2 ct_AN=   9 FNAN SNAN  86   0
<truncation> CpyCell= 2 ct_AN=  10 FNAN SNAN  86   0
<truncation> CpyCell= 2 ct_AN=  11 FNAN SNAN  86   0
<truncation> CpyCell= 2 ct_AN=  12 FNAN SNAN  86   0
<truncation> CpyCell= 2 ct_AN=  13 FNAN SNAN  86   0
<truncation> CpyCell= 2 ct_AN=  14 FNAN SNAN  86   0
<truncation> CpyCell= 2 ct_AN=  15 FNAN SNAN  86   0
<truncation> CpyCell= 2 ct_AN=  16 FNAN SNAN  86   0
<truncation> CpyCell= 2 ct_AN=  17 FNAN SNAN  86   0
<truncation> CpyCell= 2 ct_AN=  18 FNAN SNAN  86   0
<truncation> CpyCell= 2 ct_AN=  19 FNAN SNAN  86   0
<truncation> CpyCell= 2 ct_AN=  20 FNAN SNAN  86   0
     ..........
     ......

<Check_System> The system is bulk.
lattice vectors (bohr)
A  =  0.000000000000, 23.645855749169, 23.645855749169
B  = 23.645855749169,  0.000000000000, 23.645855749169
C  = 23.645855749169, 23.645855749169,  0.000000000000
reciprocal lattice vectors (bohr^-1)
RA = -0.132860180106,  0.132860180106,  0.132860180106
RB =  0.132860180106, -0.132860180106,  0.132860180106
RC =  0.132860180106,  0.132860180106, -0.132860180106
Grid_Origin -3.265380079647 -3.265380079647 -3.265380079647
Cell_Volume =  26442.048850550826 (Bohr^3)
GridVol     =      0.002855204497 (Bohr^3)
Grid_Origin -3.265380079647 -3.265380079647 -3.265380079647
Cell_Volume =  26442.048850550826 (Bohr^3)
GridVol     =      0.002855204497 (Bohr^3)
<UCell_Box> Info. of cutoff energy and num. of grids
lattice vectors (bohr)
A  =  0.000000000000, 23.645855749169, 23.645855749169
B  = 23.645855749169,  0.000000000000, 23.645855749169
C  = 23.645855749169, 23.645855749169,  0.000000000000
reciprocal lattice vectors (bohr^-1)
RA = -0.132860180106,  0.132860180106,  0.132860180106
RB =  0.132860180106, -0.132860180106,  0.132860180106
RC =  0.132860180106,  0.132860180106, -0.132860180106
Required cutoff energy (Ryd) for 3D-grids = 600.0000
    Used cutoff energy (Ryd) for 3D-grids = 583.8342, 583.8342, 583.8342
Num. of grids of a-, b-, and c-axes = 210, 210, 210
Grid_Origin -3.265380079647 -3.265380079647 -3.265380079647
Cell_Volume =  26442.048850550826 (Bohr^3)
GridVol     =      0.002855204497 (Bohr^3)
Cell vectors (bohr) of the grid cell (gtv)
  gtv_a =  0.000000000000,  0.112599313091,  0.112599313091
  gtv_b =  0.112599313091,  0.000000000000,  0.112599313091
  gtv_c =  0.112599313091,  0.112599313091,  0.000000000000
  |gtv_a| =  0.159239475688
  |gtv_b| =  0.159239475688
  |gtv_c| =  0.159239475688
Num. of grids overlapping with atom    1 = 316866
Num. of grids overlapping with atom    2 = 316866
Num. of grids overlapping with atom    3 = 316866
Num. of grids overlapping with atom    4 = 316866
Num. of grids overlapping with atom    5 = 316866
Num. of grids overlapping with atom    6 = 316866
Num. of grids overlapping with atom    7 = 316866
Num. of grids overlapping with atom    8 = 316866
Num. of grids overlapping with atom    9 = 316866
Num. of grids overlapping with atom   10 = 316866
Num. of grids overlapping with atom   11 = 316866
Num. of grids overlapping with atom   12 = 316866
Num. of grids overlapping with atom   13 = 316866
Num. of grids overlapping with atom   14 = 316866
Num. of grids overlapping with atom   15 = 316866
Num. of grids overlapping with atom   16 = 316866
Num. of grids overlapping with atom   17 = 316866
Num. of grids overlapping with atom   18 = 316866
Num. of grids overlapping with atom   19 = 316866
Num. of grids overlapping with atom   20 = 316866
     ..........
     ......


*******************************************************
             SCF calculation at MD = 1                
*******************************************************

<MD= 1>  Calculation of the overlap matrix
<MD= 1>  Calculation of the nonlocal matrix

******************* MD= 1  SCF= 1 *******************
<Restart>  Found restart files
<Poisson>  Poisson's equation using FFT...
<Band>  Solving the eigenvalue problem...
 KGrids1:  -0.33333   0.00000   0.33333 
 KGrids2:  -0.33333  -0.00000   0.33333 
 KGrids3:  -0.33333   0.00000   0.33334 
<Band_DFT>  Eigen, time=136.903348
<Band_DFT>  DM, time=0.000009
    1   Ni  MulP 9.29 8.71 sum 18.00 diff  0.59 (  0.01  44.60)  Ml 0.05 (  0.05  45.54)  Ml+s 0.64 (  0.02  44.82)
    2   Ni  MulP 9.29 8.71 sum 18.00 diff  0.59 (  0.01  44.60)  Ml 0.05 (  0.05  42.33)  Ml+s 0.64 (  0.02  44.07)
    3   Ni  MulP 9.29 8.71 sum 18.00 diff  0.59 (  0.01  44.06)  Ml 0.05 (  0.05  45.88)  Ml+s 0.64 (  0.02  44.49)
    4   Ni  MulP 9.29 8.71 sum 18.00 diff  0.59 (  0.01  44.04)  Ml 0.05 (  0.05  45.45)  Ml+s 0.64 (  0.02  44.37)
    5   Ni  MulP 9.29 8.71 sum 18.00 diff  0.59 (  0.01  44.61)  Ml 0.05 (  0.05  42.32)  Ml+s 0.64 (  0.02  44.08)
    6   Ni  MulP 9.29 8.71 sum 18.00 diff  0.59 (  0.01  44.60)  Ml 0.05 (  0.05  45.64)  Ml+s 0.64 (  0.02  44.84)
    7   Ni  MulP 9.29 8.71 sum 18.00 diff  0.59 (  0.01  44.71)  Ml 0.05 (  0.05  44.45)  Ml+s 0.64 (  0.02  44.65)
    8   Ni  MulP 9.29 8.71 sum 18.00 diff  0.59 (  0.01  44.53)  Ml 0.05 (  0.05  45.67)  Ml+s 0.64 (  0.02  44.79)
    9   Ni  MulP 9.29 8.71 sum 18.00 diff  0.59 (  0.01  44.56)  Ml 0.05 (  0.05  45.82)  Ml+s 0.64 (  0.02  44.85)
   10   Ni  MulP 9.29 8.71 sum 18.00 diff  0.59 (  0.01  44.91)  Ml 0.05 (  0.05  45.01)  Ml+s 0.64 (  0.02  44.94)
   11   Ni  MulP 9.29 8.71 sum 18.00 diff  0.59 (  0.01  44.53)  Ml 0.05 (  0.05  45.01)  Ml+s 0.64 (  0.02  44.64)
   12   Ni  MulP 9.29 8.71 sum 18.00 diff  0.59 (  0.01  44.47)  Ml 0.05 (  0.05  45.28)  Ml+s 0.64 (  0.02  44.67)
   13   Ni  MulP 9.29 8.71 sum 18.00 diff  0.59 (  0.01  44.58)  Ml 0.05 (  0.05  43.98)  Ml+s 0.64 (  0.02  44.44)
   14   Ni  MulP 9.29 8.71 sum 18.00 diff  0.59 (  0.01  44.60)  Ml 0.05 (  0.05  44.35)  Ml+s 0.64 (  0.02  44.54)
   15   Ni  MulP 9.29 8.71 sum 18.00 diff  0.59 (  0.01  44.43)  Ml 0.05 (  0.05  44.40)  Ml+s 0.64 (  0.02  44.42)
   16   Ni  MulP 9.29 8.71 sum 18.00 diff  0.59 (  0.01  44.40)  Ml 0.05 (  0.05  45.95)  Ml+s 0.64 (  0.02  44.77)
   17   Ni  MulP 9.29 8.71 sum 18.00 diff  0.59 (  0.01  44.14)  Ml 0.05 (  0.05  44.69)  Ml+s 0.64 (  0.02  44.27)
   18   Ni  MulP 9.29 8.71 sum 18.00 diff  0.59 (  0.01  44.72)  Ml 0.05 (  0.05  45.43)  Ml+s 0.64 (  0.02  44.89)
   19   Ni  MulP 9.29 8.71 sum 18.00 diff  0.59 (  0.01  44.33)  Ml 0.05 (  0.05  46.74)  Ml+s 0.64 (  0.02  44.91)
   20   Ni  MulP 9.29 8.71 sum 18.00 diff  0.59 (  0.01  44.64)  Ml 0.05 (  0.05  45.34)  Ml+s 0.64 (  0.02  44.81)
     ..........
     ......

 Sum of MulP: up   =  3187.45513 down          =  2986.54487
              total=  6174.00000 ideal(neutral)=  6174.00000
<DFT>  Total Spin Moment    (muB) 200.910269265   Angles    0.014459647    44.463886102
<DFT>  Total Orbital Moment (muB) 17.829222926   Angles    0.049974450    44.845826679
<DFT>  Total Moment         (muB) 218.739489044   Angles    0.017354351    44.553533477
<DFT>  Mixing_weight= 0.010000000000
<DFT>  Uele   =-9092.011089002819  dUele     =   1.000000000000
<DFT>  NormRD =    1.000000000000  Criterion =   0.000005000000

******************* MD= 1  SCF= 2 *******************
<Poisson>  Poisson's equation using FFT...
<Set_Hamiltonian>  Hamiltonian matrix for VNA+dVH+Vxc...
<Band>  Solving the eigenvalue problem...
 KGrids1:  -0.33333   0.00000   0.33333 
 KGrids2:  -0.33333  -0.00000   0.33333 
 KGrids3:  -0.33333   0.00000   0.33334 
<Band_DFT>  Eigen, time=187.355142
<Band_DFT>  DM, time=0.000000
    1   Ni  MulP 9.29 8.71 sum 18.00 diff  0.59 (  0.01  44.61)  Ml 0.05 (  0.05  45.65)  Ml+s 0.64 (  0.02  44.85)
    2   Ni  MulP 9.29 8.71 sum 18.00 diff  0.59 (  0.01  44.60)  Ml 0.05 (  0.05  42.64)  Ml+s 0.64 (  0.02  44.15)
    3   Ni  MulP 9.29 8.71 sum 18.00 diff  0.59 (  0.01  44.08)  Ml 0.05 (  0.05  45.93)  Ml+s 0.64 (  0.02  44.52)
    4   Ni  MulP 9.29 8.71 sum 18.00 diff  0.59 (  0.01  44.05)  Ml 0.05 (  0.05  45.51)  Ml+s 0.64 (  0.02  44.39)
    5   Ni  MulP 9.29 8.71 sum 18.00 diff  0.59 (  0.01  44.62)  Ml 0.05 (  0.05  42.60)  Ml+s 0.64 (  0.02  44.15)
    6   Ni  MulP 9.29 8.71 sum 18.00 diff  0.59 (  0.01  44.61)  Ml 0.05 (  0.05  45.75)  Ml+s 0.64 (  0.02  44.87)
    7   Ni  MulP 9.29 8.71 sum 18.00 diff  0.59 (  0.01  44.71)  Ml 0.05 (  0.05  44.63)  Ml+s 0.64 (  0.02  44.69)
    8   Ni  MulP 9.29 8.71 sum 18.00 diff  0.59 (  0.01  44.54)  Ml 0.05 (  0.05  45.89)  Ml+s 0.64 (  0.02  44.85)
    9   Ni  MulP 9.29 8.71 sum 18.00 diff  0.59 (  0.01  44.57)  Ml 0.05 (  0.05  46.10)  Ml+s 0.64 (  0.02  44.93)
   10   Ni  MulP 9.29 8.71 sum 18.00 diff  0.59 (  0.01  44.92)  Ml 0.05 (  0.05  45.37)  Ml+s 0.64 (  0.02  45.03)
   11   Ni  MulP 9.29 8.71 sum 18.00 diff  0.59 (  0.01  44.54)  Ml 0.05 (  0.05  45.28)  Ml+s 0.64 (  0.02  44.71)
   12   Ni  MulP 9.29 8.71 sum 18.00 diff  0.59 (  0.01  44.49)  Ml 0.05 (  0.05  45.51)  Ml+s 0.64 (  0.02  44.73)
   13   Ni  MulP 9.29 8.71 sum 18.00 diff  0.59 (  0.01  44.58)  Ml 0.05 (  0.05  44.25)  Ml+s 0.64 (  0.02  44.51)
   14   Ni  MulP 9.29 8.71 sum 18.00 diff  0.59 (  0.01  44.60)  Ml 0.05 (  0.05  44.69)  Ml+s 0.64 (  0.02  44.62)
   15   Ni  MulP 9.29 8.71 sum 18.00 diff  0.59 (  0.01  44.43)  Ml 0.05 (  0.05  44.64)  Ml+s 0.64 (  0.02  44.48)
   16   Ni  MulP 9.29 8.71 sum 18.00 diff  0.59 (  0.01  44.40)  Ml 0.05 (  0.05  46.26)  Ml+s 0.64 (  0.02  44.84)
   17   Ni  MulP 9.29 8.71 sum 18.00 diff  0.59 (  0.01  44.15)  Ml 0.05 (  0.05  45.03)  Ml+s 0.64 (  0.02  44.36)
   18   Ni  MulP 9.29 8.71 sum 18.00 diff  0.59 (  0.01  44.73)  Ml 0.05 (  0.05  45.64)  Ml+s 0.64 (  0.02  44.94)
   19   Ni  MulP 9.29 8.71 sum 18.00 diff  0.59 (  0.01  44.34)  Ml 0.05 (  0.05  46.82)  Ml+s 0.64 (  0.02  44.93)
   20   Ni  MulP 9.29 8.71 sum 18.00 diff  0.59 (  0.01  44.64)  Ml 0.05 (  0.05  45.56)  Ml+s 0.64 (  0.02  44.86)
     ..........
     ......

 Sum of MulP: up   =  3187.45513 down          =  2986.54487
              total=  6174.00000 ideal(neutral)=  6174.00000
<DFT>  Total Spin Moment    (muB) 200.910267717   Angles    0.014472272    44.464324581
<DFT>  Total Orbital Moment (muB) 17.829223155   Angles    0.049986896    44.845808504
<DFT>  Total Moment         (muB) 218.739487726   Angles    0.017366962    44.553822040
<DFT>  Mixing_weight= 0.010000177298
<DFT>  Uele   =-9092.011071218383  dUele     =   0.000017784436
<DFT>  NormRD =    0.004210640049  Criterion =   0.000005000000

******************* MD= 1  SCF= 3 *******************
<Poisson>  Poisson's equation using FFT...
<Set_Hamiltonian>  Hamiltonian matrix for VNA+dVH+Vxc...
<Band>  Solving the eigenvalue problem...
 KGrids1:  -0.33333   0.00000   0.33333 
 KGrids2:  -0.33333  -0.00000   0.33333 
 KGrids3:  -0.33333   0.00000   0.33334 
<Band_DFT>  Eigen, time=186.496472
<Band_DFT>  DM, time=0.000000
    1   Ni  MulP 9.29 8.71 sum 18.00 diff  0.59 (  0.01  44.44)  Ml 0.05 (  0.05  38.32)  Ml+s 0.64 (  0.02  43.06)
    2   Ni  MulP 9.29 8.71 sum 18.00 diff  0.59 (  0.01  44.49)  Ml 0.05 (  0.05  40.13)  Ml+s 0.64 (  0.02  43.45)
    3   Ni  MulP 9.29 8.71 sum 18.00 diff  0.59 (  0.01  44.13)  Ml 0.05 (  0.05  36.76)  Ml+s 0.64 (  0.02  42.32)
    4   Ni  MulP 9.29 8.71 sum 18.00 diff  0.59 (  0.01  44.08)  Ml 0.05 (  0.05  36.50)  Ml+s 0.64 (  0.02  42.24)
    5   Ni  MulP 9.29 8.71 sum 18.00 diff  0.59 (  0.01  44.44)  Ml 0.05 (  0.05  39.48)  Ml+s 0.64 (  0.02  43.29)
    6   Ni  MulP 9.29 8.71 sum 18.00 diff  0.59 (  0.01  44.46)  Ml 0.05 (  0.05  38.19)  Ml+s 0.64 (  0.02  43.09)
    7   Ni  MulP 9.29 8.71 sum 18.00 diff  0.59 (  0.01  44.48)  Ml 0.05 (  0.05  38.88)  Ml+s 0.64 (  0.02  43.27)
    8   Ni  MulP 9.29 8.71 sum 18.00 diff  0.59 (  0.01  44.29)  Ml 0.05 (  0.05  34.53)  Ml+s 0.64 (  0.02  42.07)
    9   Ni  MulP 9.29 8.71 sum 18.00 diff  0.59 (  0.01  44.37)  Ml 0.05 (  0.06  35.96)  Ml+s 0.64 (  0.02  42.29)
   10   Ni  MulP 9.29 8.71 sum 18.00 diff  0.59 (  0.01  44.60)  Ml 0.05 (  0.06  36.98)  Ml+s 0.64 (  0.02  42.62)
   11   Ni  MulP 9.29 8.71 sum 18.00 diff  0.58 (  0.01  44.24)  Ml 0.05 (  0.06  35.05)  Ml+s 0.64 (  0.02  41.89)
   12   Ni  MulP 9.29 8.71 sum 18.00 diff  0.59 (  0.01  44.35)  Ml 0.05 (  0.05  33.82)  Ml+s 0.64 (  0.02  42.03)
   13   Ni  MulP 9.29 8.71 sum 18.00 diff  0.59 (  0.01  44.35)  Ml 0.05 (  0.04  32.81)  Ml+s 0.64 (  0.02  42.02)
   14   Ni  MulP 9.29 8.71 sum 18.00 diff  0.59 (  0.01  44.29)  Ml 0.05 (  0.04  35.83)  Ml+s 0.64 (  0.02  42.51)
   15   Ni  MulP 9.29 8.71 sum 18.00 diff  0.59 (  0.01  44.20)  Ml 0.05 (  0.05  36.58)  Ml+s 0.64 (  0.02  42.37)
   16   Ni  MulP 9.29 8.71 sum 18.00 diff  0.58 (  0.01  44.16)  Ml 0.05 (  0.06  38.62)  Ml+s 0.64 (  0.02  42.73)
   17   Ni  MulP 9.29 8.71 sum 18.00 diff  0.59 (  0.01  44.04)  Ml 0.05 (  0.06  38.29)  Ml+s 0.64 (  0.02  42.57)
   18   Ni  MulP 9.29 8.71 sum 18.00 diff  0.59 (  0.01  44.59)  Ml 0.05 (  0.05  36.99)  Ml+s 0.64 (  0.02  42.72)
   19   Ni  MulP 9.29 8.71 sum 18.00 diff  0.59 (  0.01  44.14)  Ml 0.05 (  0.04  34.67)  Ml+s 0.64 (  0.02  42.15)
   20   Ni  MulP 9.29 8.71 sum 18.00 diff  0.59 (  0.01  44.34)  Ml 0.05 (  0.04  35.86)  Ml+s 0.64 (  0.02  42.65)
     ..........
     ......

 Sum of MulP: up   =  3187.45510 down          =  2986.54490
              total=  6174.00000 ideal(neutral)=  6174.00000
<DFT>  Total Spin Moment    (muB) 200.910208365   Angles    0.014850626    44.477104875
<DFT>  Total Orbital Moment (muB) 17.829217182   Angles    0.050354039    44.846053336
<DFT>  Total Moment         (muB) 218.739422404   Angles    0.017744406    44.562442563
<DFT>  Mixing_weight= 0.300000000000
<DFT>  Uele   =-9092.010707629457  dUele     =   0.000363588926
<DFT>  NormRD =    0.004141095396  Criterion =   0.000005000000

******************* MD= 1  SCF= 4 *******************
<Poisson>  Poisson's equation using FFT...
<Set_Hamiltonian>  Hamiltonian matrix for VNA+dVH+Vxc...
<Band>  Solving the eigenvalue problem...
 KGrids1:  -0.33333   0.00000   0.33333 
 KGrids2:  -0.33333  -0.00000   0.33333 
 KGrids3:  -0.33333   0.00000   0.33334 
<Band_DFT>  Eigen, time=126.163893
<Band_DFT>  DM, time=0.000000
    1   Ni  MulP 9.29 8.71 sum 18.00 diff  0.59 (  0.01  44.65)  Ml 0.05 (  0.05  47.73)  Ml+s 0.64 (  0.02  45.38)
    2   Ni  MulP 9.29 8.71 sum 18.00 diff  0.59 (  0.01  44.67)  Ml 0.05 (  0.05  48.86)  Ml+s 0.64 (  0.02  45.62)
    3   Ni  MulP 9.29 8.71 sum 18.00 diff  0.59 (  0.01  44.29)  Ml 0.05 (  0.05  45.70)  Ml+s 0.64 (  0.02  44.60)
    4   Ni  MulP 9.29 8.71 sum 18.00 diff  0.59 (  0.01  44.27)  Ml 0.05 (  0.05  45.52)  Ml+s 0.64 (  0.02  44.55)
    5   Ni  MulP 9.29 8.71 sum 18.00 diff  0.59 (  0.01  44.65)  Ml 0.05 (  0.05  48.46)  Ml+s 0.64 (  0.02  45.53)
    6   Ni  MulP 9.29 8.71 sum 18.00 diff  0.59 (  0.01  44.66)  Ml 0.05 (  0.05  47.80)  Ml+s 0.64 (  0.02  45.42)
    7   Ni  MulP 9.29 8.71 sum 18.00 diff  0.59 (  0.01  44.69)  Ml 0.05 (  0.05  48.30)  Ml+s 0.64 (  0.02  45.57)
    8   Ni  MulP 9.29 8.71 sum 18.00 diff  0.59 (  0.01  44.63)  Ml 0.05 (  0.05  49.43)  Ml+s 0.64 (  0.02  45.75)
    9   Ni  MulP 9.29 8.71 sum 18.00 diff  0.59 (  0.01  44.69)  Ml 0.05 (  0.05  49.89)  Ml+s 0.64 (  0.02  45.82)
   10   Ni  MulP 9.29 8.71 sum 18.00 diff  0.59 (  0.01  44.91)  Ml 0.05 (  0.05  50.40)  Ml+s 0.64 (  0.02  46.08)
   11   Ni  MulP 9.29 8.71 sum 18.00 diff  0.59 (  0.01  44.58)  Ml 0.05 (  0.05  48.41)  Ml+s 0.64 (  0.02  45.45)
   12   Ni  MulP 9.29 8.71 sum 18.00 diff  0.59 (  0.01  44.68)  Ml 0.05 (  0.05  49.37)  Ml+s 0.64 (  0.02  45.78)
   13   Ni  MulP 9.29 8.71 sum 18.00 diff  0.59 (  0.01  44.70)  Ml 0.05 (  0.05  49.31)  Ml+s 0.64 (  0.02  45.83)
   14   Ni  MulP 9.29 8.71 sum 18.00 diff  0.59 (  0.01  44.65)  Ml 0.05 (  0.06  50.68)  Ml+s 0.64 (  0.02  46.16)
   15   Ni  MulP 9.29 8.71 sum 18.00 diff  0.59 (  0.01  44.48)  Ml 0.05 (  0.05  48.12)  Ml+s 0.64 (  0.02  45.31)
   16   Ni  MulP 9.29 8.71 sum 18.00 diff  0.59 (  0.01  44.45)  Ml 0.05 (  0.05  49.35)  Ml+s 0.64 (  0.02  45.49)
   17   Ni  MulP 9.29 8.71 sum 18.00 diff  0.59 (  0.01  44.33)  Ml 0.05 (  0.04  49.38)  Ml+s 0.64 (  0.02  45.37)
   18   Ni  MulP 9.29 8.71 sum 18.00 diff  0.59 (  0.01  44.88)  Ml 0.05 (  0.05  48.50)  Ml+s 0.64 (  0.02  45.72)
   19   Ni  MulP 9.29 8.71 sum 18.00 diff  0.59 (  0.01  44.40)  Ml 0.05 (  0.05  48.51)  Ml+s 0.64 (  0.02  45.41)
   20   Ni  MulP 9.29 8.71 sum 18.00 diff  0.59 (  0.01  44.64)  Ml 0.05 (  0.06  49.16)  Ml+s 0.64 (  0.02  45.77)
     ..........
     ......

 Sum of MulP: up   =  3187.45511 down          =  2986.54489
              total=  6174.00000 ideal(neutral)=  6174.00000
<DFT>  Total Spin Moment    (muB) 200.910217731   Angles    0.014862435    44.477582250
<DFT>  Total Orbital Moment (muB) 17.829222586   Angles    0.050369454    44.845711090
<DFT>  Total Moment         (muB) 218.739437172   Angles    0.017756510    44.562698390
<DFT>  Mixing_weight= 0.010000000000
<DFT>  Uele   =-9092.010683591117  dUele     =   0.000024038340
<DFT>  NormRD =    0.025232627107  Criterion =   0.000005000000

******************* MD= 1  SCF= 5 *******************
<Poisson>  Poisson's equation using FFT...
<Set_Hamiltonian>  Hamiltonian matrix for VNA+dVH+Vxc...
<Band>  Solving the eigenvalue problem...
 KGrids1:  -0.33333   0.00000   0.33333 
 KGrids2:  -0.33333  -0.00000   0.33333 
 KGrids3:  -0.33333   0.00000   0.33334 
<Band_DFT>  Eigen, time=126.239673
<Band_DFT>  DM, time=0.000000
    1   Ni  MulP 9.29 8.71 sum 18.00 diff  0.59 (  0.01  44.40)  Ml 0.05 (  0.05  36.14)  Ml+s 0.64 (  0.02  42.55)
    2   Ni  MulP 9.29 8.71 sum 18.00 diff  0.59 (  0.01  44.39)  Ml 0.05 (  0.05  37.78)  Ml+s 0.64 (  0.02  42.78)
    3   Ni  MulP 9.29 8.71 sum 18.00 diff  0.59 (  0.02  44.00)  Ml 0.05 (  0.06  36.54)  Ml+s 0.64 (  0.02  42.10)
    4   Ni  MulP 9.29 8.71 sum 18.00 diff  0.59 (  0.01  43.99)  Ml 0.05 (  0.06  36.14)  Ml+s 0.64 (  0.02  42.04)
    5   Ni  MulP 9.29 8.71 sum 18.00 diff  0.58 (  0.01  44.37)  Ml 0.05 (  0.05  37.02)  Ml+s 0.64 (  0.02  42.68)
    6   Ni  MulP 9.29 8.71 sum 18.00 diff  0.58 (  0.01  44.38)  Ml 0.05 (  0.04  35.46)  Ml+s 0.64 (  0.02  42.50)
    7   Ni  MulP 9.29 8.71 sum 18.00 diff  0.59 (  0.01  44.42)  Ml 0.05 (  0.04  35.67)  Ml+s 0.64 (  0.02  42.60)
    8   Ni  MulP 9.29 8.71 sum 18.00 diff  0.59 (  0.01  44.21)  Ml 0.05 (  0.05  30.87)  Ml+s 0.64 (  0.02  41.15)
    9   Ni  MulP 9.29 8.71 sum 18.00 diff  0.59 (  0.02  44.27)  Ml 0.05 (  0.06  33.11)  Ml+s 0.64 (  0.02  41.37)
   10   Ni  MulP 9.29 8.71 sum 18.00 diff  0.59 (  0.02  44.46)  Ml 0.05 (  0.06  33.99)  Ml+s 0.64 (  0.02  41.63)
   11   Ni  MulP 9.29 8.71 sum 18.00 diff  0.58 (  0.01  44.16)  Ml 0.05 (  0.06  32.41)  Ml+s 0.64 (  0.02  41.13)
   12   Ni  MulP 9.29 8.71 sum 18.00 diff  0.58 (  0.01  44.24)  Ml 0.05 (  0.05  30.25)  Ml+s 0.64 (  0.02  41.18)
   13   Ni  MulP 9.29 8.71 sum 18.00 diff  0.58 (  0.01  44.26)  Ml 0.05 (  0.04  27.37)  Ml+s 0.64 (  0.02  41.01)
   14   Ni  MulP 9.29 8.71 sum 18.00 diff  0.59 (  0.01  44.23)  Ml 0.05 (  0.04  29.28)  Ml+s 0.64 (  0.02  41.25)
   15   Ni  MulP 9.29 8.71 sum 18.00 diff  0.59 (  0.01  44.14)  Ml 0.05 (  0.06  33.87)  Ml+s 0.64 (  0.02  41.61)
   16   Ni  MulP 9.29 8.71 sum 18.00 diff  0.59 (  0.02  44.15)  Ml 0.05 (  0.06  35.58)  Ml+s 0.64 (  0.02  41.77)
   17   Ni  MulP 9.29 8.71 sum 18.00 diff  0.59 (  0.02  44.03)  Ml 0.05 (  0.06  35.29)  Ml+s 0.64 (  0.02  41.67)
   18   Ni  MulP 9.29 8.71 sum 18.00 diff  0.59 (  0.01  44.54)  Ml 0.05 (  0.06  34.52)  Ml+s 0.64 (  0.02  42.06)
   19   Ni  MulP 9.29 8.71 sum 18.00 diff  0.59 (  0.01  44.00)  Ml 0.05 (  0.04  31.96)  Ml+s 0.64 (  0.02  41.56)
   20   Ni  MulP 9.29 8.71 sum 18.00 diff  0.59 (  0.01  44.28)  Ml 0.05 (  0.04  29.80)  Ml+s 0.64 (  0.02  41.70)
     ..........
     ......

 Sum of MulP: up   =  3187.45514 down          =  2986.54486
              total=  6174.00000 ideal(neutral)=  6174.00000
<DFT>  Total Spin Moment    (muB) 200.910273612   Angles    0.014885840    44.478366006
<DFT>  Total Orbital Moment (muB) 17.829207331   Angles    0.050385577    44.845979566
<DFT>  Total Moment         (muB) 218.739477799   Angles    0.017779318    44.563281052
<DFT>  Mixing_weight= 0.019593588073
<DFT>  Uele   =-9092.010666601793  dUele     =   0.000016989325
<DFT>  NormRD =    0.017656150270  Criterion =   0.000005000000

******************* MD= 1  SCF= 6 *******************
<Poisson>  Poisson's equation using FFT...
<Set_Hamiltonian>  Hamiltonian matrix for VNA+dVH+Vxc...
<Band>  Solving the eigenvalue problem...
 KGrids1:  -0.33333   0.00000   0.33333 
 KGrids2:  -0.33333  -0.00000   0.33333 
 KGrids3:  -0.33333   0.00000   0.33334 
<Band_DFT>  Eigen, time=126.421261
<Band_DFT>  DM, time=0.000000
    1   Ni  MulP 9.29 8.71 sum 18.00 diff  0.58 (  0.01  44.73)  Ml 0.05 (  0.05  50.55)  Ml+s 0.64 (  0.02  46.12)
    2   Ni  MulP 9.29 8.71 sum 18.00 diff  0.58 (  0.01  44.72)  Ml 0.05 (  0.05  51.66)  Ml+s 0.64 (  0.02  46.27)
    3   Ni  MulP 9.29 8.71 sum 18.00 diff  0.59 (  0.01  44.31)  Ml 0.05 (  0.04  50.54)  Ml+s 0.64 (  0.02  45.63)
    4   Ni  MulP 9.29 8.71 sum 18.00 diff  0.59 (  0.01  44.31)  Ml 0.05 (  0.05  50.31)  Ml+s 0.64 (  0.02  45.61)
    5   Ni  MulP 9.29 8.71 sum 18.00 diff  0.59 (  0.01  44.70)  Ml 0.05 (  0.05  51.22)  Ml+s 0.64 (  0.02  46.22)
    6   Ni  MulP 9.29 8.71 sum 18.00 diff  0.59 (  0.01  44.72)  Ml 0.05 (  0.06  50.29)  Ml+s 0.64 (  0.02  46.09)
    7   Ni  MulP 9.29 8.71 sum 18.00 diff  0.59 (  0.01  44.75)  Ml 0.05 (  0.06  50.47)  Ml+s 0.64 (  0.02  46.18)
    8   Ni  MulP 9.29 8.71 sum 18.00 diff  0.59 (  0.01  44.75)  Ml 0.05 (  0.05  53.95)  Ml+s 0.64 (  0.02  46.92)
    9   Ni  MulP 9.29 8.71 sum 18.00 diff  0.59 (  0.01  44.80)  Ml 0.05 (  0.04  55.49)  Ml+s 0.64 (  0.02  47.04)
   10   Ni  MulP 9.29 8.71 sum 18.00 diff  0.59 (  0.01  44.98)  Ml 0.05 (  0.04  56.58)  Ml+s 0.64 (  0.02  47.32)
   11   Ni  MulP 9.29 8.71 sum 18.00 diff  0.59 (  0.01  44.69)  Ml 0.05 (  0.05  54.52)  Ml+s 0.64 (  0.02  46.86)
   12   Ni  MulP 9.29 8.71 sum 18.00 diff  0.59 (  0.01  44.79)  Ml 0.05 (  0.05  53.98)  Ml+s 0.64 (  0.02  47.01)
   13   Ni  MulP 9.29 8.71 sum 18.00 diff  0.59 (  0.02  44.81)  Ml 0.05 (  0.06  52.99)  Ml+s 0.64 (  0.02  46.93)
   14   Ni  MulP 9.29 8.71 sum 18.00 diff  0.59 (  0.02  44.77)  Ml 0.05 (  0.06  53.62)  Ml+s 0.64 (  0.02  47.07)
   15   Ni  MulP 9.29 8.71 sum 18.00 diff  0.59 (  0.01  44.58)  Ml 0.05 (  0.05  52.53)  Ml+s 0.64 (  0.02  46.37)
   16   Ni  MulP 9.29 8.71 sum 18.00 diff  0.59 (  0.01  44.59)  Ml 0.05 (  0.04  53.81)  Ml+s 0.64 (  0.02  46.44)
   17   Ni  MulP 9.29 8.71 sum 18.00 diff  0.59 (  0.01  44.47)  Ml 0.05 (  0.04  54.40)  Ml+s 0.64 (  0.02  46.40)
   18   Ni  MulP 9.29 8.71 sum 18.00 diff  0.59 (  0.01  44.99)  Ml 0.05 (  0.05  53.02)  Ml+s 0.64 (  0.02  46.83)
   19   Ni  MulP 9.29 8.71 sum 18.00 diff  0.59 (  0.01  44.46)  Ml 0.05 (  0.06  52.21)  Ml+s 0.64 (  0.02  46.45)
   20   Ni  MulP 9.29 8.71 sum 18.00 diff  0.59 (  0.02  44.74)  Ml 0.05 (  0.06  51.80)  Ml+s 0.64 (  0.02  46.62)
     ..........
     ......

 Sum of MulP: up   =  3187.45513 down          =  2986.54487
              total=  6174.00000 ideal(neutral)=  6174.00000
<DFT>  Total Spin Moment    (muB) 200.910251124   Angles    0.014897528    44.478855497
<DFT>  Total Orbital Moment (muB) 17.829217003   Angles    0.050403823    44.845913747
<DFT>  Total Moment         (muB) 218.739464983   Angles    0.017791542    44.563614753
<DFT>  Mixing_weight= 0.010000000000
<DFT>  Uele   =-9092.010635459081  dUele     =   0.000031142712
<DFT>  NormRD =    0.040229364048  Criterion =   0.000005000000

******************* MD= 1  SCF= 7 *******************
<Poisson>  Poisson's equation using FFT...
<Set_Hamiltonian>  Hamiltonian matrix for VNA+dVH+Vxc...
<Band>  Solving the eigenvalue problem...
 KGrids1:  -0.33333   0.00000   0.33333 
 KGrids2:  -0.33333  -0.00000   0.33333 
 KGrids3:  -0.33333   0.00000   0.33334 
<Band_DFT>  Eigen, time=126.188694
<Band_DFT>  DM, time=0.000000
    1   Ni  MulP 9.29 8.70 sum 18.00 diff  0.59 (  0.01  44.26)  Ml 0.05 (  0.05  29.28)  Ml+s 0.64 (  0.02  40.99)
    2   Ni  MulP 9.29 8.70 sum 18.00 diff  0.59 (  0.02  44.26)  Ml 0.05 (  0.06  32.68)  Ml+s 0.64 (  0.02  41.30)
    3   Ni  MulP 9.29 8.71 sum 18.00 diff  0.59 (  0.02  43.86)  Ml 0.05 (  0.06  33.08)  Ml+s 0.64 (  0.02  40.90)
    4   Ni  MulP 9.29 8.71 sum 18.00 diff  0.58 (  0.02  43.84)  Ml 0.05 (  0.06  32.24)  Ml+s 0.64 (  0.02  40.78)
    5   Ni  MulP 9.29 8.71 sum 18.00 diff  0.58 (  0.01  44.23)  Ml 0.05 (  0.05  30.43)  Ml+s 0.63 (  0.02  41.04)
    6   Ni  MulP 9.29 8.71 sum 18.00 diff  0.58 (  0.01  44.24)  Ml 0.05 (  0.04  26.56)  Ml+s 0.64 (  0.02  40.75)
    7   Ni  MulP 9.29 8.71 sum 18.00 diff  0.59 (  0.01  44.27)  Ml 0.05 (  0.04  26.43)  Ml+s 0.64 (  0.02  40.85)
    8   Ni  MulP 9.29 8.71 sum 18.00 diff  0.59 (  0.01  43.99)  Ml 0.05 (  0.05  21.22)  Ml+s 0.64 (  0.02  38.70)
    9   Ni  MulP 9.29 8.71 sum 18.00 diff  0.59 (  0.02  44.06)  Ml 0.05 (  0.07  27.19)  Ml+s 0.64 (  0.02  39.27)
   10   Ni  MulP 9.29 8.71 sum 18.00 diff  0.58 (  0.02  44.22)  Ml 0.05 (  0.07  28.80)  Ml+s 0.64 (  0.02  39.58)
   11   Ni  MulP 9.29 8.71 sum 18.00 diff  0.58 (  0.02  43.94)  Ml 0.05 (  0.07  26.04)  Ml+s 0.64 (  0.02  38.99)
   12   Ni  MulP 9.29 8.71 sum 18.00 diff  0.58 (  0.01  44.02)  Ml 0.05 (  0.05  18.69)  Ml+s 0.63 (  0.02  38.52)
   13   Ni  MulP 9.29 8.71 sum 18.00 diff  0.58 (  0.01  44.03)  Ml 0.05 (  0.04   9.33)  Ml+s 0.64 (  0.02  38.04)
   14   Ni  MulP 9.29 8.71 sum 18.00 diff  0.59 (  0.01  43.99)  Ml 0.05 (  0.04  12.41)  Ml+s 0.64 (  0.02  38.28)
   15   Ni  MulP 9.29 8.71 sum 18.00 diff  0.59 (  0.02  43.97)  Ml 0.05 (  0.06  27.86)  Ml+s 0.64 (  0.02  39.82)
   16   Ni  MulP 9.29 8.71 sum 18.00 diff  0.59 (  0.02  44.00)  Ml 0.05 (  0.08  31.63)  Ml+s 0.64 (  0.02  40.20)
   17   Ni  MulP 9.29 8.71 sum 18.00 diff  0.58 (  0.02  43.87)  Ml 0.05 (  0.07  31.38)  Ml+s 0.64 (  0.02  40.10)
   18   Ni  MulP 9.29 8.71 sum 18.00 diff  0.58 (  0.01  44.37)  Ml 0.05 (  0.06  27.99)  Ml+s 0.64 (  0.02  40.16)
   19   Ni  MulP 9.29 8.71 sum 18.00 diff  0.58 (  0.01  43.80)  Ml 0.05 (  0.04  18.24)  Ml+s 0.64 (  0.02  39.13)
   20   Ni  MulP 9.29 8.71 sum 18.00 diff  0.58 (  0.01  44.09)  Ml 0.05 (  0.03   9.64)  Ml+s 0.64 (  0.02  39.06)
     ..........
     ......

 Sum of MulP: up   =  3187.45521 down          =  2986.54479
              total=  6174.00000 ideal(neutral)=  6174.00000
<DFT>  Total Spin Moment    (muB) 200.910428659   Angles    0.014921152    44.479457238
<DFT>  Total Orbital Moment (muB) 17.829172393   Angles    0.050404163    44.846637236
<DFT>  Total Moment         (muB) 218.739597912   Angles    0.017813260    44.564141545
<DFT>  Mixing_weight= 0.020224495486
<DFT>  Uele   =-9092.010638689118  dUele     =   0.000003230038
<DFT>  NormRD =    0.028603900765  Criterion =   0.000005000000

******************* MD= 1  SCF= 8 *******************
<Poisson>  Poisson's equation using FFT...
<Set_Hamiltonian>  Hamiltonian matrix for VNA+dVH+Vxc...
<Band>  Solving the eigenvalue problem...
 KGrids1:  -0.33333   0.00000   0.33333 
 KGrids2:  -0.33333  -0.00000   0.33333 
 KGrids3:  -0.33333   0.00000   0.33334 
<Band_DFT>  Eigen, time=126.287331
<Band_DFT>  DM, time=0.000000
    1   Ni  MulP 9.29 8.71 sum 18.00 diff  0.58 (  0.01  44.83)  Ml 0.05 (  0.05  54.59)  Ml+s 0.64 (  0.02  47.21)
    2   Ni  MulP 9.29 8.71 sum 18.00 diff  0.58 (  0.01  44.82)  Ml 0.05 (  0.05  56.55)  Ml+s 0.64 (  0.02  47.36)
    3   Ni  MulP 9.29 8.71 sum 18.00 diff  0.58 (  0.01  44.41)  Ml 0.05 (  0.04  56.77)  Ml+s 0.64 (  0.02  46.88)
    4   Ni  MulP 9.29 8.71 sum 18.00 diff  0.59 (  0.01  44.41)  Ml 0.05 (  0.04  56.06)  Ml+s 0.64 (  0.02  46.83)
    5   Ni  MulP 9.29 8.70 sum 18.00 diff  0.59 (  0.02  44.80)  Ml 0.05 (  0.05  55.18)  Ml+s 0.64 (  0.02  47.24)
    6   Ni  MulP 9.29 8.71 sum 18.00 diff  0.59 (  0.02  44.83)  Ml 0.05 (  0.06  53.68)  Ml+s 0.64 (  0.02  47.11)
    7   Ni  MulP 9.29 8.71 sum 18.00 diff  0.59 (  0.02  44.85)  Ml 0.05 (  0.06  53.80)  Ml+s 0.64 (  0.02  47.19)
    8   Ni  MulP 9.29 8.71 sum 18.00 diff  0.59 (  0.01  44.92)  Ml 0.05 (  0.05  60.68)  Ml+s 0.64 (  0.02  48.73)
    9   Ni  MulP 9.29 8.71 sum 18.00 diff  0.59 (  0.01  44.97)  Ml 0.05 (  0.04  65.22)  Ml+s 0.64 (  0.02  49.02)
   10   Ni  MulP 9.29 8.71 sum 18.00 diff  0.59 (  0.01  45.13)  Ml 0.05 (  0.04  67.76)  Ml+s 0.64 (  0.02  49.33)
   11   Ni  MulP 9.29 8.71 sum 18.00 diff  0.59 (  0.01  44.86)  Ml 0.05 (  0.05  63.41)  Ml+s 0.64 (  0.02  48.81)
   12   Ni  MulP 9.29 8.70 sum 18.00 diff  0.59 (  0.02  44.96)  Ml 0.05 (  0.06  59.72)  Ml+s 0.64 (  0.02  48.70)
   13   Ni  MulP 9.29 8.71 sum 18.00 diff  0.59 (  0.02  44.98)  Ml 0.05 (  0.07  57.66)  Ml+s 0.64 (  0.02  48.54)
   14   Ni  MulP 9.29 8.71 sum 18.00 diff  0.59 (  0.02  44.93)  Ml 0.05 (  0.07  58.29)  Ml+s 0.64 (  0.02  48.64)
   15   Ni  MulP 9.29 8.71 sum 18.00 diff  0.59 (  0.01  44.73)  Ml 0.05 (  0.05  59.67)  Ml+s 0.64 (  0.02  48.03)
   16   Ni  MulP 9.29 8.71 sum 18.00 diff  0.59 (  0.01  44.75)  Ml 0.05 (  0.04  64.01)  Ml+s 0.64 (  0.02  48.19)
   17   Ni  MulP 9.29 8.71 sum 18.00 diff  0.59 (  0.01  44.62)  Ml 0.05 (  0.04  64.99)  Ml+s 0.64 (  0.02  48.16)
   18   Ni  MulP 9.29 8.71 sum 18.00 diff  0.59 (  0.01  45.14)  Ml 0.05 (  0.05  59.49)  Ml+s 0.64 (  0.02  48.39)
   19   Ni  MulP 9.29 8.71 sum 18.00 diff  0.59 (  0.02  44.60)  Ml 0.05 (  0.06  56.22)  Ml+s 0.64 (  0.02  47.78)
   20   Ni  MulP 9.29 8.71 sum 18.00 diff  0.59 (  0.02  44.88)  Ml 0.05 (  0.07  55.19)  Ml+s 0.64 (  0.02  47.87)
     ..........
     ......

 Sum of MulP: up   =  3187.45517 down          =  2986.54483
              total=  6174.00000 ideal(neutral)=  6174.00000
<DFT>  Total Spin Moment    (muB) 200.910342471   Angles    0.014932523    44.480048411
<DFT>  Total Orbital Moment (muB) 17.829199739   Angles    0.050433156    44.846407749
<DFT>  Total Moment         (muB) 218.739539066   Angles    0.017826073    44.564531434
<DFT>  Mixing_weight= 0.010000000000
<DFT>  Uele   =-9092.010590257583  dUele     =   0.000048431535
<DFT>  NormRD =    0.069655338345  Criterion =   0.000005000000

******************* MD= 1  SCF= 9 *******************
<Poisson>  Poisson's equation using FFT...
<Set_Hamiltonian>  Hamiltonian matrix for VNA+dVH+Vxc...
<Band>  Solving the eigenvalue problem...
 KGrids1:  -0.33333   0.00000   0.33333 
 KGrids2:  -0.33333  -0.00000   0.33333 
 KGrids3:  -0.33333   0.00000   0.33334 
<Band_DFT>  Eigen, time=126.369942
<Band_DFT>  DM, time=0.000000
    1   Ni  MulP 9.29 8.70 sum 18.00 diff  0.59 (  0.01  44.03)  Ml 0.05 (  0.05  17.49)  Ml+s 0.64 (  0.02  38.27)
    2   Ni  MulP 9.29 8.70 sum 17.99 diff  0.59 (  0.02  44.02)  Ml 0.05 (  0.07  25.78)  Ml+s 0.64 (  0.02  38.99)
    3   Ni  MulP 9.29 8.70 sum 18.00 diff  0.59 (  0.02  43.62)  Ml 0.05 (  0.08  27.80)  Ml+s 0.64 (  0.02  38.78)
    4   Ni  MulP 9.29 8.71 sum 18.00 diff  0.58 (  0.02  43.60)  Ml 0.05 (  0.07  25.81)  Ml+s 0.64 (  0.02  38.45)
    5   Ni  MulP 9.29 8.71 sum 18.01 diff  0.58 (  0.01  43.97)  Ml 0.05 (  0.05  19.54)  Ml+s 0.63 (  0.02  38.21)
    6   Ni  MulP 9.29 8.71 sum 18.01 diff  0.58 (  0.01  43.99)  Ml 0.05 (  0.04   8.63)  Ml+s 0.63 (  0.02  37.54)
    7   Ni  MulP 9.29 8.71 sum 18.00 diff  0.59 (  0.01  44.01)  Ml 0.05 (  0.04   7.39)  Ml+s 0.64 (  0.02  37.68)
    8   Ni  MulP 9.29 8.71 sum 18.00 diff  0.59 (  0.01  43.61)  Ml 0.05 (  0.06   6.90)  Ml+s 0.64 (  0.02  34.50)
    9   Ni  MulP 9.29 8.71 sum 18.00 diff  0.59 (  0.02  43.70)  Ml 0.05 (  0.08  19.85)  Ml+s 0.64 (  0.02  35.96)
   10   Ni  MulP 9.29 8.71 sum 18.00 diff  0.58 (  0.02  43.83)  Ml 0.05 (  0.09  22.38)  Ml+s 0.64 (  0.02  36.37)
   11   Ni  MulP 9.29 8.71 sum 18.01 diff  0.58 (  0.02  43.55)  Ml 0.05 (  0.08  17.03)  Ml+s 0.63 (  0.02  35.31)
   12   Ni  MulP 9.29 8.71 sum 18.01 diff  0.58 (  0.01  43.62)  Ml 0.05 (  0.05  -0.14)  Ml+s 0.63 (  0.02  33.69)
   13   Ni  MulP 9.29 8.71 sum 18.00 diff  0.58 (  0.01  43.62)  Ml 0.05 (  0.04 -23.92)  Ml+s 0.63 (  0.01  32.25)
   14   Ni  MulP 9.29 8.71 sum 18.00 diff  0.58 (  0.01  43.58)  Ml 0.05 (  0.04 -18.06)  Ml+s 0.64 (  0.02  32.77)
   15   Ni  MulP 9.29 8.71 sum 18.00 diff  0.59 (  0.02  43.65)  Ml 0.05 (  0.07  18.96)  Ml+s 0.64 (  0.02  36.71)
   16   Ni  MulP 9.29 8.71 sum 18.00 diff  0.59 (  0.02  43.71)  Ml 0.05 (  0.10  26.73)  Ml+s 0.64 (  0.02  37.69)
   17   Ni  MulP 9.29 8.71 sum 18.00 diff  0.58 (  0.02  43.57)  Ml 0.05 (  0.09  26.27)  Ml+s 0.64 (  0.02  37.53)
   18   Ni  MulP 9.29 8.71 sum 18.00 diff  0.58 (  0.02  44.05)  Ml 0.05 (  0.07  18.30)  Ml+s 0.64 (  0.02  36.88)
   19   Ni  MulP 9.29 8.71 sum 18.00 diff  0.58 (  0.01  43.45)  Ml 0.05 (  0.04  -9.64)  Ml+s 0.64 (  0.02  34.50)
   20   Ni  MulP 9.29 8.71 sum 18.00 diff  0.58 (  0.01  43.73)  Ml 0.05 (  0.03 -35.79)  Ml+s 0.64 (  0.01  33.74)
     ..........
     ......

 Sum of MulP: up   =  3187.45545 down          =  2986.54455
              total=  6174.00000 ideal(neutral)=  6174.00000
<DFT>  Total Spin Moment    (muB) 200.910895684   Angles    0.014954859    44.480198732
<DFT>  Total Orbital Moment (muB) 17.829068909   Angles    0.050386154    44.848658564
<DFT>  Total Moment         (muB) 218.739961462   Angles    0.017842729    44.565006908
<DFT>  Mixing_weight= 0.020152997285
<DFT>  Uele   =-9092.010656871771  dUele     =   0.000066614188
<DFT>  NormRD =    0.049440370649  Criterion =   0.000005000000

******************* MD= 1  SCF=10 *******************
<Poisson>  Poisson's equation using FFT...
<Set_Hamiltonian>  Hamiltonian matrix for VNA+dVH+Vxc...
<Band>  Solving the eigenvalue problem...
 KGrids1:  -0.33333   0.00000   0.33333 
 KGrids2:  -0.33333  -0.00000   0.33333 
 KGrids3:  -0.33333   0.00000   0.33334 
<Band_DFT>  Eigen, time=126.317090
<Band_DFT>  DM, time=0.000000
    1   Ni  MulP 9.29 8.71 sum 18.00 diff  0.59 (  0.02  44.60)  Ml 0.05 (  0.06  43.57)  Ml+s 0.64 (  0.02  44.36)
    2   Ni  MulP 9.29 8.71 sum 18.00 diff  0.59 (  0.02  44.48)  Ml 0.05 (  0.05  42.41)  Ml+s 0.64 (  0.02  44.02)
    3   Ni  MulP 9.29 8.71 sum 18.00 diff  0.59 (  0.02  44.37)  Ml 0.05 (  0.05  39.49)  Ml+s 0.64 (  0.02  43.32)
    4   Ni  MulP 9.29 8.71 sum 18.00 diff  0.59 (  0.02  44.46)  Ml 0.05 (  0.05  41.55)  Ml+s 0.64 (  0.02  43.81)
    5   Ni  MulP 9.29 8.71 sum 18.00 diff  0.59 (  0.02  44.36)  Ml 0.05 (  0.05  44.00)  Ml+s 0.64 (  0.02  44.28)
    6   Ni  MulP 9.29 8.71 sum 18.00 diff  0.59 (  0.02  44.58)  Ml 0.05 (  0.05  46.20)  Ml+s 0.64 (  0.02  44.94)
    7   Ni  MulP 9.29 8.71 sum 18.00 diff  0.59 (  0.02  44.45)  Ml 0.05 (  0.05  45.09)  Ml+s 0.64 (  0.02  44.59)
    8   Ni  MulP 9.29 8.71 sum 18.00 diff  0.59 (  0.02  44.61)  Ml 0.05 (  0.06  41.91)  Ml+s 0.64 (  0.02  43.97)
    9   Ni  MulP 9.29 8.71 sum 18.00 diff  0.59 (  0.02  44.46)  Ml 0.05 (  0.06  43.25)  Ml+s 0.64 (  0.02  44.17)
   10   Ni  MulP 9.29 8.71 sum 18.00 diff  0.59 (  0.02  44.24)  Ml 0.05 (  0.05  37.81)  Ml+s 0.64 (  0.02  42.90)
   11   Ni  MulP 9.29 8.71 sum 18.00 diff  0.59 (  0.02  44.47)  Ml 0.05 (  0.04  47.15)  Ml+s 0.64 (  0.02  45.00)
   12   Ni  MulP 9.29 8.71 sum 18.00 diff  0.59 (  0.02  44.66)  Ml 0.05 (  0.06  44.80)  Ml+s 0.64 (  0.02  44.69)
   13   Ni  MulP 9.29 8.71 sum 18.00 diff  0.58 (  0.02  44.62)  Ml 0.05 (  0.06  47.44)  Ml+s 0.64 (  0.02  45.28)
   14   Ni  MulP 9.29 8.71 sum 18.00 diff  0.59 (  0.02  44.33)  Ml 0.05 (  0.05  37.60)  Ml+s 0.64 (  0.02  42.93)
   15   Ni  MulP 9.29 8.71 sum 18.00 diff  0.59 (  0.02  44.34)  Ml 0.05 (  0.05  45.29)  Ml+s 0.64 (  0.02  44.55)
   16   Ni  MulP 9.29 8.71 sum 18.00 diff  0.59 (  0.02  44.57)  Ml 0.05 (  0.05  42.43)  Ml+s 0.64 (  0.02  44.12)
   17   Ni  MulP 9.29 8.71 sum 18.00 diff  0.59 (  0.02  44.42)  Ml 0.05 (  0.05  39.15)  Ml+s 0.64 (  0.02  43.33)
   18   Ni  MulP 9.29 8.71 sum 18.00 diff  0.59 (  0.02  44.95)  Ml 0.05 (  0.06  46.13)  Ml+s 0.64 (  0.02  45.23)
   19   Ni  MulP 9.29 8.71 sum 18.00 diff  0.59 (  0.02  44.35)  Ml 0.05 (  0.06  46.12)  Ml+s 0.64 (  0.02  44.77)
   20   Ni  MulP 9.29 8.71 sum 18.00 diff  0.59 (  0.02  44.38)  Ml 0.05 (  0.05  44.47)  Ml+s 0.64 (  0.02  44.40)
     ..........
     ......

 Sum of MulP: up   =  3187.45654 down          =  2986.54346
              total=  6174.00000 ideal(neutral)=  6174.00000
<DFT>  Total Spin Moment    (muB) 200.913085650   Angles    0.016307632    44.532060957
<DFT>  Total Orbital Moment (muB) 17.829310150   Angles    0.052373567    44.848254655
<DFT>  Total Moment         (muB) 218.742392555   Angles    0.019247253    44.602189699
<DFT>  Mixing_weight= 0.020152997285
<DFT>  Uele   =-9092.007887597401  dUele     =   0.002769274370
<DFT>  NormRD =    0.112171411160  Criterion =   0.000005000000

******************* MD= 1  SCF=11 *******************
<Poisson>  Poisson's equation using FFT...
<Set_Hamiltonian>  Hamiltonian matrix for VNA+dVH+Vxc...
<Band>  Solving the eigenvalue problem...
 KGrids1:  -0.33333   0.00000   0.33333 
 KGrids2:  -0.33333  -0.00000   0.33333 
 KGrids3:  -0.33333   0.00000   0.33334 
<Band_DFT>  Eigen, time=126.244976
<Band_DFT>  DM, time=0.000000
    1   Ni  MulP 9.29 8.71 sum 18.00 diff  0.59 (  0.02  44.66)  Ml 0.05 (  0.06  44.83)  Ml+s 0.64 (  0.02  44.70)
    2   Ni  MulP 9.29 8.71 sum 18.00 diff  0.59 (  0.02  44.60)  Ml 0.05 (  0.05  47.01)  Ml+s 0.64 (  0.02  45.15)
    3   Ni  MulP 9.29 8.71 sum 18.00 diff  0.59 (  0.02  44.55)  Ml 0.05 (  0.05  43.38)  Ml+s 0.64 (  0.02  44.30)
    4   Ni  MulP 9.29 8.71 sum 18.00 diff  0.59 (  0.02  44.59)  Ml 0.05 (  0.05  45.45)  Ml+s 0.64 (  0.02  44.78)
    5   Ni  MulP 9.29 8.71 sum 18.00 diff  0.59 (  0.02  44.31)  Ml 0.05 (  0.05  49.32)  Ml+s 0.64 (  0.02  45.44)
    6   Ni  MulP 9.29 8.71 sum 18.00 diff  0.59 (  0.02  44.77)  Ml 0.05 (  0.05  46.83)  Ml+s 0.64 (  0.02  45.23)
    7   Ni  MulP 9.29 8.71 sum 18.00 diff  0.59 (  0.02  44.51)  Ml 0.05 (  0.05  46.91)  Ml+s 0.64 (  0.02  45.06)
    8   Ni  MulP 9.29 8.71 sum 18.00 diff  0.59 (  0.02  44.69)  Ml 0.05 (  0.06  42.71)  Ml+s 0.64 (  0.02  44.23)
    9   Ni  MulP 9.29 8.71 sum 18.00 diff  0.59 (  0.02  44.54)  Ml 0.05 (  0.06  42.44)  Ml+s 0.64 (  0.02  44.06)
   10   Ni  MulP 9.29 8.71 sum 18.00 diff  0.59 (  0.02  44.32)  Ml 0.05 (  0.05  43.17)  Ml+s 0.64 (  0.02  44.06)
   11   Ni  MulP 9.29 8.71 sum 18.00 diff  0.59 (  0.02  44.41)  Ml 0.05 (  0.05  48.01)  Ml+s 0.64 (  0.02  45.15)
   12   Ni  MulP 9.29 8.71 sum 18.00 diff  0.59 (  0.02  44.34)  Ml 0.05 (  0.05  44.37)  Ml+s 0.64 (  0.02  44.35)
   13   Ni  MulP 9.29 8.71 sum 18.00 diff  0.59 (  0.02  44.59)  Ml 0.05 (  0.06  46.84)  Ml+s 0.64 (  0.02  45.11)
   14   Ni  MulP 9.29 8.71 sum 18.00 diff  0.59 (  0.02  44.32)  Ml 0.05 (  0.05  42.78)  Ml+s 0.64 (  0.02  43.98)
   15   Ni  MulP 9.29 8.71 sum 18.00 diff  0.59 (  0.02  44.32)  Ml 0.05 (  0.05  43.06)  Ml+s 0.64 (  0.02  44.04)
   16   Ni  MulP 9.29 8.71 sum 18.00 diff  0.59 (  0.02  44.53)  Ml 0.05 (  0.05  41.82)  Ml+s 0.64 (  0.02  43.94)
   17   Ni  MulP 9.29 8.71 sum 18.00 diff  0.59 (  0.02  44.53)  Ml 0.05 (  0.05  41.71)  Ml+s 0.64 (  0.02  43.93)
   18   Ni  MulP 9.29 8.71 sum 18.00 diff  0.59 (  0.02  45.05)  Ml 0.05 (  0.05  44.47)  Ml+s 0.64 (  0.02  44.92)
   19   Ni  MulP 9.29 8.71 sum 18.00 diff  0.59 (  0.02  44.30)  Ml 0.05 (  0.05  39.86)  Ml+s 0.64 (  0.02  43.35)
   20   Ni  MulP 9.29 8.71 sum 18.00 diff  0.59 (  0.02  44.26)  Ml 0.05 (  0.05  41.64)  Ml+s 0.64 (  0.02  43.67)
     ..........
     ......

 Sum of MulP: up   =  3187.45788 down          =  2986.54212
              total=  6174.00000 ideal(neutral)=  6174.00000
<DFT>  Total Spin Moment    (muB) 200.915758941   Angles    0.016500223    44.550883853
<DFT>  Total Orbital Moment (muB) 17.829418358   Angles    0.052825021    44.846807460
<DFT>  Total Moment         (muB) 218.745174008   Angles    0.019460929    44.616355388
<DFT>  Mixing_weight= 0.020152997285
<DFT>  Uele   =-9092.006679184744  dUele     =   0.001208412657
<DFT>  NormRD =    0.010195246320  Criterion =   0.000005000000

******************* MD= 1  SCF=12 *******************
<Poisson>  Poisson's equation using FFT...
<Set_Hamiltonian>  Hamiltonian matrix for VNA+dVH+Vxc...
<Band>  Solving the eigenvalue problem...
 KGrids1:  -0.33333   0.00000   0.33333 
 KGrids2:  -0.33333  -0.00000   0.33333 
 KGrids3:  -0.33333   0.00000   0.33334 
<Band_DFT>  Eigen, time=126.225687
<Band_DFT>  DM, time=0.000000
    1   Ni  MulP 9.29 8.71 sum 18.00 diff  0.59 (  0.02  44.67)  Ml 0.05 (  0.05  45.23)  Ml+s 0.64 (  0.02  44.80)
    2   Ni  MulP 9.29 8.71 sum 18.00 diff  0.59 (  0.02  44.64)  Ml 0.05 (  0.05  49.49)  Ml+s 0.64 (  0.02  45.73)
    3   Ni  MulP 9.29 8.71 sum 18.00 diff  0.59 (  0.02  44.58)  Ml 0.05 (  0.05  44.55)  Ml+s 0.64 (  0.02  44.58)
    4   Ni  MulP 9.29 8.71 sum 18.00 diff  0.59 (  0.02  44.59)  Ml 0.05 (  0.05  45.84)  Ml+s 0.64 (  0.02  44.87)
    5   Ni  MulP 9.29 8.71 sum 18.00 diff  0.59 (  0.02  44.28)  Ml 0.05 (  0.06  50.07)  Ml+s 0.64 (  0.02  45.63)
    6   Ni  MulP 9.29 8.71 sum 18.00 diff  0.59 (  0.02  44.82)  Ml 0.05 (  0.05  45.22)  Ml+s 0.64 (  0.02  44.91)
    7   Ni  MulP 9.29 8.71 sum 18.00 diff  0.59 (  0.02  44.52)  Ml 0.05 (  0.05  47.31)  Ml+s 0.64 (  0.02  45.16)
    8   Ni  MulP 9.29 8.71 sum 18.00 diff  0.59 (  0.02  44.74)  Ml 0.05 (  0.05  45.24)  Ml+s 0.64 (  0.02  44.85)
    9   Ni  MulP 9.29 8.71 sum 18.00 diff  0.59 (  0.02  44.63)  Ml 0.05 (  0.05  43.40)  Ml+s 0.64 (  0.02  44.37)
   10   Ni  MulP 9.29 8.71 sum 18.00 diff  0.59 (  0.02  44.38)  Ml 0.05 (  0.05  46.92)  Ml+s 0.64 (  0.02  44.95)
   11   Ni  MulP 9.29 8.71 sum 18.00 diff  0.59 (  0.02  44.39)  Ml 0.05 (  0.05  47.75)  Ml+s 0.64 (  0.02  45.14)
   12   Ni  MulP 9.29 8.71 sum 18.00 diff  0.59 (  0.02  44.26)  Ml 0.05 (  0.05  44.47)  Ml+s 0.64 (  0.02  44.31)
   13   Ni  MulP 9.29 8.71 sum 18.00 diff  0.59 (  0.02  44.61)  Ml 0.05 (  0.06  47.50)  Ml+s 0.64 (  0.02  45.28)
   14   Ni  MulP 9.29 8.71 sum 18.00 diff  0.59 (  0.02  44.37)  Ml 0.05 (  0.05  47.55)  Ml+s 0.64 (  0.02  45.09)
   15   Ni  MulP 9.29 8.71 sum 18.00 diff  0.59 (  0.02  44.40)  Ml 0.05 (  0.05  46.87)  Ml+s 0.64 (  0.02  44.91)
   16   Ni  MulP 9.29 8.71 sum 18.00 diff  0.59 (  0.02  44.61)  Ml 0.05 (  0.05  45.64)  Ml+s 0.64 (  0.02  44.83)
   17   Ni  MulP 9.29 8.71 sum 18.00 diff  0.59 (  0.02  44.70)  Ml 0.05 (  0.05  47.68)  Ml+s 0.64 (  0.02  45.35)
   18   Ni  MulP 9.29 8.71 sum 18.00 diff  0.59 (  0.02  45.19)  Ml 0.05 (  0.06  47.16)  Ml+s 0.64 (  0.02  45.63)
   19   Ni  MulP 9.29 8.71 sum 18.00 diff  0.59 (  0.02  44.35)  Ml 0.05 (  0.05  40.78)  Ml+s 0.64 (  0.02  43.59)
   20   Ni  MulP 9.29 8.71 sum 18.00 diff  0.59 (  0.02  44.32)  Ml 0.05 (  0.06  44.43)  Ml+s 0.64 (  0.02  44.34)
     ..........
     ......

 Sum of MulP: up   =  3187.45822 down          =  2986.54178
              total=  6174.00000 ideal(neutral)=  6174.00000
<DFT>  Total Spin Moment    (muB) 200.916432051   Angles    0.016529392    44.555608120
<DFT>  Total Orbital Moment (muB) 17.829452892   Angles    0.052877854    44.845958179
<DFT>  Total Moment         (muB) 218.745881648   Angles    0.019492024    44.619808131
<DFT>  Mixing_weight= 0.020152997285
<DFT>  Uele   =-9092.006617756209  dUele     =   0.000061428535
<DFT>  NormRD =    0.010090281767  Criterion =   0.000005000000

******************* MD= 1  SCF=13 *******************
<Poisson>  Poisson's equation using FFT...
<Set_Hamiltonian>  Hamiltonian matrix for VNA+dVH+Vxc...
<Band>  Solving the eigenvalue problem...
 KGrids1:  -0.33333   0.00000   0.33333 
 KGrids2:  -0.33333  -0.00000   0.33333 
 KGrids3:  -0.33333   0.00000   0.33334 
<Band_DFT>  Eigen, time=186.751212
<Band_DFT>  DM, time=0.000001
    1   Ni  MulP 9.29 8.71 sum 18.00 diff  0.59 (  0.02  44.64)  Ml 0.05 (  0.05  44.26)  Ml+s 0.64 (  0.02  44.55)
    2   Ni  MulP 9.29 8.71 sum 18.00 diff  0.59 (  0.02  44.59)  Ml 0.05 (  0.06  50.06)  Ml+s 0.64 (  0.02  45.88)
    3   Ni  MulP 9.29 8.71 sum 18.00 diff  0.59 (  0.02  44.55)  Ml 0.05 (  0.05  43.31)  Ml+s 0.64 (  0.02  44.29)
    4   Ni  MulP 9.29 8.71 sum 18.00 diff  0.59 (  0.02  44.54)  Ml 0.05 (  0.05  42.12)  Ml+s 0.64 (  0.02  44.02)
    5   Ni  MulP 9.29 8.71 sum 18.00 diff  0.59 (  0.02  44.15)  Ml 0.05 (  0.06  46.08)  Ml+s 0.64 (  0.02  44.61)
    6   Ni  MulP 9.29 8.71 sum 18.00 diff  0.59 (  0.02  44.79)  Ml 0.05 (  0.05  40.26)  Ml+s 0.64 (  0.02  43.76)
    7   Ni  MulP 9.29 8.71 sum 18.00 diff  0.59 (  0.02  44.50)  Ml 0.05 (  0.05  45.42)  Ml+s 0.64 (  0.02  44.71)
    8   Ni  MulP 9.29 8.71 sum 18.00 diff  0.59 (  0.02  44.73)  Ml 0.05 (  0.05  45.39)  Ml+s 0.64 (  0.02  44.87)
    9   Ni  MulP 9.29 8.71 sum 18.00 diff  0.59 (  0.02  44.61)  Ml 0.05 (  0.05  42.58)  Ml+s 0.64 (  0.02  44.17)
   10   Ni  MulP 9.29 8.71 sum 18.00 diff  0.59 (  0.02  44.33)  Ml 0.05 (  0.05  46.84)  Ml+s 0.64 (  0.02  44.87)
   11   Ni  MulP 9.29 8.71 sum 18.00 diff  0.59 (  0.02  44.31)  Ml 0.05 (  0.06  42.86)  Ml+s 0.64 (  0.02  43.97)
   12   Ni  MulP 9.29 8.71 sum 18.00 diff  0.59 (  0.02  44.12)  Ml 0.05 (  0.05  40.18)  Ml+s 0.64 (  0.02  43.23)
   13   Ni  MulP 9.29 8.71 sum 18.00 diff  0.59 (  0.02  44.53)  Ml 0.05 (  0.05  44.64)  Ml+s 0.64 (  0.02  44.56)
   14   Ni  MulP 9.29 8.71 sum 18.00 diff  0.59 (  0.02  44.32)  Ml 0.05 (  0.05  48.09)  Ml+s 0.64 (  0.02  45.16)
   15   Ni  MulP 9.29 8.71 sum 18.00 diff  0.59 (  0.02  44.39)  Ml 0.05 (  0.05  45.67)  Ml+s 0.64 (  0.02  44.65)
   16   Ni  MulP 9.29 8.71 sum 18.00 diff  0.59 (  0.02  44.62)  Ml 0.05 (  0.05  45.06)  Ml+s 0.64 (  0.02  44.72)
   17   Ni  MulP 9.29 8.71 sum 18.00 diff  0.59 (  0.02  44.78)  Ml 0.05 (  0.05  48.23)  Ml+s 0.64 (  0.02  45.51)
   18   Ni  MulP 9.29 8.71 sum 18.00 diff  0.59 (  0.02  45.24)  Ml 0.05 (  0.06  46.00)  Ml+s 0.64 (  0.02  45.41)
   19   Ni  MulP 9.29 8.71 sum 18.00 diff  0.59 (  0.02  44.35)  Ml 0.05 (  0.05  38.68)  Ml+s 0.64 (  0.02  43.18)
   20   Ni  MulP 9.29 8.71 sum 18.00 diff  0.59 (  0.02  44.29)  Ml 0.05 (  0.05  43.15)  Ml+s 0.64 (  0.02  44.04)
     ..........
     ......

 Sum of MulP: up   =  3187.45892 down          =  2986.54108
              total=  6174.00000 ideal(neutral)=  6174.00000
<DFT>  Total Spin Moment    (muB) 200.917846979   Angles    0.016772720    44.567202318
<DFT>  Total Orbital Moment (muB) 17.829507178   Angles    0.053272997    44.846165121
<DFT>  Total Moment         (muB) 218.747350834   Angles    0.019747719    44.628540562
<DFT>  Mixing_weight= 0.020152997285
<DFT>  Uele   =-9092.005994594409  dUele     =   0.000623161801
<DFT>  NormRD =    0.008304929736  Criterion =   0.000005000000

******************* MD= 1  SCF=14 *******************
<Poisson>  Poisson's equation using FFT...
<Set_Hamiltonian>  Hamiltonian matrix for VNA+dVH+Vxc...
<Band>  Solving the eigenvalue problem...
 KGrids1:  -0.33333   0.00000   0.33333 
 KGrids2:  -0.33333  -0.00000   0.33333 
 KGrids3:  -0.33333   0.00000   0.33334 
<Band_DFT>  Eigen, time=187.281393
<Band_DFT>  DM, time=0.000000
    1   Ni  MulP 9.29 8.71 sum 18.00 diff  0.59 (  0.02  44.56)  Ml 0.05 (  0.05  41.17)  Ml+s 0.64 (  0.02  43.82)
    2   Ni  MulP 9.29 8.71 sum 18.00 diff  0.59 (  0.02  44.49)  Ml 0.05 (  0.06  47.91)  Ml+s 0.64 (  0.02  45.29)
    3   Ni  MulP 9.29 8.71 sum 18.00 diff  0.59 (  0.02  44.38)  Ml 0.05 (  0.05  39.63)  Ml+s 0.64 (  0.02  43.38)
    4   Ni  MulP 9.29 8.71 sum 18.00 diff  0.59 (  0.02  44.36)  Ml 0.05 (  0.05  37.69)  Ml+s 0.64 (  0.02  42.93)
    5   Ni  MulP 9.29 8.71 sum 18.00 diff  0.59 (  0.02  44.11)  Ml 0.05 (  0.06  42.99)  Ml+s 0.64 (  0.02  43.84)
    6   Ni  MulP 9.29 8.71 sum 18.00 diff  0.59 (  0.02  44.63)  Ml 0.05 (  0.05  36.51)  Ml+s 0.64 (  0.02  42.80)
    7   Ni  MulP 9.29 8.71 sum 18.00 diff  0.59 (  0.02  44.45)  Ml 0.05 (  0.05  43.14)  Ml+s 0.64 (  0.02  44.17)
    8   Ni  MulP 9.29 8.71 sum 18.00 diff  0.59 (  0.02  44.66)  Ml 0.05 (  0.05  44.05)  Ml+s 0.64 (  0.02  44.52)
    9   Ni  MulP 9.29 8.71 sum 18.00 diff  0.59 (  0.02  44.61)  Ml 0.05 (  0.05  42.22)  Ml+s 0.64 (  0.02  44.09)
   10   Ni  MulP 9.29 8.71 sum 18.00 diff  0.59 (  0.02  44.30)  Ml 0.05 (  0.05  47.07)  Ml+s 0.64 (  0.02  44.86)
   11   Ni  MulP 9.29 8.71 sum 18.00 diff  0.59 (  0.02  44.28)  Ml 0.05 (  0.06  40.10)  Ml+s 0.64 (  0.02  43.25)
   12   Ni  MulP 9.29 8.71 sum 18.00 diff  0.59 (  0.02  44.28)  Ml 0.05 (  0.06  39.66)  Ml+s 0.64 (  0.02  43.20)
   13   Ni  MulP 9.29 8.71 sum 18.00 diff  0.59 (  0.02  44.51)  Ml 0.05 (  0.05  43.37)  Ml+s 0.64 (  0.02  44.25)
   14   Ni  MulP 9.29 8.71 sum 18.00 diff  0.59 (  0.02  44.34)  Ml 0.05 (  0.05  47.15)  Ml+s 0.64 (  0.02  44.93)
   15   Ni  MulP 9.29 8.71 sum 18.00 diff  0.59 (  0.02  44.45)  Ml 0.05 (  0.05  47.72)  Ml+s 0.64 (  0.02  45.14)
   16   Ni  MulP 9.29 8.71 sum 18.00 diff  0.59 (  0.02  44.71)  Ml 0.05 (  0.05  46.66)  Ml+s 0.64 (  0.02  45.13)
   17   Ni  MulP 9.29 8.71 sum 18.00 diff  0.59 (  0.02  44.87)  Ml 0.05 (  0.05  51.16)  Ml+s 0.64 (  0.02  46.16)
   18   Ni  MulP 9.29 8.71 sum 18.00 diff  0.59 (  0.02  45.24)  Ml 0.05 (  0.06  47.34)  Ml+s 0.64 (  0.02  45.74)
   19   Ni  MulP 9.29 8.71 sum 18.00 diff  0.59 (  0.02  44.34)  Ml 0.05 (  0.05  42.56)  Ml+s 0.64 (  0.02  43.96)
   20   Ni  MulP 9.29 8.71 sum 18.00 diff  0.59 (  0.02  44.39)  Ml 0.05 (  0.05  45.06)  Ml+s 0.64 (  0.02  44.53)
     ..........
     ......

 Sum of MulP: up   =  3187.45811 down          =  2986.54189
              total=  6174.00000 ideal(neutral)=  6174.00000
<DFT>  Total Spin Moment    (muB) 200.916211828   Angles    0.016756784    44.557923108
<DFT>  Total Orbital Moment (muB) 17.829457631   Angles    0.053007636    44.846661877
<DFT>  Total Moment         (muB) 218.745666181   Angles    0.019711465    44.621211128
<DFT>  Mixing_weight= 0.020152997285
<DFT>  Uele   =-9092.007408962703  dUele     =   0.001414368295
<DFT>  NormRD =    0.010031022256  Criterion =   0.000005000000

******************* MD= 1  SCF=15 *******************
<Poisson>  Poisson's equation using FFT...
<Set_Hamiltonian>  Hamiltonian matrix for VNA+dVH+Vxc...
<Band>  Solving the eigenvalue problem...
 KGrids1:  -0.33333   0.00000   0.33333 
 KGrids2:  -0.33333  -0.00000   0.33333 
 KGrids3:  -0.33333   0.00000   0.33334 
<Band_DFT>  Eigen, time=126.296046
<Band_DFT>  DM, time=0.000001
    1   Ni  MulP 9.29 8.71 sum 18.00 diff  0.59 (  0.02  44.58)  Ml 0.05 (  0.06  35.29)  Ml+s 0.64 (  0.02  42.51)
    2   Ni  MulP 9.29 8.71 sum 18.00 diff  0.59 (  0.02  44.42)  Ml 0.05 (  0.06  41.00)  Ml+s 0.64 (  0.02  43.64)
    3   Ni  MulP 9.29 8.71 sum 18.00 diff  0.58 (  0.02  44.34)  Ml 0.05 (  0.05  33.75)  Ml+s 0.64 (  0.02  42.07)
    4   Ni  MulP 9.29 8.71 sum 18.00 diff  0.59 (  0.02  44.30)  Ml 0.05 (  0.05  37.12)  Ml+s 0.64 (  0.02  42.81)
    5   Ni  MulP 9.29 8.71 sum 18.00 diff  0.59 (  0.02  44.06)  Ml 0.05 (  0.05  48.41)  Ml+s 0.64 (  0.02  45.03)
    6   Ni  MulP 9.29 8.71 sum 18.00 diff  0.59 (  0.02  44.60)  Ml 0.05 (  0.05  41.02)  Ml+s 0.64 (  0.02  43.85)
    7   Ni  MulP 9.29 8.71 sum 18.00 diff  0.59 (  0.02  44.53)  Ml 0.05 (  0.05  44.95)  Ml+s 0.64 (  0.02  44.62)
    8   Ni  MulP 9.29 8.71 sum 18.00 diff  0.59 (  0.02  44.61)  Ml 0.05 (  0.06  36.15)  Ml+s 0.64 (  0.02  42.65)
    9   Ni  MulP 9.29 8.71 sum 18.00 diff  0.59 (  0.02  44.64)  Ml 0.05 (  0.06  38.59)  Ml+s 0.64 (  0.02  43.30)
   10   Ni  MulP 9.29 8.71 sum 18.00 diff  0.59 (  0.02  44.25)  Ml 0.05 (  0.04  49.83)  Ml+s 0.64 (  0.02  45.21)
   11   Ni  MulP 9.29 8.71 sum 18.00 diff  0.59 (  0.02  44.34)  Ml 0.05 (  0.06  40.07)  Ml+s 0.64 (  0.02  43.34)
   12   Ni  MulP 9.29 8.71 sum 18.00 diff  0.59 (  0.02  44.55)  Ml 0.05 (  0.05  44.25)  Ml+s 0.64 (  0.02  44.49)
   13   Ni  MulP 9.29 8.71 sum 18.00 diff  0.59 (  0.02  44.46)  Ml 0.05 (  0.06  43.95)  Ml+s 0.64 (  0.02  44.35)
   14   Ni  MulP 9.29 8.71 sum 18.00 diff  0.59 (  0.02  44.30)  Ml 0.05 (  0.06  40.90)  Ml+s 0.64 (  0.02  43.55)
   15   Ni  MulP 9.29 8.71 sum 18.00 diff  0.59 (  0.02  44.43)  Ml 0.05 (  0.06  44.58)  Ml+s 0.64 (  0.02  44.46)
   16   Ni  MulP 9.29 8.71 sum 18.00 diff  0.59 (  0.02  44.79)  Ml 0.05 (  0.06  46.57)  Ml+s 0.64 (  0.02  45.18)
   17   Ni  MulP 9.29 8.71 sum 18.00 diff  0.59 (  0.02  44.95)  Ml 0.05 (  0.04  53.71)  Ml+s 0.64 (  0.02  46.54)
   18   Ni  MulP 9.29 8.71 sum 18.00 diff  0.59 (  0.02  45.24)  Ml 0.05 (  0.06  45.76)  Ml+s 0.64 (  0.02  45.36)
   19   Ni  MulP 9.29 8.71 sum 18.00 diff  0.59 (  0.02  44.30)  Ml 0.05 (  0.05  42.21)  Ml+s 0.64 (  0.02  43.86)
   20   Ni  MulP 9.29 8.71 sum 18.00 diff  0.59 (  0.02  44.30)  Ml 0.05 (  0.05  41.44)  Ml+s 0.64 (  0.02  43.71)
     ..........
     ......

 Sum of MulP: up   =  3187.45809 down          =  2986.54191
              total=  6174.00000 ideal(neutral)=  6174.00000
<DFT>  Total Spin Moment    (muB) 200.916188590   Angles    0.017445248    44.568065808
<DFT>  Total Orbital Moment (muB) 17.829484502   Angles    0.053538527    44.848521564
<DFT>  Total Moment         (muB) 218.745669843   Angles    0.020387091    44.628096468
<DFT>  Mixing_weight= 0.020152997285
<DFT>  Uele   =-9092.008948553210  dUele     =   0.001539590507
<DFT>  NormRD =    0.006606759990  Criterion =   0.000005000000

******************* MD= 1  SCF=16 *******************
<Poisson>  Poisson's equation using FFT...
<Set_Hamiltonian>  Hamiltonian matrix for VNA+dVH+Vxc...
<Band>  Solving the eigenvalue problem...
 KGrids1:  -0.33333   0.00000   0.33333 
 KGrids2:  -0.33333  -0.00000   0.33333 
 KGrids3:  -0.33333   0.00000   0.33334 
<Band_DFT>  Eigen, time=126.413144
<Band_DFT>  DM, time=0.000000
    1   Ni  MulP 9.29 8.71 sum 18.00 diff  0.59 (  0.02  44.75)  Ml 0.05 (  0.05  44.53)  Ml+s 0.64 (  0.02  44.70)
    2   Ni  MulP 9.29 8.71 sum 18.00 diff  0.59 (  0.02  44.58)  Ml 0.05 (  0.05  49.68)  Ml+s 0.64 (  0.02  45.64)
    3   Ni  MulP 9.29 8.71 sum 18.00 diff  0.59 (  0.02  44.54)  Ml 0.05 (  0.06  41.43)  Ml+s 0.64 (  0.02  43.86)
    4   Ni  MulP 9.29 8.71 sum 18.00 diff  0.59 (  0.02  44.47)  Ml 0.05 (  0.06  41.75)  Ml+s 0.64 (  0.02  43.88)
    5   Ni  MulP 9.29 8.71 sum 18.00 diff  0.59 (  0.02  44.20)  Ml 0.05 (  0.05  48.79)  Ml+s 0.64 (  0.02  45.16)
    6   Ni  MulP 9.29 8.71 sum 18.00 diff  0.59 (  0.02  44.66)  Ml 0.05 (  0.05  44.21)  Ml+s 0.64 (  0.02  44.57)
    7   Ni  MulP 9.29 8.71 sum 18.00 diff  0.59 (  0.02  44.64)  Ml 0.05 (  0.06  49.09)  Ml+s 0.64 (  0.02  45.62)
    8   Ni  MulP 9.29 8.71 sum 18.00 diff  0.59 (  0.02  44.73)  Ml 0.05 (  0.06  43.68)  Ml+s 0.64 (  0.02  44.50)
    9   Ni  MulP 9.29 8.71 sum 18.00 diff  0.59 (  0.02  44.70)  Ml 0.05 (  0.06  44.39)  Ml+s 0.64 (  0.02  44.63)
   10   Ni  MulP 9.29 8.71 sum 18.00 diff  0.59 (  0.02  44.30)  Ml 0.05 (  0.05  45.98)  Ml+s 0.64 (  0.02  44.65)
   11   Ni  MulP 9.29 8.71 sum 18.00 diff  0.59 (  0.02  44.55)  Ml 0.05 (  0.06  40.13)  Ml+s 0.64 (  0.02  43.57)
   12   Ni  MulP 9.29 8.71 sum 18.00 diff  0.59 (  0.02  44.90)  Ml 0.05 (  0.05  44.81)  Ml+s 0.64 (  0.02  44.88)
   13   Ni  MulP 9.29 8.71 sum 18.00 diff  0.59 (  0.02  44.57)  Ml 0.05 (  0.06  48.18)  Ml+s 0.64 (  0.02  45.37)
   14   Ni  MulP 9.29 8.71 sum 18.00 diff  0.59 (  0.02  44.37)  Ml 0.05 (  0.05  45.94)  Ml+s 0.64 (  0.02  44.70)
   15   Ni  MulP 9.29 8.71 sum 18.00 diff  0.59 (  0.02  44.43)  Ml 0.05 (  0.05  44.85)  Ml+s 0.64 (  0.02  44.52)
   16   Ni  MulP 9.29 8.71 sum 18.00 diff  0.59 (  0.02  44.77)  Ml 0.05 (  0.06  43.49)  Ml+s 0.64 (  0.02  44.48)
   17   Ni  MulP 9.29 8.71 sum 18.00 diff  0.59 (  0.02  44.85)  Ml 0.05 (  0.05  45.52)  Ml+s 0.64 (  0.02  44.98)
   18   Ni  MulP 9.29 8.71 sum 18.00 diff  0.59 (  0.02  45.14)  Ml 0.05 (  0.06  43.97)  Ml+s 0.64 (  0.02  44.88)
   19   Ni  MulP 9.29 8.71 sum 18.00 diff  0.59 (  0.02  44.30)  Ml 0.05 (  0.05  43.35)  Ml+s 0.64 (  0.02  44.11)
   20   Ni  MulP 9.29 8.71 sum 18.00 diff  0.59 (  0.02  44.28)  Ml 0.05 (  0.05  44.19)  Ml+s 0.64 (  0.02  44.26)
     ..........
     ......

 Sum of MulP: up   =  3187.45749 down          =  2986.54251
              total=  6174.00000 ideal(neutral)=  6174.00000
<DFT>  Total Spin Moment    (muB) 200.914979808   Angles    0.017735452    44.566098791
<DFT>  Total Orbital Moment (muB) 17.829446521   Angles    0.053638855    44.850492050
<DFT>  Total Moment         (muB) 218.744423113   Angles    0.020661828    44.626275601
<DFT>  Mixing_weight= 0.020152997285
<DFT>  Uele   =-9092.010185432588  dUele     =   0.001236879378
<DFT>  NormRD =    0.004374713201  Criterion =   0.000005000000

******************* MD= 1  SCF=17 *******************
<Poisson>  Poisson's equation using FFT...
<Set_Hamiltonian>  Hamiltonian matrix for VNA+dVH+Vxc...
<Band>  Solving the eigenvalue problem...
 KGrids1:  -0.33333   0.00000   0.33333 
 KGrids2:  -0.33333  -0.00000   0.33333 
 KGrids3:  -0.33333   0.00000   0.33334 
<Band_DFT>  Eigen, time=186.729409
<Band_DFT>  DM, time=0.000000
    1   Ni  MulP 9.29 8.71 sum 18.00 diff  0.59 (  0.02  44.75)  Ml 0.05 (  0.05  45.03)  Ml+s 0.64 (  0.02  44.81)
    2   Ni  MulP 9.29 8.71 sum 18.00 diff  0.59 (  0.02  44.59)  Ml 0.05 (  0.05  50.16)  Ml+s 0.64 (  0.02  45.73)
    3   Ni  MulP 9.29 8.71 sum 18.00 diff  0.59 (  0.02  44.56)  Ml 0.05 (  0.05  42.28)  Ml+s 0.64 (  0.02  44.08)
    4   Ni  MulP 9.29 8.71 sum 18.00 diff  0.59 (  0.02  44.49)  Ml 0.05 (  0.05  42.50)  Ml+s 0.64 (  0.02  44.07)
    5   Ni  MulP 9.29 8.71 sum 18.00 diff  0.59 (  0.02  44.21)  Ml 0.05 (  0.05  48.60)  Ml+s 0.64 (  0.02  45.14)
    6   Ni  MulP 9.29 8.71 sum 18.00 diff  0.59 (  0.02  44.66)  Ml 0.05 (  0.05  44.17)  Ml+s 0.64 (  0.02  44.55)
    7   Ni  MulP 9.29 8.71 sum 18.00 diff  0.59 (  0.02  44.63)  Ml 0.05 (  0.06  48.57)  Ml+s 0.64 (  0.02  45.51)
    8   Ni  MulP 9.29 8.71 sum 18.00 diff  0.59 (  0.02  44.73)  Ml 0.05 (  0.05  43.60)  Ml+s 0.64 (  0.02  44.49)
    9   Ni  MulP 9.29 8.71 sum 18.00 diff  0.59 (  0.02  44.67)  Ml 0.05 (  0.05  43.83)  Ml+s 0.64 (  0.02  44.49)
   10   Ni  MulP 9.29 8.71 sum 18.00 diff  0.59 (  0.02  44.30)  Ml 0.05 (  0.05  44.84)  Ml+s 0.64 (  0.02  44.41)
   11   Ni  MulP 9.29 8.71 sum 18.00 diff  0.59 (  0.02  44.56)  Ml 0.05 (  0.06  40.45)  Ml+s 0.64 (  0.02  43.67)
   12   Ni  MulP 9.29 8.71 sum 18.00 diff  0.59 (  0.02  44.91)  Ml 0.05 (  0.05  44.12)  Ml+s 0.64 (  0.02  44.75)
   13   Ni  MulP 9.29 8.71 sum 18.00 diff  0.59 (  0.02  44.56)  Ml 0.05 (  0.06  47.45)  Ml+s 0.64 (  0.02  45.21)
   14   Ni  MulP 9.29 8.71 sum 18.00 diff  0.59 (  0.02  44.36)  Ml 0.05 (  0.05  45.42)  Ml+s 0.64 (  0.02  44.59)
   15   Ni  MulP 9.29 8.71 sum 18.00 diff  0.59 (  0.02  44.40)  Ml 0.05 (  0.05  43.78)  Ml+s 0.64 (  0.02  44.27)
   16   Ni  MulP 9.29 8.71 sum 18.00 diff  0.59 (  0.02  44.74)  Ml 0.05 (  0.06  42.01)  Ml+s 0.64 (  0.02  44.14)
   17   Ni  MulP 9.29 8.71 sum 18.00 diff  0.59 (  0.02  44.83)  Ml 0.05 (  0.05  43.66)  Ml+s 0.64 (  0.02  44.59)
   18   Ni  MulP 9.29 8.71 sum 18.00 diff  0.59 (  0.02  45.11)  Ml 0.05 (  0.06  43.24)  Ml+s 0.64 (  0.02  44.69)
   19   Ni  MulP 9.29 8.71 sum 18.00 diff  0.59 (  0.02  44.28)  Ml 0.05 (  0.05  41.91)  Ml+s 0.64 (  0.02  43.79)
   20   Ni  MulP 9.29 8.71 sum 18.00 diff  0.59 (  0.02  44.27)  Ml 0.05 (  0.05  42.94)  Ml+s 0.64 (  0.02  43.99)
     ..........
     ......

 Sum of MulP: up   =  3187.45742 down          =  2986.54258
              total=  6174.00000 ideal(neutral)=  6174.00000
<DFT>  Total Spin Moment    (muB) 200.914834854   Angles    0.017772980    44.566172626
<DFT>  Total Orbital Moment (muB) 17.829441499   Angles    0.053656410    44.850718304
<DFT>  Total Moment         (muB) 218.744273141   Angles    0.020697729    44.626296949
<DFT>  Mixing_weight= 0.020152997285
<DFT>  Uele   =-9092.010288787187  dUele     =   0.000103354600
<DFT>  NormRD =    0.003392864685  Criterion =   0.000005000000

******************* MD= 1  SCF=18 *******************
<Poisson>  Poisson's equation using FFT...
<Set_Hamiltonian>  Hamiltonian matrix for VNA+dVH+Vxc...
<Band>  Solving the eigenvalue problem...
 KGrids1:  -0.33333   0.00000   0.33333 
 KGrids2:  -0.33333  -0.00000   0.33333 
 KGrids3:  -0.33333   0.00000   0.33334 
<Band_DFT>  Eigen, time=186.892147
<Band_DFT>  DM, time=0.000000
    1   Ni  MulP 9.29 8.71 sum 18.00 diff  0.59 (  0.02  44.73)  Ml 0.05 (  0.05  44.01)  Ml+s 0.64 (  0.02  44.58)
    2   Ni  MulP 9.29 8.71 sum 18.00 diff  0.59 (  0.02  44.57)  Ml 0.05 (  0.05  48.40)  Ml+s 0.64 (  0.02  45.39)
    3   Ni  MulP 9.29 8.71 sum 18.00 diff  0.59 (  0.02  44.60)  Ml 0.05 (  0.05  43.76)  Ml+s 0.64 (  0.02  44.43)
    4   Ni  MulP 9.29 8.71 sum 18.00 diff  0.59 (  0.02  44.54)  Ml 0.05 (  0.05  44.61)  Ml+s 0.64 (  0.02  44.55)
    5   Ni  MulP 9.29 8.71 sum 18.00 diff  0.59 (  0.02  44.20)  Ml 0.05 (  0.05  48.32)  Ml+s 0.64 (  0.02  45.09)
    6   Ni  MulP 9.29 8.71 sum 18.00 diff  0.59 (  0.02  44.63)  Ml 0.05 (  0.05  43.40)  Ml+s 0.64 (  0.02  44.37)
    7   Ni  MulP 9.29 8.71 sum 18.00 diff  0.59 (  0.02  44.57)  Ml 0.05 (  0.05  45.88)  Ml+s 0.64 (  0.02  44.85)
    8   Ni  MulP 9.29 8.71 sum 18.00 diff  0.59 (  0.02  44.75)  Ml 0.05 (  0.06  43.70)  Ml+s 0.64 (  0.02  44.52)
    9   Ni  MulP 9.29 8.71 sum 18.00 diff  0.59 (  0.02  44.62)  Ml 0.05 (  0.05  42.81)  Ml+s 0.64 (  0.02  44.24)
   10   Ni  MulP 9.29 8.71 sum 18.00 diff  0.59 (  0.02  44.30)  Ml 0.05 (  0.05  44.69)  Ml+s 0.64 (  0.02  44.38)
   11   Ni  MulP 9.29 8.71 sum 18.00 diff  0.59 (  0.02  44.64)  Ml 0.05 (  0.05  45.10)  Ml+s 0.64 (  0.02  44.73)
   12   Ni  MulP 9.29 8.71 sum 18.00 diff  0.59 (  0.02  44.94)  Ml 0.05 (  0.05  44.58)  Ml+s 0.64 (  0.02  44.87)
   13   Ni  MulP 9.29 8.71 sum 18.00 diff  0.59 (  0.02  44.56)  Ml 0.05 (  0.06  46.59)  Ml+s 0.64 (  0.02  45.00)
   14   Ni  MulP 9.29 8.71 sum 18.00 diff  0.59 (  0.02  44.35)  Ml 0.05 (  0.05  44.82)  Ml+s 0.64 (  0.02  44.45)
   15   Ni  MulP 9.29 8.71 sum 18.00 diff  0.59 (  0.02  44.44)  Ml 0.05 (  0.05  45.66)  Ml+s 0.64 (  0.02  44.69)
   16   Ni  MulP 9.29 8.71 sum 18.00 diff  0.59 (  0.02  44.76)  Ml 0.05 (  0.06  43.08)  Ml+s 0.64 (  0.02  44.40)
   17   Ni  MulP 9.29 8.71 sum 18.00 diff  0.59 (  0.02  44.89)  Ml 0.05 (  0.05  45.25)  Ml+s 0.64 (  0.02  44.97)
   18   Ni  MulP 9.29 8.71 sum 18.00 diff  0.59 (  0.02  45.13)  Ml 0.05 (  0.06  46.46)  Ml+s 0.64 (  0.02  45.42)
   19   Ni  MulP 9.29 8.71 sum 18.00 diff  0.59 (  0.02  44.30)  Ml 0.05 (  0.05  41.96)  Ml+s 0.64 (  0.02  43.82)
   20   Ni  MulP 9.29 8.71 sum 18.00 diff  0.59 (  0.02  44.32)  Ml 0.05 (  0.05  43.30)  Ml+s 0.64 (  0.02  44.11)
     ..........
     ......

 Sum of MulP: up   =  3187.45730 down          =  2986.54270
              total=  6174.00000 ideal(neutral)=  6174.00000
<DFT>  Total Spin Moment    (muB) 200.914591519   Angles    0.017846408    44.567173059
<DFT>  Total Orbital Moment (muB) 17.829431713   Angles    0.053702207    44.851240808
<DFT>  Total Moment         (muB) 218.744020026   Angles    0.020768907    44.627041780
<DFT>  Mixing_weight= 0.020152997285
<DFT>  Uele   =-9092.010344091568  dUele     =   0.000055304381
<DFT>  NormRD =    0.001962756392  Criterion =   0.000005000000

******************* MD= 1  SCF=19 *******************
<Poisson>  Poisson's equation using FFT...
<Set_Hamiltonian>  Hamiltonian matrix for VNA+dVH+Vxc...
<Band>  Solving the eigenvalue problem...
 KGrids1:  -0.33333   0.00000   0.33333 
 KGrids2:  -0.33333  -0.00000   0.33333 
 KGrids3:  -0.33333   0.00000   0.33334 
<Band_DFT>  Eigen, time=126.100152
<Band_DFT>  DM, time=0.000000
    1   Ni  MulP 9.29 8.71 sum 18.00 diff  0.59 (  0.02  44.72)  Ml 0.05 (  0.05  43.85)  Ml+s 0.64 (  0.02  44.53)
    2   Ni  MulP 9.29 8.71 sum 18.00 diff  0.59 (  0.02  44.56)  Ml 0.05 (  0.05  47.68)  Ml+s 0.64 (  0.02  45.23)
    3   Ni  MulP 9.29 8.71 sum 18.00 diff  0.59 (  0.02  44.59)  Ml 0.05 (  0.05  43.69)  Ml+s 0.64 (  0.02  44.41)
    4   Ni  MulP 9.29 8.71 sum 18.00 diff  0.59 (  0.02  44.53)  Ml 0.05 (  0.05  44.51)  Ml+s 0.64 (  0.02  44.52)
    5   Ni  MulP 9.29 8.71 sum 18.00 diff  0.59 (  0.02  44.19)  Ml 0.05 (  0.06  47.62)  Ml+s 0.64 (  0.02  44.94)
    6   Ni  MulP 9.29 8.71 sum 18.00 diff  0.59 (  0.02  44.62)  Ml 0.05 (  0.05  42.98)  Ml+s 0.64 (  0.02  44.27)
    7   Ni  MulP 9.29 8.71 sum 18.00 diff  0.59 (  0.02  44.57)  Ml 0.05 (  0.05  45.48)  Ml+s 0.64 (  0.02  44.76)
    8   Ni  MulP 9.29 8.71 sum 18.00 diff  0.59 (  0.02  44.75)  Ml 0.05 (  0.06  43.69)  Ml+s 0.64 (  0.02  44.52)
    9   Ni  MulP 9.29 8.71 sum 18.00 diff  0.59 (  0.02  44.61)  Ml 0.05 (  0.05  42.31)  Ml+s 0.64 (  0.02  44.12)
   10   Ni  MulP 9.29 8.71 sum 18.00 diff  0.59 (  0.02  44.29)  Ml 0.05 (  0.05  44.64)  Ml+s 0.64 (  0.02  44.36)
   11   Ni  MulP 9.29 8.71 sum 18.00 diff  0.59 (  0.02  44.63)  Ml 0.05 (  0.05  45.21)  Ml+s 0.64 (  0.02  44.75)
   12   Ni  MulP 9.29 8.71 sum 18.00 diff  0.59 (  0.02  44.95)  Ml 0.05 (  0.05  43.55)  Ml+s 0.64 (  0.02  44.66)
   13   Ni  MulP 9.29 8.71 sum 18.00 diff  0.59 (  0.02  44.54)  Ml 0.05 (  0.06  45.90)  Ml+s 0.64 (  0.02  44.84)
   14   Ni  MulP 9.29 8.71 sum 18.00 diff  0.59 (  0.02  44.34)  Ml 0.05 (  0.05  44.85)  Ml+s 0.64 (  0.02  44.45)
   15   Ni  MulP 9.29 8.71 sum 18.00 diff  0.59 (  0.02  44.44)  Ml 0.05 (  0.05  45.63)  Ml+s 0.64 (  0.02  44.69)
   16   Ni  MulP 9.29 8.71 sum 18.00 diff  0.59 (  0.02  44.76)  Ml 0.05 (  0.06  43.06)  Ml+s 0.64 (  0.02  44.39)
   17   Ni  MulP 9.29 8.71 sum 18.00 diff  0.59 (  0.02  44.89)  Ml 0.05 (  0.05  45.32)  Ml+s 0.64 (  0.02  44.98)
   18   Ni  MulP 9.29 8.71 sum 18.00 diff  0.59 (  0.02  45.12)  Ml 0.05 (  0.06  46.43)  Ml+s 0.64 (  0.02  45.41)
   19   Ni  MulP 9.29 8.71 sum 18.00 diff  0.59 (  0.02  44.29)  Ml 0.05 (  0.05  41.61)  Ml+s 0.64 (  0.02  43.74)
   20   Ni  MulP 9.29 8.71 sum 18.00 diff  0.59 (  0.02  44.31)  Ml 0.05 (  0.05  43.41)  Ml+s 0.64 (  0.02  44.12)
     ..........
     ......

 Sum of MulP: up   =  3187.45722 down          =  2986.54278
              total=  6174.00000 ideal(neutral)=  6174.00000
<DFT>  Total Spin Moment    (muB) 200.914445027   Angles    0.017886474    44.568028902
<DFT>  Total Orbital Moment (muB) 17.829424829   Angles    0.053732673    44.851524186
<DFT>  Total Moment         (muB) 218.743866651   Angles    0.020808192    44.627698023
<DFT>  Mixing_weight= 0.020152997285
<DFT>  Uele   =-9092.010290965170  dUele     =   0.000053126398
<DFT>  NormRD =    0.001427579506  Criterion =   0.000005000000

******************* MD= 1  SCF=20 *******************
<Poisson>  Poisson's equation using FFT...
<Set_Hamiltonian>  Hamiltonian matrix for VNA+dVH+Vxc...
<Band>  Solving the eigenvalue problem...
 KGrids1:  -0.33333   0.00000   0.33333 
 KGrids2:  -0.33333  -0.00000   0.33333 
 KGrids3:  -0.33333   0.00000   0.33334 
<Band_DFT>  Eigen, time=187.136742
<Band_DFT>  DM, time=0.000000
    1   Ni  MulP 9.29 8.71 sum 18.00 diff  0.59 (  0.02  44.72)  Ml 0.05 (  0.05  43.98)  Ml+s 0.64 (  0.02  44.56)
    2   Ni  MulP 9.29 8.71 sum 18.00 diff  0.59 (  0.02  44.56)  Ml 0.05 (  0.05  47.39)  Ml+s 0.64 (  0.02  45.17)
    3   Ni  MulP 9.29 8.71 sum 18.00 diff  0.59 (  0.02  44.59)  Ml 0.05 (  0.05  43.59)  Ml+s 0.64 (  0.02  44.38)
    4   Ni  MulP 9.29 8.71 sum 18.00 diff  0.59 (  0.02  44.52)  Ml 0.05 (  0.05  44.39)  Ml+s 0.64 (  0.02  44.49)
    5   Ni  MulP 9.29 8.71 sum 18.00 diff  0.59 (  0.02  44.19)  Ml 0.05 (  0.06  47.43)  Ml+s 0.64 (  0.02  44.90)
    6   Ni  MulP 9.29 8.71 sum 18.00 diff  0.59 (  0.02  44.62)  Ml 0.05 (  0.05  43.04)  Ml+s 0.64 (  0.02  44.29)
    7   Ni  MulP 9.29 8.71 sum 18.00 diff  0.59 (  0.02  44.57)  Ml 0.05 (  0.05  45.73)  Ml+s 0.64 (  0.02  44.82)
    8   Ni  MulP 9.29 8.71 sum 18.00 diff  0.59 (  0.02  44.75)  Ml 0.05 (  0.06  43.76)  Ml+s 0.64 (  0.02  44.54)
    9   Ni  MulP 9.29 8.71 sum 18.00 diff  0.59 (  0.02  44.62)  Ml 0.05 (  0.05  41.95)  Ml+s 0.64 (  0.02  44.05)
   10   Ni  MulP 9.29 8.71 sum 18.00 diff  0.59 (  0.02  44.29)  Ml 0.05 (  0.05  44.70)  Ml+s 0.64 (  0.02  44.37)
   11   Ni  MulP 9.29 8.71 sum 18.00 diff  0.59 (  0.02  44.63)  Ml 0.05 (  0.05  45.09)  Ml+s 0.64 (  0.02  44.72)
   12   Ni  MulP 9.29 8.71 sum 18.00 diff  0.59 (  0.02  44.97)  Ml 0.05 (  0.05  43.21)  Ml+s 0.64 (  0.02  44.60)
   13   Ni  MulP 9.29 8.71 sum 18.00 diff  0.59 (  0.02  44.54)  Ml 0.05 (  0.06  45.92)  Ml+s 0.64 (  0.02  44.84)
   14   Ni  MulP 9.29 8.71 sum 18.00 diff  0.59 (  0.02  44.33)  Ml 0.05 (  0.05  45.29)  Ml+s 0.64 (  0.02  44.53)
   15   Ni  MulP 9.29 8.71 sum 18.00 diff  0.59 (  0.02  44.45)  Ml 0.05 (  0.05  45.49)  Ml+s 0.64 (  0.02  44.67)
   16   Ni  MulP 9.29 8.71 sum 18.00 diff  0.59 (  0.02  44.76)  Ml 0.05 (  0.06  42.90)  Ml+s 0.64 (  0.02  44.36)
   17   Ni  MulP 9.29 8.71 sum 18.00 diff  0.59 (  0.02  44.89)  Ml 0.05 (  0.05  45.40)  Ml+s 0.64 (  0.02  45.00)
   18   Ni  MulP 9.29 8.71 sum 18.00 diff  0.59 (  0.02  45.11)  Ml 0.05 (  0.06  46.39)  Ml+s 0.64 (  0.02  45.39)
   19   Ni  MulP 9.29 8.71 sum 18.00 diff  0.59 (  0.02  44.28)  Ml 0.05 (  0.05  41.67)  Ml+s 0.64 (  0.02  43.75)
   20   Ni  MulP 9.29 8.71 sum 18.00 diff  0.59 (  0.02  44.29)  Ml 0.05 (  0.05  43.70)  Ml+s 0.64 (  0.02  44.17)
     ..........
     ......

 Sum of MulP: up   =  3187.45715 down          =  2986.54285
              total=  6174.00000 ideal(neutral)=  6174.00000
<DFT>  Total Spin Moment    (muB) 200.914298660   Angles    0.017935411    44.569260793
<DFT>  Total Orbital Moment (muB) 17.829417975   Angles    0.053771969    44.851846642
<DFT>  Total Moment         (muB) 218.743713431   Angles    0.020856344    44.628644598
<DFT>  Mixing_weight= 0.020152997285
<DFT>  Uele   =-9092.010216719840  dUele     =   0.000074245330
<DFT>  NormRD =    0.001341979877  Criterion =   0.000005000000

******************* MD= 1  SCF=21 *******************
<Poisson>  Poisson's equation using FFT...
<Set_Hamiltonian>  Hamiltonian matrix for VNA+dVH+Vxc...
<Band>  Solving the eigenvalue problem...
 KGrids1:  -0.33333   0.00000   0.33333 
 KGrids2:  -0.33333  -0.00000   0.33333 
 KGrids3:  -0.33333   0.00000   0.33334 
<Band_DFT>  Eigen, time=126.419178
<Band_DFT>  DM, time=0.000000
    1   Ni  MulP 9.29 8.71 sum 18.00 diff  0.59 (  0.02  44.72)  Ml 0.05 (  0.05  44.40)  Ml+s 0.64 (  0.02  44.66)
    2   Ni  MulP 9.29 8.71 sum 18.00 diff  0.59 (  0.02  44.56)  Ml 0.05 (  0.05  47.32)  Ml+s 0.64 (  0.02  45.15)
    3   Ni  MulP 9.29 8.71 sum 18.00 diff  0.59 (  0.02  44.59)  Ml 0.05 (  0.05  43.45)  Ml+s 0.64 (  0.02  44.35)
    4   Ni  MulP 9.29 8.71 sum 18.00 diff  0.59 (  0.02  44.52)  Ml 0.05 (  0.05  44.25)  Ml+s 0.64 (  0.02  44.46)
    5   Ni  MulP 9.29 8.71 sum 18.00 diff  0.59 (  0.02  44.21)  Ml 0.05 (  0.06  47.53)  Ml+s 0.64 (  0.02  44.93)
    6   Ni  MulP 9.29 8.71 sum 18.00 diff  0.59 (  0.02  44.62)  Ml 0.05 (  0.05  43.54)  Ml+s 0.64 (  0.02  44.40)
    7   Ni  MulP 9.29 8.71 sum 18.00 diff  0.59 (  0.02  44.59)  Ml 0.05 (  0.06  46.57)  Ml+s 0.64 (  0.02  45.01)
    8   Ni  MulP 9.29 8.71 sum 18.00 diff  0.59 (  0.02  44.76)  Ml 0.05 (  0.05  43.73)  Ml+s 0.64 (  0.02  44.54)
    9   Ni  MulP 9.29 8.71 sum 18.00 diff  0.59 (  0.02  44.62)  Ml 0.05 (  0.05  41.36)  Ml+s 0.64 (  0.02  43.94)
   10   Ni  MulP 9.29 8.71 sum 18.00 diff  0.59 (  0.02  44.28)  Ml 0.05 (  0.05  44.81)  Ml+s 0.64 (  0.02  44.38)
   11   Ni  MulP 9.29 8.71 sum 18.00 diff  0.59 (  0.02  44.61)  Ml 0.05 (  0.05  44.61)  Ml+s 0.64 (  0.02  44.61)
   12   Ni  MulP 9.29 8.71 sum 18.00 diff  0.59 (  0.02  45.00)  Ml 0.05 (  0.05  43.01)  Ml+s 0.64 (  0.02  44.59)
   13   Ni  MulP 9.29 8.71 sum 18.00 diff  0.59 (  0.02  44.53)  Ml 0.05 (  0.06  46.16)  Ml+s 0.64 (  0.02  44.89)
   14   Ni  MulP 9.29 8.71 sum 18.00 diff  0.59 (  0.02  44.33)  Ml 0.05 (  0.05  45.93)  Ml+s 0.64 (  0.02  44.67)
   15   Ni  MulP 9.29 8.71 sum 18.00 diff  0.59 (  0.02  44.44)  Ml 0.05 (  0.05  44.97)  Ml+s 0.64 (  0.02  44.55)
   16   Ni  MulP 9.29 8.71 sum 18.00 diff  0.59 (  0.02  44.76)  Ml 0.05 (  0.06  42.36)  Ml+s 0.64 (  0.02  44.25)
   17   Ni  MulP 9.29 8.71 sum 18.00 diff  0.59 (  0.02  44.88)  Ml 0.05 (  0.05  45.32)  Ml+s 0.64 (  0.02  44.97)
   18   Ni  MulP 9.29 8.71 sum 18.00 diff  0.59 (  0.02  45.08)  Ml 0.05 (  0.06  45.99)  Ml+s 0.64 (  0.02  45.28)
   19   Ni  MulP 9.29 8.71 sum 18.00 diff  0.59 (  0.02  44.26)  Ml 0.05 (  0.05  41.57)  Ml+s 0.64 (  0.02  43.71)
   20   Ni  MulP 9.29 8.71 sum 18.00 diff  0.59 (  0.02  44.27)  Ml 0.05 (  0.05  43.67)  Ml+s 0.64 (  0.02  44.15)
     ..........
     ......

 Sum of MulP: up   =  3187.45698 down          =  2986.54302
              total=  6174.00000 ideal(neutral)=  6174.00000
<DFT>  Total Spin Moment    (muB) 200.913964461   Angles    0.018056355    44.572388886
<DFT>  Total Orbital Moment (muB) 17.829402430   Angles    0.053870381    44.852499396
<DFT>  Total Moment         (muB) 218.743363691   Angles    0.020975454    44.631025417
<DFT>  Mixing_weight= 0.020152997285
<DFT>  Uele   =-9092.010033478828  dUele     =   0.000183241013
<DFT>  NormRD =    0.001305449914  Criterion =   0.000005000000

******************* MD= 1  SCF=22 *******************
<Poisson>  Poisson's equation using FFT...
<Set_Hamiltonian>  Hamiltonian matrix for VNA+dVH+Vxc...
<Band>  Solving the eigenvalue problem...
 KGrids1:  -0.33333   0.00000   0.33333 
 KGrids2:  -0.33333  -0.00000   0.33333 
 KGrids3:  -0.33333   0.00000   0.33334 
<Band_DFT>  Eigen, time=187.377556
<Band_DFT>  DM, time=0.000001
    1   Ni  MulP 9.29 8.71 sum 18.00 diff  0.59 (  0.02  44.72)  Ml 0.05 (  0.05  44.57)  Ml+s 0.64 (  0.02  44.69)
    2   Ni  MulP 9.29 8.71 sum 18.00 diff  0.59 (  0.02  44.57)  Ml 0.05 (  0.05  47.63)  Ml+s 0.64 (  0.02  45.22)
    3   Ni  MulP 9.29 8.71 sum 18.00 diff  0.59 (  0.02  44.59)  Ml 0.05 (  0.05  43.43)  Ml+s 0.64 (  0.02  44.36)
    4   Ni  MulP 9.29 8.71 sum 18.00 diff  0.59 (  0.02  44.53)  Ml 0.05 (  0.05  44.16)  Ml+s 0.64 (  0.02  44.45)
    5   Ni  MulP 9.29 8.71 sum 18.00 diff  0.59 (  0.02  44.23)  Ml 0.05 (  0.05  47.86)  Ml+s 0.64 (  0.02  45.01)
    6   Ni  MulP 9.29 8.71 sum 18.00 diff  0.59 (  0.02  44.62)  Ml 0.05 (  0.05  43.76)  Ml+s 0.64 (  0.02  44.44)
    7   Ni  MulP 9.29 8.71 sum 18.00 diff  0.59 (  0.02  44.59)  Ml 0.05 (  0.06  46.88)  Ml+s 0.64 (  0.02  45.08)
    8   Ni  MulP 9.29 8.71 sum 18.00 diff  0.59 (  0.02  44.77)  Ml 0.05 (  0.06  44.16)  Ml+s 0.64 (  0.02  44.64)
    9   Ni  MulP 9.29 8.71 sum 18.00 diff  0.59 (  0.02  44.64)  Ml 0.05 (  0.05  42.14)  Ml+s 0.64 (  0.02  44.11)
   10   Ni  MulP 9.29 8.71 sum 18.00 diff  0.59 (  0.02  44.28)  Ml 0.05 (  0.05  45.57)  Ml+s 0.64 (  0.02  44.54)
   11   Ni  MulP 9.29 8.71 sum 18.00 diff  0.59 (  0.02  44.61)  Ml 0.05 (  0.05  44.74)  Ml+s 0.64 (  0.02  44.63)
   12   Ni  MulP 9.29 8.71 sum 18.00 diff  0.59 (  0.02  45.04)  Ml 0.05 (  0.05  43.52)  Ml+s 0.64 (  0.02  44.73)
   13   Ni  MulP 9.29 8.71 sum 18.00 diff  0.59 (  0.02  44.54)  Ml 0.05 (  0.06  46.47)  Ml+s 0.64 (  0.02  44.96)
   14   Ni  MulP 9.29 8.71 sum 18.00 diff  0.59 (  0.02  44.33)  Ml 0.05 (  0.06  46.15)  Ml+s 0.64 (  0.02  44.72)
   15   Ni  MulP 9.29 8.71 sum 18.00 diff  0.59 (  0.02  44.45)  Ml 0.05 (  0.05  45.66)  Ml+s 0.64 (  0.02  44.70)
   16   Ni  MulP 9.29 8.71 sum 18.00 diff  0.59 (  0.02  44.78)  Ml 0.05 (  0.06  43.13)  Ml+s 0.64 (  0.02  44.43)
   17   Ni  MulP 9.29 8.71 sum 18.00 diff  0.59 (  0.02  44.89)  Ml 0.05 (  0.05  46.15)  Ml+s 0.64 (  0.02  45.14)
   18   Ni  MulP 9.29 8.71 sum 18.00 diff  0.59 (  0.02  45.06)  Ml 0.05 (  0.06  46.33)  Ml+s 0.64 (  0.02  45.34)
   19   Ni  MulP 9.29 8.71 sum 18.00 diff  0.59 (  0.02  44.26)  Ml 0.05 (  0.05  41.78)  Ml+s 0.64 (  0.02  43.77)
   20   Ni  MulP 9.29 8.71 sum 18.00 diff  0.59 (  0.02  44.27)  Ml 0.05 (  0.05  43.60)  Ml+s 0.64 (  0.02  44.14)
     ..........
     ......

 Sum of MulP: up   =  3187.45681 down          =  2986.54319
              total=  6174.00000 ideal(neutral)=  6174.00000
<DFT>  Total Spin Moment    (muB) 200.913628893   Angles    0.018184091    44.575687019
<DFT>  Total Orbital Moment (muB) 17.829386722   Angles    0.053976040    44.853246493
<DFT>  Total Moment         (muB) 218.743012419   Angles    0.021101394    44.633556085
<DFT>  Mixing_weight= 0.020152997285
<DFT>  Uele   =-9092.009842813603  dUele     =   0.000190665225
<DFT>  NormRD =    0.001018859123  Criterion =   0.000005000000

******************* MD= 1  SCF=23 *******************
<Poisson>  Poisson's equation using FFT...
<Set_Hamiltonian>  Hamiltonian matrix for VNA+dVH+Vxc...
<Band>  Solving the eigenvalue problem...
 KGrids1:  -0.33333   0.00000   0.33333 
 KGrids2:  -0.33333  -0.00000   0.33333 
 KGrids3:  -0.33333   0.00000   0.33334 
<Band_DFT>  Eigen, time=126.451933
<Band_DFT>  DM, time=0.000000
    1   Ni  MulP 9.29 8.71 sum 18.00 diff  0.59 (  0.02  44.72)  Ml 0.05 (  0.05  44.54)  Ml+s 0.64 (  0.02  44.68)
    2   Ni  MulP 9.29 8.71 sum 18.00 diff  0.59 (  0.02  44.58)  Ml 0.05 (  0.05  48.15)  Ml+s 0.64 (  0.02  45.33)
    3   Ni  MulP 9.29 8.71 sum 18.00 diff  0.59 (  0.02  44.61)  Ml 0.05 (  0.05  43.47)  Ml+s 0.64 (  0.02  44.38)
    4   Ni  MulP 9.29 8.71 sum 18.00 diff  0.59 (  0.02  44.54)  Ml 0.05 (  0.05  44.14)  Ml+s 0.64 (  0.02  44.46)
    5   Ni  MulP 9.29 8.71 sum 18.00 diff  0.59 (  0.02  44.25)  Ml 0.05 (  0.05  48.25)  Ml+s 0.64 (  0.02  45.10)
    6   Ni  MulP 9.29 8.71 sum 18.00 diff  0.59 (  0.02  44.61)  Ml 0.05 (  0.05  43.81)  Ml+s 0.64 (  0.02  44.44)
    7   Ni  MulP 9.29 8.71 sum 18.00 diff  0.59 (  0.02  44.59)  Ml 0.05 (  0.06  46.91)  Ml+s 0.64 (  0.02  45.08)
    8   Ni  MulP 9.29 8.71 sum 18.00 diff  0.59 (  0.02  44.77)  Ml 0.05 (  0.06  44.17)  Ml+s 0.64 (  0.02  44.64)
    9   Ni  MulP 9.29 8.71 sum 18.00 diff  0.59 (  0.02  44.64)  Ml 0.05 (  0.05  42.85)  Ml+s 0.64 (  0.02  44.27)
   10   Ni  MulP 9.29 8.71 sum 18.00 diff  0.59 (  0.02  44.27)  Ml 0.05 (  0.05  45.96)  Ml+s 0.64 (  0.02  44.61)
   11   Ni  MulP 9.29 8.71 sum 18.00 diff  0.59 (  0.02  44.59)  Ml 0.05 (  0.05  44.56)  Ml+s 0.64 (  0.02  44.58)
   12   Ni  MulP 9.29 8.71 sum 18.00 diff  0.59 (  0.02  45.08)  Ml 0.05 (  0.05  43.88)  Ml+s 0.64 (  0.02  44.84)
   13   Ni  MulP 9.29 8.71 sum 18.00 diff  0.59 (  0.02  44.54)  Ml 0.05 (  0.06  46.34)  Ml+s 0.64 (  0.02  44.93)
   14   Ni  MulP 9.29 8.71 sum 18.00 diff  0.59 (  0.02  44.32)  Ml 0.05 (  0.06  45.69)  Ml+s 0.64 (  0.02  44.61)
   15   Ni  MulP 9.29 8.71 sum 18.00 diff  0.59 (  0.02  44.45)  Ml 0.05 (  0.05  45.95)  Ml+s 0.64 (  0.02  44.76)
   16   Ni  MulP 9.29 8.71 sum 18.00 diff  0.59 (  0.02  44.78)  Ml 0.05 (  0.06  43.53)  Ml+s 0.64 (  0.02  44.52)
   17   Ni  MulP 9.29 8.71 sum 18.00 diff  0.59 (  0.02  44.87)  Ml 0.05 (  0.05  46.40)  Ml+s 0.64 (  0.02  45.18)
   18   Ni  MulP 9.29 8.71 sum 18.00 diff  0.59 (  0.02  45.02)  Ml 0.05 (  0.06  46.12)  Ml+s 0.64 (  0.02  45.26)
   19   Ni  MulP 9.29 8.71 sum 18.00 diff  0.59 (  0.02  44.26)  Ml 0.05 (  0.05  41.37)  Ml+s 0.64 (  0.02  43.68)
   20   Ni  MulP 9.29 8.71 sum 18.00 diff  0.59 (  0.02  44.27)  Ml 0.05 (  0.05  42.81)  Ml+s 0.64 (  0.02  43.97)
     ..........
     ......

 Sum of MulP: up   =  3187.45660 down          =  2986.54340
              total=  6174.00000 ideal(neutral)=  6174.00000
<DFT>  Total Spin Moment    (muB) 200.913202898   Angles    0.018356648    44.580152519
<DFT>  Total Orbital Moment (muB) 17.829366798   Angles    0.054120521    44.854160942
<DFT>  Total Moment         (muB) 218.742566506   Angles    0.021271666    44.636975675
<DFT>  Mixing_weight= 0.020152997285
<DFT>  Uele   =-9092.009587905308  dUele     =   0.000254908295
<DFT>  NormRD =    0.001152337090  Criterion =   0.000005000000

******************* MD= 1  SCF=24 *******************
<Poisson>  Poisson's equation using FFT...
<Set_Hamiltonian>  Hamiltonian matrix for VNA+dVH+Vxc...
<Band>  Solving the eigenvalue problem...
 KGrids1:  -0.33333   0.00000   0.33333 
 KGrids2:  -0.33333  -0.00000   0.33333 
 KGrids3:  -0.33333   0.00000   0.33334 
<Band_DFT>  Eigen, time=126.208538
<Band_DFT>  DM, time=0.000000
    1   Ni  MulP 9.29 8.71 sum 18.00 diff  0.59 (  0.02  44.70)  Ml 0.05 (  0.05  43.88)  Ml+s 0.64 (  0.02  44.53)
    2   Ni  MulP 9.29 8.71 sum 18.00 diff  0.59 (  0.02  44.57)  Ml 0.05 (  0.05  48.17)  Ml+s 0.64 (  0.02  45.32)
    3   Ni  MulP 9.29 8.71 sum 18.00 diff  0.59 (  0.02  44.62)  Ml 0.05 (  0.05  43.52)  Ml+s 0.64 (  0.02  44.39)
    4   Ni  MulP 9.29 8.71 sum 18.00 diff  0.59 (  0.02  44.54)  Ml 0.05 (  0.05  44.33)  Ml+s 0.64 (  0.02  44.50)
    5   Ni  MulP 9.29 8.71 sum 18.00 diff  0.59 (  0.02  44.25)  Ml 0.05 (  0.06  48.26)  Ml+s 0.64 (  0.02  45.10)
    6   Ni  MulP 9.29 8.71 sum 18.00 diff  0.59 (  0.02  44.59)  Ml 0.05 (  0.05  43.22)  Ml+s 0.64 (  0.02  44.31)
    7   Ni  MulP 9.29 8.71 sum 18.00 diff  0.59 (  0.02  44.56)  Ml 0.05 (  0.06  46.05)  Ml+s 0.64 (  0.02  44.87)
    8   Ni  MulP 9.29 8.71 sum 18.00 diff  0.59 (  0.02  44.77)  Ml 0.05 (  0.06  43.84)  Ml+s 0.64 (  0.02  44.57)
    9   Ni  MulP 9.29 8.71 sum 18.00 diff  0.59 (  0.02  44.64)  Ml 0.05 (  0.05  42.67)  Ml+s 0.64 (  0.02  44.23)
   10   Ni  MulP 9.29 8.71 sum 18.00 diff  0.59 (  0.02  44.27)  Ml 0.05 (  0.05  45.46)  Ml+s 0.64 (  0.02  44.51)
   11   Ni  MulP 9.29 8.71 sum 18.00 diff  0.59 (  0.02  44.58)  Ml 0.05 (  0.05  44.68)  Ml+s 0.64 (  0.02  44.60)
   12   Ni  MulP 9.29 8.71 sum 18.00 diff  0.59 (  0.02  45.10)  Ml 0.05 (  0.05  44.28)  Ml+s 0.64 (  0.02  44.93)
   13   Ni  MulP 9.29 8.71 sum 18.00 diff  0.59 (  0.02  44.54)  Ml 0.05 (  0.06  46.54)  Ml+s 0.64 (  0.02  44.97)
   14   Ni  MulP 9.29 8.71 sum 18.00 diff  0.59 (  0.02  44.30)  Ml 0.05 (  0.05  45.48)  Ml+s 0.64 (  0.02  44.55)
   15   Ni  MulP 9.29 8.71 sum 18.00 diff  0.59 (  0.02  44.46)  Ml 0.05 (  0.05  45.90)  Ml+s 0.64 (  0.02  44.75)
   16   Ni  MulP 9.29 8.71 sum 18.00 diff  0.59 (  0.02  44.78)  Ml 0.05 (  0.06  43.36)  Ml+s 0.64 (  0.02  44.48)
   17   Ni  MulP 9.29 8.71 sum 18.00 diff  0.59 (  0.02  44.86)  Ml 0.05 (  0.05  46.05)  Ml+s 0.64 (  0.02  45.10)
   18   Ni  MulP 9.29 8.71 sum 18.00 diff  0.59 (  0.02  45.00)  Ml 0.05 (  0.06  46.20)  Ml+s 0.64 (  0.02  45.26)
   19   Ni  MulP 9.29 8.71 sum 18.00 diff  0.59 (  0.02  44.26)  Ml 0.05 (  0.05  41.88)  Ml+s 0.64 (  0.02  43.78)
   20   Ni  MulP 9.29 8.71 sum 18.00 diff  0.59 (  0.02  44.26)  Ml 0.05 (  0.05  43.64)  Ml+s 0.64 (  0.02  44.13)
     ..........
     ......

 Sum of MulP: up   =  3187.45649 down          =  2986.54351
              total=  6174.00000 ideal(neutral)=  6174.00000
<DFT>  Total Spin Moment    (muB) 200.912985483   Angles    0.018491105    44.583888462
<DFT>  Total Orbital Moment (muB) 17.829356880   Angles    0.054239033    44.854713094
<DFT>  Total Moment         (muB) 218.742339175   Angles    0.021404825    44.639824234
<DFT>  Mixing_weight= 0.020152997285
<DFT>  Uele   =-9092.009412578678  dUele     =   0.000175326630
<DFT>  NormRD =    0.000443886558  Criterion =   0.000005000000

******************* MD= 1  SCF=25 *******************
<Poisson>  Poisson's equation using FFT...
<Set_Hamiltonian>  Hamiltonian matrix for VNA+dVH+Vxc...
<Band>  Solving the eigenvalue problem...
 KGrids1:  -0.33333   0.00000   0.33333 
 KGrids2:  -0.33333  -0.00000   0.33333 
 KGrids3:  -0.33333   0.00000   0.33334 
<Band_DFT>  Eigen, time=126.323814
<Band_DFT>  DM, time=0.000001
    1   Ni  MulP 9.29 8.71 sum 18.00 diff  0.59 (  0.02  44.70)  Ml 0.05 (  0.06  44.05)  Ml+s 0.64 (  0.02  44.57)
    2   Ni  MulP 9.29 8.71 sum 18.00 diff  0.59 (  0.02  44.56)  Ml 0.05 (  0.05  47.78)  Ml+s 0.64 (  0.02  45.23)
    3   Ni  MulP 9.29 8.71 sum 18.00 diff  0.59 (  0.02  44.63)  Ml 0.05 (  0.05  43.93)  Ml+s 0.64 (  0.02  44.49)
    4   Ni  MulP 9.29 8.71 sum 18.00 diff  0.59 (  0.02  44.56)  Ml 0.05 (  0.05  44.88)  Ml+s 0.64 (  0.02  44.62)
    5   Ni  MulP 9.29 8.71 sum 18.00 diff  0.59 (  0.02  44.24)  Ml 0.05 (  0.06  47.83)  Ml+s 0.64 (  0.02  45.00)
    6   Ni  MulP 9.29 8.71 sum 18.00 diff  0.59 (  0.02  44.61)  Ml 0.05 (  0.05  43.30)  Ml+s 0.64 (  0.02  44.34)
    7   Ni  MulP 9.29 8.71 sum 18.00 diff  0.59 (  0.02  44.55)  Ml 0.05 (  0.06  46.02)  Ml+s 0.64 (  0.02  44.85)
    8   Ni  MulP 9.29 8.71 sum 18.00 diff  0.59 (  0.02  44.77)  Ml 0.05 (  0.06  43.72)  Ml+s 0.64 (  0.02  44.55)
    9   Ni  MulP 9.29 8.71 sum 18.00 diff  0.59 (  0.02  44.62)  Ml 0.05 (  0.05  42.10)  Ml+s 0.64 (  0.02  44.10)
   10   Ni  MulP 9.29 8.71 sum 18.00 diff  0.59 (  0.02  44.26)  Ml 0.05 (  0.05  45.17)  Ml+s 0.64 (  0.02  44.44)
   11   Ni  MulP 9.29 8.71 sum 18.00 diff  0.59 (  0.02  44.57)  Ml 0.05 (  0.05  45.49)  Ml+s 0.64 (  0.02  44.75)
   12   Ni  MulP 9.29 8.71 sum 18.00 diff  0.59 (  0.02  45.05)  Ml 0.05 (  0.05  43.42)  Ml+s 0.64 (  0.02  44.72)
   13   Ni  MulP 9.29 8.71 sum 18.00 diff  0.59 (  0.02  44.54)  Ml 0.05 (  0.06  46.07)  Ml+s 0.64 (  0.02  44.86)
   14   Ni  MulP 9.29 8.71 sum 18.00 diff  0.59 (  0.02  44.29)  Ml 0.05 (  0.06  45.42)  Ml+s 0.64 (  0.02  44.53)
   15   Ni  MulP 9.29 8.71 sum 18.00 diff  0.59 (  0.02  44.46)  Ml 0.05 (  0.05  45.57)  Ml+s 0.64 (  0.02  44.68)
   16   Ni  MulP 9.29 8.71 sum 18.00 diff  0.59 (  0.02  44.79)  Ml 0.05 (  0.06  43.36)  Ml+s 0.64 (  0.02  44.49)
   17   Ni  MulP 9.29 8.71 sum 18.00 diff  0.59 (  0.02  44.87)  Ml 0.05 (  0.05  45.85)  Ml+s 0.64 (  0.02  45.07)
   18   Ni  MulP 9.29 8.71 sum 18.00 diff  0.59 (  0.02  45.00)  Ml 0.05 (  0.06  46.48)  Ml+s 0.64 (  0.02  45.31)
   19   Ni  MulP 9.29 8.71 sum 18.00 diff  0.59 (  0.02  44.26)  Ml 0.05 (  0.05  41.60)  Ml+s 0.64 (  0.02  43.73)
   20   Ni  MulP 9.29 8.71 sum 18.00 diff  0.59 (  0.02  44.26)  Ml 0.05 (  0.05  43.76)  Ml+s 0.64 (  0.02  44.16)
     ..........
     ......

 Sum of MulP: up   =  3187.45648 down          =  2986.54352
              total=  6174.00000 ideal(neutral)=  6174.00000
<DFT>  Total Spin Moment    (muB) 200.912967724   Angles    0.018668866    44.589067124
<DFT>  Total Orbital Moment (muB) 17.829357336   Angles    0.054408394    44.855067618
<DFT>  Total Moment         (muB) 218.742321874   Angles    0.021581903    44.643725904
<DFT>  Mixing_weight= 0.020152997285
<DFT>  Uele   =-9092.009300918196  dUele     =   0.000111660482
<DFT>  NormRD =    0.000290232992  Criterion =   0.000005000000

******************* MD= 1  SCF=26 *******************
<Poisson>  Poisson's equation using FFT...
<Set_Hamiltonian>  Hamiltonian matrix for VNA+dVH+Vxc...
<Band>  Solving the eigenvalue problem...
 KGrids1:  -0.33333   0.00000   0.33333 
 KGrids2:  -0.33333  -0.00000   0.33333 
 KGrids3:  -0.33333   0.00000   0.33334 
<Band_DFT>  Eigen, time=126.525917
<Band_DFT>  DM, time=0.000000
    1   Ni  MulP 9.29 8.71 sum 18.00 diff  0.59 (  0.02  44.70)  Ml 0.05 (  0.05  44.08)  Ml+s 0.64 (  0.02  44.58)
    2   Ni  MulP 9.29 8.71 sum 18.00 diff  0.59 (  0.02  44.55)  Ml 0.05 (  0.06  47.37)  Ml+s 0.64 (  0.02  45.13)
    3   Ni  MulP 9.29 8.71 sum 18.00 diff  0.59 (  0.02  44.64)  Ml 0.05 (  0.05  43.59)  Ml+s 0.64 (  0.02  44.43)
    4   Ni  MulP 9.29 8.71 sum 18.00 diff  0.59 (  0.02  44.57)  Ml 0.05 (  0.05  44.58)  Ml+s 0.64 (  0.02  44.57)
    5   Ni  MulP 9.29 8.71 sum 18.00 diff  0.59 (  0.02  44.21)  Ml 0.05 (  0.06  47.40)  Ml+s 0.64 (  0.02  44.89)
    6   Ni  MulP 9.29 8.71 sum 18.00 diff  0.59 (  0.02  44.64)  Ml 0.05 (  0.05  43.32)  Ml+s 0.64 (  0.02  44.37)
    7   Ni  MulP 9.29 8.71 sum 18.00 diff  0.59 (  0.02  44.53)  Ml 0.05 (  0.06  45.99)  Ml+s 0.64 (  0.02  44.83)
    8   Ni  MulP 9.29 8.71 sum 18.00 diff  0.59 (  0.02  44.78)  Ml 0.05 (  0.06  44.08)  Ml+s 0.64 (  0.02  44.64)
    9   Ni  MulP 9.29 8.71 sum 18.00 diff  0.59 (  0.02  44.62)  Ml 0.05 (  0.06  42.15)  Ml+s 0.64 (  0.02  44.11)
   10   Ni  MulP 9.29 8.71 sum 18.00 diff  0.59 (  0.02  44.25)  Ml 0.05 (  0.05  45.03)  Ml+s 0.64 (  0.02  44.41)
   11   Ni  MulP 9.29 8.71 sum 18.00 diff  0.59 (  0.02  44.54)  Ml 0.05 (  0.05  45.57)  Ml+s 0.64 (  0.02  44.75)
   12   Ni  MulP 9.29 8.71 sum 18.00 diff  0.59 (  0.02  44.98)  Ml 0.05 (  0.06  43.24)  Ml+s 0.64 (  0.02  44.63)
   13   Ni  MulP 9.29 8.71 sum 18.00 diff  0.59 (  0.02  44.55)  Ml 0.05 (  0.06  46.16)  Ml+s 0.64 (  0.02  44.89)
   14   Ni  MulP 9.29 8.71 sum 18.00 diff  0.59 (  0.02  44.29)  Ml 0.05 (  0.06  45.64)  Ml+s 0.64 (  0.02  44.57)
   15   Ni  MulP 9.29 8.71 sum 18.00 diff  0.59 (  0.02  44.47)  Ml 0.05 (  0.05  45.73)  Ml+s 0.64 (  0.02  44.72)
   16   Ni  MulP 9.29 8.71 sum 18.00 diff  0.59 (  0.02  44.79)  Ml 0.05 (  0.06  43.43)  Ml+s 0.64 (  0.02  44.51)
   17   Ni  MulP 9.29 8.71 sum 18.00 diff  0.59 (  0.02  44.88)  Ml 0.05 (  0.05  45.76)  Ml+s 0.64 (  0.02  45.06)
   18   Ni  MulP 9.29 8.71 sum 18.00 diff  0.59 (  0.02  45.01)  Ml 0.05 (  0.06  46.51)  Ml+s 0.64 (  0.02  45.33)
   19   Ni  MulP 9.29 8.71 sum 18.00 diff  0.59 (  0.02  44.27)  Ml 0.05 (  0.05  41.48)  Ml+s 0.64 (  0.02  43.72)
   20   Ni  MulP 9.29 8.71 sum 18.00 diff  0.59 (  0.02  44.25)  Ml 0.05 (  0.05  43.65)  Ml+s 0.64 (  0.02  44.13)
     ..........
     ......

 Sum of MulP: up   =  3187.45651 down          =  2986.54349
              total=  6174.00000 ideal(neutral)=  6174.00000
<DFT>  Total Spin Moment    (muB) 200.913012166   Angles    0.018981459    44.597755005
<DFT>  Total Orbital Moment (muB) 17.829361852   Angles    0.054710768    44.855517187
<DFT>  Total Moment         (muB) 218.742370834   Angles    0.021893665    44.650256899
<DFT>  Mixing_weight= 0.020152997285
<DFT>  Uele   =-9092.009159566696  dUele     =   0.000141351500
<DFT>  NormRD =    0.000319633591  Criterion =   0.000005000000

******************* MD= 1  SCF=27 *******************
<Poisson>  Poisson's equation using FFT...
<Set_Hamiltonian>  Hamiltonian matrix for VNA+dVH+Vxc...
<Band>  Solving the eigenvalue problem...
 KGrids1:  -0.33333   0.00000   0.33333 
 KGrids2:  -0.33333  -0.00000   0.33333 
 KGrids3:  -0.33333   0.00000   0.33334 
<Band_DFT>  Eigen, time=126.549670
<Band_DFT>  DM, time=0.000010
    1   Ni  MulP 9.29 8.71 sum 18.00 diff  0.59 (  0.02  44.71)  Ml 0.05 (  0.05  44.70)  Ml+s 0.64 (  0.02  44.71)
    2   Ni  MulP 9.29 8.71 sum 18.00 diff  0.59 (  0.02  44.55)  Ml 0.05 (  0.06  47.74)  Ml+s 0.64 (  0.02  45.21)
    3   Ni  MulP 9.29 8.71 sum 18.00 diff  0.59 (  0.02  44.66)  Ml 0.05 (  0.05  43.89)  Ml+s 0.64 (  0.02  44.50)
    4   Ni  MulP 9.29 8.71 sum 18.00 diff  0.59 (  0.02  44.59)  Ml 0.05 (  0.05  44.88)  Ml+s 0.64 (  0.02  44.65)
    5   Ni  MulP 9.29 8.71 sum 18.00 diff  0.59 (  0.02  44.20)  Ml 0.05 (  0.06  47.75)  Ml+s 0.64 (  0.02  44.94)
    6   Ni  MulP 9.29 8.71 sum 18.00 diff  0.59 (  0.02  44.67)  Ml 0.05 (  0.05  43.92)  Ml+s 0.64 (  0.02  44.52)
    7   Ni  MulP 9.29 8.71 sum 18.00 diff  0.59 (  0.02  44.53)  Ml 0.05 (  0.06  46.58)  Ml+s 0.64 (  0.02  44.95)
    8   Ni  MulP 9.29 8.71 sum 18.00 diff  0.59 (  0.02  44.80)  Ml 0.05 (  0.06  44.66)  Ml+s 0.64 (  0.02  44.77)
    9   Ni  MulP 9.29 8.71 sum 18.00 diff  0.59 (  0.02  44.62)  Ml 0.05 (  0.06  42.62)  Ml+s 0.64 (  0.02  44.21)
   10   Ni  MulP 9.29 8.71 sum 18.00 diff  0.59 (  0.02  44.25)  Ml 0.05 (  0.05  45.32)  Ml+s 0.64 (  0.02  44.46)
   11   Ni  MulP 9.29 8.71 sum 18.00 diff  0.59 (  0.02  44.52)  Ml 0.05 (  0.05  45.81)  Ml+s 0.64 (  0.02  44.78)
   12   Ni  MulP 9.29 8.71 sum 18.00 diff  0.59 (  0.02  44.93)  Ml 0.05 (  0.06  43.61)  Ml+s 0.64 (  0.02  44.66)
   13   Ni  MulP 9.29 8.71 sum 18.00 diff  0.59 (  0.02  44.56)  Ml 0.05 (  0.06  46.64)  Ml+s 0.64 (  0.02  44.99)
   14   Ni  MulP 9.29 8.71 sum 18.00 diff  0.59 (  0.02  44.30)  Ml 0.05 (  0.06  46.11)  Ml+s 0.64 (  0.02  44.67)
   15   Ni  MulP 9.29 8.71 sum 18.00 diff  0.59 (  0.02  44.47)  Ml 0.05 (  0.05  45.88)  Ml+s 0.64 (  0.02  44.75)
   16   Ni  MulP 9.29 8.71 sum 18.00 diff  0.59 (  0.02  44.80)  Ml 0.05 (  0.06  43.49)  Ml+s 0.64 (  0.02  44.53)
   17   Ni  MulP 9.29 8.71 sum 18.00 diff  0.59 (  0.02  44.89)  Ml 0.05 (  0.05  45.79)  Ml+s 0.64 (  0.02  45.07)
   18   Ni  MulP 9.29 8.71 sum 18.00 diff  0.59 (  0.02  45.01)  Ml 0.05 (  0.06  46.57)  Ml+s 0.64 (  0.02  45.34)
   19   Ni  MulP 9.29 8.71 sum 18.00 diff  0.59 (  0.02  44.27)  Ml 0.05 (  0.05  41.55)  Ml+s 0.64 (  0.02  43.74)
   20   Ni  MulP 9.29 8.71 sum 18.00 diff  0.59 (  0.02  44.24)  Ml 0.05 (  0.05  43.56)  Ml+s 0.64 (  0.02  44.11)
     ..........
     ......

 Sum of MulP: up   =  3187.45653 down          =  2986.54347
              total=  6174.00000 ideal(neutral)=  6174.00000
<DFT>  Total Spin Moment    (muB) 200.913051769   Angles    0.019265402    44.605301044
<DFT>  Total Orbital Moment (muB) 17.829365900   Angles    0.054985874    44.856026003
<DFT>  Total Moment         (muB) 218.742414487   Angles    0.022176890    44.655970888
<DFT>  Mixing_weight= 0.020152997285
<DFT>  Uele   =-9092.009039863380  dUele     =   0.000119703316
<DFT>  NormRD =    0.000717589122  Criterion =   0.000005000000

******************* MD= 1  SCF=28 *******************
<Poisson>  Poisson's equation using FFT...
<Set_Hamiltonian>  Hamiltonian matrix for VNA+dVH+Vxc...
<Band>  Solving the eigenvalue problem...
 KGrids1:  -0.33333   0.00000   0.33333 
 KGrids2:  -0.33333  -0.00000   0.33333 
 KGrids3:  -0.33333   0.00000   0.33334 
<Band_DFT>  Eigen, time=187.353833
<Band_DFT>  DM, time=0.000000
    1   Ni  MulP 9.29 8.71 sum 18.00 diff  0.59 (  0.02  44.71)  Ml 0.05 (  0.06  44.34)  Ml+s 0.64 (  0.02  44.63)
    2   Ni  MulP 9.29 8.71 sum 18.00 diff  0.59 (  0.02  44.54)  Ml 0.05 (  0.06  47.61)  Ml+s 0.64 (  0.02  45.17)
    3   Ni  MulP 9.29 8.71 sum 18.00 diff  0.59 (  0.02  44.66)  Ml 0.05 (  0.05  43.44)  Ml+s 0.64 (  0.02  44.42)
    4   Ni  MulP 9.29 8.71 sum 18.00 diff  0.59 (  0.02  44.60)  Ml 0.05 (  0.05  44.36)  Ml+s 0.64 (  0.02  44.55)
    5   Ni  MulP 9.29 8.71 sum 18.00 diff  0.59 (  0.02  44.18)  Ml 0.05 (  0.06  47.58)  Ml+s 0.64 (  0.02  44.89)
    6   Ni  MulP 9.29 8.71 sum 18.00 diff  0.59 (  0.02  44.68)  Ml 0.05 (  0.06  43.57)  Ml+s 0.64 (  0.02  44.46)
    7   Ni  MulP 9.29 8.71 sum 18.00 diff  0.59 (  0.02  44.51)  Ml 0.05 (  0.06  46.29)  Ml+s 0.64 (  0.02  44.87)
    8   Ni  MulP 9.29 8.71 sum 18.00 diff  0.59 (  0.02  44.79)  Ml 0.05 (  0.06  44.24)  Ml+s 0.64 (  0.02  44.68)
    9   Ni  MulP 9.29 8.71 sum 18.00 diff  0.59 (  0.02  44.62)  Ml 0.05 (  0.06  42.47)  Ml+s 0.64 (  0.02  44.18)
   10   Ni  MulP 9.29 8.71 sum 18.00 diff  0.59 (  0.02  44.24)  Ml 0.05 (  0.05  45.04)  Ml+s 0.64 (  0.02  44.40)
   11   Ni  MulP 9.29 8.71 sum 18.00 diff  0.59 (  0.02  44.50)  Ml 0.05 (  0.05  45.12)  Ml+s 0.64 (  0.02  44.62)
   12   Ni  MulP 9.29 8.71 sum 18.00 diff  0.59 (  0.02  44.88)  Ml 0.05 (  0.06  43.61)  Ml+s 0.64 (  0.02  44.63)
   13   Ni  MulP 9.29 8.71 sum 18.00 diff  0.59 (  0.02  44.56)  Ml 0.05 (  0.06  46.40)  Ml+s 0.64 (  0.02  44.94)
   14   Ni  MulP 9.29 8.71 sum 18.00 diff  0.59 (  0.02  44.29)  Ml 0.05 (  0.06  45.63)  Ml+s 0.64 (  0.02  44.56)
   15   Ni  MulP 9.29 8.71 sum 18.00 diff  0.59 (  0.02  44.47)  Ml 0.05 (  0.05  45.75)  Ml+s 0.64 (  0.02  44.73)
   16   Ni  MulP 9.29 8.71 sum 18.00 diff  0.59 (  0.02  44.80)  Ml 0.05 (  0.06  43.34)  Ml+s 0.64 (  0.02  44.50)
   17   Ni  MulP 9.29 8.71 sum 18.00 diff  0.59 (  0.02  44.90)  Ml 0.05 (  0.05  45.83)  Ml+s 0.64 (  0.02  45.08)
   18   Ni  MulP 9.29 8.71 sum 18.00 diff  0.59 (  0.02  45.02)  Ml 0.05 (  0.06  46.50)  Ml+s 0.64 (  0.02  45.33)
   19   Ni  MulP 9.29 8.71 sum 18.00 diff  0.59 (  0.02  44.27)  Ml 0.05 (  0.05  41.72)  Ml+s 0.64 (  0.02  43.78)
   20   Ni  MulP 9.29 8.71 sum 18.00 diff  0.59 (  0.02  44.24)  Ml 0.05 (  0.06  43.40)  Ml+s 0.64 (  0.02  44.07)
     ..........
     ......

 Sum of MulP: up   =  3187.45654 down          =  2986.54346
              total=  6174.00000 ideal(neutral)=  6174.00000
<DFT>  Total Spin Moment    (muB) 200.913077753   Angles    0.019506893    44.611210338
<DFT>  Total Orbital Moment (muB) 17.829368926   Angles    0.055220296    44.856452126
<DFT>  Total Moment         (muB) 218.742443497   Angles    0.022417806    44.660448483
<DFT>  Mixing_weight= 0.020152997285
<DFT>  Uele   =-9092.008965482217  dUele     =   0.000074381163
<DFT>  NormRD =    0.000419934083  Criterion =   0.000005000000

******************* MD= 1  SCF=29 *******************
<Poisson>  Poisson's equation using FFT...
<Set_Hamiltonian>  Hamiltonian matrix for VNA+dVH+Vxc...
<Band>  Solving the eigenvalue problem...
 KGrids1:  -0.33333   0.00000   0.33333 
 KGrids2:  -0.33333  -0.00000   0.33333 
 KGrids3:  -0.33333   0.00000   0.33334 
<Band_DFT>  Eigen, time=126.167425
<Band_DFT>  DM, time=0.000000
    1   Ni  MulP 9.29 8.71 sum 18.00 diff  0.59 (  0.02  44.71)  Ml 0.05 (  0.06  44.22)  Ml+s 0.64 (  0.02  44.61)
    2   Ni  MulP 9.29 8.71 sum 18.00 diff  0.59 (  0.02  44.54)  Ml 0.05 (  0.06  47.73)  Ml+s 0.64 (  0.02  45.19)
    3   Ni  MulP 9.29 8.71 sum 18.00 diff  0.59 (  0.02  44.67)  Ml 0.05 (  0.05  43.45)  Ml+s 0.64 (  0.02  44.43)
    4   Ni  MulP 9.29 8.71 sum 18.00 diff  0.59 (  0.02  44.61)  Ml 0.05 (  0.05  44.32)  Ml+s 0.64 (  0.02  44.55)
    5   Ni  MulP 9.29 8.71 sum 18.00 diff  0.59 (  0.02  44.18)  Ml 0.05 (  0.06  47.69)  Ml+s 0.64 (  0.02  44.90)
    6   Ni  MulP 9.29 8.71 sum 18.00 diff  0.59 (  0.02  44.68)  Ml 0.05 (  0.06  43.46)  Ml+s 0.64 (  0.02  44.44)
    7   Ni  MulP 9.29 8.71 sum 18.00 diff  0.59 (  0.02  44.50)  Ml 0.05 (  0.06  46.22)  Ml+s 0.64 (  0.02  44.85)
    8   Ni  MulP 9.29 8.71 sum 18.00 diff  0.59 (  0.02  44.79)  Ml 0.05 (  0.06  44.02)  Ml+s 0.64 (  0.02  44.63)
    9   Ni  MulP 9.29 8.71 sum 18.00 diff  0.59 (  0.02  44.62)  Ml 0.05 (  0.06  42.47)  Ml+s 0.64 (  0.02  44.18)
   10   Ni  MulP 9.29 8.71 sum 18.00 diff  0.59 (  0.02  44.24)  Ml 0.05 (  0.05  45.02)  Ml+s 0.64 (  0.02  44.39)
   11   Ni  MulP 9.29 8.71 sum 18.00 diff  0.59 (  0.02  44.49)  Ml 0.05 (  0.05  44.85)  Ml+s 0.64 (  0.02  44.56)
   12   Ni  MulP 9.29 8.71 sum 18.00 diff  0.59 (  0.02  44.87)  Ml 0.05 (  0.06  43.68)  Ml+s 0.64 (  0.02  44.64)
   13   Ni  MulP 9.29 8.71 sum 18.00 diff  0.59 (  0.02  44.56)  Ml 0.05 (  0.06  46.32)  Ml+s 0.64 (  0.02  44.92)
   14   Ni  MulP 9.29 8.71 sum 18.00 diff  0.59 (  0.02  44.29)  Ml 0.05 (  0.06  45.42)  Ml+s 0.64 (  0.02  44.52)
   15   Ni  MulP 9.29 8.71 sum 18.00 diff  0.59 (  0.02  44.47)  Ml 0.05 (  0.05  45.73)  Ml+s 0.64 (  0.02  44.72)
   16   Ni  MulP 9.29 8.71 sum 18.00 diff  0.59 (  0.02  44.80)  Ml 0.05 (  0.06  43.29)  Ml+s 0.64 (  0.02  44.49)
   17   Ni  MulP 9.29 8.71 sum 18.00 diff  0.59 (  0.02  44.90)  Ml 0.05 (  0.05  45.82)  Ml+s 0.64 (  0.02  45.08)
   18   Ni  MulP 9.29 8.71 sum 18.00 diff  0.59 (  0.02  45.02)  Ml 0.05 (  0.06  46.39)  Ml+s 0.64 (  0.02  45.30)
   19   Ni  MulP 9.29 8.71 sum 18.00 diff  0.59 (  0.02  44.28)  Ml 0.05 (  0.05  41.79)  Ml+s 0.64 (  0.02  43.79)
   20   Ni  MulP 9.29 8.71 sum 18.00 diff  0.59 (  0.02  44.24)  Ml 0.05 (  0.06  43.40)  Ml+s 0.64 (  0.02  44.07)
     ..........
     ......

 Sum of MulP: up   =  3187.45654 down          =  2986.54346
              total=  6174.00000 ideal(neutral)=  6174.00000
<DFT>  Total Spin Moment    (muB) 200.913081407   Angles    0.019608008    44.613440777
<DFT>  Total Orbital Moment (muB) 17.829369826   Angles    0.055318581    44.856613969
<DFT>  Total Moment         (muB) 218.742448052   Angles    0.022518691    44.662131386
<DFT>  Mixing_weight= 0.020152997285
<DFT>  Uele   =-9092.008950201112  dUele     =   0.000015281104
<DFT>  NormRD =    0.000422992865  Criterion =   0.000005000000

******************* MD= 1  SCF=30 *******************
<Poisson>  Poisson's equation using FFT...
<Set_Hamiltonian>  Hamiltonian matrix for VNA+dVH+Vxc...
<Band>  Solving the eigenvalue problem...
 KGrids1:  -0.33333   0.00000   0.33333 
 KGrids2:  -0.33333  -0.00000   0.33333 
 KGrids3:  -0.33333   0.00000   0.33334 
<Band_DFT>  Eigen, time=126.429033
<Band_DFT>  DM, time=0.000000
    1   Ni  MulP 9.29 8.71 sum 18.00 diff  0.59 (  0.02  44.71)  Ml 0.05 (  0.06  44.05)  Ml+s 0.64 (  0.02  44.57)
    2   Ni  MulP 9.29 8.71 sum 18.00 diff  0.59 (  0.02  44.54)  Ml 0.05 (  0.06  47.81)  Ml+s 0.64 (  0.02  45.21)
    3   Ni  MulP 9.29 8.71 sum 18.00 diff  0.59 (  0.02  44.67)  Ml 0.05 (  0.05  43.54)  Ml+s 0.64 (  0.02  44.45)
    4   Ni  MulP 9.29 8.71 sum 18.00 diff  0.59 (  0.02  44.61)  Ml 0.05 (  0.05  44.36)  Ml+s 0.64 (  0.02  44.56)
    5   Ni  MulP 9.29 8.71 sum 18.00 diff  0.59 (  0.02  44.18)  Ml 0.05 (  0.06  47.76)  Ml+s 0.64 (  0.02  44.91)
    6   Ni  MulP 9.29 8.71 sum 18.00 diff  0.59 (  0.02  44.68)  Ml 0.05 (  0.06  43.29)  Ml+s 0.64 (  0.02  44.40)
    7   Ni  MulP 9.29 8.71 sum 18.00 diff  0.59 (  0.02  44.50)  Ml 0.05 (  0.06  46.07)  Ml+s 0.64 (  0.02  44.82)
    8   Ni  MulP 9.29 8.71 sum 18.00 diff  0.59 (  0.02  44.79)  Ml 0.05 (  0.06  43.84)  Ml+s 0.64 (  0.02  44.59)
    9   Ni  MulP 9.29 8.71 sum 18.00 diff  0.59 (  0.02  44.62)  Ml 0.05 (  0.06  42.46)  Ml+s 0.64 (  0.02  44.18)
   10   Ni  MulP 9.29 8.71 sum 18.00 diff  0.59 (  0.02  44.24)  Ml 0.05 (  0.05  45.07)  Ml+s 0.64 (  0.02  44.41)
   11   Ni  MulP 9.29 8.71 sum 18.00 diff  0.59 (  0.02  44.49)  Ml 0.05 (  0.06  44.71)  Ml+s 0.64 (  0.02  44.53)
   12   Ni  MulP 9.29 8.71 sum 18.00 diff  0.59 (  0.02  44.88)  Ml 0.05 (  0.06  43.72)  Ml+s 0.64 (  0.02  44.65)
   13   Ni  MulP 9.29 8.71 sum 18.00 diff  0.59 (  0.02  44.56)  Ml 0.05 (  0.06  46.24)  Ml+s 0.64 (  0.02  44.91)
   14   Ni  MulP 9.29 8.71 sum 18.00 diff  0.59 (  0.02  44.28)  Ml 0.05 (  0.06  45.28)  Ml+s 0.64 (  0.02  44.48)
   15   Ni  MulP 9.29 8.71 sum 18.00 diff  0.59 (  0.02  44.47)  Ml 0.05 (  0.05  45.76)  Ml+s 0.64 (  0.02  44.73)
   16   Ni  MulP 9.29 8.71 sum 18.00 diff  0.59 (  0.02  44.81)  Ml 0.05 (  0.06  43.30)  Ml+s 0.64 (  0.02  44.49)
   17   Ni  MulP 9.29 8.71 sum 18.00 diff  0.59 (  0.02  44.90)  Ml 0.05 (  0.05  45.78)  Ml+s 0.64 (  0.02  45.07)
   18   Ni  MulP 9.29 8.71 sum 18.00 diff  0.59 (  0.02  45.01)  Ml 0.05 (  0.06  46.21)  Ml+s 0.64 (  0.02  45.26)
   19   Ni  MulP 9.29 8.71 sum 18.00 diff  0.59 (  0.02  44.28)  Ml 0.05 (  0.05  41.78)  Ml+s 0.64 (  0.02  43.79)
   20   Ni  MulP 9.29 8.71 sum 18.00 diff  0.59 (  0.02  44.24)  Ml 0.05 (  0.06  43.50)  Ml+s 0.64 (  0.02  44.10)
     ..........
     ......

 Sum of MulP: up   =  3187.45653 down          =  2986.54347
              total=  6174.00000 ideal(neutral)=  6174.00000
<DFT>  Total Spin Moment    (muB) 200.913068198   Angles    0.019681185    44.614718987
<DFT>  Total Orbital Moment (muB) 17.829369639   Angles    0.055389890    44.856788819
<DFT>  Total Moment         (muB) 218.742434656   Angles    0.022591716    44.663094280
<DFT>  Mixing_weight= 0.020152997285
<DFT>  Uele   =-9092.008961935555  dUele     =   0.000011734443
<DFT>  NormRD =    0.000316157212  Criterion =   0.000005000000

******************* MD= 1  SCF=31 *******************
<Poisson>  Poisson's equation using FFT...
<Set_Hamiltonian>  Hamiltonian matrix for VNA+dVH+Vxc...
<Band>  Solving the eigenvalue problem...
 KGrids1:  -0.33333   0.00000   0.33333 
 KGrids2:  -0.33333  -0.00000   0.33333 
 KGrids3:  -0.33333   0.00000   0.33334 
<Band_DFT>  Eigen, time=186.855508
<Band_DFT>  DM, time=0.000000
    1   Ni  MulP 9.29 8.71 sum 18.00 diff  0.59 (  0.02  44.71)  Ml 0.05 (  0.06  44.04)  Ml+s 0.64 (  0.02  44.57)
    2   Ni  MulP 9.29 8.71 sum 18.00 diff  0.59 (  0.02  44.55)  Ml 0.05 (  0.06  47.91)  Ml+s 0.64 (  0.02  45.23)
    3   Ni  MulP 9.29 8.71 sum 18.00 diff  0.59 (  0.02  44.68)  Ml 0.05 (  0.05  43.66)  Ml+s 0.64 (  0.02  44.48)
    4   Ni  MulP 9.29 8.71 sum 18.00 diff  0.59 (  0.02  44.62)  Ml 0.05 (  0.05  44.45)  Ml+s 0.64 (  0.02  44.58)
    5   Ni  MulP 9.29 8.71 sum 18.00 diff  0.59 (  0.02  44.18)  Ml 0.05 (  0.06  47.86)  Ml+s 0.64 (  0.02  44.94)
    6   Ni  MulP 9.29 8.71 sum 18.00 diff  0.59 (  0.02  44.67)  Ml 0.05 (  0.06  43.28)  Ml+s 0.64 (  0.02  44.39)
    7   Ni  MulP 9.29 8.71 sum 18.00 diff  0.59 (  0.02  44.50)  Ml 0.05 (  0.06  46.07)  Ml+s 0.64 (  0.02  44.82)
    8   Ni  MulP 9.29 8.71 sum 18.00 diff  0.59 (  0.02  44.79)  Ml 0.05 (  0.06  43.82)  Ml+s 0.64 (  0.02  44.59)
    9   Ni  MulP 9.29 8.71 sum 18.00 diff  0.59 (  0.02  44.62)  Ml 0.05 (  0.06  42.54)  Ml+s 0.64 (  0.02  44.20)
   10   Ni  MulP 9.29 8.71 sum 18.00 diff  0.59 (  0.02  44.25)  Ml 0.05 (  0.05  45.24)  Ml+s 0.64 (  0.02  44.44)
   11   Ni  MulP 9.29 8.71 sum 18.00 diff  0.59 (  0.02  44.50)  Ml 0.05 (  0.06  44.81)  Ml+s 0.64 (  0.02  44.56)
   12   Ni  MulP 9.29 8.71 sum 18.00 diff  0.59 (  0.02  44.90)  Ml 0.05 (  0.06  43.86)  Ml+s 0.64 (  0.02  44.70)
   13   Ni  MulP 9.29 8.71 sum 18.00 diff  0.59 (  0.02  44.56)  Ml 0.05 (  0.06  46.30)  Ml+s 0.64 (  0.02  44.92)
   14   Ni  MulP 9.29 8.71 sum 18.00 diff  0.59 (  0.02  44.28)  Ml 0.05 (  0.06  45.33)  Ml+s 0.64 (  0.02  44.49)
   15   Ni  MulP 9.29 8.71 sum 18.00 diff  0.59 (  0.02  44.48)  Ml 0.05 (  0.05  45.69)  Ml+s 0.64 (  0.02  44.72)
   16   Ni  MulP 9.29 8.71 sum 18.00 diff  0.59 (  0.02  44.81)  Ml 0.05 (  0.06  43.30)  Ml+s 0.64 (  0.02  44.50)
   17   Ni  MulP 9.29 8.71 sum 18.00 diff  0.59 (  0.02  44.91)  Ml 0.05 (  0.05  45.84)  Ml+s 0.64 (  0.02  45.09)
   18   Ni  MulP 9.29 8.71 sum 18.00 diff  0.59 (  0.02  45.01)  Ml 0.05 (  0.06  46.20)  Ml+s 0.64 (  0.02  45.26)
   19   Ni  MulP 9.29 8.71 sum 18.00 diff  0.59 (  0.02  44.28)  Ml 0.05 (  0.05  41.88)  Ml+s 0.64 (  0.02  43.82)
   20   Ni  MulP 9.29 8.71 sum 18.00 diff  0.59 (  0.02  44.24)  Ml 0.05 (  0.06  43.63)  Ml+s 0.64 (  0.02  44.12)
     ..........
     ......

 Sum of MulP: up   =  3187.45652 down          =  2986.54348
              total=  6174.00000 ideal(neutral)=  6174.00000
<DFT>  Total Spin Moment    (muB) 200.913032361   Angles    0.019781532    44.616112529
<DFT>  Total Orbital Moment (muB) 17.829368424   Angles    0.055487899    44.857032578
<DFT>  Total Moment         (muB) 218.742397605   Angles    0.022691873    44.664130366
<DFT>  Mixing_weight= 0.020152997285
<DFT>  Uele   =-9092.009001900213  dUele     =   0.000039964658
<DFT>  NormRD =    0.000298303077  Criterion =   0.000005000000

******************* MD= 1  SCF=32 *******************
<Poisson>  Poisson's equation using FFT...
<Set_Hamiltonian>  Hamiltonian matrix for VNA+dVH+Vxc...
<Band>  Solving the eigenvalue problem...
 KGrids1:  -0.33333   0.00000   0.33333 
 KGrids2:  -0.33333  -0.00000   0.33333 
 KGrids3:  -0.33333   0.00000   0.33334 
<Band_DFT>  Eigen, time=126.529852
<Band_DFT>  DM, time=0.000000
    1   Ni  MulP 9.29 8.71 sum 18.00 diff  0.59 (  0.02  44.73)  Ml 0.05 (  0.06  43.76)  Ml+s 0.64 (  0.02  44.54)
    2   Ni  MulP 9.29 8.71 sum 18.00 diff  0.59 (  0.02  44.67)  Ml 0.05 (  0.06  47.70)  Ml+s 0.64 (  0.02  45.29)
    3   Ni  MulP 9.29 8.71 sum 18.00 diff  0.59 (  0.02  44.66)  Ml 0.05 (  0.05  43.51)  Ml+s 0.64 (  0.02  44.43)
    4   Ni  MulP 9.29 8.71 sum 18.00 diff  0.59 (  0.02  44.54)  Ml 0.05 (  0.05  44.17)  Ml+s 0.64 (  0.02  44.47)
    5   Ni  MulP 9.29 8.71 sum 18.00 diff  0.59 (  0.02  44.37)  Ml 0.05 (  0.06  47.81)  Ml+s 0.64 (  0.02  45.09)
    6   Ni  MulP 9.29 8.71 sum 18.00 diff  0.59 (  0.02  44.35)  Ml 0.05 (  0.05  43.12)  Ml+s 0.64 (  0.02  44.10)
    7   Ni  MulP 9.29 8.71 sum 18.00 diff  0.59 (  0.02  44.66)  Ml 0.05 (  0.06  45.70)  Ml+s 0.64 (  0.02  44.87)
    8   Ni  MulP 9.29 8.71 sum 18.00 diff  0.59 (  0.02  44.78)  Ml 0.05 (  0.06  43.86)  Ml+s 0.64 (  0.02  44.59)
    9   Ni  MulP 9.29 8.71 sum 18.00 diff  0.59 (  0.02  44.67)  Ml 0.05 (  0.06  42.63)  Ml+s 0.64 (  0.02  44.25)
   10   Ni  MulP 9.29 8.71 sum 18.00 diff  0.59 (  0.02  44.30)  Ml 0.05 (  0.05  45.32)  Ml+s 0.64 (  0.02  44.50)
   11   Ni  MulP 9.29 8.71 sum 18.00 diff  0.59 (  0.02  44.85)  Ml 0.05 (  0.05  45.36)  Ml+s 0.64 (  0.02  44.95)
   12   Ni  MulP 9.29 8.71 sum 18.00 diff  0.59 (  0.02  45.79)  Ml 0.05 (  0.06  44.35)  Ml+s 0.64 (  0.02  45.50)
   13   Ni  MulP 9.29 8.71 sum 18.00 diff  0.59 (  0.02  44.49)  Ml 0.05 (  0.06  46.48)  Ml+s 0.64 (  0.02  44.90)
   14   Ni  MulP 9.29 8.71 sum 18.00 diff  0.59 (  0.02  44.31)  Ml 0.05 (  0.05  45.25)  Ml+s 0.64 (  0.02  44.50)
   15   Ni  MulP 9.29 8.71 sum 18.00 diff  0.59 (  0.02  44.48)  Ml 0.05 (  0.05  45.29)  Ml+s 0.64 (  0.02  44.64)
   16   Ni  MulP 9.29 8.71 sum 18.00 diff  0.59 (  0.02  44.82)  Ml 0.05 (  0.06  43.27)  Ml+s 0.64 (  0.02  44.50)
   17   Ni  MulP 9.29 8.71 sum 18.00 diff  0.59 (  0.02  44.89)  Ml 0.05 (  0.05  45.60)  Ml+s 0.64 (  0.02  45.03)
   18   Ni  MulP 9.29 8.71 sum 18.00 diff  0.59 (  0.02  44.92)  Ml 0.05 (  0.06  46.22)  Ml+s 0.64 (  0.02  45.20)
   19   Ni  MulP 9.29 8.71 sum 18.00 diff  0.59 (  0.02  44.29)  Ml 0.05 (  0.05  42.33)  Ml+s 0.64 (  0.02  43.90)
   20   Ni  MulP 9.29 8.71 sum 18.00 diff  0.59 (  0.02  44.27)  Ml 0.05 (  0.05  44.01)  Ml+s 0.64 (  0.02  44.22)
     ..........
     ......

 Sum of MulP: up   =  3187.45593 down          =  2986.54407
              total=  6174.00000 ideal(neutral)=  6174.00000
<DFT>  Total Spin Moment    (muB) 200.911850464   Angles    0.019315714    44.581249401
<DFT>  Total Orbital Moment (muB) 17.829302193   Angles    0.055049127    44.858559519
<DFT>  Total Moment         (muB) 218.741149472   Angles    0.022228255    44.637226831
<DFT>  Mixing_weight= 0.020152997285
<DFT>  Uele   =-9092.010836168958  dUele     =   0.001834268745
<DFT>  NormRD =    0.000291938889  Criterion =   0.000005000000

******************* MD= 1  SCF=33 *******************
<Poisson>  Poisson's equation using FFT...
<Set_Hamiltonian>  Hamiltonian matrix for VNA+dVH+Vxc...
<Band>  Solving the eigenvalue problem...
 KGrids1:  -0.33333   0.00000   0.33333 
 KGrids2:  -0.33333  -0.00000   0.33333 
 KGrids3:  -0.33333   0.00000   0.33334 
<Band_DFT>  Eigen, time=126.564054
<Band_DFT>  DM, time=0.000000
    1   Ni  MulP 9.29 8.71 sum 18.00 diff  0.59 (  0.03  44.81)  Ml 0.05 (  0.06  44.89)  Ml+s 0.64 (  0.03  44.82)
    2   Ni  MulP 9.29 8.71 sum 18.00 diff  0.59 (  0.03  44.77)  Ml 0.05 (  0.06  47.87)  Ml+s 0.64 (  0.03  45.32)
    3   Ni  MulP 9.29 8.71 sum 18.00 diff  0.59 (  0.03  44.87)  Ml 0.05 (  0.06  43.97)  Ml+s 0.64 (  0.03  44.71)
    4   Ni  MulP 9.29 8.71 sum 18.00 diff  0.59 (  0.03  44.71)  Ml 0.05 (  0.06  44.65)  Ml+s 0.64 (  0.03  44.70)
    5   Ni  MulP 9.29 8.71 sum 18.00 diff  0.59 (  0.02  44.37)  Ml 0.05 (  0.06  48.06)  Ml+s 0.64 (  0.03  45.05)
    6   Ni  MulP 9.29 8.71 sum 18.00 diff  0.59 (  0.02  44.25)  Ml 0.05 (  0.06  44.29)  Ml+s 0.64 (  0.03  44.26)
    7   Ni  MulP 9.29 8.71 sum 18.00 diff  0.59 (  0.03  44.67)  Ml 0.05 (  0.06  46.43)  Ml+s 0.64 (  0.03  44.99)
    8   Ni  MulP 9.29 8.71 sum 18.00 diff  0.59 (  0.03  44.87)  Ml 0.05 (  0.06  44.99)  Ml+s 0.64 (  0.03  44.89)
    9   Ni  MulP 9.29 8.71 sum 18.00 diff  0.59 (  0.03  44.71)  Ml 0.05 (  0.06  42.87)  Ml+s 0.64 (  0.03  44.38)
   10   Ni  MulP 9.29 8.71 sum 18.00 diff  0.59 (  0.03  44.30)  Ml 0.05 (  0.06  45.26)  Ml+s 0.64 (  0.03  44.46)
   11   Ni  MulP 9.29 8.71 sum 18.00 diff  0.59 (  0.03  44.98)  Ml 0.05 (  0.06  45.87)  Ml+s 0.64 (  0.03  45.13)
   12   Ni  MulP 9.29 8.71 sum 18.00 diff  0.59 (  0.03  46.21)  Ml 0.05 (  0.06  44.62)  Ml+s 0.64 (  0.03  45.94)
   13   Ni  MulP 9.29 8.71 sum 18.00 diff  0.59 (  0.03  44.47)  Ml 0.05 (  0.06  46.82)  Ml+s 0.64 (  0.03  44.90)
   14   Ni  MulP 9.29 8.71 sum 18.00 diff  0.59 (  0.03  44.29)  Ml 0.05 (  0.06  45.94)  Ml+s 0.64 (  0.03  44.58)
   15   Ni  MulP 9.29 8.71 sum 18.00 diff  0.59 (  0.03  44.58)  Ml 0.05 (  0.06  45.34)  Ml+s 0.64 (  0.03  44.72)
   16   Ni  MulP 9.29 8.71 sum 18.00 diff  0.59 (  0.03  44.93)  Ml 0.05 (  0.06  43.81)  Ml+s 0.64 (  0.03  44.73)
   17   Ni  MulP 9.29 8.71 sum 18.00 diff  0.59 (  0.02  45.05)  Ml 0.05 (  0.06  45.90)  Ml+s 0.64 (  0.03  45.20)
   18   Ni  MulP 9.29 8.71 sum 18.00 diff  0.59 (  0.03  44.85)  Ml 0.05 (  0.06  46.63)  Ml+s 0.64 (  0.03  45.18)
   19   Ni  MulP 9.29 8.71 sum 18.00 diff  0.59 (  0.02  44.37)  Ml 0.05 (  0.06  42.60)  Ml+s 0.64 (  0.03  44.07)
   20   Ni  MulP 9.29 8.71 sum 18.00 diff  0.59 (  0.03  44.25)  Ml 0.05 (  0.06  44.04)  Ml+s 0.64 (  0.03  44.21)
     ..........
     ......

 Sum of MulP: up   =  3187.45475 down          =  2986.54525
              total=  6174.00000 ideal(neutral)=  6174.00000
<DFT>  Total Spin Moment    (muB) 200.909497743   Angles    0.025042883    44.659631313
<DFT>  Total Orbital Moment (muB) 17.829218351   Angles    0.060593801    44.872318478
<DFT>  Total Moment         (muB) 218.738712942   Angles    0.027940582    44.697227140
<DFT>  Mixing_weight= 0.020152997285
<DFT>  Uele   =-9092.012108696183  dUele     =   0.001272527225
<DFT>  NormRD =    0.001469252264  Criterion =   0.000005000000

******************* MD= 1  SCF=34 *******************
<Poisson>  Poisson's equation using FFT...
<Set_Hamiltonian>  Hamiltonian matrix for VNA+dVH+Vxc...
<Band>  Solving the eigenvalue problem...
 KGrids1:  -0.33333   0.00000   0.33333 
 KGrids2:  -0.33333  -0.00000   0.33333 
 KGrids3:  -0.33333   0.00000   0.33334 
<Band_DFT>  Eigen, time=126.575964
<Band_DFT>  DM, time=0.000000
    1   Ni  MulP 9.29 8.71 sum 18.00 diff  0.59 (  0.03  44.79)  Ml 0.05 (  0.06  44.08)  Ml+s 0.64 (  0.03  44.66)
    2   Ni  MulP 9.29 8.71 sum 18.00 diff  0.59 (  0.03  44.75)  Ml 0.05 (  0.06  47.67)  Ml+s 0.64 (  0.03  45.26)
    3   Ni  MulP 9.29 8.71 sum 18.00 diff  0.59 (  0.03  44.85)  Ml 0.05 (  0.06  43.95)  Ml+s 0.64 (  0.03  44.70)
    4   Ni  MulP 9.29 8.71 sum 18.00 diff  0.59 (  0.03  44.72)  Ml 0.05 (  0.06  44.72)  Ml+s 0.64 (  0.03  44.72)
    5   Ni  MulP 9.29 8.71 sum 18.00 diff  0.59 (  0.02  44.37)  Ml 0.05 (  0.06  47.44)  Ml+s 0.64 (  0.03  44.93)
    6   Ni  MulP 9.29 8.71 sum 18.00 diff  0.59 (  0.02  44.31)  Ml 0.05 (  0.06  43.38)  Ml+s 0.64 (  0.03  44.14)
    7   Ni  MulP 9.29 8.71 sum 18.00 diff  0.59 (  0.03  44.63)  Ml 0.05 (  0.06  45.69)  Ml+s 0.64 (  0.03  44.82)
    8   Ni  MulP 9.29 8.71 sum 18.00 diff  0.59 (  0.03  44.85)  Ml 0.05 (  0.06  43.90)  Ml+s 0.64 (  0.03  44.68)
    9   Ni  MulP 9.29 8.71 sum 18.00 diff  0.59 (  0.03  44.69)  Ml 0.05 (  0.06  42.74)  Ml+s 0.64 (  0.03  44.34)
   10   Ni  MulP 9.29 8.71 sum 18.00 diff  0.59 (  0.03  44.30)  Ml 0.05 (  0.06  45.30)  Ml+s 0.64 (  0.03  44.47)
   11   Ni  MulP 9.29 8.71 sum 18.00 diff  0.59 (  0.03  44.92)  Ml 0.05 (  0.06  45.43)  Ml+s 0.64 (  0.03  45.00)
   12   Ni  MulP 9.29 8.71 sum 18.00 diff  0.59 (  0.03  46.06)  Ml 0.05 (  0.06  44.33)  Ml+s 0.64 (  0.03  45.77)
   13   Ni  MulP 9.29 8.71 sum 18.00 diff  0.59 (  0.03  44.49)  Ml 0.05 (  0.06  45.91)  Ml+s 0.64 (  0.03  44.74)
   14   Ni  MulP 9.29 8.71 sum 18.00 diff  0.59 (  0.03  44.26)  Ml 0.05 (  0.06  44.72)  Ml+s 0.64 (  0.03  44.35)
   15   Ni  MulP 9.29 8.71 sum 18.00 diff  0.59 (  0.03  44.59)  Ml 0.05 (  0.06  45.53)  Ml+s 0.64 (  0.03  44.76)
   16   Ni  MulP 9.29 8.71 sum 18.00 diff  0.59 (  0.03  44.92)  Ml 0.05 (  0.06  43.69)  Ml+s 0.64 (  0.03  44.69)
   17   Ni  MulP 9.29 8.71 sum 18.00 diff  0.59 (  0.03  45.03)  Ml 0.05 (  0.06  45.95)  Ml+s 0.64 (  0.03  45.19)
   18   Ni  MulP 9.29 8.71 sum 18.00 diff  0.59 (  0.03  44.86)  Ml 0.05 (  0.06  46.44)  Ml+s 0.64 (  0.03  45.15)
   19   Ni  MulP 9.29 8.71 sum 18.00 diff  0.59 (  0.02  44.37)  Ml 0.05 (  0.06  42.02)  Ml+s 0.64 (  0.03  43.97)
   20   Ni  MulP 9.29 8.71 sum 18.00 diff  0.59 (  0.03  44.24)  Ml 0.05 (  0.06  43.41)  Ml+s 0.64 (  0.03  44.09)
     ..........
     ......

 Sum of MulP: up   =  3187.45481 down          =  2986.54519
              total=  6174.00000 ideal(neutral)=  6174.00000
<DFT>  Total Spin Moment    (muB) 200.909627844   Angles    0.025197161    44.665361614
<DFT>  Total Orbital Moment (muB) 17.829222826   Angles    0.060751465    44.872606916
<DFT>  Total Moment         (muB) 218.738847517   Angles    0.028095136    44.701888767
<DFT>  Mixing_weight= 0.020152997285
<DFT>  Uele   =-9092.011823467283  dUele     =   0.000285228900
<DFT>  NormRD =    0.000684056792  Criterion =   0.000005000000

******************* MD= 1  SCF=35 *******************
<Poisson>  Poisson's equation using FFT...
<Set_Hamiltonian>  Hamiltonian matrix for VNA+dVH+Vxc...
<Band>  Solving the eigenvalue problem...
 KGrids1:  -0.33333   0.00000   0.33333 
 KGrids2:  -0.33333  -0.00000   0.33333 
 KGrids3:  -0.33333   0.00000   0.33334 
<Band_DFT>  Eigen, time=126.608644
<Band_DFT>  DM, time=0.000000
    1   Ni  MulP 9.29 8.71 sum 18.00 diff  0.59 (  0.03  44.75)  Ml 0.05 (  0.06  43.67)  Ml+s 0.64 (  0.03  44.56)
    2   Ni  MulP 9.29 8.71 sum 18.00 diff  0.59 (  0.03  44.70)  Ml 0.05 (  0.06  47.52)  Ml+s 0.64 (  0.03  45.20)
    3   Ni  MulP 9.29 8.71 sum 18.00 diff  0.59 (  0.02  44.82)  Ml 0.05 (  0.06  43.82)  Ml+s 0.64 (  0.03  44.64)
    4   Ni  MulP 9.29 8.71 sum 18.00 diff  0.59 (  0.02  44.72)  Ml 0.05 (  0.06  44.81)  Ml+s 0.64 (  0.03  44.74)
    5   Ni  MulP 9.29 8.71 sum 18.00 diff  0.59 (  0.02  44.40)  Ml 0.05 (  0.06  47.38)  Ml+s 0.64 (  0.03  44.94)
    6   Ni  MulP 9.29 8.71 sum 18.00 diff  0.59 (  0.02  44.41)  Ml 0.05 (  0.06  43.18)  Ml+s 0.64 (  0.03  44.19)
    7   Ni  MulP 9.29 8.71 sum 18.00 diff  0.59 (  0.02  44.58)  Ml 0.05 (  0.06  45.65)  Ml+s 0.64 (  0.03  44.77)
    8   Ni  MulP 9.29 8.71 sum 18.00 diff  0.59 (  0.02  44.83)  Ml 0.05 (  0.06  43.85)  Ml+s 0.64 (  0.03  44.65)
    9   Ni  MulP 9.29 8.71 sum 18.00 diff  0.59 (  0.02  44.67)  Ml 0.05 (  0.06  43.07)  Ml+s 0.64 (  0.03  44.39)
   10   Ni  MulP 9.29 8.71 sum 18.00 diff  0.59 (  0.02  44.31)  Ml 0.05 (  0.06  45.47)  Ml+s 0.64 (  0.03  44.51)
   11   Ni  MulP 9.29 8.71 sum 18.00 diff  0.59 (  0.03  44.82)  Ml 0.05 (  0.06  45.06)  Ml+s 0.64 (  0.03  44.86)
   12   Ni  MulP 9.29 8.71 sum 18.00 diff  0.59 (  0.03  45.83)  Ml 0.05 (  0.06  44.72)  Ml+s 0.64 (  0.03  45.64)
   13   Ni  MulP 9.29 8.71 sum 18.00 diff  0.59 (  0.02  44.54)  Ml 0.05 (  0.06  46.36)  Ml+s 0.64 (  0.03  44.87)
   14   Ni  MulP 9.29 8.71 sum 18.00 diff  0.59 (  0.02  44.26)  Ml 0.05 (  0.06  45.03)  Ml+s 0.64 (  0.03  44.40)
   15   Ni  MulP 9.29 8.71 sum 18.00 diff  0.59 (  0.02  44.58)  Ml 0.05 (  0.06  46.00)  Ml+s 0.64 (  0.03  44.83)
   16   Ni  MulP 9.29 8.71 sum 18.00 diff  0.59 (  0.02  44.89)  Ml 0.05 (  0.06  43.39)  Ml+s 0.64 (  0.03  44.61)
   17   Ni  MulP 9.29 8.71 sum 18.00 diff  0.59 (  0.02  44.99)  Ml 0.05 (  0.06  45.51)  Ml+s 0.64 (  0.03  45.08)
   18   Ni  MulP 9.29 8.71 sum 18.00 diff  0.59 (  0.02  44.84)  Ml 0.05 (  0.06  46.20)  Ml+s 0.64 (  0.03  45.09)
   19   Ni  MulP 9.29 8.71 sum 18.00 diff  0.59 (  0.02  44.35)  Ml 0.05 (  0.06  42.21)  Ml+s 0.64 (  0.03  43.98)
   20   Ni  MulP 9.29 8.71 sum 18.00 diff  0.59 (  0.03  44.23)  Ml 0.05 (  0.06  43.67)  Ml+s 0.64 (  0.03  44.13)
     ..........
     ......

 Sum of MulP: up   =  3187.45488 down          =  2986.54512
              total=  6174.00000 ideal(neutral)=  6174.00000
<DFT>  Total Spin Moment    (muB) 200.909760162   Angles    0.024713898    44.667188030
<DFT>  Total Orbital Moment (muB) 17.829222603   Angles    0.060274032    44.871921608
<DFT>  Total Moment         (muB) 218.738979611   Angles    0.027612347    44.703614850
<DFT>  Mixing_weight= 0.020152997285
<DFT>  Uele   =-9092.010966012069  dUele     =   0.000857455214
<DFT>  NormRD =    0.000647139384  Criterion =   0.000005000000

******************* MD= 1  SCF=36 *******************
<Poisson>  Poisson's equation using FFT...
<Set_Hamiltonian>  Hamiltonian matrix for VNA+dVH+Vxc...
<Band>  Solving the eigenvalue problem...
 KGrids1:  -0.33333   0.00000   0.33333 
 KGrids2:  -0.33333  -0.00000   0.33333 
 KGrids3:  -0.33333   0.00000   0.33334 
<Band_DFT>  Eigen, time=187.467116
<Band_DFT>  DM, time=0.000000
    1   Ni  MulP 9.29 8.71 sum 18.00 diff  0.59 (  0.02  44.70)  Ml 0.05 (  0.06  43.50)  Ml+s 0.64 (  0.03  44.48)
    2   Ni  MulP 9.29 8.71 sum 18.00 diff  0.59 (  0.02  44.65)  Ml 0.05 (  0.06  47.66)  Ml+s 0.64 (  0.03  45.20)
    3   Ni  MulP 9.29 8.71 sum 18.00 diff  0.59 (  0.02  44.74)  Ml 0.05 (  0.06  43.70)  Ml+s 0.64 (  0.03  44.55)
    4   Ni  MulP 9.29 8.71 sum 18.00 diff  0.59 (  0.02  44.68)  Ml 0.05 (  0.06  44.81)  Ml+s 0.64 (  0.03  44.70)
    5   Ni  MulP 9.29 8.71 sum 18.00 diff  0.59 (  0.02  44.43)  Ml 0.05 (  0.06  47.69)  Ml+s 0.64 (  0.03  45.05)
    6   Ni  MulP 9.29 8.71 sum 18.00 diff  0.59 (  0.02  44.49)  Ml 0.05 (  0.06  43.10)  Ml+s 0.64 (  0.03  44.23)
    7   Ni  MulP 9.29 8.71 sum 18.00 diff  0.59 (  0.02  44.55)  Ml 0.05 (  0.06  45.76)  Ml+s 0.64 (  0.03  44.78)
    8   Ni  MulP 9.29 8.71 sum 18.00 diff  0.59 (  0.02  44.80)  Ml 0.05 (  0.06  43.79)  Ml+s 0.64 (  0.03  44.61)
    9   Ni  MulP 9.29 8.71 sum 18.00 diff  0.59 (  0.02  44.66)  Ml 0.05 (  0.06  43.07)  Ml+s 0.64 (  0.03  44.36)
   10   Ni  MulP 9.29 8.71 sum 18.00 diff  0.59 (  0.02  44.31)  Ml 0.05 (  0.06  45.80)  Ml+s 0.64 (  0.03  44.58)
   11   Ni  MulP 9.29 8.71 sum 18.00 diff  0.59 (  0.02  44.71)  Ml 0.05 (  0.06  44.92)  Ml+s 0.64 (  0.03  44.75)
   12   Ni  MulP 9.29 8.71 sum 18.00 diff  0.59 (  0.02  45.60)  Ml 0.05 (  0.06  44.82)  Ml+s 0.64 (  0.03  45.46)
   13   Ni  MulP 9.29 8.71 sum 18.00 diff  0.59 (  0.02  44.56)  Ml 0.05 (  0.06  46.61)  Ml+s 0.64 (  0.03  44.95)
   14   Ni  MulP 9.29 8.71 sum 18.00 diff  0.59 (  0.02  44.26)  Ml 0.05 (  0.06  45.44)  Ml+s 0.64 (  0.03  44.48)
   15   Ni  MulP 9.29 8.71 sum 18.00 diff  0.59 (  0.02  44.54)  Ml 0.05 (  0.06  46.15)  Ml+s 0.64 (  0.03  44.84)
   16   Ni  MulP 9.29 8.71 sum 18.00 diff  0.59 (  0.02  44.86)  Ml 0.05 (  0.06  43.23)  Ml+s 0.64 (  0.03  44.54)
   17   Ni  MulP 9.29 8.71 sum 18.00 diff  0.59 (  0.02  44.91)  Ml 0.05 (  0.06  45.49)  Ml+s 0.64 (  0.03  45.02)
   18   Ni  MulP 9.29 8.71 sum 18.00 diff  0.59 (  0.02  44.81)  Ml 0.05 (  0.06  46.10)  Ml+s 0.64 (  0.03  45.06)
   19   Ni  MulP 9.29 8.71 sum 18.00 diff  0.59 (  0.02  44.30)  Ml 0.05 (  0.06  42.20)  Ml+s 0.64 (  0.03  43.92)
   20   Ni  MulP 9.29 8.71 sum 18.00 diff  0.59 (  0.02  44.22)  Ml 0.05 (  0.06  43.79)  Ml+s 0.64 (  0.03  44.14)
     ..........
     ......

 Sum of MulP: up   =  3187.45494 down          =  2986.54506
              total=  6174.00000 ideal(neutral)=  6174.00000
<DFT>  Total Spin Moment    (muB) 200.909881715   Angles    0.022815647    44.650300049
<DFT>  Total Orbital Moment (muB) 17.829218796   Angles    0.058375037    44.868520502
<DFT>  Total Moment         (muB) 218.739097357   Angles    0.025714032    44.690679208
<DFT>  Mixing_weight= 0.020152997285
<DFT>  Uele   =-9092.009895427836  dUele     =   0.001070584232
<DFT>  NormRD =    0.000859027532  Criterion =   0.000005000000

******************* MD= 1  SCF=37 *******************
<Poisson>  Poisson's equation using FFT...
<Set_Hamiltonian>  Hamiltonian matrix for VNA+dVH+Vxc...
<Band>  Solving the eigenvalue problem...
 KGrids1:  -0.33333   0.00000   0.33333 
 KGrids2:  -0.33333  -0.00000   0.33333 
 KGrids3:  -0.33333   0.00000   0.33334 
<Band_DFT>  Eigen, time=187.567511
<Band_DFT>  DM, time=0.000000
    1   Ni  MulP 9.29 8.71 sum 18.00 diff  0.59 (  0.02  44.70)  Ml 0.05 (  0.06  44.36)  Ml+s 0.64 (  0.03  44.63)
    2   Ni  MulP 9.29 8.71 sum 18.00 diff  0.59 (  0.02  44.64)  Ml 0.05 (  0.06  47.59)  Ml+s 0.64 (  0.03  45.18)
    3   Ni  MulP 9.29 8.71 sum 18.00 diff  0.59 (  0.02  44.72)  Ml 0.05 (  0.06  43.45)  Ml+s 0.64 (  0.03  44.49)
    4   Ni  MulP 9.29 8.71 sum 18.00 diff  0.59 (  0.02  44.68)  Ml 0.05 (  0.06  44.28)  Ml+s 0.64 (  0.03  44.61)
    5   Ni  MulP 9.29 8.71 sum 18.00 diff  0.59 (  0.02  44.45)  Ml 0.05 (  0.06  47.65)  Ml+s 0.64 (  0.03  45.05)
    6   Ni  MulP 9.29 8.71 sum 18.00 diff  0.59 (  0.02  44.54)  Ml 0.05 (  0.06  43.73)  Ml+s 0.64 (  0.03  44.40)
    7   Ni  MulP 9.29 8.71 sum 18.00 diff  0.59 (  0.02  44.54)  Ml 0.05 (  0.06  46.36)  Ml+s 0.64 (  0.03  44.88)
    8   Ni  MulP 9.29 8.71 sum 18.00 diff  0.59 (  0.02  44.79)  Ml 0.05 (  0.06  44.14)  Ml+s 0.64 (  0.03  44.67)
    9   Ni  MulP 9.29 8.71 sum 18.00 diff  0.59 (  0.02  44.65)  Ml 0.05 (  0.06  42.42)  Ml+s 0.64 (  0.03  44.24)
   10   Ni  MulP 9.29 8.71 sum 18.00 diff  0.59 (  0.02  44.29)  Ml 0.05 (  0.06  45.24)  Ml+s 0.64 (  0.03  44.46)
   11   Ni  MulP 9.29 8.71 sum 18.00 diff  0.59 (  0.02  44.68)  Ml 0.05 (  0.06  44.95)  Ml+s 0.64 (  0.03  44.73)
   12   Ni  MulP 9.29 8.71 sum 18.00 diff  0.59 (  0.02  45.50)  Ml 0.05 (  0.06  43.90)  Ml+s 0.64 (  0.03  45.21)
   13   Ni  MulP 9.29 8.71 sum 18.00 diff  0.59 (  0.02  44.57)  Ml 0.05 (  0.06  46.40)  Ml+s 0.64 (  0.03  44.92)
   14   Ni  MulP 9.29 8.71 sum 18.00 diff  0.59 (  0.02  44.27)  Ml 0.05 (  0.06  45.66)  Ml+s 0.64 (  0.03  44.53)
   15   Ni  MulP 9.29 8.71 sum 18.00 diff  0.59 (  0.02  44.54)  Ml 0.05 (  0.06  45.69)  Ml+s 0.64 (  0.03  44.75)
   16   Ni  MulP 9.29 8.71 sum 18.00 diff  0.59 (  0.02  44.86)  Ml 0.05 (  0.06  43.78)  Ml+s 0.64 (  0.03  44.66)
   17   Ni  MulP 9.29 8.71 sum 18.00 diff  0.59 (  0.02  44.90)  Ml 0.05 (  0.06  46.15)  Ml+s 0.64 (  0.03  45.13)
   18   Ni  MulP 9.29 8.71 sum 18.00 diff  0.59 (  0.02  44.82)  Ml 0.05 (  0.06  46.16)  Ml+s 0.64 (  0.03  45.08)
   19   Ni  MulP 9.29 8.71 sum 18.00 diff  0.59 (  0.02  44.30)  Ml 0.05 (  0.06  41.76)  Ml+s 0.64 (  0.03  43.84)
   20   Ni  MulP 9.29 8.71 sum 18.00 diff  0.59 (  0.02  44.21)  Ml 0.05 (  0.06  43.51)  Ml+s 0.64 (  0.03  44.09)
     ..........
     ......

 Sum of MulP: up   =  3187.45494 down          =  2986.54506
              total=  6174.00000 ideal(neutral)=  6174.00000
<DFT>  Total Spin Moment    (muB) 200.909878730   Angles    0.023201038    44.658364511
<DFT>  Total Orbital Moment (muB) 17.829217879   Angles    0.058757326    44.869432657
<DFT>  Total Moment         (muB) 218.739093456   Angles    0.026099171    44.697095883
<DFT>  Mixing_weight= 0.020152997285
<DFT>  Uele   =-9092.009705520592  dUele     =   0.000189907245
<DFT>  NormRD =    0.000504170505  Criterion =   0.000005000000

******************* MD= 1  SCF=38 *******************
<Poisson>  Poisson's equation using FFT...
<Set_Hamiltonian>  Hamiltonian matrix for VNA+dVH+Vxc...
<Band>  Solving the eigenvalue problem...
 KGrids1:  -0.33333   0.00000   0.33333 
 KGrids2:  -0.33333  -0.00000   0.33333 
 KGrids3:  -0.33333   0.00000   0.33334 
<Band_DFT>  Eigen, time=126.377468
<Band_DFT>  DM, time=0.000000
    1   Ni  MulP 9.29 8.71 sum 18.00 diff  0.59 (  0.02  44.66)  Ml 0.05 (  0.06  44.38)  Ml+s 0.64 (  0.03  44.61)
    2   Ni  MulP 9.29 8.71 sum 18.00 diff  0.59 (  0.02  44.59)  Ml 0.05 (  0.06  47.47)  Ml+s 0.64 (  0.03  45.12)
    3   Ni  MulP 9.29 8.71 sum 18.00 diff  0.59 (  0.02  44.69)  Ml 0.05 (  0.06  43.16)  Ml+s 0.64 (  0.03  44.41)
    4   Ni  MulP 9.29 8.71 sum 18.00 diff  0.59 (  0.02  44.69)  Ml 0.05 (  0.06  44.10)  Ml+s 0.64 (  0.03  44.58)
    5   Ni  MulP 9.29 8.71 sum 18.00 diff  0.59 (  0.02  44.48)  Ml 0.05 (  0.06  47.52)  Ml+s 0.64 (  0.03  45.04)
    6   Ni  MulP 9.29 8.71 sum 18.00 diff  0.59 (  0.02  44.65)  Ml 0.05 (  0.06  43.97)  Ml+s 0.64 (  0.03  44.52)
    7   Ni  MulP 9.29 8.71 sum 18.00 diff  0.59 (  0.02  44.49)  Ml 0.05 (  0.06  46.49)  Ml+s 0.64 (  0.03  44.86)
    8   Ni  MulP 9.29 8.71 sum 18.00 diff  0.59 (  0.02  44.78)  Ml 0.05 (  0.06  44.37)  Ml+s 0.64 (  0.03  44.70)
    9   Ni  MulP 9.29 8.71 sum 18.00 diff  0.59 (  0.02  44.63)  Ml 0.05 (  0.06  42.60)  Ml+s 0.64 (  0.03  44.25)
   10   Ni  MulP 9.29 8.71 sum 18.00 diff  0.59 (  0.02  44.30)  Ml 0.05 (  0.06  44.74)  Ml+s 0.64 (  0.03  44.38)
   11   Ni  MulP 9.29 8.71 sum 18.00 diff  0.59 (  0.02  44.59)  Ml 0.05 (  0.06  44.56)  Ml+s 0.64 (  0.03  44.58)
   12   Ni  MulP 9.29 8.71 sum 18.00 diff  0.59 (  0.02  45.23)  Ml 0.05 (  0.06  43.92)  Ml+s 0.64 (  0.03  44.99)
   13   Ni  MulP 9.29 8.71 sum 18.00 diff  0.59 (  0.02  44.62)  Ml 0.05 (  0.06  46.66)  Ml+s 0.64 (  0.03  45.00)
   14   Ni  MulP 9.29 8.71 sum 18.00 diff  0.59 (  0.02  44.27)  Ml 0.05 (  0.06  45.75)  Ml+s 0.64 (  0.03  44.55)
   15   Ni  MulP 9.29 8.71 sum 18.00 diff  0.59 (  0.02  44.53)  Ml 0.05 (  0.06  46.03)  Ml+s 0.64 (  0.03  44.81)
   16   Ni  MulP 9.29 8.71 sum 18.00 diff  0.59 (  0.02  44.84)  Ml 0.05 (  0.06  43.81)  Ml+s 0.64 (  0.03  44.65)
   17   Ni  MulP 9.29 8.71 sum 18.00 diff  0.59 (  0.02  44.87)  Ml 0.05 (  0.06  45.81)  Ml+s 0.64 (  0.03  45.04)
   18   Ni  MulP 9.29 8.71 sum 18.00 diff  0.59 (  0.02  44.82)  Ml 0.05 (  0.06  45.99)  Ml+s 0.64 (  0.03  45.04)
   19   Ni  MulP 9.29 8.71 sum 18.00 diff  0.59 (  0.02  44.28)  Ml 0.05 (  0.06  41.82)  Ml+s 0.64 (  0.03  43.85)
   20   Ni  MulP 9.29 8.71 sum 18.00 diff  0.59 (  0.02  44.21)  Ml 0.05 (  0.06  43.65)  Ml+s 0.64 (  0.03  44.11)
     ..........
     ......

 Sum of MulP: up   =  3187.45498 down          =  2986.54502
              total=  6174.00000 ideal(neutral)=  6174.00000
<DFT>  Total Spin Moment    (muB) 200.909955822   Angles    0.023221819    44.665915587
<DFT>  Total Orbital Moment (muB) 17.829217234   Angles    0.058775438    44.869678288
<DFT>  Total Moment         (muB) 218.739169902   Angles    0.026119735    44.703288467
<DFT>  Mixing_weight= 0.020152997285
<DFT>  Uele   =-9092.009065543127  dUele     =   0.000639977465
<DFT>  NormRD =    0.000505881479  Criterion =   0.000005000000

******************* MD= 1  SCF=39 *******************
<Poisson>  Poisson's equation using FFT...
<Set_Hamiltonian>  Hamiltonian matrix for VNA+dVH+Vxc...
<Band>  Solving the eigenvalue problem...
 KGrids1:  -0.33333   0.00000   0.33333 
 KGrids2:  -0.33333  -0.00000   0.33333 
 KGrids3:  -0.33333   0.00000   0.33334 
<Band_DFT>  Eigen, time=126.565766
<Band_DFT>  DM, time=0.000000
    1   Ni  MulP 9.29 8.71 sum 18.00 diff  0.59 (  0.02  44.66)  Ml 0.05 (  0.06  44.03)  Ml+s 0.64 (  0.03  44.55)
    2   Ni  MulP 9.29 8.71 sum 18.00 diff  0.59 (  0.02  44.59)  Ml 0.05 (  0.06  47.79)  Ml+s 0.64 (  0.03  45.18)
    3   Ni  MulP 9.29 8.71 sum 18.00 diff  0.59 (  0.02  44.69)  Ml 0.05 (  0.06  43.72)  Ml+s 0.64 (  0.03  44.51)
    4   Ni  MulP 9.29 8.71 sum 18.00 diff  0.59 (  0.02  44.70)  Ml 0.05 (  0.06  44.65)  Ml+s 0.64 (  0.03  44.69)
    5   Ni  MulP 9.29 8.71 sum 18.00 diff  0.59 (  0.02  44.48)  Ml 0.05 (  0.06  47.91)  Ml+s 0.64 (  0.03  45.12)
    6   Ni  MulP 9.29 8.71 sum 18.00 diff  0.59 (  0.02  44.66)  Ml 0.05 (  0.06  43.62)  Ml+s 0.64 (  0.03  44.47)
    7   Ni  MulP 9.29 8.71 sum 18.00 diff  0.59 (  0.02  44.48)  Ml 0.05 (  0.06  45.98)  Ml+s 0.64 (  0.03  44.76)
    8   Ni  MulP 9.29 8.71 sum 18.00 diff  0.59 (  0.02  44.77)  Ml 0.05 (  0.06  43.95)  Ml+s 0.64 (  0.03  44.62)
    9   Ni  MulP 9.29 8.71 sum 18.00 diff  0.59 (  0.02  44.62)  Ml 0.05 (  0.06  42.58)  Ml+s 0.64 (  0.03  44.25)
   10   Ni  MulP 9.29 8.71 sum 18.00 diff  0.59 (  0.02  44.30)  Ml 0.05 (  0.06  45.40)  Ml+s 0.64 (  0.03  44.50)
   11   Ni  MulP 9.29 8.71 sum 18.00 diff  0.59 (  0.02  44.58)  Ml 0.05 (  0.06  45.07)  Ml+s 0.64 (  0.03  44.67)
   12   Ni  MulP 9.29 8.71 sum 18.00 diff  0.59 (  0.02  45.19)  Ml 0.05 (  0.06  44.11)  Ml+s 0.64 (  0.03  45.00)
   13   Ni  MulP 9.29 8.71 sum 18.00 diff  0.59 (  0.02  44.62)  Ml 0.05 (  0.06  46.24)  Ml+s 0.64 (  0.03  44.92)
   14   Ni  MulP 9.29 8.71 sum 18.00 diff  0.59 (  0.02  44.27)  Ml 0.05 (  0.06  45.27)  Ml+s 0.64 (  0.03  44.46)
   15   Ni  MulP 9.29 8.71 sum 18.00 diff  0.59 (  0.02  44.53)  Ml 0.05 (  0.06  45.67)  Ml+s 0.64 (  0.03  44.74)
   16   Ni  MulP 9.29 8.71 sum 18.00 diff  0.59 (  0.02  44.84)  Ml 0.05 (  0.06  43.66)  Ml+s 0.64 (  0.03  44.62)
   17   Ni  MulP 9.29 8.71 sum 18.00 diff  0.59 (  0.02  44.88)  Ml 0.05 (  0.06  46.00)  Ml+s 0.64 (  0.03  45.08)
   18   Ni  MulP 9.29 8.71 sum 18.00 diff  0.59 (  0.02  44.82)  Ml 0.05 (  0.06  46.17)  Ml+s 0.64 (  0.03  45.08)
   19   Ni  MulP 9.29 8.71 sum 18.00 diff  0.59 (  0.02  44.28)  Ml 0.05 (  0.06  41.86)  Ml+s 0.64 (  0.03  43.85)
   20   Ni  MulP 9.29 8.71 sum 18.00 diff  0.59 (  0.02  44.21)  Ml 0.05 (  0.06  43.54)  Ml+s 0.64 (  0.03  44.09)
     ..........
     ......

 Sum of MulP: up   =  3187.45499 down          =  2986.54501
              total=  6174.00000 ideal(neutral)=  6174.00000
<DFT>  Total Spin Moment    (muB) 200.909981811   Angles    0.023350069    44.668532857
<DFT>  Total Orbital Moment (muB) 17.829217829   Angles    0.058905222    44.869970942
<DFT>  Total Moment         (muB) 218.739196487   Angles    0.026248110    44.705379854
<DFT>  Mixing_weight= 0.020152997285
<DFT>  Uele   =-9092.008991250032  dUele     =   0.000074293095
<DFT>  NormRD =    0.000731169988  Criterion =   0.000005000000

******************* MD= 1  SCF=40 *******************
<Poisson>  Poisson's equation using FFT...
<Set_Hamiltonian>  Hamiltonian matrix for VNA+dVH+Vxc...
<Band>  Solving the eigenvalue problem...
 KGrids1:  -0.33333   0.00000   0.33333 
 KGrids2:  -0.33333  -0.00000   0.33333 
 KGrids3:  -0.33333   0.00000   0.33334 
<Band_DFT>  Eigen, time=126.438351
<Band_DFT>  DM, time=0.000001
    1   Ni  MulP 9.29 8.71 sum 18.00 diff  0.59 (  0.02  44.68)  Ml 0.05 (  0.06  43.92)  Ml+s 0.64 (  0.03  44.55)
    2   Ni  MulP 9.29 8.71 sum 18.00 diff  0.59 (  0.02  44.62)  Ml 0.05 (  0.06  47.79)  Ml+s 0.64 (  0.03  45.20)
    3   Ni  MulP 9.29 8.71 sum 18.00 diff  0.59 (  0.02  44.72)  Ml 0.05 (  0.06  43.34)  Ml+s 0.64 (  0.03  44.47)
    4   Ni  MulP 9.29 8.71 sum 18.00 diff  0.59 (  0.02  44.70)  Ml 0.05 (  0.06  44.21)  Ml+s 0.64 (  0.03  44.61)
    5   Ni  MulP 9.29 8.71 sum 18.00 diff  0.59 (  0.02  44.46)  Ml 0.05 (  0.06  48.00)  Ml+s 0.64 (  0.03  45.12)
    6   Ni  MulP 9.29 8.71 sum 18.00 diff  0.59 (  0.02  44.57)  Ml 0.05 (  0.06  43.49)  Ml+s 0.64 (  0.03  44.38)
    7   Ni  MulP 9.29 8.71 sum 18.00 diff  0.59 (  0.02  44.52)  Ml 0.05 (  0.06  45.90)  Ml+s 0.64 (  0.03  44.77)
    8   Ni  MulP 9.29 8.71 sum 18.00 diff  0.59 (  0.02  44.78)  Ml 0.05 (  0.06  43.62)  Ml+s 0.64 (  0.03  44.57)
    9   Ni  MulP 9.29 8.71 sum 18.00 diff  0.59 (  0.02  44.63)  Ml 0.05 (  0.06  41.97)  Ml+s 0.64 (  0.03  44.14)
   10   Ni  MulP 9.29 8.71 sum 18.00 diff  0.59 (  0.02  44.29)  Ml 0.05 (  0.06  44.98)  Ml+s 0.64 (  0.03  44.42)
   11   Ni  MulP 9.29 8.71 sum 18.00 diff  0.59 (  0.02  44.65)  Ml 0.05 (  0.06  44.52)  Ml+s 0.64 (  0.03  44.62)
   12   Ni  MulP 9.29 8.71 sum 18.00 diff  0.59 (  0.02  45.40)  Ml 0.05 (  0.06  43.65)  Ml+s 0.64 (  0.03  45.09)
   13   Ni  MulP 9.29 8.71 sum 18.00 diff  0.59 (  0.02  44.58)  Ml 0.05 (  0.06  45.82)  Ml+s 0.64 (  0.03  44.81)
   14   Ni  MulP 9.29 8.71 sum 18.00 diff  0.59 (  0.02  44.27)  Ml 0.05 (  0.06  45.16)  Ml+s 0.64 (  0.03  44.43)
   15   Ni  MulP 9.29 8.71 sum 18.00 diff  0.59 (  0.02  44.54)  Ml 0.05 (  0.06  44.99)  Ml+s 0.64 (  0.03  44.62)
   16   Ni  MulP 9.29 8.71 sum 18.00 diff  0.59 (  0.02  44.85)  Ml 0.05 (  0.06  43.28)  Ml+s 0.64 (  0.03  44.55)
   17   Ni  MulP 9.29 8.71 sum 18.00 diff  0.59 (  0.02  44.91)  Ml 0.05 (  0.06  45.70)  Ml+s 0.64 (  0.03  45.05)
   18   Ni  MulP 9.29 8.71 sum 18.00 diff  0.59 (  0.02  44.82)  Ml 0.05 (  0.06  45.84)  Ml+s 0.64 (  0.03  45.01)
   19   Ni  MulP 9.29 8.71 sum 18.00 diff  0.59 (  0.02  44.29)  Ml 0.05 (  0.06  41.45)  Ml+s 0.64 (  0.03  43.79)
   20   Ni  MulP 9.29 8.71 sum 18.00 diff  0.59 (  0.02  44.21)  Ml 0.05 (  0.06  43.21)  Ml+s 0.64 (  0.03  44.03)
     ..........
     ......

 Sum of MulP: up   =  3187.45495 down          =  2986.54505
              total=  6174.00000 ideal(neutral)=  6174.00000
<DFT>  Total Spin Moment    (muB) 200.909909419   Angles    0.023694909    44.667261224
<DFT>  Total Orbital Moment (muB) 17.829218189   Angles    0.059253784    44.870567885
<DFT>  Total Moment         (muB) 218.739124455   Angles    0.026593254    44.704184574
<DFT>  Mixing_weight= 0.020152997285
<DFT>  Uele   =-9092.009554603190  dUele     =   0.000563353158
<DFT>  NormRD =    0.000356481095  Criterion =   0.000005000000

******************* MD= 1  SCF=41 *******************
<Poisson>  Poisson's equation using FFT...
<Set_Hamiltonian>  Hamiltonian matrix for VNA+dVH+Vxc...
<Band>  Solving the eigenvalue problem...
 KGrids1:  -0.33333   0.00000   0.33333 
 KGrids2:  -0.33333  -0.00000   0.33333 
 KGrids3:  -0.33333   0.00000   0.33334 
<Band_DFT>  Eigen, time=126.547729
<Band_DFT>  DM, time=0.000000
    1   Ni  MulP 9.29 8.71 sum 18.00 diff  0.59 (  0.02  44.65)  Ml 0.05 (  0.06  43.53)  Ml+s 0.64 (  0.03  44.45)
    2   Ni  MulP 9.29 8.71 sum 18.00 diff  0.59 (  0.02  44.59)  Ml 0.05 (  0.06  48.03)  Ml+s 0.64 (  0.03  45.23)
    3   Ni  MulP 9.29 8.71 sum 18.00 diff  0.59 (  0.02  44.68)  Ml 0.05 (  0.06  44.58)  Ml+s 0.64 (  0.03  44.66)
    4   Ni  MulP 9.29 8.71 sum 18.00 diff  0.59 (  0.02  44.70)  Ml 0.05 (  0.06  45.56)  Ml+s 0.64 (  0.03  44.86)
    5   Ni  MulP 9.29 8.71 sum 18.00 diff  0.59 (  0.02  44.50)  Ml 0.05 (  0.06  48.25)  Ml+s 0.64 (  0.03  45.20)
    6   Ni  MulP 9.29 8.71 sum 18.00 diff  0.59 (  0.02  44.70)  Ml 0.05 (  0.06  42.82)  Ml+s 0.64 (  0.03  44.36)
    7   Ni  MulP 9.29 8.71 sum 18.00 diff  0.59 (  0.02  44.46)  Ml 0.05 (  0.06  45.65)  Ml+s 0.64 (  0.03  44.68)
    8   Ni  MulP 9.29 8.71 sum 18.00 diff  0.59 (  0.02  44.77)  Ml 0.05 (  0.06  43.99)  Ml+s 0.64 (  0.03  44.63)
    9   Ni  MulP 9.29 8.71 sum 18.00 diff  0.59 (  0.02  44.65)  Ml 0.05 (  0.06  42.67)  Ml+s 0.64 (  0.03  44.29)
   10   Ni  MulP 9.29 8.71 sum 18.00 diff  0.59 (  0.02  44.33)  Ml 0.05 (  0.06  47.03)  Ml+s 0.64 (  0.03  44.82)
   11   Ni  MulP 9.29 8.71 sum 18.00 diff  0.59 (  0.02  44.55)  Ml 0.05 (  0.06  45.64)  Ml+s 0.64 (  0.03  44.75)
   12   Ni  MulP 9.29 8.71 sum 18.00 diff  0.59 (  0.02  45.11)  Ml 0.05 (  0.06  44.27)  Ml+s 0.64 (  0.03  44.96)
   13   Ni  MulP 9.29 8.71 sum 18.00 diff  0.59 (  0.02  44.64)  Ml 0.05 (  0.06  46.11)  Ml+s 0.64 (  0.03  44.91)
   14   Ni  MulP 9.29 8.71 sum 18.00 diff  0.59 (  0.02  44.28)  Ml 0.05 (  0.06  45.99)  Ml+s 0.64 (  0.03  44.59)
   15   Ni  MulP 9.29 8.71 sum 18.00 diff  0.59 (  0.02  44.54)  Ml 0.05 (  0.06  46.07)  Ml+s 0.64 (  0.03  44.81)
   16   Ni  MulP 9.29 8.71 sum 18.00 diff  0.59 (  0.02  44.85)  Ml 0.05 (  0.06  43.97)  Ml+s 0.64 (  0.03  44.68)
   17   Ni  MulP 9.29 8.71 sum 18.00 diff  0.59 (  0.02  44.89)  Ml 0.05 (  0.06  47.18)  Ml+s 0.64 (  0.03  45.31)
   18   Ni  MulP 9.29 8.71 sum 18.00 diff  0.59 (  0.02  44.83)  Ml 0.05 (  0.06  46.28)  Ml+s 0.64 (  0.03  45.10)
   19   Ni  MulP 9.29 8.71 sum 18.00 diff  0.59 (  0.02  44.27)  Ml 0.05 (  0.06  40.90)  Ml+s 0.64 (  0.03  43.69)
   20   Ni  MulP 9.29 8.71 sum 18.00 diff  0.59 (  0.02  44.21)  Ml 0.05 (  0.06  43.25)  Ml+s 0.64 (  0.03  44.04)
     ..........
     ......

 Sum of MulP: up   =  3187.45501 down          =  2986.54499
              total=  6174.00000 ideal(neutral)=  6174.00000
<DFT>  Total Spin Moment    (muB) 200.910029043   Angles    0.023523689    44.673895468
<DFT>  Total Orbital Moment (muB) 17.829217875   Angles    0.059080485    44.870209640
<DFT>  Total Moment         (muB) 218.739243765   Angles    0.026421864    44.709675189
<DFT>  Mixing_weight= 0.020152997285
<DFT>  Uele   =-9092.008691822424  dUele     =   0.000862780766
<DFT>  NormRD =    0.001441535742  Criterion =   0.000005000000

******************* MD= 1  SCF=42 *******************
<Poisson>  Poisson's equation using FFT...
<Set_Hamiltonian>  Hamiltonian matrix for VNA+dVH+Vxc...
<Band>  Solving the eigenvalue problem...
 KGrids1:  -0.33333   0.00000   0.33333 
 KGrids2:  -0.33333  -0.00000   0.33333 
 KGrids3:  -0.33333   0.00000   0.33334 
<Band_DFT>  Eigen, time=126.436514
<Band_DFT>  DM, time=0.000000
    1   Ni  MulP 9.29 8.71 sum 18.00 diff  0.59 (  0.02  44.65)  Ml 0.05 (  0.06  43.94)  Ml+s 0.64 (  0.03  44.52)
    2   Ni  MulP 9.29 8.71 sum 18.00 diff  0.59 (  0.02  44.57)  Ml 0.05 (  0.06  47.69)  Ml+s 0.64 (  0.03  45.14)
    3   Ni  MulP 9.29 8.71 sum 18.00 diff  0.59 (  0.02  44.67)  Ml 0.05 (  0.06  43.74)  Ml+s 0.64 (  0.03  44.50)
    4   Ni  MulP 9.29 8.71 sum 18.00 diff  0.59 (  0.02  44.70)  Ml 0.05 (  0.06  44.56)  Ml+s 0.64 (  0.03  44.68)
    5   Ni  MulP 9.29 8.71 sum 18.00 diff  0.59 (  0.02  44.48)  Ml 0.05 (  0.06  47.56)  Ml+s 0.64 (  0.03  45.06)
    6   Ni  MulP 9.29 8.71 sum 18.00 diff  0.59 (  0.02  44.70)  Ml 0.05 (  0.06  43.35)  Ml+s 0.64 (  0.03  44.45)
    7   Ni  MulP 9.29 8.71 sum 18.00 diff  0.59 (  0.02  44.45)  Ml 0.05 (  0.06  45.89)  Ml+s 0.64 (  0.03  44.72)
    8   Ni  MulP 9.29 8.71 sum 18.00 diff  0.59 (  0.02  44.77)  Ml 0.05 (  0.06  44.06)  Ml+s 0.64 (  0.03  44.64)
    9   Ni  MulP 9.29 8.71 sum 18.00 diff  0.59 (  0.02  44.62)  Ml 0.05 (  0.06  42.81)  Ml+s 0.64 (  0.03  44.29)
   10   Ni  MulP 9.29 8.71 sum 18.00 diff  0.59 (  0.02  44.31)  Ml 0.05 (  0.06  45.56)  Ml+s 0.64 (  0.03  44.54)
   11   Ni  MulP 9.29 8.71 sum 18.00 diff  0.59 (  0.02  44.54)  Ml 0.05 (  0.06  45.11)  Ml+s 0.64 (  0.03  44.64)
   12   Ni  MulP 9.29 8.71 sum 18.00 diff  0.59 (  0.02  45.06)  Ml 0.05 (  0.06  44.22)  Ml+s 0.64 (  0.03  44.91)
   13   Ni  MulP 9.29 8.71 sum 18.00 diff  0.59 (  0.02  44.64)  Ml 0.05 (  0.06  46.37)  Ml+s 0.64 (  0.03  44.96)
   14   Ni  MulP 9.29 8.71 sum 18.00 diff  0.59 (  0.02  44.28)  Ml 0.05 (  0.06  45.34)  Ml+s 0.64 (  0.03  44.48)
   15   Ni  MulP 9.29 8.71 sum 18.00 diff  0.59 (  0.02  44.54)  Ml 0.05 (  0.06  45.95)  Ml+s 0.64 (  0.03  44.79)
   16   Ni  MulP 9.29 8.71 sum 18.00 diff  0.59 (  0.02  44.84)  Ml 0.05 (  0.06  43.69)  Ml+s 0.64 (  0.03  44.62)
   17   Ni  MulP 9.29 8.71 sum 18.00 diff  0.59 (  0.02  44.87)  Ml 0.05 (  0.06  45.99)  Ml+s 0.64 (  0.03  45.07)
   18   Ni  MulP 9.29 8.71 sum 18.00 diff  0.59 (  0.02  44.84)  Ml 0.05 (  0.06  46.33)  Ml+s 0.64 (  0.03  45.12)
   19   Ni  MulP 9.29 8.71 sum 18.00 diff  0.59 (  0.02  44.28)  Ml 0.05 (  0.06  42.27)  Ml+s 0.64 (  0.03  43.92)
   20   Ni  MulP 9.29 8.71 sum 18.00 diff  0.59 (  0.02  44.22)  Ml 0.05 (  0.06  43.80)  Ml+s 0.64 (  0.03  44.15)
     ..........
     ......

 Sum of MulP: up   =  3187.45502 down          =  2986.54498
              total=  6174.00000 ideal(neutral)=  6174.00000
<DFT>  Total Spin Moment    (muB) 200.910047163   Angles    0.023472699    44.673449020
<DFT>  Total Orbital Moment (muB) 17.829218653   Angles    0.059028718    44.870253830
<DFT>  Total Moment         (muB) 218.739262662   Angles    0.026370811    44.709356113
<DFT>  Mixing_weight= 0.020152997285
<DFT>  Uele   =-9092.008676002877  dUele     =   0.000015819547
<DFT>  NormRD =    0.002621929170  Criterion =   0.000005000000

******************* MD= 1  SCF=43 *******************
<Poisson>  Poisson's equation using FFT...
<Set_Hamiltonian>  Hamiltonian matrix for VNA+dVH+Vxc...
<Band>  Solving the eigenvalue problem...
 KGrids1:  -0.33333   0.00000   0.33333 
 KGrids2:  -0.33333  -0.00000   0.33333 
 KGrids3:  -0.33333   0.00000   0.33334 
<Band_DFT>  Eigen, time=187.016401
<Band_DFT>  DM, time=0.000000
    1   Ni  MulP 9.29 8.71 sum 18.00 diff  0.59 (  0.02  44.64)  Ml 0.05 (  0.06  43.75)  Ml+s 0.64 (  0.03  44.47)
    2   Ni  MulP 9.29 8.71 sum 18.00 diff  0.59 (  0.02  44.55)  Ml 0.05 (  0.06  47.25)  Ml+s 0.64 (  0.03  45.05)
    3   Ni  MulP 9.29 8.71 sum 18.00 diff  0.59 (  0.02  44.64)  Ml 0.05 (  0.06  43.58)  Ml+s 0.64 (  0.03  44.45)
    4   Ni  MulP 9.29 8.71 sum 18.00 diff  0.59 (  0.02  44.68)  Ml 0.05 (  0.06  44.40)  Ml+s 0.64 (  0.03  44.63)
    5   Ni  MulP 9.29 8.71 sum 18.00 diff  0.59 (  0.02  44.48)  Ml 0.05 (  0.06  47.06)  Ml+s 0.64 (  0.03  44.96)
    6   Ni  MulP 9.29 8.71 sum 18.00 diff  0.59 (  0.02  44.71)  Ml 0.05 (  0.06  43.17)  Ml+s 0.64 (  0.03  44.42)
    7   Ni  MulP 9.29 8.71 sum 18.00 diff  0.59 (  0.02  44.45)  Ml 0.05 (  0.06  45.72)  Ml+s 0.64 (  0.03  44.68)
    8   Ni  MulP 9.29 8.71 sum 18.00 diff  0.59 (  0.02  44.76)  Ml 0.05 (  0.06  43.81)  Ml+s 0.64 (  0.03  44.58)
    9   Ni  MulP 9.29 8.71 sum 18.00 diff  0.59 (  0.02  44.61)  Ml 0.05 (  0.06  42.84)  Ml+s 0.64 (  0.03  44.28)
   10   Ni  MulP 9.29 8.71 sum 18.00 diff  0.59 (  0.02  44.30)  Ml 0.05 (  0.06  45.24)  Ml+s 0.64 (  0.03  44.47)
   11   Ni  MulP 9.29 8.71 sum 18.00 diff  0.59 (  0.02  44.52)  Ml 0.05 (  0.06  44.90)  Ml+s 0.64 (  0.03  44.59)
   12   Ni  MulP 9.29 8.71 sum 18.00 diff  0.59 (  0.02  45.03)  Ml 0.05 (  0.06  44.12)  Ml+s 0.64 (  0.03  44.86)
   13   Ni  MulP 9.29 8.71 sum 18.00 diff  0.59 (  0.02  44.64)  Ml 0.05 (  0.06  46.26)  Ml+s 0.64 (  0.03  44.95)
   14   Ni  MulP 9.29 8.71 sum 18.00 diff  0.59 (  0.02  44.27)  Ml 0.05 (  0.06  44.75)  Ml+s 0.64 (  0.03  44.36)
   15   Ni  MulP 9.29 8.71 sum 18.00 diff  0.59 (  0.02  44.53)  Ml 0.05 (  0.06  45.92)  Ml+s 0.64 (  0.03  44.78)
   16   Ni  MulP 9.29 8.71 sum 18.00 diff  0.59 (  0.02  44.84)  Ml 0.05 (  0.06  43.50)  Ml+s 0.64 (  0.03  44.58)
   17   Ni  MulP 9.29 8.71 sum 18.00 diff  0.59 (  0.02  44.85)  Ml 0.05 (  0.06  45.62)  Ml+s 0.64 (  0.03  44.99)
   18   Ni  MulP 9.29 8.71 sum 18.00 diff  0.59 (  0.02  44.83)  Ml 0.05 (  0.06  46.15)  Ml+s 0.64 (  0.03  45.08)
   19   Ni  MulP 9.29 8.71 sum 18.00 diff  0.59 (  0.02  44.27)  Ml 0.05 (  0.06  42.34)  Ml+s 0.64 (  0.03  43.93)
   20   Ni  MulP 9.29 8.71 sum 18.00 diff  0.59 (  0.02  44.22)  Ml 0.05 (  0.06  43.56)  Ml+s 0.64 (  0.03  44.10)
     ..........
     ......

 Sum of MulP: up   =  3187.45502 down          =  2986.54498
              total=  6174.00000 ideal(neutral)=  6174.00000
<DFT>  Total Spin Moment    (muB) 200.910034399   Angles    0.023155557    44.670001957
<DFT>  Total Orbital Moment (muB) 17.829217661   Angles    0.058707995    44.869699016
<DFT>  Total Moment         (muB) 218.739248908   Angles    0.026053376    44.706680288
<DFT>  Mixing_weight= 0.020152997285
<DFT>  Uele   =-9092.008582508262  dUele     =   0.000093494615
<DFT>  NormRD =    0.000443595718  Criterion =   0.000005000000

******************* MD= 1  SCF=44 *******************
<Poisson>  Poisson's equation using FFT...
<Set_Hamiltonian>  Hamiltonian matrix for VNA+dVH+Vxc...
<Band>  Solving the eigenvalue problem...
 KGrids1:  -0.33333   0.00000   0.33333 
 KGrids2:  -0.33333  -0.00000   0.33333 
 KGrids3:  -0.33333   0.00000   0.33334 
<Band_DFT>  Eigen, time=187.391913
<Band_DFT>  DM, time=0.000000
    1   Ni  MulP 9.29 8.71 sum 18.00 diff  0.59 (  0.02  44.65)  Ml 0.05 (  0.06  44.06)  Ml+s 0.64 (  0.03  44.54)
    2   Ni  MulP 9.29 8.71 sum 18.00 diff  0.59 (  0.02  44.56)  Ml 0.05 (  0.06  47.46)  Ml+s 0.64 (  0.03  45.09)
    3   Ni  MulP 9.29 8.71 sum 18.00 diff  0.59 (  0.02  44.66)  Ml 0.05 (  0.06  43.75)  Ml+s 0.64 (  0.03  44.49)
    4   Ni  MulP 9.29 8.71 sum 18.00 diff  0.59 (  0.02  44.70)  Ml 0.05 (  0.06  44.82)  Ml+s 0.64 (  0.03  44.72)
    5   Ni  MulP 9.29 8.71 sum 18.00 diff  0.59 (  0.02  44.49)  Ml 0.05 (  0.06  47.81)  Ml+s 0.64 (  0.03  45.11)
    6   Ni  MulP 9.29 8.71 sum 18.00 diff  0.59 (  0.02  44.72)  Ml 0.05 (  0.06  43.90)  Ml+s 0.64 (  0.03  44.57)
    7   Ni  MulP 9.29 8.71 sum 18.00 diff  0.59 (  0.02  44.45)  Ml 0.05 (  0.06  46.08)  Ml+s 0.64 (  0.03  44.76)
    8   Ni  MulP 9.29 8.71 sum 18.00 diff  0.59 (  0.02  44.76)  Ml 0.05 (  0.06  43.96)  Ml+s 0.64 (  0.03  44.61)
    9   Ni  MulP 9.29 8.71 sum 18.00 diff  0.59 (  0.02  44.61)  Ml 0.05 (  0.06  42.78)  Ml+s 0.64 (  0.03  44.27)
   10   Ni  MulP 9.29 8.71 sum 18.00 diff  0.59 (  0.02  44.31)  Ml 0.05 (  0.06  45.27)  Ml+s 0.64 (  0.03  44.48)
   11   Ni  MulP 9.29 8.71 sum 18.00 diff  0.59 (  0.02  44.53)  Ml 0.05 (  0.06  45.39)  Ml+s 0.64 (  0.03  44.68)
   12   Ni  MulP 9.29 8.71 sum 18.00 diff  0.59 (  0.02  45.03)  Ml 0.05 (  0.06  44.36)  Ml+s 0.64 (  0.03  44.91)
   13   Ni  MulP 9.29 8.71 sum 18.00 diff  0.59 (  0.02  44.65)  Ml 0.05 (  0.06  46.49)  Ml+s 0.64 (  0.03  44.99)
   14   Ni  MulP 9.29 8.71 sum 18.00 diff  0.59 (  0.02  44.28)  Ml 0.05 (  0.06  45.02)  Ml+s 0.64 (  0.03  44.42)
   15   Ni  MulP 9.29 8.71 sum 18.00 diff  0.59 (  0.02  44.53)  Ml 0.05 (  0.06  45.88)  Ml+s 0.64 (  0.03  44.78)
   16   Ni  MulP 9.29 8.71 sum 18.00 diff  0.59 (  0.02  44.83)  Ml 0.05 (  0.06  43.70)  Ml+s 0.64 (  0.03  44.62)
   17   Ni  MulP 9.29 8.71 sum 18.00 diff  0.59 (  0.02  44.86)  Ml 0.05 (  0.06  45.80)  Ml+s 0.64 (  0.03  45.03)
   18   Ni  MulP 9.29 8.71 sum 18.00 diff  0.59 (  0.02  44.84)  Ml 0.05 (  0.06  46.29)  Ml+s 0.64 (  0.03  45.12)
   19   Ni  MulP 9.29 8.71 sum 18.00 diff  0.59 (  0.02  44.28)  Ml 0.05 (  0.06  42.23)  Ml+s 0.64 (  0.03  43.91)
   20   Ni  MulP 9.29 8.71 sum 18.00 diff  0.59 (  0.02  44.22)  Ml 0.05 (  0.06  43.60)  Ml+s 0.64 (  0.03  44.11)
     ..........
     ......

 Sum of MulP: up   =  3187.45502 down          =  2986.54498
              total=  6174.00000 ideal(neutral)=  6174.00000
<DFT>  Total Spin Moment    (muB) 200.910042483   Angles    0.023202919    44.670527995
<DFT>  Total Orbital Moment (muB) 17.829217904   Angles    0.058755488    44.869732528
<DFT>  Total Moment         (muB) 218.739257234   Angles    0.026100749    44.707079001
<DFT>  Mixing_weight= 0.020152997285
<DFT>  Uele   =-9092.008594955792  dUele     =   0.000012447530
<DFT>  NormRD =    0.000655693585  Criterion =   0.000005000000

******************* MD= 1  SCF=45 *******************
<Poisson>  Poisson's equation using FFT...
<Set_Hamiltonian>  Hamiltonian matrix for VNA+dVH+Vxc...
<Band>  Solving the eigenvalue problem...
 KGrids1:  -0.33333   0.00000   0.33333 
 KGrids2:  -0.33333  -0.00000   0.33333 
 KGrids3:  -0.33333   0.00000   0.33334 
<Band_DFT>  Eigen, time=126.526737
<Band_DFT>  DM, time=0.000000
    1   Ni  MulP 9.29 8.71 sum 18.00 diff  0.59 (  0.02  44.65)  Ml 0.05 (  0.06  44.10)  Ml+s 0.64 (  0.03  44.55)
    2   Ni  MulP 9.29 8.71 sum 18.00 diff  0.59 (  0.02  44.57)  Ml 0.05 (  0.06  47.79)  Ml+s 0.64 (  0.03  45.16)
    3   Ni  MulP 9.29 8.71 sum 18.00 diff  0.59 (  0.02  44.66)  Ml 0.05 (  0.06  43.71)  Ml+s 0.64 (  0.03  44.49)
    4   Ni  MulP 9.29 8.71 sum 18.00 diff  0.59 (  0.02  44.70)  Ml 0.05 (  0.06  44.63)  Ml+s 0.64 (  0.03  44.69)
    5   Ni  MulP 9.29 8.71 sum 18.00 diff  0.59 (  0.02  44.49)  Ml 0.05 (  0.06  47.91)  Ml+s 0.64 (  0.03  45.13)
    6   Ni  MulP 9.29 8.71 sum 18.00 diff  0.59 (  0.02  44.71)  Ml 0.05 (  0.06  43.71)  Ml+s 0.64 (  0.03  44.53)
    7   Ni  MulP 9.29 8.71 sum 18.00 diff  0.59 (  0.02  44.45)  Ml 0.05 (  0.06  46.05)  Ml+s 0.64 (  0.03  44.75)
    8   Ni  MulP 9.29 8.71 sum 18.00 diff  0.59 (  0.02  44.76)  Ml 0.05 (  0.06  43.99)  Ml+s 0.64 (  0.03  44.62)
    9   Ni  MulP 9.29 8.71 sum 18.00 diff  0.59 (  0.02  44.61)  Ml 0.05 (  0.06  42.62)  Ml+s 0.64 (  0.03  44.25)
   10   Ni  MulP 9.29 8.71 sum 18.00 diff  0.59 (  0.02  44.31)  Ml 0.05 (  0.06  45.34)  Ml+s 0.64 (  0.03  44.49)
   11   Ni  MulP 9.29 8.71 sum 18.00 diff  0.59 (  0.02  44.53)  Ml 0.05 (  0.06  45.12)  Ml+s 0.64 (  0.03  44.64)
   12   Ni  MulP 9.29 8.71 sum 18.00 diff  0.59 (  0.02  45.03)  Ml 0.05 (  0.06  44.14)  Ml+s 0.64 (  0.03  44.87)
   13   Ni  MulP 9.29 8.71 sum 18.00 diff  0.59 (  0.02  44.64)  Ml 0.05 (  0.06  46.33)  Ml+s 0.64 (  0.03  44.96)
   14   Ni  MulP 9.29 8.71 sum 18.00 diff  0.59 (  0.02  44.28)  Ml 0.05 (  0.06  45.27)  Ml+s 0.64 (  0.03  44.46)
   15   Ni  MulP 9.29 8.71 sum 18.00 diff  0.59 (  0.02  44.53)  Ml 0.05 (  0.06  45.59)  Ml+s 0.64 (  0.03  44.72)
   16   Ni  MulP 9.29 8.71 sum 18.00 diff  0.59 (  0.02  44.83)  Ml 0.05 (  0.06  43.54)  Ml+s 0.64 (  0.03  44.59)
   17   Ni  MulP 9.29 8.71 sum 18.00 diff  0.59 (  0.02  44.87)  Ml 0.05 (  0.06  45.80)  Ml+s 0.64 (  0.03  45.04)
   18   Ni  MulP 9.29 8.71 sum 18.00 diff  0.59 (  0.02  44.85)  Ml 0.05 (  0.06  46.17)  Ml+s 0.64 (  0.03  45.10)
   19   Ni  MulP 9.29 8.71 sum 18.00 diff  0.59 (  0.02  44.28)  Ml 0.05 (  0.06  42.02)  Ml+s 0.64 (  0.03  43.88)
   20   Ni  MulP 9.29 8.71 sum 18.00 diff  0.59 (  0.02  44.22)  Ml 0.05 (  0.06  43.58)  Ml+s 0.64 (  0.03  44.11)
     ..........
     ......

 Sum of MulP: up   =  3187.45503 down          =  2986.54497
              total=  6174.00000 ideal(neutral)=  6174.00000
<DFT>  Total Spin Moment    (muB) 200.910055337   Angles    0.023353700    44.672097058
<DFT>  Total Orbital Moment (muB) 17.829218536   Angles    0.058907381    44.869930102
<DFT>  Total Moment         (muB) 218.739270719   Angles    0.026251621    44.708281100
<DFT>  Mixing_weight= 0.020152997285
<DFT>  Uele   =-9092.008644791495  dUele     =   0.000049835702
<DFT>  NormRD =    0.000459571539  Criterion =   0.000005000000

******************* MD= 1  SCF=46 *******************
<Poisson>  Poisson's equation using FFT...
<Set_Hamiltonian>  Hamiltonian matrix for VNA+dVH+Vxc...
<Band>  Solving the eigenvalue problem...
 KGrids1:  -0.33333   0.00000   0.33333 
 KGrids2:  -0.33333  -0.00000   0.33333 
 KGrids3:  -0.33333   0.00000   0.33334 
<Band_DFT>  Eigen, time=126.410377
<Band_DFT>  DM, time=0.000000
    1   Ni  MulP 9.29 8.71 sum 18.00 diff  0.59 (  0.02  44.65)  Ml 0.05 (  0.06  44.24)  Ml+s 0.64 (  0.03  44.58)
    2   Ni  MulP 9.29 8.71 sum 18.00 diff  0.59 (  0.02  44.57)  Ml 0.05 (  0.06  47.99)  Ml+s 0.64 (  0.03  45.20)
    3   Ni  MulP 9.29 8.71 sum 18.00 diff  0.59 (  0.02  44.67)  Ml 0.05 (  0.06  43.96)  Ml+s 0.64 (  0.03  44.54)
    4   Ni  MulP 9.29 8.71 sum 18.00 diff  0.59 (  0.02  44.71)  Ml 0.05 (  0.06  44.79)  Ml+s 0.64 (  0.03  44.73)
    5   Ni  MulP 9.29 8.71 sum 18.00 diff  0.59 (  0.02  44.49)  Ml 0.05 (  0.06  47.85)  Ml+s 0.64 (  0.03  45.11)
    6   Ni  MulP 9.29 8.71 sum 18.00 diff  0.59 (  0.02  44.71)  Ml 0.05 (  0.06  43.64)  Ml+s 0.64 (  0.03  44.51)
    7   Ni  MulP 9.29 8.71 sum 18.00 diff  0.59 (  0.02  44.44)  Ml 0.05 (  0.06  45.99)  Ml+s 0.64 (  0.03  44.73)
    8   Ni  MulP 9.29 8.71 sum 18.00 diff  0.59 (  0.02  44.77)  Ml 0.05 (  0.06  44.15)  Ml+s 0.64 (  0.03  44.65)
    9   Ni  MulP 9.29 8.71 sum 18.00 diff  0.59 (  0.02  44.62)  Ml 0.05 (  0.06  42.79)  Ml+s 0.64 (  0.03  44.28)
   10   Ni  MulP 9.29 8.71 sum 18.00 diff  0.59 (  0.02  44.32)  Ml 0.05 (  0.06  45.38)  Ml+s 0.64 (  0.03  44.51)
   11   Ni  MulP 9.29 8.71 sum 18.00 diff  0.59 (  0.02  44.54)  Ml 0.05 (  0.06  45.35)  Ml+s 0.64 (  0.03  44.69)
   12   Ni  MulP 9.29 8.71 sum 18.00 diff  0.59 (  0.02  45.02)  Ml 0.05 (  0.06  44.29)  Ml+s 0.64 (  0.03  44.89)
   13   Ni  MulP 9.29 8.71 sum 18.00 diff  0.59 (  0.02  44.65)  Ml 0.05 (  0.06  46.44)  Ml+s 0.64 (  0.03  44.98)
   14   Ni  MulP 9.29 8.71 sum 18.00 diff  0.59 (  0.02  44.29)  Ml 0.05 (  0.06  45.41)  Ml+s 0.64 (  0.03  44.49)
   15   Ni  MulP 9.29 8.71 sum 18.00 diff  0.59 (  0.02  44.53)  Ml 0.05 (  0.06  45.64)  Ml+s 0.64 (  0.03  44.73)
   16   Ni  MulP 9.29 8.71 sum 18.00 diff  0.59 (  0.02  44.83)  Ml 0.05 (  0.06  43.36)  Ml+s 0.64 (  0.03  44.55)
   17   Ni  MulP 9.29 8.71 sum 18.00 diff  0.59 (  0.02  44.88)  Ml 0.05 (  0.06  45.55)  Ml+s 0.64 (  0.03  45.00)
   18   Ni  MulP 9.29 8.71 sum 18.00 diff  0.59 (  0.02  44.86)  Ml 0.05 (  0.06  46.23)  Ml+s 0.64 (  0.03  45.12)
   19   Ni  MulP 9.29 8.71 sum 18.00 diff  0.59 (  0.02  44.29)  Ml 0.05 (  0.06  42.16)  Ml+s 0.64 (  0.03  43.91)
   20   Ni  MulP 9.29 8.71 sum 18.00 diff  0.59 (  0.02  44.23)  Ml 0.05 (  0.06  43.79)  Ml+s 0.64 (  0.03  44.15)
     ..........
     ......

 Sum of MulP: up   =  3187.45504 down          =  2986.54496
              total=  6174.00000 ideal(neutral)=  6174.00000
<DFT>  Total Spin Moment    (muB) 200.910076251   Angles    0.023522482    44.673939676
<DFT>  Total Orbital Moment (muB) 17.829219609   Angles    0.059076947    44.870143888
<DFT>  Total Moment         (muB) 218.739292706   Angles    0.026420467    44.709699102
<DFT>  Mixing_weight= 0.020152997285
<DFT>  Uele   =-9092.008692526953  dUele     =   0.000047735459
<DFT>  NormRD =    0.000207933483  Criterion =   0.000005000000

******************* MD= 1  SCF=47 *******************
<Poisson>  Poisson's equation using FFT...
<Set_Hamiltonian>  Hamiltonian matrix for VNA+dVH+Vxc...
<Band>  Solving the eigenvalue problem...
 KGrids1:  -0.33333   0.00000   0.33333 
 KGrids2:  -0.33333  -0.00000   0.33333 
 KGrids3:  -0.33333   0.00000   0.33334 
<Band_DFT>  Eigen, time=126.625365
<Band_DFT>  DM, time=0.000000
    1   Ni  MulP 9.29 8.71 sum 18.00 diff  0.59 (  0.02  44.65)  Ml 0.05 (  0.06  43.79)  Ml+s 0.64 (  0.03  44.50)
    2   Ni  MulP 9.29 8.71 sum 18.00 diff  0.59 (  0.02  44.57)  Ml 0.05 (  0.06  47.38)  Ml+s 0.64 (  0.03  45.08)
    3   Ni  MulP 9.29 8.71 sum 18.00 diff  0.59 (  0.02  44.67)  Ml 0.05 (  0.06  43.70)  Ml+s 0.64 (  0.03  44.49)
    4   Ni  MulP 9.29 8.71 sum 18.00 diff  0.59 (  0.02  44.72)  Ml 0.05 (  0.06  44.82)  Ml+s 0.64 (  0.03  44.74)
    5   Ni  MulP 9.29 8.71 sum 18.00 diff  0.59 (  0.02  44.48)  Ml 0.05 (  0.06  47.88)  Ml+s 0.64 (  0.03  45.11)
    6   Ni  MulP 9.29 8.71 sum 18.00 diff  0.59 (  0.02  44.70)  Ml 0.05 (  0.06  43.67)  Ml+s 0.64 (  0.03  44.52)
    7   Ni  MulP 9.29 8.71 sum 18.00 diff  0.59 (  0.02  44.43)  Ml 0.05 (  0.06  45.80)  Ml+s 0.64 (  0.03  44.68)
    8   Ni  MulP 9.29 8.71 sum 18.00 diff  0.59 (  0.02  44.77)  Ml 0.05 (  0.06  43.74)  Ml+s 0.64 (  0.03  44.58)
    9   Ni  MulP 9.29 8.71 sum 18.00 diff  0.59 (  0.02  44.62)  Ml 0.05 (  0.06  42.50)  Ml+s 0.64 (  0.03  44.23)
   10   Ni  MulP 9.29 8.71 sum 18.00 diff  0.59 (  0.02  44.32)  Ml 0.05 (  0.06  45.48)  Ml+s 0.64 (  0.03  44.52)
   11   Ni  MulP 9.29 8.71 sum 18.00 diff  0.59 (  0.02  44.55)  Ml 0.05 (  0.06  45.61)  Ml+s 0.64 (  0.03  44.74)
   12   Ni  MulP 9.29 8.71 sum 18.00 diff  0.59 (  0.02  45.01)  Ml 0.05 (  0.06  44.36)  Ml+s 0.64 (  0.03  44.90)
   13   Ni  MulP 9.29 8.71 sum 18.00 diff  0.59 (  0.02  44.65)  Ml 0.05 (  0.06  46.27)  Ml+s 0.64 (  0.03  44.95)
   14   Ni  MulP 9.29 8.71 sum 18.00 diff  0.59 (  0.02  44.28)  Ml 0.05 (  0.06  45.08)  Ml+s 0.64 (  0.03  44.43)
   15   Ni  MulP 9.29 8.71 sum 18.00 diff  0.59 (  0.02  44.54)  Ml 0.05 (  0.06  45.69)  Ml+s 0.64 (  0.03  44.74)
   16   Ni  MulP 9.29 8.71 sum 18.00 diff  0.59 (  0.02  44.83)  Ml 0.05 (  0.06  43.51)  Ml+s 0.64 (  0.03  44.58)
   17   Ni  MulP 9.29 8.71 sum 18.00 diff  0.59 (  0.02  44.89)  Ml 0.05 (  0.06  45.81)  Ml+s 0.64 (  0.03  45.05)
   18   Ni  MulP 9.29 8.71 sum 18.00 diff  0.59 (  0.02  44.88)  Ml 0.05 (  0.06  46.35)  Ml+s 0.64 (  0.03  45.16)
   19   Ni  MulP 9.29 8.71 sum 18.00 diff  0.59 (  0.02  44.30)  Ml 0.05 (  0.06  42.04)  Ml+s 0.64 (  0.03  43.90)
   20   Ni  MulP 9.29 8.71 sum 18.00 diff  0.59 (  0.02  44.24)  Ml 0.05 (  0.06  43.54)  Ml+s 0.64 (  0.03  44.11)
     ..........
     ......

 Sum of MulP: up   =  3187.45505 down          =  2986.54495
              total=  6174.00000 ideal(neutral)=  6174.00000
<DFT>  Total Spin Moment    (muB) 200.910103435   Angles    0.023775336    44.676736365
<DFT>  Total Orbital Moment (muB) 17.829221148   Angles    0.059331164    44.870532166
<DFT>  Total Moment         (muB) 218.739321430   Angles    0.026673433    44.711872418
<DFT>  Mixing_weight= 0.020152997285
<DFT>  Uele   =-9092.008756547453  dUele     =   0.000064020500
<DFT>  NormRD =    0.000272296303  Criterion =   0.000005000000

******************* MD= 1  SCF=48 *******************
<Poisson>  Poisson's equation using FFT...
<Set_Hamiltonian>  Hamiltonian matrix for VNA+dVH+Vxc...
<Band>  Solving the eigenvalue problem...
 KGrids1:  -0.33333   0.00000   0.33333 
 KGrids2:  -0.33333  -0.00000   0.33333 
 KGrids3:  -0.33333   0.00000   0.33334 
<Band_DFT>  Eigen, time=187.357201
<Band_DFT>  DM, time=0.000000
    1   Ni  MulP 9.29 8.71 sum 18.00 diff  0.59 (  0.02  44.65)  Ml 0.05 (  0.06  43.73)  Ml+s 0.64 (  0.03  44.49)
    2   Ni  MulP 9.29 8.71 sum 18.00 diff  0.59 (  0.02  44.57)  Ml 0.05 (  0.06  47.25)  Ml+s 0.64 (  0.03  45.06)
    3   Ni  MulP 9.29 8.71 sum 18.00 diff  0.59 (  0.02  44.67)  Ml 0.05 (  0.06  43.68)  Ml+s 0.64 (  0.03  44.49)
    4   Ni  MulP 9.29 8.71 sum 18.00 diff  0.59 (  0.02  44.72)  Ml 0.05 (  0.06  44.80)  Ml+s 0.64 (  0.03  44.73)
    5   Ni  MulP 9.29 8.71 sum 18.00 diff  0.59 (  0.02  44.48)  Ml 0.05 (  0.06  47.80)  Ml+s 0.64 (  0.03  45.09)
    6   Ni  MulP 9.29 8.71 sum 18.00 diff  0.59 (  0.02  44.70)  Ml 0.05 (  0.06  43.60)  Ml+s 0.64 (  0.03  44.50)
    7   Ni  MulP 9.29 8.71 sum 18.00 diff  0.59 (  0.02  44.43)  Ml 0.05 (  0.06  45.73)  Ml+s 0.64 (  0.03  44.66)
    8   Ni  MulP 9.29 8.71 sum 18.00 diff  0.59 (  0.02  44.77)  Ml 0.05 (  0.06  43.83)  Ml+s 0.64 (  0.03  44.59)
    9   Ni  MulP 9.29 8.71 sum 18.00 diff  0.59 (  0.02  44.62)  Ml 0.05 (  0.06  42.54)  Ml+s 0.64 (  0.03  44.24)
   10   Ni  MulP 9.29 8.71 sum 18.00 diff  0.59 (  0.02  44.32)  Ml 0.05 (  0.06  45.60)  Ml+s 0.64 (  0.03  44.55)
   11   Ni  MulP 9.29 8.71 sum 18.00 diff  0.59 (  0.02  44.55)  Ml 0.05 (  0.06  45.75)  Ml+s 0.64 (  0.03  44.77)
   12   Ni  MulP 9.29 8.71 sum 18.00 diff  0.59 (  0.02  45.01)  Ml 0.05 (  0.06  44.36)  Ml+s 0.64 (  0.03  44.89)
   13   Ni  MulP 9.29 8.71 sum 18.00 diff  0.59 (  0.02  44.65)  Ml 0.05 (  0.06  46.29)  Ml+s 0.64 (  0.03  44.95)
   14   Ni  MulP 9.29 8.71 sum 18.00 diff  0.59 (  0.02  44.29)  Ml 0.05 (  0.06  45.18)  Ml+s 0.64 (  0.03  44.45)
   15   Ni  MulP 9.29 8.71 sum 18.00 diff  0.59 (  0.02  44.54)  Ml 0.05 (  0.06  45.93)  Ml+s 0.64 (  0.03  44.79)
   16   Ni  MulP 9.29 8.71 sum 18.00 diff  0.59 (  0.02  44.84)  Ml 0.05 (  0.06  43.77)  Ml+s 0.64 (  0.03  44.64)
   17   Ni  MulP 9.29 8.71 sum 18.00 diff  0.59 (  0.02  44.90)  Ml 0.05 (  0.06  46.12)  Ml+s 0.64 (  0.03  45.12)
   18   Ni  MulP 9.29 8.71 sum 18.00 diff  0.59 (  0.02  44.90)  Ml 0.05 (  0.06  46.62)  Ml+s 0.64 (  0.03  45.22)
   19   Ni  MulP 9.29 8.71 sum 18.00 diff  0.59 (  0.02  44.30)  Ml 0.05 (  0.06  42.23)  Ml+s 0.64 (  0.03  43.94)
   20   Ni  MulP 9.29 8.71 sum 18.00 diff  0.59 (  0.02  44.25)  Ml 0.05 (  0.06  43.75)  Ml+s 0.64 (  0.03  44.16)
     ..........
     ......

 Sum of MulP: up   =  3187.45506 down          =  2986.54494
              total=  6174.00000 ideal(neutral)=  6174.00000
<DFT>  Total Spin Moment    (muB) 200.910119233   Angles    0.023922801    44.678298269
<DFT>  Total Orbital Moment (muB) 17.829222036   Angles    0.059479378    44.870749411
<DFT>  Total Moment         (muB) 218.739338115   Angles    0.026820959    44.713085292
<DFT>  Mixing_weight= 0.020152997285
<DFT>  Uele   =-9092.008798072948  dUele     =   0.000041525494
<DFT>  NormRD =    0.000356339213  Criterion =   0.000005000000

******************* MD= 1  SCF=49 *******************
<Poisson>  Poisson's equation using FFT...
<Set_Hamiltonian>  Hamiltonian matrix for VNA+dVH+Vxc...
<Band>  Solving the eigenvalue problem...
 KGrids1:  -0.33333   0.00000   0.33333 
 KGrids2:  -0.33333  -0.00000   0.33333 
 KGrids3:  -0.33333   0.00000   0.33334 
<Band_DFT>  Eigen, time=126.467142
<Band_DFT>  DM, time=0.000000
    1   Ni  MulP 9.29 8.71 sum 18.00 diff  0.59 (  0.02  44.67)  Ml 0.05 (  0.06  44.00)  Ml+s 0.64 (  0.03  44.55)
    2   Ni  MulP 9.29 8.71 sum 18.00 diff  0.59 (  0.02  44.59)  Ml 0.05 (  0.06  47.53)  Ml+s 0.64 (  0.03  45.12)
    3   Ni  MulP 9.29 8.71 sum 18.00 diff  0.59 (  0.02  44.67)  Ml 0.05 (  0.06  43.62)  Ml+s 0.64 (  0.03  44.49)
    4   Ni  MulP 9.29 8.71 sum 18.00 diff  0.59 (  0.02  44.73)  Ml 0.05 (  0.06  44.49)  Ml+s 0.64 (  0.03  44.69)
    5   Ni  MulP 9.29 8.71 sum 18.00 diff  0.59 (  0.02  44.47)  Ml 0.05 (  0.06  47.57)  Ml+s 0.64 (  0.03  45.03)
    6   Ni  MulP 9.29 8.71 sum 18.00 diff  0.59 (  0.02  44.69)  Ml 0.05 (  0.06  43.52)  Ml+s 0.64 (  0.03  44.48)
    7   Ni  MulP 9.29 8.71 sum 18.00 diff  0.59 (  0.02  44.42)  Ml 0.05 (  0.06  45.99)  Ml+s 0.64 (  0.03  44.70)
    8   Ni  MulP 9.29 8.71 sum 18.00 diff  0.59 (  0.02  44.77)  Ml 0.05 (  0.06  43.99)  Ml+s 0.64 (  0.03  44.63)
    9   Ni  MulP 9.29 8.71 sum 18.00 diff  0.59 (  0.02  44.63)  Ml 0.05 (  0.06  42.64)  Ml+s 0.64 (  0.03  44.27)
   10   Ni  MulP 9.29 8.71 sum 18.00 diff  0.59 (  0.02  44.33)  Ml 0.05 (  0.06  45.51)  Ml+s 0.64 (  0.03  44.54)
   11   Ni  MulP 9.29 8.71 sum 18.00 diff  0.59 (  0.02  44.57)  Ml 0.05 (  0.06  45.02)  Ml+s 0.64 (  0.03  44.65)
   12   Ni  MulP 9.29 8.71 sum 18.00 diff  0.59 (  0.02  44.99)  Ml 0.05 (  0.06  43.98)  Ml+s 0.64 (  0.03  44.81)
   13   Ni  MulP 9.29 8.71 sum 18.00 diff  0.59 (  0.02  44.65)  Ml 0.05 (  0.06  46.21)  Ml+s 0.64 (  0.03  44.94)
   14   Ni  MulP 9.29 8.71 sum 18.00 diff  0.59 (  0.02  44.30)  Ml 0.05 (  0.06  45.39)  Ml+s 0.64 (  0.03  44.49)
   15   Ni  MulP 9.29 8.71 sum 18.00 diff  0.59 (  0.02  44.55)  Ml 0.05 (  0.06  45.67)  Ml+s 0.64 (  0.03  44.75)
   16   Ni  MulP 9.29 8.71 sum 18.00 diff  0.59 (  0.02  44.84)  Ml 0.05 (  0.06  43.59)  Ml+s 0.64 (  0.03  44.61)
   17   Ni  MulP 9.29 8.71 sum 18.00 diff  0.59 (  0.02  44.93)  Ml 0.05 (  0.06  45.90)  Ml+s 0.64 (  0.03  45.10)
   18   Ni  MulP 9.29 8.71 sum 18.00 diff  0.59 (  0.02  44.95)  Ml 0.05 (  0.06  46.18)  Ml+s 0.64 (  0.03  45.18)
   19   Ni  MulP 9.29 8.71 sum 18.00 diff  0.59 (  0.02  44.33)  Ml 0.05 (  0.06  42.10)  Ml+s 0.64 (  0.03  43.94)
   20   Ni  MulP 9.29 8.71 sum 18.00 diff  0.59 (  0.02  44.26)  Ml 0.05 (  0.06  43.64)  Ml+s 0.64 (  0.03  44.15)
     ..........
     ......

 Sum of MulP: up   =  3187.45510 down          =  2986.54490
              total=  6174.00000 ideal(neutral)=  6174.00000
<DFT>  Total Spin Moment    (muB) 200.910191615   Angles    0.024609509    44.685295816
<DFT>  Total Orbital Moment (muB) 17.829226157   Angles    0.060169577    44.871701115
<DFT>  Total Moment         (muB) 218.739414618   Angles    0.027507953    44.718529738
<DFT>  Mixing_weight= 0.020152997285
<DFT>  Uele   =-9092.008993917800  dUele     =   0.000195844852
<DFT>  NormRD =    0.000568870708  Criterion =   0.000005000000

******************* MD= 1  SCF=50 *******************
<Poisson>  Poisson's equation using FFT...
<Set_Hamiltonian>  Hamiltonian matrix for VNA+dVH+Vxc...
<Band>  Solving the eigenvalue problem...
 KGrids1:  -0.33333   0.00000   0.33333 
 KGrids2:  -0.33333  -0.00000   0.33333 
 KGrids3:  -0.33333   0.00000   0.33334 
<Band_DFT>  Eigen, time=187.170236
<Band_DFT>  DM, time=0.000000
    1   Ni  MulP 9.29 8.71 sum 18.00 diff  0.59 (  0.03  44.69)  Ml 0.05 (  0.06  44.41)  Ml+s 0.64 (  0.03  44.64)
    2   Ni  MulP 9.29 8.71 sum 18.00 diff  0.59 (  0.03  44.60)  Ml 0.05 (  0.06  47.70)  Ml+s 0.64 (  0.03  45.15)
    3   Ni  MulP 9.29 8.71 sum 18.00 diff  0.59 (  0.03  44.67)  Ml 0.05 (  0.06  43.41)  Ml+s 0.64 (  0.03  44.45)
    4   Ni  MulP 9.29 8.71 sum 18.00 diff  0.59 (  0.02  44.74)  Ml 0.05 (  0.06  44.15)  Ml+s 0.64 (  0.03  44.64)
    5   Ni  MulP 9.29 8.71 sum 18.00 diff  0.59 (  0.02  44.47)  Ml 0.05 (  0.06  47.76)  Ml+s 0.64 (  0.03  45.06)
    6   Ni  MulP 9.29 8.71 sum 18.00 diff  0.59 (  0.03  44.70)  Ml 0.05 (  0.06  43.95)  Ml+s 0.64 (  0.03  44.56)
    7   Ni  MulP 9.29 8.71 sum 18.00 diff  0.59 (  0.02  44.42)  Ml 0.05 (  0.06  46.87)  Ml+s 0.64 (  0.03  44.87)
    8   Ni  MulP 9.29 8.71 sum 18.00 diff  0.59 (  0.03  44.77)  Ml 0.05 (  0.06  44.08)  Ml+s 0.64 (  0.03  44.65)
    9   Ni  MulP 9.29 8.71 sum 18.00 diff  0.59 (  0.03  44.64)  Ml 0.05 (  0.06  42.55)  Ml+s 0.64 (  0.03  44.27)
   10   Ni  MulP 9.29 8.71 sum 18.00 diff  0.59 (  0.03  44.34)  Ml 0.05 (  0.06  45.96)  Ml+s 0.64 (  0.03  44.62)
   11   Ni  MulP 9.29 8.71 sum 18.00 diff  0.59 (  0.02  44.57)  Ml 0.05 (  0.06  44.38)  Ml+s 0.64 (  0.03  44.54)
   12   Ni  MulP 9.29 8.71 sum 18.00 diff  0.59 (  0.03  44.98)  Ml 0.05 (  0.06  44.11)  Ml+s 0.64 (  0.03  44.83)
   13   Ni  MulP 9.29 8.71 sum 18.00 diff  0.59 (  0.03  44.66)  Ml 0.05 (  0.06  46.60)  Ml+s 0.64 (  0.03  45.01)
   14   Ni  MulP 9.29 8.71 sum 18.00 diff  0.59 (  0.02  44.31)  Ml 0.05 (  0.06  46.05)  Ml+s 0.64 (  0.03  44.62)
   15   Ni  MulP 9.29 8.71 sum 18.00 diff  0.59 (  0.03  44.55)  Ml 0.05 (  0.06  45.42)  Ml+s 0.64 (  0.03  44.71)
   16   Ni  MulP 9.29 8.71 sum 18.00 diff  0.59 (  0.03  44.84)  Ml 0.05 (  0.06  43.38)  Ml+s 0.64 (  0.03  44.58)
   17   Ni  MulP 9.29 8.71 sum 18.00 diff  0.59 (  0.02  44.95)  Ml 0.05 (  0.06  46.15)  Ml+s 0.64 (  0.03  45.15)
   18   Ni  MulP 9.29 8.71 sum 18.00 diff  0.59 (  0.03  44.98)  Ml 0.05 (  0.06  45.92)  Ml+s 0.64 (  0.03  45.16)
   19   Ni  MulP 9.29 8.71 sum 18.00 diff  0.59 (  0.02  44.34)  Ml 0.05 (  0.06  42.29)  Ml+s 0.64 (  0.03  43.99)
   20   Ni  MulP 9.29 8.71 sum 18.00 diff  0.59 (  0.03  44.27)  Ml 0.05 (  0.06  43.67)  Ml+s 0.64 (  0.03  44.16)
     ..........
     ......

 Sum of MulP: up   =  3187.45512 down          =  2986.54488
              total=  6174.00000 ideal(neutral)=  6174.00000
<DFT>  Total Spin Moment    (muB) 200.910242790   Angles    0.025062903    44.689663379
<DFT>  Total Orbital Moment (muB) 17.829228929   Angles    0.060625386    44.872293893
<DFT>  Total Moment         (muB) 218.739468565   Angles    0.027961543    44.721938759
<DFT>  Mixing_weight= 0.020152997285
<DFT>  Uele   =-9092.009124961278  dUele     =   0.000131043478
<DFT>  NormRD =    0.000106734448  Criterion =   0.000005000000

******************* MD= 1  SCF=51 *******************
<Poisson>  Poisson's equation using FFT...
<Set_Hamiltonian>  Hamiltonian matrix for VNA+dVH+Vxc...
<Band>  Solving the eigenvalue problem...
 KGrids1:  -0.33333   0.00000   0.33333 
 KGrids2:  -0.33333  -0.00000   0.33333 
 KGrids3:  -0.33333   0.00000   0.33334 
<Band_DFT>  Eigen, time=186.790188
<Band_DFT>  DM, time=0.000000
    1   Ni  MulP 9.29 8.71 sum 18.00 diff  0.59 (  0.03  44.70)  Ml 0.05 (  0.06  44.76)  Ml+s 0.64 (  0.03  44.71)
    2   Ni  MulP 9.29 8.71 sum 18.00 diff  0.59 (  0.03  44.62)  Ml 0.05 (  0.06  48.42)  Ml+s 0.64 (  0.03  45.28)
    3   Ni  MulP 9.29 8.71 sum 18.00 diff  0.59 (  0.03  44.69)  Ml 0.05 (  0.06  43.55)  Ml+s 0.64 (  0.03  44.49)
    4   Ni  MulP 9.29 8.71 sum 18.00 diff  0.59 (  0.03  44.76)  Ml 0.05 (  0.06  44.18)  Ml+s 0.64 (  0.03  44.66)
    5   Ni  MulP 9.29 8.71 sum 18.00 diff  0.59 (  0.03  44.48)  Ml 0.05 (  0.06  48.32)  Ml+s 0.64 (  0.03  45.16)
    6   Ni  MulP 9.29 8.71 sum 18.00 diff  0.59 (  0.03  44.70)  Ml 0.05 (  0.06  44.38)  Ml+s 0.64 (  0.03  44.64)
    7   Ni  MulP 9.29 8.71 sum 18.00 diff  0.59 (  0.03  44.42)  Ml 0.05 (  0.06  47.29)  Ml+s 0.64 (  0.03  44.94)
    8   Ni  MulP 9.29 8.71 sum 18.00 diff  0.59 (  0.03  44.77)  Ml 0.05 (  0.06  44.08)  Ml+s 0.64 (  0.03  44.65)
    9   Ni  MulP 9.29 8.71 sum 18.00 diff  0.59 (  0.03  44.65)  Ml 0.05 (  0.06  43.09)  Ml+s 0.64 (  0.03  44.37)
   10   Ni  MulP 9.29 8.71 sum 18.00 diff  0.59 (  0.03  44.34)  Ml 0.05 (  0.06  46.13)  Ml+s 0.64 (  0.03  44.65)
   11   Ni  MulP 9.29 8.71 sum 18.00 diff  0.59 (  0.03  44.58)  Ml 0.05 (  0.06  44.05)  Ml+s 0.64 (  0.03  44.49)
   12   Ni  MulP 9.29 8.71 sum 18.00 diff  0.59 (  0.03  44.97)  Ml 0.05 (  0.06  44.69)  Ml+s 0.64 (  0.03  44.92)
   13   Ni  MulP 9.29 8.71 sum 18.00 diff  0.59 (  0.03  44.67)  Ml 0.05 (  0.06  46.77)  Ml+s 0.64 (  0.03  45.05)
   14   Ni  MulP 9.29 8.71 sum 18.00 diff  0.59 (  0.03  44.32)  Ml 0.05 (  0.06  45.74)  Ml+s 0.64 (  0.03  44.57)
   15   Ni  MulP 9.29 8.71 sum 18.00 diff  0.59 (  0.03  44.55)  Ml 0.05 (  0.06  45.45)  Ml+s 0.64 (  0.03  44.71)
   16   Ni  MulP 9.29 8.71 sum 18.00 diff  0.59 (  0.03  44.84)  Ml 0.05 (  0.06  43.48)  Ml+s 0.64 (  0.03  44.60)
   17   Ni  MulP 9.29 8.71 sum 18.00 diff  0.59 (  0.03  44.96)  Ml 0.05 (  0.06  46.22)  Ml+s 0.64 (  0.03  45.17)
   18   Ni  MulP 9.29 8.71 sum 18.00 diff  0.59 (  0.03  45.01)  Ml 0.05 (  0.07  45.66)  Ml+s 0.64 (  0.03  45.13)
   19   Ni  MulP 9.29 8.71 sum 18.00 diff  0.59 (  0.03  44.36)  Ml 0.05 (  0.06  42.13)  Ml+s 0.64 (  0.03  43.98)
   20   Ni  MulP 9.29 8.71 sum 18.00 diff  0.59 (  0.03  44.29)  Ml 0.05 (  0.06  43.08)  Ml+s 0.64 (  0.03  44.08)
     ..........
     ......

 Sum of MulP: up   =  3187.45514 down          =  2986.54486
              total=  6174.00000 ideal(neutral)=  6174.00000
<DFT>  Total Spin Moment    (muB) 200.910284975   Angles    0.025485235    44.693609431
<DFT>  Total Orbital Moment (muB) 17.829231187   Angles    0.061049459    44.872825608
<DFT>  Total Moment         (muB) 218.739513007   Angles    0.028384017    44.725028245
<DFT>  Mixing_weight= 0.020152997285
<DFT>  Uele   =-9092.009249143644  dUele     =   0.000124182367
<DFT>  NormRD =    0.000830902610  Criterion =   0.000005000000

******************* MD= 1  SCF=52 *******************
<Poisson>  Poisson's equation using FFT...
<Set_Hamiltonian>  Hamiltonian matrix for VNA+dVH+Vxc...
<Band>  Solving the eigenvalue problem...
 KGrids1:  -0.33333   0.00000   0.33333 
 KGrids2:  -0.33333  -0.00000   0.33333 
 KGrids3:  -0.33333   0.00000   0.33334 
<Band_DFT>  Eigen, time=186.861280
<Band_DFT>  DM, time=0.000001
    1   Ni  MulP 9.29 8.71 sum 18.00 diff  0.59 (  0.03  44.69)  Ml 0.05 (  0.06  44.14)  Ml+s 0.64 (  0.03  44.60)
    2   Ni  MulP 9.29 8.71 sum 18.00 diff  0.59 (  0.03  44.62)  Ml 0.05 (  0.06  48.34)  Ml+s 0.64 (  0.03  45.27)
    3   Ni  MulP 9.29 8.71 sum 18.00 diff  0.59 (  0.03  44.70)  Ml 0.05 (  0.06  43.77)  Ml+s 0.64 (  0.03  44.54)
    4   Ni  MulP 9.29 8.71 sum 18.00 diff  0.59 (  0.03  44.77)  Ml 0.05 (  0.06  44.51)  Ml+s 0.64 (  0.03  44.72)
    5   Ni  MulP 9.29 8.71 sum 18.00 diff  0.59 (  0.03  44.47)  Ml 0.05 (  0.06  48.10)  Ml+s 0.64 (  0.03  45.10)
    6   Ni  MulP 9.29 8.71 sum 18.00 diff  0.59 (  0.03  44.67)  Ml 0.05 (  0.06  43.72)  Ml+s 0.64 (  0.03  44.51)
    7   Ni  MulP 9.29 8.71 sum 18.00 diff  0.59 (  0.03  44.39)  Ml 0.05 (  0.06  45.96)  Ml+s 0.64 (  0.03  44.67)
    8   Ni  MulP 9.29 8.71 sum 18.00 diff  0.59 (  0.03  44.77)  Ml 0.05 (  0.06  44.11)  Ml+s 0.64 (  0.03  44.65)
    9   Ni  MulP 9.29 8.71 sum 18.00 diff  0.59 (  0.03  44.64)  Ml 0.05 (  0.06  43.78)  Ml+s 0.64 (  0.03  44.48)
   10   Ni  MulP 9.29 8.71 sum 18.00 diff  0.59 (  0.03  44.35)  Ml 0.05 (  0.06  45.67)  Ml+s 0.64 (  0.03  44.58)
   11   Ni  MulP 9.29 8.71 sum 18.00 diff  0.59 (  0.03  44.60)  Ml 0.05 (  0.06  44.87)  Ml+s 0.64 (  0.03  44.65)
   12   Ni  MulP 9.29 8.71 sum 18.00 diff  0.59 (  0.03  44.97)  Ml 0.05 (  0.06  44.83)  Ml+s 0.64 (  0.03  44.95)
   13   Ni  MulP 9.29 8.71 sum 18.00 diff  0.59 (  0.03  44.67)  Ml 0.05 (  0.06  46.37)  Ml+s 0.64 (  0.03  44.97)
   14   Ni  MulP 9.29 8.71 sum 18.00 diff  0.59 (  0.03  44.31)  Ml 0.05 (  0.06  44.68)  Ml+s 0.64 (  0.03  44.38)
   15   Ni  MulP 9.29 8.71 sum 18.00 diff  0.59 (  0.03  44.56)  Ml 0.05 (  0.06  46.14)  Ml+s 0.64 (  0.03  44.84)
   16   Ni  MulP 9.29 8.71 sum 18.00 diff  0.59 (  0.03  44.85)  Ml 0.05 (  0.06  44.24)  Ml+s 0.64 (  0.03  44.74)
   17   Ni  MulP 9.29 8.71 sum 18.00 diff  0.59 (  0.03  44.97)  Ml 0.05 (  0.06  46.16)  Ml+s 0.64 (  0.03  45.17)
   18   Ni  MulP 9.29 8.71 sum 18.00 diff  0.59 (  0.03  45.03)  Ml 0.05 (  0.06  46.15)  Ml+s 0.64 (  0.03  45.23)
   19   Ni  MulP 9.29 8.71 sum 18.00 diff  0.59 (  0.03  44.38)  Ml 0.05 (  0.06  42.25)  Ml+s 0.64 (  0.03  44.02)
   20   Ni  MulP 9.29 8.71 sum 18.00 diff  0.59 (  0.03  44.31)  Ml 0.05 (  0.06  43.33)  Ml+s 0.64 (  0.03  44.14)
     ..........
     ......

 Sum of MulP: up   =  3187.45515 down          =  2986.54485
              total=  6174.00000 ideal(neutral)=  6174.00000
<DFT>  Total Spin Moment    (muB) 200.910309344   Angles    0.025776757    44.696118243
<DFT>  Total Orbital Moment (muB) 17.829232809   Angles    0.061342029    44.873321951
<DFT>  Total Moment         (muB) 218.739538998   Angles    0.028675626    44.727015695
<DFT>  Mixing_weight= 0.020152997285
<DFT>  Uele   =-9092.009349761858  dUele     =   0.000100618214
<DFT>  NormRD =    0.001437866827  Criterion =   0.000005000000

******************* MD= 1  SCF=53 *******************
<Poisson>  Poisson's equation using FFT...
<Set_Hamiltonian>  Hamiltonian matrix for VNA+dVH+Vxc...
<Band>  Solving the eigenvalue problem...
 KGrids1:  -0.33333   0.00000   0.33333 
 KGrids2:  -0.33333  -0.00000   0.33333 
 KGrids3:  -0.33333   0.00000   0.33334 
<Band_DFT>  Eigen, time=248.053604
<Band_DFT>  DM, time=0.000010
    1   Ni  MulP 9.29 8.71 sum 18.00 diff  0.59 (  0.03  44.68)  Ml 0.05 (  0.06  44.00)  Ml+s 0.64 (  0.03  44.56)
    2   Ni  MulP 9.29 8.71 sum 18.00 diff  0.59 (  0.03  44.61)  Ml 0.05 (  0.06  47.88)  Ml+s 0.64 (  0.03  45.19)
    3   Ni  MulP 9.29 8.71 sum 18.00 diff  0.59 (  0.03  44.69)  Ml 0.05 (  0.06  43.83)  Ml+s 0.64 (  0.03  44.54)
    4   Ni  MulP 9.29 8.71 sum 18.00 diff  0.59 (  0.03  44.75)  Ml 0.05 (  0.06  44.68)  Ml+s 0.64 (  0.03  44.74)
    5   Ni  MulP 9.29 8.71 sum 18.00 diff  0.59 (  0.03  44.47)  Ml 0.05 (  0.06  47.74)  Ml+s 0.64 (  0.03  45.06)
    6   Ni  MulP 9.29 8.71 sum 18.00 diff  0.59 (  0.03  44.68)  Ml 0.05 (  0.06  43.56)  Ml+s 0.64 (  0.03  44.48)
    7   Ni  MulP 9.29 8.71 sum 18.00 diff  0.59 (  0.03  44.40)  Ml 0.05 (  0.06  45.67)  Ml+s 0.64 (  0.03  44.62)
    8   Ni  MulP 9.29 8.71 sum 18.00 diff  0.59 (  0.03  44.77)  Ml 0.05 (  0.06  43.89)  Ml+s 0.64 (  0.03  44.61)
    9   Ni  MulP 9.29 8.71 sum 18.00 diff  0.59 (  0.03  44.63)  Ml 0.05 (  0.06  42.94)  Ml+s 0.64 (  0.03  44.33)
   10   Ni  MulP 9.29 8.71 sum 18.00 diff  0.59 (  0.03  44.34)  Ml 0.05 (  0.06  45.05)  Ml+s 0.64 (  0.03  44.46)
   11   Ni  MulP 9.29 8.71 sum 18.00 diff  0.59 (  0.03  44.59)  Ml 0.05 (  0.06  45.04)  Ml+s 0.64 (  0.03  44.67)
   12   Ni  MulP 9.29 8.71 sum 18.00 diff  0.59 (  0.03  44.98)  Ml 0.05 (  0.06  44.27)  Ml+s 0.64 (  0.03  44.86)
   13   Ni  MulP 9.29 8.71 sum 18.00 diff  0.59 (  0.03  44.65)  Ml 0.05 (  0.06  46.16)  Ml+s 0.64 (  0.03  44.93)
   14   Ni  MulP 9.29 8.71 sum 18.00 diff  0.59 (  0.03  44.30)  Ml 0.05 (  0.06  44.73)  Ml+s 0.64 (  0.03  44.38)
   15   Ni  MulP 9.29 8.71 sum 18.00 diff  0.59 (  0.03  44.55)  Ml 0.05 (  0.06  45.64)  Ml+s 0.64 (  0.03  44.74)
   16   Ni  MulP 9.29 8.71 sum 18.00 diff  0.59 (  0.03  44.84)  Ml 0.05 (  0.06  43.61)  Ml+s 0.64 (  0.03  44.62)
   17   Ni  MulP 9.29 8.71 sum 18.00 diff  0.59 (  0.03  44.95)  Ml 0.05 (  0.06  45.56)  Ml+s 0.64 (  0.03  45.05)
   18   Ni  MulP 9.29 8.71 sum 18.00 diff  0.59 (  0.03  44.99)  Ml 0.05 (  0.06  46.00)  Ml+s 0.64 (  0.03  45.18)
   19   Ni  MulP 9.29 8.71 sum 18.00 diff  0.59 (  0.03  44.36)  Ml 0.05 (  0.06  42.06)  Ml+s 0.64 (  0.03  43.96)
   20   Ni  MulP 9.29 8.71 sum 18.00 diff  0.59 (  0.03  44.29)  Ml 0.05 (  0.06  43.57)  Ml+s 0.64 (  0.03  44.17)
     ..........
     ......

 Sum of MulP: up   =  3187.45513 down          =  2986.54487
              total=  6174.00000 ideal(neutral)=  6174.00000
<DFT>  Total Spin Moment    (muB) 200.910253603   Angles    0.025313697    44.691729697
<DFT>  Total Orbital Moment (muB) 17.829229794   Angles    0.060876252    44.872710986
<DFT>  Total Moment         (muB) 218.739480242   Angles    0.028212344    44.723560461
<DFT>  Mixing_weight= 0.020152997285
<DFT>  Uele   =-9092.009231272234  dUele     =   0.000118489625
<DFT>  NormRD =    0.000706334661  Criterion =   0.000005000000

******************* MD= 1  SCF=54 *******************
<Poisson>  Poisson's equation using FFT...
<Set_Hamiltonian>  Hamiltonian matrix for VNA+dVH+Vxc...
<Band>  Solving the eigenvalue problem...
 KGrids1:  -0.33333   0.00000   0.33333 
 KGrids2:  -0.33333  -0.00000   0.33333 
 KGrids3:  -0.33333   0.00000   0.33334 
<Band_DFT>  Eigen, time=187.091972
<Band_DFT>  DM, time=0.000000
    1   Ni  MulP 9.29 8.71 sum 18.00 diff  0.59 (  0.02  44.67)  Ml 0.05 (  0.06  44.03)  Ml+s 0.64 (  0.03  44.56)
    2   Ni  MulP 9.29 8.71 sum 18.00 diff  0.59 (  0.02  44.60)  Ml 0.05 (  0.06  47.53)  Ml+s 0.64 (  0.03  45.12)
    3   Ni  MulP 9.29 8.71 sum 18.00 diff  0.59 (  0.02  44.68)  Ml 0.05 (  0.06  43.87)  Ml+s 0.64 (  0.03  44.54)
    4   Ni  MulP 9.29 8.71 sum 18.00 diff  0.59 (  0.02  44.74)  Ml 0.05 (  0.06  44.80)  Ml+s 0.64 (  0.03  44.75)
    5   Ni  MulP 9.29 8.71 sum 18.00 diff  0.59 (  0.02  44.47)  Ml 0.05 (  0.06  47.55)  Ml+s 0.64 (  0.03  45.03)
    6   Ni  MulP 9.29 8.71 sum 18.00 diff  0.59 (  0.02  44.68)  Ml 0.05 (  0.06  43.54)  Ml+s 0.64 (  0.03  44.48)
    7   Ni  MulP 9.29 8.71 sum 18.00 diff  0.59 (  0.02  44.41)  Ml 0.05 (  0.06  45.64)  Ml+s 0.64 (  0.03  44.64)
    8   Ni  MulP 9.29 8.71 sum 18.00 diff  0.59 (  0.02  44.77)  Ml 0.05 (  0.06  44.03)  Ml+s 0.64 (  0.03  44.64)
    9   Ni  MulP 9.29 8.71 sum 18.00 diff  0.59 (  0.02  44.62)  Ml 0.05 (  0.06  42.54)  Ml+s 0.64 (  0.03  44.25)
   10   Ni  MulP 9.29 8.71 sum 18.00 diff  0.59 (  0.02  44.33)  Ml 0.05 (  0.06  44.97)  Ml+s 0.64 (  0.03  44.44)
   11   Ni  MulP 9.29 8.71 sum 18.00 diff  0.59 (  0.02  44.59)  Ml 0.05 (  0.06  45.41)  Ml+s 0.64 (  0.03  44.73)
   12   Ni  MulP 9.29 8.71 sum 18.00 diff  0.59 (  0.02  45.01)  Ml 0.05 (  0.06  44.06)  Ml+s 0.64 (  0.03  44.84)
   13   Ni  MulP 9.29 8.71 sum 18.00 diff  0.59 (  0.02  44.65)  Ml 0.05 (  0.06  46.27)  Ml+s 0.64 (  0.03  44.94)
   14   Ni  MulP 9.29 8.71 sum 18.00 diff  0.59 (  0.02  44.30)  Ml 0.05 (  0.06  45.17)  Ml+s 0.64 (  0.03  44.45)
   15   Ni  MulP 9.29 8.71 sum 18.00 diff  0.59 (  0.02  44.55)  Ml 0.05 (  0.06  45.65)  Ml+s 0.64 (  0.03  44.74)
   16   Ni  MulP 9.29 8.71 sum 18.00 diff  0.59 (  0.02  44.84)  Ml 0.05 (  0.06  43.51)  Ml+s 0.64 (  0.03  44.59)
   17   Ni  MulP 9.29 8.71 sum 18.00 diff  0.59 (  0.02  44.93)  Ml 0.05 (  0.06  45.60)  Ml+s 0.64 (  0.03  45.05)
   18   Ni  MulP 9.29 8.71 sum 18.00 diff  0.59 (  0.02  44.95)  Ml 0.05 (  0.06  46.27)  Ml+s 0.64 (  0.03  45.20)
   19   Ni  MulP 9.29 8.71 sum 18.00 diff  0.59 (  0.02  44.33)  Ml 0.05 (  0.06  42.19)  Ml+s 0.64 (  0.03  43.96)
   20   Ni  MulP 9.29 8.71 sum 18.00 diff  0.59 (  0.03  44.27)  Ml 0.05 (  0.06  43.99)  Ml+s 0.64 (  0.03  44.22)
     ..........
     ......

 Sum of MulP: up   =  3187.45509 down          =  2986.54491
              total=  6174.00000 ideal(neutral)=  6174.00000
<DFT>  Total Spin Moment    (muB) 200.910186813   Angles    0.024762111    44.686321252
<DFT>  Total Orbital Moment (muB) 17.829226162   Angles    0.060321448    44.872028582
<DFT>  Total Moment         (muB) 218.739409821   Angles    0.027660495    44.719331251
<DFT>  Mixing_weight= 0.020152997285
<DFT>  Uele   =-9092.009088229614  dUele     =   0.000143042620
<DFT>  NormRD =    0.000632670792  Criterion =   0.000005000000

******************* MD= 1  SCF=55 *******************
<Poisson>  Poisson's equation using FFT...
<Set_Hamiltonian>  Hamiltonian matrix for VNA+dVH+Vxc...
<Band>  Solving the eigenvalue problem...
 KGrids1:  -0.33333   0.00000   0.33333 
 KGrids2:  -0.33333  -0.00000   0.33333 
 KGrids3:  -0.33333   0.00000   0.33334 
<Band_DFT>  Eigen, time=126.706438
<Band_DFT>  DM, time=0.000000
    1   Ni  MulP 9.29 8.71 sum 18.00 diff  0.59 (  0.03  44.68)  Ml 0.05 (  0.06  43.81)  Ml+s 0.64 (  0.03  44.53)
    2   Ni  MulP 9.29 8.71 sum 18.00 diff  0.59 (  0.03  44.62)  Ml 0.05 (  0.06  48.41)  Ml+s 0.64 (  0.03  45.29)
    3   Ni  MulP 9.29 8.71 sum 18.00 diff  0.59 (  0.03  44.69)  Ml 0.05 (  0.06  43.83)  Ml+s 0.64 (  0.03  44.54)
    4   Ni  MulP 9.29 8.71 sum 18.00 diff  0.59 (  0.03  44.74)  Ml 0.05 (  0.06  44.65)  Ml+s 0.64 (  0.03  44.73)
    5   Ni  MulP 9.29 8.71 sum 18.00 diff  0.59 (  0.03  44.48)  Ml 0.05 (  0.06  48.52)  Ml+s 0.64 (  0.03  45.20)
    6   Ni  MulP 9.29 8.71 sum 18.00 diff  0.59 (  0.03  44.67)  Ml 0.05 (  0.06  43.43)  Ml+s 0.64 (  0.03  44.45)
    7   Ni  MulP 9.29 8.71 sum 18.00 diff  0.59 (  0.03  44.42)  Ml 0.05 (  0.06  45.85)  Ml+s 0.64 (  0.03  44.67)
    8   Ni  MulP 9.29 8.71 sum 18.00 diff  0.59 (  0.03  44.77)  Ml 0.05 (  0.06  44.06)  Ml+s 0.64 (  0.03  44.64)
    9   Ni  MulP 9.29 8.71 sum 18.00 diff  0.59 (  0.03  44.65)  Ml 0.05 (  0.06  43.26)  Ml+s 0.64 (  0.03  44.40)
   10   Ni  MulP 9.29 8.71 sum 18.00 diff  0.59 (  0.03  44.35)  Ml 0.05 (  0.06  46.02)  Ml+s 0.64 (  0.03  44.64)
   11   Ni  MulP 9.29 8.71 sum 18.00 diff  0.59 (  0.03  44.59)  Ml 0.05 (  0.06  44.64)  Ml+s 0.64 (  0.03  44.60)
   12   Ni  MulP 9.29 8.71 sum 18.00 diff  0.59 (  0.03  45.03)  Ml 0.05 (  0.06  45.18)  Ml+s 0.64 (  0.03  45.06)
   13   Ni  MulP 9.29 8.71 sum 18.00 diff  0.59 (  0.03  44.65)  Ml 0.05 (  0.06  46.72)  Ml+s 0.64 (  0.03  45.03)
   14   Ni  MulP 9.29 8.71 sum 18.00 diff  0.59 (  0.02  44.31)  Ml 0.05 (  0.06  45.51)  Ml+s 0.64 (  0.03  44.52)
   15   Ni  MulP 9.29 8.71 sum 18.00 diff  0.59 (  0.03  44.56)  Ml 0.05 (  0.06  46.01)  Ml+s 0.64 (  0.03  44.81)
   16   Ni  MulP 9.29 8.71 sum 18.00 diff  0.59 (  0.03  44.84)  Ml 0.05 (  0.06  43.73)  Ml+s 0.64 (  0.03  44.64)
   17   Ni  MulP 9.29 8.71 sum 18.00 diff  0.59 (  0.03  44.95)  Ml 0.05 (  0.06  46.32)  Ml+s 0.64 (  0.03  45.18)
   18   Ni  MulP 9.29 8.71 sum 18.00 diff  0.59 (  0.03  44.97)  Ml 0.05 (  0.06  46.06)  Ml+s 0.64 (  0.03  45.17)
   19   Ni  MulP 9.29 8.71 sum 18.00 diff  0.59 (  0.02  44.34)  Ml 0.05 (  0.06  42.34)  Ml+s 0.64 (  0.03  44.00)
   20   Ni  MulP 9.29 8.71 sum 18.00 diff  0.59 (  0.03  44.28)  Ml 0.05 (  0.06  43.74)  Ml+s 0.64 (  0.03  44.19)
     ..........
     ......

 Sum of MulP: up   =  3187.45511 down          =  2986.54489
              total=  6174.00000 ideal(neutral)=  6174.00000
<DFT>  Total Spin Moment    (muB) 200.910210979   Angles    0.025146569    44.690026051
<DFT>  Total Orbital Moment (muB) 17.829227896   Angles    0.060708328    44.872650015
<DFT>  Total Moment         (muB) 218.739435721   Angles    0.028045151    44.722248083
<DFT>  Mixing_weight= 0.020152997285
<DFT>  Uele   =-9092.009196268158  dUele     =   0.000108038545
<DFT>  NormRD =    0.000155187676  Criterion =   0.000005000000

******************* MD= 1  SCF=56 *******************
<Poisson>  Poisson's equation using FFT...
<Set_Hamiltonian>  Hamiltonian matrix for VNA+dVH+Vxc...
<Band>  Solving the eigenvalue problem...
 KGrids1:  -0.33333   0.00000   0.33333 
 KGrids2:  -0.33333  -0.00000   0.33333 
 KGrids3:  -0.33333   0.00000   0.33334 
<Band_DFT>  Eigen, time=187.226760
<Band_DFT>  DM, time=0.000000
    1   Ni  MulP 9.29 8.71 sum 18.00 diff  0.59 (  0.03  44.68)  Ml 0.05 (  0.06  44.13)  Ml+s 0.64 (  0.03  44.58)
    2   Ni  MulP 9.29 8.71 sum 18.00 diff  0.59 (  0.03  44.61)  Ml 0.05 (  0.06  47.57)  Ml+s 0.64 (  0.03  45.13)
    3   Ni  MulP 9.29 8.71 sum 18.00 diff  0.59 (  0.03  44.69)  Ml 0.05 (  0.06  44.23)  Ml+s 0.64 (  0.03  44.61)
    4   Ni  MulP 9.29 8.71 sum 18.00 diff  0.59 (  0.03  44.75)  Ml 0.05 (  0.06  45.22)  Ml+s 0.64 (  0.03  44.83)
    5   Ni  MulP 9.29 8.71 sum 18.00 diff  0.59 (  0.03  44.47)  Ml 0.05 (  0.06  47.61)  Ml+s 0.64 (  0.03  45.04)
    6   Ni  MulP 9.29 8.71 sum 18.00 diff  0.59 (  0.03  44.67)  Ml 0.05 (  0.06  43.61)  Ml+s 0.64 (  0.03  44.48)
    7   Ni  MulP 9.29 8.71 sum 18.00 diff  0.59 (  0.03  44.42)  Ml 0.05 (  0.06  45.82)  Ml+s 0.64 (  0.03  44.67)
    8   Ni  MulP 9.29 8.71 sum 18.00 diff  0.59 (  0.03  44.77)  Ml 0.05 (  0.06  43.91)  Ml+s 0.64 (  0.03  44.62)
    9   Ni  MulP 9.29 8.71 sum 18.00 diff  0.59 (  0.03  44.62)  Ml 0.05 (  0.06  42.27)  Ml+s 0.64 (  0.03  44.21)
   10   Ni  MulP 9.29 8.71 sum 18.00 diff  0.59 (  0.03  44.34)  Ml 0.05 (  0.06  45.31)  Ml+s 0.64 (  0.03  44.51)
   11   Ni  MulP 9.29 8.71 sum 18.00 diff  0.59 (  0.03  44.61)  Ml 0.05 (  0.06  45.84)  Ml+s 0.64 (  0.03  44.82)
   12   Ni  MulP 9.29 8.71 sum 18.00 diff  0.59 (  0.03  45.03)  Ml 0.05 (  0.06  43.60)  Ml+s 0.64 (  0.03  44.78)
   13   Ni  MulP 9.29 8.71 sum 18.00 diff  0.59 (  0.03  44.63)  Ml 0.05 (  0.06  45.88)  Ml+s 0.64 (  0.03  44.86)
   14   Ni  MulP 9.29 8.71 sum 18.00 diff  0.59 (  0.03  44.30)  Ml 0.05 (  0.06  45.27)  Ml+s 0.64 (  0.03  44.47)
   15   Ni  MulP 9.29 8.71 sum 18.00 diff  0.59 (  0.03  44.56)  Ml 0.05 (  0.06  45.48)  Ml+s 0.64 (  0.03  44.72)
   16   Ni  MulP 9.29 8.71 sum 18.00 diff  0.59 (  0.03  44.85)  Ml 0.05 (  0.06  43.73)  Ml+s 0.64 (  0.03  44.64)
   17   Ni  MulP 9.29 8.71 sum 18.00 diff  0.59 (  0.03  44.95)  Ml 0.05 (  0.06  45.91)  Ml+s 0.64 (  0.03  45.12)
   18   Ni  MulP 9.29 8.71 sum 18.00 diff  0.59 (  0.03  44.97)  Ml 0.05 (  0.06  46.48)  Ml+s 0.64 (  0.03  45.24)
   19   Ni  MulP 9.29 8.71 sum 18.00 diff  0.59 (  0.03  44.34)  Ml 0.05 (  0.06  41.85)  Ml+s 0.64 (  0.03  43.92)
   20   Ni  MulP 9.29 8.71 sum 18.00 diff  0.59 (  0.03  44.28)  Ml 0.05 (  0.06  43.84)  Ml+s 0.64 (  0.03  44.21)
     ..........
     ......

 Sum of MulP: up   =  3187.45510 down          =  2986.54490
              total=  6174.00000 ideal(neutral)=  6174.00000
<DFT>  Total Spin Moment    (muB) 200.910205383   Angles    0.025254152    44.690988729
<DFT>  Total Orbital Moment (muB) 17.829227807   Angles    0.060816555    44.872914283
<DFT>  Total Moment         (muB) 218.739430035   Angles    0.028152786    44.723021819
<DFT>  Mixing_weight= 0.020152997285
<DFT>  Uele   =-9092.009230780690  dUele     =   0.000034512532
<DFT>  NormRD =    0.000324351762  Criterion =   0.000005000000

******************* MD= 1  SCF=57 *******************
<Poisson>  Poisson's equation using FFT...
<Set_Hamiltonian>  Hamiltonian matrix for VNA+dVH+Vxc...
<Band>  Solving the eigenvalue problem...
 KGrids1:  -0.33333   0.00000   0.33333 
 KGrids2:  -0.33333  -0.00000   0.33333 
 KGrids3:  -0.33333   0.00000   0.33334 
<Band_DFT>  Eigen, time=126.744447
<Band_DFT>  DM, time=0.000000
    1   Ni  MulP 9.29 8.71 sum 18.00 diff  0.59 (  0.03  44.68)  Ml 0.05 (  0.06  44.09)  Ml+s 0.64 (  0.03  44.57)
    2   Ni  MulP 9.29 8.71 sum 18.00 diff  0.59 (  0.03  44.60)  Ml 0.05 (  0.06  47.46)  Ml+s 0.64 (  0.03  45.11)
    3   Ni  MulP 9.29 8.71 sum 18.00 diff  0.59 (  0.03  44.68)  Ml 0.05 (  0.06  43.78)  Ml+s 0.64 (  0.03  44.53)
    4   Ni  MulP 9.29 8.71 sum 18.00 diff  0.59 (  0.02  44.73)  Ml 0.05 (  0.06  44.73)  Ml+s 0.64 (  0.03  44.73)
    5   Ni  MulP 9.29 8.71 sum 18.00 diff  0.59 (  0.02  44.47)  Ml 0.05 (  0.06  47.49)  Ml+s 0.64 (  0.03  45.02)
    6   Ni  MulP 9.29 8.71 sum 18.00 diff  0.59 (  0.03  44.67)  Ml 0.05 (  0.06  43.62)  Ml+s 0.64 (  0.03  44.48)
    7   Ni  MulP 9.29 8.71 sum 18.00 diff  0.59 (  0.03  44.43)  Ml 0.05 (  0.06  45.88)  Ml+s 0.64 (  0.03  44.69)
    8   Ni  MulP 9.29 8.71 sum 18.00 diff  0.59 (  0.03  44.78)  Ml 0.05 (  0.06  44.17)  Ml+s 0.64 (  0.03  44.67)
    9   Ni  MulP 9.29 8.71 sum 18.00 diff  0.59 (  0.03  44.63)  Ml 0.05 (  0.06  42.64)  Ml+s 0.64 (  0.03  44.27)
   10   Ni  MulP 9.29 8.71 sum 18.00 diff  0.59 (  0.03  44.34)  Ml 0.05 (  0.06  45.33)  Ml+s 0.64 (  0.03  44.51)
   11   Ni  MulP 9.29 8.71 sum 18.00 diff  0.59 (  0.03  44.61)  Ml 0.05 (  0.06  45.49)  Ml+s 0.64 (  0.03  44.76)
   12   Ni  MulP 9.29 8.71 sum 18.00 diff  0.59 (  0.03  45.05)  Ml 0.05 (  0.06  43.96)  Ml+s 0.64 (  0.03  44.86)
   13   Ni  MulP 9.29 8.71 sum 18.00 diff  0.59 (  0.03  44.64)  Ml 0.05 (  0.06  46.24)  Ml+s 0.64 (  0.03  44.93)
   14   Ni  MulP 9.29 8.71 sum 18.00 diff  0.59 (  0.02  44.30)  Ml 0.05 (  0.06  45.40)  Ml+s 0.64 (  0.03  44.50)
   15   Ni  MulP 9.29 8.71 sum 18.00 diff  0.59 (  0.03  44.56)  Ml 0.05 (  0.06  45.72)  Ml+s 0.64 (  0.03  44.76)
   16   Ni  MulP 9.29 8.71 sum 18.00 diff  0.59 (  0.03  44.84)  Ml 0.05 (  0.06  43.70)  Ml+s 0.64 (  0.03  44.64)
   17   Ni  MulP 9.29 8.71 sum 18.00 diff  0.59 (  0.02  44.94)  Ml 0.05 (  0.06  45.83)  Ml+s 0.64 (  0.03  45.09)
   18   Ni  MulP 9.29 8.71 sum 18.00 diff  0.59 (  0.03  44.95)  Ml 0.05 (  0.06  46.35)  Ml+s 0.64 (  0.03  45.21)
   19   Ni  MulP 9.29 8.71 sum 18.00 diff  0.59 (  0.02  44.34)  Ml 0.05 (  0.06  42.01)  Ml+s 0.64 (  0.03  43.94)
   20   Ni  MulP 9.29 8.71 sum 18.00 diff  0.59 (  0.03  44.28)  Ml 0.05 (  0.06  43.70)  Ml+s 0.64 (  0.03  44.18)
     ..........
     ......

 Sum of MulP: up   =  3187.45509 down          =  2986.54491
              total=  6174.00000 ideal(neutral)=  6174.00000
<DFT>  Total Spin Moment    (muB) 200.910179843   Angles    0.025102292    44.689606865
<DFT>  Total Orbital Moment (muB) 17.829226420   Angles    0.060663739    44.872757929
<DFT>  Total Moment         (muB) 218.739403109   Angles    0.028000848    44.721949256
<DFT>  Mixing_weight= 0.020152997285
<DFT>  Uele   =-9092.009183495695  dUele     =   0.000047284995
<DFT>  NormRD =    0.000218454324  Criterion =   0.000005000000

******************* MD= 1  SCF=58 *******************
<Poisson>  Poisson's equation using FFT...
<Set_Hamiltonian>  Hamiltonian matrix for VNA+dVH+Vxc...
<Band>  Solving the eigenvalue problem...
 KGrids1:  -0.33333   0.00000   0.33333 
 KGrids2:  -0.33333  -0.00000   0.33333 
 KGrids3:  -0.33333   0.00000   0.33334 
<Band_DFT>  Eigen, time=126.694649
<Band_DFT>  DM, time=0.000000
    1   Ni  MulP 9.29 8.71 sum 18.00 diff  0.59 (  0.03  44.68)  Ml 0.05 (  0.06  44.59)  Ml+s 0.64 (  0.03  44.67)
    2   Ni  MulP 9.29 8.71 sum 18.00 diff  0.59 (  0.03  44.61)  Ml 0.05 (  0.06  47.58)  Ml+s 0.64 (  0.03  45.14)
    3   Ni  MulP 9.29 8.71 sum 18.00 diff  0.59 (  0.03  44.69)  Ml 0.05 (  0.06  44.01)  Ml+s 0.64 (  0.03  44.57)
    4   Ni  MulP 9.29 8.71 sum 18.00 diff  0.59 (  0.02  44.74)  Ml 0.05 (  0.06  45.03)  Ml+s 0.64 (  0.03  44.79)
    5   Ni  MulP 9.29 8.71 sum 18.00 diff  0.59 (  0.02  44.48)  Ml 0.05 (  0.06  47.63)  Ml+s 0.64 (  0.03  45.05)
    6   Ni  MulP 9.29 8.71 sum 18.00 diff  0.59 (  0.03  44.67)  Ml 0.05 (  0.06  44.11)  Ml+s 0.64 (  0.03  44.57)
    7   Ni  MulP 9.29 8.71 sum 18.00 diff  0.59 (  0.02  44.44)  Ml 0.05 (  0.06  46.32)  Ml+s 0.64 (  0.03  44.78)
    8   Ni  MulP 9.29 8.71 sum 18.00 diff  0.59 (  0.03  44.79)  Ml 0.05 (  0.06  44.71)  Ml+s 0.64 (  0.03  44.77)
    9   Ni  MulP 9.29 8.71 sum 18.00 diff  0.59 (  0.03  44.63)  Ml 0.05 (  0.06  42.90)  Ml+s 0.64 (  0.03  44.32)
   10   Ni  MulP 9.29 8.71 sum 18.00 diff  0.59 (  0.03  44.34)  Ml 0.05 (  0.06  45.51)  Ml+s 0.64 (  0.03  44.54)
   11   Ni  MulP 9.29 8.71 sum 18.00 diff  0.59 (  0.03  44.61)  Ml 0.05 (  0.06  45.95)  Ml+s 0.64 (  0.03  44.85)
   12   Ni  MulP 9.29 8.71 sum 18.00 diff  0.59 (  0.03  45.05)  Ml 0.05 (  0.06  44.08)  Ml+s 0.64 (  0.03  44.88)
   13   Ni  MulP 9.29 8.71 sum 18.00 diff  0.59 (  0.03  44.64)  Ml 0.05 (  0.06  46.58)  Ml+s 0.64 (  0.03  44.99)
   14   Ni  MulP 9.29 8.71 sum 18.00 diff  0.59 (  0.02  44.31)  Ml 0.05 (  0.06  45.88)  Ml+s 0.64 (  0.03  44.59)
   15   Ni  MulP 9.29 8.71 sum 18.00 diff  0.59 (  0.03  44.56)  Ml 0.05 (  0.06  45.84)  Ml+s 0.64 (  0.03  44.79)
   16   Ni  MulP 9.29 8.71 sum 18.00 diff  0.59 (  0.03  44.85)  Ml 0.05 (  0.06  43.80)  Ml+s 0.64 (  0.03  44.66)
   17   Ni  MulP 9.29 8.71 sum 18.00 diff  0.59 (  0.02  44.94)  Ml 0.05 (  0.06  45.84)  Ml+s 0.64 (  0.03  45.10)
   18   Ni  MulP 9.29 8.71 sum 18.00 diff  0.59 (  0.03  44.95)  Ml 0.05 (  0.06  46.50)  Ml+s 0.64 (  0.03  45.23)
   19   Ni  MulP 9.29 8.71 sum 18.00 diff  0.59 (  0.02  44.34)  Ml 0.05 (  0.06  41.94)  Ml+s 0.64 (  0.03  43.92)
   20   Ni  MulP 9.29 8.71 sum 18.00 diff  0.59 (  0.03  44.27)  Ml 0.05 (  0.06  43.65)  Ml+s 0.64 (  0.03  44.16)
     ..........
     ......

 Sum of MulP: up   =  3187.45509 down          =  2986.54491
              total=  6174.00000 ideal(neutral)=  6174.00000
<DFT>  Total Spin Moment    (muB) 200.910174023   Angles    0.025083099    44.689430015
<DFT>  Total Orbital Moment (muB) 17.829226135   Angles    0.060644435    44.872784214
<DFT>  Total Moment         (muB) 218.739397004   Angles    0.027981647    44.721820186
<DFT>  Mixing_weight= 0.020152997285
<DFT>  Uele   =-9092.009177740361  dUele     =   0.000005755333
<DFT>  NormRD =    0.000322110943  Criterion =   0.000005000000

******************* MD= 1  SCF=59 *******************
<Poisson>  Poisson's equation using FFT...
<Set_Hamiltonian>  Hamiltonian matrix for VNA+dVH+Vxc...
<Band>  Solving the eigenvalue problem...
 KGrids1:  -0.33333   0.00000   0.33333 
 KGrids2:  -0.33333  -0.00000   0.33333 
 KGrids3:  -0.33333   0.00000   0.33334 
<Band_DFT>  Eigen, time=126.854211
<Band_DFT>  DM, time=0.000000
    1   Ni  MulP 9.29 8.71 sum 18.00 diff  0.59 (  0.03  44.68)  Ml 0.05 (  0.06  44.22)  Ml+s 0.64 (  0.03  44.60)
    2   Ni  MulP 9.29 8.71 sum 18.00 diff  0.59 (  0.03  44.61)  Ml 0.05 (  0.06  47.56)  Ml+s 0.64 (  0.03  45.13)
    3   Ni  MulP 9.29 8.71 sum 18.00 diff  0.59 (  0.03  44.68)  Ml 0.05 (  0.06  43.69)  Ml+s 0.64 (  0.03  44.51)
    4   Ni  MulP 9.29 8.71 sum 18.00 diff  0.59 (  0.03  44.73)  Ml 0.05 (  0.06  44.64)  Ml+s 0.64 (  0.03  44.72)
    5   Ni  MulP 9.29 8.71 sum 18.00 diff  0.59 (  0.02  44.48)  Ml 0.05 (  0.06  47.60)  Ml+s 0.64 (  0.03  45.04)
    6   Ni  MulP 9.29 8.71 sum 18.00 diff  0.59 (  0.03  44.67)  Ml 0.05 (  0.06  43.78)  Ml+s 0.64 (  0.03  44.51)
    7   Ni  MulP 9.29 8.71 sum 18.00 diff  0.59 (  0.03  44.44)  Ml 0.05 (  0.06  46.08)  Ml+s 0.64 (  0.03  44.73)
    8   Ni  MulP 9.29 8.71 sum 18.00 diff  0.59 (  0.03  44.78)  Ml 0.05 (  0.06  44.24)  Ml+s 0.64 (  0.03  44.68)
    9   Ni  MulP 9.29 8.71 sum 18.00 diff  0.59 (  0.03  44.63)  Ml 0.05 (  0.06  42.79)  Ml+s 0.64 (  0.03  44.30)
   10   Ni  MulP 9.29 8.71 sum 18.00 diff  0.59 (  0.03  44.34)  Ml 0.05 (  0.06  45.36)  Ml+s 0.64 (  0.03  44.52)
   11   Ni  MulP 9.29 8.71 sum 18.00 diff  0.59 (  0.03  44.60)  Ml 0.05 (  0.06  45.32)  Ml+s 0.64 (  0.03  44.73)
   12   Ni  MulP 9.29 8.71 sum 18.00 diff  0.59 (  0.03  45.05)  Ml 0.05 (  0.06  44.15)  Ml+s 0.64 (  0.03  44.89)
   13   Ni  MulP 9.29 8.71 sum 18.00 diff  0.59 (  0.03  44.64)  Ml 0.05 (  0.06  46.39)  Ml+s 0.64 (  0.03  44.96)
   14   Ni  MulP 9.29 8.71 sum 18.00 diff  0.59 (  0.02  44.30)  Ml 0.05 (  0.06  45.43)  Ml+s 0.64 (  0.03  44.50)
   15   Ni  MulP 9.29 8.71 sum 18.00 diff  0.59 (  0.03  44.56)  Ml 0.05 (  0.06  45.72)  Ml+s 0.64 (  0.03  44.76)
   16   Ni  MulP 9.29 8.71 sum 18.00 diff  0.59 (  0.03  44.84)  Ml 0.05 (  0.06  43.65)  Ml+s 0.64 (  0.03  44.63)
   17   Ni  MulP 9.29 8.71 sum 18.00 diff  0.59 (  0.03  44.93)  Ml 0.05 (  0.06  45.82)  Ml+s 0.64 (  0.03  45.09)
   18   Ni  MulP 9.29 8.71 sum 18.00 diff  0.59 (  0.03  44.94)  Ml 0.05 (  0.06  46.34)  Ml+s 0.64 (  0.03  45.20)
   19   Ni  MulP 9.29 8.71 sum 18.00 diff  0.59 (  0.02  44.34)  Ml 0.05 (  0.06  42.11)  Ml+s 0.64 (  0.03  43.95)
   20   Ni  MulP 9.29 8.71 sum 18.00 diff  0.59 (  0.03  44.27)  Ml 0.05 (  0.06  43.58)  Ml+s 0.64 (  0.03  44.15)
     ..........
     ......

 Sum of MulP: up   =  3187.45509 down          =  2986.54491
              total=  6174.00000 ideal(neutral)=  6174.00000
<DFT>  Total Spin Moment    (muB) 200.910173727   Angles    0.025110631    44.689815679
<DFT>  Total Orbital Moment (muB) 17.829226101   Angles    0.060672066    44.872867508
<DFT>  Total Moment         (muB) 218.739396673   Angles    0.028009186    44.722135360
<DFT>  Mixing_weight= 0.020152997285
<DFT>  Uele   =-9092.009174513183  dUele     =   0.000003227178
<DFT>  NormRD =    0.000264281349  Criterion =   0.000005000000
<MD= 1>  Force calculation
  Force calculation #1
  Force calculation #2
  Force calculation #3
  Force calculation #4
  Force calculation #5
<MD= 1>  Total Energy
  Force calculation #6
  Force calculation #7

*******************************************************
                  Dipole moment (Debye)                 
*******************************************************

 Absolute D        0.05628442

                      Dx                Dy                Dz
 Total             -0.02957996       -0.02638449       -0.03996023
 Core          318058.73027672   318059.59485394   318058.73027672
 Electron     -318058.75985668  -318059.62123843  -318058.77023695
 Back ground       -0.00000000       -0.00000000       -0.00000000

*******************************************************
                Total Energy (Hartree) at MD = 1        
*******************************************************

  Uele  =   -9092.009174513183

  Ukin  =   28854.595805156980
  UH0   = -632065.671747394139
  UH1   =       1.334371402993
  Una   =  -24406.684172129335
  Unl   =   -6165.530842243999
  Uxc0  =   -3332.214759619167
  Uxc1  =   -3134.936289443330
  Ucore =  582718.645066256169
  Uhub  =       0.000000000000
  Ucs   =       0.000000000000
  Uzs   =       0.000000000000
  Uzo   =       0.000000000000
  Uef   =       0.000000000000
  UvdW  =       0.000000000000
  Uch   =       0.000000000000
  Utot  =  -57530.462568013827

  UpV   =       0.000000000000
  Enpy  =  -57530.462568013827
  Note:

  Uele:   band energy
  Ukin:   kinetic energy
  UH0:    electric part of screened Coulomb energy
  UH1:    difference electron-electron Coulomb energy
  Una:    neutral atom potential energy
  Unl:    non-local potential energy
  Uxc0:   exchange-correlation energy for alpha spin
  Uxc1:   exchange-correlation energy for beta spin
  Ucore:  core-core Coulomb energy
  Uhub:   LDA+U energy
  Ucs:    constraint energy for spin orientation
  Uzs:    Zeeman term for spin magnetic moment
  Uzo:    Zeeman term for orbital magnetic moment
  Uef:    electric energy by electric field
  UvdW:   semi-empirical vdW energy 
  Uch:    penalty term to create a core hole
  UpV:    pressure times volume
  Enpy:   Enthalpy = Utot + UpV
  (see also PRB 72, 045121(2005) for the energy contributions)


*******************************************************
           Computational times (s) at MD = 1            
*******************************************************

  DFT in total      = 8957.70570

  Set_OLP_Kin       =    0.35094
  Set_Nonlocal      =    3.58775
  Set_ProExpn_VNA   =    0.00000
  Set_Hamiltonian   =   63.37113
  Poisson           =    0.54799
  diagonalization   = 8815.28262
  Mixing_DM         =   12.49566
  Force             =    9.92918
  Total_Energy      =    2.31953
  Set_Aden_Grid     =    0.40737
  Set_Orbitals_Grid =    0.85030
  Set_Density_Grid  =   35.98341
  RestartFileDFT    =    1.60153
  Mulliken_Charge   =    0.55277
  FFT(2D)_Density   =    0.00000

The SCF was achieved at MD=   1

*******************************************************
             MD or geometry opt. at MD = 1              
*******************************************************


outputting data on grids to files...

Save the scfout file (.//openmx.scfout)

***********************************************************
***********************************************************
               Computational Time (second)                 
***********************************************************
***********************************************************

                               Min_ID   Min_Time       Max_ID   Max_Time
   Total Computational Time =     9     8965.809        192     8967.418
   readfile                 =    24        0.443          0        0.479
   truncation               =   228        5.033        181        5.272
   MD_pac                   =     0        0.092         72        0.138
   OutData                  =   217        0.000          0        0.061
   DFT                      =   181     8957.470        228     8957.708

*** In DFT ***

   Set_OLP_Kin              =   118        0.348        155        0.699
   Set_Nonlocal             =   155        3.240        118        3.590
   Set_ProExpn_VNA          =     0        0.000          0        0.000
   Set_Hamiltonian          =   134       63.371        171       63.375
   Poisson                  =   183        0.547        229        0.548
   Diagonalization          =     0     8815.283         13     8815.284
   Mixing_DM                =     5       12.496        244       12.496
   Force                    =   199        9.929        161        9.929
   Total_Energy             =   112        2.314          0        2.320
   Set_Aden_Grid            =    94        0.397        229        0.411
   Set_Orbitals_Grid        =   230        0.281        251        1.811
   Set_Density_Grid         =    83       35.489        165       36.072
   RestartFileDFT           =   139        0.621        188        2.276
   Mulliken_Charge          =    26        0.553        129        0.553
   FFT(2D)_Density          =     0        0.000          0        0.000
   Others                   =   251       10.176        228       11.467

The calculation was normally finished.
