***********************************************************
***********************************************************

  This calculation was performed by OpenMX Ver. 3.9.9
  using 32 MPI processes and 1 OpenMP threads.

  Sun Jun  1 17:39:49 2025

***********************************************************
***********************************************************

#
# File Name
#

System.CurrrentDirectory         ./    # default=./
System.Name                      openmx
level.of.stdout                   1    # default=1 (1-3)
level.of.fileout                  0    # default=1 (0-2)

#
# Definition of Atomic Species
#

Species.Number       1
<Definition.of.Atomic.Species
 C     C6.0-s2p2d1        C_PBE19
Definition.of.Atomic.Species>

#
# Atoms
#
Atoms.Number     98
Atoms.SpeciesAndCoordinates.Unit   Ang # Ang|AU
<Atoms.SpeciesAndCoordinates
  1   C    0.000000000000    0.000000000000    0.000000000000  2.0  2.0  off
  2   C    0.000000000000    1.420281662206    0.000000000000  2.0  2.0  off
  3   C   -1.230000000000    2.130422493310    0.000000000000  2.0  2.0  off
  4   C   -1.230000000000    3.550704155516    0.000000000000  2.0  2.0  off
  5   C   -2.460000000000    4.260844986620    0.000000000000  2.0  2.0  off
  6   C   -2.460000000000    5.681126648826    0.000000000000  2.0  2.0  off
  7   C   -3.690000000000    6.391267479930    0.000000000000  2.0  2.0  off
  8   C   -3.690000000000    7.811549142136    0.000000000000  2.0  2.0  off
  9   C   -4.920000000000    8.521689973240    0.000000000000  2.0  2.0  off
 10   C   -4.920000000000    9.941971635446    0.000000000000  2.0  2.0  off
 11   C   -6.150000000000   10.652112466550    0.000000000000  2.0  2.0  off
 12   C   -6.150000000000   12.072394128756    0.000000000000  2.0  2.0  off
 13   C   -7.380000000000   12.782534959860    0.000000000000  2.0  2.0  off
 14   C   -7.380000000000   14.202816622066    0.000000000000  2.0  2.0  off
 15   C    2.460000000000    0.000000000000    0.000000000000  2.0  2.0  off
 16   C    2.460000000000    1.420281662206    0.000000000000  2.0  2.0  off
 17   C    1.230000000000    2.130422493310    0.000000000000  2.0  2.0  off
 18   C    1.230000000000    3.550704155516    0.000000000000  2.0  2.0  off
 19   C    0.000000000000    4.260844986620    0.000000000000  2.0  2.0  off
 20   C    0.000000000000    5.681126648826    0.000000000000  2.0  2.0  off
 21   C   -1.230000000000    6.391267479930    0.000000000000  2.0  2.0  off
 22   C   -1.230000000000    7.811549142136    0.000000000000  2.0  2.0  off
 23   C   -2.460000000000    8.521689973240    0.000000000000  2.0  2.0  off
 24   C   -2.460000000000    9.941971635446    0.000000000000  2.0  2.0  off
 25   C   -3.690000000000   10.652112466550    0.000000000000  2.0  2.0  off
 26   C   -3.690000000000   12.072394128756    0.000000000000  2.0  2.0  off
 27   C   -4.920000000000   12.782534959860    0.000000000000  2.0  2.0  off
 28   C   -4.920000000000   14.202816622066    0.000000000000  2.0  2.0  off
 29   C    4.920000000000    0.000000000000    0.000000000000  2.0  2.0  off
 30   C    4.920000000000    1.420281662206    0.000000000000  2.0  2.0  off
 31   C    3.690000000000    2.130422493310    0.000000000000  2.0  2.0  off
 32   C    3.690000000000    3.550704155516    0.000000000000  2.0  2.0  off
 33   C    2.460000000000    4.260844986620    0.000000000000  2.0  2.0  off
 34   C    2.460000000000    5.681126648826    0.000000000000  2.0  2.0  off
 35   C    1.230000000000    6.391267479930    0.000000000000  2.0  2.0  off
 36   C    1.230000000000    7.811549142136    0.000000000000  2.0  2.0  off
 37   C    0.000000000000    8.521689973240    0.000000000000  2.0  2.0  off
 38   C    0.000000000000    9.941971635446    0.000000000000  2.0  2.0  off
 39   C   -1.230000000000   10.652112466550    0.000000000000  2.0  2.0  off
 40   C   -1.230000000000   12.072394128756    0.000000000000  2.0  2.0  off
 41   C   -2.460000000000   12.782534959860    0.000000000000  2.0  2.0  off
 42   C   -2.460000000000   14.202816622066    0.000000000000  2.0  2.0  off
 43   C    7.380000000000    0.000000000000    0.000000000000  2.0  2.0  off
 44   C    7.380000000000    1.420281662206    0.000000000000  2.0  2.0  off
 45   C    6.150000000000    2.130422493310    0.000000000000  2.0  2.0  off
 46   C    6.150000000000    3.550704155516    0.000000000000  2.0  2.0  off
 47   C    4.920000000000    4.260844986620    0.000000000000  2.0  2.0  off
 48   C    4.920000000000    5.681126648826    0.000000000000  2.0  2.0  off
 49   C    3.690000000000    6.401267479930    0.000000000000  2.0  2.0  off
 50   C    3.690000000000    7.811549142136    0.000000000000  2.0  2.0  off
 51   C    2.460000000000    8.521689973240    0.000000000000  2.0  2.0  off
 52   C    2.460000000000    9.941971635446    0.000000000000  2.0  2.0  off
 53   C    1.230000000000   10.652112466550    0.000000000000  2.0  2.0  off
 54   C    1.230000000000   12.072394128756    0.000000000000  2.0  2.0  off
 55   C    0.000000000000   12.782534959860    0.000000000000  2.0  2.0  off
 56   C    0.000000000000   14.202816622066    0.000000000000  2.0  2.0  off
 57   C    9.840000000000    0.000000000000    0.000000000000  2.0  2.0  off
 58   C    9.840000000000    1.420281662206    0.000000000000  2.0  2.0  off
 59   C    8.610000000000    2.130422493310    0.000000000000  2.0  2.0  off
 60   C    8.610000000000    3.550704155516    0.000000000000  2.0  2.0  off
 61   C    7.380000000000    4.260844986620    0.000000000000  2.0  2.0  off
 62   C    7.380000000000    5.681126648826    0.000000000000  2.0  2.0  off
 63   C    6.150000000000    6.391267479930    0.000000000000  2.0  2.0  off
 64   C    6.150000000000    7.811549142136    0.000000000000  2.0  2.0  off
 65   C    4.920000000000    8.521689973240    0.000000000000  2.0  2.0  off
 66   C    4.920000000000    9.941971635446    0.000000000000  2.0  2.0  off
 67   C    3.690000000000   10.652112466550    0.000000000000  2.0  2.0  off
 68   C    3.690000000000   12.072394128756    0.000000000000  2.0  2.0  off
 69   C    2.460000000000   12.782534959860    0.000000000000  2.0  2.0  off
 70   C    2.460000000000   14.202816622066    0.000000000000  2.0  2.0  off
 71   C   12.300000000000    0.000000000000    0.000000000000  2.0  2.0  off
 72   C   12.300000000000    1.420281662206    0.000000000000  2.0  2.0  off
 73   C   11.070000000000    2.130422493310    0.000000000000  2.0  2.0  off
 74   C   11.070000000000    3.550704155516    0.000000000000  2.0  2.0  off
 75   C    9.840000000000    4.260844986620    0.000000000000  2.0  2.0  off
 76   C    9.840000000000    5.681126648826    0.000000000000  2.0  2.0  off
 77   C    8.610000000000    6.391267479930    0.000000000000  2.0  2.0  off
 78   C    8.610000000000    7.811549142136    0.000000000000  2.0  2.0  off
 79   C    7.380000000000    8.521689973240    0.000000000000  2.0  2.0  off
 80   C    7.380000000000    9.941971635446    0.000000000000  2.0  2.0  off
 81   C    6.150000000000   10.652112466550    0.000000000000  2.0  2.0  off
 82   C    6.150000000000   12.072394128756    0.000000000000  2.0  2.0  off
 83   C    4.920000000000   12.782534959860    0.000000000000  2.0  2.0  off
 84   C    4.920000000000   14.202816622066    0.000000000000  2.0  2.0  off
 85   C   14.760000000000    0.000000000000    0.000000000000  2.0  2.0  off
 86   C   14.760000000000    1.420281662206    0.000000000000  2.0  2.0  off
 87   C   13.530000000000    2.130422493310    0.000000000000  2.0  2.0  off
 88   C   13.530000000000    3.550704155516    0.000000000000  2.0  2.0  off
 89   C   12.300000000000    4.260844986620    0.000000000000  2.0  2.0  off
 90   C   12.300000000000    5.681126648826    0.000000000000  2.0  2.0  off
 91   C   11.070000000000    6.391267479930    0.000000000000  2.0  2.0  off
 92   C   11.070000000000    7.811549142136    0.000000000000  2.0  2.0  off
 93   C    9.840000000000    8.521689973240    0.000000000000  2.0  2.0  off
 94   C    9.840000000000    9.941971635446    0.000000000000  2.0  2.0  off
 95   C    8.610000000000   10.652112466550    0.000000000000  2.0  2.0  off
 96   C    8.610000000000   12.072394128756    0.000000000000  2.0  2.0  off
 97   C    7.380000000000   12.782534959860    0.000000000000  2.0  2.0  off
 98   C    7.380000000000   14.202816622066    0.000000000000  2.0  2.0  off
Atoms.SpeciesAndCoordinates>
Atoms.UnitVectors.Unit             Ang # Ang|AU
<Atoms.UnitVectors
   17.220000000000    0.000000000000    0.000000000000
   -8.610000000000   14.912957453170    0.000000000000
    0.000000000000    0.000000000000   12.000000000000
Atoms.UnitVectors>
#
# SCF or Electronic System
#

scf.XcType                 GGA-PBE     # LDA|LSDA-CA|LSDA-PW|GGA-PBE
scf.SpinPolarization        off        # On|Off|NC
scf.ElectronicTemperature  300.0       # default=300 (K)
scf.energycutoff           250.0       # default=150 (Ry)
scf.maxIter                1000        # default=40
scf.EigenvalueSolver       Cluster        # DC|Cluster|Band
scf.Kgrid                  1 1 1       # means n1 x n2 x n3
scf.Mixing.Type           rmm-diis    # Simple|Rmm-Diis|Gr-Pulay|Kerker|Rmm-Diisk
scf.Init.Mixing.Weight     0.30        # default=0.30
scf.Min.Mixing.Weight      0.001       # default=0.001
scf.Max.Mixing.Weight      0.400       # default=0.40
scf.Mixing.History          20         # default=5
scf.Mixing.StartPulay       10         # default=6
scf.criterion             1.0e-9      # default=1.0e-6 (Hartree)
scf.partialCoreCorrection   ON

## 1DFFT ##
1DFFT.NumGridK                    900
1DFFT.NumGridR                    900
1DFFT.EnergyCutoff                3600.0

## Others ##
scf.ProExpn.VNA                   Off

# DFT+U
#scf.Hubbard.U             on
#scf.DFTU.Type             1             # 1:Simplified(Dudarev)|2:General, default=1
#scf.Hubbard.Occupation      dual        # onsite|full|dual
#<Hubbard.U.values                       # eV
#  He  1s 0.0 2s 0.0 1p 0.0
#  Li  1s 0.0 2s 0.0 1p 0.0
#  Ti  1s 0.0 2s 0.0 3s 0.0 1p 0.0 2p 0.0 1d 4.1
#  O   1s 0.0 2s 0.0 1p 0.0 2p 0.0 1d 0.0
#  H   1s 0.0 2s 0.0 1p 0.0
#  C   1s 0.0 2s 0.0 1p 0.0 2p 0.0 1d 0.0
#Hubbard.U.values>

#<Hund.J.values                       # eV
#H0  1s 0.0 2s 0.0 1p 0.0
#H1  1s 0.0 2s 0.0 1p 0.0
#Ti  1s 0.0 2s 0.0 3s 0.0 1p 0.0 2p 0.0 1d 0.0
#O   1s 0.0 2s 0.0 1p 0.0 2p 0.0 1d 0.0
#H   1s 0.0 2s 0.0 1p 0.0
#C   1s 0.0 2s 0.0 1p 0.0 2p 0.0 1d 0.0
#Hund.J.values>

# Output of molecular orbitals
#MO.fileout   ON
#<MO.kpoint
#  0.0 0.0 0.0
#MO.kpoint>

#Dos.fileout  on
#Dos.Erange  -10.0 10.0
#Dos.Kgrid   1 1 1

#Band.dispersion             on        # on|off, default=off
#Band.Nkpath                  3
#<Band.kpath
#100   0.0000000000   0.0000000000   0.0000000000     0.3333333333   0.6666666666   0.0000000000 Γ K
#100   0.3333333333   0.6666666666   0.0000000000     0.5000000000   0.5000000000   0.0000000000 K M
#100   0.5000000000   0.5000000000   0.0000000000     0.0000000000   0.0000000000   0.0000000000 M Γ
#Band.kpath>
#120   0.0000000000   0.0000000000   0.0000000000     0.3333333333   0.3333333333   0.0000000000 Γ K
##80   0.3333333333   0.3333333333   0.0000000000     0.5000000000   0.0000000000   0.0000000000 K M
##120   0.5000000000   0.0000000000   0.0000000000     0.0000000000   0.0000000000   0.0000000000 M Γ

# VDW DFT-D2
#scf.dftD            on         # on|off, default=off
#DFTD.Unit           Ang        # Ang|AU
#DFTD.rcut_dftD      50.0       # default=100 (DFTD.Unit)
#DFTD.d              20.0       # default=20
#DFTD.scale6         0.75       # default=0.75
#DFTD.IntDirection   1 1 1      # default=1 1 1 (1:on 0:off)

#
# MD or Geometry Optimization
#

#<MD.Fixed.Cell.Vectors
# 0 0 0
# 0 0 0
# 1 1 1
#MD.Fixed.Cell.Vectors>

MD.Type                     nomd #OptC2       # Nomd|Opt|NVE|NVT_VS|NVT_NH
                                     # Constraint_Opt|DIIS
#MD.maxIter                    500        # default=1
#MD.TimeStep                 1.0        # default=0.5 (fs)
#MD.Opt.criterion         1.0e-6        # default=1.0e-4 (Hartree/Bohr)

DATA.PATH     /home/huangdq_group/tuyouyou/data/opt/openmx3.9-amd/DFT_DATA19
HS.fileout    On
scf.fixed.grid    -1.104072408827   -0.570337923238  -11.237120610657


***********************************************************
***********************************************************

  Required cutoff energy (Ryd) for 3D-grids = 250.0000
      Used cutoff energy (Ryd) for 3D-grids = 243.5738, 243.5738, 240.7552
  Num. of grids of a-, b-, and c-axes = 140, 140, 112

  Num.Grid1.   140
  Num.Grid2.   140
  Num.Grid3.   112


  Cell_Volume =  20795.754379419846 (Bohr^3)
  GridVol     =      0.009473284612 (Bohr^3)
  Cell vectors (bohr) of the grid cell (gtv)
    gtv_a =  0.232436296595,  0.000000000000,  0.000000000000
    gtv_b = -0.116218148298,  0.201295737613,  0.000000000000
    gtv_c =  0.000000000000,  0.000000000000,  0.202470641633
    |gtv_a| =  0.232436296595
    |gtv_b| =  0.232436296595
    |gtv_c| =  0.202470641633

***********************************************************
***********************************************************


***********************************************************
***********************************************************
                  SCF history at MD= 1                    
***********************************************************
***********************************************************

   SCF=   1  NormRD=  1.000000000000  Uele= -159.188916130007
   SCF=   2  NormRD=  0.507128392880  Uele= -175.798545948492
   SCF=   3  NormRD=  0.192020415829  Uele= -182.202582721014
   SCF=   4  NormRD=  0.071740251960  Uele= -184.643547827140
   SCF=   5  NormRD=  0.025696661489  Uele= -185.539193362178
   SCF=   6  NormRD=  0.104835984055  Uele= -186.298669344345
   SCF=   7  NormRD=  0.117516531171  Uele= -186.856994367547
   SCF=   8  NormRD=  0.115948692135  Uele= -186.842730791086
   SCF=   9  NormRD=  0.057725959835  Uele= -186.312514257182
   SCF=  10  NormRD=  0.027947981418  Uele= -186.063652417170
   SCF=  11  NormRD=  0.014004526605  Uele= -185.960787635865
   SCF=  12  NormRD=  0.005064518232  Uele= -185.893518884692
   SCF=  13  NormRD=  0.001837839731  Uele= -185.898189303197
   SCF=  14  NormRD=  0.000392759744  Uele= -185.888743359890
   SCF=  15  NormRD=  0.000022312848  Uele= -185.888708816586
   SCF=  16  NormRD=  0.000017819732  Uele= -185.888873455425
   SCF=  17  NormRD=  0.000001706244  Uele= -185.888879857973
   SCF=  18  NormRD=  0.000001627311  Uele= -185.888882601879
   SCF=  19  NormRD=  0.000000527715  Uele= -185.888884784240
   SCF=  20  NormRD=  0.000000047482  Uele= -185.888884849375
   SCF=  21  NormRD=  0.000000036274  Uele= -185.888884844458
   SCF=  22  NormRD=  0.000000032299  Uele= -185.888884839689
   SCF=  23  NormRD=  0.000000027953  Uele= -185.888884839377

*******************************************************
        Total energy (Hartree) at MD = 1        
*******************************************************

  Uele.       -185.888884839377

  Ukin.        409.923064950178
  UH0.       -5638.648180918008
  UH1.           1.331779359461
  Una.        -288.504285694442
  Unl.         -52.634618003056
  Uxc0.        -95.138616765061
  Uxc1.        -95.138616765061
  Ucore.      5186.233491590909
  Uhub.          0.000000000000
  Ucs.           0.000000000000
  Uzs.           0.000000000000
  Uzo.           0.000000000000
  Uef.           0.000000000000
  UvdW.          0.000000000000
  Uch.           0.000000000000
  Utot.       -572.575982245080

  UpV.           0.000000000000
  Enpy.       -572.575982245080
  Note:

  Utot = Ukin+UH0+UH1+Una+Unl+Uxc0+Uxc1+Ucore+Uhub+Ucs+Uzs+Uzo+Uef+UvdW+Uch

  Uele:   band energy
  Ukin:   kinetic energy
  UH0:    electric part of screened Coulomb energy
  UH1:    difference electron-electron Coulomb energy
  Una:    neutral atom potential energy
  Unl:    non-local potential energy
  Uxc0:   exchange-correlation energy for alpha spin
  Uxc1:   exchange-correlation energy for beta spin
  Ucore:  core-core Coulomb energy
  Uhub:   LDA+U energy
  Ucs:    constraint energy for spin orientation
  Uzs:    Zeeman term for spin magnetic moment
  Uzo:    Zeeman term for orbital magnetic moment
  Uef:    electric energy by electric field
  UvdW:   semi-empirical vdW energy
  Uch:    penalty term to create a core hole

  UpV:    pressure times volume
  Enpy:   Enthalpy = Utot + UpV
  (see also PRB 72, 045121(2005) for the energy contributions)



  Chemical potential (Hartree)      -0.137200025646

***********************************************************
***********************************************************
            Eigenvalues (Hartree) for SCF KS-eq.           
***********************************************************
***********************************************************

   Chemical Potential (Hartree) =  -0.13720002564583
   Number of States             = 392.00000000000000
   HOMO = 196
   Eigenvalues
                Up-spin            Down-spin
          1  -0.85629606067963  -0.85629606067963
          2  -0.83867481386304  -0.83867481386304
          3  -0.83858811502598  -0.83858811502598
          4  -0.83858532275721  -0.83858532275721
          5  -0.83858235330724  -0.83858235330724
          6  -0.83857245203021  -0.83857245203021
          7  -0.83851253700378  -0.83851253700378
          8  -0.80355389850213  -0.80355389850213
          9  -0.80342087544424  -0.80342087544424
         10  -0.80342012191879  -0.80342012191879
         11  -0.80341905167738  -0.80341905167738
         12  -0.80339862113599  -0.80339862113599
         13  -0.80330390293539  -0.80330390293539
         14  -0.78611464325245  -0.78611464325245
         15  -0.78597796307592  -0.78597796307592
         16  -0.78597282675527  -0.78597282675527
         17  -0.78596430784221  -0.78596430784221
         18  -0.78595029092475  -0.78595029092475
         19  -0.78584647174806  -0.78584647174806
         20  -0.73496685306459  -0.73496685306459
         21  -0.73466150303674  -0.73466150303674
         22  -0.73464505282465  -0.73464505282465
         23  -0.73464403540739  -0.73464403540739
         24  -0.73464135000620  -0.73464135000620
         25  -0.73464035829968  -0.73464035829968
         26  -0.73463832939712  -0.73463832939712
         27  -0.73463569890593  -0.73463569890593
         28  -0.73463327596242  -0.73463327596242
         29  -0.73463066495586  -0.73463066495586
         30  -0.73456114627841  -0.73456114627841
         31  -0.73437729196472  -0.73437729196472
         32  -0.70173724837329  -0.70173724837329
         33  -0.70158690277333  -0.70158690277333
         34  -0.70157356204314  -0.70157356204314
         35  -0.70155949465056  -0.70155949465056
         36  -0.70151762185082  -0.70151762185082
         37  -0.70144588879140  -0.70144588879140
         38  -0.65432143603769  -0.65432143603769
         39  -0.65414631994721  -0.65414631994721
         40  -0.65413526706241  -0.65413526706241
         41  -0.65413312009519  -0.65413312009519
         42  -0.65406764897143  -0.65406764897143
         43  -0.65402627274877  -0.65402627274877
         44  -0.65154193227730  -0.65154193227730
         45  -0.65139402256409  -0.65139402256409
         46  -0.65137473689364  -0.65137473689364
         47  -0.65136590634602  -0.65136590634602
         48  -0.65129467734412  -0.65129467734412
         49  -0.65128350870797  -0.65128350870797
         50  -0.61442178284239  -0.61442178284239
         51  -0.61429571663580  -0.61429571663580
         52  -0.61428070253357  -0.61428070253357
         53  -0.61425999645537  -0.61425999645537
         54  -0.61424107105408  -0.61424107105408
         55  -0.61413702771790  -0.61413702771790
         56  -0.58013520615967  -0.58013520615967
         57  -0.58001175362834  -0.58001175362834
         58  -0.57998257968421  -0.57998257968421
         59  -0.57997335130675  -0.57997335130675
         60  -0.57989182090610  -0.57989182090610
         61  -0.57986561739201  -0.57986561739201
         62  -0.56122367823337  -0.56122367823337
         63  -0.56104821401143  -0.56104821401143
         64  -0.56104303915960  -0.56104303915960
         65  -0.56103528502080  -0.56103528502080
         66  -0.56096503258384  -0.56096503258384
         67  -0.56092918731874  -0.56092918731874
         68  -0.50901841476756  -0.50901841476756
         69  -0.50873222862008  -0.50873222862008
         70  -0.50868245562663  -0.50868245562663
         71  -0.50867673424687  -0.50867673424687
         72  -0.50867566638764  -0.50867566638764
         73  -0.50867175357738  -0.50867175357738
         74  -0.50866934340311  -0.50866934340311
         75  -0.50866671055770  -0.50866671055770
         76  -0.50866467357861  -0.50866467357861
         77  -0.50866431172054  -0.50866431172054
         78  -0.50852489440538  -0.50852489440538
         79  -0.50841892535877  -0.50841892535877
         80  -0.50180262577534  -0.50180262577534
         81  -0.50179862404860  -0.50179862404860
         82  -0.50173980789474  -0.50173980789474
         83  -0.50173593593636  -0.50173593593636
         84  -0.50168047202710  -0.50168047202710
         85  -0.50165498041154  -0.50165498041154
         86  -0.44629494681664  -0.44629494681664
         87  -0.44614712923317  -0.44614712923317
         88  -0.44611371177863  -0.44611371177863
         89  -0.44610587744746  -0.44610587744746
         90  -0.44604636124458  -0.44604636124458
         91  -0.44594388147264  -0.44594388147264
         92  -0.42604722992840  -0.42604722992840
         93  -0.42595782615060  -0.42595782615060
         94  -0.42592573802552  -0.42592573802552
         95  -0.42592305612323  -0.42592305612323
         96  -0.42588804066088  -0.42588804066088
         97  -0.42581314112020  -0.42581314112020
         98  -0.41706411336528  -0.41706411336528
         99  -0.40719707559333  -0.40719707559333
        100  -0.40700362413955  -0.40700362413955
        101  -0.40691436783435  -0.40691436783435
        102  -0.40691238189725  -0.40691238189725
        103  -0.40690910011255  -0.40690910011255
        104  -0.40690830420716  -0.40690830420716
        105  -0.40690683430336  -0.40690683430336
        106  -0.40690344602089  -0.40690344602089
        107  -0.40690144853017  -0.40690144853017
        108  -0.40689722241068  -0.40689722241068
        109  -0.40680857733437  -0.40680857733437
        110  -0.40662767012108  -0.40662767012108
        111  -0.39613283108217  -0.39613283108217
        112  -0.39606108930525  -0.39606108930525
        113  -0.39605871194321  -0.39605871194321
        114  -0.39605598375075  -0.39605598375075
        115  -0.39604649674823  -0.39604649674823
        116  -0.39599922041934  -0.39599922041934
        117  -0.39170137859979  -0.39170137859979
        118  -0.39151342205020  -0.39151342205020
        119  -0.39148653288760  -0.39148653288760
        120  -0.39148193572070  -0.39148193572070
        121  -0.39144936675908  -0.39144936675908
        122  -0.39127080123006  -0.39127080123006
        123  -0.37027859290204  -0.37027859290204
        124  -0.37014151828854  -0.37014151828854
        125  -0.37013008429379  -0.37013008429379
        126  -0.37012619447086  -0.37012619447086
        127  -0.37012163160447  -0.37012163160447
        128  -0.36997699421973  -0.36997699421973
        129  -0.35496710212731  -0.35496710212731
        130  -0.35485691116443  -0.35485691116443
        131  -0.35485639009838  -0.35485639009838
        132  -0.35485403906375  -0.35485403906375
        133  -0.35483899081004  -0.35483899081004
        134  -0.35476026322255  -0.35476026322255
        135  -0.34754049034259  -0.34754049034259
        136  -0.34739335683568  -0.34739335683568
        137  -0.34733278326501  -0.34733278326501
        138  -0.34733155879475  -0.34733155879475
        139  -0.34727007199841  -0.34727007199841
        140  -0.34712476481169  -0.34712476481169
        141  -0.33699442340373  -0.33699442340373
        142  -0.33682196083385  -0.33682196083385
        143  -0.33679012030710  -0.33679012030710
        144  -0.33678606850538  -0.33678606850538
        145  -0.33676330813318  -0.33676330813318
        146  -0.33657405354986  -0.33657405354986
        147  -0.33507552770886  -0.33507552770886
        148  -0.33496053391486  -0.33496053391486
        149  -0.33495615391085  -0.33495615391085
        150  -0.33494918503311  -0.33494918503311
        151  -0.33494118379182  -0.33494118379182
        152  -0.33485030917940  -0.33485030917940
        153  -0.31491218394893  -0.31491218394893
        154  -0.31467320484554  -0.31467320484554
        155  -0.31465286382234  -0.31465286382234
        156  -0.31464868821566  -0.31464868821566
        157  -0.31461918256977  -0.31461918256977
        158  -0.31437273776773  -0.31437273776773
        159  -0.28309981279780  -0.28309981279780
        160  -0.28283694316149  -0.28283694316149
        161  -0.28281545441608  -0.28281545441608
        162  -0.28281385346842  -0.28281385346842
        163  -0.28279541773643  -0.28279541773643
        164  -0.28251477053633  -0.28251477053633
        165  -0.27766002529080  -0.27766002529080
        166  -0.27738306001978  -0.27738306001978
        167  -0.27738057335331  -0.27738057335331
        168  -0.27737931231682  -0.27737931231682
        169  -0.27737604596136  -0.27737604596136
        170  -0.27737290462826  -0.27737290462826
        171  -0.27737181123597  -0.27737181123597
        172  -0.27736938590856  -0.27736938590856
        173  -0.27736539529838  -0.27736539529838
        174  -0.27736349139588  -0.27736349139588
        175  -0.27733103933419  -0.27733103933419
        176  -0.27713232847699  -0.27713232847699
        177  -0.25055614274880  -0.25055614274880
        178  -0.25031603187811  -0.25031603187811
        179  -0.24779416932709  -0.24779416932709
        180  -0.24765508124938  -0.24765508124938
        181  -0.24764735821855  -0.24764735821855
        182  -0.24763975295514  -0.24763975295514
        183  -0.24762633254276  -0.24762633254276
        184  -0.24752008137122  -0.24752008137122
        185  -0.20735861107956  -0.20735861107956
        186  -0.20721887338141  -0.20721887338141
        187  -0.20720284153358  -0.20720284153358
        188  -0.20719399813903  -0.20719399813903
        189  -0.20717828803525  -0.20717828803525
        190  -0.20707873963979  -0.20707873963979
        191  -0.19197603731246  -0.19197603731246
        192  -0.19181803940808  -0.19181803940808
        193  -0.19181241450879  -0.19181241450879
        194  -0.19181154138546  -0.19181154138546
        195  -0.19178538378818  -0.19178538378818
        196  -0.19167339325761  -0.19167339325761
        197  -0.08061147549914  -0.08061147549914
        198  -0.08041845320593  -0.08041845320593
        199  -0.08041554637894  -0.08041554637894
        200  -0.08040549238000  -0.08040549238000
        201  -0.08037845101554  -0.08037845101554
        202  -0.08027539188319  -0.08027539188319
        203  -0.07848998277242  -0.07848998277242
        204  -0.07831858782805  -0.07831858782805
        205  -0.07831217424903  -0.07831217424903
        206  -0.07829143162622  -0.07829143162622
        207  -0.07827500049929  -0.07827500049929
        208  -0.07811825856961  -0.07811825856961
        209  -0.04106608273202  -0.04106608273202
        210  -0.04088189898157  -0.04088189898157
        211  -0.04087896140319  -0.04087896140319
        212  -0.04086540940252  -0.04086540940252
        213  -0.04083849391221  -0.04083849391221
        214  -0.04069650007422  -0.04069650007422
        215   0.01359737562533   0.01359737562533
        216   0.01395959778689   0.01395959778689
        217   0.01396228109821   0.01396228109821
        218   0.01396585123361   0.01396585123361
        219   0.01396999942580   0.01396999942580
        220   0.01397107257761   0.01397107257761
        221   0.01397747850695   0.01397747850695
        222   0.01397970868975   0.01397970868975
        223   0.01398422767286   0.01398422767286
        224   0.01398553997546   0.01398553997546
        225   0.01404911351002   0.01404911351002
        226   0.01428830125977   0.01428830125977
        227   0.10056065035429   0.10056065035429
        228   0.10073652475234   0.10073652475234
        229   0.10074240556561   0.10074240556561
        230   0.10074685314187   0.10074685314187
        231   0.10078322205532   0.10078322205532
        232   0.10089667321675   0.10089667321675
        233   0.14484440596992   0.14484440596992
        234   0.14500656898398   0.14500656898398
        235   0.14501219344531   0.14501219344531
        236   0.14501647190324   0.14501647190324
        237   0.14505130068825   0.14505130068825
        238   0.14514781037375   0.14514781037375
        239   0.14833166446833   0.14833166446833
        240   0.14851435505403   0.14851435505403
        241   0.14855106773305   0.14855106773305
        242   0.14855746058011   0.14855746058011
        243   0.14856426958702   0.14856426958702
        244   0.14876965865039   0.14876965865039
        245   0.16083454225455   0.16083454225455
        246   0.16104363260437   0.16104363260437
        247   0.16110493797874   0.16110493797874
        248   0.16112909781560   0.16112909781560
        249   0.16114223524869   0.16114223524869
        250   0.16140266567053   0.16140266567053
        251   0.17125733384440   0.17125733384440
        252   0.17160223890143   0.17160223890143
        253   0.17447048534084   0.17447048534084
        254   0.17478173053775   0.17478173053775
        255   0.17482932375156   0.17482932375156
        256   0.17484739713749   0.17484739713749
        257   0.17486434711827   0.17486434711827
        258   0.17525123980143   0.17525123980143
        259   0.21550845250857   0.21550845250857
        260   0.21572135777959   0.21572135777959
        261   0.21587466547804   0.21587466547804
        262   0.21590309356768   0.21590309356768
        263   0.21600537015294   0.21600537015294
        264   0.21613745698351   0.21613745698351
        265   0.21676876495251   0.21676876495251
        266   0.21680831164437   0.21680831164437
        267   0.21692719948529   0.21692719948529
        268   0.21694682493877   0.21694682493877
        269   0.21699188162449   0.21699188162449
        270   0.21723359022107   0.21723359022107
        271   0.22334341156909   0.22334341156909
        272   0.22349380351093   0.22349380351093
        273   0.22375497493815   0.22375497493815
        274   0.22376532608603   0.22376532608603
        275   0.22377147158893   0.22377147158893
        276   0.22377204092510   0.22377204092510
        277   0.22377352666187   0.22377352666187
        278   0.22377752986554   0.22377752986554
        279   0.22378582722563   0.22378582722563
        280   0.22382324453402   0.22382324453402
        281   0.22392443133748   0.22392443133748
        282   0.22435655280305   0.22435655280305
        283   0.23707685594114   0.23707685594114
        284   0.23719360358818   0.23719360358818
        285   0.23719608217765   0.23719608217765
        286   0.23719880429339   0.23719880429339
        287   0.23722400130499   0.23722400130499
        288   0.23729412852373   0.23729412852373
        289   0.24297212688217   0.24297212688217
        290   0.24334695214097   0.24334695214097
        291   0.24337929497486   0.24337929497486
        292   0.24338768183435   0.24338768183435
        293   0.24344335749252   0.24344335749252
        294   0.24383582860336   0.24383582860336
        295   0.28134236951903   0.28134236951903
        296   0.28155825302694   0.28155825302694
        297   0.28160954553294   0.28160954553294
        298   0.28167091045766   0.28167091045766
        299   0.28167423515231   0.28167423515231
        300   0.28203472744643   0.28203472744643
        301   0.28881330067556   0.28881330067556
        302   0.29549239842726   0.29549239842726
        303   0.29597300836935   0.29597300836935
        304   0.29602300078686   0.29602300078686
        305   0.29602774205085   0.29602774205085
        306   0.29603909829841   0.29603909829841
        307   0.29606048063617   0.29606048063617
        308   0.29607137739495   0.29607137739495
        309   0.33705740180891   0.33705740180891
        310   0.34054480417303   0.34054480417303
        311   0.34063238412224   0.34063238412224
        312   0.34064555900575   0.34064555900575
        313   0.34065923752953   0.34065923752953
        314   0.34068913591851   0.34068913591851
        315   0.34070819293530   0.34070819293530
        316   0.34374326968357   0.34374326968357
        317   0.35700078244401   0.35700078244401
        318   0.35703575072028   0.35703575072028
        319   0.35703730462818   0.35703730462818
        320   0.35703988782038   0.35703988782038
        321   0.35705071411886   0.35705071411886
        322   0.35705927993955   0.35705927993955
        323   0.36128415880726   0.36128415880726
        324   0.36138731032994   0.36138731032994
        325   0.36139825843046   0.36139825843046
        326   0.36141668240179   0.36141668240179
        327   0.36145435308779   0.36145435308779
        328   0.36146366277648   0.36146366277648
        329   0.36224684327340   0.36224684327340
        330   0.36228099672516   0.36228099672516
        331   0.36245721617460   0.36245721617460
        332   0.36247561047315   0.36247561047315
        333   0.36248579993128   0.36248579993128
        334   0.36278211187282   0.36278211187282
        335   0.36455607397643   0.36455607397643
        336   0.36460691979854   0.36460691979854
        337   0.36478242695147   0.36478242695147
        338   0.36483237758649   0.36483237758649
        339   0.36493131007559   0.36493131007559
        340   0.36506883438889   0.36506883438889
        341   0.37161549943869   0.37161549943869
        342   0.37183389137227   0.37183389137227
        343   0.37185185087676   0.37185185087676
        344   0.37185897031296   0.37185897031296
        345   0.37189116540594   0.37189116540594
        346   0.37206222000474   0.37206222000474
        347   0.38370586855101   0.38370586855101
        348   0.38375375368591   0.38375375368591
        349   0.38375614965027   0.38375614965027
        350   0.38375859863487   0.38375859863487
        351   0.38377540237860   0.38377540237860
        352   0.38379174919227   0.38379174919227
        353   0.38552040736938   0.38552040736938
        354   0.38556996528863   0.38556996528863
        355   0.38589362321073   0.38589362321073
        356   0.38590120857833   0.38590120857833
        357   0.38590873805013   0.38590873805013
        358   0.38591295296084   0.38591295296084
        359   0.38591876471503   0.38591876471503
        360   0.38593110312392   0.38593110312392
        361   0.38593583990493   0.38593583990493
        362   0.38595311882977   0.38595311882977
        363   0.38602496940788   0.38602496940788
        364   0.38655172534481   0.38655172534481
        365   0.40250858817267   0.40250858817267
        366   0.40254853609885   0.40254853609885
        367   0.40255208152632   0.40255208152632
        368   0.40255825273880   0.40255825273880
        369   0.40257104074013   0.40257104074013
        370   0.40257858573602   0.40257858573602
        371   0.40771175376436   0.40771175376436
        372   0.40802851784557   0.40802851784557
        373   0.40809559071464   0.40809559071464
        374   0.40809982568297   0.40809982568297
        375   0.40818607292086   0.40818607292086
        376   0.40850920013415   0.40850920013415
        377   0.43864162498845   0.43864162498845
        378   0.43888231592903   0.43888231592903
        379   0.43889520474950   0.43889520474950
        380   0.43892187839371   0.43892187839371
        381   0.43892887447194   0.43892887447194
        382   0.43892938494043   0.43892938494043
        383   0.43893068400594   0.43893068400594
        384   0.43893594024226   0.43893594024226
        385   0.43894417047466   0.43894417047466
        386   0.43898153101984   0.43898153101984
        387   0.43905052880533   0.43905052880533
        388   0.43909304190512   0.43909304190512
        389   0.44408554392918   0.44408554392918
        390   0.44417512192429   0.44417512192429
        391   0.44421533874565   0.44421533874565
        392   0.44421993729312   0.44421993729312
        393   0.44422157932854   0.44422157932854
        394   0.44422322506687   0.44422322506687
        395   0.44422527032304   0.44422527032304
        396   0.44422646595536   0.44422646595536
        397   0.44422751993891   0.44422751993891
        398   0.44424633485919   0.44424633485919
        399   0.44427201091230   0.44427201091230
        400   0.44434268585440   0.44434268585440
        401   0.45688682662858   0.45688682662858
        402   0.45695990434058   0.45695990434058
        403   0.45704816034525   0.45704816034525
        404   0.45706005184373   0.45706005184373
        405   0.45707604156232   0.45707604156232
        406   0.45727741931472   0.45727741931472
        407   0.46292814772391   0.46292814772391
        408   0.46325313871795   0.46325313871795
        409   0.46329517398986   0.46329517398986
        410   0.46333768940083   0.46333768940083
        411   0.46340548046598   0.46340548046598
        412   0.46357453038409   0.46357453038409
        413   0.46606885618653   0.46606885618653
        414   0.46619176671560   0.46619176671560
        415   0.46619707636455   0.46619707636455
        416   0.46623539212469   0.46623539212469
        417   0.46625752266767   0.46625752266767
        418   0.46631226731280   0.46631226731280
        419   0.46874074316739   0.46874074316739
        420   0.46887030454906   0.46887030454906
        421   0.46901348615132   0.46901348615132
        422   0.46904424996652   0.46904424996652
        423   0.46911816670176   0.46911816670176
        424   0.46938796149430   0.46938796149430
        425   0.47709034854041   0.47709034854041
        426   0.47726134417255   0.47726134417255
        427   0.47728822454833   0.47728822454833
        428   0.47731356366000   0.47731356366000
        429   0.47735727581048   0.47735727581048
        430   0.47746335355152   0.47746335355152
        431   0.49034250220412   0.49034250220412
        432   0.49036793504550   0.49036793504550
        433   0.49037793585844   0.49037793585844
        434   0.49038854728158   0.49038854728158
        435   0.49039950716736   0.49039950716736
        436   0.49041337165529   0.49041337165529
        437   0.50560430760289   0.50560430760289
        438   0.50580779775969   0.50580779775969
        439   0.50582339362756   0.50582339362756
        440   0.50583853929168   0.50583853929168
        441   0.50591327152815   0.50591327152815
        442   0.50597049731667   0.50597049731667
        443   0.50701102202737   0.50701102202737
        444   0.50709649248346   0.50709649248346
        445   0.50714449271006   0.50714449271006
        446   0.50715510506860   0.50715510506860
        447   0.50716561738504   0.50716561738504
        448   0.50729786812395   0.50729786812395
        449   0.51953730506000   0.51953730506000
        450   0.51956174897207   0.51956174897207
        451   0.51963955547899   0.51963955547899
        452   0.51964921738286   0.51964921738286
        453   0.51967328321446   0.51967328321446
        454   0.51968309172304   0.51968309172304
        455   0.51974674329555   0.51974674329555
        456   0.51987164250661   0.51987164250661
        457   0.51989396725136   0.51989396725136
        458   0.51994089037602   0.51994089037602
        459   0.52001873584865   0.52001873584865
        460   0.52007003734393   0.52007003734393
        461   0.57644988723507   0.57644988723507
        462   0.57676427858943   0.57676427858943
        463   0.57681780725045   0.57681780725045
        464   0.57682515058034   0.57682515058034
        465   0.57686330652324   0.57686330652324
        466   0.57717798366899   0.57717798366899
        467   0.60669648956997   0.60669648956997
        468   0.60678804130246   0.60678804130246
        469   0.60713144312425   0.60713144312425
        470   0.60713840609564   0.60713840609564
        471   0.60713915798246   0.60713915798246
        472   0.60714350759374   0.60714350759374
        473   0.60714597855281   0.60714597855281
        474   0.60715311500308   0.60715311500308
        475   0.60715416525710   0.60715416525710
        476   0.60721928037239   0.60721928037239
        477   0.60735393897356   0.60735393897356
        478   0.60772973116327   0.60772973116327
        479   0.60946799223447   0.60946799223447
        480   0.60951462392808   0.60951462392808
        481   0.60951889802904   0.60951889802904
        482   0.60952392924875   0.60952392924875
        483   0.60954303185941   0.60954303185941
        484   0.60954386329009   0.60954386329009
        485   0.65318808895465   0.65318808895465
        486   0.65321055692185   0.65321055692185
        487   0.65325367024696   0.65325367024696
        488   0.65326266158257   0.65326266158257
        489   0.65327485042581   0.65327485042581
        490   0.65338279345388   0.65338279345388
        491   0.66236737033040   0.66236737033040
        492   0.66237500437961   0.66237500437961
        493   0.66240138377227   0.66240138377227
        494   0.66242324985921   0.66242324985921
        495   0.66242650229752   0.66242650229752
        496   0.66246170747712   0.66246170747712
        497   0.66446558511146   0.66446558511146
        498   0.66469350387734   0.66469350387734
        499   0.66470603773727   0.66470603773727
        500   0.66471576500118   0.66471576500118
        501   0.66476171142328   0.66476171142328
        502   0.66502276003106   0.66502276003106
        503   0.70122127691845   0.70122127691845
        504   0.70132679725694   0.70132679725694
        505   0.70146824913878   0.70146824913878
        506   0.70147529424272   0.70147529424272
        507   0.70147744031616   0.70147744031616
        508   0.70147967643922   0.70147967643922
        509   0.70148244820268   0.70148244820268
        510   0.70149242611082   0.70149242611082
        511   0.70149533094054   0.70149533094054
        512   0.70152640350547   0.70152640350547
        513   0.70154193091132   0.70154193091132
        514   0.70181599395493   0.70181599395493
        515   0.74315542099824   0.74315542099824
        516   0.74331789232914   0.74331789232914
        517   0.74337590720603   0.74337590720603
        518   0.74338357709809   0.74338357709809
        519   0.74345368689963   0.74345368689963
        520   0.74363013852459   0.74363013852459
        521   0.77605159539984   0.77605159539984
        522   0.77610278851875   0.77610278851875
        523   0.77611019270606   0.77611019270606
        524   0.77611402736672   0.77611402736672
        525   0.77612400607606   0.77612400607606
        526   0.77613608229707   0.77613608229707
        527   0.77854976269098   0.77854976269098
        528   0.77861568897974   0.77861568897974
        529   0.77863779335141   0.77863779335141
        530   0.77864260772932   0.77864260772932
        531   0.77865199495352   0.77865199495352
        532   0.77878424601328   0.77878424601328
        533   0.79515758717964   0.79515758717964
        534   0.79516629747485   0.79516629747485
        535   0.79517828229340   0.79517828229340
        536   0.79518380890409   0.79518380890409
        537   0.79520630182660   0.79520630182660
        538   0.79522020608995   0.79522020608995
        539   0.81699068848061   0.81699068848061
        540   0.81704158990276   0.81704158990276
        541   0.81711898669672   0.81711898669672
        542   0.81712831850717   0.81712831850717
        543   0.81720701974056   0.81720701974056
        544   0.81727058814037   0.81727058814037
        545   0.82133599148133   0.82133599148133
        546   0.82140735638775   0.82140735638775
        547   0.82148650216666   0.82148650216666
        548   0.82150045064933   0.82150045064933
        549   0.82151757066133   0.82151757066133
        550   0.82171999463968   0.82171999463968
        551   0.84935891478194   0.84935891478194
        552   0.84939168656512   0.84939168656512
        553   0.84943506341923   0.84943506341923
        554   0.84943967576229   0.84943967576229
        555   0.84949037178979   0.84949037178979
        556   0.84952882444678   0.84952882444678
        557   0.86156801486791   0.86156801486791
        558   0.86173049367123   0.86173049367123
        559   0.86185575204054   0.86185575204054
        560   0.86186858300922   0.86186858300922
        561   0.86188205341080   0.86188205341080
        562   0.86225590958262   0.86225590958262
        563   0.87163156765101   0.87163156765101
        564   0.87181013426985   0.87181013426985
        565   0.87192589181379   0.87192589181379
        566   0.87193731858777   0.87193731858777
        567   0.87194274123785   0.87194274123785
        568   0.87229253688308   0.87229253688308
        569   0.87529999153923   0.87529999153923
        570   0.87542809259019   0.87542809259019
        571   0.87560650853337   0.87560650853337
        572   0.87561584423089   0.87561584423089
        573   0.87562556992638   0.87562556992638
        574   0.87563075538820   0.87563075538820
        575   0.87563549472369   0.87563549472369
        576   0.87563922300712   0.87563922300712
        577   0.87564858457128   0.87564858457128
        578   0.87567245403529   0.87567245403529
        579   0.87567441211189   0.87567441211189
        580   0.87623303673624   0.87623303673624
        581   0.89195681403558   0.89195681403558
        582   0.89204476746580   0.89204476746580
        583   0.89206209874980   0.89206209874980
        584   0.89211323561009   0.89211323561009
        585   0.89217501445184   0.89217501445184
        586   0.89235550880644   0.89235550880644
        587   0.90136355107515   0.90136355107515
        588   0.90151065717599   0.90151065717599
        589   0.90156219286160   0.90156219286160
        590   0.90158295214840   0.90158295214840
        591   0.90158842584753   0.90158842584753
        592   0.90177852114792   0.90177852114792
        593   0.90757013351913   0.90757013351913
        594   0.90776059847774   0.90776059847774
        595   0.90781465638847   0.90781465638847
        596   0.90781888175141   0.90781888175141

***********************************************************
***********************************************************
                   Mulliken populations                    
***********************************************************
***********************************************************

  Total spin moment (muB)   0.000000000

                    Up spin      Down spin     Sum           Diff
      1    C      1.999998120  1.999998120   3.999996239   0.000000000
      2    C      1.999998689  1.999998689   3.999997378   0.000000000
      3    C      2.000003410  2.000003410   4.000006819   0.000000000
      4    C      1.999996936  1.999996936   3.999993873   0.000000000
      5    C      1.999997567  1.999997567   3.999995134   0.000000000
      6    C      1.999999394  1.999999394   3.999998788   0.000000000
      7    C      2.000000868  2.000000868   4.000001735   0.000000000
      8    C      2.000001149  2.000001149   4.000002299   0.000000000
      9    C      2.000001406  2.000001406   4.000002812   0.000000000
     10    C      2.000004427  2.000004427   4.000008854   0.000000000
     11    C      2.000000613  2.000000613   4.000001225   0.000000000
     12    C      1.999997798  1.999997798   3.999995596   0.000000000
     13    C      1.999999301  1.999999301   3.999998602   0.000000000
     14    C      1.999999688  1.999999688   3.999999377   0.000000000
     15    C      2.000002028  2.000002028   4.000004055   0.000000000
     16    C      1.999996763  1.999996763   3.999993525   0.000000000
     17    C      1.999997028  1.999997028   3.999994057   0.000000000
     18    C      1.999977853  1.999977853   3.999955705   0.000000000
     19    C      1.999989235  1.999989235   3.999978469   0.000000000
     20    C      1.999984878  1.999984878   3.999969757   0.000000000
     21    C      2.000002769  2.000002769   4.000005538   0.000000000
     22    C      2.000011888  2.000011888   4.000023777   0.000000000
     23    C      2.000001315  2.000001315   4.000002631   0.000000000
     24    C      2.000001766  2.000001766   4.000003531   0.000000000
     25    C      2.000000616  2.000000616   4.000001232   0.000000000
     26    C      1.999997806  1.999997806   3.999995612   0.000000000
     27    C      1.999998770  1.999998770   3.999997541   0.000000000
     28    C      1.999996861  1.999996861   3.999993721   0.000000000
     29    C      2.000002033  2.000002033   4.000004066   0.000000000
     30    C      1.999996748  1.999996748   3.999993496   0.000000000
     31    C      1.999983007  1.999983007   3.999966014   0.000000000
     32    C      1.999978833  1.999978833   3.999957666   0.000000000
     33    C      1.999824722  1.999824722   3.999649444   0.000000000
     34    C      2.000835801  2.000835801   4.001671602   0.000000000
     35    C      1.999762991  1.999762991   3.999525981   0.000000000
     36    C      2.000020124  2.000020124   4.000040249   0.000000000
     37    C      1.999992142  1.999992142   3.999984285   0.000000000
     38    C      1.999991308  1.999991308   3.999982617   0.000000000
     39    C      1.999996729  1.999996729   3.999993458   0.000000000
     40    C      1.999999158  1.999999158   3.999998316   0.000000000
     41    C      1.999999304  1.999999304   3.999998608   0.000000000
     42    C      1.999999689  1.999999689   3.999999378   0.000000000
     43    C      1.999998101  1.999998101   3.999996202   0.000000000
     44    C      1.999998647  1.999998647   3.999997293   0.000000000
     45    C      1.999996756  1.999996756   3.999993513   0.000000000
     46    C      1.999977053  1.999977053   3.999954107   0.000000000
     47    C      1.999824041  1.999824041   3.999648083   0.000000000
     48    C      2.000838116  2.000838116   4.001676233   0.000000000
     49    C      1.999970146  1.999970146   3.999940293   0.000000000
     50    C      1.998343360  1.998343360   3.996686719   0.000000000
     51    C      2.000441491  2.000441491   4.000882983   0.000000000
     52    C      2.000031514  2.000031514   4.000063029   0.000000000
     53    C      1.999998116  1.999998116   3.999996232   0.000000000
     54    C      2.000002040  2.000002040   4.000004080   0.000000000
     55    C      2.000000968  2.000000968   4.000001935   0.000000000
     56    C      1.999998950  1.999998950   3.999997900   0.000000000
     57    C      1.999999808  1.999999808   3.999999617   0.000000000
     58    C      1.999999414  1.999999414   3.999998829   0.000000000
     59    C      2.000003436  2.000003436   4.000006872   0.000000000
     60    C      1.999996736  1.999996736   3.999993471   0.000000000
     61    C      1.999987480  1.999987480   3.999974959   0.000000000
     62    C      1.999987463  1.999987463   3.999974927   0.000000000
     63    C      1.999747591  1.999747591   3.999495181   0.000000000
     64    C      2.000007217  2.000007217   4.000014434   0.000000000
     65    C      2.000427963  2.000427963   4.000855927   0.000000000
     66    C      2.000036015  2.000036015   4.000072029   0.000000000
     67    C      2.000021471  2.000021471   4.000042942   0.000000000
     68    C      2.000005886  2.000005886   4.000011772   0.000000000
     69    C      1.999998978  1.999998978   3.999997957   0.000000000
     70    C      2.000000949  2.000000949   4.000001897   0.000000000
     71    C      1.999997909  1.999997909   3.999995819   0.000000000
     72    C      2.000000000  2.000000000   4.000000001   0.000000000
     73    C      2.000001049  2.000001049   4.000002099   0.000000000
     74    C      1.999999650  1.999999650   3.999999301   0.000000000
     75    C      1.999997585  1.999997585   3.999995170   0.000000000
     76    C      1.999999421  1.999999421   3.999998843   0.000000000
     77    C      2.000003866  2.000003866   4.000007732   0.000000000
     78    C      2.000012020  2.000012020   4.000024040   0.000000000
     79    C      2.000010953  2.000010953   4.000021907   0.000000000
     80    C      1.999991538  1.999991538   3.999983077   0.000000000
     81    C      1.999999692  1.999999692   3.999999383   0.000000000
     82    C      2.000002018  2.000002018   4.000004035   0.000000000
     83    C      1.999998992  1.999998992   3.999997985   0.000000000
     84    C      2.000000945  2.000000945   4.000001889   0.000000000
     85    C      1.999999806  1.999999806   3.999999612   0.000000000
     86    C      1.999999415  1.999999415   3.999998830   0.000000000
     87    C      2.000001048  2.000001048   4.000002096   0.000000000
     88    C      1.999999651  1.999999651   3.999999301   0.000000000
     89    C      2.000000399  2.000000399   4.000000798   0.000000000
     90    C      2.000002102  2.000002102   4.000004204   0.000000000
     91    C      2.000000890  2.000000890   4.000001780   0.000000000
     92    C      2.000001144  2.000001144   4.000002288   0.000000000
     93    C      2.000001285  2.000001285   4.000002571   0.000000000
     94    C      2.000001614  2.000001614   4.000003228   0.000000000
     95    C      1.999996668  1.999996668   3.999993336   0.000000000
     96    C      1.999999154  1.999999154   3.999998309   0.000000000
     97    C      2.000000992  2.000000992   4.000001984   0.000000000
     98    C      1.999998954  1.999998954   3.999997908   0.000000000

 Sum of MulP: up   =   196.00000 down          =   196.00000
              total=   392.00000 ideal(neutral)=   392.00000


  Decomposed Mulliken populations

    1    C          Up spin      Down spin     Sum           Diff
            multiple
  s           0    0.544030160  0.544030160   1.088060320   0.000000000
   sum over m      0.544030160  0.544030160   1.088060320   0.000000000
  s           1    0.014838168  0.014838168   0.029676336   0.000000000
   sum over m      0.014838168  0.014838168   0.029676336   0.000000000
   sum over m+mul  0.558868328  0.558868328   1.117736656   0.000000000
  px          0    0.420487259  0.420487259   0.840974518   0.000000000
  py          0    0.420558537  0.420558537   0.841117075   0.000000000
  pz          0    0.490417906  0.490417906   0.980835811   0.000000000
   sum over m      1.331463702  1.331463702   2.662927404   0.000000000
  px          1    0.029702881  0.029702881   0.059405763   0.000000000
  py          1    0.029760128  0.029760128   0.059520255   0.000000000
  pz          1   -0.009768718 -0.009768718  -0.019537436   0.000000000
   sum over m      0.049694291  0.049694291   0.099388583   0.000000000
   sum over m+mul  1.381157993  1.381157993   2.762315987   0.000000000
  d3z^2-r^2   0    0.002825639  0.002825639   0.005651279   0.000000000
  dx^2-y^2    0    0.018897780  0.018897780   0.037795561   0.000000000
  dxy         0    0.018899144  0.018899144   0.037798288   0.000000000
  dxz         0    0.009673818  0.009673818   0.019347636   0.000000000
  dyz         0    0.009675417  0.009675417   0.019350833   0.000000000
   sum over m      0.059971798  0.059971798   0.119943597   0.000000000
   sum over m+mul  0.059971798  0.059971798   0.119943597   0.000000000

    2    C          Up spin      Down spin     Sum           Diff
            multiple
  s           0    0.544027942  0.544027942   1.088055884   0.000000000
   sum over m      0.544027942  0.544027942   1.088055884   0.000000000
  s           1    0.014837834  0.014837834   0.029675668   0.000000000
   sum over m      0.014837834  0.014837834   0.029675668   0.000000000
   sum over m+mul  0.558865776  0.558865776   1.117731552   0.000000000
  px          0    0.420483095  0.420483095   0.840966189   0.000000000
  py          0    0.420558384  0.420558384   0.841116768   0.000000000
  pz          0    0.490427268  0.490427268   0.980854536   0.000000000
   sum over m      1.331468747  1.331468747   2.662937493   0.000000000
  px          1    0.029702172  0.029702172   0.059404343   0.000000000
  py          1    0.029759424  0.029759424   0.059518848   0.000000000
  pz          1   -0.009768956 -0.009768956  -0.019537913   0.000000000
   sum over m      0.049692639  0.049692639   0.099385278   0.000000000
   sum over m+mul  1.381161386  1.381161386   2.762322772   0.000000000
  d3z^2-r^2   0    0.002825655  0.002825655   0.005651310   0.000000000
  dx^2-y^2    0    0.018897052  0.018897052   0.037794104   0.000000000
  dxy         0    0.018899233  0.018899233   0.037798466   0.000000000
  dxz         0    0.009674743  0.009674743   0.019349485   0.000000000
  dyz         0    0.009674844  0.009674844   0.019349688   0.000000000
   sum over m      0.059971527  0.059971527   0.119943054   0.000000000
   sum over m+mul  0.059971527  0.059971527   0.119943054   0.000000000

    3    C          Up spin      Down spin     Sum           Diff
            multiple
  s           0    0.544025790  0.544025790   1.088051580   0.000000000
   sum over m      0.544025790  0.544025790   1.088051580   0.000000000
  s           1    0.014838134  0.014838134   0.029676268   0.000000000
   sum over m      0.014838134  0.014838134   0.029676268   0.000000000
   sum over m+mul  0.558863924  0.558863924   1.117727847   0.000000000
  px          0    0.420483693  0.420483693   0.840967386   0.000000000
  py          0    0.420559226  0.420559226   0.841118453   0.000000000
  pz          0    0.490430922  0.490430922   0.980861844   0.000000000
   sum over m      1.331473841  1.331473841   2.662947683   0.000000000
  px          1    0.029702347  0.029702347   0.059404695   0.000000000
  py          1    0.029760526  0.029760526   0.059521053   0.000000000
  pz          1   -0.009768700 -0.009768700  -0.019537401   0.000000000
   sum over m      0.049694173  0.049694173   0.099388347   0.000000000
   sum over m+mul  1.381168015  1.381168015   2.762336030   0.000000000
  d3z^2-r^2   0    0.002825677  0.002825677   0.005651354   0.000000000
  dx^2-y^2    0    0.018897281  0.018897281   0.037794562   0.000000000
  dxy         0    0.018899583  0.018899583   0.037799166   0.000000000
  dxz         0    0.009673652  0.009673652   0.019347303   0.000000000
  dyz         0    0.009675278  0.009675278   0.019350556   0.000000000
   sum over m      0.059971471  0.059971471   0.119942942   0.000000000
   sum over m+mul  0.059971471  0.059971471   0.119942942   0.000000000

    4    C          Up spin      Down spin     Sum           Diff
            multiple
  s           0    0.544030893  0.544030893   1.088061787   0.000000000
   sum over m      0.544030893  0.544030893   1.088061787   0.000000000
  s           1    0.014838044  0.014838044   0.029676087   0.000000000
   sum over m      0.014838044  0.014838044   0.029676087   0.000000000
   sum over m+mul  0.558868937  0.558868937   1.117737874   0.000000000
  px          0    0.420488942  0.420488942   0.840977884   0.000000000
  py          0    0.420559492  0.420559492   0.841118984   0.000000000
  pz          0    0.490412417  0.490412417   0.980824834   0.000000000
   sum over m      1.331460851  1.331460851   2.662921702   0.000000000
  px          1    0.029702400  0.029702400   0.059404799   0.000000000
  py          1    0.029760747  0.029760747   0.059521495   0.000000000
  pz          1   -0.009767990 -0.009767990  -0.019535981   0.000000000
   sum over m      0.049695157  0.049695157   0.099390313   0.000000000
   sum over m+mul  1.381156008  1.381156008   2.762312015   0.000000000
  d3z^2-r^2   0    0.002825626  0.002825626   0.005651253   0.000000000
  dx^2-y^2    0    0.018897716  0.018897716   0.037795432   0.000000000
  dxy         0    0.018899335  0.018899335   0.037798670   0.000000000
  dxz         0    0.009674033  0.009674033   0.019348066   0.000000000
  dyz         0    0.009675281  0.009675281   0.019350562   0.000000000
   sum over m      0.059971992  0.059971992   0.119943983   0.000000000
   sum over m+mul  0.059971992  0.059971992   0.119943983   0.000000000

    5    C          Up spin      Down spin     Sum           Diff
            multiple
  s           0    0.544031906  0.544031906   1.088063811   0.000000000
   sum over m      0.544031906  0.544031906   1.088063811   0.000000000
  s           1    0.014838368  0.014838368   0.029676736   0.000000000
   sum over m      0.014838368  0.014838368   0.029676736   0.000000000
   sum over m+mul  0.558870274  0.558870274   1.117740547   0.000000000
  px          0    0.420486474  0.420486474   0.840972948   0.000000000
  py          0    0.420560504  0.420560504   0.841121009   0.000000000
  pz          0    0.490413920  0.490413920   0.980827840   0.000000000
   sum over m      1.331460898  1.331460898   2.662921796   0.000000000
  px          1    0.029702980  0.029702980   0.059405960   0.000000000
  py          1    0.029761080  0.029761080   0.059522160   0.000000000
  pz          1   -0.009768743 -0.009768743  -0.019537487   0.000000000
   sum over m      0.049695316  0.049695316   0.099390633   0.000000000
   sum over m+mul  1.381156214  1.381156214   2.762312429   0.000000000
  d3z^2-r^2   0    0.002825625  0.002825625   0.005651249   0.000000000
  dx^2-y^2    0    0.018897764  0.018897764   0.037795529   0.000000000
  dxy         0    0.018899480  0.018899480   0.037798959   0.000000000
  dxz         0    0.009673076  0.009673076   0.019346152   0.000000000
  dyz         0    0.009675135  0.009675135   0.019350270   0.000000000
   sum over m      0.059971079  0.059971079   0.119942159   0.000000000
   sum over m+mul  0.059971079  0.059971079   0.119942159   0.000000000

    6    C          Up spin      Down spin     Sum           Diff
            multiple
  s           0    0.544030407  0.544030407   1.088060815   0.000000000
   sum over m      0.544030407  0.544030407   1.088060815   0.000000000
  s           1    0.014838508  0.014838508   0.029677016   0.000000000
   sum over m      0.014838508  0.014838508   0.029677016   0.000000000
   sum over m+mul  0.558868916  0.558868916   1.117737831   0.000000000
  px          0    0.420490954  0.420490954   0.840981908   0.000000000
  py          0    0.420558007  0.420558007   0.841116013   0.000000000
  pz          0    0.490415695  0.490415695   0.980831391   0.000000000
   sum over m      1.331464656  1.331464656   2.662929312   0.000000000
  px          1    0.029703988  0.029703988   0.059407976   0.000000000
  py          1    0.029760460  0.029760460   0.059520920   0.000000000
  pz          1   -0.009769479 -0.009769479  -0.019538958   0.000000000
   sum over m      0.049694969  0.049694969   0.099389938   0.000000000
   sum over m+mul  1.381159625  1.381159625   2.762319250   0.000000000
  d3z^2-r^2   0    0.002825640  0.002825640   0.005651279   0.000000000
  dx^2-y^2    0    0.018898814  0.018898814   0.037797629   0.000000000
  dxy         0    0.018899179  0.018899179   0.037798357   0.000000000
  dxz         0    0.009673101  0.009673101   0.019346201   0.000000000
  dyz         0    0.009674120  0.009674120   0.019348240   0.000000000
   sum over m      0.059970853  0.059970853   0.119941707   0.000000000
   sum over m+mul  0.059970853  0.059970853   0.119941707   0.000000000

    7    C          Up spin      Down spin     Sum           Diff
            multiple
  s           0    0.544029098  0.544029098   1.088058197   0.000000000
   sum over m      0.544029098  0.544029098   1.088058197   0.000000000
  s           1    0.014838334  0.014838334   0.029676669   0.000000000
   sum over m      0.014838334  0.014838334   0.029676669   0.000000000
   sum over m+mul  0.558867433  0.558867433   1.117734865   0.000000000
  px          0    0.420487856  0.420487856   0.840975712   0.000000000
  py          0    0.420559585  0.420559585   0.841119169   0.000000000
  pz          0    0.490419771  0.490419771   0.980839542   0.000000000
   sum over m      1.331467212  1.331467212   2.662934424   0.000000000
  px          1    0.029703061  0.029703061   0.059406122   0.000000000
  py          1    0.029760415  0.029760415   0.059520829   0.000000000
  pz          1   -0.009768844 -0.009768844  -0.019537689   0.000000000
   sum over m      0.049694631  0.049694631   0.099389262   0.000000000
   sum over m+mul  1.381161843  1.381161843   2.762323686   0.000000000
  d3z^2-r^2   0    0.002825649  0.002825649   0.005651298   0.000000000
  dx^2-y^2    0    0.018897958  0.018897958   0.037795917   0.000000000
  dxy         0    0.018899353  0.018899353   0.037798705   0.000000000
  dxz         0    0.009673572  0.009673572   0.019347143   0.000000000
  dyz         0    0.009675061  0.009675061   0.019350121   0.000000000
   sum over m      0.059971592  0.059971592   0.119943184   0.000000000
   sum over m+mul  0.059971592  0.059971592   0.119943184   0.000000000

    8    C          Up spin      Down spin     Sum           Diff
            multiple
  s           0    0.544028768  0.544028768   1.088057536   0.000000000
   sum over m      0.544028768  0.544028768   1.088057536   0.000000000
  s           1    0.014838298  0.014838298   0.029676597   0.000000000
   sum over m      0.014838298  0.014838298   0.029676597   0.000000000
   sum over m+mul  0.558867066  0.558867066   1.117734133   0.000000000
  px          0    0.420486046  0.420486046   0.840972092   0.000000000
  py          0    0.420559563  0.420559563   0.841119126   0.000000000
  pz          0    0.490422822  0.490422822   0.980845644   0.000000000
   sum over m      1.331468431  1.331468431   2.662936863   0.000000000
  px          1    0.029702660  0.029702660   0.059405321   0.000000000
  py          1    0.029760607  0.029760607   0.059521213   0.000000000
  pz          1   -0.009768983 -0.009768983  -0.019537965   0.000000000
   sum over m      0.049694284  0.049694284   0.099388569   0.000000000
   sum over m+mul  1.381162716  1.381162716   2.762325432   0.000000000
  d3z^2-r^2   0    0.002825638  0.002825638   0.005651276   0.000000000
  dx^2-y^2    0    0.018897723  0.018897723   0.037795446   0.000000000
  dxy         0    0.018899439  0.018899439   0.037798878   0.000000000
  dxz         0    0.009673509  0.009673509   0.019347019   0.000000000
  dyz         0    0.009675058  0.009675058   0.019350115   0.000000000
   sum over m      0.059971367  0.059971367   0.119942734   0.000000000
   sum over m+mul  0.059971367  0.059971367   0.119942734   0.000000000

    9    C          Up spin      Down spin     Sum           Diff
            multiple
  s           0    0.544030792  0.544030792   1.088061583   0.000000000
   sum over m      0.544030792  0.544030792   1.088061583   0.000000000
  s           1    0.014838312  0.014838312   0.029676625   0.000000000
   sum over m      0.014838312  0.014838312   0.029676625   0.000000000
   sum over m+mul  0.558869104  0.558869104   1.117738208   0.000000000
  px          0    0.420488293  0.420488293   0.840976587   0.000000000
  py          0    0.420559997  0.420559997   0.841119993   0.000000000
  pz          0    0.490417806  0.490417806   0.980835613   0.000000000
   sum over m      1.331466096  1.331466096   2.662932193   0.000000000
  px          1    0.029702779  0.029702779   0.059405558   0.000000000
  py          1    0.029760751  0.029760751   0.059521502   0.000000000
  pz          1   -0.009769409 -0.009769409  -0.019538817   0.000000000
   sum over m      0.049694121  0.049694121   0.099388243   0.000000000
   sum over m+mul  1.381160218  1.381160218   2.762320435   0.000000000
  d3z^2-r^2   0    0.002825646  0.002825646   0.005651292   0.000000000
  dx^2-y^2    0    0.018897860  0.018897860   0.037795720   0.000000000
  dxy         0    0.018899252  0.018899252   0.037798504   0.000000000
  dxz         0    0.009673977  0.009673977   0.019347955   0.000000000
  dyz         0    0.009675349  0.009675349   0.019350698   0.000000000
   sum over m      0.059972084  0.059972084   0.119944168   0.000000000
   sum over m+mul  0.059972084  0.059972084   0.119944168   0.000000000

   10    C          Up spin      Down spin     Sum           Diff
            multiple
  s           0    0.544026041  0.544026041   1.088052082   0.000000000
   sum over m      0.544026041  0.544026041   1.088052082   0.000000000
  s           1    0.014838310  0.014838310   0.029676620   0.000000000
   sum over m      0.014838310  0.014838310   0.029676620   0.000000000
   sum over m+mul  0.558864351  0.558864351   1.117728702   0.000000000
  px          0    0.420485204  0.420485204   0.840970408   0.000000000
  py          0    0.420558192  0.420558192   0.841116385   0.000000000
  pz          0    0.490431506  0.490431506   0.980863012   0.000000000
   sum over m      1.331474902  1.331474902   2.662949805   0.000000000
  px          1    0.029702298  0.029702298   0.059404596   0.000000000
  py          1    0.029760214  0.029760214   0.059520428   0.000000000
  pz          1   -0.009768853 -0.009768853  -0.019537706   0.000000000
   sum over m      0.049693659  0.049693659   0.099387318   0.000000000
   sum over m+mul  1.381168561  1.381168561   2.762337123   0.000000000
  d3z^2-r^2   0    0.002825656  0.002825656   0.005651311   0.000000000
  dx^2-y^2    0    0.018897622  0.018897622   0.037795244   0.000000000
  dxy         0    0.018899274  0.018899274   0.037798549   0.000000000
  dxz         0    0.009673643  0.009673643   0.019347286   0.000000000
  dyz         0    0.009675320  0.009675320   0.019350639   0.000000000
   sum over m      0.059971515  0.059971515   0.119943029   0.000000000
   sum over m+mul  0.059971515  0.059971515   0.119943029   0.000000000

   11    C          Up spin      Down spin     Sum           Diff
            multiple
  s           0    0.544029726  0.544029726   1.088059451   0.000000000
   sum over m      0.544029726  0.544029726   1.088059451   0.000000000
  s           1    0.014838320  0.014838320   0.029676640   0.000000000
   sum over m      0.014838320  0.014838320   0.029676640   0.000000000
   sum over m+mul  0.558868046  0.558868046   1.117736091   0.000000000
  px          0    0.420489028  0.420489028   0.840978057   0.000000000
  py          0    0.420557807  0.420557807   0.841115615   0.000000000
  pz          0    0.490419516  0.490419516   0.980839031   0.000000000
   sum over m      1.331466351  1.331466351   2.662932703   0.000000000
  px          1    0.029702758  0.029702758   0.059405515   0.000000000
  py          1    0.029760499  0.029760499   0.059520998   0.000000000
  pz          1   -0.009768914 -0.009768914  -0.019537828   0.000000000
   sum over m      0.049694342  0.049694342   0.099388685   0.000000000
   sum over m+mul  1.381160694  1.381160694   2.762321388   0.000000000
  d3z^2-r^2   0    0.002825646  0.002825646   0.005651292   0.000000000
  dx^2-y^2    0    0.018897869  0.018897869   0.037795738   0.000000000
  dxy         0    0.018899163  0.018899163   0.037798325   0.000000000
  dxz         0    0.009674838  0.009674838   0.019349675   0.000000000
  dyz         0    0.009674358  0.009674358   0.019348715   0.000000000
   sum over m      0.059971873  0.059971873   0.119943747   0.000000000
   sum over m+mul  0.059971873  0.059971873   0.119943747   0.000000000

   12    C          Up spin      Down spin     Sum           Diff
            multiple
  s           0    0.544031159  0.544031159   1.088062319   0.000000000
   sum over m      0.544031159  0.544031159   1.088062319   0.000000000
  s           1    0.014838263  0.014838263   0.029676526   0.000000000
   sum over m      0.014838263  0.014838263   0.029676526   0.000000000
   sum over m+mul  0.558869422  0.558869422   1.117738845   0.000000000
  px          0    0.420486171  0.420486171   0.840972342   0.000000000
  py          0    0.420561372  0.420561372   0.841122745   0.000000000
  pz          0    0.490414358  0.490414358   0.980828716   0.000000000
   sum over m      1.331461901  1.331461901   2.662923802   0.000000000
  px          1    0.029702888  0.029702888   0.059405775   0.000000000
  py          1    0.029760886  0.029760886   0.059521771   0.000000000
  pz          1   -0.009768932 -0.009768932  -0.019537864   0.000000000
   sum over m      0.049694841  0.049694841   0.099389682   0.000000000
   sum over m+mul  1.381156742  1.381156742   2.762313485   0.000000000
  d3z^2-r^2   0    0.002825643  0.002825643   0.005651285   0.000000000
  dx^2-y^2    0    0.018897574  0.018897574   0.037795148   0.000000000
  dxy         0    0.018899644  0.018899644   0.037799288   0.000000000
  dxz         0    0.009673373  0.009673373   0.019346746   0.000000000
  dyz         0    0.009675399  0.009675399   0.019350799   0.000000000
   sum over m      0.059971633  0.059971633   0.119943266   0.000000000
   sum over m+mul  0.059971633  0.059971633   0.119943266   0.000000000

   13    C          Up spin      Down spin     Sum           Diff
            multiple
  s           0    0.544028786  0.544028786   1.088057572   0.000000000
   sum over m      0.544028786  0.544028786   1.088057572   0.000000000
  s           1    0.014838261  0.014838261   0.029676523   0.000000000
   sum over m      0.014838261  0.014838261   0.029676523   0.000000000
   sum over m+mul  0.558867047  0.558867047   1.117734095   0.000000000
  px          0    0.420486728  0.420486728   0.840973456   0.000000000
  py          0    0.420558371  0.420558371   0.841116741   0.000000000
  pz          0    0.490421196  0.490421196   0.980842391   0.000000000
   sum over m      1.331466295  1.331466295   2.662932589   0.000000000
  px          1    0.029702639  0.029702639   0.059405277   0.000000000
  py          1    0.029760624  0.029760624   0.059521248   0.000000000
  pz          1   -0.009768653 -0.009768653  -0.019537306   0.000000000
   sum over m      0.049694610  0.049694610   0.099389220   0.000000000
   sum over m+mul  1.381160904  1.381160904   2.762321809   0.000000000
  d3z^2-r^2   0    0.002825647  0.002825647   0.005651295   0.000000000
  dx^2-y^2    0    0.018897826  0.018897826   0.037795653   0.000000000
  dxy         0    0.018899284  0.018899284   0.037798568   0.000000000
  dxz         0    0.009673654  0.009673654   0.019347308   0.000000000
  dyz         0    0.009674938  0.009674938   0.019349875   0.000000000
   sum over m      0.059971349  0.059971349   0.119942698   0.000000000
   sum over m+mul  0.059971349  0.059971349   0.119942698   0.000000000

   14    C          Up spin      Down spin     Sum           Diff
            multiple
  s           0    0.544029332  0.544029332   1.088058664   0.000000000
   sum over m      0.544029332  0.544029332   1.088058664   0.000000000
  s           1    0.014838299  0.014838299   0.029676597   0.000000000
   sum over m      0.014838299  0.014838299   0.029676597   0.000000000
   sum over m+mul  0.558867631  0.558867631   1.117735261   0.000000000
  px          0    0.420486165  0.420486165   0.840972331   0.000000000
  py          0    0.420559924  0.420559924   0.841119848   0.000000000
  pz          0    0.490420026  0.490420026   0.980840052   0.000000000
   sum over m      1.331466115  1.331466115   2.662932231   0.000000000
  px          1    0.029702726  0.029702726   0.059405451   0.000000000
  py          1    0.029760634  0.029760634   0.059521268   0.000000000
  pz          1   -0.009768907 -0.009768907  -0.019537813   0.000000000
   sum over m      0.049694453  0.049694453   0.099388906   0.000000000
   sum over m+mul  1.381160568  1.381160568   2.762321137   0.000000000
  d3z^2-r^2   0    0.002825657  0.002825657   0.005651314   0.000000000
  dx^2-y^2    0    0.018897654  0.018897654   0.037795307   0.000000000
  dxy         0    0.018899390  0.018899390   0.037798779   0.000000000
  dxz         0    0.009673610  0.009673610   0.019347219   0.000000000
  dyz         0    0.009675179  0.009675179   0.019350359   0.000000000
   sum over m      0.059971489  0.059971489   0.119942978   0.000000000
   sum over m+mul  0.059971489  0.059971489   0.119942978   0.000000000

   15    C          Up spin      Down spin     Sum           Diff
            multiple
  s           0    0.544027033  0.544027033   1.088054066   0.000000000
   sum over m      0.544027033  0.544027033   1.088054066   0.000000000
  s           1    0.014838236  0.014838236   0.029676471   0.000000000
   sum over m      0.014838236  0.014838236   0.029676471   0.000000000
   sum over m+mul  0.558865269  0.558865269   1.117730538   0.000000000
  px          0    0.420486375  0.420486375   0.840972751   0.000000000
  py          0    0.420556887  0.420556887   0.841113774   0.000000000
  pz          0    0.490428046  0.490428046   0.980856092   0.000000000
   sum over m      1.331471308  1.331471308   2.662942616   0.000000000
  px          1    0.029702679  0.029702679   0.059405358   0.000000000
  py          1    0.029760827  0.029760827   0.059521653   0.000000000
  pz          1   -0.009769066 -0.009769066  -0.019538133   0.000000000
   sum over m      0.049694439  0.049694439   0.099388878   0.000000000
   sum over m+mul  1.381165747  1.381165747   2.762331495   0.000000000
  d3z^2-r^2   0    0.002825663  0.002825663   0.005651325   0.000000000
  dx^2-y^2    0    0.018897835  0.018897835   0.037795669   0.000000000
  dxy         0    0.018899318  0.018899318   0.037798636   0.000000000
  dxz         0    0.009674002  0.009674002   0.019348005   0.000000000
  dyz         0    0.009674194  0.009674194   0.019348388   0.000000000
   sum over m      0.059971011  0.059971011   0.119942023   0.000000000
   sum over m+mul  0.059971011  0.059971011   0.119942023   0.000000000

   16    C          Up spin      Down spin     Sum           Diff
            multiple
  s           0    0.544032552  0.544032552   1.088065104   0.000000000
   sum over m      0.544032552  0.544032552   1.088065104   0.000000000
  s           1    0.014838003  0.014838003   0.029676007   0.000000000
   sum over m      0.014838003  0.014838003   0.029676007   0.000000000
   sum over m+mul  0.558870555  0.558870555   1.117741111   0.000000000
  px          0    0.420488108  0.420488108   0.840976217   0.000000000
  py          0    0.420564026  0.420564026   0.841128051   0.000000000
  pz          0    0.490406092  0.490406092   0.980812185   0.000000000
   sum over m      1.331458226  1.331458226   2.662916453   0.000000000
  px          1    0.029703559  0.029703559   0.059407119   0.000000000
  py          1    0.029761306  0.029761306   0.059522611   0.000000000
  pz          1   -0.009770040 -0.009770040  -0.019540080   0.000000000
   sum over m      0.049694825  0.049694825   0.099389651   0.000000000
   sum over m+mul  1.381153052  1.381153052   2.762306104   0.000000000
  d3z^2-r^2   0    0.002825674  0.002825674   0.005651348   0.000000000
  dx^2-y^2    0    0.018897819  0.018897819   0.037795637   0.000000000
  dxy         0    0.018899646  0.018899646   0.037799291   0.000000000
  dxz         0    0.009673731  0.009673731   0.019347461   0.000000000
  dyz         0    0.009676287  0.009676287   0.019352573   0.000000000
   sum over m      0.059973155  0.059973155   0.119946311   0.000000000
   sum over m+mul  0.059973155  0.059973155   0.119946311   0.000000000

   17    C          Up spin      Down spin     Sum           Diff
            multiple
  s           0    0.544027488  0.544027488   1.088054977   0.000000000
   sum over m      0.544027488  0.544027488   1.088054977   0.000000000
  s           1    0.014837193  0.014837193   0.029674386   0.000000000
   sum over m      0.014837193  0.014837193   0.029674386   0.000000000
   sum over m+mul  0.558864682  0.558864682   1.117729363   0.000000000
  px          0    0.420492414  0.420492414   0.840984827   0.000000000
  py          0    0.420539062  0.420539062   0.841078125   0.000000000
  pz          0    0.490440084  0.490440084   0.980880169   0.000000000
   sum over m      1.331471560  1.331471560   2.662943121   0.000000000
  px          1    0.029703006  0.029703006   0.059406012   0.000000000
  py          1    0.029755251  0.029755251   0.059510502   0.000000000
  pz          1   -0.009768261 -0.009768261  -0.019536522   0.000000000
   sum over m      0.049689996  0.049689996   0.099379992   0.000000000
   sum over m+mul  1.381161557  1.381161557   2.762323113   0.000000000
  d3z^2-r^2   0    0.002825598  0.002825598   0.005651196   0.000000000
  dx^2-y^2    0    0.018898790  0.018898790   0.037797580   0.000000000
  dxy         0    0.018895990  0.018895990   0.037791979   0.000000000
  dxz         0    0.009674419  0.009674419   0.019348838   0.000000000
  dyz         0    0.009675993  0.009675993   0.019351987   0.000000000
   sum over m      0.059970790  0.059970790   0.119941581   0.000000000
   sum over m+mul  0.059970790  0.059970790   0.119941581   0.000000000

   18    C          Up spin      Down spin     Sum           Diff
            multiple
  s           0    0.544043148  0.544043148   1.088086296   0.000000000
   sum over m      0.544043148  0.544043148   1.088086296   0.000000000
  s           1    0.014834915  0.014834915   0.029669830   0.000000000
   sum over m      0.014834915  0.014834915   0.029669830   0.000000000
   sum over m+mul  0.558878063  0.558878063   1.117756126   0.000000000
  px          0    0.420457139  0.420457139   0.840914278   0.000000000
  py          0    0.420552756  0.420552756   0.841105512   0.000000000
  pz          0    0.490437989  0.490437989   0.980875978   0.000000000
   sum over m      1.331447884  1.331447884   2.662895768   0.000000000
  px          1    0.029689167  0.029689167   0.059378333   0.000000000
  py          1    0.029758338  0.029758338   0.059516675   0.000000000
  pz          1   -0.009766640 -0.009766640  -0.019533281   0.000000000
   sum over m      0.049680864  0.049680864   0.099361728   0.000000000
   sum over m+mul  1.381128748  1.381128748   2.762257496   0.000000000
  d3z^2-r^2   0    0.002825943  0.002825943   0.005651887   0.000000000
  dx^2-y^2    0    0.018893108  0.018893108   0.037786216   0.000000000
  dxy         0    0.018898200  0.018898200   0.037796401   0.000000000
  dxz         0    0.009677428  0.009677428   0.019354855   0.000000000
  dyz         0    0.009676362  0.009676362   0.019352724   0.000000000
   sum over m      0.059971042  0.059971042   0.119942083   0.000000000
   sum over m+mul  0.059971042  0.059971042   0.119942083   0.000000000

   19    C          Up spin      Down spin     Sum           Diff
            multiple
  s           0    0.544029655  0.544029655   1.088059310   0.000000000
   sum over m      0.544029655  0.544029655   1.088059310   0.000000000
  s           1    0.014837777  0.014837777   0.029675554   0.000000000
   sum over m      0.014837777  0.014837777   0.029675554   0.000000000
   sum over m+mul  0.558867432  0.558867432   1.117734863   0.000000000
  px          0    0.420471288  0.420471288   0.840942575   0.000000000
  py          0    0.420568755  0.420568755   0.841137510   0.000000000
  pz          0    0.490418040  0.490418040   0.980836079   0.000000000
   sum over m      1.331458082  1.331458082   2.662916164   0.000000000
  px          1    0.029701411  0.029701411   0.059402822   0.000000000
  py          1    0.029760117  0.029760117   0.059520234   0.000000000
  pz          1   -0.009766893 -0.009766893  -0.019533787   0.000000000
   sum over m      0.049694634  0.049694634   0.099389269   0.000000000
   sum over m+mul  1.381152717  1.381152717   2.762305433   0.000000000
  d3z^2-r^2   0    0.002825661  0.002825661   0.005651323   0.000000000
  dx^2-y^2    0    0.018895473  0.018895473   0.037790945   0.000000000
  dxy         0    0.018901088  0.018901088   0.037802176   0.000000000
  dxz         0    0.009671665  0.009671665   0.019343330   0.000000000
  dyz         0    0.009675199  0.009675199   0.019350398   0.000000000
   sum over m      0.059969086  0.059969086   0.119938172   0.000000000
   sum over m+mul  0.059969086  0.059969086   0.119938172   0.000000000

   20    C          Up spin      Down spin     Sum           Diff
            multiple
  s           0    0.544018699  0.544018699   1.088037399   0.000000000
   sum over m      0.544018699  0.544018699   1.088037399   0.000000000
  s           1    0.014839527  0.014839527   0.029679055   0.000000000
   sum over m      0.014839527  0.014839527   0.029679055   0.000000000
   sum over m+mul  0.558858227  0.558858227   1.117716453   0.000000000
  px          0    0.420497357  0.420497357   0.840994715   0.000000000
  py          0    0.420554447  0.420554447   0.841108895   0.000000000
  pz          0    0.490405603  0.490405603   0.980811207   0.000000000
   sum over m      1.331457408  1.331457408   2.662914816   0.000000000
  px          1    0.029709740  0.029709740   0.059419479   0.000000000
  py          1    0.029756314  0.029756314   0.059512628   0.000000000
  pz          1   -0.009767390 -0.009767390  -0.019534781   0.000000000
   sum over m      0.049698663  0.049698663   0.099397327   0.000000000
   sum over m+mul  1.381156071  1.381156071   2.762312143   0.000000000
  d3z^2-r^2   0    0.002825595  0.002825595   0.005651190   0.000000000
  dx^2-y^2    0    0.018906329  0.018906329   0.037812659   0.000000000
  dxy         0    0.018899047  0.018899047   0.037798093   0.000000000
  dxz         0    0.009668604  0.009668604   0.019337209   0.000000000
  dyz         0    0.009671005  0.009671005   0.019342011   0.000000000
   sum over m      0.059970580  0.059970580   0.119941161   0.000000000
   sum over m+mul  0.059970580  0.059970580   0.119941161   0.000000000

   21    C          Up spin      Down spin     Sum           Diff
            multiple
  s           0    0.544033234  0.544033234   1.088066467   0.000000000
   sum over m      0.544033234  0.544033234   1.088066467   0.000000000
  s           1    0.014838352  0.014838352   0.029676703   0.000000000
   sum over m      0.014838352  0.014838352   0.029676703   0.000000000
   sum over m+mul  0.558871585  0.558871585   1.117743171   0.000000000
  px          0    0.420501839  0.420501839   0.841003679   0.000000000
  py          0    0.420562553  0.420562553   0.841125106   0.000000000
  pz          0    0.490398835  0.490398835   0.980797670   0.000000000
   sum over m      1.331463227  1.331463227   2.662926455   0.000000000
  px          1    0.029702504  0.029702504   0.059405008   0.000000000
  py          1    0.029760065  0.029760065   0.059520131   0.000000000
  pz          1   -0.009769875 -0.009769875  -0.019539751   0.000000000
   sum over m      0.049692694  0.049692694   0.099385388   0.000000000
   sum over m+mul  1.381155921  1.381155921   2.762311843   0.000000000
  d3z^2-r^2   0    0.002825639  0.002825639   0.005651278   0.000000000
  dx^2-y^2    0    0.018900277  0.018900277   0.037800555   0.000000000
  dxy         0    0.018898629  0.018898629   0.037797259   0.000000000
  dxz         0    0.009674007  0.009674007   0.019348015   0.000000000
  dyz         0    0.009676709  0.009676709   0.019353418   0.000000000
   sum over m      0.059975262  0.059975262   0.119950524   0.000000000
   sum over m+mul  0.059975262  0.059975262   0.119950524   0.000000000

   22    C          Up spin      Down spin     Sum           Diff
            multiple
  s           0    0.544021767  0.544021767   1.088043534   0.000000000
   sum over m      0.544021767  0.544021767   1.088043534   0.000000000
  s           1    0.014838388  0.014838388   0.029676776   0.000000000
   sum over m      0.014838388  0.014838388   0.029676776   0.000000000
   sum over m+mul  0.558860155  0.558860155   1.117720310   0.000000000
  px          0    0.420483013  0.420483013   0.840966026   0.000000000
  py          0    0.420558641  0.420558641   0.841117282   0.000000000
  pz          0    0.490446417  0.490446417   0.980892834   0.000000000
   sum over m      1.331488071  1.331488071   2.662976143   0.000000000
  px          1    0.029701353  0.029701353   0.059402706   0.000000000
  py          1    0.029760343  0.029760343   0.059520685   0.000000000
  pz          1   -0.009769472 -0.009769472  -0.019538944   0.000000000
   sum over m      0.049692224  0.049692224   0.099384447   0.000000000
   sum over m+mul  1.381180295  1.381180295   2.762360590   0.000000000
  d3z^2-r^2   0    0.002825635  0.002825635   0.005651270   0.000000000
  dx^2-y^2    0    0.018897469  0.018897469   0.037794939   0.000000000
  dxy         0    0.018899421  0.018899421   0.037798842   0.000000000
  dxz         0    0.009673637  0.009673637   0.019347274   0.000000000
  dyz         0    0.009675276  0.009675276   0.019350552   0.000000000
   sum over m      0.059971438  0.059971438   0.119942877   0.000000000
   sum over m+mul  0.059971438  0.059971438   0.119942877   0.000000000

   23    C          Up spin      Down spin     Sum           Diff
            multiple
  s           0    0.544030784  0.544030784   1.088061569   0.000000000
   sum over m      0.544030784  0.544030784   1.088061569   0.000000000
  s           1    0.014838410  0.014838410   0.029676820   0.000000000
   sum over m      0.014838410  0.014838410   0.029676820   0.000000000
   sum over m+mul  0.558869194  0.558869194   1.117738389   0.000000000
  px          0    0.420489472  0.420489472   0.840978945   0.000000000
  py          0    0.420558564  0.420558564   0.841117128   0.000000000
  pz          0    0.490417802  0.490417802   0.980835604   0.000000000
   sum over m      1.331465838  1.331465838   2.662931677   0.000000000
  px          1    0.029702938  0.029702938   0.059405875   0.000000000
  py          1    0.029760719  0.029760719   0.059521437   0.000000000
  pz          1   -0.009769349 -0.009769349  -0.019538698   0.000000000
   sum over m      0.049694308  0.049694308   0.099388615   0.000000000
   sum over m+mul  1.381160146  1.381160146   2.762320292   0.000000000
  d3z^2-r^2   0    0.002825650  0.002825650   0.005651301   0.000000000
  dx^2-y^2    0    0.018897896  0.018897896   0.037795792   0.000000000
  dxy         0    0.018899062  0.018899062   0.037798125   0.000000000
  dxz         0    0.009674567  0.009674567   0.019349135   0.000000000
  dyz         0    0.009674799  0.009674799   0.019349599   0.000000000
   sum over m      0.059971975  0.059971975   0.119943951   0.000000000
   sum over m+mul  0.059971975  0.059971975   0.119943951   0.000000000

   24    C          Up spin      Down spin     Sum           Diff
            multiple
  s           0    0.544027734  0.544027734   1.088055468   0.000000000
   sum over m      0.544027734  0.544027734   1.088055468   0.000000000
  s           1    0.014838317  0.014838317   0.029676634   0.000000000
   sum over m      0.014838317  0.014838317   0.029676634   0.000000000
   sum over m+mul  0.558866051  0.558866051   1.117732102   0.000000000
  px          0    0.420484969  0.420484969   0.840969938   0.000000000
  py          0    0.420559035  0.420559035   0.841118069   0.000000000
  pz          0    0.490426478  0.490426478   0.980852956   0.000000000
   sum over m      1.331470482  1.331470482   2.662940963   0.000000000
  px          1    0.029702534  0.029702534   0.059405067   0.000000000
  py          1    0.029760544  0.029760544   0.059521088   0.000000000
  pz          1   -0.009768732 -0.009768732  -0.019537464   0.000000000
   sum over m      0.049694346  0.049694346   0.099388691   0.000000000
   sum over m+mul  1.381164827  1.381164827   2.762329655   0.000000000
  d3z^2-r^2   0    0.002825648  0.002825648   0.005651297   0.000000000
  dx^2-y^2    0    0.018897638  0.018897638   0.037795276   0.000000000
  dxy         0    0.018899400  0.018899400   0.037798800   0.000000000
  dxz         0    0.009672991  0.009672991   0.019345982   0.000000000
  dyz         0    0.009675210  0.009675210   0.019350419   0.000000000
   sum over m      0.059970887  0.059970887   0.119941774   0.000000000
   sum over m+mul  0.059970887  0.059970887   0.119941774   0.000000000

   25    C          Up spin      Down spin     Sum           Diff
            multiple
  s           0    0.544029727  0.544029727   1.088059455   0.000000000
   sum over m      0.544029727  0.544029727   1.088059455   0.000000000
  s           1    0.014838321  0.014838321   0.029676642   0.000000000
   sum over m      0.014838321  0.014838321   0.029676642   0.000000000
   sum over m+mul  0.558868048  0.558868048   1.117736097   0.000000000
  px          0    0.420489026  0.420489026   0.840978052   0.000000000
  py          0    0.420557805  0.420557805   0.841115609   0.000000000
  pz          0    0.490419518  0.490419518   0.980839036   0.000000000
   sum over m      1.331466349  1.331466349   2.662932698   0.000000000
  px          1    0.029702760  0.029702760   0.059405520   0.000000000
  py          1    0.029760499  0.029760499   0.059520999   0.000000000
  pz          1   -0.009768914 -0.009768914  -0.019537829   0.000000000
   sum over m      0.049694345  0.049694345   0.099388690   0.000000000
   sum over m+mul  1.381160694  1.381160694   2.762321388   0.000000000
  d3z^2-r^2   0    0.002825646  0.002825646   0.005651292   0.000000000
  dx^2-y^2    0    0.018897869  0.018897869   0.037795739   0.000000000
  dxy         0    0.018899163  0.018899163   0.037798326   0.000000000
  dxz         0    0.009674838  0.009674838   0.019349675   0.000000000
  dyz         0    0.009674358  0.009674358   0.019348716   0.000000000
   sum over m      0.059971874  0.059971874   0.119943747   0.000000000
   sum over m+mul  0.059971874  0.059971874   0.119943747   0.000000000

   26    C          Up spin      Down spin     Sum           Diff
            multiple
  s           0    0.544031158  0.544031158   1.088062316   0.000000000
   sum over m      0.544031158  0.544031158   1.088062316   0.000000000
  s           1    0.014838264  0.014838264   0.029676527   0.000000000
   sum over m      0.014838264  0.014838264   0.029676527   0.000000000
   sum over m+mul  0.558869422  0.558869422   1.117738843   0.000000000
  px          0    0.420486170  0.420486170   0.840972339   0.000000000
  py          0    0.420561372  0.420561372   0.841122744   0.000000000
  pz          0    0.490414364  0.490414364   0.980828728   0.000000000
   sum over m      1.331461905  1.331461905   2.662923811   0.000000000
  px          1    0.029702892  0.029702892   0.059405785   0.000000000
  py          1    0.029760886  0.029760886   0.059521772   0.000000000
  pz          1   -0.009768932 -0.009768932  -0.019537864   0.000000000
   sum over m      0.049694846  0.049694846   0.099389692   0.000000000
   sum over m+mul  1.381156751  1.381156751   2.762313503   0.000000000
  d3z^2-r^2   0    0.002825643  0.002825643   0.005651285   0.000000000
  dx^2-y^2    0    0.018897574  0.018897574   0.037795148   0.000000000
  dxy         0    0.018899644  0.018899644   0.037799288   0.000000000
  dxz         0    0.009673373  0.009673373   0.019346746   0.000000000
  dyz         0    0.009675399  0.009675399   0.019350799   0.000000000
   sum over m      0.059971633  0.059971633   0.119943266   0.000000000
   sum over m+mul  0.059971633  0.059971633   0.119943266   0.000000000

   27    C          Up spin      Down spin     Sum           Diff
            multiple
  s           0    0.544028931  0.544028931   1.088057862   0.000000000
   sum over m      0.544028931  0.544028931   1.088057862   0.000000000
  s           1    0.014838197  0.014838197   0.029676393   0.000000000
   sum over m      0.014838197  0.014838197   0.029676393   0.000000000
   sum over m+mul  0.558867128  0.558867128   1.117734255   0.000000000
  px          0    0.420487297  0.420487297   0.840974593   0.000000000
  py          0    0.420557547  0.420557547   0.841115094   0.000000000
  pz          0    0.490421099  0.490421099   0.980842198   0.000000000
   sum over m      1.331465943  1.331465943   2.662931885   0.000000000
  px          1    0.029702863  0.029702863   0.059405726   0.000000000
  py          1    0.029760674  0.029760674   0.059521348   0.000000000
  pz          1   -0.009768886 -0.009768886  -0.019537773   0.000000000
   sum over m      0.049694651  0.049694651   0.099389302   0.000000000
   sum over m+mul  1.381160593  1.381160593   2.762321187   0.000000000
  d3z^2-r^2   0    0.002825649  0.002825649   0.005651297   0.000000000
  dx^2-y^2    0    0.018897872  0.018897872   0.037795743   0.000000000
  dxy         0    0.018899395  0.018899395   0.037798791   0.000000000
  dxz         0    0.009673993  0.009673993   0.019347985   0.000000000
  dyz         0    0.009674141  0.009674141   0.019348283   0.000000000
   sum over m      0.059971049  0.059971049   0.119942099   0.000000000
   sum over m+mul  0.059971049  0.059971049   0.119942099   0.000000000

   28    C          Up spin      Down spin     Sum           Diff
            multiple
  s           0    0.544032853  0.544032853   1.088065705   0.000000000
   sum over m      0.544032853  0.544032853   1.088065705   0.000000000
  s           1    0.014838253  0.014838253   0.029676506   0.000000000
   sum over m      0.014838253  0.014838253   0.029676506   0.000000000
   sum over m+mul  0.558871105  0.558871105   1.117742211   0.000000000
  px          0    0.420487868  0.420487868   0.840975737   0.000000000
  py          0    0.420562578  0.420562578   0.841125156   0.000000000
  pz          0    0.490407419  0.490407419   0.980814838   0.000000000
   sum over m      1.331457865  1.331457865   2.662915730   0.000000000
  px          1    0.029703247  0.029703247   0.059406493   0.000000000
  py          1    0.029760891  0.029760891   0.059521782   0.000000000
  pz          1   -0.009769254 -0.009769254  -0.019538508   0.000000000
   sum over m      0.049694884  0.049694884   0.099389767   0.000000000
   sum over m+mul  1.381152749  1.381152749   2.762305498   0.000000000
  d3z^2-r^2   0    0.002825647  0.002825647   0.005651293   0.000000000
  dx^2-y^2    0    0.018897610  0.018897610   0.037795220   0.000000000
  dxy         0    0.018899644  0.018899644   0.037799288   0.000000000
  dxz         0    0.009674266  0.009674266   0.019348532   0.000000000
  dyz         0    0.009675840  0.009675840   0.019351680   0.000000000
   sum over m      0.059973006  0.059973006   0.119946012   0.000000000
   sum over m+mul  0.059973006  0.059973006   0.119946012   0.000000000

   29    C          Up spin      Down spin     Sum           Diff
            multiple
  s           0    0.544027036  0.544027036   1.088054073   0.000000000
   sum over m      0.544027036  0.544027036   1.088054073   0.000000000
  s           1    0.014838234  0.014838234   0.029676468   0.000000000
   sum over m      0.014838234  0.014838234   0.029676468   0.000000000
   sum over m+mul  0.558865270  0.558865270   1.117730541   0.000000000
  px          0    0.420486376  0.420486376   0.840972752   0.000000000
  py          0    0.420556882  0.420556882   0.841113765   0.000000000
  pz          0    0.490428054  0.490428054   0.980856109   0.000000000
   sum over m      1.331471313  1.331471313   2.662942625   0.000000000
  px          1    0.029702676  0.029702676   0.059405353   0.000000000
  py          1    0.029760830  0.029760830   0.059521660   0.000000000
  pz          1   -0.009769065 -0.009769065  -0.019538131   0.000000000
   sum over m      0.049694441  0.049694441   0.099388882   0.000000000
   sum over m+mul  1.381165754  1.381165754   2.762331507   0.000000000
  d3z^2-r^2   0    0.002825663  0.002825663   0.005651325   0.000000000
  dx^2-y^2    0    0.018897834  0.018897834   0.037795668   0.000000000
  dxy         0    0.018899318  0.018899318   0.037798636   0.000000000
  dxz         0    0.009674003  0.009674003   0.019348005   0.000000000
  dyz         0    0.009674192  0.009674192   0.019348384   0.000000000
   sum over m      0.059971009  0.059971009   0.119942018   0.000000000
   sum over m+mul  0.059971009  0.059971009   0.119942018   0.000000000

   30    C          Up spin      Down spin     Sum           Diff
            multiple
  s           0    0.544032558  0.544032558   1.088065117   0.000000000
   sum over m      0.544032558  0.544032558   1.088065117   0.000000000
  s           1    0.014838003  0.014838003   0.029676005   0.000000000
   sum over m      0.014838003  0.014838003   0.029676005   0.000000000
   sum over m+mul  0.558870561  0.558870561   1.117741122   0.000000000
  px          0    0.420488112  0.420488112   0.840976224   0.000000000
  py          0    0.420564015  0.420564015   0.841128030   0.000000000
  pz          0    0.490406055  0.490406055   0.980812110   0.000000000
   sum over m      1.331458182  1.331458182   2.662916365   0.000000000
  px          1    0.029703569  0.029703569   0.059407138   0.000000000
  py          1    0.029761318  0.029761318   0.059522637   0.000000000
  pz          1   -0.009770041 -0.009770041  -0.019540082   0.000000000
   sum over m      0.049694846  0.049694846   0.099389692   0.000000000
   sum over m+mul  1.381153028  1.381153028   2.762306057   0.000000000
  d3z^2-r^2   0    0.002825674  0.002825674   0.005651347   0.000000000
  dx^2-y^2    0    0.018897822  0.018897822   0.037795643   0.000000000
  dxy         0    0.018899646  0.018899646   0.037799293   0.000000000
  dxz         0    0.009673731  0.009673731   0.019347462   0.000000000
  dyz         0    0.009676286  0.009676286   0.019352573   0.000000000
   sum over m      0.059973159  0.059973159   0.119946317   0.000000000
   sum over m+mul  0.059973159  0.059973159   0.119946317   0.000000000

   31    C          Up spin      Down spin     Sum           Diff
            multiple
  s           0    0.544024913  0.544024913   1.088049825   0.000000000
   sum over m      0.544024913  0.544024913   1.088049825   0.000000000
  s           1    0.014836587  0.014836587   0.029673175   0.000000000
   sum over m      0.014836587  0.014836587   0.029673175   0.000000000
   sum over m+mul  0.558861500  0.558861500   1.117723000   0.000000000
  px          0    0.420482945  0.420482945   0.840965889   0.000000000
  py          0    0.420539811  0.420539811   0.841079623   0.000000000
  pz          0    0.490435760  0.490435760   0.980871520   0.000000000
   sum over m      1.331458516  1.331458516   2.662917032   0.000000000
  px          1    0.029702594  0.029702594   0.059405189   0.000000000
  py          1    0.029761097  0.029761097   0.059522195   0.000000000
  pz          1   -0.009769658 -0.009769658  -0.019539315   0.000000000
   sum over m      0.049694034  0.049694034   0.099388068   0.000000000
   sum over m+mul  1.381152550  1.381152550   2.762305100   0.000000000
  d3z^2-r^2   0    0.002825623  0.002825623   0.005651246   0.000000000
  dx^2-y^2    0    0.018896151  0.018896151   0.037792303   0.000000000
  dxy         0    0.018901051  0.018901051   0.037802102   0.000000000
  dxz         0    0.009674457  0.009674457   0.019348913   0.000000000
  dyz         0    0.009671675  0.009671675   0.019343350   0.000000000
   sum over m      0.059968957  0.059968957   0.119937914   0.000000000
   sum over m+mul  0.059968957  0.059968957   0.119937914   0.000000000

   32    C          Up spin      Down spin     Sum           Diff
            multiple
  s           0    0.544086329  0.544086329   1.088172659   0.000000000
   sum over m      0.544086329  0.544086329   1.088172659   0.000000000
  s           1    0.014836412  0.014836412   0.029672824   0.000000000
   sum over m      0.014836412  0.014836412   0.029672824   0.000000000
   sum over m+mul  0.558922741  0.558922741   1.117845483   0.000000000
  px          0    0.420489255  0.420489255   0.840978509   0.000000000
  py          0    0.420561301  0.420561301   0.841122603   0.000000000
  pz          0    0.490336500  0.490336500   0.980673000   0.000000000
   sum over m      1.331387056  1.331387056   2.662774111   0.000000000
  px          1    0.029701250  0.029701250   0.059402500   0.000000000
  py          1    0.029757278  0.029757278   0.059514557   0.000000000
  pz          1   -0.009778176 -0.009778176  -0.019556352   0.000000000
   sum over m      0.049680352  0.049680352   0.099360704   0.000000000
   sum over m+mul  1.381067408  1.381067408   2.762134815   0.000000000
  d3z^2-r^2   0    0.002825752  0.002825752   0.005651504   0.000000000
  dx^2-y^2    0    0.018902370  0.018902370   0.037804739   0.000000000
  dxy         0    0.018899169  0.018899169   0.037798337   0.000000000
  dxz         0    0.009683244  0.009683244   0.019366488   0.000000000
  dyz         0    0.009678149  0.009678149   0.019356299   0.000000000
   sum over m      0.059988684  0.059988684   0.119977368   0.000000000
   sum over m+mul  0.059988684  0.059988684   0.119977368   0.000000000

   33    C          Up spin      Down spin     Sum           Diff
            multiple
  s           0    0.543981044  0.543981044   1.087962087   0.000000000
   sum over m      0.543981044  0.543981044   1.087962087   0.000000000
  s           1    0.014793693  0.014793693   0.029587386   0.000000000
   sum over m      0.014793693  0.014793693   0.029587386   0.000000000
   sum over m+mul  0.558774737  0.558774737   1.117549474   0.000000000
  px          0    0.420443346  0.420443346   0.840886692   0.000000000
  py          0    0.420476300  0.420476300   0.840952599   0.000000000
  pz          0    0.490578858  0.490578858   0.981157717   0.000000000
   sum over m      1.331498504  1.331498504   2.662997008   0.000000000
  px          1    0.029674912  0.029674912   0.059349825   0.000000000
  py          1    0.029696600  0.029696600   0.059393200   0.000000000
  pz          1   -0.009775390 -0.009775390  -0.019550780   0.000000000
   sum over m      0.049596123  0.049596123   0.099192245   0.000000000
   sum over m+mul  1.381094627  1.381094627   2.762189253   0.000000000
  d3z^2-r^2   0    0.002823161  0.002823161   0.005646321   0.000000000
  dx^2-y^2    0    0.018902438  0.018902438   0.037804876   0.000000000
  dxy         0    0.018884081  0.018884081   0.037768162   0.000000000
  dxz         0    0.009675076  0.009675076   0.019350152   0.000000000
  dyz         0    0.009670603  0.009670603   0.019341206   0.000000000
   sum over m      0.059955359  0.059955359   0.119910717   0.000000000
   sum over m+mul  0.059955359  0.059955359   0.119910717   0.000000000

   34    C          Up spin      Down spin     Sum           Diff
            multiple
  s           0    0.544996574  0.544996574   1.089993148   0.000000000
   sum over m      0.544996574  0.544996574   1.089993148   0.000000000
  s           1    0.014730385  0.014730385   0.029460770   0.000000000
   sum over m      0.014730385  0.014730385   0.029460770   0.000000000
   sum over m+mul  0.559726959  0.559726959   1.119453919   0.000000000
  px          0    0.421142446  0.421142446   0.842284892   0.000000000
  py          0    0.420564399  0.420564399   0.841128798   0.000000000
  pz          0    0.490408127  0.490408127   0.980816255   0.000000000
   sum over m      1.332114973  1.332114973   2.664229945   0.000000000
  px          1    0.029245847  0.029245847   0.058491694   0.000000000
  py          1    0.029752672  0.029752672   0.059505345   0.000000000
  pz          1   -0.009747619 -0.009747619  -0.019495237   0.000000000
   sum over m      0.049250901  0.049250901   0.098501802   0.000000000
   sum over m+mul  1.381365874  1.381365874   2.762731747   0.000000000
  d3z^2-r^2   0    0.002827382  0.002827382   0.005654763   0.000000000
  dx^2-y^2    0    0.018781678  0.018781678   0.037563356   0.000000000
  dxy         0    0.018883480  0.018883480   0.037766960   0.000000000
  dxz         0    0.009569377  0.009569377   0.019138754   0.000000000
  dyz         0    0.009681051  0.009681051   0.019362103   0.000000000
   sum over m      0.059742968  0.059742968   0.119485936   0.000000000
   sum over m+mul  0.059742968  0.059742968   0.119485936   0.000000000

   35    C          Up spin      Down spin     Sum           Diff
            multiple
  s           0    0.543935061  0.543935061   1.087870121   0.000000000
   sum over m      0.543935061  0.543935061   1.087870121   0.000000000
  s           1    0.014843220  0.014843220   0.029686440   0.000000000
   sum over m      0.014843220  0.014843220   0.029686440   0.000000000
   sum over m+mul  0.558778281  0.558778281   1.117556561   0.000000000
  px          0    0.420455251  0.420455251   0.840910503   0.000000000
  py          0    0.420568227  0.420568227   0.841136453   0.000000000
  pz          0    0.490243979  0.490243979   0.980487959   0.000000000
   sum over m      1.331267457  1.331267457   2.662534915   0.000000000
  px          1    0.029734370  0.029734370   0.059468739   0.000000000
  py          1    0.029783440  0.029783440   0.059566881   0.000000000
  pz          1   -0.009784303 -0.009784303  -0.019568607   0.000000000
   sum over m      0.049733506  0.049733506   0.099467013   0.000000000
   sum over m+mul  1.381000964  1.381000964   2.762001927   0.000000000
  d3z^2-r^2   0    0.002825963  0.002825963   0.005651927   0.000000000
  dx^2-y^2    0    0.018913883  0.018913883   0.037827766   0.000000000
  dxy         0    0.018896130  0.018896130   0.037792261   0.000000000
  dxz         0    0.009675860  0.009675860   0.019351720   0.000000000
  dyz         0    0.009671910  0.009671910   0.019343820   0.000000000
   sum over m      0.059983746  0.059983746   0.119967493   0.000000000
   sum over m+mul  0.059983746  0.059983746   0.119967493   0.000000000

   36    C          Up spin      Down spin     Sum           Diff
            multiple
  s           0    0.544026598  0.544026598   1.088053196   0.000000000
   sum over m      0.544026598  0.544026598   1.088053196   0.000000000
  s           1    0.014838333  0.014838333   0.029676666   0.000000000
   sum over m      0.014838333  0.014838333   0.029676666   0.000000000
   sum over m+mul  0.558864931  0.558864931   1.117729862   0.000000000
  px          0    0.420476127  0.420476127   0.840952253   0.000000000
  py          0    0.420547836  0.420547836   0.841095671   0.000000000
  pz          0    0.490462427  0.490462427   0.980924853   0.000000000
   sum over m      1.331486389  1.331486389   2.662972778   0.000000000
  px          1    0.029701106  0.029701106   0.059402211   0.000000000
  py          1    0.029769739  0.029769739   0.059539477   0.000000000
  pz          1   -0.009764344 -0.009764344  -0.019528689   0.000000000
   sum over m      0.049706500  0.049706500   0.099413000   0.000000000
   sum over m+mul  1.381192889  1.381192889   2.762385778   0.000000000
  d3z^2-r^2   0    0.002825507  0.002825507   0.005651014   0.000000000
  dx^2-y^2    0    0.018895512  0.018895512   0.037791024   0.000000000
  dxy         0    0.018898679  0.018898679   0.037797357   0.000000000
  dxz         0    0.009669969  0.009669969   0.019339938   0.000000000
  dyz         0    0.009672638  0.009672638   0.019345276   0.000000000
   sum over m      0.059962304  0.059962304   0.119924609   0.000000000
   sum over m+mul  0.059962304  0.059962304   0.119924609   0.000000000

   37    C          Up spin      Down spin     Sum           Diff
            multiple
  s           0    0.544033064  0.544033064   1.088066127   0.000000000
   sum over m      0.544033064  0.544033064   1.088066127   0.000000000
  s           1    0.014839157  0.014839157   0.029678315   0.000000000
   sum over m      0.014839157  0.014839157   0.029678315   0.000000000
   sum over m+mul  0.558872221  0.558872221   1.117744442   0.000000000
  px          0    0.420482448  0.420482448   0.840964895   0.000000000
  py          0    0.420556055  0.420556055   0.841112110   0.000000000
  pz          0    0.490412188  0.490412188   0.980824377   0.000000000
   sum over m      1.331450691  1.331450691   2.662901382   0.000000000
  px          1    0.029704724  0.029704724   0.059409447   0.000000000
  py          1    0.029760606  0.029760606   0.059521212   0.000000000
  pz          1   -0.009768548 -0.009768548  -0.019537096   0.000000000
   sum over m      0.049696782  0.049696782   0.099393564   0.000000000
   sum over m+mul  1.381147473  1.381147473   2.762294945   0.000000000
  d3z^2-r^2   0    0.002825579  0.002825579   0.005651158   0.000000000
  dx^2-y^2    0    0.018897193  0.018897193   0.037794387   0.000000000
  dxy         0    0.018899450  0.018899450   0.037798899   0.000000000
  dxz         0    0.009677483  0.009677483   0.019354966   0.000000000
  dyz         0    0.009672744  0.009672744   0.019345488   0.000000000
   sum over m      0.059972449  0.059972449   0.119944897   0.000000000
   sum over m+mul  0.059972449  0.059972449   0.119944897   0.000000000

   38    C          Up spin      Down spin     Sum           Diff
            multiple
  s           0    0.544034062  0.544034062   1.088068125   0.000000000
   sum over m      0.544034062  0.544034062   1.088068125   0.000000000
  s           1    0.014838209  0.014838209   0.029676418   0.000000000
   sum over m      0.014838209  0.014838209   0.029676418   0.000000000
   sum over m+mul  0.558872271  0.558872271   1.117744543   0.000000000
  px          0    0.420484985  0.420484985   0.840969970   0.000000000
  py          0    0.420559769  0.420559769   0.841119538   0.000000000
  pz          0    0.490407790  0.490407790   0.980815580   0.000000000
   sum over m      1.331452544  1.331452544   2.662905089   0.000000000
  px          1    0.029702953  0.029702953   0.059405906   0.000000000
  py          1    0.029760406  0.029760406   0.059520813   0.000000000
  pz          1   -0.009767192 -0.009767192  -0.019534385   0.000000000
   sum over m      0.049696167  0.049696167   0.099392334   0.000000000
   sum over m+mul  1.381148711  1.381148711   2.762297423   0.000000000
  d3z^2-r^2   0    0.002825600  0.002825600   0.005651200   0.000000000
  dx^2-y^2    0    0.018897461  0.018897461   0.037794922   0.000000000
  dxy         0    0.018899700  0.018899700   0.037799401   0.000000000
  dxz         0    0.009672615  0.009672615   0.019345231   0.000000000
  dyz         0    0.009674949  0.009674949   0.019349898   0.000000000
   sum over m      0.059970326  0.059970326   0.119940651   0.000000000
   sum over m+mul  0.059970326  0.059970326   0.119940651   0.000000000

   39    C          Up spin      Down spin     Sum           Diff
            multiple
  s           0    0.544030622  0.544030622   1.088061243   0.000000000
   sum over m      0.544030622  0.544030622   1.088061243   0.000000000
  s           1    0.014838165  0.014838165   0.029676330   0.000000000
   sum over m      0.014838165  0.014838165   0.029676330   0.000000000
   sum over m+mul  0.558868787  0.558868787   1.117737574   0.000000000
  px          0    0.420488169  0.420488169   0.840976337   0.000000000
  py          0    0.420558799  0.420558799   0.841117599   0.000000000
  pz          0    0.490414296  0.490414296   0.980828592   0.000000000
   sum over m      1.331461264  1.331461264   2.662922528   0.000000000
  px          1    0.029702428  0.029702428   0.059404857   0.000000000
  py          1    0.029760744  0.029760744   0.059521489   0.000000000
  pz          1   -0.009768302 -0.009768302  -0.019536603   0.000000000
   sum over m      0.049694871  0.049694871   0.099389742   0.000000000
   sum over m+mul  1.381156135  1.381156135   2.762312270   0.000000000
  d3z^2-r^2   0    0.002825637  0.002825637   0.005651275   0.000000000
  dx^2-y^2    0    0.018897841  0.018897841   0.037795681   0.000000000
  dxy         0    0.018899364  0.018899364   0.037798728   0.000000000
  dxz         0    0.009674252  0.009674252   0.019348505   0.000000000
  dyz         0    0.009674712  0.009674712   0.019349425   0.000000000
   sum over m      0.059971807  0.059971807   0.119943614   0.000000000
   sum over m+mul  0.059971807  0.059971807   0.119943614   0.000000000

   40    C          Up spin      Down spin     Sum           Diff
            multiple
  s           0    0.544030261  0.544030261   1.088060523   0.000000000
   sum over m      0.544030261  0.544030261   1.088060523   0.000000000
  s           1    0.014838237  0.014838237   0.029676474   0.000000000
   sum over m      0.014838237  0.014838237   0.029676474   0.000000000
   sum over m+mul  0.558868498  0.558868498   1.117736997   0.000000000
  px          0    0.420486536  0.420486536   0.840973071   0.000000000
  py          0    0.420560272  0.420560272   0.841120544   0.000000000
  pz          0    0.490417339  0.490417339   0.980834678   0.000000000
   sum over m      1.331464147  1.331464147   2.662928294   0.000000000
  px          1    0.029702772  0.029702772   0.059405543   0.000000000
  py          1    0.029760630  0.029760630   0.059521261   0.000000000
  pz          1   -0.009768827 -0.009768827  -0.019537653   0.000000000
   sum over m      0.049694575  0.049694575   0.099389151   0.000000000
   sum over m+mul  1.381158722  1.381158722   2.762317445   0.000000000
  d3z^2-r^2   0    0.002825646  0.002825646   0.005651292   0.000000000
  dx^2-y^2    0    0.018897628  0.018897628   0.037795257   0.000000000
  dxy         0    0.018899510  0.018899510   0.037799019   0.000000000
  dxz         0    0.009673921  0.009673921   0.019347842   0.000000000
  dyz         0    0.009675232  0.009675232   0.019350465   0.000000000
   sum over m      0.059971937  0.059971937   0.119943875   0.000000000
   sum over m+mul  0.059971937  0.059971937   0.119943875   0.000000000

   41    C          Up spin      Down spin     Sum           Diff
            multiple
  s           0    0.544028789  0.544028789   1.088057578   0.000000000
   sum over m      0.544028789  0.544028789   1.088057578   0.000000000
  s           1    0.014838262  0.014838262   0.029676523   0.000000000
   sum over m      0.014838262  0.014838262   0.029676523   0.000000000
   sum over m+mul  0.558867051  0.558867051   1.117734101   0.000000000
  px          0    0.420486729  0.420486729   0.840973458   0.000000000
  py          0    0.420558369  0.420558369   0.841116739   0.000000000
  pz          0    0.490421193  0.490421193   0.980842385   0.000000000
   sum over m      1.331466291  1.331466291   2.662932582   0.000000000
  px          1    0.029702641  0.029702641   0.059405282   0.000000000
  py          1    0.029760625  0.029760625   0.059521251   0.000000000
  pz          1   -0.009768653 -0.009768653  -0.019537306   0.000000000
   sum over m      0.049694613  0.049694613   0.099389226   0.000000000
   sum over m+mul  1.381160904  1.381160904   2.762321808   0.000000000
  d3z^2-r^2   0    0.002825648  0.002825648   0.005651295   0.000000000
  dx^2-y^2    0    0.018897825  0.018897825   0.037795649   0.000000000
  dxy         0    0.018899285  0.018899285   0.037798570   0.000000000
  dxz         0    0.009673655  0.009673655   0.019347309   0.000000000
  dyz         0    0.009674937  0.009674937   0.019349874   0.000000000
   sum over m      0.059971349  0.059971349   0.119942698   0.000000000
   sum over m+mul  0.059971349  0.059971349   0.119942698   0.000000000

   42    C          Up spin      Down spin     Sum           Diff
            multiple
  s           0    0.544029338  0.544029338   1.088058676   0.000000000
   sum over m      0.544029338  0.544029338   1.088058676   0.000000000
  s           1    0.014838299  0.014838299   0.029676597   0.000000000
   sum over m      0.014838299  0.014838299   0.029676597   0.000000000
   sum over m+mul  0.558867637  0.558867637   1.117735274   0.000000000
  px          0    0.420486167  0.420486167   0.840972334   0.000000000
  py          0    0.420559925  0.420559925   0.841119850   0.000000000
  pz          0    0.490420021  0.490420021   0.980840043   0.000000000
   sum over m      1.331466113  1.331466113   2.662932226   0.000000000
  px          1    0.029702725  0.029702725   0.059405450   0.000000000
  py          1    0.029760632  0.029760632   0.059521263   0.000000000
  pz          1   -0.009768907 -0.009768907  -0.019537813   0.000000000
   sum over m      0.049694450  0.049694450   0.099388899   0.000000000
   sum over m+mul  1.381160563  1.381160563   2.762321126   0.000000000
  d3z^2-r^2   0    0.002825657  0.002825657   0.005651314   0.000000000
  dx^2-y^2    0    0.018897653  0.018897653   0.037795306   0.000000000
  dxy         0    0.018899390  0.018899390   0.037798779   0.000000000
  dxz         0    0.009673610  0.009673610   0.019347220   0.000000000
  dyz         0    0.009675179  0.009675179   0.019350359   0.000000000
   sum over m      0.059971489  0.059971489   0.119942978   0.000000000
   sum over m+mul  0.059971489  0.059971489   0.119942978   0.000000000

   43    C          Up spin      Down spin     Sum           Diff
            multiple
  s           0    0.544030161  0.544030161   1.088060322   0.000000000
   sum over m      0.544030161  0.544030161   1.088060322   0.000000000
  s           1    0.014838167  0.014838167   0.029676334   0.000000000
   sum over m      0.014838167  0.014838167   0.029676334   0.000000000
   sum over m+mul  0.558868328  0.558868328   1.117736656   0.000000000
  px          0    0.420487251  0.420487251   0.840974502   0.000000000
  py          0    0.420558547  0.420558547   0.841117094   0.000000000
  pz          0    0.490417911  0.490417911   0.980835823   0.000000000
   sum over m      1.331463709  1.331463709   2.662927419   0.000000000
  px          1    0.029702876  0.029702876   0.059405752   0.000000000
  py          1    0.029760109  0.029760109   0.059520217   0.000000000
  pz          1   -0.009768718 -0.009768718  -0.019537436   0.000000000
   sum over m      0.049694267  0.049694267   0.099388533   0.000000000
   sum over m+mul  1.381157976  1.381157976   2.762315952   0.000000000
  d3z^2-r^2   0    0.002825639  0.002825639   0.005651278   0.000000000
  dx^2-y^2    0    0.018897780  0.018897780   0.037795561   0.000000000
  dxy         0    0.018899143  0.018899143   0.037798287   0.000000000
  dxz         0    0.009673818  0.009673818   0.019347636   0.000000000
  dyz         0    0.009675416  0.009675416   0.019350833   0.000000000
   sum over m      0.059971797  0.059971797   0.119943594   0.000000000
   sum over m+mul  0.059971797  0.059971797   0.119943594   0.000000000

   44    C          Up spin      Down spin     Sum           Diff
            multiple
  s           0    0.544027947  0.544027947   1.088055893   0.000000000
   sum over m      0.544027947  0.544027947   1.088055893   0.000000000
  s           1    0.014837829  0.014837829   0.029675658   0.000000000
   sum over m      0.014837829  0.014837829   0.029675658   0.000000000
   sum over m+mul  0.558865775  0.558865775   1.117731551   0.000000000
  px          0    0.420483105  0.420483105   0.840966210   0.000000000
  py          0    0.420558374  0.420558374   0.841116749   0.000000000
  pz          0    0.490427265  0.490427265   0.980854531   0.000000000
   sum over m      1.331468745  1.331468745   2.662937489   0.000000000
  px          1    0.029702158  0.029702158   0.059404316   0.000000000
  py          1    0.029759399  0.029759399   0.059518798   0.000000000
  pz          1   -0.009768957 -0.009768957  -0.019537914   0.000000000
   sum over m      0.049692600  0.049692600   0.099385200   0.000000000
   sum over m+mul  1.381161345  1.381161345   2.762322690   0.000000000
  d3z^2-r^2   0    0.002825655  0.002825655   0.005651309   0.000000000
  dx^2-y^2    0    0.018897050  0.018897050   0.037794100   0.000000000
  dxy         0    0.018899235  0.018899235   0.037798470   0.000000000
  dxz         0    0.009674742  0.009674742   0.019349485   0.000000000
  dyz         0    0.009674844  0.009674844   0.019349689   0.000000000
   sum over m      0.059971526  0.059971526   0.119943053   0.000000000
   sum over m+mul  0.059971526  0.059971526   0.119943053   0.000000000

   45    C          Up spin      Down spin     Sum           Diff
            multiple
  s           0    0.544027518  0.544027518   1.088055036   0.000000000
   sum over m      0.544027518  0.544027518   1.088055036   0.000000000
  s           1    0.014837237  0.014837237   0.029674474   0.000000000
   sum over m      0.014837237  0.014837237   0.029674474   0.000000000
   sum over m+mul  0.558864755  0.558864755   1.117729510   0.000000000
  px          0    0.420492389  0.420492389   0.840984779   0.000000000
  py          0    0.420539018  0.420539018   0.841078037   0.000000000
  pz          0    0.490440094  0.490440094   0.980880187   0.000000000
   sum over m      1.331471501  1.331471501   2.662943002   0.000000000
  px          1    0.029702941  0.029702941   0.059405882   0.000000000
  py          1    0.029755019  0.029755019   0.059510038   0.000000000
  pz          1   -0.009768261 -0.009768261  -0.019536522   0.000000000
   sum over m      0.049689699  0.049689699   0.099379398   0.000000000
   sum over m+mul  1.381161200  1.381161200   2.762322400   0.000000000
  d3z^2-r^2   0    0.002825594  0.002825594   0.005651188   0.000000000
  dx^2-y^2    0    0.018898790  0.018898790   0.037797580   0.000000000
  dxy         0    0.018896007  0.018896007   0.037792014   0.000000000
  dxz         0    0.009674419  0.009674419   0.019348838   0.000000000
  dyz         0    0.009675992  0.009675992   0.019351983   0.000000000
   sum over m      0.059970802  0.059970802   0.119941603   0.000000000
   sum over m+mul  0.059970802  0.059970802   0.119941603   0.000000000

   46    C          Up spin      Down spin     Sum           Diff
            multiple
  s           0    0.544042642  0.544042642   1.088085285   0.000000000
   sum over m      0.544042642  0.544042642   1.088085285   0.000000000
  s           1    0.014834939  0.014834939   0.029669878   0.000000000
   sum over m      0.014834939  0.014834939   0.029669878   0.000000000
   sum over m+mul  0.558877582  0.558877582   1.117755163   0.000000000
  px          0    0.420456318  0.420456318   0.840912635   0.000000000
  py          0    0.420553588  0.420553588   0.841107177   0.000000000
  pz          0    0.490437942  0.490437942   0.980875883   0.000000000
   sum over m      1.331447848  1.331447848   2.662895695   0.000000000
  px          1    0.029689071  0.029689071   0.059378141   0.000000000
  py          1    0.029758235  0.029758235   0.059516471   0.000000000
  pz          1   -0.009766655 -0.009766655  -0.019533311   0.000000000
   sum over m      0.049680651  0.049680651   0.099361301   0.000000000
   sum over m+mul  1.381128498  1.381128498   2.762256997   0.000000000
  d3z^2-r^2   0    0.002825949  0.002825949   0.005651898   0.000000000
  dx^2-y^2    0    0.018892997  0.018892997   0.037785993   0.000000000
  dxy         0    0.018898221  0.018898221   0.037796443   0.000000000
  dxz         0    0.009677444  0.009677444   0.019354887   0.000000000
  dyz         0    0.009676363  0.009676363   0.019352725   0.000000000
   sum over m      0.059970973  0.059970973   0.119941947   0.000000000
   sum over m+mul  0.059970973  0.059970973   0.119941947   0.000000000

   47    C          Up spin      Down spin     Sum           Diff
            multiple
  s           0    0.543977166  0.543977166   1.087954331   0.000000000
   sum over m      0.543977166  0.543977166   1.087954331   0.000000000
  s           1    0.014793864  0.014793864   0.029587729   0.000000000
   sum over m      0.014793864  0.014793864   0.029587729   0.000000000
   sum over m+mul  0.558771030  0.558771030   1.117542060   0.000000000
  px          0    0.420443550  0.420443550   0.840887100   0.000000000
  py          0    0.420479984  0.420479984   0.840959968   0.000000000
  pz          0    0.490579567  0.490579567   0.981159134   0.000000000
   sum over m      1.331503101  1.331503101   2.663006202   0.000000000
  px          1    0.029674986  0.029674986   0.059349972   0.000000000
  py          1    0.029694992  0.029694992   0.059389985   0.000000000
  pz          1   -0.009775392 -0.009775392  -0.019550784   0.000000000
   sum over m      0.049594586  0.049594586   0.099189172   0.000000000
   sum over m+mul  1.381097687  1.381097687   2.762195374   0.000000000
  d3z^2-r^2   0    0.002823144  0.002823144   0.005646288   0.000000000
  dx^2-y^2    0    0.018902429  0.018902429   0.037804858   0.000000000
  dxy         0    0.018884041  0.018884041   0.037768083   0.000000000
  dxz         0    0.009675093  0.009675093   0.019350186   0.000000000
  dyz         0    0.009670617  0.009670617   0.019341233   0.000000000
   sum over m      0.059955324  0.059955324   0.119910648   0.000000000
   sum over m+mul  0.059955324  0.059955324   0.119910648   0.000000000

   48    C          Up spin      Down spin     Sum           Diff
            multiple
  s           0    0.544992675  0.544992675   1.089985350   0.000000000
   sum over m      0.544992675  0.544992675   1.089985350   0.000000000
  s           1    0.014728624  0.014728624   0.029457249   0.000000000
   sum over m      0.014728624  0.014728624   0.029457249   0.000000000
   sum over m+mul  0.559721299  0.559721299   1.119442599   0.000000000
  px          0    0.421141948  0.421141948   0.842283895   0.000000000
  py          0    0.420565997  0.420565997   0.841131994   0.000000000
  pz          0    0.490407283  0.490407283   0.980814567   0.000000000
   sum over m      1.332115228  1.332115228   2.664230456   0.000000000
  px          1    0.029248836  0.029248836   0.058497673   0.000000000
  py          1    0.029756307  0.029756307   0.059512614   0.000000000
  pz          1   -0.009747429 -0.009747429  -0.019494857   0.000000000
   sum over m      0.049257715  0.049257715   0.098515430   0.000000000
   sum over m+mul  1.381372943  1.381372943   2.762745886   0.000000000
  d3z^2-r^2   0    0.002827292  0.002827292   0.005654584   0.000000000
  dx^2-y^2    0    0.018781563  0.018781563   0.037563127   0.000000000
  dxy         0    0.018884504  0.018884504   0.037769007   0.000000000
  dxz         0    0.009569428  0.009569428   0.019138856   0.000000000
  dyz         0    0.009681087  0.009681087   0.019362175   0.000000000
   sum over m      0.059743874  0.059743874   0.119487749   0.000000000
   sum over m+mul  0.059743874  0.059743874   0.119487749   0.000000000

   49    C          Up spin      Down spin     Sum           Diff
            multiple
  s           0    0.544010115  0.544010115   1.088020230   0.000000000
   sum over m      0.544010115  0.544010115   1.088020230   0.000000000
  s           1    0.014844495  0.014844495   0.029688991   0.000000000
   sum over m      0.014844495  0.014844495   0.029688991   0.000000000
   sum over m+mul  0.558854611  0.558854611   1.117709221   0.000000000
  px          0    0.421251615  0.421251615   0.842503230   0.000000000
  py          0    0.419772693  0.419772693   0.839545386   0.000000000
  pz          0    0.490414416  0.490414416   0.980828833   0.000000000
   sum over m      1.331438724  1.331438724   2.662877449   0.000000000
  px          1    0.028916465  0.028916465   0.057832931   0.000000000
  py          1    0.030548971  0.030548971   0.061097942   0.000000000
  pz          1   -0.009766738 -0.009766738  -0.019533476   0.000000000
   sum over m      0.049698699  0.049698699   0.099397397   0.000000000
   sum over m+mul  1.381137423  1.381137423   2.762274846   0.000000000
  d3z^2-r^2   0    0.002825416  0.002825416   0.005650832   0.000000000
  dx^2-y^2    0    0.018688827  0.018688827   0.037377655   0.000000000
  dxy         0    0.019112652  0.019112652   0.038225303   0.000000000
  dxz         0    0.009479155  0.009479155   0.018958310   0.000000000
  dyz         0    0.009872062  0.009872062   0.019744125   0.000000000
   sum over m      0.059978113  0.059978113   0.119956225   0.000000000
   sum over m+mul  0.059978113  0.059978113   0.119956225   0.000000000

   50    C          Up spin      Down spin     Sum           Diff
            multiple
  s           0    0.542064714  0.542064714   1.084129428   0.000000000
   sum over m      0.542064714  0.542064714   1.084129428   0.000000000
  s           1    0.015062968  0.015062968   0.030125935   0.000000000
   sum over m      0.015062968  0.015062968   0.030125935   0.000000000
   sum over m+mul  0.557127682  0.557127682   1.114255364   0.000000000
  px          0    0.419937548  0.419937548   0.839875096   0.000000000
  py          0    0.419805447  0.419805447   0.839610895   0.000000000
  pz          0    0.490437115  0.490437115   0.980874230   0.000000000
   sum over m      1.330180110  1.330180110   2.660360221   0.000000000
  px          1    0.029753139  0.029753139   0.059506277   0.000000000
  py          1    0.030657356  0.030657356   0.061314711   0.000000000
  pz          1   -0.009808361 -0.009808361  -0.019616722   0.000000000
   sum over m      0.050602133  0.050602133   0.101204266   0.000000000
   sum over m+mul  1.380782244  1.380782244   2.761564487   0.000000000
  d3z^2-r^2   0    0.002822069  0.002822069   0.005644139   0.000000000
  dx^2-y^2    0    0.018947989  0.018947989   0.037895978   0.000000000
  dxy         0    0.019116448  0.019116448   0.038232895   0.000000000
  dxz         0    0.009689639  0.009689639   0.019379279   0.000000000
  dyz         0    0.009857289  0.009857289   0.019714578   0.000000000
   sum over m      0.060433434  0.060433434   0.120866868   0.000000000
   sum over m+mul  0.060433434  0.060433434   0.120866868   0.000000000

   51    C          Up spin      Down spin     Sum           Diff
            multiple
  s           0    0.544167654  0.544167654   1.088335309   0.000000000
   sum over m      0.544167654  0.544167654   1.088335309   0.000000000
  s           1    0.014873105  0.014873105   0.029746210   0.000000000
   sum over m      0.014873105  0.014873105   0.029746210   0.000000000
   sum over m+mul  0.559040759  0.559040759   1.118081519   0.000000000
  px          0    0.420537781  0.420537781   0.841075562   0.000000000
  py          0    0.420676881  0.420676881   0.841353762   0.000000000
  pz          0    0.490438691  0.490438691   0.980877382   0.000000000
   sum over m      1.331653353  1.331653353   2.663306706   0.000000000
  px          1    0.029649648  0.029649648   0.059299297   0.000000000
  py          1    0.029872085  0.029872085   0.059744171   0.000000000
  pz          1   -0.009746663 -0.009746663  -0.019493326   0.000000000
   sum over m      0.049775071  0.049775071   0.099550141   0.000000000
   sum over m+mul  1.381428423  1.381428423   2.762856847   0.000000000
  d3z^2-r^2   0    0.002827973  0.002827973   0.005655947   0.000000000
  dx^2-y^2    0    0.018889800  0.018889800   0.037779600   0.000000000
  dxy         0    0.018901342  0.018901342   0.037802684   0.000000000
  dxz         0    0.009671666  0.009671666   0.019343333   0.000000000
  dyz         0    0.009681527  0.009681527   0.019363053   0.000000000
   sum over m      0.059972309  0.059972309   0.119944617   0.000000000
   sum over m+mul  0.059972309  0.059972309   0.119944617   0.000000000

   52    C          Up spin      Down spin     Sum           Diff
            multiple
  s           0    0.544026023  0.544026023   1.088052047   0.000000000
   sum over m      0.544026023  0.544026023   1.088052047   0.000000000
  s           1    0.014840636  0.014840636   0.029681273   0.000000000
   sum over m      0.014840636  0.014840636   0.029681273   0.000000000
   sum over m+mul  0.558866660  0.558866660   1.117733319   0.000000000
  px          0    0.420493432  0.420493432   0.840986864   0.000000000
  py          0    0.420580188  0.420580188   0.841160376   0.000000000
  pz          0    0.490416128  0.490416128   0.980832256   0.000000000
   sum over m      1.331489748  1.331489748   2.662979496   0.000000000
  px          1    0.029699025  0.029699025   0.059398049   0.000000000
  py          1    0.029775754  0.029775754   0.059551508   0.000000000
  pz          1   -0.009772778 -0.009772778  -0.019545555   0.000000000
   sum over m      0.049702001  0.049702001   0.099404002   0.000000000
   sum over m+mul  1.381191749  1.381191749   2.762383498   0.000000000
  d3z^2-r^2   0    0.002825459  0.002825459   0.005650919   0.000000000
  dx^2-y^2    0    0.018896304  0.018896304   0.037792608   0.000000000
  dxy         0    0.018898226  0.018898226   0.037796452   0.000000000
  dxz         0    0.009675941  0.009675941   0.019351882   0.000000000
  dyz         0    0.009677176  0.009677176   0.019354351   0.000000000
   sum over m      0.059973106  0.059973106   0.119946212   0.000000000
   sum over m+mul  0.059973106  0.059973106   0.119946212   0.000000000

   53    C          Up spin      Down spin     Sum           Diff
            multiple
  s           0    0.544027521  0.544027521   1.088055043   0.000000000
   sum over m      0.544027521  0.544027521   1.088055043   0.000000000
  s           1    0.014839537  0.014839537   0.029679073   0.000000000
   sum over m      0.014839537  0.014839537   0.029679073   0.000000000
   sum over m+mul  0.558867058  0.558867058   1.117734116   0.000000000
  px          0    0.420486049  0.420486049   0.840972098   0.000000000
  py          0    0.420556238  0.420556238   0.841112476   0.000000000
  pz          0    0.490421259  0.490421259   0.980842518   0.000000000
   sum over m      1.331463546  1.331463546   2.662927092   0.000000000
  px          1    0.029703813  0.029703813   0.059407627   0.000000000
  py          1    0.029763533  0.029763533   0.059527067   0.000000000
  pz          1   -0.009768590 -0.009768590  -0.019537181   0.000000000
   sum over m      0.049698757  0.049698757   0.099397513   0.000000000
   sum over m+mul  1.381162303  1.381162303   2.762324605   0.000000000
  d3z^2-r^2   0    0.002825694  0.002825694   0.005651387   0.000000000
  dx^2-y^2    0    0.018898342  0.018898342   0.037796684   0.000000000
  dxy         0    0.018899355  0.018899355   0.037798711   0.000000000
  dxz         0    0.009671235  0.009671235   0.019342471   0.000000000
  dyz         0    0.009674129  0.009674129   0.019348257   0.000000000
   sum over m      0.059968755  0.059968755   0.119937510   0.000000000
   sum over m+mul  0.059968755  0.059968755   0.119937510   0.000000000

   54    C          Up spin      Down spin     Sum           Diff
            multiple
  s           0    0.544030042  0.544030042   1.088060084   0.000000000
   sum over m      0.544030042  0.544030042   1.088060084   0.000000000
  s           1    0.014838508  0.014838508   0.029677015   0.000000000
   sum over m      0.014838508  0.014838508   0.029677015   0.000000000
   sum over m+mul  0.558868549  0.558868549   1.117737099   0.000000000
  px          0    0.420486736  0.420486736   0.840973473   0.000000000
  py          0    0.420561377  0.420561377   0.841122753   0.000000000
  pz          0    0.490417214  0.490417214   0.980834428   0.000000000
   sum over m      1.331465327  1.331465327   2.662930654   0.000000000
  px          1    0.029702695  0.029702695   0.059405390   0.000000000
  py          1    0.029761334  0.029761334   0.059522669   0.000000000
  pz          1   -0.009768283 -0.009768283  -0.019536566   0.000000000
   sum over m      0.049695746  0.049695746   0.099391492   0.000000000
   sum over m+mul  1.381161073  1.381161073   2.762322146   0.000000000
  d3z^2-r^2   0    0.002825647  0.002825647   0.005651295   0.000000000
  dx^2-y^2    0    0.018897779  0.018897779   0.037795557   0.000000000
  dxy         0    0.018899281  0.018899281   0.037798562   0.000000000
  dxz         0    0.009673934  0.009673934   0.019347867   0.000000000
  dyz         0    0.009675777  0.009675777   0.019351555   0.000000000
   sum over m      0.059972418  0.059972418   0.119944836   0.000000000
   sum over m+mul  0.059972418  0.059972418   0.119944836   0.000000000

   55    C          Up spin      Down spin     Sum           Diff
            multiple
  s           0    0.544029102  0.544029102   1.088058204   0.000000000
   sum over m      0.544029102  0.544029102   1.088058204   0.000000000
  s           1    0.014838331  0.014838331   0.029676662   0.000000000
   sum over m      0.014838331  0.014838331   0.029676662   0.000000000
   sum over m+mul  0.558867433  0.558867433   1.117734866   0.000000000
  px          0    0.420486286  0.420486286   0.840972573   0.000000000
  py          0    0.420558952  0.420558952   0.841117904   0.000000000
  pz          0    0.490422507  0.490422507   0.980845015   0.000000000
   sum over m      1.331467746  1.331467746   2.662935491   0.000000000
  px          1    0.029702875  0.029702875   0.059405750   0.000000000
  py          1    0.029760678  0.029760678   0.059521357   0.000000000
  pz          1   -0.009769154 -0.009769154  -0.019538308   0.000000000
   sum over m      0.049694400  0.049694400   0.099388799   0.000000000
   sum over m+mul  1.381162145  1.381162145   2.762324290   0.000000000
  d3z^2-r^2   0    0.002825653  0.002825653   0.005651305   0.000000000
  dx^2-y^2    0    0.018897677  0.018897677   0.037795354   0.000000000
  dxy         0    0.018899419  0.018899419   0.037798837   0.000000000
  dxz         0    0.009673737  0.009673737   0.019347473   0.000000000
  dyz         0    0.009674905  0.009674905   0.019349809   0.000000000
   sum over m      0.059971389  0.059971389   0.119942779   0.000000000
   sum over m+mul  0.059971389  0.059971389   0.119942779   0.000000000

   56    C          Up spin      Down spin     Sum           Diff
            multiple
  s           0    0.544029597  0.544029597   1.088059195   0.000000000
   sum over m      0.544029597  0.544029597   1.088059195   0.000000000
  s           1    0.014838252  0.014838252   0.029676504   0.000000000
   sum over m      0.014838252  0.014838252   0.029676504   0.000000000
   sum over m+mul  0.558867850  0.558867850   1.117735699   0.000000000
  px          0    0.420486098  0.420486098   0.840972196   0.000000000
  py          0    0.420559533  0.420559533   0.841119066   0.000000000
  pz          0    0.490419322  0.490419322   0.980838643   0.000000000
   sum over m      1.331464953  1.331464953   2.662929905   0.000000000
  px          1    0.029702716  0.029702716   0.059405432   0.000000000
  py          1    0.029760568  0.029760568   0.059521136   0.000000000
  pz          1   -0.009768700 -0.009768700  -0.019537400   0.000000000
   sum over m      0.049694584  0.049694584   0.099389168   0.000000000
   sum over m+mul  1.381159536  1.381159536   2.762319073   0.000000000
  d3z^2-r^2   0    0.002825646  0.002825646   0.005651292   0.000000000
  dx^2-y^2    0    0.018897628  0.018897628   0.037795256   0.000000000
  dxy         0    0.018899425  0.018899425   0.037798850   0.000000000
  dxz         0    0.009673762  0.009673762   0.019347524   0.000000000
  dyz         0    0.009675103  0.009675103   0.019350207   0.000000000
   sum over m      0.059971564  0.059971564   0.119943128   0.000000000
   sum over m+mul  0.059971564  0.059971564   0.119943128   0.000000000

   57    C          Up spin      Down spin     Sum           Diff
            multiple
  s           0    0.544029284  0.544029284   1.088058569   0.000000000
   sum over m      0.544029284  0.544029284   1.088058569   0.000000000
  s           1    0.014838288  0.014838288   0.029676576   0.000000000
   sum over m      0.014838288  0.014838288   0.029676576   0.000000000
   sum over m+mul  0.558867572  0.558867572   1.117735144   0.000000000
  px          0    0.420485741  0.420485741   0.840971481   0.000000000
  py          0    0.420559956  0.420559956   0.841119912   0.000000000
  pz          0    0.490420780  0.490420780   0.980841560   0.000000000
   sum over m      1.331466477  1.331466477   2.662932953   0.000000000
  px          1    0.029702658  0.029702658   0.059405316   0.000000000
  py          1    0.029760674  0.029760674   0.059521348   0.000000000
  pz          1   -0.009768867 -0.009768867  -0.019537734   0.000000000
   sum over m      0.049694465  0.049694465   0.099388930   0.000000000
   sum over m+mul  1.381160942  1.381160942   2.762321883   0.000000000
  d3z^2-r^2   0    0.002825647  0.002825647   0.005651293   0.000000000
  dx^2-y^2    0    0.018897586  0.018897586   0.037795173   0.000000000
  dxy         0    0.018899501  0.018899501   0.037799002   0.000000000
  dxz         0    0.009673510  0.009673510   0.019347020   0.000000000
  dyz         0    0.009675051  0.009675051   0.019350102   0.000000000
   sum over m      0.059971295  0.059971295   0.119942589   0.000000000
   sum over m+mul  0.059971295  0.059971295   0.119942589   0.000000000

   58    C          Up spin      Down spin     Sum           Diff
            multiple
  s           0    0.544030207  0.544030207   1.088060413   0.000000000
   sum over m      0.544030207  0.544030207   1.088060413   0.000000000
  s           1    0.014838324  0.014838324   0.029676648   0.000000000
   sum over m      0.014838324  0.014838324   0.029676648   0.000000000
   sum over m+mul  0.558868530  0.558868530   1.117737061   0.000000000
  px          0    0.420488674  0.420488674   0.840977349   0.000000000
  py          0    0.420558479  0.420558479   0.841116958   0.000000000
  pz          0    0.490417061  0.490417061   0.980834123   0.000000000
   sum over m      1.331464215  1.331464215   2.662928430   0.000000000
  px          1    0.029702759  0.029702759   0.059405518   0.000000000
  py          1    0.029760617  0.029760617   0.059521235   0.000000000
  pz          1   -0.009768750 -0.009768750  -0.019537500   0.000000000
   sum over m      0.049694626  0.049694626   0.099389252   0.000000000
   sum over m+mul  1.381158841  1.381158841   2.762317682   0.000000000
  d3z^2-r^2   0    0.002825643  0.002825643   0.005651287   0.000000000
  dx^2-y^2    0    0.018897856  0.018897856   0.037795713   0.000000000
  dxy         0    0.018899161  0.018899161   0.037798321   0.000000000
  dxz         0    0.009674503  0.009674503   0.019349006   0.000000000
  dyz         0    0.009674879  0.009674879   0.019349759   0.000000000
   sum over m      0.059972043  0.059972043   0.119944086   0.000000000
   sum over m+mul  0.059972043  0.059972043   0.119944086   0.000000000

   59    C          Up spin      Down spin     Sum           Diff
            multiple
  s           0    0.544025798  0.544025798   1.088051596   0.000000000
   sum over m      0.544025798  0.544025798   1.088051596   0.000000000
  s           1    0.014838137  0.014838137   0.029676273   0.000000000
   sum over m      0.014838137  0.014838137   0.029676273   0.000000000
   sum over m+mul  0.558863935  0.558863935   1.117727869   0.000000000
  px          0    0.420483696  0.420483696   0.840967391   0.000000000
  py          0    0.420559231  0.420559231   0.841118462   0.000000000
  pz          0    0.490430919  0.490430919   0.980861839   0.000000000
   sum over m      1.331473846  1.331473846   2.662947692   0.000000000
  px          1    0.029702350  0.029702350   0.059404700   0.000000000
  py          1    0.029760535  0.029760535   0.059521070   0.000000000
  pz          1   -0.009768700 -0.009768700  -0.019537400   0.000000000
   sum over m      0.049694185  0.049694185   0.099388371   0.000000000
   sum over m+mul  1.381168031  1.381168031   2.762336062   0.000000000
  d3z^2-r^2   0    0.002825677  0.002825677   0.005651354   0.000000000
  dx^2-y^2    0    0.018897281  0.018897281   0.037794562   0.000000000
  dxy         0    0.018899582  0.018899582   0.037799163   0.000000000
  dxz         0    0.009673652  0.009673652   0.019347305   0.000000000
  dyz         0    0.009675278  0.009675278   0.019350556   0.000000000
   sum over m      0.059971470  0.059971470   0.119942940   0.000000000
   sum over m+mul  0.059971470  0.059971470   0.119942940   0.000000000

   60    C          Up spin      Down spin     Sum           Diff
            multiple
  s           0    0.544030909  0.544030909   1.088061817   0.000000000
   sum over m      0.544030909  0.544030909   1.088061817   0.000000000
  s           1    0.014838006  0.014838006   0.029676012   0.000000000
   sum over m      0.014838006  0.014838006   0.029676012   0.000000000
   sum over m+mul  0.558868915  0.558868915   1.117737829   0.000000000
  px          0    0.420488954  0.420488954   0.840977908   0.000000000
  py          0    0.420559466  0.420559466   0.841118932   0.000000000
  pz          0    0.490412419  0.490412419   0.980824838   0.000000000
   sum over m      1.331460839  1.331460839   2.662921678   0.000000000
  px          1    0.029702283  0.029702283   0.059404566   0.000000000
  py          1    0.029760700  0.029760700   0.059521400   0.000000000
  pz          1   -0.009767992 -0.009767992  -0.019535984   0.000000000
   sum over m      0.049694991  0.049694991   0.099389982   0.000000000
   sum over m+mul  1.381155830  1.381155830   2.762311660   0.000000000
  d3z^2-r^2   0    0.002825626  0.002825626   0.005651252   0.000000000
  dx^2-y^2    0    0.018897714  0.018897714   0.037795428   0.000000000
  dxy         0    0.018899335  0.018899335   0.037798671   0.000000000
  dxz         0    0.009674035  0.009674035   0.019348069   0.000000000
  dyz         0    0.009675281  0.009675281   0.019350562   0.000000000
   sum over m      0.059971991  0.059971991   0.119943982   0.000000000
   sum over m+mul  0.059971991  0.059971991   0.119943982   0.000000000

   61    C          Up spin      Down spin     Sum           Diff
            multiple
  s           0    0.544029642  0.544029642   1.088059285   0.000000000
   sum over m      0.544029642  0.544029642   1.088059285   0.000000000
  s           1    0.014837715  0.014837715   0.029675431   0.000000000
   sum over m      0.014837715  0.014837715   0.029675431   0.000000000
   sum over m+mul  0.558867358  0.558867358   1.117734715   0.000000000
  px          0    0.420470322  0.420470322   0.840940644   0.000000000
  py          0    0.420568481  0.420568481   0.841136962   0.000000000
  pz          0    0.490418086  0.490418086   0.980836173   0.000000000
   sum over m      1.331456889  1.331456889   2.662913778   0.000000000
  px          1    0.029701041  0.029701041   0.059402082   0.000000000
  py          1    0.029760057  0.029760057   0.059520115   0.000000000
  pz          1   -0.009766894 -0.009766894  -0.019533788   0.000000000
   sum over m      0.049694204  0.049694204   0.099388408   0.000000000
   sum over m+mul  1.381151093  1.381151093   2.762302187   0.000000000
  d3z^2-r^2   0    0.002825660  0.002825660   0.005651320   0.000000000
  dx^2-y^2    0    0.018895451  0.018895451   0.037790901   0.000000000
  dxy         0    0.018901048  0.018901048   0.037802096   0.000000000
  dxz         0    0.009671668  0.009671668   0.019343336   0.000000000
  dyz         0    0.009675202  0.009675202   0.019350404   0.000000000
   sum over m      0.059969029  0.059969029   0.119938057   0.000000000
   sum over m+mul  0.059969029  0.059969029   0.119938057   0.000000000

   62    C          Up spin      Down spin     Sum           Diff
            multiple
  s           0    0.544018314  0.544018314   1.088036628   0.000000000
   sum over m      0.544018314  0.544018314   1.088036628   0.000000000
  s           1    0.014839287  0.014839287   0.029678574   0.000000000
   sum over m      0.014839287  0.014839287   0.029678574   0.000000000
   sum over m+mul  0.558857601  0.558857601   1.117715202   0.000000000
  px          0    0.420497269  0.420497269   0.840994539   0.000000000
  py          0    0.420556300  0.420556300   0.841112601   0.000000000
  pz          0    0.490405712  0.490405712   0.980811423   0.000000000
   sum over m      1.331459282  1.331459282   2.662918563   0.000000000
  px          1    0.029708934  0.029708934   0.059417869   0.000000000
  py          1    0.029758287  0.029758287   0.059516574   0.000000000
  pz          1   -0.009767379 -0.009767379  -0.019534759   0.000000000
   sum over m      0.049699842  0.049699842   0.099399684   0.000000000
   sum over m+mul  1.381159123  1.381159123   2.762318247   0.000000000
  d3z^2-r^2   0    0.002825592  0.002825592   0.005651184   0.000000000
  dx^2-y^2    0    0.018906387  0.018906387   0.037812774   0.000000000
  dxy         0    0.018899136  0.018899136   0.037798272   0.000000000
  dxz         0    0.009668613  0.009668613   0.019337227   0.000000000
  dyz         0    0.009671011  0.009671011   0.019342022   0.000000000
   sum over m      0.059970739  0.059970739   0.119941478   0.000000000
   sum over m+mul  0.059970739  0.059970739   0.119941478   0.000000000

   63    C          Up spin      Down spin     Sum           Diff
            multiple
  s           0    0.543937913  0.543937913   1.087875825   0.000000000
   sum over m      0.543937913  0.543937913   1.087875825   0.000000000
  s           1    0.014846739  0.014846739   0.029693478   0.000000000
   sum over m      0.014846739  0.014846739   0.029693478   0.000000000
   sum over m+mul  0.558784652  0.558784652   1.117569303   0.000000000
  px          0    0.420450172  0.420450172   0.840900343   0.000000000
  py          0    0.420559658  0.420559658   0.841119316   0.000000000
  pz          0    0.490243742  0.490243742   0.980487483   0.000000000
   sum over m      1.331253572  1.331253572   2.662507143   0.000000000
  px          1    0.029731632  0.029731632   0.059463263   0.000000000
  py          1    0.029775839  0.029775839   0.059551677   0.000000000
  pz          1   -0.009784388 -0.009784388  -0.019568776   0.000000000
   sum over m      0.049723082  0.049723082   0.099446164   0.000000000
   sum over m+mul  1.380976654  1.380976654   2.761953308   0.000000000
  d3z^2-r^2   0    0.002825989  0.002825989   0.005651977   0.000000000
  dx^2-y^2    0    0.018915339  0.018915339   0.037830678   0.000000000
  dxy         0    0.018897187  0.018897187   0.037794374   0.000000000
  dxz         0    0.009675866  0.009675866   0.019351732   0.000000000
  dyz         0    0.009671905  0.009671905   0.019343810   0.000000000
   sum over m      0.059986285  0.059986285   0.119972571   0.000000000
   sum over m+mul  0.059986285  0.059986285   0.119972571   0.000000000

   64    C          Up spin      Down spin     Sum           Diff
            multiple
  s           0    0.543997480  0.543997480   1.087994960   0.000000000
   sum over m      0.543997480  0.543997480   1.087994960   0.000000000
  s           1    0.014839594  0.014839594   0.029679188   0.000000000
   sum over m      0.014839594  0.014839594   0.029679188   0.000000000
   sum over m+mul  0.558837074  0.558837074   1.117674148   0.000000000
  px          0    0.420488378  0.420488378   0.840976757   0.000000000
  py          0    0.420554789  0.420554789   0.841109577   0.000000000
  pz          0    0.490462749  0.490462749   0.980925498   0.000000000
   sum over m      1.331505916  1.331505916   2.663011832   0.000000000
  px          1    0.029697713  0.029697713   0.059395427   0.000000000
  py          1    0.029767940  0.029767940   0.059535880   0.000000000
  pz          1   -0.009764308 -0.009764308  -0.019528617   0.000000000
   sum over m      0.049701345  0.049701345   0.099402690   0.000000000
   sum over m+mul  1.381207261  1.381207261   2.762414522   0.000000000
  d3z^2-r^2   0    0.002825598  0.002825598   0.005651196   0.000000000
  dx^2-y^2    0    0.018895696  0.018895696   0.037791392   0.000000000
  dxy         0    0.018899007  0.018899007   0.037798014   0.000000000
  dxz         0    0.009669952  0.009669952   0.019339905   0.000000000
  dyz         0    0.009672628  0.009672628   0.019345257   0.000000000
   sum over m      0.059962882  0.059962882   0.119925764   0.000000000
   sum over m+mul  0.059962882  0.059962882   0.119925764   0.000000000

   65    C          Up spin      Down spin     Sum           Diff
            multiple
  s           0    0.544175842  0.544175842   1.088351685   0.000000000
   sum over m      0.544175842  0.544175842   1.088351685   0.000000000
  s           1    0.014876041  0.014876041   0.029752081   0.000000000
   sum over m      0.014876041  0.014876041   0.029752081   0.000000000
   sum over m+mul  0.559051883  0.559051883   1.118103766   0.000000000
  px          0    0.420519949  0.420519949   0.841039898   0.000000000
  py          0    0.420675566  0.420675566   0.841351132   0.000000000
  pz          0    0.490438608  0.490438608   0.980877216   0.000000000
   sum over m      1.331634123  1.331634123   2.663268247   0.000000000
  px          1    0.029639438  0.029639438   0.059278876   0.000000000
  py          1    0.029874038  0.029874038   0.059748075   0.000000000
  pz          1   -0.009746718 -0.009746718  -0.019493437   0.000000000
   sum over m      0.049766757  0.049766757   0.099533514   0.000000000
   sum over m+mul  1.381400881  1.381400881   2.762801761   0.000000000
  d3z^2-r^2   0    0.002827982  0.002827982   0.005655963   0.000000000
  dx^2-y^2    0    0.018892376  0.018892376   0.037784752   0.000000000
  dxy         0    0.018901636  0.018901636   0.037803272   0.000000000
  dxz         0    0.009671681  0.009671681   0.019343362   0.000000000
  dyz         0    0.009681525  0.009681525   0.019363051   0.000000000
   sum over m      0.059975200  0.059975200   0.119950399   0.000000000
   sum over m+mul  0.059975200  0.059975200   0.119950399   0.000000000

   66    C          Up spin      Down spin     Sum           Diff
            multiple
  s           0    0.544026628  0.544026628   1.088053257   0.000000000
   sum over m      0.544026628  0.544026628   1.088053257   0.000000000
  s           1    0.014840482  0.014840482   0.029680964   0.000000000
   sum over m      0.014840482  0.014840482   0.029680964   0.000000000
   sum over m+mul  0.558867110  0.558867110   1.117734221   0.000000000
  px          0    0.420495010  0.420495010   0.840990020   0.000000000
  py          0    0.420580957  0.420580957   0.841161914   0.000000000
  pz          0    0.490416049  0.490416049   0.980832098   0.000000000
   sum over m      1.331492016  1.331492016   2.662984032   0.000000000
  px          1    0.029700893  0.029700893   0.059401786   0.000000000
  py          1    0.029775289  0.029775289   0.059550579   0.000000000
  pz          1   -0.009772763 -0.009772763  -0.019545526   0.000000000
   sum over m      0.049703419  0.049703419   0.099406838   0.000000000
   sum over m+mul  1.381195435  1.381195435   2.762390870   0.000000000
  d3z^2-r^2   0    0.002825439  0.002825439   0.005650878   0.000000000
  dx^2-y^2    0    0.018896286  0.018896286   0.037792573   0.000000000
  dxy         0    0.018898608  0.018898608   0.037797216   0.000000000
  dxz         0    0.009675942  0.009675942   0.019351884   0.000000000
  dyz         0    0.009677194  0.009677194   0.019354387   0.000000000
   sum over m      0.059973469  0.059973469   0.119946938   0.000000000
   sum over m+mul  0.059973469  0.059973469   0.119946938   0.000000000

   67    C          Up spin      Down spin     Sum           Diff
            multiple
  s           0    0.544029056  0.544029056   1.088058111   0.000000000
   sum over m      0.544029056  0.544029056   1.088058111   0.000000000
  s           1    0.014839325  0.014839325   0.029678650   0.000000000
   sum over m      0.014839325  0.014839325   0.029678650   0.000000000
   sum over m+mul  0.558868381  0.558868381   1.117736762   0.000000000
  px          0    0.420488388  0.420488388   0.840976775   0.000000000
  py          0    0.420570077  0.420570077   0.841140155   0.000000000
  pz          0    0.490423910  0.490423910   0.980847819   0.000000000
   sum over m      1.331482375  1.331482375   2.662964749   0.000000000
  px          1    0.029705948  0.029705948   0.059411895   0.000000000
  py          1    0.029761046  0.029761046   0.059522091   0.000000000
  pz          1   -0.009772952 -0.009772952  -0.019545903   0.000000000
   sum over m      0.049694042  0.049694042   0.099388083   0.000000000
   sum over m+mul  1.381176416  1.381176416   2.762352832   0.000000000
  d3z^2-r^2   0    0.002825616  0.002825616   0.005651231   0.000000000
  dx^2-y^2    0    0.018898101  0.018898101   0.037796202   0.000000000
  dxy         0    0.018900181  0.018900181   0.037800362   0.000000000
  dxz         0    0.009673621  0.009673621   0.019347242   0.000000000
  dyz         0    0.009679155  0.009679155   0.019358311   0.000000000
   sum over m      0.059976674  0.059976674   0.119953348   0.000000000
   sum over m+mul  0.059976674  0.059976674   0.119953348   0.000000000

   68    C          Up spin      Down spin     Sum           Diff
            multiple
  s           0    0.544026489  0.544026489   1.088052977   0.000000000
   sum over m      0.544026489  0.544026489   1.088052977   0.000000000
  s           1    0.014838691  0.014838691   0.029677382   0.000000000
   sum over m      0.014838691  0.014838691   0.029677382   0.000000000
   sum over m+mul  0.558865180  0.558865180   1.117730359   0.000000000
  px          0    0.420485834  0.420485834   0.840971668   0.000000000
  py          0    0.420555658  0.420555658   0.841111317   0.000000000
  pz          0    0.490435468  0.490435468   0.980870936   0.000000000
   sum over m      1.331476960  1.331476960   2.662953921   0.000000000
  px          1    0.029702874  0.029702874   0.059405748   0.000000000
  py          1    0.029760801  0.029760801   0.059521602   0.000000000
  pz          1   -0.009770736 -0.009770736  -0.019541473   0.000000000
   sum over m      0.049692938  0.049692938   0.099385877   0.000000000
   sum over m+mul  1.381169899  1.381169899   2.762339797   0.000000000
  d3z^2-r^2   0    0.002825688  0.002825688   0.005651377   0.000000000
  dx^2-y^2    0    0.018897528  0.018897528   0.037795055   0.000000000
  dxy         0    0.018899700  0.018899700   0.037799401   0.000000000
  dxz         0    0.009674284  0.009674284   0.019348567   0.000000000
  dyz         0    0.009673607  0.009673607   0.019347215   0.000000000
   sum over m      0.059970808  0.059970808   0.119941615   0.000000000
   sum over m+mul  0.059970808  0.059970808   0.119941615   0.000000000

   69    C          Up spin      Down spin     Sum           Diff
            multiple
  s           0    0.544030672  0.544030672   1.088061343   0.000000000
   sum over m      0.544030672  0.544030672   1.088061343   0.000000000
  s           1    0.014838323  0.014838323   0.029676645   0.000000000
   sum over m      0.014838323  0.014838323   0.029676645   0.000000000
   sum over m+mul  0.558868994  0.558868994   1.117737988   0.000000000
  px          0    0.420487008  0.420487008   0.840974016   0.000000000
  py          0    0.420561570  0.420561570   0.841123140   0.000000000
  pz          0    0.490415342  0.490415342   0.980830685   0.000000000
   sum over m      1.331463920  1.331463920   2.662927840   0.000000000
  px          1    0.029702878  0.029702878   0.059405756   0.000000000
  py          1    0.029760228  0.029760228   0.059520455   0.000000000
  pz          1   -0.009769279 -0.009769279  -0.019538559   0.000000000
   sum over m      0.049693826  0.049693826   0.099387652   0.000000000
   sum over m+mul  1.381157746  1.381157746   2.762315493   0.000000000
  d3z^2-r^2   0    0.002825640  0.002825640   0.005651279   0.000000000
  dx^2-y^2    0    0.018897650  0.018897650   0.037795301   0.000000000
  dxy         0    0.018899572  0.018899572   0.037799143   0.000000000
  dxz         0    0.009673622  0.009673622   0.019347244   0.000000000
  dyz         0    0.009675754  0.009675754   0.019351508   0.000000000
   sum over m      0.059972238  0.059972238   0.119944476   0.000000000
   sum over m+mul  0.059972238  0.059972238   0.119944476   0.000000000

   70    C          Up spin      Down spin     Sum           Diff
            multiple
  s           0    0.544028618  0.544028618   1.088057236   0.000000000
   sum over m      0.544028618  0.544028618   1.088057236   0.000000000
  s           1    0.014838271  0.014838271   0.029676543   0.000000000
   sum over m      0.014838271  0.014838271   0.029676543   0.000000000
   sum over m+mul  0.558866889  0.558866889   1.117733779   0.000000000
  px          0    0.420487019  0.420487019   0.840974038   0.000000000
  py          0    0.420558129  0.420558129   0.841116257   0.000000000
  pz          0    0.490423216  0.490423216   0.980846432   0.000000000
   sum over m      1.331468363  1.331468363   2.662936727   0.000000000
  px          1    0.029702778  0.029702778   0.059405557   0.000000000
  py          1    0.029760604  0.029760604   0.059521209   0.000000000
  pz          1   -0.009769140 -0.009769140  -0.019538279   0.000000000
   sum over m      0.049694243  0.049694243   0.099388486   0.000000000
   sum over m+mul  1.381162607  1.381162607   2.762325213   0.000000000
  d3z^2-r^2   0    0.002825651  0.002825651   0.005651302   0.000000000
  dx^2-y^2    0    0.018897813  0.018897813   0.037795626   0.000000000
  dxy         0    0.018899335  0.018899335   0.037798670   0.000000000
  dxz         0    0.009673974  0.009673974   0.019347949   0.000000000
  dyz         0    0.009674679  0.009674679   0.019349358   0.000000000
   sum over m      0.059971453  0.059971453   0.119942905   0.000000000
   sum over m+mul  0.059971453  0.059971453   0.119942905   0.000000000

   71    C          Up spin      Down spin     Sum           Diff
            multiple
  s           0    0.544031603  0.544031603   1.088063206   0.000000000
   sum over m      0.544031603  0.544031603   1.088063206   0.000000000
  s           1    0.014838196  0.014838196   0.029676392   0.000000000
   sum over m      0.014838196  0.014838196   0.029676392   0.000000000
   sum over m+mul  0.558869799  0.558869799   1.117739598   0.000000000
  px          0    0.420486639  0.420486639   0.840973279   0.000000000
  py          0    0.420562155  0.420562155   0.841124310   0.000000000
  pz          0    0.490412107  0.490412107   0.980824214   0.000000000
   sum over m      1.331460901  1.331460901   2.662921803   0.000000000
  px          1    0.029703045  0.029703045   0.059406089   0.000000000
  py          1    0.029760730  0.029760730   0.059521461   0.000000000
  pz          1   -0.009769156 -0.009769156  -0.019538312   0.000000000
   sum over m      0.049694619  0.049694619   0.099389238   0.000000000
   sum over m+mul  1.381155520  1.381155520   2.762311041   0.000000000
  d3z^2-r^2   0    0.002825646  0.002825646   0.005651293   0.000000000
  dx^2-y^2    0    0.018897556  0.018897556   0.037795111   0.000000000
  dxy         0    0.018899720  0.018899720   0.037799440   0.000000000
  dxz         0    0.009673872  0.009673872   0.019347743   0.000000000
  dyz         0    0.009675796  0.009675796   0.019351593   0.000000000
   sum over m      0.059972590  0.059972590   0.119945180   0.000000000
   sum over m+mul  0.059972590  0.059972590   0.119945180   0.000000000

   72    C          Up spin      Down spin     Sum           Diff
            multiple
  s           0    0.544029453  0.544029453   1.088058905   0.000000000
   sum over m      0.544029453  0.544029453   1.088058905   0.000000000
  s           1    0.014838278  0.014838278   0.029676557   0.000000000
   sum over m      0.014838278  0.014838278   0.029676557   0.000000000
   sum over m+mul  0.558867731  0.558867731   1.117735462   0.000000000
  px          0    0.420488066  0.420488066   0.840976132   0.000000000
  py          0    0.420558097  0.420558097   0.841116195   0.000000000
  pz          0    0.490420065  0.490420065   0.980840129   0.000000000
   sum over m      1.331466228  1.331466228   2.662932456   0.000000000
  px          1    0.029702818  0.029702818   0.059405635   0.000000000
  py          1    0.029760531  0.029760531   0.059521063   0.000000000
  pz          1   -0.009768905 -0.009768905  -0.019537809   0.000000000
   sum over m      0.049694444  0.049694444   0.099388889   0.000000000
   sum over m+mul  1.381160672  1.381160672   2.762321345   0.000000000
  d3z^2-r^2   0    0.002825647  0.002825647   0.005651294   0.000000000
  dx^2-y^2    0    0.018897784  0.018897784   0.037795568   0.000000000
  dxy         0    0.018899326  0.018899326   0.037798652   0.000000000
  dxz         0    0.009674658  0.009674658   0.019349316   0.000000000
  dyz         0    0.009674182  0.009674182   0.019348364   0.000000000
   sum over m      0.059971597  0.059971597   0.119943194   0.000000000
   sum over m+mul  0.059971597  0.059971597   0.119943194   0.000000000

   73    C          Up spin      Down spin     Sum           Diff
            multiple
  s           0    0.544028375  0.544028375   1.088056750   0.000000000
   sum over m      0.544028375  0.544028375   1.088056750   0.000000000
  s           1    0.014838319  0.014838319   0.029676639   0.000000000
   sum over m      0.014838319  0.014838319   0.029676639   0.000000000
   sum over m+mul  0.558866694  0.558866694   1.117733388   0.000000000
  px          0    0.420485417  0.420485417   0.840970834   0.000000000
  py          0    0.420559426  0.420559426   0.841118853   0.000000000
  pz          0    0.490424061  0.490424061   0.980848122   0.000000000
   sum over m      1.331468905  1.331468905   2.662937809   0.000000000
  px          1    0.029702677  0.029702677   0.059405354   0.000000000
  py          1    0.029760459  0.029760459   0.059520918   0.000000000
  pz          1   -0.009768783 -0.009768783  -0.019537565   0.000000000
   sum over m      0.049694353  0.049694353   0.099388706   0.000000000
   sum over m+mul  1.381163258  1.381163258   2.762326515   0.000000000
  d3z^2-r^2   0    0.002825647  0.002825647   0.005651294   0.000000000
  dx^2-y^2    0    0.018897606  0.018897606   0.037795212   0.000000000
  dxy         0    0.018899422  0.018899422   0.037798845   0.000000000
  dxz         0    0.009673211  0.009673211   0.019346423   0.000000000
  dyz         0    0.009675211  0.009675211   0.019350422   0.000000000
   sum over m      0.059971098  0.059971098   0.119942195   0.000000000
   sum over m+mul  0.059971098  0.059971098   0.119942195   0.000000000

   74    C          Up spin      Down spin     Sum           Diff
            multiple
  s           0    0.544029538  0.544029538   1.088059076   0.000000000
   sum over m      0.544029538  0.544029538   1.088059076   0.000000000
  s           1    0.014838241  0.014838241   0.029676481   0.000000000
   sum over m      0.014838241  0.014838241   0.029676481   0.000000000
   sum over m+mul  0.558867779  0.558867779   1.117735557   0.000000000
  px          0    0.420486843  0.420486843   0.840973686   0.000000000
  py          0    0.420559350  0.420559350   0.841118700   0.000000000
  pz          0    0.490419925  0.490419925   0.980839849   0.000000000
   sum over m      1.331466117  1.331466117   2.662932235   0.000000000
  px          1    0.029702681  0.029702681   0.059405361   0.000000000
  py          1    0.029760606  0.029760606   0.059521211   0.000000000
  pz          1   -0.009768827 -0.009768827  -0.019537654   0.000000000
   sum over m      0.049694459  0.049694459   0.099388919   0.000000000
   sum over m+mul  1.381160577  1.381160577   2.762321153   0.000000000
  d3z^2-r^2   0    0.002825646  0.002825646   0.005651293   0.000000000
  dx^2-y^2    0    0.018897769  0.018897769   0.037795539   0.000000000
  dxy         0    0.018899397  0.018899397   0.037798794   0.000000000
  dxz         0    0.009673561  0.009673561   0.019347123   0.000000000
  dyz         0    0.009674921  0.009674921   0.019349842   0.000000000
   sum over m      0.059971295  0.059971295   0.119942590   0.000000000
   sum over m+mul  0.059971295  0.059971295   0.119942590   0.000000000

   75    C          Up spin      Down spin     Sum           Diff
            multiple
  s           0    0.544031897  0.544031897   1.088063795   0.000000000
   sum over m      0.544031897  0.544031897   1.088063795   0.000000000
  s           1    0.014838374  0.014838374   0.029676748   0.000000000
   sum over m      0.014838374  0.014838374   0.029676748   0.000000000
   sum over m+mul  0.558870271  0.558870271   1.117740543   0.000000000
  px          0    0.420486474  0.420486474   0.840972948   0.000000000
  py          0    0.420560505  0.420560505   0.841121011   0.000000000
  pz          0    0.490413932  0.490413932   0.980827864   0.000000000
   sum over m      1.331460911  1.331460911   2.662921823   0.000000000
  px          1    0.029702987  0.029702987   0.059405973   0.000000000
  py          1    0.029761081  0.029761081   0.059522162   0.000000000
  pz          1   -0.009768744 -0.009768744  -0.019537488   0.000000000
   sum over m      0.049695324  0.049695324   0.099390647   0.000000000
   sum over m+mul  1.381156235  1.381156235   2.762312470   0.000000000
  d3z^2-r^2   0    0.002825624  0.002825624   0.005651248   0.000000000
  dx^2-y^2    0    0.018897763  0.018897763   0.037795526   0.000000000
  dxy         0    0.018899480  0.018899480   0.037798960   0.000000000
  dxz         0    0.009673077  0.009673077   0.019346154   0.000000000
  dyz         0    0.009675134  0.009675134   0.019350269   0.000000000
   sum over m      0.059971079  0.059971079   0.119942157   0.000000000
   sum over m+mul  0.059971079  0.059971079   0.119942157   0.000000000

   76    C          Up spin      Down spin     Sum           Diff
            multiple
  s           0    0.544030418  0.544030418   1.088060837   0.000000000
   sum over m      0.544030418  0.544030418   1.088060837   0.000000000
  s           1    0.014838505  0.014838505   0.029677010   0.000000000
   sum over m      0.014838505  0.014838505   0.029677010   0.000000000
   sum over m+mul  0.558868924  0.558868924   1.117737847   0.000000000
  px          0    0.420490948  0.420490948   0.840981896   0.000000000
  py          0    0.420558018  0.420558018   0.841116036   0.000000000
  pz          0    0.490415694  0.490415694   0.980831387   0.000000000
   sum over m      1.331464660  1.331464660   2.662929319   0.000000000
  px          1    0.029703998  0.029703998   0.059407996   0.000000000
  py          1    0.029760465  0.029760465   0.059520929   0.000000000
  pz          1   -0.009769479 -0.009769479  -0.019538957   0.000000000
   sum over m      0.049694984  0.049694984   0.099389968   0.000000000
   sum over m+mul  1.381159644  1.381159644   2.762319288   0.000000000
  d3z^2-r^2   0    0.002825640  0.002825640   0.005651280   0.000000000
  dx^2-y^2    0    0.018898814  0.018898814   0.037797628   0.000000000
  dxy         0    0.018899177  0.018899177   0.037798355   0.000000000
  dxz         0    0.009673102  0.009673102   0.019346203   0.000000000
  dyz         0    0.009674121  0.009674121   0.019348242   0.000000000
   sum over m      0.059970854  0.059970854   0.119941708   0.000000000
   sum over m+mul  0.059970854  0.059970854   0.119941708   0.000000000

   77    C          Up spin      Down spin     Sum           Diff
            multiple
  s           0    0.544033256  0.544033256   1.088066512   0.000000000
   sum over m      0.544033256  0.544033256   1.088066512   0.000000000
  s           1    0.014838224  0.014838224   0.029676448   0.000000000
   sum over m      0.014838224  0.014838224   0.029676448   0.000000000
   sum over m+mul  0.558871480  0.558871480   1.117742959   0.000000000
  px          0    0.420502069  0.420502069   0.841004138   0.000000000
  py          0    0.420562478  0.420562478   0.841124957   0.000000000
  pz          0    0.490398866  0.490398866   0.980797732   0.000000000
   sum over m      1.331463413  1.331463413   2.662926827   0.000000000
  px          1    0.029703235  0.029703235   0.059406469   0.000000000
  py          1    0.029760341  0.029760341   0.059520682   0.000000000
  pz          1   -0.009769873 -0.009769873  -0.019539745   0.000000000
   sum over m      0.049693703  0.049693703   0.099387406   0.000000000
   sum over m+mul  1.381157117  1.381157117   2.762314233   0.000000000
  d3z^2-r^2   0    0.002825647  0.002825647   0.005651295   0.000000000
  dx^2-y^2    0    0.018900273  0.018900273   0.037800546   0.000000000
  dxy         0    0.018898630  0.018898630   0.037797259   0.000000000
  dxz         0    0.009674009  0.009674009   0.019348018   0.000000000
  dyz         0    0.009676711  0.009676711   0.019353422   0.000000000
   sum over m      0.059975270  0.059975270   0.119950540   0.000000000
   sum over m+mul  0.059975270  0.059975270   0.119950540   0.000000000

   78    C          Up spin      Down spin     Sum           Diff
            multiple
  s           0    0.544021733  0.544021733   1.088043466   0.000000000
   sum over m      0.544021733  0.544021733   1.088043466   0.000000000
  s           1    0.014838507  0.014838507   0.029677013   0.000000000
   sum over m      0.014838507  0.014838507   0.029677013   0.000000000
   sum over m+mul  0.558860240  0.558860240   1.117720479   0.000000000
  px          0    0.420483103  0.420483103   0.840966207   0.000000000
  py          0    0.420558513  0.420558513   0.841117026   0.000000000
  pz          0    0.490446461  0.490446461   0.980892922   0.000000000
   sum over m      1.331488078  1.331488078   2.662976155   0.000000000
  px          1    0.029701378  0.029701378   0.059402757   0.000000000
  py          1    0.029760437  0.029760437   0.059520875   0.000000000
  pz          1   -0.009769472 -0.009769472  -0.019538945   0.000000000
   sum over m      0.049692343  0.049692343   0.099384687   0.000000000
   sum over m+mul  1.381180421  1.381180421   2.762360842   0.000000000
  d3z^2-r^2   0    0.002825653  0.002825653   0.005651307   0.000000000
  dx^2-y^2    0    0.018897374  0.018897374   0.037794748   0.000000000
  dxy         0    0.018899415  0.018899415   0.037798830   0.000000000
  dxz         0    0.009673639  0.009673639   0.019347278   0.000000000
  dyz         0    0.009675278  0.009675278   0.019350556   0.000000000
   sum over m      0.059971359  0.059971359   0.119942718   0.000000000
   sum over m+mul  0.059971359  0.059971359   0.119942718   0.000000000

   79    C          Up spin      Down spin     Sum           Diff
            multiple
  s           0    0.544032067  0.544032067   1.088064133   0.000000000
   sum over m      0.544032067  0.544032067   1.088064133   0.000000000
  s           1    0.014839153  0.014839153   0.029678307   0.000000000
   sum over m      0.014839153  0.014839153   0.029678307   0.000000000
   sum over m+mul  0.558871220  0.558871220   1.117742440   0.000000000
  px          0    0.420498566  0.420498566   0.840997132   0.000000000
  py          0    0.420561190  0.420561190   0.841122380   0.000000000
  pz          0    0.490412058  0.490412058   0.980824116   0.000000000
   sum over m      1.331471814  1.331471814   2.662943629   0.000000000
  px          1    0.029703492  0.029703492   0.059406984   0.000000000
  py          1    0.029759975  0.029759975   0.059519950   0.000000000
  pz          1   -0.009768549 -0.009768549  -0.019537098   0.000000000
   sum over m      0.049694918  0.049694918   0.099389836   0.000000000
   sum over m+mul  1.381166732  1.381166732   2.762333464   0.000000000
  d3z^2-r^2   0    0.002825672  0.002825672   0.005651345   0.000000000
  dx^2-y^2    0    0.018897305  0.018897305   0.037794610   0.000000000
  dxy         0    0.018899813  0.018899813   0.037799627   0.000000000
  dxz         0    0.009677470  0.009677470   0.019354939   0.000000000
  dyz         0    0.009672741  0.009672741   0.019345482   0.000000000
   sum over m      0.059973001  0.059973001   0.119946002   0.000000000
   sum over m+mul  0.059973001  0.059973001   0.119946002   0.000000000

   80    C          Up spin      Down spin     Sum           Diff
            multiple
  s           0    0.544034035  0.544034035   1.088068070   0.000000000
   sum over m      0.544034035  0.544034035   1.088068070   0.000000000
  s           1    0.014838350  0.014838350   0.029676700   0.000000000
   sum over m      0.014838350  0.014838350   0.029676700   0.000000000
   sum over m+mul  0.558872385  0.558872385   1.117744770   0.000000000
  px          0    0.420484676  0.420484676   0.840969353   0.000000000
  py          0    0.420560081  0.420560081   0.841120162   0.000000000
  pz          0    0.490407817  0.490407817   0.980815635   0.000000000
   sum over m      1.331452575  1.331452575   2.662905150   0.000000000
  px          1    0.029702526  0.029702526   0.059405051   0.000000000
  py          1    0.029760999  0.029760999   0.059521998   0.000000000
  pz          1   -0.009767191 -0.009767191  -0.019534383   0.000000000
   sum over m      0.049696334  0.049696334   0.099392667   0.000000000
   sum over m+mul  1.381148909  1.381148909   2.762297817   0.000000000
  d3z^2-r^2   0    0.002825621  0.002825621   0.005651241   0.000000000
  dx^2-y^2    0    0.018897463  0.018897463   0.037794927   0.000000000
  dxy         0    0.018899594  0.018899594   0.037799188   0.000000000
  dxz         0    0.009672616  0.009672616   0.019345232   0.000000000
  dyz         0    0.009674950  0.009674950   0.019349901   0.000000000
   sum over m      0.059970245  0.059970245   0.119940489   0.000000000
   sum over m+mul  0.059970245  0.059970245   0.119940489   0.000000000

   81    C          Up spin      Down spin     Sum           Diff
            multiple
  s           0    0.544027536  0.544027536   1.088055073   0.000000000
   sum over m      0.544027536  0.544027536   1.088055073   0.000000000
  s           1    0.014839346  0.014839346   0.029678693   0.000000000
   sum over m      0.014839346  0.014839346   0.029678693   0.000000000
   sum over m+mul  0.558866883  0.558866883   1.117733765   0.000000000
  px          0    0.420486072  0.420486072   0.840972143   0.000000000
  py          0    0.420556593  0.420556593   0.841113186   0.000000000
  pz          0    0.490421334  0.490421334   0.980842668   0.000000000
   sum over m      1.331463999  1.331463999   2.662927997   0.000000000
  px          1    0.029703835  0.029703835   0.059407669   0.000000000
  py          1    0.029764828  0.029764828   0.059529656   0.000000000
  pz          1   -0.009768584 -0.009768584  -0.019537169   0.000000000
   sum over m      0.049700079  0.049700079   0.099400157   0.000000000
   sum over m+mul  1.381164077  1.381164077   2.762328154   0.000000000
  d3z^2-r^2   0    0.002825707  0.002825707   0.005651414   0.000000000
  dx^2-y^2    0    0.018898312  0.018898312   0.037796625   0.000000000
  dxy         0    0.018899347  0.018899347   0.037798693   0.000000000
  dxz         0    0.009671235  0.009671235   0.019342470   0.000000000
  dyz         0    0.009674131  0.009674131   0.019348262   0.000000000
   sum over m      0.059968732  0.059968732   0.119937464   0.000000000
   sum over m+mul  0.059968732  0.059968732   0.119937464   0.000000000

   82    C          Up spin      Down spin     Sum           Diff
            multiple
  s           0    0.544030031  0.544030031   1.088060063   0.000000000
   sum over m      0.544030031  0.544030031   1.088060063   0.000000000
  s           1    0.014838504  0.014838504   0.029677009   0.000000000
   sum over m      0.014838504  0.014838504   0.029677009   0.000000000
   sum over m+mul  0.558868536  0.558868536   1.117737071   0.000000000
  px          0    0.420486742  0.420486742   0.840973483   0.000000000
  py          0    0.420561357  0.420561357   0.841122714   0.000000000
  pz          0    0.490417203  0.490417203   0.980834406   0.000000000
   sum over m      1.331465301  1.331465301   2.662930603   0.000000000
  px          1    0.029702695  0.029702695   0.059405391   0.000000000
  py          1    0.029761348  0.029761348   0.059522696   0.000000000
  pz          1   -0.009768283 -0.009768283  -0.019536565   0.000000000
   sum over m      0.049695761  0.049695761   0.099391522   0.000000000
   sum over m+mul  1.381161062  1.381161062   2.762322125   0.000000000
  d3z^2-r^2   0    0.002825648  0.002825648   0.005651295   0.000000000
  dx^2-y^2    0    0.018897778  0.018897778   0.037795556   0.000000000
  dxy         0    0.018899281  0.018899281   0.037798561   0.000000000
  dxz         0    0.009673934  0.009673934   0.019347868   0.000000000
  dyz         0    0.009675779  0.009675779   0.019351559   0.000000000
   sum over m      0.059972419  0.059972419   0.119944839   0.000000000
   sum over m+mul  0.059972419  0.059972419   0.119944839   0.000000000

   83    C          Up spin      Down spin     Sum           Diff
            multiple
  s           0    0.544030669  0.544030669   1.088061338   0.000000000
   sum over m      0.544030669  0.544030669   1.088061338   0.000000000
  s           1    0.014838326  0.014838326   0.029676652   0.000000000
   sum over m      0.014838326  0.014838326   0.029676652   0.000000000
   sum over m+mul  0.558868995  0.558868995   1.117737990   0.000000000
  px          0    0.420487009  0.420487009   0.840974018   0.000000000
  py          0    0.420561573  0.420561573   0.841123147   0.000000000
  pz          0    0.490415351  0.490415351   0.980830701   0.000000000
   sum over m      1.331463933  1.331463933   2.662927867   0.000000000
  px          1    0.029702875  0.029702875   0.059405750   0.000000000
  py          1    0.029760230  0.029760230   0.059520460   0.000000000
  pz          1   -0.009769279 -0.009769279  -0.019538558   0.000000000
   sum over m      0.049693826  0.049693826   0.099387652   0.000000000
   sum over m+mul  1.381157759  1.381157759   2.762315519   0.000000000
  d3z^2-r^2   0    0.002825639  0.002825639   0.005651279   0.000000000
  dx^2-y^2    0    0.018897650  0.018897650   0.037795300   0.000000000
  dxy         0    0.018899573  0.018899573   0.037799145   0.000000000
  dxz         0    0.009673621  0.009673621   0.019347242   0.000000000
  dyz         0    0.009675754  0.009675754   0.019351509   0.000000000
   sum over m      0.059972238  0.059972238   0.119944475   0.000000000
   sum over m+mul  0.059972238  0.059972238   0.119944475   0.000000000

   84    C          Up spin      Down spin     Sum           Diff
            multiple
  s           0    0.544028616  0.544028616   1.088057233   0.000000000
   sum over m      0.544028616  0.544028616   1.088057233   0.000000000
  s           1    0.014838271  0.014838271   0.029676542   0.000000000
   sum over m      0.014838271  0.014838271   0.029676542   0.000000000
   sum over m+mul  0.558866887  0.558866887   1.117733775   0.000000000
  px          0    0.420487020  0.420487020   0.840974040   0.000000000
  py          0    0.420558128  0.420558128   0.841116257   0.000000000
  pz          0    0.490423212  0.490423212   0.980846424   0.000000000
   sum over m      1.331468360  1.331468360   2.662936721   0.000000000
  px          1    0.029702778  0.029702778   0.059405557   0.000000000
  py          1    0.029760605  0.029760605   0.059521211   0.000000000
  pz          1   -0.009769140 -0.009769140  -0.019538280   0.000000000
   sum over m      0.049694244  0.049694244   0.099388488   0.000000000
   sum over m+mul  1.381162604  1.381162604   2.762325209   0.000000000
  d3z^2-r^2   0    0.002825651  0.002825651   0.005651303   0.000000000
  dx^2-y^2    0    0.018897813  0.018897813   0.037795626   0.000000000
  dxy         0    0.018899335  0.018899335   0.037798670   0.000000000
  dxz         0    0.009673974  0.009673974   0.019347949   0.000000000
  dyz         0    0.009674679  0.009674679   0.019349358   0.000000000
   sum over m      0.059971453  0.059971453   0.119942906   0.000000000
   sum over m+mul  0.059971453  0.059971453   0.119942906   0.000000000

   85    C          Up spin      Down spin     Sum           Diff
            multiple
  s           0    0.544029282  0.544029282   1.088058565   0.000000000
   sum over m      0.544029282  0.544029282   1.088058565   0.000000000
  s           1    0.014838287  0.014838287   0.029676575   0.000000000
   sum over m      0.014838287  0.014838287   0.029676575   0.000000000
   sum over m+mul  0.558867570  0.558867570   1.117735139   0.000000000
  px          0    0.420485737  0.420485737   0.840971475   0.000000000
  py          0    0.420559957  0.420559957   0.841119914   0.000000000
  pz          0    0.490420783  0.490420783   0.980841566   0.000000000
   sum over m      1.331466478  1.331466478   2.662932955   0.000000000
  px          1    0.029702658  0.029702658   0.059405316   0.000000000
  py          1    0.029760673  0.029760673   0.059521346   0.000000000
  pz          1   -0.009768867 -0.009768867  -0.019537734   0.000000000
   sum over m      0.049694464  0.049694464   0.099388928   0.000000000
   sum over m+mul  1.381160942  1.381160942   2.762321883   0.000000000
  d3z^2-r^2   0    0.002825647  0.002825647   0.005651293   0.000000000
  dx^2-y^2    0    0.018897586  0.018897586   0.037795172   0.000000000
  dxy         0    0.018899501  0.018899501   0.037799002   0.000000000
  dxz         0    0.009673510  0.009673510   0.019347019   0.000000000
  dyz         0    0.009675051  0.009675051   0.019350103   0.000000000
   sum over m      0.059971295  0.059971295   0.119942590   0.000000000
   sum over m+mul  0.059971295  0.059971295   0.119942590   0.000000000

   86    C          Up spin      Down spin     Sum           Diff
            multiple
  s           0    0.544030205  0.544030205   1.088060410   0.000000000
   sum over m      0.544030205  0.544030205   1.088060410   0.000000000
  s           1    0.014838324  0.014838324   0.029676648   0.000000000
   sum over m      0.014838324  0.014838324   0.029676648   0.000000000
   sum over m+mul  0.558868529  0.558868529   1.117737058   0.000000000
  px          0    0.420488675  0.420488675   0.840977349   0.000000000
  py          0    0.420558479  0.420558479   0.841116957   0.000000000
  pz          0    0.490417062  0.490417062   0.980834124   0.000000000
   sum over m      1.331464215  1.331464215   2.662928430   0.000000000
  px          1    0.029702760  0.029702760   0.059405521   0.000000000
  py          1    0.029760617  0.029760617   0.059521235   0.000000000
  pz          1   -0.009768750 -0.009768750  -0.019537499   0.000000000
   sum over m      0.049694628  0.049694628   0.099389256   0.000000000
   sum over m+mul  1.381158843  1.381158843   2.762317687   0.000000000
  d3z^2-r^2   0    0.002825643  0.002825643   0.005651287   0.000000000
  dx^2-y^2    0    0.018897856  0.018897856   0.037795713   0.000000000
  dxy         0    0.018899161  0.018899161   0.037798321   0.000000000
  dxz         0    0.009674503  0.009674503   0.019349006   0.000000000
  dyz         0    0.009674880  0.009674880   0.019349759   0.000000000
   sum over m      0.059972043  0.059972043   0.119944086   0.000000000
   sum over m+mul  0.059972043  0.059972043   0.119944086   0.000000000

   87    C          Up spin      Down spin     Sum           Diff
            multiple
  s           0    0.544028374  0.544028374   1.088056747   0.000000000
   sum over m      0.544028374  0.544028374   1.088056747   0.000000000
  s           1    0.014838320  0.014838320   0.029676639   0.000000000
   sum over m      0.014838320  0.014838320   0.029676639   0.000000000
   sum over m+mul  0.558866693  0.558866693   1.117733387   0.000000000
  px          0    0.420485417  0.420485417   0.840970834   0.000000000
  py          0    0.420559428  0.420559428   0.841118856   0.000000000
  pz          0    0.490424059  0.490424059   0.980848118   0.000000000
   sum over m      1.331468904  1.331468904   2.662937807   0.000000000
  px          1    0.029702677  0.029702677   0.059405354   0.000000000
  py          1    0.029760460  0.029760460   0.059520919   0.000000000
  pz          1   -0.009768782 -0.009768782  -0.019537565   0.000000000
   sum over m      0.049694354  0.049694354   0.099388708   0.000000000
   sum over m+mul  1.381163258  1.381163258   2.762326515   0.000000000
  d3z^2-r^2   0    0.002825647  0.002825647   0.005651294   0.000000000
  dx^2-y^2    0    0.018897606  0.018897606   0.037795211   0.000000000
  dxy         0    0.018899423  0.018899423   0.037798845   0.000000000
  dxz         0    0.009673211  0.009673211   0.019346422   0.000000000
  dyz         0    0.009675211  0.009675211   0.019350422   0.000000000
   sum over m      0.059971097  0.059971097   0.119942194   0.000000000
   sum over m+mul  0.059971097  0.059971097   0.119942194   0.000000000

   88    C          Up spin      Down spin     Sum           Diff
            multiple
  s           0    0.544029536  0.544029536   1.088059072   0.000000000
   sum over m      0.544029536  0.544029536   1.088059072   0.000000000
  s           1    0.014838241  0.014838241   0.029676481   0.000000000
   sum over m      0.014838241  0.014838241   0.029676481   0.000000000
   sum over m+mul  0.558867777  0.558867777   1.117735554   0.000000000
  px          0    0.420486847  0.420486847   0.840973693   0.000000000
  py          0    0.420559352  0.420559352   0.841118704   0.000000000
  pz          0    0.490419922  0.490419922   0.980839844   0.000000000
   sum over m      1.331466120  1.331466120   2.662932241   0.000000000
  px          1    0.029702680  0.029702680   0.059405360   0.000000000
  py          1    0.029760605  0.029760605   0.059521209   0.000000000
  pz          1   -0.009768827 -0.009768827  -0.019537653   0.000000000
   sum over m      0.049694458  0.049694458   0.099388916   0.000000000
   sum over m+mul  1.381160579  1.381160579   2.762321157   0.000000000
  d3z^2-r^2   0    0.002825646  0.002825646   0.005651293   0.000000000
  dx^2-y^2    0    0.018897770  0.018897770   0.037795539   0.000000000
  dxy         0    0.018899397  0.018899397   0.037798795   0.000000000
  dxz         0    0.009673561  0.009673561   0.019347122   0.000000000
  dyz         0    0.009674921  0.009674921   0.019349841   0.000000000
   sum over m      0.059971295  0.059971295   0.119942590   0.000000000
   sum over m+mul  0.059971295  0.059971295   0.119942590   0.000000000

   89    C          Up spin      Down spin     Sum           Diff
            multiple
  s           0    0.544029791  0.544029791   1.088059581   0.000000000
   sum over m      0.544029791  0.544029791   1.088059581   0.000000000
  s           1    0.014838261  0.014838261   0.029676522   0.000000000
   sum over m      0.014838261  0.014838261   0.029676522   0.000000000
   sum over m+mul  0.558868052  0.558868052   1.117736103   0.000000000
  px          0    0.420486874  0.420486874   0.840973749   0.000000000
  py          0    0.420560220  0.420560220   0.841120439   0.000000000
  pz          0    0.490418653  0.490418653   0.980837306   0.000000000
   sum over m      1.331465747  1.331465747   2.662931495   0.000000000
  px          1    0.029702682  0.029702682   0.059405365   0.000000000
  py          1    0.029760706  0.029760706   0.059521411   0.000000000
  pz          1   -0.009768982 -0.009768982  -0.019537963   0.000000000
   sum over m      0.049694406  0.049694406   0.099388812   0.000000000
   sum over m+mul  1.381160153  1.381160153   2.762320307   0.000000000
  d3z^2-r^2   0    0.002825648  0.002825648   0.005651295   0.000000000
  dx^2-y^2    0    0.018897731  0.018897731   0.037795462   0.000000000
  dxy         0    0.018899426  0.018899426   0.037798852   0.000000000
  dxz         0    0.009673724  0.009673724   0.019347448   0.000000000
  dyz         0    0.009675666  0.009675666   0.019351331   0.000000000
   sum over m      0.059972194  0.059972194   0.119944388   0.000000000
   sum over m+mul  0.059972194  0.059972194   0.119944388   0.000000000

   90    C          Up spin      Down spin     Sum           Diff
            multiple
  s           0    0.544029157  0.544029157   1.088058314   0.000000000
   sum over m      0.544029157  0.544029157   1.088058314   0.000000000
  s           1    0.014838331  0.014838331   0.029676663   0.000000000
   sum over m      0.014838331  0.014838331   0.029676663   0.000000000
   sum over m+mul  0.558867488  0.558867488   1.117734977   0.000000000
  px          0    0.420488696  0.420488696   0.840977392   0.000000000
  py          0    0.420558532  0.420558532   0.841117063   0.000000000
  pz          0    0.490421560  0.490421560   0.980843119   0.000000000
   sum over m      1.331468787  1.331468787   2.662937574   0.000000000
  px          1    0.029702982  0.029702982   0.059405965   0.000000000
  py          1    0.029760501  0.029760501   0.059521003   0.000000000
  pz          1   -0.009769313 -0.009769313  -0.019538627   0.000000000
   sum over m      0.049694170  0.049694170   0.099388341   0.000000000
   sum over m+mul  1.381162957  1.381162957   2.762325915   0.000000000
  d3z^2-r^2   0    0.002825649  0.002825649   0.005651298   0.000000000
  dx^2-y^2    0    0.018898004  0.018898004   0.037796009   0.000000000
  dxy         0    0.018899223  0.018899223   0.037798446   0.000000000
  dxz         0    0.009673960  0.009673960   0.019347919   0.000000000
  dyz         0    0.009674821  0.009674821   0.019349641   0.000000000
   sum over m      0.059971656  0.059971656   0.119943312   0.000000000
   sum over m+mul  0.059971656  0.059971656   0.119943312   0.000000000

   91    C          Up spin      Down spin     Sum           Diff
            multiple
  s           0    0.544029099  0.544029099   1.088058198   0.000000000
   sum over m      0.544029099  0.544029099   1.088058198   0.000000000
  s           1    0.014838337  0.014838337   0.029676674   0.000000000
   sum over m      0.014838337  0.014838337   0.029676674   0.000000000
   sum over m+mul  0.558867436  0.558867436   1.117734872   0.000000000
  px          0    0.420487862  0.420487862   0.840975724   0.000000000
  py          0    0.420559579  0.420559579   0.841119159   0.000000000
  pz          0    0.490419779  0.490419779   0.980839558   0.000000000
   sum over m      1.331467221  1.331467221   2.662934441   0.000000000
  px          1    0.029703068  0.029703068   0.059406136   0.000000000
  py          1    0.029760418  0.029760418   0.059520836   0.000000000
  pz          1   -0.009768845 -0.009768845  -0.019537691   0.000000000
   sum over m      0.049694641  0.049694641   0.099389281   0.000000000
   sum over m+mul  1.381161861  1.381161861   2.762323722   0.000000000
  d3z^2-r^2   0    0.002825649  0.002825649   0.005651298   0.000000000
  dx^2-y^2    0    0.018897959  0.018897959   0.037795919   0.000000000
  dxy         0    0.018899353  0.018899353   0.037798705   0.000000000
  dxz         0    0.009673571  0.009673571   0.019347143   0.000000000
  dyz         0    0.009675060  0.009675060   0.019350121   0.000000000
   sum over m      0.059971593  0.059971593   0.119943186   0.000000000
   sum over m+mul  0.059971593  0.059971593   0.119943186   0.000000000

   92    C          Up spin      Down spin     Sum           Diff
            multiple
  s           0    0.544028769  0.544028769   1.088057539   0.000000000
   sum over m      0.544028769  0.544028769   1.088057539   0.000000000
  s           1    0.014838299  0.014838299   0.029676598   0.000000000
   sum over m      0.014838299  0.014838299   0.029676598   0.000000000
   sum over m+mul  0.558867068  0.558867068   1.117734136   0.000000000
  px          0    0.420486044  0.420486044   0.840972088   0.000000000
  py          0    0.420559557  0.420559557   0.841119114   0.000000000
  pz          0    0.490422822  0.490422822   0.980845643   0.000000000
   sum over m      1.331468423  1.331468423   2.662936845   0.000000000
  px          1    0.029702666  0.029702666   0.059405331   0.000000000
  py          1    0.029760607  0.029760607   0.059521215   0.000000000
  pz          1   -0.009768982 -0.009768982  -0.019537964   0.000000000
   sum over m      0.049694291  0.049694291   0.099388582   0.000000000
   sum over m+mul  1.381162714  1.381162714   2.762325427   0.000000000
  d3z^2-r^2   0    0.002825638  0.002825638   0.005651276   0.000000000
  dx^2-y^2    0    0.018897719  0.018897719   0.037795438   0.000000000
  dxy         0    0.018899437  0.018899437   0.037798875   0.000000000
  dxz         0    0.009673510  0.009673510   0.019347020   0.000000000
  dyz         0    0.009675058  0.009675058   0.019350116   0.000000000
   sum over m      0.059971362  0.059971362   0.119942725   0.000000000
   sum over m+mul  0.059971362  0.059971362   0.119942725   0.000000000

   93    C          Up spin      Down spin     Sum           Diff
            multiple
  s           0    0.544030760  0.544030760   1.088061519   0.000000000
   sum over m      0.544030760  0.544030760   1.088061519   0.000000000
  s           1    0.014838422  0.014838422   0.029676844   0.000000000
   sum over m      0.014838422  0.014838422   0.029676844   0.000000000
   sum over m+mul  0.558869182  0.558869182   1.117738363   0.000000000
  px          0    0.420489549  0.420489549   0.840979097   0.000000000
  py          0    0.420558627  0.420558627   0.841117255   0.000000000
  pz          0    0.490417790  0.490417790   0.980835581   0.000000000
   sum over m      1.331465967  1.331465967   2.662931933   0.000000000
  px          1    0.029702805  0.029702805   0.059405610   0.000000000
  py          1    0.029760702  0.029760702   0.059521404   0.000000000
  pz          1   -0.009769349 -0.009769349  -0.019538698   0.000000000
   sum over m      0.049694158  0.049694158   0.099388316   0.000000000
   sum over m+mul  1.381160124  1.381160124   2.762320249   0.000000000
  d3z^2-r^2   0    0.002825646  0.002825646   0.005651291   0.000000000
  dx^2-y^2    0    0.018897894  0.018897894   0.037795788   0.000000000
  dxy         0    0.018899072  0.018899072   0.037798144   0.000000000
  dxz         0    0.009674568  0.009674568   0.019349136   0.000000000
  dyz         0    0.009674800  0.009674800   0.019349600   0.000000000
   sum over m      0.059971979  0.059971979   0.119943959   0.000000000
   sum over m+mul  0.059971979  0.059971979   0.119943959   0.000000000

   94    C          Up spin      Down spin     Sum           Diff
            multiple
  s           0    0.544027733  0.544027733   1.088055466   0.000000000
   sum over m      0.544027733  0.544027733   1.088055466   0.000000000
  s           1    0.014838293  0.014838293   0.029676586   0.000000000
   sum over m      0.014838293  0.014838293   0.029676586   0.000000000
   sum over m+mul  0.558866026  0.558866026   1.117732052   0.000000000
  px          0    0.420484965  0.420484965   0.840969929   0.000000000
  py          0    0.420559035  0.420559035   0.841118069   0.000000000
  pz          0    0.490426486  0.490426486   0.980852972   0.000000000
   sum over m      1.331470485  1.331470485   2.662940970   0.000000000
  px          1    0.029702437  0.029702437   0.059404874   0.000000000
  py          1    0.029760512  0.029760512   0.059521024   0.000000000
  pz          1   -0.009768731 -0.009768731  -0.019537462   0.000000000
   sum over m      0.049694218  0.049694218   0.099388436   0.000000000
   sum over m+mul  1.381164703  1.381164703   2.762329406   0.000000000
  d3z^2-r^2   0    0.002825647  0.002825647   0.005651294   0.000000000
  dx^2-y^2    0    0.018897638  0.018897638   0.037795277   0.000000000
  dxy         0    0.018899400  0.018899400   0.037798800   0.000000000
  dxz         0    0.009672990  0.009672990   0.019345980   0.000000000
  dyz         0    0.009675209  0.009675209   0.019350419   0.000000000
   sum over m      0.059970885  0.059970885   0.119941770   0.000000000
   sum over m+mul  0.059970885  0.059970885   0.119941770   0.000000000

   95    C          Up spin      Down spin     Sum           Diff
            multiple
  s           0    0.544030590  0.544030590   1.088061180   0.000000000
   sum over m      0.544030590  0.544030590   1.088061180   0.000000000
  s           1    0.014838175  0.014838175   0.029676349   0.000000000
   sum over m      0.014838175  0.014838175   0.029676349   0.000000000
   sum over m+mul  0.558868764  0.558868764   1.117737529   0.000000000
  px          0    0.420488290  0.420488290   0.840976580   0.000000000
  py          0    0.420558810  0.420558810   0.841117621   0.000000000
  pz          0    0.490414286  0.490414286   0.980828572   0.000000000
   sum over m      1.331461386  1.331461386   2.662922773   0.000000000
  px          1    0.029702328  0.029702328   0.059404655   0.000000000
  py          1    0.029760681  0.029760681   0.059521363   0.000000000
  pz          1   -0.009768300 -0.009768300  -0.019536601   0.000000000
   sum over m      0.049694708  0.049694708   0.099389417   0.000000000
   sum over m+mul  1.381156095  1.381156095   2.762312190   0.000000000
  d3z^2-r^2   0    0.002825632  0.002825632   0.005651265   0.000000000
  dx^2-y^2    0    0.018897864  0.018897864   0.037795727   0.000000000
  dxy         0    0.018899348  0.018899348   0.037798696   0.000000000
  dxz         0    0.009674252  0.009674252   0.019348504   0.000000000
  dyz         0    0.009674713  0.009674713   0.019349426   0.000000000
   sum over m      0.059971809  0.059971809   0.119943618   0.000000000
   sum over m+mul  0.059971809  0.059971809   0.119943618   0.000000000

   96    C          Up spin      Down spin     Sum           Diff
            multiple
  s           0    0.544030260  0.544030260   1.088060520   0.000000000
   sum over m      0.544030260  0.544030260   1.088060520   0.000000000
  s           1    0.014838237  0.014838237   0.029676475   0.000000000
   sum over m      0.014838237  0.014838237   0.029676475   0.000000000
   sum over m+mul  0.558868497  0.558868497   1.117736995   0.000000000
  px          0    0.420486538  0.420486538   0.840973076   0.000000000
  py          0    0.420560261  0.420560261   0.841120523   0.000000000
  pz          0    0.490417335  0.490417335   0.980834671   0.000000000
   sum over m      1.331464135  1.331464135   2.662928270   0.000000000
  px          1    0.029702773  0.029702773   0.059405546   0.000000000
  py          1    0.029760644  0.029760644   0.059521287   0.000000000
  pz          1   -0.009768826 -0.009768826  -0.019537653   0.000000000
   sum over m      0.049694590  0.049694590   0.099389180   0.000000000
   sum over m+mul  1.381158725  1.381158725   2.762317450   0.000000000
  d3z^2-r^2   0    0.002825646  0.002825646   0.005651292   0.000000000
  dx^2-y^2    0    0.018897630  0.018897630   0.037795259   0.000000000
  dxy         0    0.018899503  0.018899503   0.037799006   0.000000000
  dxz         0    0.009673921  0.009673921   0.019347843   0.000000000
  dyz         0    0.009675232  0.009675232   0.019350464   0.000000000
   sum over m      0.059971932  0.059971932   0.119943864   0.000000000
   sum over m+mul  0.059971932  0.059971932   0.119943864   0.000000000

   97    C          Up spin      Down spin     Sum           Diff
            multiple
  s           0    0.544029094  0.544029094   1.088058188   0.000000000
   sum over m      0.544029094  0.544029094   1.088058188   0.000000000
  s           1    0.014838332  0.014838332   0.029676664   0.000000000
   sum over m      0.014838332  0.014838332   0.029676664   0.000000000
   sum over m+mul  0.558867426  0.558867426   1.117734853   0.000000000
  px          0    0.420486293  0.420486293   0.840972586   0.000000000
  py          0    0.420558947  0.420558947   0.841117894   0.000000000
  pz          0    0.490422515  0.490422515   0.980845030   0.000000000
   sum over m      1.331467755  1.331467755   2.662935510   0.000000000
  px          1    0.029702870  0.029702870   0.059405739   0.000000000
  py          1    0.029760704  0.029760704   0.059521408   0.000000000
  pz          1   -0.009769154 -0.009769154  -0.019538308   0.000000000
   sum over m      0.049694419  0.049694419   0.099388839   0.000000000
   sum over m+mul  1.381162174  1.381162174   2.762324349   0.000000000
  d3z^2-r^2   0    0.002825653  0.002825653   0.005651306   0.000000000
  dx^2-y^2    0    0.018897677  0.018897677   0.037795353   0.000000000
  dxy         0    0.018899420  0.018899420   0.037798841   0.000000000
  dxz         0    0.009673736  0.009673736   0.019347472   0.000000000
  dyz         0    0.009674905  0.009674905   0.019349811   0.000000000
   sum over m      0.059971391  0.059971391   0.119942782   0.000000000
   sum over m+mul  0.059971391  0.059971391   0.119942782   0.000000000

   98    C          Up spin      Down spin     Sum           Diff
            multiple
  s           0    0.544029597  0.544029597   1.088059193   0.000000000
   sum over m      0.544029597  0.544029597   1.088059193   0.000000000
  s           1    0.014838252  0.014838252   0.029676504   0.000000000
   sum over m      0.014838252  0.014838252   0.029676504   0.000000000
   sum over m+mul  0.558867848  0.558867848   1.117735697   0.000000000
  px          0    0.420486098  0.420486098   0.840972195   0.000000000
  py          0    0.420559531  0.420559531   0.841119062   0.000000000
  pz          0    0.490419327  0.490419327   0.980838653   0.000000000
   sum over m      1.331464955  1.331464955   2.662929911   0.000000000
  px          1    0.029702717  0.029702717   0.059405434   0.000000000
  py          1    0.029760571  0.029760571   0.059521141   0.000000000
  pz          1   -0.009768700 -0.009768700  -0.019537400   0.000000000
   sum over m      0.049694588  0.049694588   0.099389175   0.000000000
   sum over m+mul  1.381159543  1.381159543   2.762319086   0.000000000
  d3z^2-r^2   0    0.002825646  0.002825646   0.005651292   0.000000000
  dx^2-y^2    0    0.018897628  0.018897628   0.037795256   0.000000000
  dxy         0    0.018899424  0.018899424   0.037798848   0.000000000
  dxz         0    0.009673762  0.009673762   0.019347524   0.000000000
  dyz         0    0.009675103  0.009675103   0.019350206   0.000000000
   sum over m      0.059971563  0.059971563   0.119943126   0.000000000
   sum over m+mul  0.059971563  0.059971563   0.119943126   0.000000000

***********************************************************
***********************************************************
                    Dipole moment (Debye)                  
***********************************************************
***********************************************************

 Absolute D        0.00207183

                      Dx                Dy                Dz
 Total             -0.00052380        0.00200452       -0.00000002
 Core            6947.74256987    13371.12893819        0.00000000
 Electron       -6947.74309367   -13371.12693367       -0.00000002
 Back ground       -0.00000000       -0.00000000        0.00000000

***********************************************************
***********************************************************
       xyz-coordinates (Ang) and forces (Hartree/Bohr)  
***********************************************************
***********************************************************

<coordinates.forces
  98
    1     C     0.00000   0.00000   0.00000   0.000020168700 -0.000153505147 -0.000000000196
    2     C     0.00000   1.42028   0.00000  -0.000015327921  0.000163015639 -0.000000000203
    3     C    -1.23000   2.13042   0.00000   0.000006159046 -0.000153164150 -0.000000000095
    4     C    -1.23000   3.55070   0.00000  -0.000048814094  0.000144437677  0.000000000317
    5     C    -2.46000   4.26084   0.00000   0.000034266261 -0.000177681735 -0.000000000126
    6     C    -2.46000   5.68113   0.00000  -0.000004129301  0.000182383375 -0.000000000122
    7     C    -3.69000   6.39127   0.00000   0.000005299647 -0.000164986596  0.000000000322
    8     C    -3.69000   7.81155   0.00000  -0.000013155944  0.000162768692 -0.000000000261
    9     C    -4.92000   8.52169   0.00000   0.000009420532 -0.000168530060  0.000000000015
   10     C    -4.92000   9.94197   0.00000  -0.000009422298  0.000173168994 -0.000000000267
   11     C    -6.15000  10.65211   0.00000   0.000018801720 -0.000158357617  0.000000000101
   12     C    -6.15000  12.07239   0.00000  -0.000018264055  0.000157797432  0.000000000108
   13     C    -7.38000  12.78253   0.00000   0.000013032243 -0.000162253657 -0.000000000444
   14     C    -7.38000  14.20282   0.00000  -0.000013577770  0.000162031345 -0.000000000145
   15     C     2.46000   0.00000   0.00000   0.000002445191 -0.000146639397  0.000000000038
   16     C     2.46000   1.42028   0.00000  -0.000043576392  0.000140379916  0.000000000087
   17     C     1.23000   2.13042   0.00000   0.000044102852 -0.000162917240  0.000000000058
   18     C     1.23000   3.55070   0.00000  -0.000099639217  0.000259331442 -0.000000000173
   19     C     0.00000   4.26084   0.00000   0.000046872346 -0.000127014936 -0.000000000042
   20     C     0.00000   5.68113   0.00000  -0.000152013116  0.000168529985  0.000000000153
   21     C    -1.23000   6.39127   0.00000   0.000009322166 -0.000222984291 -0.000000000126
   22     C    -1.23000   7.81155   0.00000  -0.000007213123  0.000203578265  0.000000000049
   23     C    -2.46000   8.52169   0.00000   0.000026860084 -0.000177663743 -0.000000000293
   24     C    -2.46000   9.94197   0.00000   0.000010784795  0.000180304489  0.000000000049
   25     C    -3.69000  10.65211   0.00000   0.000000051046 -0.000158369077 -0.000000000065
   26     C    -3.69000  12.07239   0.00000  -0.000000594728  0.000157814447 -0.000000000067
   27     C    -4.92000  12.78253   0.00000   0.000009434251 -0.000142114133 -0.000000000159
   28     C    -4.92000  14.20282   0.00000  -0.000009417380  0.000145179355  0.000000000189
   29     C     4.92000   0.00000   0.00000   0.000016403943 -0.000146668504  0.000000000076
   30     C     4.92000   1.42028   0.00000   0.000024726171  0.000140412145  0.000000000329
   31     C     3.69000   2.13042   0.00000   0.000009486268 -0.000061870972  0.000000000084
   32     C     3.69000   3.55070   0.00000  -0.000009251957  0.000006944746 -0.000000000022
   33     C     2.46000   4.26084   0.00000   0.000568646293  0.000380794380 -0.000000000077
   34     C     2.46000   5.68113   0.00000   0.001371182757  0.003016797303  0.000000000058
   35     C     1.23000   6.39127   0.00000   0.000072116908 -0.000697389931 -0.000000000082
   36     C     1.23000   7.81155   0.00000   0.000229501213  0.000423145010 -0.000000000258
   37     C     0.00000   8.52169   0.00000  -0.000027775264 -0.000126786143 -0.000000000145
   38     C     0.00000   9.94197   0.00000   0.000027069498  0.000144355818  0.000000000235
   39     C    -1.23000  10.65211   0.00000  -0.000029610056 -0.000153106644  0.000000000076
   40     C    -1.23000  12.07239   0.00000  -0.000009010460  0.000155546318  0.000000000305
   41     C    -2.46000  12.78253   0.00000   0.000005820435 -0.000162255591 -0.000000000222
   42     C    -2.46000  14.20282   0.00000  -0.000005280888  0.000162031662 -0.000000000129
   43     C     7.38000   0.00000   0.00000  -0.000001312929 -0.000153501565 -0.000000000056
   44     C     7.38000   1.42028   0.00000  -0.000003515512  0.000163013067  0.000000000019
   45     C     6.15000   2.13042   0.00000  -0.000025227498 -0.000162960607 -0.000000000421
   46     C     6.15000   3.55070   0.00000   0.000080737882  0.000259356213  0.000000000036
   47     C     4.92000   4.26084   0.00000  -0.000550386522  0.000380445360  0.000000000196
   48     C     4.92000   5.68113   0.00000  -0.001393823697  0.003023859453  0.000000000017
   49     C     3.69000   6.40127   0.00000  -0.000021820147 -0.012889647064 -0.000000000087
   50     C     3.69000   7.81155   0.00000  -0.000012459853  0.005697123650  0.000000000026
   51     C     2.46000   8.52169   0.00000  -0.000681772098  0.000390939155  0.000000000461
   52     C     2.46000   9.94197   0.00000  -0.000062565547  0.000011711981 -0.000000000441
   53     C     1.23000  10.65211   0.00000  -0.000025467254 -0.000162756753  0.000000000243
   54     C     1.23000  12.07239   0.00000   0.000001699982  0.000172107081  0.000000000136
   55     C     0.00000  12.78253   0.00000   0.000006935428 -0.000153492336 -0.000000000163
   56     C     0.00000  14.20282   0.00000  -0.000001529862  0.000155589196  0.000000000208
   57     C     9.84000   0.00000   0.00000   0.000005817904 -0.000162265477 -0.000000000150
   58     C     9.84000   1.42028   0.00000  -0.000005522325  0.000163371786 -0.000000000051
   59     C     8.61000   2.13042   0.00000   0.000012698124 -0.000153186121  0.000000000254
   60     C     8.61000   3.55070   0.00000   0.000029932766  0.000144473783  0.000000000016
   61     C     7.38000   4.26084   0.00000  -0.000027956812 -0.000127031621  0.000000000067
   62     C     7.38000   5.68113   0.00000   0.000133135864  0.000168366014  0.000000000287
   63     C     6.15000   6.39127   0.00000  -0.000053014463 -0.000697410650  0.000000000090
   64     C     6.15000   7.81155   0.00000  -0.000248707706  0.000423049794  0.000000000194
   65     C     4.92000   8.52169   0.00000   0.000700244491  0.000391288971 -0.000000000250
   66     C     4.92000   9.94197   0.00000   0.000043829949  0.000011681250 -0.000000000052
   67     C     3.69000  10.65211   0.00000   0.000009406856 -0.000061623704  0.000000000252
   68     C     3.69000  12.07239   0.00000  -0.000009434239  0.000075821744 -0.000000000159
   69     C     2.46000  12.78253   0.00000  -0.000025928596 -0.000146610832 -0.000000000121
   70     C     2.46000  14.20282   0.00000  -0.000014933813  0.000147042543  0.000000000220
   71     C    12.30000   0.00000   0.00000   0.000009421382 -0.000142125191 -0.000000000474
   72     C    12.30000   1.42028   0.00000  -0.000009434258  0.000140601474  0.000000000152
   73     C    11.07000   2.13042   0.00000   0.000000064829 -0.000158414020 -0.000000000493
   74     C    11.07000   3.55070   0.00000  -0.000000026144  0.000153888080  0.000000000209
   75     C     9.84000   4.26084   0.00000  -0.000015417401 -0.000177673256 -0.000000000111
   76     C     9.84000   5.68113   0.00000  -0.000014709659  0.000182355454  0.000000000064
   77     C     8.61000   6.39127   0.00000   0.000009530848 -0.000222984582  0.000000000221
   78     C     8.61000   7.81155   0.00000  -0.000011669673  0.000203520979 -0.000000000520
   79     C     7.38000   8.52169   0.00000   0.000046595062 -0.000126771087 -0.000000000289
   80     C     7.38000   9.94197   0.00000  -0.000045888652  0.000144421200 -0.000000000221
   81     C     6.15000  10.65211   0.00000   0.000044350877 -0.000162709283  0.000000000227
   82     C     6.15000  12.07239   0.00000  -0.000020526982  0.000172120084  0.000000000078
   83     C     4.92000  12.78253   0.00000   0.000044781453 -0.000146582905  0.000000000109
   84     C     4.92000  14.20282   0.00000  -0.000003910211  0.000147036925  0.000000000270
   85     C    14.76000   0.00000   0.00000   0.000013035192 -0.000162262808  0.000000000124
   86     C    14.76000   1.42028   0.00000  -0.000013332302  0.000163370433 -0.000000000225
   87     C    13.53000   2.13042   0.00000   0.000018800226 -0.000158402781  0.000000000147
   88     C    13.53000   3.55070   0.00000  -0.000018820705  0.000153879789  0.000000000208
   89     C    12.30000   4.26084   0.00000   0.000009420672 -0.000168538826  0.000000000061
   90     C    12.30000   5.68113   0.00000  -0.000009424930  0.000169293975 -0.000000000106
   91     C    11.07000   6.39127   0.00000   0.000013551342 -0.000164986600 -0.000000000257
   92     C    11.07000   7.81155   0.00000  -0.000005692055  0.000162775061  0.000000000390
   93     C     9.84000   8.52169   0.00000  -0.000008017627 -0.000177671805  0.000000000126
   94     C     9.84000   9.94197   0.00000  -0.000029656802  0.000180293023  0.000000000028
   95     C     8.61000  10.65211   0.00000   0.000048474237 -0.000153086789  0.000000000127
   96     C     8.61000  12.07239   0.00000  -0.000009834631  0.000155536739  0.000000000273
   97     C     7.38000  12.78253   0.00000   0.000011907365 -0.000153495175 -0.000000000210
   98     C     7.38000  14.20282   0.00000  -0.000017331428  0.000155582359  0.000000000127
coordinates.forces>

***********************************************************
***********************************************************
       Fractional coordinates of the final structure       
***********************************************************
***********************************************************

     1      C     0.00000000000000   0.00000000000000   0.00000000000000
     2      C     0.04761904761903   0.09523809523805   0.00000000000000
     3      C     0.00000000000000   0.14285714285714   0.00000000000000
     4      C     0.04761904761903   0.23809523809519   0.00000000000000
     5      C     0.00000000000000   0.28571428571429   0.00000000000000
     6      C     0.04761904761903   0.38095238095234   0.00000000000000
     7      C    -0.00000000000000   0.42857142857143   0.00000000000000
     8      C     0.04761904761903   0.52380952380948   0.00000000000000
     9      C     0.00000000000000   0.57142857142857   0.00000000000000
    10      C     0.04761904761903   0.66666666666662   0.00000000000000
    11      C    -0.00000000000000   0.71428571428571   0.00000000000000
    12      C     0.04761904761903   0.80952380952376   0.00000000000000
    13      C    -0.00000000000000   0.85714285714286   0.00000000000000
    14      C     0.04761904761903   0.95238095238091   0.00000000000000
    15      C     0.14285714285714   0.00000000000000   0.00000000000000
    16      C     0.19047619047617   0.09523809523805   0.00000000000000
    17      C     0.14285714285714   0.14285714285714   0.00000000000000
    18      C     0.19047619047617   0.23809523809519   0.00000000000000
    19      C     0.14285714285714   0.28571428571429   0.00000000000000
    20      C     0.19047619047617   0.38095238095234   0.00000000000000
    21      C     0.14285714285714   0.42857142857143   0.00000000000000
    22      C     0.19047619047617   0.52380952380948   0.00000000000000
    23      C     0.14285714285714   0.57142857142857   0.00000000000000
    24      C     0.19047619047617   0.66666666666662   0.00000000000000
    25      C     0.14285714285714   0.71428571428571   0.00000000000000
    26      C     0.19047619047617   0.80952380952376   0.00000000000000
    27      C     0.14285714285714   0.85714285714286   0.00000000000000
    28      C     0.19047619047617   0.95238095238091   0.00000000000000
    29      C     0.28571428571429   0.00000000000000   0.00000000000000
    30      C     0.33333333333331   0.09523809523805   0.00000000000000
    31      C     0.28571428571429   0.14285714285714   0.00000000000000
    32      C     0.33333333333331   0.23809523809519   0.00000000000000
    33      C     0.28571428571429   0.28571428571429   0.00000000000000
    34      C     0.33333333333331   0.38095238095234   0.00000000000000
    35      C     0.28571428571429   0.42857142857143   0.00000000000000
    36      C     0.33333333333331   0.52380952380948   0.00000000000000
    37      C     0.28571428571429   0.57142857142857   0.00000000000000
    38      C     0.33333333333331   0.66666666666662   0.00000000000000
    39      C     0.28571428571429   0.71428571428571   0.00000000000000
    40      C     0.33333333333331   0.80952380952376   0.00000000000000
    41      C     0.28571428571429   0.85714285714286   0.00000000000000
    42      C     0.33333333333331   0.95238095238091   0.00000000000000
    43      C     0.42857142857143   0.00000000000000   0.00000000000000
    44      C     0.47619047619045   0.09523809523805   0.00000000000000
    45      C     0.42857142857143   0.14285714285714   0.00000000000000
    46      C     0.47619047619045   0.23809523809519   0.00000000000000
    47      C     0.42857142857143   0.28571428571429   0.00000000000000
    48      C     0.47619047619045   0.38095238095234   0.00000000000000
    49      C     0.42890670747340   0.42924198637537   0.00000000000000
    50      C     0.47619047619045   0.52380952380948   0.00000000000000
    51      C     0.42857142857143   0.57142857142857   0.00000000000000
    52      C     0.47619047619045   0.66666666666662   0.00000000000000
    53      C     0.42857142857143   0.71428571428571   0.00000000000000
    54      C     0.47619047619045   0.80952380952376   0.00000000000000
    55      C     0.42857142857143   0.85714285714286   0.00000000000000
    56      C     0.47619047619045   0.95238095238091   0.00000000000000
    57      C     0.57142857142857   0.00000000000000   0.00000000000000
    58      C     0.61904761904760   0.09523809523805   0.00000000000000
    59      C     0.57142857142857   0.14285714285714   0.00000000000000
    60      C     0.61904761904760   0.23809523809519   0.00000000000000
    61      C     0.57142857142857   0.28571428571429   0.00000000000000
    62      C     0.61904761904760   0.38095238095234   0.00000000000000
    63      C     0.57142857142857   0.42857142857143   0.00000000000000
    64      C     0.61904761904760   0.52380952380948   0.00000000000000
    65      C     0.57142857142857   0.57142857142857   0.00000000000000
    66      C     0.61904761904760   0.66666666666662   0.00000000000000
    67      C     0.57142857142857   0.71428571428571   0.00000000000000
    68      C     0.61904761904760   0.80952380952376   0.00000000000000
    69      C     0.57142857142857   0.85714285714286   0.00000000000000
    70      C     0.61904761904760   0.95238095238091   0.00000000000000
    71      C     0.71428571428571   0.00000000000000   0.00000000000000
    72      C     0.76190476190474   0.09523809523805   0.00000000000000
    73      C     0.71428571428571   0.14285714285714   0.00000000000000
    74      C     0.76190476190474   0.23809523809519   0.00000000000000
    75      C     0.71428571428571   0.28571428571429   0.00000000000000
    76      C     0.76190476190474   0.38095238095234   0.00000000000000
    77      C     0.71428571428571   0.42857142857143   0.00000000000000
    78      C     0.76190476190474   0.52380952380948   0.00000000000000
    79      C     0.71428571428571   0.57142857142857   0.00000000000000
    80      C     0.76190476190474   0.66666666666662   0.00000000000000
    81      C     0.71428571428571   0.71428571428571   0.00000000000000
    82      C     0.76190476190474   0.80952380952376   0.00000000000000
    83      C     0.71428571428571   0.85714285714286   0.00000000000000
    84      C     0.76190476190474   0.95238095238091   0.00000000000000
    85      C     0.85714285714286   0.00000000000000   0.00000000000000
    86      C     0.90476190476188   0.09523809523805   0.00000000000000
    87      C     0.85714285714286   0.14285714285714   0.00000000000000
    88      C     0.90476190476188   0.23809523809519   0.00000000000000
    89      C     0.85714285714286   0.28571428571429   0.00000000000000
    90      C     0.90476190476188   0.38095238095234   0.00000000000000
    91      C     0.85714285714286   0.42857142857143   0.00000000000000
    92      C     0.90476190476188   0.52380952380948   0.00000000000000
    93      C     0.85714285714286   0.57142857142857   0.00000000000000
    94      C     0.90476190476188   0.66666666666662   0.00000000000000
    95      C     0.85714285714286   0.71428571428571   0.00000000000000
    96      C     0.90476190476188   0.80952380952376   0.00000000000000
    97      C     0.85714285714286   0.85714285714286   0.00000000000000
    98      C     0.90476190476188   0.95238095238091   0.00000000000000

***********************************************************
***********************************************************
               Computational Time (second)                 
***********************************************************
***********************************************************

   Elapsed.Time.        21.517

                               Min_ID   Min_Time       Max_ID   Max_Time
   Total Computational Time =    16       21.331          0       21.517
   readfile                 =    20        1.260          0        1.293
   truncation               =     6        0.858         31        0.893
   MD_pac                   =     0        0.043         11        0.071
   OutData                  =    16        0.000          0        0.045
   DFT                      =    31       17.574          0       17.653

*** In DFT ***

   Set_OLP_Kin              =    29        0.821         31        1.087
   Set_Nonlocal             =    31        1.670          9        1.936
   Set_ProExpn_VNA          =     0        0.000          0        0.000
   Set_Hamiltonian          =     6        5.867         23        5.867
   Poisson                  =    26        0.093          5        0.093
   Diagonalization          =     1        2.302         13        2.302
   Mixing_DM                =    18        0.040         27        0.040
   Force                    =     0        0.714          2        0.714
   Total_Energy             =     9        1.128          0        1.176
   Set_Aden_Grid            =     8        0.034         29        0.037
   Set_Orbitals_Grid        =     1        0.342         15        0.449
   Set_Density_Grid         =    13        2.813         29        3.700
   RestartFileDFT           =    31        0.214         28        0.309
   Mulliken_Charge          =    22        0.090          8        0.090
   FFT(2D)_Density          =     0        0.000          0        0.000
   Others                   =    15        0.184         13        1.182
