***********************************************************
***********************************************************

  This calculation was performed by OpenMX Ver. 3.9.9
  using 32 MPI processes and 1 OpenMP threads.

  Sun Jun  1 17:41:53 2025

***********************************************************
***********************************************************

#
# File Name
#

System.CurrrentDirectory         ./    # default=./
System.Name                      openmx
level.of.stdout                   1    # default=1 (1-3)
level.of.fileout                  0    # default=1 (0-2)

#
# Definition of Atomic Species
#

Species.Number       1
<Definition.of.Atomic.Species
 C     C6.0-s2p2d1        C_PBE19
Definition.of.Atomic.Species>

#
# Atoms
#
Atoms.Number     98
Atoms.SpeciesAndCoordinates.Unit   Ang # Ang|AU
<Atoms.SpeciesAndCoordinates
  1   C    0.000000000000    0.000000000000    0.000000000000  2.0  2.0  off
  2   C    0.000000000000    1.420281662206    0.000000000000  2.0  2.0  off
  3   C   -1.230000000000    2.130422493310    0.000000000000  2.0  2.0  off
  4   C   -1.230000000000    3.550704155516    0.000000000000  2.0  2.0  off
  5   C   -2.460000000000    4.260844986620    0.000000000000  2.0  2.0  off
  6   C   -2.460000000000    5.681126648826    0.000000000000  2.0  2.0  off
  7   C   -3.690000000000    6.391267479930    0.000000000000  2.0  2.0  off
  8   C   -3.690000000000    7.811549142136    0.000000000000  2.0  2.0  off
  9   C   -4.920000000000    8.521689973240    0.000000000000  2.0  2.0  off
 10   C   -4.920000000000    9.941971635446    0.000000000000  2.0  2.0  off
 11   C   -6.150000000000   10.652112466550    0.000000000000  2.0  2.0  off
 12   C   -6.150000000000   12.072394128756    0.000000000000  2.0  2.0  off
 13   C   -7.380000000000   12.782534959860    0.000000000000  2.0  2.0  off
 14   C   -7.380000000000   14.202816622066    0.000000000000  2.0  2.0  off
 15   C    2.460000000000    0.000000000000    0.000000000000  2.0  2.0  off
 16   C    2.460000000000    1.420281662206    0.000000000000  2.0  2.0  off
 17   C    1.230000000000    2.130422493310    0.000000000000  2.0  2.0  off
 18   C    1.230000000000    3.550704155516    0.000000000000  2.0  2.0  off
 19   C    0.000000000000    4.260844986620    0.000000000000  2.0  2.0  off
 20   C    0.000000000000    5.681126648826    0.000000000000  2.0  2.0  off
 21   C   -1.230000000000    6.391267479930    0.000000000000  2.0  2.0  off
 22   C   -1.230000000000    7.811549142136    0.000000000000  2.0  2.0  off
 23   C   -2.460000000000    8.521689973240    0.000000000000  2.0  2.0  off
 24   C   -2.460000000000    9.941971635446    0.000000000000  2.0  2.0  off
 25   C   -3.690000000000   10.652112466550    0.000000000000  2.0  2.0  off
 26   C   -3.690000000000   12.072394128756    0.000000000000  2.0  2.0  off
 27   C   -4.920000000000   12.782534959860    0.000000000000  2.0  2.0  off
 28   C   -4.920000000000   14.202816622066    0.000000000000  2.0  2.0  off
 29   C    4.920000000000    0.000000000000    0.000000000000  2.0  2.0  off
 30   C    4.920000000000    1.420281662206    0.000000000000  2.0  2.0  off
 31   C    3.690000000000    2.130422493310    0.000000000000  2.0  2.0  off
 32   C    3.690000000000    3.550704155516    0.000000000000  2.0  2.0  off
 33   C    2.460000000000    4.260844986620    0.000000000000  2.0  2.0  off
 34   C    2.460000000000    5.681126648826    0.000000000000  2.0  2.0  off
 35   C    1.230000000000    6.391267479930    0.000000000000  2.0  2.0  off
 36   C    1.230000000000    7.811549142136    0.000000000000  2.0  2.0  off
 37   C    0.000000000000    8.521689973240    0.000000000000  2.0  2.0  off
 38   C    0.000000000000    9.941971635446    0.000000000000  2.0  2.0  off
 39   C   -1.230000000000   10.652112466550    0.000000000000  2.0  2.0  off
 40   C   -1.230000000000   12.072394128756    0.000000000000  2.0  2.0  off
 41   C   -2.460000000000   12.782534959860    0.000000000000  2.0  2.0  off
 42   C   -2.460000000000   14.202816622066    0.000000000000  2.0  2.0  off
 43   C    7.380000000000    0.000000000000    0.000000000000  2.0  2.0  off
 44   C    7.380000000000    1.420281662206    0.000000000000  2.0  2.0  off
 45   C    6.150000000000    2.130422493310    0.000000000000  2.0  2.0  off
 46   C    6.150000000000    3.550704155516    0.000000000000  2.0  2.0  off
 47   C    4.920000000000    4.260844986620    0.000000000000  2.0  2.0  off
 48   C    4.920000000000    5.681126648826    0.000000000000  2.0  2.0  off
 49   C    3.690000000000    6.391267479930    0.000000000000  2.0  2.0  off
 50   C    3.690000000000    7.821549142136    0.000000000000  2.0  2.0  off
 51   C    2.460000000000    8.521689973240    0.000000000000  2.0  2.0  off
 52   C    2.460000000000    9.941971635446    0.000000000000  2.0  2.0  off
 53   C    1.230000000000   10.652112466550    0.000000000000  2.0  2.0  off
 54   C    1.230000000000   12.072394128756    0.000000000000  2.0  2.0  off
 55   C    0.000000000000   12.782534959860    0.000000000000  2.0  2.0  off
 56   C    0.000000000000   14.202816622066    0.000000000000  2.0  2.0  off
 57   C    9.840000000000    0.000000000000    0.000000000000  2.0  2.0  off
 58   C    9.840000000000    1.420281662206    0.000000000000  2.0  2.0  off
 59   C    8.610000000000    2.130422493310    0.000000000000  2.0  2.0  off
 60   C    8.610000000000    3.550704155516    0.000000000000  2.0  2.0  off
 61   C    7.380000000000    4.260844986620    0.000000000000  2.0  2.0  off
 62   C    7.380000000000    5.681126648826    0.000000000000  2.0  2.0  off
 63   C    6.150000000000    6.391267479930    0.000000000000  2.0  2.0  off
 64   C    6.150000000000    7.811549142136    0.000000000000  2.0  2.0  off
 65   C    4.920000000000    8.521689973240    0.000000000000  2.0  2.0  off
 66   C    4.920000000000    9.941971635446    0.000000000000  2.0  2.0  off
 67   C    3.690000000000   10.652112466550    0.000000000000  2.0  2.0  off
 68   C    3.690000000000   12.072394128756    0.000000000000  2.0  2.0  off
 69   C    2.460000000000   12.782534959860    0.000000000000  2.0  2.0  off
 70   C    2.460000000000   14.202816622066    0.000000000000  2.0  2.0  off
 71   C   12.300000000000    0.000000000000    0.000000000000  2.0  2.0  off
 72   C   12.300000000000    1.420281662206    0.000000000000  2.0  2.0  off
 73   C   11.070000000000    2.130422493310    0.000000000000  2.0  2.0  off
 74   C   11.070000000000    3.550704155516    0.000000000000  2.0  2.0  off
 75   C    9.840000000000    4.260844986620    0.000000000000  2.0  2.0  off
 76   C    9.840000000000    5.681126648826    0.000000000000  2.0  2.0  off
 77   C    8.610000000000    6.391267479930    0.000000000000  2.0  2.0  off
 78   C    8.610000000000    7.811549142136    0.000000000000  2.0  2.0  off
 79   C    7.380000000000    8.521689973240    0.000000000000  2.0  2.0  off
 80   C    7.380000000000    9.941971635446    0.000000000000  2.0  2.0  off
 81   C    6.150000000000   10.652112466550    0.000000000000  2.0  2.0  off
 82   C    6.150000000000   12.072394128756    0.000000000000  2.0  2.0  off
 83   C    4.920000000000   12.782534959860    0.000000000000  2.0  2.0  off
 84   C    4.920000000000   14.202816622066    0.000000000000  2.0  2.0  off
 85   C   14.760000000000    0.000000000000    0.000000000000  2.0  2.0  off
 86   C   14.760000000000    1.420281662206    0.000000000000  2.0  2.0  off
 87   C   13.530000000000    2.130422493310    0.000000000000  2.0  2.0  off
 88   C   13.530000000000    3.550704155516    0.000000000000  2.0  2.0  off
 89   C   12.300000000000    4.260844986620    0.000000000000  2.0  2.0  off
 90   C   12.300000000000    5.681126648826    0.000000000000  2.0  2.0  off
 91   C   11.070000000000    6.391267479930    0.000000000000  2.0  2.0  off
 92   C   11.070000000000    7.811549142136    0.000000000000  2.0  2.0  off
 93   C    9.840000000000    8.521689973240    0.000000000000  2.0  2.0  off
 94   C    9.840000000000    9.941971635446    0.000000000000  2.0  2.0  off
 95   C    8.610000000000   10.652112466550    0.000000000000  2.0  2.0  off
 96   C    8.610000000000   12.072394128756    0.000000000000  2.0  2.0  off
 97   C    7.380000000000   12.782534959860    0.000000000000  2.0  2.0  off
 98   C    7.380000000000   14.202816622066    0.000000000000  2.0  2.0  off
Atoms.SpeciesAndCoordinates>
Atoms.UnitVectors.Unit             Ang # Ang|AU
<Atoms.UnitVectors
   17.220000000000    0.000000000000    0.000000000000
   -8.610000000000   14.912957453170    0.000000000000
    0.000000000000    0.000000000000   12.000000000000
Atoms.UnitVectors>
#
# SCF or Electronic System
#

scf.XcType                 GGA-PBE     # LDA|LSDA-CA|LSDA-PW|GGA-PBE
scf.SpinPolarization        off        # On|Off|NC
scf.ElectronicTemperature  300.0       # default=300 (K)
scf.energycutoff           250.0       # default=150 (Ry)
scf.maxIter                1000        # default=40
scf.EigenvalueSolver       Cluster        # DC|Cluster|Band
scf.Kgrid                  1 1 1       # means n1 x n2 x n3
scf.Mixing.Type           rmm-diis    # Simple|Rmm-Diis|Gr-Pulay|Kerker|Rmm-Diisk
scf.Init.Mixing.Weight     0.30        # default=0.30
scf.Min.Mixing.Weight      0.001       # default=0.001
scf.Max.Mixing.Weight      0.400       # default=0.40
scf.Mixing.History          20         # default=5
scf.Mixing.StartPulay       10         # default=6
scf.criterion             1.0e-9      # default=1.0e-6 (Hartree)
scf.partialCoreCorrection   ON

## 1DFFT ##
1DFFT.NumGridK                    900
1DFFT.NumGridR                    900
1DFFT.EnergyCutoff                3600.0

## Others ##
scf.ProExpn.VNA                   Off

# DFT+U
#scf.Hubbard.U             on
#scf.DFTU.Type             1             # 1:Simplified(Dudarev)|2:General, default=1
#scf.Hubbard.Occupation      dual        # onsite|full|dual
#<Hubbard.U.values                       # eV
#  He  1s 0.0 2s 0.0 1p 0.0
#  Li  1s 0.0 2s 0.0 1p 0.0
#  Ti  1s 0.0 2s 0.0 3s 0.0 1p 0.0 2p 0.0 1d 4.1
#  O   1s 0.0 2s 0.0 1p 0.0 2p 0.0 1d 0.0
#  H   1s 0.0 2s 0.0 1p 0.0
#  C   1s 0.0 2s 0.0 1p 0.0 2p 0.0 1d 0.0
#Hubbard.U.values>

#<Hund.J.values                       # eV
#H0  1s 0.0 2s 0.0 1p 0.0
#H1  1s 0.0 2s 0.0 1p 0.0
#Ti  1s 0.0 2s 0.0 3s 0.0 1p 0.0 2p 0.0 1d 0.0
#O   1s 0.0 2s 0.0 1p 0.0 2p 0.0 1d 0.0
#H   1s 0.0 2s 0.0 1p 0.0
#C   1s 0.0 2s 0.0 1p 0.0 2p 0.0 1d 0.0
#Hund.J.values>

# Output of molecular orbitals
#MO.fileout   ON
#<MO.kpoint
#  0.0 0.0 0.0
#MO.kpoint>

#Dos.fileout  on
#Dos.Erange  -10.0 10.0
#Dos.Kgrid   1 1 1

#Band.dispersion             on        # on|off, default=off
#Band.Nkpath                  3
#<Band.kpath
#100   0.0000000000   0.0000000000   0.0000000000     0.3333333333   0.6666666666   0.0000000000 Γ K
#100   0.3333333333   0.6666666666   0.0000000000     0.5000000000   0.5000000000   0.0000000000 K M
#100   0.5000000000   0.5000000000   0.0000000000     0.0000000000   0.0000000000   0.0000000000 M Γ
#Band.kpath>
#120   0.0000000000   0.0000000000   0.0000000000     0.3333333333   0.3333333333   0.0000000000 Γ K
##80   0.3333333333   0.3333333333   0.0000000000     0.5000000000   0.0000000000   0.0000000000 K M
##120   0.5000000000   0.0000000000   0.0000000000     0.0000000000   0.0000000000   0.0000000000 M Γ

# VDW DFT-D2
#scf.dftD            on         # on|off, default=off
#DFTD.Unit           Ang        # Ang|AU
#DFTD.rcut_dftD      50.0       # default=100 (DFTD.Unit)
#DFTD.d              20.0       # default=20
#DFTD.scale6         0.75       # default=0.75
#DFTD.IntDirection   1 1 1      # default=1 1 1 (1:on 0:off)

#
# MD or Geometry Optimization
#

#<MD.Fixed.Cell.Vectors
# 0 0 0
# 0 0 0
# 1 1 1
#MD.Fixed.Cell.Vectors>

MD.Type                     nomd #OptC2       # Nomd|Opt|NVE|NVT_VS|NVT_NH
                                     # Constraint_Opt|DIIS
#MD.maxIter                    500        # default=1
#MD.TimeStep                 1.0        # default=0.5 (fs)
#MD.Opt.criterion         1.0e-6        # default=1.0e-4 (Hartree/Bohr)

DATA.PATH     /home/huangdq_group/tuyouyou/data/opt/openmx3.9-amd/DFT_DATA19
HS.fileout    On
scf.fixed.grid    -1.104072408827   -0.570337923238  -11.237120610657


***********************************************************
***********************************************************

  Required cutoff energy (Ryd) for 3D-grids = 250.0000
      Used cutoff energy (Ryd) for 3D-grids = 243.5738, 243.5738, 240.7552
  Num. of grids of a-, b-, and c-axes = 140, 140, 112

  Num.Grid1.   140
  Num.Grid2.   140
  Num.Grid3.   112


  Cell_Volume =  20795.754379419846 (Bohr^3)
  GridVol     =      0.009473284612 (Bohr^3)
  Cell vectors (bohr) of the grid cell (gtv)
    gtv_a =  0.232436296595,  0.000000000000,  0.000000000000
    gtv_b = -0.116218148298,  0.201295737613,  0.000000000000
    gtv_c =  0.000000000000,  0.000000000000,  0.202470641633
    |gtv_a| =  0.232436296595
    |gtv_b| =  0.232436296595
    |gtv_c| =  0.202470641633

***********************************************************
***********************************************************


***********************************************************
***********************************************************
                  SCF history at MD= 1                    
***********************************************************
***********************************************************

   SCF=   1  NormRD=  1.000000000000  Uele= -159.188910702475
   SCF=   2  NormRD=  0.507128548151  Uele= -175.798548003739
   SCF=   3  NormRD=  0.192020392872  Uele= -182.202585276838
   SCF=   4  NormRD=  0.071740209642  Uele= -184.643549777649
   SCF=   5  NormRD=  0.025696596391  Uele= -185.539194500636
   SCF=   6  NormRD=  0.104835867791  Uele= -186.298669167451
   SCF=   7  NormRD=  0.117516315859  Uele= -186.856994343943
   SCF=   8  NormRD=  0.115948492904  Uele= -186.842730790846
   SCF=   9  NormRD=  0.057725352233  Uele= -186.312510655476
   SCF=  10  NormRD=  0.027947430531  Uele= -186.063650601566
   SCF=  11  NormRD=  0.014003785479  Uele= -185.960786709114
   SCF=  12  NormRD=  0.004928533717  Uele= -185.893527822825
   SCF=  13  NormRD=  0.001869349688  Uele= -185.898141979986
   SCF=  14  NormRD=  0.000376619142  Uele= -185.888735982867
   SCF=  15  NormRD=  0.000022710728  Uele= -185.888708736303
   SCF=  16  NormRD=  0.000017176201  Uele= -185.888873507352
   SCF=  17  NormRD=  0.000001581280  Uele= -185.888879465303
   SCF=  18  NormRD=  0.000001649109  Uele= -185.888882283099
   SCF=  19  NormRD=  0.000000501639  Uele= -185.888884388984
   SCF=  20  NormRD=  0.000000049137  Uele= -185.888884450722
   SCF=  21  NormRD=  0.000000049061  Uele= -185.888884445993
   SCF=  22  NormRD=  0.000000038104  Uele= -185.888884443489
   SCF=  23  NormRD=  0.000000032690  Uele= -185.888884443001

*******************************************************
        Total energy (Hartree) at MD = 1        
*******************************************************

  Uele.       -185.888884443001

  Ukin.        409.923051075648
  UH0.       -5638.648178910025
  UH1.           1.331779238800
  Una.        -288.504278280307
  Unl.         -52.634609767239
  Uxc0.        -95.138618503745
  Uxc1.        -95.138618503745
  Ucore.      5186.233484127440
  Uhub.          0.000000000000
  Ucs.           0.000000000000
  Uzs.           0.000000000000
  Uzo.           0.000000000000
  Uef.           0.000000000000
  UvdW.          0.000000000000
  Uch.           0.000000000000
  Utot.       -572.575989523173

  UpV.           0.000000000000
  Enpy.       -572.575989523173
  Note:

  Utot = Ukin+UH0+UH1+Una+Unl+Uxc0+Uxc1+Ucore+Uhub+Ucs+Uzs+Uzo+Uef+UvdW+Uch

  Uele:   band energy
  Ukin:   kinetic energy
  UH0:    electric part of screened Coulomb energy
  UH1:    difference electron-electron Coulomb energy
  Una:    neutral atom potential energy
  Unl:    non-local potential energy
  Uxc0:   exchange-correlation energy for alpha spin
  Uxc1:   exchange-correlation energy for beta spin
  Ucore:  core-core Coulomb energy
  Uhub:   LDA+U energy
  Ucs:    constraint energy for spin orientation
  Uzs:    Zeeman term for spin magnetic moment
  Uzo:    Zeeman term for orbital magnetic moment
  Uef:    electric energy by electric field
  UvdW:   semi-empirical vdW energy
  Uch:    penalty term to create a core hole

  UpV:    pressure times volume
  Enpy:   Enthalpy = Utot + UpV
  (see also PRB 72, 045121(2005) for the energy contributions)



  Chemical potential (Hartree)      -0.137199958904

***********************************************************
***********************************************************
            Eigenvalues (Hartree) for SCF KS-eq.           
***********************************************************
***********************************************************

   Chemical Potential (Hartree) =  -0.13719995890369
   Number of States             = 392.00000000000000
   HOMO = 196
   Eigenvalues
                Up-spin            Down-spin
          1  -0.85629605767495  -0.85629605767495
          2  -0.83866146570640  -0.83866146570640
          3  -0.83859868144581  -0.83859868144581
          4  -0.83858760222200  -0.83858760222200
          5  -0.83858519377319  -0.83858519377319
          6  -0.83858291024173  -0.83858291024173
          7  -0.83849974398484  -0.83849974398484
          8  -0.80353688316536  -0.80353688316536
          9  -0.80343870712782  -0.80343870712782
         10  -0.80341854566569  -0.80341854566569
         11  -0.80341754965879  -0.80341754965879
         12  -0.80341587673347  -0.80341587673347
         13  -0.80328883811748  -0.80328883811748
         14  -0.78609592302931  -0.78609592302931
         15  -0.78599181182205  -0.78599181182205
         16  -0.78597683167101  -0.78597683167101
         17  -0.78596851310631  -0.78596851310631
         18  -0.78596387831009  -0.78596387831009
         19  -0.78582952210330  -0.78582952210330
         20  -0.73490234790166  -0.73490234790166
         21  -0.73471898623206  -0.73471898623206
         22  -0.73464698931282  -0.73464698931282
         23  -0.73464393095148  -0.73464393095148
         24  -0.73464165454247  -0.73464165454247
         25  -0.73463965300921  -0.73463965300921
         26  -0.73463838584469  -0.73463838584469
         27  -0.73463692709110  -0.73463692709110
         28  -0.73463539491748  -0.73463539491748
         29  -0.73463441198584  -0.73463441198584
         30  -0.73461683612970  -0.73461683612970
         31  -0.73431987265932  -0.73431987265932
         32  -0.70169170979667  -0.70169170979667
         33  -0.70162527750590  -0.70162527750590
         34  -0.70157900867079  -0.70157900867079
         35  -0.70156490518300  -0.70156490518300
         36  -0.70155510386694  -0.70155510386694
         37  -0.70140466757630  -0.70140466757630
         38  -0.65424853745184  -0.65424853745184
         39  -0.65421007534005  -0.65421007534005
         40  -0.65413849457107  -0.65413849457107
         41  -0.65413524229020  -0.65413524229020
         42  -0.65412386740062  -0.65412386740062
         43  -0.65397332108648  -0.65397332108648
         44  -0.65146891610921  -0.65146891610921
         45  -0.65144984833666  -0.65144984833666
         46  -0.65138784530949  -0.65138784530949
         47  -0.65137661247687  -0.65137661247687
         48  -0.65136861045962  -0.65136861045962
         49  -0.65120336187805  -0.65120336187805
         50  -0.61439881642186  -0.61439881642186
         51  -0.61430210102816  -0.61430210102816
         52  -0.61428146142573  -0.61428146142573
         53  -0.61426804151101  -0.61426804151101
         54  -0.61424506617340  -0.61424506617340
         55  -0.61414089131200  -0.61414089131200
         56  -0.58008403989954  -0.58008403989954
         57  -0.58005999150816  -0.58005999150816
         58  -0.57998385102569  -0.57998385102569
         59  -0.57997134366874  -0.57997134366874
         60  -0.57993817952364  -0.57993817952364
         61  -0.57982297896493  -0.57982297896493
         62  -0.56115284096409  -0.56115284096409
         63  -0.56110589758193  -0.56110589758193
         64  -0.56104649480174  -0.56104649480174
         65  -0.56104305621660  -0.56104305621660
         66  -0.56103150746220  -0.56103150746220
         67  -0.56086471999950  -0.56086471999950
         68  -0.50893086594868  -0.50893086594868
         69  -0.50881582061020  -0.50881582061020
         70  -0.50868183882408  -0.50868183882408
         71  -0.50867958644155  -0.50867958644155
         72  -0.50867506630545  -0.50867506630545
         73  -0.50867358639349  -0.50867358639349
         74  -0.50867157761826  -0.50867157761826
         75  -0.50866532738884  -0.50866532738884
         76  -0.50866324967468  -0.50866324967468
         77  -0.50866127791655  -0.50866127791655
         78  -0.50861001436889  -0.50861001436889
         79  -0.50833817250595  -0.50833817250595
         80  -0.50180840076982  -0.50180840076982
         81  -0.50178696121848  -0.50178696121848
         82  -0.50173651566207  -0.50173651566207
         83  -0.50173233578342  -0.50173233578342
         84  -0.50167537671930  -0.50167537671930
         85  -0.50167277553654  -0.50167277553654
         86  -0.44627558208704  -0.44627558208704
         87  -0.44616711948943  -0.44616711948943
         88  -0.44611151093964  -0.44611151093964
         89  -0.44610378972201  -0.44610378972201
         90  -0.44606656575886  -0.44606656575886
         91  -0.44592736308188  -0.44592736308188
         92  -0.42604123780161  -0.42604123780161
         93  -0.42596169375129  -0.42596169375129
         94  -0.42592741675609  -0.42592741675609
         95  -0.42592498118091  -0.42592498118091
         96  -0.42589391635556  -0.42589391635556
         97  -0.42580584265179  -0.42580584265179
         98  -0.41706411598561  -0.41706411598561
         99  -0.40719288814534  -0.40719288814534
        100  -0.40700286933740  -0.40700286933740
        101  -0.40691639311609  -0.40691639311609
        102  -0.40691149117140  -0.40691149117140
        103  -0.40691077501168  -0.40691077501168
        104  -0.40690793258492  -0.40690793258492
        105  -0.40690560165737  -0.40690560165737
        106  -0.40690439884087  -0.40690439884087
        107  -0.40690298058007  -0.40690298058007
        108  -0.40689875866764  -0.40689875866764
        109  -0.40681311742482  -0.40681311742482
        110  -0.40662296941711  -0.40662296941711
        111  -0.39612026070652  -0.39612026070652
        112  -0.39607102954855  -0.39607102954855
        113  -0.39606085850704  -0.39606085850704
        114  -0.39605845571864  -0.39605845571864
        115  -0.39605636716723  -0.39605636716723
        116  -0.39598737230911  -0.39598737230911
        117  -0.39168980143382  -0.39168980143382
        118  -0.39150517446654  -0.39150517446654
        119  -0.39149157651976  -0.39149157651976
        120  -0.39148599173069  -0.39148599173069
        121  -0.39146183364550  -0.39146183364550
        122  -0.39126893864532  -0.39126893864532
        123  -0.37028237179000  -0.37028237179000
        124  -0.37013653890606  -0.37013653890606
        125  -0.37013178789961  -0.37013178789961
        126  -0.37012882725714  -0.37012882725714
        127  -0.37011882649714  -0.37011882649714
        128  -0.36997657341546  -0.36997657341546
        129  -0.35495187170451  -0.35495187170451
        130  -0.35487112570452  -0.35487112570452
        131  -0.35485556352852  -0.35485556352852
        132  -0.35485410641520  -0.35485410641520
        133  -0.35485392041779  -0.35485392041779
        134  -0.35474709834296  -0.35474709834296
        135  -0.34753604680134  -0.34753604680134
        136  -0.34738693023823  -0.34738693023823
        137  -0.34733386131750  -0.34733386131750
        138  -0.34733119583826  -0.34733119583826
        139  -0.34727357161675  -0.34727357161675
        140  -0.34713142897281  -0.34713142897281
        141  -0.33699670706763  -0.33699670706763
        142  -0.33681685187958  -0.33681685187958
        143  -0.33679384574010  -0.33679384574010
        144  -0.33678958207906  -0.33678958207906
        145  -0.33675683948834  -0.33675683948834
        146  -0.33657603727832  -0.33657603727832
        147  -0.33505996437116  -0.33505996437116
        148  -0.33497056264809  -0.33497056264809
        149  -0.33496032142288  -0.33496032142288
        150  -0.33495366060545  -0.33495366060545
        151  -0.33495116166890  -0.33495116166890
        152  -0.33483724174910  -0.33483724174910
        153  -0.31490855005387  -0.31490855005387
        154  -0.31467783310087  -0.31467783310087
        155  -0.31464887528480  -0.31464887528480
        156  -0.31464794320458  -0.31464794320458
        157  -0.31461979422611  -0.31461979422611
        158  -0.31437552992960  -0.31437552992960
        159  -0.28309796572835  -0.28309796572835
        160  -0.28283832084943  -0.28283832084943
        161  -0.28281939078192  -0.28281939078192
        162  -0.28281511259008  -0.28281511259008
        163  -0.28278722884362  -0.28278722884362
        164  -0.28251835594256  -0.28251835594256
        165  -0.27761420169965  -0.27761420169965
        166  -0.27741759125062  -0.27741759125062
        167  -0.27738224466947  -0.27738224466947
        168  -0.27737798939172  -0.27737798939172
        169  -0.27737666386225  -0.27737666386225
        170  -0.27737463647711  -0.27737463647711
        171  -0.27737220649311  -0.27737220649311
        172  -0.27737050757669  -0.27737050757669
        173  -0.27737001253481  -0.27737001253481
        174  -0.27736882633100  -0.27736882633100
        175  -0.27736584004301  -0.27736584004301
        176  -0.27709463392880  -0.27709463392880
        177  -0.25054466773202  -0.25054466773202
        178  -0.25032746522206  -0.25032746522206
        179  -0.24776645286612  -0.24776645286612
        180  -0.24767235731739  -0.24767235731739
        181  -0.24765579875812  -0.24765579875812
        182  -0.24764343056998  -0.24764343056998
        183  -0.24764145887308  -0.24764145887308
        184  -0.24750332905053  -0.24750332905053
        185  -0.20731962115523  -0.20731962115523
        186  -0.20723725671605  -0.20723725671605
        187  -0.20721280039435  -0.20721280039435
        188  -0.20720363468450  -0.20720363468450
        189  -0.20719674508628  -0.20719674508628
        190  -0.20706131054456  -0.20706131054456
        191  -0.19194470449541  -0.19194470449541
        192  -0.19184216882856  -0.19184216882856
        193  -0.19181834514968  -0.19181834514968
        194  -0.19181094875549  -0.19181094875549
        195  -0.19180974953964  -0.19180974953964
        196  -0.19165096461692  -0.19165096461692
        197  -0.08056609954605  -0.08056609954605
        198  -0.08044627295410  -0.08044627295410
        199  -0.08041714385928  -0.08041714385928
        200  -0.08041324754689  -0.08041324754689
        201  -0.08040461670245  -0.08040461670245
        202  -0.08025694514308  -0.08025694514308
        203  -0.07845842659399  -0.07845842659399
        204  -0.07832888832004  -0.07832888832004
        205  -0.07831833897506  -0.07831833897506
        206  -0.07830752735366  -0.07830752735366
        207  -0.07828229597999  -0.07828229597999
        208  -0.07811053226713  -0.07811053226713
        209  -0.04103708224017  -0.04103708224017
        210  -0.04089600258600  -0.04089600258600
        211  -0.04088092843894  -0.04088092843894
        212  -0.04086832056444  -0.04086832056444
        213  -0.04085502775772  -0.04085502775772
        214  -0.04069006635025  -0.04069006635025
        215   0.01367272284730   0.01367272284730
        216   0.01390315893388   0.01390315893388
        217   0.01395739685050   0.01395739685050
        218   0.01395912205384   0.01395912205384
        219   0.01396668680638   0.01396668680638
        220   0.01396900507511   0.01396900507511
        221   0.01397240635639   0.01397240635639
        222   0.01398001998730   0.01398001998730
        223   0.01398490511758   0.01398490511758
        224   0.01398701460743   0.01398701460743
        225   0.01399210497454   0.01399210497454
        226   0.01434578651475   0.01434578651475
        227   0.10059693697298   0.10059693697298
        228   0.10071003265318   0.10071003265318
        229   0.10073489814539   0.10073489814539
        230   0.10074579748732   0.10074579748732
        231   0.10075566359106   0.10075566359106
        232   0.10092284964709   0.10092284964709
        233   0.14488426442163   0.14488426442163
        234   0.14497546684331   0.14497546684331
        235   0.14500814870314   0.14500814870314
        236   0.14501336112870   0.14501336112870
        237   0.14501821126331   0.14501821126331
        238   0.14517909258682   0.14517909258682
        239   0.14829126219248   0.14829126219248
        240   0.14854450777012   0.14854450777012
        241   0.14855150873378   0.14855150873378
        242   0.14856493498487   0.14856493498487
        243   0.14859150671290   0.14859150671290
        244   0.14874405054362   0.14874405054362
        245   0.16078669153903   0.16078669153903
        246   0.16108466883578   0.16108466883578
        247   0.16110357972116   0.16110357972116
        248   0.16113738076959   0.16113738076959
        249   0.16118525497155   0.16118525497155
        250   0.16135983198242   0.16135983198242
        251   0.17129256371443   0.17129256371443
        252   0.17156723070722   0.17156723070722
        253   0.17445783658223   0.17445783658223
        254   0.17479566031265   0.17479566031265
        255   0.17483143726217   0.17483143726217
        256   0.17485933217153   0.17485933217153
        257   0.17488740093220   0.17488740093220
        258   0.17521424861456   0.17521424861456
        259   0.21545116949940   0.21545116949940
        260   0.21578816855021   0.21578816855021
        261   0.21589304058276   0.21589304058276
        262   0.21593103558277   0.21593103558277
        263   0.21597555099590   0.21597555099590
        264   0.21610354317255   0.21610354317255
        265   0.21673511292960   0.21673511292960
        266   0.21687200816505   0.21687200816505
        267   0.21690845238898   0.21690845238898
        268   0.21692958729040   0.21692958729040
        269   0.21706914897337   0.21706914897337
        270   0.21716871043692   0.21716871043692
        271   0.22324508652473   0.22324508652473
        272   0.22363205483795   0.22363205483795
        273   0.22372466046798   0.22372466046798
        274   0.22376638946303   0.22376638946303
        275   0.22376938042011   0.22376938042011
        276   0.22377337015959   0.22377337015959
        277   0.22377479202471   0.22377479202471
        278   0.22377813338035   0.22377813338035
        279   0.22378367861879   0.22378367861879
        280   0.22379672197770   0.22379672197770
        281   0.22405621925950   0.22405621925950
        282   0.22424335835743   0.22424335835743
        283   0.23710424965119   0.23710424965119
        284   0.23717096744092   0.23717096744092
        285   0.23719219201518   0.23719219201518
        286   0.23719715367975   0.23719715367975
        287   0.23720116542026   0.23720116542026
        288   0.23731743595911   0.23731743595911
        289   0.24299458385433   0.24299458385433
        290   0.24333503233346   0.24333503233346
        291   0.24338254949663   0.24338254949663
        292   0.24338797710646   0.24338797710646
        293   0.24344338748989   0.24344338748989
        294   0.24382125434876   0.24382125434876
        295   0.28130475195944   0.28130475195944
        296   0.28160453106715   0.28160453106715
        297   0.28166163965077   0.28166163965077
        298   0.28166598081705   0.28166598081705
        299   0.28171144708483   0.28171144708483
        300   0.28194173783276   0.28194173783276
        301   0.28881325991007   0.28881325991007
        302   0.29549232896152   0.29549232896152
        303   0.29598798750869   0.29598798750869
        304   0.29601199058984   0.29601199058984
        305   0.29602144655822   0.29602144655822
        306   0.29603395004643   0.29603395004643
        307   0.29604844413524   0.29604844413524
        308   0.29609076509558   0.29609076509558
        309   0.33705737293460   0.33705737293460
        310   0.34057158788382   0.34057158788382
        311   0.34061099766454   0.34061099766454
        312   0.34063290652393   0.34063290652393
        313   0.34065410808465   0.34065410808465
        314   0.34066970786123   0.34066970786123
        315   0.34074041106623   0.34074041106623
        316   0.34374323988373   0.34374323988373
        317   0.35701330878544   0.35701330878544
        318   0.35702519525868   0.35702519525868
        319   0.35703498055309   0.35703498055309
        320   0.35703836933851   0.35703836933851
        321   0.35704035576754   0.35704035576754
        322   0.35707136365563   0.35707136365563
        323   0.36133001963405   0.36133001963405
        324   0.36136433507984   0.36136433507984
        325   0.36138183317926   0.36138183317926
        326   0.36140998498865   0.36140998498865
        327   0.36142144714720   0.36142144714720
        328   0.36149704139805   0.36149704139805
        329   0.36207963186328   0.36207963186328
        330   0.36244716342409   0.36244716342409
        331   0.36246706393796   0.36246706393796
        332   0.36248585035000   0.36248585035000
        333   0.36260637936208   0.36260637936208
        334   0.36264375557549   0.36264375557549
        335   0.36456792539090   0.36456792539090
        336   0.36466554813507   0.36466554813507
        337   0.36476242160241   0.36476242160241
        338   0.36480254509604   0.36480254509604
        339   0.36497805092076   0.36497805092076
        340   0.36499944362742   0.36499944362742
        341   0.37163863890675   0.37163863890675
        342   0.37181776047933   0.37181776047933
        343   0.37184614135800   0.37184614135800
        344   0.37185342767094   0.37185342767094
        345   0.37187450602809   0.37187450602809
        346   0.37208326910770   0.37208326910770
        347   0.38371995970505   0.38371995970505
        348   0.38373903172022   0.38373903172022
        349   0.38375601300426   0.38375601300426
        350   0.38375817308144   0.38375817308144
        351   0.38376144879697   0.38376144879697
        352   0.38380679846184   0.38380679846184
        353   0.38532872735065   0.38532872735065
        354   0.38579685173856   0.38579685173856
        355   0.38587507516231   0.38587507516231
        356   0.38590044070242   0.38590044070242
        357   0.38590481621740   0.38590481621740
        358   0.38591373583114   0.38591373583114
        359   0.38591722312598   0.38591722312598
        360   0.38592273537118   0.38592273537118
        361   0.38592975424316   0.38592975424316
        362   0.38593409487510   0.38593409487510
        363   0.38627652940623   0.38627652940623
        364   0.38632122789936   0.38632122789936
        365   0.40252484813180   0.40252484813180
        366   0.40253763609665   0.40253763609665
        367   0.40254615642773   0.40254615642773
        368   0.40255373754171   0.40255373754171
        369   0.40256057706442   0.40256057706442
        370   0.40259401137550   0.40259401137550
        371   0.40773150559000   0.40773150559000
        372   0.40801083981500   0.40801083981500
        373   0.40809866968443   0.40809866968443
        374   0.40810361182778   0.40810361182778
        375   0.40817604121974   0.40817604121974
        376   0.40850917200994   0.40850917200994
        377   0.43876373265385   0.43876373265385
        378   0.43880168448150   0.43880168448150
        379   0.43888443173867   0.43888443173867
        380   0.43891057627938   0.43891057627938
        381   0.43891753444457   0.43891753444457
        382   0.43892474143656   0.43892474143656
        383   0.43892864553996   0.43892864553996
        384   0.43893173272797   0.43893173272797
        385   0.43893740635227   0.43893740635227
        386   0.43895985364190   0.43895985364190
        387   0.43897860298877   0.43897860298877
        388   0.43919748063326   0.43919748063326
        389   0.44410029986191   0.44410029986191
        390   0.44417449896430   0.44417449896430
        391   0.44420007378114   0.44420007378114
        392   0.44421754405009   0.44421754405009
        393   0.44421868088165   0.44421868088165
        394   0.44422277709639   0.44422277709639
        395   0.44422452063996   0.44422452063996
        396   0.44422898143908   0.44422898143908
        397   0.44422982170326   0.44422982170326
        398   0.44423061498704   0.44423061498704
        399   0.44427214697310   0.44427214697310
        400   0.44436091574485   0.44436091574485
        401   0.45681267742448   0.45681267742448
        402   0.45703394151107   0.45703394151107
        403   0.45705111360509   0.45705111360509
        404   0.45706247918366   0.45706247918366
        405   0.45715451998009   0.45715451998009
        406   0.45719410399744   0.45719410399744
        407   0.46301398130940   0.46301398130940
        408   0.46320472621809   0.46320472621809
        409   0.46327410467338   0.46327410467338
        410   0.46331755700437   0.46331755700437
        411   0.46336350964474   0.46336350964474
        412   0.46362200545323   0.46362200545323
        413   0.46610684547260   0.46610684547260
        414   0.46616598742872   0.46616598742872
        415   0.46618307288671   0.46618307288671
        416   0.46621658873957   0.46621658873957
        417   0.46622752158965   0.46622752158965
        418   0.46636064815059   0.46636064815059
        419   0.46871718020839   0.46871718020839
        420   0.46892507130394   0.46892507130394
        421   0.46899623869283   0.46899623869283
        422   0.46901664181567   0.46901664181567
        423   0.46917248410989   0.46917248410989
        424   0.46934376794946   0.46934376794946
        425   0.47712653292684   0.47712653292684
        426   0.47723573111092   0.47723573111092
        427   0.47726479861111   0.47726479861111
        428   0.47728905390043   0.47728905390043
        429   0.47731933410172   0.47731933410172
        430   0.47754034249325   0.47754034249325
        431   0.49035290803531   0.49035290803531
        432   0.49036674042395   0.49036674042395
        433   0.49036959146342   0.49036959146342
        434   0.49038630042668   0.49038630042668
        435   0.49039840555518   0.49039840555518
        436   0.49041558508596   0.49041558508596
        437   0.50567646665939   0.50567646665939
        438   0.50573436788478   0.50573436788478
        439   0.50580404288755   0.50580404288755
        440   0.50582836420853   0.50582836420853
        441   0.50584276640874   0.50584276640874
        442   0.50607253606470   0.50607253606470
        443   0.50699163173122   0.50699163173122
        444   0.50712484871203   0.50712484871203
        445   0.50713403451025   0.50713403451025
        446   0.50714583293671   0.50714583293671
        447   0.50719642631177   0.50719642631177
        448   0.50727774234826   0.50727774234826
        449   0.51953552062593   0.51953552062593
        450   0.51959705589128   0.51959705589128
        451   0.51960645387193   0.51960645387193
        452   0.51964008476369   0.51964008476369
        453   0.51971879356261   0.51971879356261
        454   0.51974341668713   0.51974341668713
        455   0.51975194473898   0.51975194473898
        456   0.51979182074407   0.51979182074407
        457   0.51986852543484   0.51986852543484
        458   0.51991194042788   0.51991194042788
        459   0.51993152935436   0.51993152935436
        460   0.52018932726505   0.52018932726505
        461   0.57645157938821   0.57645157938821
        462   0.57676024690768   0.57676024690768
        463   0.57681010492046   0.57681010492046
        464   0.57683473251217   0.57683473251217
        465   0.57684921269427   0.57684921269427
        466   0.57719151625307   0.57719151625307
        467   0.60660844114145   0.60660844114145
        468   0.60694689243894   0.60694689243894
        469   0.60707821158841   0.60707821158841
        470   0.60713129828671   0.60713129828671
        471   0.60713237557822   0.60713237557822
        472   0.60714406371240   0.60714406371240
        473   0.60714518757978   0.60714518757978
        474   0.60715107339925   0.60715107339925
        475   0.60715683699567   0.60715683699567
        476   0.60716331573906   0.60716331573906
        477   0.60751826621485   0.60751826621485
        478   0.60761613499413   0.60761613499413
        479   0.60949327352651   0.60949327352651
        480   0.60949419159327   0.60949419159327
        481   0.60951562046974   0.60951562046974
        482   0.60951938036876   0.60951938036876
        483   0.60952341057174   0.60952341057174
        484   0.60956661076239   0.60956661076239
        485   0.65313895158604   0.65313895158604
        486   0.65325052455471   0.65325052455471
        487   0.65326271335717   0.65326271335717
        488   0.65327179354904   0.65327179354904
        489   0.65331398203681   0.65331398203681
        490   0.65333459535462   0.65333459535462
        491   0.66235618898478   0.66235618898478
        492   0.66239204295906   0.66239204295906
        493   0.66239736876740   0.66239736876740
        494   0.66242055799128   0.66242055799128
        495   0.66244085784352   0.66244085784352
        496   0.66244802127109   0.66244802127109
        497   0.66444171976399   0.66444171976399
        498   0.66468102336775   0.66468102336775
        499   0.66473181626843   0.66473181626843
        500   0.66474715125793   0.66474715125793
        501   0.66476087279841   0.66476087279841
        502   0.66500162801577   0.66500162801577
        503   0.70115348935210   0.70115348935210
        504   0.70142720381285   0.70142720381285
        505   0.70143682610288   0.70143682610288
        506   0.70146830679789   0.70146830679789
        507   0.70147776375086   0.70147776375086
        508   0.70147968514864   0.70147968514864
        509   0.70148463508237   0.70148463508237
        510   0.70148838531558   0.70148838531558
        511   0.70149553550963   0.70149553550963
        512   0.70149907524865   0.70149907524865
        513   0.70164898263114   0.70164898263114
        514   0.70174313745189   0.70174313745189
        515   0.74316080401073   0.74316080401073
        516   0.74332516879306   0.74332516879306
        517   0.74338143980247   0.74338143980247
        518   0.74338773036295   0.74338773036295
        519   0.74344490899556   0.74344490899556
        520   0.74361579053880   0.74361579053880
        521   0.77606696003237   0.77606696003237
        522   0.77608700351450   0.77608700351450
        523   0.77610373938014   0.77610373938014
        524   0.77611147655326   0.77611147655326
        525   0.77611757514170   0.77611757514170
        526   0.77615120112332   0.77615120112332
        527   0.77851825289095   0.77851825289095
        528   0.77863692190512   0.77863692190512
        529   0.77864662062216   0.77864662062216
        530   0.77864801482714   0.77864801482714
        531   0.77867693690901   0.77867693690901
        532   0.77875563740148   0.77875563740148
        533   0.79515349607489   0.79515349607489
        534   0.79516340214708   0.79516340214708
        535   0.79518254773850   0.79518254773850
        536   0.79518812247047   0.79518812247047
        537   0.79520753236902   0.79520753236902
        538   0.79521718081322   0.79521718081322
        539   0.81698767831200   0.81698767831200
        540   0.81705055195544   0.81705055195544
        541   0.81711715329672   0.81711715329672
        542   0.81713089333496   0.81713089333496
        543   0.81721609258052   0.81721609258052
        544   0.81725466615271   0.81725466615271
        545   0.82126241506615   0.82126241506615
        546   0.82147451511694   0.82147451511694
        547   0.82149379246810   0.82149379246810
        548   0.82150480299655   0.82150480299655
        549   0.82158493089477   0.82158493089477
        550   0.82164834059579   0.82164834059579
        551   0.84936013076767   0.84936013076767
        552   0.84938583375555   0.84938583375555
        553   0.84943927635961   0.84943927635961
        554   0.84944164653126   0.84944164653126
        555   0.84949720354093   0.84949720354093
        556   0.84952030684012   0.84952030684012
        557   0.86143002048440   0.86143002048440
        558   0.86186151926941   0.86186151926941
        559   0.86186511124197   0.86186511124197
        560   0.86187695351595   0.86187695351595
        561   0.86200130288842   0.86200130288842
        562   0.86212820430761   0.86212820430761
        563   0.87150490851442   0.87150490851442
        564   0.87192568603475   0.87192568603475
        565   0.87193937460349   0.87193937460349
        566   0.87194272626925   0.87194272626925
        567   0.87205083321922   0.87205083321922
        568   0.87218411180456   0.87218411180456
        569   0.87517654315564   0.87517654315564
        570   0.87559239482387   0.87559239482387
        571   0.87559626799238   0.87559626799238
        572   0.87561358614506   0.87561358614506
        573   0.87562671731501   0.87562671731501
        574   0.87562909413949   0.87562909413949
        575   0.87563567466984   0.87563567466984
        576   0.87564216273095   0.87564216273095
        577   0.87565874377520   0.87565874377520
        578   0.87566214502345   0.87566214502345
        579   0.87586160080723   0.87586160080723
        580   0.87601681552193   0.87601681552193
        581   0.89190250919335   0.89190250919335
        582   0.89205386786405   0.89205386786405
        583   0.89211472890448   0.89211472890448
        584   0.89216683268889   0.89216683268889
        585   0.89218927077251   0.89218927077251
        586   0.89228226798767   0.89228226798767
        587   0.90134541308303   0.90134541308303
        588   0.90154281560083   0.90154281560083
        589   0.90154692855124   0.90154692855124
        590   0.90156878038624   0.90156878038624
        591   0.90162074376827   0.90162074376827
        592   0.90176141430859   0.90176141430859
        593   0.90759413465042   0.90759413465042
        594   0.90776701774075   0.90776701774075
        595   0.90778938932309   0.90778938932309
        596   0.90781225988928   0.90781225988928

***********************************************************
***********************************************************
                   Mulliken populations                    
***********************************************************
***********************************************************

  Total spin moment (muB)   0.000000000

                    Up spin      Down spin     Sum           Diff
      1    C      2.000001043  2.000001043   4.000002085   0.000000000
      2    C      1.999999018  1.999999018   3.999998036   0.000000000
      3    C      2.000000843  2.000000843   4.000001685   0.000000000
      4    C      2.000003259  2.000003259   4.000006518   0.000000000
      5    C      1.999998366  1.999998366   3.999996732   0.000000000
      6    C      1.999998745  1.999998745   3.999997490   0.000000000
      7    C      1.999998853  1.999998853   3.999997705   0.000000000
      8    C      1.999999120  1.999999120   3.999998239   0.000000000
      9    C      1.999997921  1.999997921   3.999995843   0.000000000
     10    C      1.999999605  1.999999605   3.999999209   0.000000000
     11    C      2.000000355  2.000000355   4.000000711   0.000000000
     12    C      1.999998953  1.999998953   3.999997906   0.000000000
     13    C      2.000000587  2.000000587   4.000001174   0.000000000
     14    C      2.000000198  2.000000198   4.000000395   0.000000000
     15    C      1.999999076  1.999999076   3.999998152   0.000000000
     16    C      2.000000982  2.000000982   4.000001963   0.000000000
     17    C      1.999998140  1.999998140   3.999996281   0.000000000
     18    C      2.000000706  2.000000706   4.000001413   0.000000000
     19    C      2.000008449  2.000008449   4.000016898   0.000000000
     20    C      1.999990927  1.999990927   3.999981854   0.000000000
     21    C      1.999988042  1.999988042   3.999976084   0.000000000
     22    C      1.999996305  1.999996305   3.999992610   0.000000000
     23    C      2.000000628  2.000000628   4.000001255   0.000000000
     24    C      2.000002396  2.000002396   4.000004793   0.000000000
     25    C      2.000000351  2.000000351   4.000000702   0.000000000
     26    C      1.999998955  1.999998955   3.999997911   0.000000000
     27    C      2.000000000  2.000000000   4.000000000   0.000000000
     28    C      2.000002105  2.000002105   4.000004210   0.000000000
     29    C      1.999999073  1.999999073   3.999998146   0.000000000
     30    C      2.000001010  2.000001010   4.000002019   0.000000000
     31    C      1.999993945  1.999993945   3.999987889   0.000000000
     32    C      1.999978234  1.999978234   3.999956468   0.000000000
     33    C      1.999965194  1.999965194   3.999930388   0.000000000
     34    C      1.999583095  1.999583095   3.999166190   0.000000000
     35    C      1.999990037  1.999990037   3.999980075   0.000000000
     36    C      2.000248876  2.000248876   4.000497752   0.000000000
     37    C      2.000011873  2.000011873   4.000023747   0.000000000
     38    C      2.000011475  2.000011475   4.000022951   0.000000000
     39    C      2.000003096  2.000003096   4.000006192   0.000000000
     40    C      1.999996544  1.999996544   3.999993088   0.000000000
     41    C      2.000000587  2.000000587   4.000001173   0.000000000
     42    C      2.000000198  2.000000198   4.000000396   0.000000000
     43    C      2.000001044  2.000001044   4.000002087   0.000000000
     44    C      1.999999031  1.999999031   3.999998063   0.000000000
     45    C      1.999998098  1.999998098   3.999996196   0.000000000
     46    C      2.000001478  2.000001478   4.000002956   0.000000000
     47    C      1.999966428  1.999966428   3.999932855   0.000000000
     48    C      1.999575505  1.999575505   3.999151010   0.000000000
     49    C      2.001643198  2.001643198   4.003286396   0.000000000
     50    C      1.999978338  1.999978338   3.999956675   0.000000000
     51    C      1.999187902  1.999187902   3.998375803   0.000000000
     52    C      2.000178118  2.000178118   4.000356236   0.000000000
     53    C      2.000022926  2.000022926   4.000045852   0.000000000
     54    C      2.000003585  2.000003585   4.000007170   0.000000000
     55    C      2.000001414  2.000001414   4.000002829   0.000000000
     56    C      2.000001886  2.000001886   4.000003771   0.000000000
     57    C      2.000000307  2.000000307   4.000000613   0.000000000
     58    C      2.000000692  2.000000692   4.000001385   0.000000000
     59    C      2.000000831  2.000000831   4.000001663   0.000000000
     60    C      2.000003200  2.000003200   4.000006400   0.000000000
     61    C      2.000008436  2.000008436   4.000016871   0.000000000
     62    C      2.000005772  2.000005772   4.000011545   0.000000000
     63    C      1.999980755  1.999980755   3.999961511   0.000000000
     64    C      2.000235007  2.000235007   4.000470014   0.000000000
     65    C      1.999181992  1.999181992   3.998363984   0.000000000
     66    C      2.000175130  2.000175130   4.000350261   0.000000000
     67    C      2.000012888  2.000012888   4.000025776   0.000000000
     68    C      2.000023440  2.000023440   4.000046880   0.000000000
     69    C      2.000003790  2.000003790   4.000007580   0.000000000
     70    C      1.999997981  1.999997981   3.999995963   0.000000000
     71    C      2.000003308  2.000003308   4.000006616   0.000000000
     72    C      2.000001242  2.000001242   4.000002485   0.000000000
     73    C      2.000002229  2.000002229   4.000004459   0.000000000
     74    C      1.999999382  1.999999382   3.999998763   0.000000000
     75    C      1.999998224  1.999998224   3.999996447   0.000000000
     76    C      1.999998711  1.999998711   3.999997423   0.000000000
     77    C      1.999988022  1.999988022   3.999976044   0.000000000
     78    C      1.999997285  1.999997285   3.999994570   0.000000000
     79    C      2.000014058  2.000014058   4.000028117   0.000000000
     80    C      2.000010670  2.000010670   4.000021339   0.000000000
     81    C      2.000024431  2.000024431   4.000048862   0.000000000
     82    C      2.000003737  2.000003737   4.000007474   0.000000000
     83    C      2.000003791  2.000003791   4.000007582   0.000000000
     84    C      1.999997985  1.999997985   3.999995970   0.000000000
     85    C      2.000000304  2.000000304   4.000000607   0.000000000
     86    C      2.000000696  2.000000696   4.000001393   0.000000000
     87    C      2.000002239  2.000002239   4.000004479   0.000000000
     88    C      1.999999387  1.999999387   3.999998774   0.000000000
     89    C      1.999995530  1.999995530   3.999991061   0.000000000
     90    C      1.999998608  1.999998608   3.999997216   0.000000000
     91    C      1.999998848  1.999998848   3.999997697   0.000000000
     92    C      1.999999143  1.999999143   3.999998286   0.000000000
     93    C      2.000000654  2.000000654   4.000001308   0.000000000
     94    C      2.000002416  2.000002416   4.000004832   0.000000000
     95    C      2.000002933  2.000002933   4.000005865   0.000000000
     96    C      1.999996561  1.999996561   3.999993122   0.000000000
     97    C      2.000001390  2.000001390   4.000002780   0.000000000
     98    C      2.000001879  2.000001879   4.000003758   0.000000000

 Sum of MulP: up   =   196.00000 down          =   196.00000
              total=   392.00000 ideal(neutral)=   392.00000


  Decomposed Mulliken populations

    1    C          Up spin      Down spin     Sum           Diff
            multiple
  s           0    0.544029307  0.544029307   1.088058613   0.000000000
   sum over m      0.544029307  0.544029307   1.088058613   0.000000000
  s           1    0.014838305  0.014838305   0.029676609   0.000000000
   sum over m      0.014838305  0.014838305   0.029676609   0.000000000
   sum over m+mul  0.558867611  0.558867611   1.117735222   0.000000000
  px          0    0.420487650  0.420487650   0.840975300   0.000000000
  py          0    0.420559048  0.420559048   0.841118095   0.000000000
  pz          0    0.490420795  0.490420795   0.980841590   0.000000000
   sum over m      1.331467493  1.331467493   2.662934985   0.000000000
  px          1    0.029702750  0.029702750   0.059405500   0.000000000
  py          1    0.029760670  0.029760670   0.059521339   0.000000000
  pz          1   -0.009769106 -0.009769106  -0.019538211   0.000000000
   sum over m      0.049694314  0.049694314   0.099388628   0.000000000
   sum over m+mul  1.381161807  1.381161807   2.762323614   0.000000000
  d3z^2-r^2   0    0.002825648  0.002825648   0.005651296   0.000000000
  dx^2-y^2    0    0.018897864  0.018897864   0.037795727   0.000000000
  dxy         0    0.018899305  0.018899305   0.037798610   0.000000000
  dxz         0    0.009673934  0.009673934   0.019347867   0.000000000
  dyz         0    0.009674874  0.009674874   0.019349749   0.000000000
   sum over m      0.059971625  0.059971625   0.119943249   0.000000000
   sum over m+mul  0.059971625  0.059971625   0.119943249   0.000000000

    2    C          Up spin      Down spin     Sum           Diff
            multiple
  s           0    0.544029807  0.544029807   1.088059613   0.000000000
   sum over m      0.544029807  0.544029807   1.088059613   0.000000000
  s           1    0.014838227  0.014838227   0.029676454   0.000000000
   sum over m      0.014838227  0.014838227   0.029676454   0.000000000
   sum over m+mul  0.558868034  0.558868034   1.117736068   0.000000000
  px          0    0.420487427  0.420487427   0.840974853   0.000000000
  py          0    0.420559641  0.420559641   0.841119283   0.000000000
  pz          0    0.490417635  0.490417635   0.980835271   0.000000000
   sum over m      1.331464704  1.331464704   2.662929407   0.000000000
  px          1    0.029702605  0.029702605   0.059405209   0.000000000
  py          1    0.029760542  0.029760542   0.059521085   0.000000000
  pz          1   -0.009768660 -0.009768660  -0.019537320   0.000000000
   sum over m      0.049694487  0.049694487   0.099388974   0.000000000
   sum over m+mul  1.381159191  1.381159191   2.762318382   0.000000000
  d3z^2-r^2   0    0.002825641  0.002825641   0.005651282   0.000000000
  dx^2-y^2    0    0.018897813  0.018897813   0.037795626   0.000000000
  dxy         0    0.018899312  0.018899312   0.037798623   0.000000000
  dxz         0    0.009673953  0.009673953   0.019347905   0.000000000
  dyz         0    0.009675075  0.009675075   0.019350150   0.000000000
   sum over m      0.059971793  0.059971793   0.119943587   0.000000000
   sum over m+mul  0.059971793  0.059971793   0.119943587   0.000000000

    3    C          Up spin      Down spin     Sum           Diff
            multiple
  s           0    0.544028653  0.544028653   1.088057306   0.000000000
   sum over m      0.544028653  0.544028653   1.088057306   0.000000000
  s           1    0.014838320  0.014838320   0.029676639   0.000000000
   sum over m      0.014838320  0.014838320   0.029676639   0.000000000
   sum over m+mul  0.558866973  0.558866973   1.117733946   0.000000000
  px          0    0.420487221  0.420487221   0.840974442   0.000000000
  py          0    0.420558311  0.420558311   0.841116622   0.000000000
  pz          0    0.490422776  0.490422776   0.980845553   0.000000000
   sum over m      1.331468308  1.331468308   2.662936616   0.000000000
  px          1    0.029702693  0.029702693   0.059405386   0.000000000
  py          1    0.029760591  0.029760591   0.059521181   0.000000000
  pz          1   -0.009768982 -0.009768982  -0.019537965   0.000000000
   sum over m      0.049694301  0.049694301   0.099388602   0.000000000
   sum over m+mul  1.381162609  1.381162609   2.762325218   0.000000000
  d3z^2-r^2   0    0.002825648  0.002825648   0.005651296   0.000000000
  dx^2-y^2    0    0.018897864  0.018897864   0.037795727   0.000000000
  dxy         0    0.018899225  0.018899225   0.037798450   0.000000000
  dxz         0    0.009673776  0.009673776   0.019347553   0.000000000
  dyz         0    0.009674748  0.009674748   0.019349495   0.000000000
   sum over m      0.059971260  0.059971260   0.119942521   0.000000000
   sum over m+mul  0.059971260  0.059971260   0.119942521   0.000000000

    4    C          Up spin      Down spin     Sum           Diff
            multiple
  s           0    0.544028312  0.544028312   1.088056623   0.000000000
   sum over m      0.544028312  0.544028312   1.088056623   0.000000000
  s           1    0.014838377  0.014838377   0.029676754   0.000000000
   sum over m      0.014838377  0.014838377   0.029676754   0.000000000
   sum over m+mul  0.558866689  0.558866689   1.117733378   0.000000000
  px          0    0.420485427  0.420485427   0.840970855   0.000000000
  py          0    0.420559787  0.420559787   0.841119573   0.000000000
  pz          0    0.490425817  0.490425817   0.980851634   0.000000000
   sum over m      1.331471031  1.331471031   2.662942062   0.000000000
  px          1    0.029703114  0.029703114   0.059406227   0.000000000
  py          1    0.029760547  0.029760547   0.059521095   0.000000000
  pz          1   -0.009769499 -0.009769499  -0.019538997   0.000000000
   sum over m      0.049694162  0.049694162   0.099388325   0.000000000
   sum over m+mul  1.381165193  1.381165193   2.762330387   0.000000000
  d3z^2-r^2   0    0.002825661  0.002825661   0.005651323   0.000000000
  dx^2-y^2    0    0.018897625  0.018897625   0.037795250   0.000000000
  dxy         0    0.018899386  0.018899386   0.037798773   0.000000000
  dxz         0    0.009673436  0.009673436   0.019346871   0.000000000
  dyz         0    0.009675269  0.009675269   0.019350537   0.000000000
   sum over m      0.059971377  0.059971377   0.119942754   0.000000000
   sum over m+mul  0.059971377  0.059971377   0.119942754   0.000000000

    5    C          Up spin      Down spin     Sum           Diff
            multiple
  s           0    0.544031197  0.544031197   1.088062395   0.000000000
   sum over m      0.544031197  0.544031197   1.088062395   0.000000000
  s           1    0.014838265  0.014838265   0.029676530   0.000000000
   sum over m      0.014838265  0.014838265   0.029676530   0.000000000
   sum over m+mul  0.558869463  0.558869463   1.117738925   0.000000000
  px          0    0.420488809  0.420488809   0.840977617   0.000000000
  py          0    0.420559541  0.420559541   0.841119082   0.000000000
  pz          0    0.490413570  0.490413570   0.980827139   0.000000000
   sum over m      1.331461919  1.331461919   2.662923839   0.000000000
  px          1    0.029703032  0.029703032   0.059406064   0.000000000
  py          1    0.029760724  0.029760724   0.059521447   0.000000000
  pz          1   -0.009769081 -0.009769081  -0.019538161   0.000000000
   sum over m      0.049694675  0.049694675   0.099389350   0.000000000
   sum over m+mul  1.381156594  1.381156594   2.762313188   0.000000000
  d3z^2-r^2   0    0.002825647  0.002825647   0.005651294   0.000000000
  dx^2-y^2    0    0.018897857  0.018897857   0.037795714   0.000000000
  dxy         0    0.018899327  0.018899327   0.037798655   0.000000000
  dxz         0    0.009674702  0.009674702   0.019349405   0.000000000
  dyz         0    0.009674776  0.009674776   0.019349551   0.000000000
   sum over m      0.059972309  0.059972309   0.119944618   0.000000000
   sum over m+mul  0.059972309  0.059972309   0.119944618   0.000000000

    6    C          Up spin      Down spin     Sum           Diff
            multiple
  s           0    0.544028129  0.544028129   1.088056259   0.000000000
   sum over m      0.544028129  0.544028129   1.088056259   0.000000000
  s           1    0.014838135  0.014838135   0.029676271   0.000000000
   sum over m      0.014838135  0.014838135   0.029676271   0.000000000
   sum over m+mul  0.558866265  0.558866265   1.117732529   0.000000000
  px          0    0.420484176  0.420484176   0.840968353   0.000000000
  py          0    0.420559950  0.420559950   0.841119899   0.000000000
  pz          0    0.490422425  0.490422425   0.980844850   0.000000000
   sum over m      1.331466551  1.331466551   2.662933102   0.000000000
  px          1    0.029702662  0.029702662   0.059405325   0.000000000
  py          1    0.029760534  0.029760534   0.059521068   0.000000000
  pz          1   -0.009768468 -0.009768468  -0.019536937   0.000000000
   sum over m      0.049694728  0.049694728   0.099389456   0.000000000
   sum over m+mul  1.381161279  1.381161279   2.762322558   0.000000000
  d3z^2-r^2   0    0.002825648  0.002825648   0.005651297   0.000000000
  dx^2-y^2    0    0.018897598  0.018897598   0.037795196   0.000000000
  dxy         0    0.018899660  0.018899660   0.037799320   0.000000000
  dxz         0    0.009673116  0.009673116   0.019346232   0.000000000
  dyz         0    0.009675179  0.009675179   0.019350358   0.000000000
   sum over m      0.059971201  0.059971201   0.119942403   0.000000000
   sum over m+mul  0.059971201  0.059971201   0.119942403   0.000000000

    7    C          Up spin      Down spin     Sum           Diff
            multiple
  s           0    0.544030140  0.544030140   1.088060280   0.000000000
   sum over m      0.544030140  0.544030140   1.088060280   0.000000000
  s           1    0.014838259  0.014838259   0.029676517   0.000000000
   sum over m      0.014838259  0.014838259   0.029676517   0.000000000
   sum over m+mul  0.558868399  0.558868399   1.117736798   0.000000000
  px          0    0.420487698  0.420487698   0.840975395   0.000000000
  py          0    0.420559034  0.420559034   0.841118068   0.000000000
  pz          0    0.490417290  0.490417290   0.980834580   0.000000000
   sum over m      1.331464021  1.331464021   2.662928043   0.000000000
  px          1    0.029702802  0.029702802   0.059405604   0.000000000
  py          1    0.029760629  0.029760629   0.059521259   0.000000000
  pz          1   -0.009768829 -0.009768829  -0.019537657   0.000000000
   sum over m      0.049694603  0.049694603   0.099389205   0.000000000
   sum over m+mul  1.381158624  1.381158624   2.762317248   0.000000000
  d3z^2-r^2   0    0.002825656  0.002825656   0.005651312   0.000000000
  dx^2-y^2    0    0.018897770  0.018897770   0.037795541   0.000000000
  dxy         0    0.018899294  0.018899294   0.037798588   0.000000000
  dxz         0    0.009674185  0.009674185   0.019348369   0.000000000
  dyz         0    0.009674925  0.009674925   0.019349850   0.000000000
   sum over m      0.059971830  0.059971830   0.119943660   0.000000000
   sum over m+mul  0.059971830  0.059971830   0.119943660   0.000000000

    8    C          Up spin      Down spin     Sum           Diff
            multiple
  s           0    0.544029807  0.544029807   1.088059614   0.000000000
   sum over m      0.544029807  0.544029807   1.088059614   0.000000000
  s           1    0.014838220  0.014838220   0.029676439   0.000000000
   sum over m      0.014838220  0.014838220   0.029676439   0.000000000
   sum over m+mul  0.558868027  0.558868027   1.117736054   0.000000000
  px          0    0.420485884  0.420485884   0.840971767   0.000000000
  py          0    0.420558995  0.420558995   0.841117990   0.000000000
  pz          0    0.490420366  0.490420366   0.980840732   0.000000000
   sum over m      1.331465244  1.331465244   2.662930488   0.000000000
  px          1    0.029702398  0.029702398   0.059404797   0.000000000
  py          1    0.029760817  0.029760817   0.059521633   0.000000000
  pz          1   -0.009768966 -0.009768966  -0.019537933   0.000000000
   sum over m      0.049694248  0.049694248   0.099388497   0.000000000
   sum over m+mul  1.381159493  1.381159493   2.762318985   0.000000000
  d3z^2-r^2   0    0.002825645  0.002825645   0.005651290   0.000000000
  dx^2-y^2    0    0.018897534  0.018897534   0.037795068   0.000000000
  dxy         0    0.018899377  0.018899377   0.037798753   0.000000000
  dxz         0    0.009674126  0.009674126   0.019348252   0.000000000
  dyz         0    0.009674919  0.009674919   0.019349837   0.000000000
   sum over m      0.059971600  0.059971600   0.119943200   0.000000000
   sum over m+mul  0.059971600  0.059971600   0.119943200   0.000000000

    9    C          Up spin      Down spin     Sum           Diff
            multiple
  s           0    0.544029747  0.544029747   1.088059495   0.000000000
   sum over m      0.544029747  0.544029747   1.088059495   0.000000000
  s           1    0.014838226  0.014838226   0.029676452   0.000000000
   sum over m      0.014838226  0.014838226   0.029676452   0.000000000
   sum over m+mul  0.558867973  0.558867973   1.117735947   0.000000000
  px          0    0.420485043  0.420485043   0.840970086   0.000000000
  py          0    0.420560055  0.420560055   0.841120110   0.000000000
  pz          0    0.490418601  0.490418601   0.980837202   0.000000000
   sum over m      1.331463699  1.331463699   2.662927398   0.000000000
  px          1    0.029702483  0.029702483   0.059404966   0.000000000
  py          1    0.029760735  0.029760735   0.059521470   0.000000000
  pz          1   -0.009768503 -0.009768503  -0.019537006   0.000000000
   sum over m      0.049694715  0.049694715   0.099389430   0.000000000
   sum over m+mul  1.381158414  1.381158414   2.762316827   0.000000000
  d3z^2-r^2   0    0.002825645  0.002825645   0.005651290   0.000000000
  dx^2-y^2    0    0.018897488  0.018897488   0.037794976   0.000000000
  dxy         0    0.018899507  0.018899507   0.037799015   0.000000000
  dxz         0    0.009673733  0.009673733   0.019347467   0.000000000
  dyz         0    0.009675161  0.009675161   0.019350321   0.000000000
   sum over m      0.059971535  0.059971535   0.119943069   0.000000000
   sum over m+mul  0.059971535  0.059971535   0.119943069   0.000000000

   10    C          Up spin      Down spin     Sum           Diff
            multiple
  s           0    0.544029114  0.544029114   1.088058228   0.000000000
   sum over m      0.544029114  0.544029114   1.088058228   0.000000000
  s           1    0.014838296  0.014838296   0.029676592   0.000000000
   sum over m      0.014838296  0.014838296   0.029676592   0.000000000
   sum over m+mul  0.558867410  0.558867410   1.117734820   0.000000000
  px          0    0.420486883  0.420486883   0.840973766   0.000000000
  py          0    0.420558354  0.420558354   0.841116708   0.000000000
  pz          0    0.490421471  0.490421471   0.980842942   0.000000000
   sum over m      1.331466708  1.331466708   2.662933416   0.000000000
  px          1    0.029702784  0.029702784   0.059405569   0.000000000
  py          1    0.029760529  0.029760529   0.059521058   0.000000000
  pz          1   -0.009768829 -0.009768829  -0.019537659   0.000000000
   sum over m      0.049694484  0.049694484   0.099388968   0.000000000
   sum over m+mul  1.381161192  1.381161192   2.762322384   0.000000000
  d3z^2-r^2   0    0.002825646  0.002825646   0.005651293   0.000000000
  dx^2-y^2    0    0.018897762  0.018897762   0.037795524   0.000000000
  dxy         0    0.018899302  0.018899302   0.037798604   0.000000000
  dxz         0    0.009673972  0.009673972   0.019347945   0.000000000
  dyz         0    0.009674320  0.009674320   0.019348640   0.000000000
   sum over m      0.059971003  0.059971003   0.119942006   0.000000000
   sum over m+mul  0.059971003  0.059971003   0.119942006   0.000000000

   11    C          Up spin      Down spin     Sum           Diff
            multiple
  s           0    0.544029368  0.544029368   1.088058736   0.000000000
   sum over m      0.544029368  0.544029368   1.088058736   0.000000000
  s           1    0.014838316  0.014838316   0.029676632   0.000000000
   sum over m      0.014838316  0.014838316   0.029676632   0.000000000
   sum over m+mul  0.558867684  0.558867684   1.117735368   0.000000000
  px          0    0.420486887  0.420486887   0.840973775   0.000000000
  py          0    0.420559240  0.420559240   0.841118479   0.000000000
  pz          0    0.490420219  0.490420219   0.980840438   0.000000000
   sum over m      1.331466346  1.331466346   2.662932692   0.000000000
  px          1    0.029702786  0.029702786   0.059405572   0.000000000
  py          1    0.029760629  0.029760629   0.059521259   0.000000000
  pz          1   -0.009768984 -0.009768984  -0.019537969   0.000000000
   sum over m      0.049694431  0.049694431   0.099388861   0.000000000
   sum over m+mul  1.381160776  1.381160776   2.762321553   0.000000000
  d3z^2-r^2   0    0.002825648  0.002825648   0.005651295   0.000000000
  dx^2-y^2    0    0.018897720  0.018897720   0.037795440   0.000000000
  dxy         0    0.018899335  0.018899335   0.037798669   0.000000000
  dxz         0    0.009674131  0.009674131   0.019348262   0.000000000
  dyz         0    0.009675062  0.009675062   0.019350124   0.000000000
   sum over m      0.059971895  0.059971895   0.119943790   0.000000000
   sum over m+mul  0.059971895  0.059971895   0.119943790   0.000000000

   12    C          Up spin      Down spin     Sum           Diff
            multiple
  s           0    0.544030527  0.544030527   1.088061054   0.000000000
   sum over m      0.544030527  0.544030527   1.088061054   0.000000000
  s           1    0.014838238  0.014838238   0.029676476   0.000000000
   sum over m      0.014838238  0.014838238   0.029676476   0.000000000
   sum over m+mul  0.558868765  0.558868765   1.117737530   0.000000000
  px          0    0.420488331  0.420488331   0.840976662   0.000000000
  py          0    0.420559147  0.420559147   0.841118294   0.000000000
  pz          0    0.490416086  0.490416086   0.980832173   0.000000000
   sum over m      1.331463564  1.331463564   2.662927129   0.000000000
  px          1    0.029702789  0.029702789   0.059405578   0.000000000
  py          1    0.029760774  0.029760774   0.059521547   0.000000000
  pz          1   -0.009769029 -0.009769029  -0.019538058   0.000000000
   sum over m      0.049694534  0.049694534   0.099389067   0.000000000
   sum over m+mul  1.381158098  1.381158098   2.762316196   0.000000000
  d3z^2-r^2   0    0.002825647  0.002825647   0.005651294   0.000000000
  dx^2-y^2    0    0.018897886  0.018897886   0.037795773   0.000000000
  dxy         0    0.018899307  0.018899307   0.037798613   0.000000000
  dxz         0    0.009674481  0.009674481   0.019348961   0.000000000
  dyz         0    0.009674769  0.009674769   0.019349539   0.000000000
   sum over m      0.059972090  0.059972090   0.119944180   0.000000000
   sum over m+mul  0.059972090  0.059972090   0.119944180   0.000000000

   13    C          Up spin      Down spin     Sum           Diff
            multiple
  s           0    0.544028698  0.544028698   1.088057396   0.000000000
   sum over m      0.544028698  0.544028698   1.088057396   0.000000000
  s           1    0.014838233  0.014838233   0.029676466   0.000000000
   sum over m      0.014838233  0.014838233   0.029676466   0.000000000
   sum over m+mul  0.558866931  0.558866931   1.117733862   0.000000000
  px          0    0.420485063  0.420485063   0.840970127   0.000000000
  py          0    0.420560108  0.420560108   0.841120215   0.000000000
  pz          0    0.490423077  0.490423077   0.980846154   0.000000000
   sum over m      1.331468248  1.331468248   2.662936496   0.000000000
  px          1    0.029702705  0.029702705   0.059405409   0.000000000
  py          1    0.029760615  0.029760615   0.059521231   0.000000000
  pz          1   -0.009769058 -0.009769058  -0.019538115   0.000000000
   sum over m      0.049694262  0.049694262   0.099388525   0.000000000
   sum over m+mul  1.381162510  1.381162510   2.762325020   0.000000000
  d3z^2-r^2   0    0.002825651  0.002825651   0.005651301   0.000000000
  dx^2-y^2    0    0.018897635  0.018897635   0.037795269   0.000000000
  dxy         0    0.018899570  0.018899570   0.037799140   0.000000000
  dxz         0    0.009673190  0.009673190   0.019346379   0.000000000
  dyz         0    0.009675101  0.009675101   0.019350202   0.000000000
   sum over m      0.059971146  0.059971146   0.119942292   0.000000000
   sum over m+mul  0.059971146  0.059971146   0.119942292   0.000000000

   14    C          Up spin      Down spin     Sum           Diff
            multiple
  s           0    0.544029620  0.544029620   1.088059239   0.000000000
   sum over m      0.544029620  0.544029620   1.088059239   0.000000000
  s           1    0.014838270  0.014838270   0.029676541   0.000000000
   sum over m      0.014838270  0.014838270   0.029676541   0.000000000
   sum over m+mul  0.558867890  0.558867890   1.117735780   0.000000000
  px          0    0.420488003  0.420488003   0.840976006   0.000000000
  py          0    0.420558620  0.420558620   0.841117240   0.000000000
  pz          0    0.490419369  0.490419369   0.980838739   0.000000000
   sum over m      1.331465992  1.331465992   2.662931985   0.000000000
  px          1    0.029702809  0.029702809   0.059405618   0.000000000
  py          1    0.029760559  0.029760559   0.059521119   0.000000000
  pz          1   -0.009768943 -0.009768943  -0.019537887   0.000000000
   sum over m      0.049694425  0.049694425   0.099388850   0.000000000
   sum over m+mul  1.381160417  1.381160417   2.762320834   0.000000000
  d3z^2-r^2   0    0.002825647  0.002825647   0.005651294   0.000000000
  dx^2-y^2    0    0.018897905  0.018897905   0.037795810   0.000000000
  dxy         0    0.018899229  0.018899229   0.037798457   0.000000000
  dxz         0    0.009674181  0.009674181   0.019348361   0.000000000
  dyz         0    0.009674929  0.009674929   0.019349857   0.000000000
   sum over m      0.059971890  0.059971890   0.119943781   0.000000000
   sum over m+mul  0.059971890  0.059971890   0.119943781   0.000000000

   15    C          Up spin      Down spin     Sum           Diff
            multiple
  s           0    0.544030298  0.544030298   1.088060596   0.000000000
   sum over m      0.544030298  0.544030298   1.088060596   0.000000000
  s           1    0.014838287  0.014838287   0.029676574   0.000000000
   sum over m      0.014838287  0.014838287   0.029676574   0.000000000
   sum over m+mul  0.558868585  0.558868585   1.117737170   0.000000000
  px          0    0.420486725  0.420486725   0.840973450   0.000000000
  py          0    0.420560476  0.420560476   0.841120952   0.000000000
  pz          0    0.490416902  0.490416902   0.980833804   0.000000000
   sum over m      1.331464103  1.331464103   2.662928206   0.000000000
  px          1    0.029702688  0.029702688   0.059405375   0.000000000
  py          1    0.029760624  0.029760624   0.059521249   0.000000000
  pz          1   -0.009768674 -0.009768674  -0.019537348   0.000000000
   sum over m      0.049694638  0.049694638   0.099389276   0.000000000
   sum over m+mul  1.381158741  1.381158741   2.762317482   0.000000000
  d3z^2-r^2   0    0.002825643  0.002825643   0.005651285   0.000000000
  dx^2-y^2    0    0.018897676  0.018897676   0.037795352   0.000000000
  dxy         0    0.018899396  0.018899396   0.037798792   0.000000000
  dxz         0    0.009673722  0.009673722   0.019347444   0.000000000
  dyz         0    0.009675314  0.009675314   0.019350628   0.000000000
   sum over m      0.059971750  0.059971750   0.119943500   0.000000000
   sum over m+mul  0.059971750  0.059971750   0.119943500   0.000000000

   16    C          Up spin      Down spin     Sum           Diff
            multiple
  s           0    0.544028193  0.544028193   1.088056386   0.000000000
   sum over m      0.544028193  0.544028193   1.088056386   0.000000000
  s           1    0.014838225  0.014838225   0.029676449   0.000000000
   sum over m      0.014838225  0.014838225   0.029676449   0.000000000
   sum over m+mul  0.558866418  0.558866418   1.117732835   0.000000000
  px          0    0.420486699  0.420486699   0.840973397   0.000000000
  py          0    0.420556998  0.420556998   0.841113996   0.000000000
  pz          0    0.490424898  0.490424898   0.980849795   0.000000000
   sum over m      1.331468594  1.331468594   2.662937189   0.000000000
  px          1    0.029702580  0.029702580   0.059405161   0.000000000
  py          1    0.029760986  0.029760986   0.059521972   0.000000000
  pz          1   -0.009768546 -0.009768546  -0.019537091   0.000000000
   sum over m      0.049695021  0.049695021   0.099390042   0.000000000
   sum over m+mul  1.381163615  1.381163615   2.762327230   0.000000000
  d3z^2-r^2   0    0.002825654  0.002825654   0.005651309   0.000000000
  dx^2-y^2    0    0.018897838  0.018897838   0.037795676   0.000000000
  dxy         0    0.018899162  0.018899162   0.037798324   0.000000000
  dxz         0    0.009674062  0.009674062   0.019348124   0.000000000
  dyz         0    0.009674233  0.009674233   0.019348465   0.000000000
   sum over m      0.059970949  0.059970949   0.119941898   0.000000000
   sum over m+mul  0.059970949  0.059970949   0.119941898   0.000000000

   17    C          Up spin      Down spin     Sum           Diff
            multiple
  s           0    0.544028931  0.544028931   1.088057863   0.000000000
   sum over m      0.544028931  0.544028931   1.088057863   0.000000000
  s           1    0.014838061  0.014838061   0.029676121   0.000000000
   sum over m      0.014838061  0.014838061   0.029676121   0.000000000
   sum over m+mul  0.558866992  0.558866992   1.117733984   0.000000000
  px          0    0.420487018  0.420487018   0.840974037   0.000000000
  py          0    0.420557301  0.420557301   0.841114602   0.000000000
  pz          0    0.490422841  0.490422841   0.980845682   0.000000000
   sum over m      1.331467161  1.331467161   2.662934321   0.000000000
  px          1    0.029702782  0.029702782   0.059405565   0.000000000
  py          1    0.029759926  0.029759926   0.059519852   0.000000000
  pz          1   -0.009769522 -0.009769522  -0.019539044   0.000000000
   sum over m      0.049693186  0.049693186   0.099386373   0.000000000
   sum over m+mul  1.381160347  1.381160347   2.762320694   0.000000000
  d3z^2-r^2   0    0.002825648  0.002825648   0.005651296   0.000000000
  dx^2-y^2    0    0.018897714  0.018897714   0.037795427   0.000000000
  dxy         0    0.018899453  0.018899453   0.037798906   0.000000000
  dxz         0    0.009673767  0.009673767   0.019347534   0.000000000
  dyz         0    0.009674220  0.009674220   0.019348440   0.000000000
   sum over m      0.059970801  0.059970801   0.119941603   0.000000000
   sum over m+mul  0.059970801  0.059970801   0.119941603   0.000000000

   18    C          Up spin      Down spin     Sum           Diff
            multiple
  s           0    0.544031298  0.544031298   1.088062596   0.000000000
   sum over m      0.544031298  0.544031298   1.088062596   0.000000000
  s           1    0.014837146  0.014837146   0.029674292   0.000000000
   sum over m      0.014837146  0.014837146   0.029674292   0.000000000
   sum over m+mul  0.558868444  0.558868444   1.117736888   0.000000000
  px          0    0.420487675  0.420487675   0.840975349   0.000000000
  py          0    0.420562077  0.420562077   0.841124155   0.000000000
  pz          0    0.490418878  0.490418878   0.980837756   0.000000000
   sum over m      1.331468630  1.331468630   2.662937260   0.000000000
  px          1    0.029701650  0.029701650   0.059403301   0.000000000
  py          1    0.029756808  0.029756808   0.059513617   0.000000000
  pz          1   -0.009769229 -0.009769229  -0.019538458   0.000000000
   sum over m      0.049689229  0.049689229   0.099378459   0.000000000
   sum over m+mul  1.381157859  1.381157859   2.762315719   0.000000000
  d3z^2-r^2   0    0.002825596  0.002825596   0.005651191   0.000000000
  dx^2-y^2    0    0.018897165  0.018897165   0.037794331   0.000000000
  dxy         0    0.018899400  0.018899400   0.037798800   0.000000000
  dxz         0    0.009676404  0.009676404   0.019352808   0.000000000
  dyz         0    0.009675838  0.009675838   0.019351677   0.000000000
   sum over m      0.059974403  0.059974403   0.119948806   0.000000000
   sum over m+mul  0.059974403  0.059974403   0.119948806   0.000000000

   19    C          Up spin      Down spin     Sum           Diff
            multiple
  s           0    0.544024974  0.544024974   1.088049948   0.000000000
   sum over m      0.544024974  0.544024974   1.088049948   0.000000000
  s           1    0.014838215  0.014838215   0.029676430   0.000000000
   sum over m      0.014838215  0.014838215   0.029676430   0.000000000
   sum over m+mul  0.558863189  0.558863189   1.117726378   0.000000000
  px          0    0.420489060  0.420489060   0.840978120   0.000000000
  py          0    0.420558619  0.420558619   0.841117238   0.000000000
  pz          0    0.490431991  0.490431991   0.980863983   0.000000000
   sum over m      1.331479670  1.331479670   2.662959340   0.000000000
  px          1    0.029702947  0.029702947   0.059405893   0.000000000
  py          1    0.029760320  0.029760320   0.059520640   0.000000000
  pz          1   -0.009770597 -0.009770597  -0.019541194   0.000000000
   sum over m      0.049692669  0.049692669   0.099385339   0.000000000
   sum over m+mul  1.381172340  1.381172340   2.762344679   0.000000000
  d3z^2-r^2   0    0.002825677  0.002825677   0.005651354   0.000000000
  dx^2-y^2    0    0.018898025  0.018898025   0.037796049   0.000000000
  dxy         0    0.018899124  0.018899124   0.037798249   0.000000000
  dxz         0    0.009675067  0.009675067   0.019350133   0.000000000
  dyz         0    0.009675028  0.009675028   0.019350056   0.000000000
   sum over m      0.059972921  0.059972921   0.119945841   0.000000000
   sum over m+mul  0.059972921  0.059972921   0.119945841   0.000000000

   20    C          Up spin      Down spin     Sum           Diff
            multiple
  s           0    0.544027064  0.544027064   1.088054127   0.000000000
   sum over m      0.544027064  0.544027064   1.088054127   0.000000000
  s           1    0.014837415  0.014837415   0.029674830   0.000000000
   sum over m      0.014837415  0.014837415   0.029674830   0.000000000
   sum over m+mul  0.558864479  0.558864479   1.117728957   0.000000000
  px          0    0.420476148  0.420476148   0.840952296   0.000000000
  py          0    0.420557595  0.420557595   0.841115190   0.000000000
  pz          0    0.490428268  0.490428268   0.980856535   0.000000000
   sum over m      1.331462011  1.331462011   2.662924022   0.000000000
  px          1    0.029702251  0.029702251   0.059404503   0.000000000
  py          1    0.029761257  0.029761257   0.059522514   0.000000000
  pz          1   -0.009769263 -0.009769263  -0.019538527   0.000000000
   sum over m      0.049694245  0.049694245   0.099388491   0.000000000
   sum over m+mul  1.381156256  1.381156256   2.762312512   0.000000000
  d3z^2-r^2   0    0.002825633  0.002825633   0.005651266   0.000000000
  dx^2-y^2    0    0.018898212  0.018898212   0.037796424   0.000000000
  dxy         0    0.018898955  0.018898955   0.037797910   0.000000000
  dxz         0    0.009670190  0.009670190   0.019340381   0.000000000
  dyz         0    0.009677202  0.009677202   0.019354404   0.000000000
   sum over m      0.059970192  0.059970192   0.119940385   0.000000000
   sum over m+mul  0.059970192  0.059970192   0.119940385   0.000000000

   21    C          Up spin      Down spin     Sum           Diff
            multiple
  s           0    0.544037241  0.544037241   1.088074482   0.000000000
   sum over m      0.544037241  0.544037241   1.088074482   0.000000000
  s           1    0.014838054  0.014838054   0.029676107   0.000000000
   sum over m      0.014838054  0.014838054   0.029676107   0.000000000
   sum over m+mul  0.558875295  0.558875295   1.117750589   0.000000000
  px          0    0.420490701  0.420490701   0.840981403   0.000000000
  py          0    0.420560111  0.420560111   0.841120223   0.000000000
  pz          0    0.490393486  0.490393486   0.980786973   0.000000000
   sum over m      1.331444299  1.331444299   2.662888598   0.000000000
  px          1    0.029704130  0.029704130   0.059408261   0.000000000
  py          1    0.029760808  0.029760808   0.059521616   0.000000000
  pz          1   -0.009768355 -0.009768355  -0.019536710   0.000000000
   sum over m      0.049696583  0.049696583   0.099393167   0.000000000
   sum over m+mul  1.381140883  1.381140883   2.762281765   0.000000000
  d3z^2-r^2   0    0.002825642  0.002825642   0.005651284   0.000000000
  dx^2-y^2    0    0.018898115  0.018898115   0.037796229   0.000000000
  dxy         0    0.018899313  0.018899313   0.037798626   0.000000000
  dxz         0    0.009674070  0.009674070   0.019348139   0.000000000
  dyz         0    0.009674726  0.009674726   0.019349451   0.000000000
   sum over m      0.059971865  0.059971865   0.119943730   0.000000000
   sum over m+mul  0.059971865  0.059971865   0.119943730   0.000000000

   22    C          Up spin      Down spin     Sum           Diff
            multiple
  s           0    0.544025597  0.544025597   1.088051193   0.000000000
   sum over m      0.544025597  0.544025597   1.088051193   0.000000000
  s           1    0.014838313  0.014838313   0.029676625   0.000000000
   sum over m      0.014838313  0.014838313   0.029676625   0.000000000
   sum over m+mul  0.558863909  0.558863909   1.117727819   0.000000000
  px          0    0.420471675  0.420471675   0.840943351   0.000000000
  py          0    0.420556090  0.420556090   0.841112180   0.000000000
  pz          0    0.490441484  0.490441484   0.980882968   0.000000000
   sum over m      1.331469249  1.331469249   2.662938499   0.000000000
  px          1    0.029702268  0.029702268   0.059404535   0.000000000
  py          1    0.029760896  0.029760896   0.059521792   0.000000000
  pz          1   -0.009767954 -0.009767954  -0.019535908   0.000000000
   sum over m      0.049695210  0.049695210   0.099390419   0.000000000
   sum over m+mul  1.381164459  1.381164459   2.762328918   0.000000000
  d3z^2-r^2   0    0.002825650  0.002825650   0.005651300   0.000000000
  dx^2-y^2    0    0.018895240  0.018895240   0.037790480   0.000000000
  dxy         0    0.018900094  0.018900094   0.037800188   0.000000000
  dxz         0    0.009673683  0.009673683   0.019347366   0.000000000
  dyz         0    0.009673269  0.009673269   0.019346539   0.000000000
   sum over m      0.059967936  0.059967936   0.119935873   0.000000000
   sum over m+mul  0.059967936  0.059967936   0.119935873   0.000000000

   23    C          Up spin      Down spin     Sum           Diff
            multiple
  s           0    0.544028479  0.544028479   1.088056958   0.000000000
   sum over m      0.544028479  0.544028479   1.088056958   0.000000000
  s           1    0.014838052  0.014838052   0.029676105   0.000000000
   sum over m      0.014838052  0.014838052   0.029676105   0.000000000
   sum over m+mul  0.558866531  0.558866531   1.117733063   0.000000000
  px          0    0.420482781  0.420482781   0.840965561   0.000000000
  py          0    0.420560568  0.420560568   0.841121137   0.000000000
  pz          0    0.490424509  0.490424509   0.980849017   0.000000000
   sum over m      1.331467858  1.331467858   2.662935715   0.000000000
  px          1    0.029701470  0.029701470   0.059402940   0.000000000
  py          1    0.029760768  0.029760768   0.059521537   0.000000000
  pz          1   -0.009768338 -0.009768338  -0.019536677   0.000000000
   sum over m      0.049693900  0.049693900   0.099387800   0.000000000
   sum over m+mul  1.381161758  1.381161758   2.762323515   0.000000000
  d3z^2-r^2   0    0.002825655  0.002825655   0.005651310   0.000000000
  dx^2-y^2    0    0.018896679  0.018896679   0.037793359   0.000000000
  dxy         0    0.018899552  0.018899552   0.037799104   0.000000000
  dxz         0    0.009674593  0.009674593   0.019349186   0.000000000
  dyz         0    0.009675859  0.009675859   0.019351719   0.000000000
   sum over m      0.059972338  0.059972338   0.119944677   0.000000000
   sum over m+mul  0.059972338  0.059972338   0.119944677   0.000000000

   24    C          Up spin      Down spin     Sum           Diff
            multiple
  s           0    0.544027019  0.544027019   1.088054037   0.000000000
   sum over m      0.544027019  0.544027019   1.088054037   0.000000000
  s           1    0.014838180  0.014838180   0.029676361   0.000000000
   sum over m      0.014838180  0.014838180   0.029676361   0.000000000
   sum over m+mul  0.558865199  0.558865199   1.117730398   0.000000000
  px          0    0.420487296  0.420487296   0.840974592   0.000000000
  py          0    0.420558070  0.420558070   0.841116141   0.000000000
  pz          0    0.490426158  0.490426158   0.980852315   0.000000000
   sum over m      1.331471524  1.331471524   2.662943048   0.000000000
  px          1    0.029702471  0.029702471   0.059404941   0.000000000
  py          1    0.029760154  0.029760154   0.059520307   0.000000000
  pz          1   -0.009769069 -0.009769069  -0.019538137   0.000000000
   sum over m      0.049693556  0.049693556   0.099387111   0.000000000
   sum over m+mul  1.381165080  1.381165080   2.762330159   0.000000000
  d3z^2-r^2   0    0.002825670  0.002825670   0.005651339   0.000000000
  dx^2-y^2    0    0.018897731  0.018897731   0.037795463   0.000000000
  dxy         0    0.018899247  0.018899247   0.037798493   0.000000000
  dxz         0    0.009674619  0.009674619   0.019349238   0.000000000
  dyz         0    0.009674851  0.009674851   0.019349702   0.000000000
   sum over m      0.059972118  0.059972118   0.119944235   0.000000000
   sum over m+mul  0.059972118  0.059972118   0.119944235   0.000000000

   25    C          Up spin      Down spin     Sum           Diff
            multiple
  s           0    0.544029365  0.544029365   1.088058731   0.000000000
   sum over m      0.544029365  0.544029365   1.088058731   0.000000000
  s           1    0.014838316  0.014838316   0.029676632   0.000000000
   sum over m      0.014838316  0.014838316   0.029676632   0.000000000
   sum over m+mul  0.558867681  0.558867681   1.117735362   0.000000000
  px          0    0.420486891  0.420486891   0.840973782   0.000000000
  py          0    0.420559241  0.420559241   0.841118482   0.000000000
  pz          0    0.490420215  0.490420215   0.980840430   0.000000000
   sum over m      1.331466347  1.331466347   2.662932695   0.000000000
  px          1    0.029702784  0.029702784   0.059405569   0.000000000
  py          1    0.029760629  0.029760629   0.059521257   0.000000000
  pz          1   -0.009768984 -0.009768984  -0.019537968   0.000000000
   sum over m      0.049694429  0.049694429   0.099388857   0.000000000
   sum over m+mul  1.381160776  1.381160776   2.762321552   0.000000000
  d3z^2-r^2   0    0.002825648  0.002825648   0.005651295   0.000000000
  dx^2-y^2    0    0.018897720  0.018897720   0.037795439   0.000000000
  dxy         0    0.018899335  0.018899335   0.037798669   0.000000000
  dxz         0    0.009674130  0.009674130   0.019348261   0.000000000
  dyz         0    0.009675062  0.009675062   0.019350123   0.000000000
   sum over m      0.059971894  0.059971894   0.119943788   0.000000000
   sum over m+mul  0.059971894  0.059971894   0.119943788   0.000000000

   26    C          Up spin      Down spin     Sum           Diff
            multiple
  s           0    0.544030528  0.544030528   1.088061057   0.000000000
   sum over m      0.544030528  0.544030528   1.088061057   0.000000000
  s           1    0.014838238  0.014838238   0.029676476   0.000000000
   sum over m      0.014838238  0.014838238   0.029676476   0.000000000
   sum over m+mul  0.558868767  0.558868767   1.117737533   0.000000000
  px          0    0.420488331  0.420488331   0.840976661   0.000000000
  py          0    0.420559149  0.420559149   0.841118299   0.000000000
  pz          0    0.490416085  0.490416085   0.980832169   0.000000000
   sum over m      1.331463564  1.331463564   2.662927129   0.000000000
  px          1    0.029702789  0.029702789   0.059405579   0.000000000
  py          1    0.029760775  0.029760775   0.059521550   0.000000000
  pz          1   -0.009769029 -0.009769029  -0.019538058   0.000000000
   sum over m      0.049694535  0.049694535   0.099389071   0.000000000
   sum over m+mul  1.381158100  1.381158100   2.762316199   0.000000000
  d3z^2-r^2   0    0.002825647  0.002825647   0.005651294   0.000000000
  dx^2-y^2    0    0.018897886  0.018897886   0.037795773   0.000000000
  dxy         0    0.018899306  0.018899306   0.037798613   0.000000000
  dxz         0    0.009674480  0.009674480   0.019348960   0.000000000
  dyz         0    0.009674769  0.009674769   0.019349539   0.000000000
   sum over m      0.059972089  0.059972089   0.119944178   0.000000000
   sum over m+mul  0.059972089  0.059972089   0.119944178   0.000000000

   27    C          Up spin      Down spin     Sum           Diff
            multiple
  s           0    0.544029454  0.544029454   1.088058907   0.000000000
   sum over m      0.544029454  0.544029454   1.088058907   0.000000000
  s           1    0.014838279  0.014838279   0.029676558   0.000000000
   sum over m      0.014838279  0.014838279   0.029676558   0.000000000
   sum over m+mul  0.558867733  0.558867733   1.117735465   0.000000000
  px          0    0.420485671  0.420485671   0.840971342   0.000000000
  py          0    0.420560497  0.420560497   0.841120993   0.000000000
  pz          0    0.490420057  0.490420057   0.980840113   0.000000000
   sum over m      1.331466224  1.331466224   2.662932448   0.000000000
  px          1    0.029702648  0.029702648   0.059405296   0.000000000
  py          1    0.029760702  0.029760702   0.059521403   0.000000000
  pz          1   -0.009768905 -0.009768905  -0.019537809   0.000000000
   sum over m      0.049694445  0.049694445   0.099388891   0.000000000
   sum over m+mul  1.381160669  1.381160669   2.762321339   0.000000000
  d3z^2-r^2   0    0.002825647  0.002825647   0.005651294   0.000000000
  dx^2-y^2    0    0.018897705  0.018897705   0.037795409   0.000000000
  dxy         0    0.018899406  0.018899406   0.037798812   0.000000000
  dxz         0    0.009673036  0.009673036   0.019346073   0.000000000
  dyz         0    0.009675804  0.009675804   0.019351608   0.000000000
   sum over m      0.059971598  0.059971598   0.119943196   0.000000000
   sum over m+mul  0.059971598  0.059971598   0.119943196   0.000000000

   28    C          Up spin      Down spin     Sum           Diff
            multiple
  s           0    0.544027284  0.544027284   1.088054568   0.000000000
   sum over m      0.544027284  0.544027284   1.088054568   0.000000000
  s           1    0.014838361  0.014838361   0.029676722   0.000000000
   sum over m      0.014838361  0.014838361   0.029676722   0.000000000
   sum over m+mul  0.558865645  0.558865645   1.117731290   0.000000000
  px          0    0.420487092  0.420487092   0.840974183   0.000000000
  py          0    0.420556429  0.420556429   0.841112858   0.000000000
  pz          0    0.490428078  0.490428078   0.980856155   0.000000000
   sum over m      1.331471598  1.331471598   2.662943196   0.000000000
  px          1    0.029702421  0.029702421   0.059404841   0.000000000
  py          1    0.029760501  0.029760501   0.059521002   0.000000000
  pz          1   -0.009768663 -0.009768663  -0.019537326   0.000000000
   sum over m      0.049694258  0.049694258   0.099388517   0.000000000
   sum over m+mul  1.381165857  1.381165857   2.762331713   0.000000000
  d3z^2-r^2   0    0.002825647  0.002825647   0.005651295   0.000000000
  dx^2-y^2    0    0.018897934  0.018897934   0.037795868   0.000000000
  dxy         0    0.018899012  0.018899012   0.037798024   0.000000000
  dxz         0    0.009673821  0.009673821   0.019347642   0.000000000
  dyz         0    0.009674189  0.009674189   0.019348379   0.000000000
   sum over m      0.059970604  0.059970604   0.119941207   0.000000000
   sum over m+mul  0.059970604  0.059970604   0.119941207   0.000000000

   29    C          Up spin      Down spin     Sum           Diff
            multiple
  s           0    0.544030296  0.544030296   1.088060592   0.000000000
   sum over m      0.544030296  0.544030296   1.088060592   0.000000000
  s           1    0.014838286  0.014838286   0.029676573   0.000000000
   sum over m      0.014838286  0.014838286   0.029676573   0.000000000
   sum over m+mul  0.558868582  0.558868582   1.117737165   0.000000000
  px          0    0.420486726  0.420486726   0.840973451   0.000000000
  py          0    0.420560476  0.420560476   0.841120951   0.000000000
  pz          0    0.490416898  0.490416898   0.980833796   0.000000000
   sum over m      1.331464099  1.331464099   2.662928199   0.000000000
  px          1    0.029702689  0.029702689   0.059405378   0.000000000
  py          1    0.029760626  0.029760626   0.059521251   0.000000000
  pz          1   -0.009768674 -0.009768674  -0.019537349   0.000000000
   sum over m      0.049694640  0.049694640   0.099389280   0.000000000
   sum over m+mul  1.381158739  1.381158739   2.762317479   0.000000000
  d3z^2-r^2   0    0.002825643  0.002825643   0.005651285   0.000000000
  dx^2-y^2    0    0.018897676  0.018897676   0.037795353   0.000000000
  dxy         0    0.018899396  0.018899396   0.037798792   0.000000000
  dxz         0    0.009673722  0.009673722   0.019347444   0.000000000
  dyz         0    0.009675314  0.009675314   0.019350628   0.000000000
   sum over m      0.059971751  0.059971751   0.119943502   0.000000000
   sum over m+mul  0.059971751  0.059971751   0.119943502   0.000000000

   30    C          Up spin      Down spin     Sum           Diff
            multiple
  s           0    0.544028186  0.544028186   1.088056372   0.000000000
   sum over m      0.544028186  0.544028186   1.088056372   0.000000000
  s           1    0.014838235  0.014838235   0.029676469   0.000000000
   sum over m      0.014838235  0.014838235   0.029676469   0.000000000
   sum over m+mul  0.558866421  0.558866421   1.117732841   0.000000000
  px          0    0.420486696  0.420486696   0.840973393   0.000000000
  py          0    0.420557003  0.420557003   0.841114005   0.000000000
  pz          0    0.490424906  0.490424906   0.980849812   0.000000000
   sum over m      1.331468605  1.331468605   2.662937209   0.000000000
  px          1    0.029702580  0.029702580   0.059405161   0.000000000
  py          1    0.029761001  0.029761001   0.059522003   0.000000000
  pz          1   -0.009768545 -0.009768545  -0.019537090   0.000000000
   sum over m      0.049695037  0.049695037   0.099390074   0.000000000
   sum over m+mul  1.381163641  1.381163641   2.762327283   0.000000000
  d3z^2-r^2   0    0.002825654  0.002825654   0.005651308   0.000000000
  dx^2-y^2    0    0.018897837  0.018897837   0.037795675   0.000000000
  dxy         0    0.018899162  0.018899162   0.037798324   0.000000000
  dxz         0    0.009674061  0.009674061   0.019348122   0.000000000
  dyz         0    0.009674233  0.009674233   0.019348466   0.000000000
   sum over m      0.059970948  0.059970948   0.119941895   0.000000000
   sum over m+mul  0.059970948  0.059970948   0.119941895   0.000000000

   31    C          Up spin      Down spin     Sum           Diff
            multiple
  s           0    0.544032355  0.544032355   1.088064709   0.000000000
   sum over m      0.544032355  0.544032355   1.088064709   0.000000000
  s           1    0.014837851  0.014837851   0.029675703   0.000000000
   sum over m      0.014837851  0.014837851   0.029675703   0.000000000
   sum over m+mul  0.558870206  0.558870206   1.117740412   0.000000000
  px          0    0.420487888  0.420487888   0.840975776   0.000000000
  py          0    0.420562861  0.420562861   0.841125721   0.000000000
  pz          0    0.490404629  0.490404629   0.980809257   0.000000000
   sum over m      1.331455377  1.331455377   2.662910754   0.000000000
  px          1    0.029702599  0.029702599   0.059405198   0.000000000
  py          1    0.029760431  0.029760431   0.059520862   0.000000000
  pz          1   -0.009767104 -0.009767104  -0.019534207   0.000000000
   sum over m      0.049695926  0.049695926   0.099391853   0.000000000
   sum over m+mul  1.381151304  1.381151304   2.762302607   0.000000000
  d3z^2-r^2   0    0.002825606  0.002825606   0.005651211   0.000000000
  dx^2-y^2    0    0.018897953  0.018897953   0.037795907   0.000000000
  dxy         0    0.018899041  0.018899041   0.037798082   0.000000000
  dxz         0    0.009673412  0.009673412   0.019346823   0.000000000
  dyz         0    0.009676423  0.009676423   0.019352847   0.000000000
   sum over m      0.059972435  0.059972435   0.119944870   0.000000000
   sum over m+mul  0.059972435  0.059972435   0.119944870   0.000000000

   32    C          Up spin      Down spin     Sum           Diff
            multiple
  s           0    0.544029567  0.544029567   1.088059133   0.000000000
   sum over m      0.544029567  0.544029567   1.088059133   0.000000000
  s           1    0.014837214  0.014837214   0.029674428   0.000000000
   sum over m      0.014837214  0.014837214   0.029674428   0.000000000
   sum over m+mul  0.558866781  0.558866781   1.117733561   0.000000000
  px          0    0.420485147  0.420485147   0.840970294   0.000000000
  py          0    0.420548515  0.420548515   0.841097030   0.000000000
  pz          0    0.490416865  0.490416865   0.980833729   0.000000000
   sum over m      1.331450526  1.331450526   2.662901052   0.000000000
  px          1    0.029699437  0.029699437   0.059398873   0.000000000
  py          1    0.029759914  0.029759914   0.059519827   0.000000000
  pz          1   -0.009764924 -0.009764924  -0.019529848   0.000000000
   sum over m      0.049694426  0.049694426   0.099388852   0.000000000
   sum over m+mul  1.381144952  1.381144952   2.762289904   0.000000000
  d3z^2-r^2   0    0.002825673  0.002825673   0.005651346   0.000000000
  dx^2-y^2    0    0.018897355  0.018897355   0.037794709   0.000000000
  dxy         0    0.018898552  0.018898552   0.037797103   0.000000000
  dxz         0    0.009674057  0.009674057   0.019348114   0.000000000
  dyz         0    0.009670865  0.009670865   0.019341730   0.000000000
   sum over m      0.059966501  0.059966501   0.119933002   0.000000000
   sum over m+mul  0.059966501  0.059966501   0.119933002   0.000000000

   33    C          Up spin      Down spin     Sum           Diff
            multiple
  s           0    0.544032798  0.544032798   1.088065597   0.000000000
   sum over m      0.544032798  0.544032798   1.088065597   0.000000000
  s           1    0.014835918  0.014835918   0.029671836   0.000000000
   sum over m      0.014835918  0.014835918   0.029671836   0.000000000
   sum over m+mul  0.558868717  0.558868717   1.117737433   0.000000000
  px          0    0.420479401  0.420479401   0.840958802   0.000000000
  py          0    0.420537380  0.420537380   0.841074761   0.000000000
  pz          0    0.490423601  0.490423601   0.980847202   0.000000000
   sum over m      1.331440383  1.331440383   2.662880765   0.000000000
  px          1    0.029704986  0.029704986   0.059409972   0.000000000
  py          1    0.029746004  0.029746004   0.059492008   0.000000000
  pz          1   -0.009765154 -0.009765154  -0.019530309   0.000000000
   sum over m      0.049685836  0.049685836   0.099371672   0.000000000
   sum over m+mul  1.381126218  1.381126218   2.762252437   0.000000000
  d3z^2-r^2   0    0.002825885  0.002825885   0.005651771   0.000000000
  dx^2-y^2    0    0.018899163  0.018899163   0.037798327   0.000000000
  dxy         0    0.018900482  0.018900482   0.037800964   0.000000000
  dxz         0    0.009671769  0.009671769   0.019343538   0.000000000
  dyz         0    0.009672959  0.009672959   0.019345918   0.000000000
   sum over m      0.059970259  0.059970259   0.119940518   0.000000000
   sum over m+mul  0.059970259  0.059970259   0.119940518   0.000000000

   34    C          Up spin      Down spin     Sum           Diff
            multiple
  s           0    0.543890274  0.543890274   1.087780549   0.000000000
   sum over m      0.543890274  0.543890274   1.087780549   0.000000000
  s           1    0.014803308  0.014803308   0.029606616   0.000000000
   sum over m      0.014803308  0.014803308   0.029606616   0.000000000
   sum over m+mul  0.558693582  0.558693582   1.117387164   0.000000000
  px          0    0.420447136  0.420447136   0.840894272   0.000000000
  py          0    0.420441608  0.420441608   0.840883215   0.000000000
  pz          0    0.490404081  0.490404081   0.980808162   0.000000000
   sum over m      1.331292824  1.331292824   2.662585648   0.000000000
  px          1    0.029767270  0.029767270   0.059534540   0.000000000
  py          1    0.029651129  0.029651129   0.059302257   0.000000000
  pz          1   -0.009790428 -0.009790428  -0.019580856   0.000000000
   sum over m      0.049627971  0.049627971   0.099255942   0.000000000
   sum over m+mul  1.380920795  1.380920795   2.761841591   0.000000000
  d3z^2-r^2   0    0.002823437  0.002823437   0.005646874   0.000000000
  dx^2-y^2    0    0.018903302  0.018903302   0.037806604   0.000000000
  dxy         0    0.018897857  0.018897857   0.037795714   0.000000000
  dxz         0    0.009675649  0.009675649   0.019351297   0.000000000
  dyz         0    0.009668473  0.009668473   0.019336946   0.000000000
   sum over m      0.059968718  0.059968718   0.119937435   0.000000000
   sum over m+mul  0.059968718  0.059968718   0.119937435   0.000000000

   35    C          Up spin      Down spin     Sum           Diff
            multiple
  s           0    0.544059235  0.544059235   1.088118469   0.000000000
   sum over m      0.544059235  0.544059235   1.088118469   0.000000000
  s           1    0.014837214  0.014837214   0.029674428   0.000000000
   sum over m      0.014837214  0.014837214   0.029674428   0.000000000
   sum over m+mul  0.558896449  0.558896449   1.117792897   0.000000000
  px          0    0.420484457  0.420484457   0.840968915   0.000000000
  py          0    0.420564739  0.420564739   0.841129478   0.000000000
  pz          0    0.490376624  0.490376624   0.980753248   0.000000000
   sum over m      1.331425821  1.331425821   2.662851641   0.000000000
  px          1    0.029708000  0.029708000   0.059415999   0.000000000
  py          1    0.029753307  0.029753307   0.059506614   0.000000000
  pz          1   -0.009773691 -0.009773691  -0.019547381   0.000000000
   sum over m      0.049687616  0.049687616   0.099375232   0.000000000
   sum over m+mul  1.381113436  1.381113436   2.762226873   0.000000000
  d3z^2-r^2   0    0.002825690  0.002825690   0.005651380   0.000000000
  dx^2-y^2    0    0.018899630  0.018899630   0.037799260   0.000000000
  dxy         0    0.018899624  0.018899624   0.037799249   0.000000000
  dxz         0    0.009677743  0.009677743   0.019355486   0.000000000
  dyz         0    0.009677465  0.009677465   0.019354929   0.000000000
   sum over m      0.059980152  0.059980152   0.119960304   0.000000000
   sum over m+mul  0.059980152  0.059980152   0.119960304   0.000000000

   36    C          Up spin      Down spin     Sum           Diff
            multiple
  s           0    0.544121436  0.544121436   1.088242872   0.000000000
   sum over m      0.544121436  0.544121436   1.088242872   0.000000000
  s           1    0.014829582  0.014829582   0.029659164   0.000000000
   sum over m      0.014829582  0.014829582   0.029659164   0.000000000
   sum over m+mul  0.558951018  0.558951018   1.117902036   0.000000000
  px          0    0.420521662  0.420521662   0.841043325   0.000000000
  py          0    0.420556944  0.420556944   0.841113888   0.000000000
  pz          0    0.490597169  0.490597169   0.981194338   0.000000000
   sum over m      1.331675776  1.331675776   2.663351551   0.000000000
  px          1    0.029673510  0.029673510   0.059347020   0.000000000
  py          1    0.029744308  0.029744308   0.059488616   0.000000000
  pz          1   -0.009753499 -0.009753499  -0.019506999   0.000000000
   sum over m      0.049664319  0.049664319   0.099328637   0.000000000
   sum over m+mul  1.381340094  1.381340094   2.762680189   0.000000000
  d3z^2-r^2   0    0.002825356  0.002825356   0.005650712   0.000000000
  dx^2-y^2    0    0.018880825  0.018880825   0.037761651   0.000000000
  dxy         0    0.018901779  0.018901779   0.037803558   0.000000000
  dxz         0    0.009671707  0.009671707   0.019343413   0.000000000
  dyz         0    0.009678097  0.009678097   0.019356193   0.000000000
   sum over m      0.059957763  0.059957763   0.119915526   0.000000000
   sum over m+mul  0.059957763  0.059957763   0.119915526   0.000000000

   37    C          Up spin      Down spin     Sum           Diff
            multiple
  s           0    0.544040598  0.544040598   1.088081197   0.000000000
   sum over m      0.544040598  0.544040598   1.088081197   0.000000000
  s           1    0.014837160  0.014837160   0.029674321   0.000000000
   sum over m      0.014837160  0.014837160   0.029674321   0.000000000
   sum over m+mul  0.558877759  0.558877759   1.117755518   0.000000000
  px          0    0.420475872  0.420475872   0.840951745   0.000000000
  py          0    0.420562643  0.420562643   0.841125285   0.000000000
  pz          0    0.490433936  0.490433936   0.980867872   0.000000000
   sum over m      1.331472451  1.331472451   2.662944902   0.000000000
  px          1    0.029696385  0.029696385   0.059392770   0.000000000
  py          1    0.029763182  0.029763182   0.059526363   0.000000000
  pz          1   -0.009770464 -0.009770464  -0.019540929   0.000000000
   sum over m      0.049689102  0.049689102   0.099378205   0.000000000
   sum over m+mul  1.381161554  1.381161554   2.762323107   0.000000000
  d3z^2-r^2   0    0.002825715  0.002825715   0.005651430   0.000000000
  dx^2-y^2    0    0.018889177  0.018889177   0.037778354   0.000000000
  dxy         0    0.018899630  0.018899630   0.037799259   0.000000000
  dxz         0    0.009679100  0.009679100   0.019358200   0.000000000
  dyz         0    0.009678940  0.009678940   0.019357880   0.000000000
   sum over m      0.059972561  0.059972561   0.119945122   0.000000000
   sum over m+mul  0.059972561  0.059972561   0.119945122   0.000000000

   38    C          Up spin      Down spin     Sum           Diff
            multiple
  s           0    0.544029469  0.544029469   1.088058938   0.000000000
   sum over m      0.544029469  0.544029469   1.088058938   0.000000000
  s           1    0.014838818  0.014838818   0.029677635   0.000000000
   sum over m      0.014838818  0.014838818   0.029677635   0.000000000
   sum over m+mul  0.558868287  0.558868287   1.117736574   0.000000000
  px          0    0.420503199  0.420503199   0.841006397   0.000000000
  py          0    0.420549985  0.420549985   0.841099971   0.000000000
  pz          0    0.490421576  0.490421576   0.980843152   0.000000000
   sum over m      1.331474760  1.331474760   2.662949520   0.000000000
  px          1    0.029704106  0.029704106   0.059408213   0.000000000
  py          1    0.029761112  0.029761112   0.059522223   0.000000000
  pz          1   -0.009770907 -0.009770907  -0.019541814   0.000000000
   sum over m      0.049694311  0.049694311   0.099388622   0.000000000
   sum over m+mul  1.381169071  1.381169071   2.762338142   0.000000000
  d3z^2-r^2   0    0.002825629  0.002825629   0.005651259   0.000000000
  dx^2-y^2    0    0.018900023  0.018900023   0.037800045   0.000000000
  dxy         0    0.018897677  0.018897677   0.037795353   0.000000000
  dxz         0    0.009676035  0.009676035   0.019352070   0.000000000
  dyz         0    0.009674754  0.009674754   0.019349508   0.000000000
   sum over m      0.059974117  0.059974117   0.119948235   0.000000000
   sum over m+mul  0.059974117  0.059974117   0.119948235   0.000000000

   39    C          Up spin      Down spin     Sum           Diff
            multiple
  s           0    0.544027924  0.544027924   1.088055848   0.000000000
   sum over m      0.544027924  0.544027924   1.088055848   0.000000000
  s           1    0.014838535  0.014838535   0.029677070   0.000000000
   sum over m      0.014838535  0.014838535   0.029677070   0.000000000
   sum over m+mul  0.558866459  0.558866459   1.117732918   0.000000000
  px          0    0.420484690  0.420484690   0.840969380   0.000000000
  py          0    0.420559096  0.420559096   0.841118192   0.000000000
  pz          0    0.490427817  0.490427817   0.980855635   0.000000000
   sum over m      1.331471603  1.331471603   2.662943207   0.000000000
  px          1    0.029703136  0.029703136   0.059406273   0.000000000
  py          1    0.029760524  0.029760524   0.059521047   0.000000000
  pz          1   -0.009769806 -0.009769806  -0.019539611   0.000000000
   sum over m      0.049693854  0.049693854   0.099387709   0.000000000
   sum over m+mul  1.381165458  1.381165458   2.762330915   0.000000000
  d3z^2-r^2   0    0.002825668  0.002825668   0.005651336   0.000000000
  dx^2-y^2    0    0.018897772  0.018897772   0.037795543   0.000000000
  dxy         0    0.018899396  0.018899396   0.037798793   0.000000000
  dxz         0    0.009673649  0.009673649   0.019347297   0.000000000
  dyz         0    0.009674694  0.009674694   0.019349389   0.000000000
   sum over m      0.059971179  0.059971179   0.119942359   0.000000000
   sum over m+mul  0.059971179  0.059971179   0.119942359   0.000000000

   40    C          Up spin      Down spin     Sum           Diff
            multiple
  s           0    0.544033131  0.544033131   1.088066262   0.000000000
   sum over m      0.544033131  0.544033131   1.088066262   0.000000000
  s           1    0.014838423  0.014838423   0.029676846   0.000000000
   sum over m      0.014838423  0.014838423   0.029676846   0.000000000
   sum over m+mul  0.558871554  0.558871554   1.117743108   0.000000000
  px          0    0.420490061  0.420490061   0.840980122   0.000000000
  py          0    0.420559349  0.420559349   0.841118698   0.000000000
  pz          0    0.490409144  0.490409144   0.980818288   0.000000000
   sum over m      1.331458554  1.331458554   2.662917108   0.000000000
  px          1    0.029703118  0.029703118   0.059406237   0.000000000
  py          1    0.029760704  0.029760704   0.059521407   0.000000000
  pz          1   -0.009769110 -0.009769110  -0.019538219   0.000000000
   sum over m      0.049694712  0.049694712   0.099389425   0.000000000
   sum over m+mul  1.381153266  1.381153266   2.762306533   0.000000000
  d3z^2-r^2   0    0.002825617  0.002825617   0.005651233   0.000000000
  dx^2-y^2    0    0.018898211  0.018898211   0.037796422   0.000000000
  dxy         0    0.018899147  0.018899147   0.037798294   0.000000000
  dxz         0    0.009674042  0.009674042   0.019348085   0.000000000
  dyz         0    0.009674707  0.009674707   0.019349414   0.000000000
   sum over m      0.059971724  0.059971724   0.119943447   0.000000000
   sum over m+mul  0.059971724  0.059971724   0.119943447   0.000000000

   41    C          Up spin      Down spin     Sum           Diff
            multiple
  s           0    0.544028696  0.544028696   1.088057393   0.000000000
   sum over m      0.544028696  0.544028696   1.088057393   0.000000000
  s           1    0.014838233  0.014838233   0.029676466   0.000000000
   sum over m      0.014838233  0.014838233   0.029676466   0.000000000
   sum over m+mul  0.558866929  0.558866929   1.117733859   0.000000000
  px          0    0.420485064  0.420485064   0.840970128   0.000000000
  py          0    0.420560105  0.420560105   0.841120211   0.000000000
  pz          0    0.490423078  0.490423078   0.980846156   0.000000000
   sum over m      1.331468248  1.331468248   2.662936495   0.000000000
  px          1    0.029702705  0.029702705   0.059405410   0.000000000
  py          1    0.029760616  0.029760616   0.059521231   0.000000000
  pz          1   -0.009769057 -0.009769057  -0.019538114   0.000000000
   sum over m      0.049694264  0.049694264   0.099388528   0.000000000
   sum over m+mul  1.381162511  1.381162511   2.762325023   0.000000000
  d3z^2-r^2   0    0.002825651  0.002825651   0.005651301   0.000000000
  dx^2-y^2    0    0.018897635  0.018897635   0.037795269   0.000000000
  dxy         0    0.018899570  0.018899570   0.037799139   0.000000000
  dxz         0    0.009673190  0.009673190   0.019346380   0.000000000
  dyz         0    0.009675101  0.009675101   0.019350202   0.000000000
   sum over m      0.059971146  0.059971146   0.119942292   0.000000000
   sum over m+mul  0.059971146  0.059971146   0.119942292   0.000000000

   42    C          Up spin      Down spin     Sum           Diff
            multiple
  s           0    0.544029618  0.544029618   1.088059237   0.000000000
   sum over m      0.544029618  0.544029618   1.088059237   0.000000000
  s           1    0.014838270  0.014838270   0.029676540   0.000000000
   sum over m      0.014838270  0.014838270   0.029676540   0.000000000
   sum over m+mul  0.558867888  0.558867888   1.117735777   0.000000000
  px          0    0.420488002  0.420488002   0.840976004   0.000000000
  py          0    0.420558623  0.420558623   0.841117245   0.000000000
  pz          0    0.490419371  0.490419371   0.980838742   0.000000000
   sum over m      1.331465996  1.331465996   2.662931991   0.000000000
  px          1    0.029702809  0.029702809   0.059405617   0.000000000
  py          1    0.029760558  0.029760558   0.059521116   0.000000000
  pz          1   -0.009768943 -0.009768943  -0.019537886   0.000000000
   sum over m      0.049694424  0.049694424   0.099388847   0.000000000
   sum over m+mul  1.381160419  1.381160419   2.762320839   0.000000000
  d3z^2-r^2   0    0.002825647  0.002825647   0.005651294   0.000000000
  dx^2-y^2    0    0.018897905  0.018897905   0.037795810   0.000000000
  dxy         0    0.018899229  0.018899229   0.037798457   0.000000000
  dxz         0    0.009674181  0.009674181   0.019348361   0.000000000
  dyz         0    0.009674929  0.009674929   0.019349858   0.000000000
   sum over m      0.059971890  0.059971890   0.119943781   0.000000000
   sum over m+mul  0.059971890  0.059971890   0.119943781   0.000000000

   43    C          Up spin      Down spin     Sum           Diff
            multiple
  s           0    0.544029304  0.544029304   1.088058609   0.000000000
   sum over m      0.544029304  0.544029304   1.088058609   0.000000000
  s           1    0.014838305  0.014838305   0.029676609   0.000000000
   sum over m      0.014838305  0.014838305   0.029676609   0.000000000
   sum over m+mul  0.558867609  0.558867609   1.117735218   0.000000000
  px          0    0.420487650  0.420487650   0.840975300   0.000000000
  py          0    0.420559046  0.420559046   0.841118092   0.000000000
  pz          0    0.490420800  0.490420800   0.980841600   0.000000000
   sum over m      1.331467496  1.331467496   2.662934992   0.000000000
  px          1    0.029702751  0.029702751   0.059405503   0.000000000
  py          1    0.029760669  0.029760669   0.059521338   0.000000000
  pz          1   -0.009769106 -0.009769106  -0.019538211   0.000000000
   sum over m      0.049694315  0.049694315   0.099388630   0.000000000
   sum over m+mul  1.381161811  1.381161811   2.762323622   0.000000000
  d3z^2-r^2   0    0.002825648  0.002825648   0.005651295   0.000000000
  dx^2-y^2    0    0.018897864  0.018897864   0.037795728   0.000000000
  dxy         0    0.018899304  0.018899304   0.037798609   0.000000000
  dxz         0    0.009673933  0.009673933   0.019347867   0.000000000
  dyz         0    0.009674874  0.009674874   0.019349748   0.000000000
   sum over m      0.059971624  0.059971624   0.119943247   0.000000000
   sum over m+mul  0.059971624  0.059971624   0.119943247   0.000000000

   44    C          Up spin      Down spin     Sum           Diff
            multiple
  s           0    0.544029801  0.544029801   1.088059602   0.000000000
   sum over m      0.544029801  0.544029801   1.088059602   0.000000000
  s           1    0.014838227  0.014838227   0.029676454   0.000000000
   sum over m      0.014838227  0.014838227   0.029676454   0.000000000
   sum over m+mul  0.558868028  0.558868028   1.117736056   0.000000000
  px          0    0.420487434  0.420487434   0.840974867   0.000000000
  py          0    0.420559641  0.420559641   0.841119282   0.000000000
  pz          0    0.490417643  0.490417643   0.980835286   0.000000000
   sum over m      1.331464717  1.331464717   2.662929435   0.000000000
  px          1    0.029702596  0.029702596   0.059405192   0.000000000
  py          1    0.029760556  0.029760556   0.059521112   0.000000000
  pz          1   -0.009768660 -0.009768660  -0.019537320   0.000000000
   sum over m      0.049694492  0.049694492   0.099388984   0.000000000
   sum over m+mul  1.381159209  1.381159209   2.762318419   0.000000000
  d3z^2-r^2   0    0.002825641  0.002825641   0.005651282   0.000000000
  dx^2-y^2    0    0.018897813  0.018897813   0.037795625   0.000000000
  dxy         0    0.018899313  0.018899313   0.037798625   0.000000000
  dxz         0    0.009673952  0.009673952   0.019347904   0.000000000
  dyz         0    0.009675075  0.009675075   0.019350151   0.000000000
   sum over m      0.059971794  0.059971794   0.119943588   0.000000000
   sum over m+mul  0.059971794  0.059971794   0.119943588   0.000000000

   45    C          Up spin      Down spin     Sum           Diff
            multiple
  s           0    0.544028918  0.544028918   1.088057837   0.000000000
   sum over m      0.544028918  0.544028918   1.088057837   0.000000000
  s           1    0.014838056  0.014838056   0.029676112   0.000000000
   sum over m      0.014838056  0.014838056   0.029676112   0.000000000
   sum over m+mul  0.558866974  0.558866974   1.117733949   0.000000000
  px          0    0.420487023  0.420487023   0.840974045   0.000000000
  py          0    0.420557289  0.420557289   0.841114579   0.000000000
  pz          0    0.490422831  0.490422831   0.980845663   0.000000000
   sum over m      1.331467143  1.331467143   2.662934287   0.000000000
  px          1    0.029702781  0.029702781   0.059405561   0.000000000
  py          1    0.029759921  0.029759921   0.059519841   0.000000000
  pz          1   -0.009769521 -0.009769521  -0.019539043   0.000000000
   sum over m      0.049693180  0.049693180   0.099386360   0.000000000
   sum over m+mul  1.381160323  1.381160323   2.762320647   0.000000000
  d3z^2-r^2   0    0.002825648  0.002825648   0.005651296   0.000000000
  dx^2-y^2    0    0.018897714  0.018897714   0.037795428   0.000000000
  dxy         0    0.018899450  0.018899450   0.037798900   0.000000000
  dxz         0    0.009673767  0.009673767   0.019347534   0.000000000
  dyz         0    0.009674222  0.009674222   0.019348444   0.000000000
   sum over m      0.059970800  0.059970800   0.119941601   0.000000000
   sum over m+mul  0.059970800  0.059970800   0.119941601   0.000000000

   46    C          Up spin      Down spin     Sum           Diff
            multiple
  s           0    0.544031334  0.544031334   1.088062668   0.000000000
   sum over m      0.544031334  0.544031334   1.088062668   0.000000000
  s           1    0.014837041  0.014837041   0.029674082   0.000000000
   sum over m      0.014837041  0.014837041   0.029674082   0.000000000
   sum over m+mul  0.558868375  0.558868375   1.117736750   0.000000000
  px          0    0.420487639  0.420487639   0.840975278   0.000000000
  py          0    0.420562189  0.420562189   0.841124377   0.000000000
  pz          0    0.490418938  0.490418938   0.980837877   0.000000000
   sum over m      1.331468766  1.331468766   2.662937532   0.000000000
  px          1    0.029701586  0.029701586   0.059403173   0.000000000
  py          1    0.029757547  0.029757547   0.059515094   0.000000000
  pz          1   -0.009769225 -0.009769225  -0.019538451   0.000000000
   sum over m      0.049689908  0.049689908   0.099379816   0.000000000
   sum over m+mul  1.381158674  1.381158674   2.762317347   0.000000000
  d3z^2-r^2   0    0.002825600  0.002825600   0.005651201   0.000000000
  dx^2-y^2    0    0.018897177  0.018897177   0.037794354   0.000000000
  dxy         0    0.018899409  0.018899409   0.037798819   0.000000000
  dxz         0    0.009676403  0.009676403   0.019352806   0.000000000
  dyz         0    0.009675840  0.009675840   0.019351680   0.000000000
   sum over m      0.059974430  0.059974430   0.119948859   0.000000000
   sum over m+mul  0.059974430  0.059974430   0.119948859   0.000000000

   47    C          Up spin      Down spin     Sum           Diff
            multiple
  s           0    0.544032196  0.544032196   1.088064391   0.000000000
   sum over m      0.544032196  0.544032196   1.088064391   0.000000000
  s           1    0.014835856  0.014835856   0.029671712   0.000000000
   sum over m      0.014835856  0.014835856   0.029671712   0.000000000
   sum over m+mul  0.558868052  0.558868052   1.117736104   0.000000000
  px          0    0.420480372  0.420480372   0.840960744   0.000000000
  py          0    0.420537149  0.420537149   0.841074299   0.000000000
  pz          0    0.490423540  0.490423540   0.980847081   0.000000000
   sum over m      1.331441062  1.331441062   2.662882123   0.000000000
  px          1    0.029706346  0.029706346   0.059412692   0.000000000
  py          1    0.029745730  0.029745730   0.059491460   0.000000000
  pz          1   -0.009765143 -0.009765143  -0.019530286   0.000000000
   sum over m      0.049686933  0.049686933   0.099373866   0.000000000
   sum over m+mul  1.381127995  1.381127995   2.762255989   0.000000000
  d3z^2-r^2   0    0.002825880  0.002825880   0.005651759   0.000000000
  dx^2-y^2    0    0.018899165  0.018899165   0.037798330   0.000000000
  dxy         0    0.018900590  0.018900590   0.037801180   0.000000000
  dxz         0    0.009671769  0.009671769   0.019343539   0.000000000
  dyz         0    0.009672977  0.009672977   0.019345954   0.000000000
   sum over m      0.059970381  0.059970381   0.119940762   0.000000000
   sum over m+mul  0.059970381  0.059970381   0.119940762   0.000000000

   48    C          Up spin      Down spin     Sum           Diff
            multiple
  s           0    0.543891353  0.543891353   1.087782706   0.000000000
   sum over m      0.543891353  0.543891353   1.087782706   0.000000000
  s           1    0.014806410  0.014806410   0.029612819   0.000000000
   sum over m      0.014806410  0.014806410   0.029612819   0.000000000
   sum over m+mul  0.558697763  0.558697763   1.117395525   0.000000000
  px          0    0.420438852  0.420438852   0.840877704   0.000000000
  py          0    0.420444632  0.420444632   0.840889263   0.000000000
  pz          0    0.490404178  0.490404178   0.980808356   0.000000000
   sum over m      1.331287662  1.331287662   2.662575323   0.000000000
  px          1    0.029757322  0.029757322   0.059514644   0.000000000
  py          1    0.029651807  0.029651807   0.059303614   0.000000000
  pz          1   -0.009790462 -0.009790462  -0.019580924   0.000000000
   sum over m      0.049618667  0.049618667   0.099237334   0.000000000
   sum over m+mul  1.380906328  1.380906328   2.761812657   0.000000000
  d3z^2-r^2   0    0.002823438  0.002823438   0.005646876   0.000000000
  dx^2-y^2    0    0.018905984  0.018905984   0.037811968   0.000000000
  dxy         0    0.018897856  0.018897856   0.037795712   0.000000000
  dxz         0    0.009675661  0.009675661   0.019351322   0.000000000
  dyz         0    0.009668475  0.009668475   0.019336950   0.000000000
   sum over m      0.059971414  0.059971414   0.119942827   0.000000000
   sum over m+mul  0.059971414  0.059971414   0.119942827   0.000000000

   49    C          Up spin      Down spin     Sum           Diff
            multiple
  s           0    0.545945405  0.545945405   1.091890809   0.000000000
   sum over m      0.545945405  0.545945405   1.091890809   0.000000000
  s           1    0.014625928  0.014625928   0.029251857   0.000000000
   sum over m      0.014625928  0.014625928   0.029251857   0.000000000
   sum over m+mul  0.560571333  0.560571333   1.121142666   0.000000000
  px          0    0.421017594  0.421017594   0.842035188   0.000000000
  py          0    0.421335322  0.421335322   0.842670643   0.000000000
  pz          0    0.490380783  0.490380783   0.980761566   0.000000000
   sum over m      1.332733698  1.332733698   2.665467397   0.000000000
  px          1    0.029652621  0.029652621   0.059305243   0.000000000
  py          1    0.028894091  0.028894091   0.057788183   0.000000000
  pz          1   -0.009726177 -0.009726177  -0.019452355   0.000000000
   sum over m      0.048820535  0.048820535   0.097641071   0.000000000
   sum over m+mul  1.381554234  1.381554234   2.763108467   0.000000000
  d3z^2-r^2   0    0.002828568  0.002828568   0.005657136   0.000000000
  dx^2-y^2    0    0.018844595  0.018844595   0.037689189   0.000000000
  dxy         0    0.018690150  0.018690150   0.037380300   0.000000000
  dxz         0    0.009658114  0.009658114   0.019316228   0.000000000
  dyz         0    0.009496204  0.009496204   0.018992408   0.000000000
   sum over m      0.059517631  0.059517631   0.119035262   0.000000000
   sum over m+mul  0.059517631  0.059517631   0.119035262   0.000000000

   50    C          Up spin      Down spin     Sum           Diff
            multiple
  s           0    0.544003219  0.544003219   1.088006438   0.000000000
   sum over m      0.544003219  0.544003219   1.088006438   0.000000000
  s           1    0.014848597  0.014848597   0.029697195   0.000000000
   sum over m      0.014848597  0.014848597   0.029697195   0.000000000
   sum over m+mul  0.558851817  0.558851817   1.117703633   0.000000000
  px          0    0.419701469  0.419701469   0.839402938   0.000000000
  py          0    0.421319823  0.421319823   0.842639646   0.000000000
  pz          0    0.490416827  0.490416827   0.980833654   0.000000000
   sum over m      1.331438119  1.331438119   2.662876238   0.000000000
  px          1    0.030499613  0.030499613   0.060999227   0.000000000
  py          1    0.028978751  0.028978751   0.057957502   0.000000000
  pz          1   -0.009767350 -0.009767350  -0.019534700   0.000000000
   sum over m      0.049711014  0.049711014   0.099422029   0.000000000
   sum over m+mul  1.381149133  1.381149133   2.762298266   0.000000000
  d3z^2-r^2   0    0.002825491  0.002825491   0.005650983   0.000000000
  dx^2-y^2    0    0.019103562  0.019103562   0.038207124   0.000000000
  dxy         0    0.018697047  0.018697047   0.037394094   0.000000000
  dxz         0    0.009871176  0.009871176   0.019742352   0.000000000
  dyz         0    0.009480111  0.009480111   0.018960223   0.000000000
   sum over m      0.059977388  0.059977388   0.119954775   0.000000000
   sum over m+mul  0.059977388  0.059977388   0.119954775   0.000000000

   51    C          Up spin      Down spin     Sum           Diff
            multiple
  s           0    0.543062620  0.543062620   1.086125240   0.000000000
   sum over m      0.543062620  0.543062620   1.086125240   0.000000000
  s           1    0.014949189  0.014949189   0.029898379   0.000000000
   sum over m      0.014949189  0.014949189   0.029898379   0.000000000
   sum over m+mul  0.558011810  0.558011810   1.116023619   0.000000000
  px          0    0.419838232  0.419838232   0.839676464   0.000000000
  py          0    0.420559639  0.420559639   0.841119279   0.000000000
  pz          0    0.490435878  0.490435878   0.980871755   0.000000000
   sum over m      1.330833749  1.330833749   2.661667498   0.000000000
  px          1    0.030164417  0.030164417   0.060328833   0.000000000
  py          1    0.029764403  0.029764403   0.059528806   0.000000000
  pz          1   -0.009788414 -0.009788414  -0.019576828   0.000000000
   sum over m      0.050140405  0.050140405   0.100280811   0.000000000
   sum over m+mul  1.380974154  1.380974154   2.761948309   0.000000000
  d3z^2-r^2   0    0.002824094  0.002824094   0.005648189   0.000000000
  dx^2-y^2    0    0.019016247  0.019016247   0.038032494   0.000000000
  dxy         0    0.018914862  0.018914862   0.037829724   0.000000000
  dxz         0    0.009778844  0.009778844   0.019557688   0.000000000
  dyz         0    0.009667890  0.009667890   0.019335780   0.000000000
   sum over m      0.060201937  0.060201937   0.120403875   0.000000000
   sum over m+mul  0.060201937  0.060201937   0.120403875   0.000000000

   52    C          Up spin      Down spin     Sum           Diff
            multiple
  s           0    0.544083958  0.544083958   1.088167916   0.000000000
   sum over m      0.544083958  0.544083958   1.088167916   0.000000000
  s           1    0.014884607  0.014884607   0.029769213   0.000000000
   sum over m      0.014884607  0.014884607   0.029769213   0.000000000
   sum over m+mul  0.558968564  0.558968564   1.117937129   0.000000000
  px          0    0.420531257  0.420531257   0.841062514   0.000000000
  py          0    0.420634424  0.420634424   0.841268849   0.000000000
  pz          0    0.490259517  0.490259517   0.980519034   0.000000000
   sum over m      1.331425198  1.331425198   2.662850397   0.000000000
  px          1    0.029730064  0.029730064   0.059460127   0.000000000
  py          1    0.029826444  0.029826444   0.059652887   0.000000000
  pz          1   -0.009762642 -0.009762642  -0.019525283   0.000000000
   sum over m      0.049793866  0.049793866   0.099587731   0.000000000
   sum over m+mul  1.381219064  1.381219064   2.762438128   0.000000000
  d3z^2-r^2   0    0.002828345  0.002828345   0.005656691   0.000000000
  dx^2-y^2    0    0.018893151  0.018893151   0.037786303   0.000000000
  dxy         0    0.018916320  0.018916320   0.037832640   0.000000000
  dxz         0    0.009672672  0.009672672   0.019345343   0.000000000
  dyz         0    0.009680001  0.009680001   0.019360002   0.000000000
   sum over m      0.059990489  0.059990489   0.119980979   0.000000000
   sum over m+mul  0.059990489  0.059990489   0.119980979   0.000000000

   53    C          Up spin      Down spin     Sum           Diff
            multiple
  s           0    0.544015527  0.544015527   1.088031055   0.000000000
   sum over m      0.544015527  0.544015527   1.088031055   0.000000000
  s           1    0.014841702  0.014841702   0.029683404   0.000000000
   sum over m      0.014841702  0.014841702   0.029683404   0.000000000
   sum over m+mul  0.558857230  0.558857230   1.117714459   0.000000000
  px          0    0.420516493  0.420516493   0.841032986   0.000000000
  py          0    0.420565200  0.420565200   0.841130401   0.000000000
  pz          0    0.490402251  0.490402251   0.980804502   0.000000000
   sum over m      1.331483944  1.331483944   2.662967889   0.000000000
  px          1    0.029717159  0.029717159   0.059434319   0.000000000
  py          1    0.029763358  0.029763358   0.059526716   0.000000000
  pz          1   -0.009771162 -0.009771162  -0.019542324   0.000000000
   sum over m      0.049709355  0.049709355   0.099418711   0.000000000
   sum over m+mul  1.381193300  1.381193300   2.762386599   0.000000000
  d3z^2-r^2   0    0.002825360  0.002825360   0.005650720   0.000000000
  dx^2-y^2    0    0.018902612  0.018902612   0.037805223   0.000000000
  dxy         0    0.018900658  0.018900658   0.037801316   0.000000000
  dxz         0    0.009670174  0.009670174   0.019340348   0.000000000
  dyz         0    0.009673593  0.009673593   0.019347185   0.000000000
   sum over m      0.059972397  0.059972397   0.119944794   0.000000000
   sum over m+mul  0.059972397  0.059972397   0.119944794   0.000000000

   54    C          Up spin      Down spin     Sum           Diff
            multiple
  s           0    0.544031436  0.544031436   1.088062872   0.000000000
   sum over m      0.544031436  0.544031436   1.088062872   0.000000000
  s           1    0.014839272  0.014839272   0.029678543   0.000000000
   sum over m      0.014839272  0.014839272   0.029678543   0.000000000
   sum over m+mul  0.558870708  0.558870708   1.117741415   0.000000000
  px          0    0.420481421  0.420481421   0.840962843   0.000000000
  py          0    0.420579726  0.420579726   0.841159452   0.000000000
  pz          0    0.490399841  0.490399841   0.980799682   0.000000000
   sum over m      1.331460988  1.331460988   2.662921977   0.000000000
  px          1    0.029702834  0.029702834   0.059405669   0.000000000
  py          1    0.029766107  0.029766107   0.059532214   0.000000000
  pz          1   -0.009769540 -0.009769540  -0.019539080   0.000000000
   sum over m      0.049699402  0.049699402   0.099398804   0.000000000
   sum over m+mul  1.381160390  1.381160390   2.762320780   0.000000000
  d3z^2-r^2   0    0.002825705  0.002825705   0.005651411   0.000000000
  dx^2-y^2    0    0.018896700  0.018896700   0.037793401   0.000000000
  dxy         0    0.018902780  0.018902780   0.037805560   0.000000000
  dxz         0    0.009673282  0.009673282   0.019346565   0.000000000
  dyz         0    0.009674019  0.009674019   0.019348039   0.000000000
   sum over m      0.059972488  0.059972488   0.119944975   0.000000000
   sum over m+mul  0.059972488  0.059972488   0.119944975   0.000000000

   55    C          Up spin      Down spin     Sum           Diff
            multiple
  s           0    0.544030991  0.544030991   1.088061982   0.000000000
   sum over m      0.544030991  0.544030991   1.088061982   0.000000000
  s           1    0.014838738  0.014838738   0.029677476   0.000000000
   sum over m      0.014838738  0.014838738   0.029677476   0.000000000
   sum over m+mul  0.558869729  0.558869729   1.117739458   0.000000000
  px          0    0.420490650  0.420490650   0.840981301   0.000000000
  py          0    0.420560231  0.420560231   0.841120462   0.000000000
  pz          0    0.490412825  0.490412825   0.980825649   0.000000000
   sum over m      1.331463706  1.331463706   2.662927412   0.000000000
  px          1    0.029703317  0.029703317   0.059406634   0.000000000
  py          1    0.029761858  0.029761858   0.059523716   0.000000000
  pz          1   -0.009768857 -0.009768857  -0.019537714   0.000000000
   sum over m      0.049696318  0.049696318   0.099392636   0.000000000
   sum over m+mul  1.381160024  1.381160024   2.762320049   0.000000000
  d3z^2-r^2   0    0.002825640  0.002825640   0.005651279   0.000000000
  dx^2-y^2    0    0.018898443  0.018898443   0.037796886   0.000000000
  dxy         0    0.018899498  0.018899498   0.037798996   0.000000000
  dxz         0    0.009672948  0.009672948   0.019345897   0.000000000
  dyz         0    0.009675132  0.009675132   0.019350264   0.000000000
   sum over m      0.059971661  0.059971661   0.119943322   0.000000000
   sum over m+mul  0.059971661  0.059971661   0.119943322   0.000000000

   56    C          Up spin      Down spin     Sum           Diff
            multiple
  s           0    0.544028748  0.544028748   1.088057496   0.000000000
   sum over m      0.544028748  0.544028748   1.088057496   0.000000000
  s           1    0.014838391  0.014838391   0.029676782   0.000000000
   sum over m      0.014838391  0.014838391   0.029676782   0.000000000
   sum over m+mul  0.558867139  0.558867139   1.117734278   0.000000000
  px          0    0.420486489  0.420486489   0.840972978   0.000000000
  py          0    0.420560046  0.420560046   0.841120093   0.000000000
  pz          0    0.490422189  0.490422189   0.980844379   0.000000000
   sum over m      1.331468725  1.331468725   2.662937450   0.000000000
  px          1    0.029702595  0.029702595   0.059405191   0.000000000
  py          1    0.029761127  0.029761127   0.059522254   0.000000000
  pz          1   -0.009769091 -0.009769091  -0.019538181   0.000000000
   sum over m      0.049694632  0.049694632   0.099389264   0.000000000
   sum over m+mul  1.381163357  1.381163357   2.762326714   0.000000000
  d3z^2-r^2   0    0.002825655  0.002825655   0.005651310   0.000000000
  dx^2-y^2    0    0.018897710  0.018897710   0.037795419   0.000000000
  dxy         0    0.018899590  0.018899590   0.037799179   0.000000000
  dxz         0    0.009673875  0.009673875   0.019347750   0.000000000
  dyz         0    0.009674561  0.009674561   0.019349121   0.000000000
   sum over m      0.059971390  0.059971390   0.119942780   0.000000000
   sum over m+mul  0.059971390  0.059971390   0.119942780   0.000000000

   57    C          Up spin      Down spin     Sum           Diff
            multiple
  s           0    0.544029566  0.544029566   1.088059132   0.000000000
   sum over m      0.544029566  0.544029566   1.088059132   0.000000000
  s           1    0.014838257  0.014838257   0.029676514   0.000000000
   sum over m      0.014838257  0.014838257   0.029676514   0.000000000
   sum over m+mul  0.558867823  0.558867823   1.117735646   0.000000000
  px          0    0.420487589  0.420487589   0.840975179   0.000000000
  py          0    0.420558630  0.420558630   0.841117259   0.000000000
  pz          0    0.490420128  0.490420128   0.980840255   0.000000000
   sum over m      1.331466347  1.331466347   2.662932693   0.000000000
  px          1    0.029702745  0.029702745   0.059405489   0.000000000
  py          1    0.029760603  0.029760603   0.059521206   0.000000000
  pz          1   -0.009768904 -0.009768904  -0.019537808   0.000000000
   sum over m      0.049694444  0.049694444   0.099388887   0.000000000
   sum over m+mul  1.381160790  1.381160790   2.762321580   0.000000000
  d3z^2-r^2   0    0.002825637  0.002825637   0.005651274   0.000000000
  dx^2-y^2    0    0.018897841  0.018897841   0.037795682   0.000000000
  dxy         0    0.018899338  0.018899338   0.037798677   0.000000000
  dxz         0    0.009674081  0.009674081   0.019348162   0.000000000
  dyz         0    0.009674796  0.009674796   0.019349592   0.000000000
   sum over m      0.059971693  0.059971693   0.119943386   0.000000000
   sum over m+mul  0.059971693  0.059971693   0.119943386   0.000000000

   58    C          Up spin      Down spin     Sum           Diff
            multiple
  s           0    0.544030123  0.544030123   1.088060247   0.000000000
   sum over m      0.544030123  0.544030123   1.088060247   0.000000000
  s           1    0.014838296  0.014838296   0.029676592   0.000000000
   sum over m      0.014838296  0.014838296   0.029676592   0.000000000
   sum over m+mul  0.558868419  0.558868419   1.117736838   0.000000000
  px          0    0.420486999  0.420486999   0.840973997   0.000000000
  py          0    0.420560237  0.420560237   0.841120475   0.000000000
  pz          0    0.490418919  0.490418919   0.980837839   0.000000000
   sum over m      1.331466156  1.331466156   2.662932311   0.000000000
  px          1    0.029702824  0.029702824   0.059405648   0.000000000
  py          1    0.029760607  0.029760607   0.059521214   0.000000000
  pz          1   -0.009769154 -0.009769154  -0.019538307   0.000000000
   sum over m      0.049694278  0.049694278   0.099388555   0.000000000
   sum over m+mul  1.381160433  1.381160433   2.762320867   0.000000000
  d3z^2-r^2   0    0.002825646  0.002825646   0.005651292   0.000000000
  dx^2-y^2    0    0.018897663  0.018897663   0.037795326   0.000000000
  dxy         0    0.018899448  0.018899448   0.037798896   0.000000000
  dxz         0    0.009674036  0.009674036   0.019348073   0.000000000
  dyz         0    0.009675046  0.009675046   0.019350093   0.000000000
   sum over m      0.059971840  0.059971840   0.119943680   0.000000000
   sum over m+mul  0.059971840  0.059971840   0.119943680   0.000000000

   59    C          Up spin      Down spin     Sum           Diff
            multiple
  s           0    0.544028649  0.544028649   1.088057299   0.000000000
   sum over m      0.544028649  0.544028649   1.088057299   0.000000000
  s           1    0.014838319  0.014838319   0.029676639   0.000000000
   sum over m      0.014838319  0.014838319   0.029676639   0.000000000
   sum over m+mul  0.558866969  0.558866969   1.117733938   0.000000000
  px          0    0.420487221  0.420487221   0.840974443   0.000000000
  py          0    0.420558302  0.420558302   0.841116604   0.000000000
  pz          0    0.490422770  0.490422770   0.980845540   0.000000000
   sum over m      1.331468294  1.331468294   2.662936587   0.000000000
  px          1    0.029702693  0.029702693   0.059405387   0.000000000
  py          1    0.029760602  0.029760602   0.059521204   0.000000000
  pz          1   -0.009768982 -0.009768982  -0.019537965   0.000000000
   sum over m      0.049694313  0.049694313   0.099388626   0.000000000
   sum over m+mul  1.381162607  1.381162607   2.762325213   0.000000000
  d3z^2-r^2   0    0.002825648  0.002825648   0.005651296   0.000000000
  dx^2-y^2    0    0.018897865  0.018897865   0.037795729   0.000000000
  dxy         0    0.018899219  0.018899219   0.037798439   0.000000000
  dxz         0    0.009673777  0.009673777   0.019347553   0.000000000
  dyz         0    0.009674747  0.009674747   0.019349495   0.000000000
   sum over m      0.059971256  0.059971256   0.119942512   0.000000000
   sum over m+mul  0.059971256  0.059971256   0.119942512   0.000000000

   60    C          Up spin      Down spin     Sum           Diff
            multiple
  s           0    0.544028279  0.544028279   1.088056557   0.000000000
   sum over m      0.544028279  0.544028279   1.088056557   0.000000000
  s           1    0.014838387  0.014838387   0.029676775   0.000000000
   sum over m      0.014838387  0.014838387   0.029676775   0.000000000
   sum over m+mul  0.558866666  0.558866666   1.117733332   0.000000000
  px          0    0.420485534  0.420485534   0.840971068   0.000000000
  py          0    0.420559798  0.420559798   0.841119595   0.000000000
  pz          0    0.490425808  0.490425808   0.980851615   0.000000000
   sum over m      1.331471139  1.331471139   2.662942279   0.000000000
  px          1    0.029703028  0.029703028   0.059406056   0.000000000
  py          1    0.029760486  0.029760486   0.059520972   0.000000000
  pz          1   -0.009769498 -0.009769498  -0.019538995   0.000000000
   sum over m      0.049694016  0.049694016   0.099388033   0.000000000
   sum over m+mul  1.381165156  1.381165156   2.762330312   0.000000000
  d3z^2-r^2   0    0.002825657  0.002825657   0.005651313   0.000000000
  dx^2-y^2    0    0.018897646  0.018897646   0.037795293   0.000000000
  dxy         0    0.018899371  0.018899371   0.037798743   0.000000000
  dxz         0    0.009673435  0.009673435   0.019346870   0.000000000
  dyz         0    0.009675269  0.009675269   0.019350537   0.000000000
   sum over m      0.059971378  0.059971378   0.119942756   0.000000000
   sum over m+mul  0.059971378  0.059971378   0.119942756   0.000000000

   61    C          Up spin      Down spin     Sum           Diff
            multiple
  s           0    0.544024964  0.544024964   1.088049928   0.000000000
   sum over m      0.544024964  0.544024964   1.088049928   0.000000000
  s           1    0.014838330  0.014838330   0.029676660   0.000000000
   sum over m      0.014838330  0.014838330   0.029676660   0.000000000
   sum over m+mul  0.558863294  0.558863294   1.117726588   0.000000000
  px          0    0.420488765  0.420488765   0.840977530   0.000000000
  py          0    0.420558844  0.420558844   0.841117689   0.000000000
  pz          0    0.490432005  0.490432005   0.980864010   0.000000000
   sum over m      1.331479614  1.331479614   2.662959228   0.000000000
  px          1    0.029702563  0.029702563   0.059405126   0.000000000
  py          1    0.029760722  0.029760722   0.059521444   0.000000000
  pz          1   -0.009770596 -0.009770596  -0.019541192   0.000000000
   sum over m      0.049692689  0.049692689   0.099385378   0.000000000
   sum over m+mul  1.381172303  1.381172303   2.762344606   0.000000000
  d3z^2-r^2   0    0.002825692  0.002825692   0.005651385   0.000000000
  dx^2-y^2    0    0.018898025  0.018898025   0.037796050   0.000000000
  dxy         0    0.018899026  0.018899026   0.037798051   0.000000000
  dxz         0    0.009675067  0.009675067   0.019350133   0.000000000
  dyz         0    0.009675029  0.009675029   0.019350057   0.000000000
   sum over m      0.059972838  0.059972838   0.119945677   0.000000000
   sum over m+mul  0.059972838  0.059972838   0.119945677   0.000000000

   62    C          Up spin      Down spin     Sum           Diff
            multiple
  s           0    0.544025716  0.544025716   1.088051433   0.000000000
   sum over m      0.544025716  0.544025716   1.088051433   0.000000000
  s           1    0.014837338  0.014837338   0.029674676   0.000000000
   sum over m      0.014837338  0.014837338   0.029674676   0.000000000
   sum over m+mul  0.558863054  0.558863054   1.117726109   0.000000000
  px          0    0.420490068  0.420490068   0.840980136   0.000000000
  py          0    0.420562220  0.420562220   0.841124439   0.000000000
  pz          0    0.490428155  0.490428155   0.980856310   0.000000000
   sum over m      1.331480443  1.331480443   2.662960886   0.000000000
  px          1    0.029700220  0.029700220   0.059400441   0.000000000
  py          1    0.029760625  0.029760625   0.059521250   0.000000000
  pz          1   -0.009769261 -0.009769261  -0.019538523   0.000000000
   sum over m      0.049691584  0.049691584   0.099383168   0.000000000
   sum over m+mul  1.381172027  1.381172027   2.762344054   0.000000000
  d3z^2-r^2   0    0.002825707  0.002825707   0.005651414   0.000000000
  dx^2-y^2    0    0.018898320  0.018898320   0.037796640   0.000000000
  dxy         0    0.018899286  0.018899286   0.037798573   0.000000000
  dxz         0    0.009670179  0.009670179   0.019340357   0.000000000
  dyz         0    0.009677199  0.009677199   0.019354399   0.000000000
   sum over m      0.059970691  0.059970691   0.119941383   0.000000000
   sum over m+mul  0.059970691  0.059970691   0.119941383   0.000000000

   63    C          Up spin      Down spin     Sum           Diff
            multiple
  s           0    0.544034608  0.544034608   1.088069216   0.000000000
   sum over m      0.544034608  0.544034608   1.088069216   0.000000000
  s           1    0.014838637  0.014838637   0.029677274   0.000000000
   sum over m      0.014838637  0.014838637   0.029677274   0.000000000
   sum over m+mul  0.558873245  0.558873245   1.117746490   0.000000000
  px          0    0.420498202  0.420498202   0.840996403   0.000000000
  py          0    0.420569639  0.420569639   0.841139279   0.000000000
  pz          0    0.490376773  0.490376773   0.980753545   0.000000000
   sum over m      1.331444614  1.331444614   2.662889227   0.000000000
  px          1    0.029704718  0.029704718   0.059409436   0.000000000
  py          1    0.029750933  0.029750933   0.059501865   0.000000000
  pz          1   -0.009773677 -0.009773677  -0.019547353   0.000000000
   sum over m      0.049681974  0.049681974   0.099363948   0.000000000
   sum over m+mul  1.381126588  1.381126588   2.762253175   0.000000000
  d3z^2-r^2   0    0.002825763  0.002825763   0.005651526   0.000000000
  dx^2-y^2    0    0.018899839  0.018899839   0.037799677   0.000000000
  dxy         0    0.018900138  0.018900138   0.037800275   0.000000000
  dxz         0    0.009677728  0.009677728   0.019355457   0.000000000
  dyz         0    0.009677455  0.009677455   0.019354911   0.000000000
   sum over m      0.059980923  0.059980923   0.119961846   0.000000000
   sum over m+mul  0.059980923  0.059980923   0.119961846   0.000000000

   64    C          Up spin      Down spin     Sum           Diff
            multiple
  s           0    0.544123445  0.544123445   1.088246890   0.000000000
   sum over m      0.544123445  0.544123445   1.088246890   0.000000000
  s           1    0.014832845  0.014832845   0.029665689   0.000000000
   sum over m      0.014832845  0.014832845   0.029665689   0.000000000
   sum over m+mul  0.558956290  0.558956290   1.117912579   0.000000000
  px          0    0.420517022  0.420517022   0.841034045   0.000000000
  py          0    0.420550096  0.420550096   0.841100193   0.000000000
  pz          0    0.490597063  0.490597063   0.981194127   0.000000000
   sum over m      1.331664182  1.331664182   2.663328364   0.000000000
  px          1    0.029670538  0.029670538   0.059341076   0.000000000
  py          1    0.029737584  0.029737584   0.059475169   0.000000000
  pz          1   -0.009753550 -0.009753550  -0.019507101   0.000000000
   sum over m      0.049654572  0.049654572   0.099309144   0.000000000
   sum over m+mul  1.381318754  1.381318754   2.762637509   0.000000000
  d3z^2-r^2   0    0.002825378  0.002825378   0.005650756   0.000000000
  dx^2-y^2    0    0.018881997  0.018881997   0.037763995   0.000000000
  dxy         0    0.018902784  0.018902784   0.037805569   0.000000000
  dxz         0    0.009671712  0.009671712   0.019343425   0.000000000
  dyz         0    0.009678091  0.009678091   0.019356182   0.000000000
   sum over m      0.059959963  0.059959963   0.119919926   0.000000000
   sum over m+mul  0.059959963  0.059959963   0.119919926   0.000000000

   65    C          Up spin      Down spin     Sum           Diff
            multiple
  s           0    0.543056921  0.543056921   1.086113841   0.000000000
   sum over m      0.543056921  0.543056921   1.086113841   0.000000000
  s           1    0.014949729  0.014949729   0.029899458   0.000000000
   sum over m      0.014949729  0.014949729   0.029899458   0.000000000
   sum over m+mul  0.558006650  0.558006650   1.116013299   0.000000000
  px          0    0.419835132  0.419835132   0.839670265   0.000000000
  py          0    0.420561056  0.420561056   0.841122112   0.000000000
  pz          0    0.490435066  0.490435066   0.980870132   0.000000000
   sum over m      1.330831254  1.330831254   2.661662509   0.000000000
  px          1    0.030166275  0.030166275   0.060332551   0.000000000
  py          1    0.029763220  0.029763220   0.059526440   0.000000000
  pz          1   -0.009788292 -0.009788292  -0.019576584   0.000000000
   sum over m      0.050141203  0.050141203   0.100282406   0.000000000
   sum over m+mul  1.380972457  1.380972457   2.761944915   0.000000000
  d3z^2-r^2   0    0.002824013  0.002824013   0.005648026   0.000000000
  dx^2-y^2    0    0.019016066  0.019016066   0.038032133   0.000000000
  dxy         0    0.018915995  0.018915995   0.037831990   0.000000000
  dxz         0    0.009778892  0.009778892   0.019557783   0.000000000
  dyz         0    0.009667919  0.009667919   0.019335838   0.000000000
   sum over m      0.060202885  0.060202885   0.120405770   0.000000000
   sum over m+mul  0.060202885  0.060202885   0.120405770   0.000000000

   66    C          Up spin      Down spin     Sum           Diff
            multiple
  s           0    0.544084933  0.544084933   1.088169865   0.000000000
   sum over m      0.544084933  0.544084933   1.088169865   0.000000000
  s           1    0.014884490  0.014884490   0.029768981   0.000000000
   sum over m      0.014884490  0.014884490   0.029768981   0.000000000
   sum over m+mul  0.558969423  0.558969423   1.117938846   0.000000000
  px          0    0.420531668  0.420531668   0.841063337   0.000000000
  py          0    0.420629508  0.420629508   0.841259016   0.000000000
  pz          0    0.490260178  0.490260178   0.980520357   0.000000000
   sum over m      1.331421355  1.331421355   2.662842710   0.000000000
  px          1    0.029730176  0.029730176   0.059460353   0.000000000
  py          1    0.029826519  0.029826519   0.059653038   0.000000000
  pz          1   -0.009762630 -0.009762630  -0.019525259   0.000000000
   sum over m      0.049794066  0.049794066   0.099588132   0.000000000
   sum over m+mul  1.381215421  1.381215421   2.762430842   0.000000000
  d3z^2-r^2   0    0.002828330  0.002828330   0.005656660   0.000000000
  dx^2-y^2    0    0.018893191  0.018893191   0.037786381   0.000000000
  dxy         0    0.018916063  0.018916063   0.037832126   0.000000000
  dxz         0    0.009672689  0.009672689   0.019345377   0.000000000
  dyz         0    0.009680014  0.009680014   0.019360029   0.000000000
   sum over m      0.059990287  0.059990287   0.119980573   0.000000000
   sum over m+mul  0.059990287  0.059990287   0.119980573   0.000000000

   67    C          Up spin      Down spin     Sum           Diff
            multiple
  s           0    0.543962507  0.543962507   1.087925014   0.000000000
   sum over m      0.543962507  0.543962507   1.087925014   0.000000000
  s           1    0.014840787  0.014840787   0.029681574   0.000000000
   sum over m      0.014840787  0.014840787   0.029681574   0.000000000
   sum over m+mul  0.558803294  0.558803294   1.117606588   0.000000000
  px          0    0.420484331  0.420484331   0.840968662   0.000000000
  py          0    0.420554141  0.420554141   0.841108281   0.000000000
  pz          0    0.490508241  0.490508241   0.981016481   0.000000000
   sum over m      1.331546712  1.331546712   2.663093425   0.000000000
  px          1    0.029704042  0.029704042   0.059408083   0.000000000
  py          1    0.029763993  0.029763993   0.059527987   0.000000000
  pz          1   -0.009759361 -0.009759361  -0.019518723   0.000000000
   sum over m      0.049708674  0.049708674   0.099417348   0.000000000
   sum over m+mul  1.381255386  1.381255386   2.762510772   0.000000000
  d3z^2-r^2   0    0.002825584  0.002825584   0.005651167   0.000000000
  dx^2-y^2    0    0.018892855  0.018892855   0.037785710   0.000000000
  dxy         0    0.018899595  0.018899595   0.037799190   0.000000000
  dxz         0    0.009664403  0.009664403   0.019328807   0.000000000
  dyz         0    0.009671771  0.009671771   0.019343542   0.000000000
   sum over m      0.059954208  0.059954208   0.119908415   0.000000000
   sum over m+mul  0.059954208  0.059954208   0.119908415   0.000000000

   68    C          Up spin      Down spin     Sum           Diff
            multiple
  s           0    0.544034995  0.544034995   1.088069991   0.000000000
   sum over m      0.544034995  0.544034995   1.088069991   0.000000000
  s           1    0.014840088  0.014840088   0.029680177   0.000000000
   sum over m      0.014840088  0.014840088   0.029680177   0.000000000
   sum over m+mul  0.558875084  0.558875084   1.117750167   0.000000000
  px          0    0.420490862  0.420490862   0.840981724   0.000000000
  py          0    0.420583914  0.420583914   0.841167829   0.000000000
  pz          0    0.490403506  0.490403506   0.980807011   0.000000000
   sum over m      1.331478282  1.331478282   2.662956563   0.000000000
  px          1    0.029702906  0.029702906   0.059405812   0.000000000
  py          1    0.029760856  0.029760856   0.059521711   0.000000000
  pz          1   -0.009768240 -0.009768240  -0.019536480   0.000000000
   sum over m      0.049695521  0.049695521   0.099391043   0.000000000
   sum over m+mul  1.381173803  1.381173803   2.762347606   0.000000000
  d3z^2-r^2   0    0.002825697  0.002825697   0.005651394   0.000000000
  dx^2-y^2    0    0.018899456  0.018899456   0.037798912   0.000000000
  dxy         0    0.018897650  0.018897650   0.037795300   0.000000000
  dxz         0    0.009673222  0.009673222   0.019346444   0.000000000
  dyz         0    0.009678528  0.009678528   0.019357057   0.000000000
   sum over m      0.059974553  0.059974553   0.119949107   0.000000000
   sum over m+mul  0.059974553  0.059974553   0.119949107   0.000000000

   69    C          Up spin      Down spin     Sum           Diff
            multiple
  s           0    0.544026132  0.544026132   1.088052264   0.000000000
   sum over m      0.544026132  0.544026132   1.088052264   0.000000000
  s           1    0.014838584  0.014838584   0.029677168   0.000000000
   sum over m      0.014838584  0.014838584   0.029677168   0.000000000
   sum over m+mul  0.558864716  0.558864716   1.117729433   0.000000000
  px          0    0.420485606  0.420485606   0.840971212   0.000000000
  py          0    0.420554436  0.420554436   0.841108872   0.000000000
  pz          0    0.490434793  0.490434793   0.980869585   0.000000000
   sum over m      1.331474835  1.331474835   2.662949669   0.000000000
  px          1    0.029702013  0.029702013   0.059404025   0.000000000
  py          1    0.029760009  0.029760009   0.059520018   0.000000000
  pz          1   -0.009767755 -0.009767755  -0.019535509   0.000000000
   sum over m      0.049694267  0.049694267   0.099388534   0.000000000
   sum over m+mul  1.381169101  1.381169101   2.762338203   0.000000000
  d3z^2-r^2   0    0.002825627  0.002825627   0.005651254   0.000000000
  dx^2-y^2    0    0.018897654  0.018897654   0.037795309   0.000000000
  dxy         0    0.018899077  0.018899077   0.037798154   0.000000000
  dxz         0    0.009673938  0.009673938   0.019347876   0.000000000
  dyz         0    0.009673676  0.009673676   0.019347353   0.000000000
   sum over m      0.059969972  0.059969972   0.119939944   0.000000000
   sum over m+mul  0.059969972  0.059969972   0.119939944   0.000000000

   70    C          Up spin      Down spin     Sum           Diff
            multiple
  s           0    0.544031931  0.544031931   1.088063862   0.000000000
   sum over m      0.544031931  0.544031931   1.088063862   0.000000000
  s           1    0.014838323  0.014838323   0.029676646   0.000000000
   sum over m      0.014838323  0.014838323   0.029676646   0.000000000
   sum over m+mul  0.558870254  0.558870254   1.117740509   0.000000000
  px          0    0.420487346  0.420487346   0.840974692   0.000000000
  py          0    0.420561828  0.420561828   0.841123656   0.000000000
  pz          0    0.490411907  0.490411907   0.980823814   0.000000000
   sum over m      1.331461081  1.331461081   2.662922162   0.000000000
  px          1    0.029702784  0.029702784   0.059405569   0.000000000
  py          1    0.029760389  0.029760389   0.059520779   0.000000000
  pz          1   -0.009768749 -0.009768749  -0.019537497   0.000000000
   sum over m      0.049694425  0.049694425   0.099388850   0.000000000
   sum over m+mul  1.381155506  1.381155506   2.762311012   0.000000000
  d3z^2-r^2   0    0.002825631  0.002825631   0.005651262   0.000000000
  dx^2-y^2    0    0.018897646  0.018897646   0.037795291   0.000000000
  dxy         0    0.018899419  0.018899419   0.037798837   0.000000000
  dxz         0    0.009673686  0.009673686   0.019347372   0.000000000
  dyz         0    0.009675840  0.009675840   0.019351680   0.000000000
   sum over m      0.059972221  0.059972221   0.119944442   0.000000000
   sum over m+mul  0.059972221  0.059972221   0.119944442   0.000000000

   71    C          Up spin      Down spin     Sum           Diff
            multiple
  s           0    0.544025935  0.544025935   1.088051869   0.000000000
   sum over m      0.544025935  0.544025935   1.088051869   0.000000000
  s           1    0.014838308  0.014838308   0.029676616   0.000000000
   sum over m      0.014838308  0.014838308   0.029676616   0.000000000
   sum over m+mul  0.558864242  0.558864242   1.117728485   0.000000000
  px          0    0.420485822  0.420485822   0.840971643   0.000000000
  py          0    0.420555929  0.420555929   0.841111858   0.000000000
  pz          0    0.490433184  0.490433184   0.980866367   0.000000000
   sum over m      1.331474934  1.331474934   2.662949869   0.000000000
  px          1    0.029702204  0.029702204   0.059404409   0.000000000
  py          1    0.029760322  0.029760322   0.059520644   0.000000000
  pz          1   -0.009768558 -0.009768558  -0.019537115   0.000000000
   sum over m      0.049693969  0.049693969   0.099387938   0.000000000
   sum over m+mul  1.381168903  1.381168903   2.762337806   0.000000000
  d3z^2-r^2   0    0.002825647  0.002825647   0.005651295   0.000000000
  dx^2-y^2    0    0.018897881  0.018897881   0.037795763   0.000000000
  dxy         0    0.018899082  0.018899082   0.037798163   0.000000000
  dxz         0    0.009673423  0.009673423   0.019346846   0.000000000
  dyz         0    0.009674129  0.009674129   0.019348258   0.000000000
   sum over m      0.059970162  0.059970162   0.119940324   0.000000000
   sum over m+mul  0.059970162  0.059970162   0.119940324   0.000000000

   72    C          Up spin      Down spin     Sum           Diff
            multiple
  s           0    0.544030025  0.544030025   1.088060050   0.000000000
   sum over m      0.544030025  0.544030025   1.088060050   0.000000000
  s           1    0.014838362  0.014838362   0.029676725   0.000000000
   sum over m      0.014838362  0.014838362   0.029676725   0.000000000
   sum over m+mul  0.558868387  0.558868387   1.117736775   0.000000000
  px          0    0.420486416  0.420486416   0.840972832   0.000000000
  py          0    0.420561131  0.420561131   0.841122261   0.000000000
  pz          0    0.490418902  0.490418902   0.980837804   0.000000000
   sum over m      1.331466449  1.331466449   2.662932897   0.000000000
  px          1    0.029702602  0.029702602   0.059405204   0.000000000
  py          1    0.029760564  0.029760564   0.059521128   0.000000000
  pz          1   -0.009768924 -0.009768924  -0.019537848   0.000000000
   sum over m      0.049694242  0.049694242   0.099388484   0.000000000
   sum over m+mul  1.381160690  1.381160690   2.762321381   0.000000000
  d3z^2-r^2   0    0.002825645  0.002825645   0.005651290   0.000000000
  dx^2-y^2    0    0.018897610  0.018897610   0.037795220   0.000000000
  dxy         0    0.018899342  0.018899342   0.037798683   0.000000000
  dxz         0    0.009673694  0.009673694   0.019347387   0.000000000
  dyz         0    0.009675874  0.009675874   0.019351748   0.000000000
   sum over m      0.059972165  0.059972165   0.119944329   0.000000000
   sum over m+mul  0.059972165  0.059972165   0.119944329   0.000000000

   73    C          Up spin      Down spin     Sum           Diff
            multiple
  s           0    0.544027721  0.544027721   1.088055442   0.000000000
   sum over m      0.544027721  0.544027721   1.088055442   0.000000000
  s           1    0.014838295  0.014838295   0.029676590   0.000000000
   sum over m      0.014838295  0.014838295   0.029676590   0.000000000
   sum over m+mul  0.558866016  0.558866016   1.117732032   0.000000000
  px          0    0.420487578  0.420487578   0.840975155   0.000000000
  py          0    0.420557173  0.420557173   0.841114347   0.000000000
  pz          0    0.490425878  0.490425878   0.980851755   0.000000000
   sum over m      1.331470629  1.331470629   2.662941257   0.000000000
  px          1    0.029702572  0.029702572   0.059405143   0.000000000
  py          1    0.029760345  0.029760345   0.059520691   0.000000000
  pz          1   -0.009768878 -0.009768878  -0.019537756   0.000000000
   sum over m      0.049694039  0.049694039   0.099388078   0.000000000
   sum over m+mul  1.381164668  1.381164668   2.762329335   0.000000000
  d3z^2-r^2   0    0.002825651  0.002825651   0.005651302   0.000000000
  dx^2-y^2    0    0.018897920  0.018897920   0.037795839   0.000000000
  dxy         0    0.018899082  0.018899082   0.037798164   0.000000000
  dxz         0    0.009674316  0.009674316   0.019348633   0.000000000
  dyz         0    0.009674576  0.009674576   0.019349152   0.000000000
   sum over m      0.059971546  0.059971546   0.119943091   0.000000000
   sum over m+mul  0.059971546  0.059971546   0.119943091   0.000000000

   74    C          Up spin      Down spin     Sum           Diff
            multiple
  s           0    0.544029176  0.544029176   1.088058352   0.000000000
   sum over m      0.544029176  0.544029176   1.088058352   0.000000000
  s           1    0.014838236  0.014838236   0.029676472   0.000000000
   sum over m      0.014838236  0.014838236   0.029676472   0.000000000
   sum over m+mul  0.558867412  0.558867412   1.117734824   0.000000000
  px          0    0.420484675  0.420484675   0.840969350   0.000000000
  py          0    0.420560814  0.420560814   0.841121627   0.000000000
  pz          0    0.490420620  0.490420620   0.980841239   0.000000000
   sum over m      1.331466108  1.331466108   2.662932217   0.000000000
  px          1    0.029702705  0.029702705   0.059405410   0.000000000
  py          1    0.029760736  0.029760736   0.059521472   0.000000000
  pz          1   -0.009768895 -0.009768895  -0.019537789   0.000000000
   sum over m      0.049694546  0.049694546   0.099389093   0.000000000
   sum over m+mul  1.381160655  1.381160655   2.762321309   0.000000000
  d3z^2-r^2   0    0.002825648  0.002825648   0.005651296   0.000000000
  dx^2-y^2    0    0.018897617  0.018897617   0.037795233   0.000000000
  dxy         0    0.018899573  0.018899573   0.037799146   0.000000000
  dxz         0    0.009672843  0.009672843   0.019345685   0.000000000
  dyz         0    0.009675634  0.009675634   0.019351269   0.000000000
   sum over m      0.059971315  0.059971315   0.119942629   0.000000000
   sum over m+mul  0.059971315  0.059971315   0.119942629   0.000000000

   75    C          Up spin      Down spin     Sum           Diff
            multiple
  s           0    0.544031194  0.544031194   1.088062387   0.000000000
   sum over m      0.544031194  0.544031194   1.088062387   0.000000000
  s           1    0.014838243  0.014838243   0.029676487   0.000000000
   sum over m      0.014838243  0.014838243   0.029676487   0.000000000
   sum over m+mul  0.558869437  0.558869437   1.117738874   0.000000000
  px          0    0.420488804  0.420488804   0.840977608   0.000000000
  py          0    0.420559542  0.420559542   0.841119083   0.000000000
  pz          0    0.490413577  0.490413577   0.980827154   0.000000000
   sum over m      1.331461923  1.331461923   2.662923845   0.000000000
  px          1    0.029702943  0.029702943   0.059405887   0.000000000
  py          1    0.029760694  0.029760694   0.059521388   0.000000000
  pz          1   -0.009769080 -0.009769080  -0.019538160   0.000000000
   sum over m      0.049694557  0.049694557   0.099389114   0.000000000
   sum over m+mul  1.381156480  1.381156480   2.762312960   0.000000000
  d3z^2-r^2   0    0.002825646  0.002825646   0.005651291   0.000000000
  dx^2-y^2    0    0.018897857  0.018897857   0.037795714   0.000000000
  dxy         0    0.018899327  0.018899327   0.037798655   0.000000000
  dxz         0    0.009674701  0.009674701   0.019349403   0.000000000
  dyz         0    0.009674775  0.009674775   0.019349550   0.000000000
   sum over m      0.059972307  0.059972307   0.119944613   0.000000000
   sum over m+mul  0.059972307  0.059972307   0.119944613   0.000000000

   76    C          Up spin      Down spin     Sum           Diff
            multiple
  s           0    0.544028103  0.544028103   1.088056206   0.000000000
   sum over m      0.544028103  0.544028103   1.088056206   0.000000000
  s           1    0.014838148  0.014838148   0.029676295   0.000000000
   sum over m      0.014838148  0.014838148   0.029676295   0.000000000
   sum over m+mul  0.558866250  0.558866250   1.117732501   0.000000000
  px          0    0.420484252  0.420484252   0.840968505   0.000000000
  py          0    0.420560008  0.420560008   0.841120017   0.000000000
  pz          0    0.490422414  0.490422414   0.980844828   0.000000000
   sum over m      1.331466675  1.331466675   2.662933349   0.000000000
  px          1    0.029702532  0.029702532   0.059405063   0.000000000
  py          1    0.029760520  0.029760520   0.059521039   0.000000000
  pz          1   -0.009768469 -0.009768469  -0.019536938   0.000000000
   sum over m      0.049694582  0.049694582   0.099389165   0.000000000
   sum over m+mul  1.381161257  1.381161257   2.762322514   0.000000000
  d3z^2-r^2   0    0.002825644  0.002825644   0.005651287   0.000000000
  dx^2-y^2    0    0.018897595  0.018897595   0.037795190   0.000000000
  dxy         0    0.018899669  0.018899669   0.037799338   0.000000000
  dxz         0    0.009673116  0.009673116   0.019346233   0.000000000
  dyz         0    0.009675180  0.009675180   0.019350359   0.000000000
   sum over m      0.059971204  0.059971204   0.119942408   0.000000000
   sum over m+mul  0.059971204  0.059971204   0.119942408   0.000000000

   77    C          Up spin      Down spin     Sum           Diff
            multiple
  s           0    0.544037207  0.544037207   1.088074414   0.000000000
   sum over m      0.544037207  0.544037207   1.088074414   0.000000000
  s           1    0.014838149  0.014838149   0.029676298   0.000000000
   sum over m      0.014838149  0.014838149   0.029676298   0.000000000
   sum over m+mul  0.558875356  0.558875356   1.117750713   0.000000000
  px          0    0.420490754  0.420490754   0.840981509   0.000000000
  py          0    0.420559981  0.420559981   0.841119963   0.000000000
  pz          0    0.490393528  0.490393528   0.980787055   0.000000000
   sum over m      1.331444264  1.331444264   2.662888527   0.000000000
  px          1    0.029704070  0.029704070   0.059408139   0.000000000
  py          1    0.029760899  0.029760899   0.059521798   0.000000000
  pz          1   -0.009768355 -0.009768355  -0.019536710   0.000000000
   sum over m      0.049696613  0.049696613   0.099393227   0.000000000
   sum over m+mul  1.381140877  1.381140877   2.762281754   0.000000000
  d3z^2-r^2   0    0.002825659  0.002825659   0.005651319   0.000000000
  dx^2-y^2    0    0.018898025  0.018898025   0.037796050   0.000000000
  dxy         0    0.018899306  0.018899306   0.037798612   0.000000000
  dxz         0    0.009674071  0.009674071   0.019348143   0.000000000
  dyz         0    0.009674727  0.009674727   0.019349454   0.000000000
   sum over m      0.059971789  0.059971789   0.119943577   0.000000000
   sum over m+mul  0.059971789  0.059971789   0.119943577   0.000000000

   78    C          Up spin      Down spin     Sum           Diff
            multiple
  s           0    0.544025619  0.544025619   1.088051238   0.000000000
   sum over m      0.544025619  0.544025619   1.088051238   0.000000000
  s           1    0.014838193  0.014838193   0.029676387   0.000000000
   sum over m      0.014838193  0.014838193   0.029676387   0.000000000
   sum over m+mul  0.558863812  0.558863812   1.117727625   0.000000000
  px          0    0.420471871  0.420471871   0.840943743   0.000000000
  py          0    0.420556014  0.420556014   0.841112028   0.000000000
  pz          0    0.490441515  0.490441515   0.980883030   0.000000000
   sum over m      1.331469400  1.331469400   2.662938801   0.000000000
  px          1    0.029702929  0.029702929   0.059405859   0.000000000
  py          1    0.029761150  0.029761150   0.059522301   0.000000000
  pz          1   -0.009767952 -0.009767952  -0.019535904   0.000000000
   sum over m      0.049696128  0.049696128   0.099392255   0.000000000
   sum over m+mul  1.381165528  1.381165528   2.762331056   0.000000000
  d3z^2-r^2   0    0.002825657  0.002825657   0.005651315   0.000000000
  dx^2-y^2    0    0.018895236  0.018895236   0.037790473   0.000000000
  dxy         0    0.018900095  0.018900095   0.037800189   0.000000000
  dxz         0    0.009673685  0.009673685   0.019347370   0.000000000
  dyz         0    0.009673271  0.009673271   0.019346542   0.000000000
   sum over m      0.059967944  0.059967944   0.119935889   0.000000000
   sum over m+mul  0.059967944  0.059967944   0.119935889   0.000000000

   79    C          Up spin      Down spin     Sum           Diff
            multiple
  s           0    0.544040230  0.544040230   1.088080460   0.000000000
   sum over m      0.544040230  0.544040230   1.088080460   0.000000000
  s           1    0.014836944  0.014836944   0.029673888   0.000000000
   sum over m      0.014836944  0.014836944   0.029673888   0.000000000
   sum over m+mul  0.558877174  0.558877174   1.117754347   0.000000000
  px          0    0.420475890  0.420475890   0.840951780   0.000000000
  py          0    0.420564193  0.420564193   0.841128385   0.000000000
  pz          0    0.490434038  0.490434038   0.980868076   0.000000000
   sum over m      1.331474120  1.331474120   2.662948241   0.000000000
  px          1    0.029695679  0.029695679   0.059391358   0.000000000
  py          1    0.029764864  0.029764864   0.059529727   0.000000000
  pz          1   -0.009770457 -0.009770457  -0.019540915   0.000000000
   sum over m      0.049690085  0.049690085   0.099380170   0.000000000
   sum over m+mul  1.381164206  1.381164206   2.762328411   0.000000000
  d3z^2-r^2   0    0.002825713  0.002825713   0.005651425   0.000000000
  dx^2-y^2    0    0.018889209  0.018889209   0.037778419   0.000000000
  dxy         0    0.018899704  0.018899704   0.037799408   0.000000000
  dxz         0    0.009679108  0.009679108   0.019358216   0.000000000
  dyz         0    0.009678945  0.009678945   0.019357890   0.000000000
   sum over m      0.059972679  0.059972679   0.119945359   0.000000000
   sum over m+mul  0.059972679  0.059972679   0.119945359   0.000000000

   80    C          Up spin      Down spin     Sum           Diff
            multiple
  s           0    0.544029462  0.544029462   1.088058923   0.000000000
   sum over m      0.544029462  0.544029462   1.088058923   0.000000000
  s           1    0.014838816  0.014838816   0.029677633   0.000000000
   sum over m      0.014838816  0.014838816   0.029677633   0.000000000
   sum over m+mul  0.558868278  0.558868278   1.117736556   0.000000000
  px          0    0.420502560  0.420502560   0.841005120   0.000000000
  py          0    0.420549782  0.420549782   0.841099564   0.000000000
  pz          0    0.490421625  0.490421625   0.980843250   0.000000000
   sum over m      1.331473967  1.331473967   2.662947934   0.000000000
  px          1    0.029704213  0.029704213   0.059408426   0.000000000
  py          1    0.029761002  0.029761002   0.059522004   0.000000000
  pz          1   -0.009770907 -0.009770907  -0.019541815   0.000000000
   sum over m      0.049694308  0.049694308   0.099388615   0.000000000
   sum over m+mul  1.381168275  1.381168275   2.762336549   0.000000000
  d3z^2-r^2   0    0.002825629  0.002825629   0.005651259   0.000000000
  dx^2-y^2    0    0.018900038  0.018900038   0.037800076   0.000000000
  dxy         0    0.018897655  0.018897655   0.037795310   0.000000000
  dxz         0    0.009676038  0.009676038   0.019352076   0.000000000
  dyz         0    0.009674757  0.009674757   0.019349513   0.000000000
   sum over m      0.059974117  0.059974117   0.119948234   0.000000000
   sum over m+mul  0.059974117  0.059974117   0.119948234   0.000000000

   81    C          Up spin      Down spin     Sum           Diff
            multiple
  s           0    0.544015992  0.544015992   1.088031983   0.000000000
   sum over m      0.544015992  0.544015992   1.088031983   0.000000000
  s           1    0.014841706  0.014841706   0.029683411   0.000000000
   sum over m      0.014841706  0.014841706   0.029683411   0.000000000
   sum over m+mul  0.558857697  0.558857697   1.117715394   0.000000000
  px          0    0.420517468  0.420517468   0.841034937   0.000000000
  py          0    0.420565414  0.420565414   0.841130829   0.000000000
  pz          0    0.490402189  0.490402189   0.980804378   0.000000000
   sum over m      1.331485072  1.331485072   2.662970143   0.000000000
  px          1    0.029716959  0.029716959   0.059433919   0.000000000
  py          1    0.029763438  0.029763438   0.059526876   0.000000000
  pz          1   -0.009771177 -0.009771177  -0.019542354   0.000000000
   sum over m      0.049709221  0.049709221   0.099418441   0.000000000
   sum over m+mul  1.381194292  1.381194292   2.762388584   0.000000000
  d3z^2-r^2   0    0.002825356  0.002825356   0.005650711   0.000000000
  dx^2-y^2    0    0.018902701  0.018902701   0.037805401   0.000000000
  dxy         0    0.018900602  0.018900602   0.037801204   0.000000000
  dxz         0    0.009670190  0.009670190   0.019340381   0.000000000
  dyz         0    0.009673593  0.009673593   0.019347187   0.000000000
   sum over m      0.059972442  0.059972442   0.119944884   0.000000000
   sum over m+mul  0.059972442  0.059972442   0.119944884   0.000000000

   82    C          Up spin      Down spin     Sum           Diff
            multiple
  s           0    0.544031447  0.544031447   1.088062895   0.000000000
   sum over m      0.544031447  0.544031447   1.088062895   0.000000000
  s           1    0.014839271  0.014839271   0.029678541   0.000000000
   sum over m      0.014839271  0.014839271   0.029678541   0.000000000
   sum over m+mul  0.558870718  0.558870718   1.117741436   0.000000000
  px          0    0.420481451  0.420481451   0.840962901   0.000000000
  py          0    0.420579825  0.420579825   0.841159649   0.000000000
  pz          0    0.490399861  0.490399861   0.980799722   0.000000000
   sum over m      1.331461136  1.331461136   2.662922272   0.000000000
  px          1    0.029702868  0.029702868   0.059405737   0.000000000
  py          1    0.029766098  0.029766098   0.059532196   0.000000000
  pz          1   -0.009769539 -0.009769539  -0.019539078   0.000000000
   sum over m      0.049699428  0.049699428   0.099398855   0.000000000
   sum over m+mul  1.381160564  1.381160564   2.762321127   0.000000000
  d3z^2-r^2   0    0.002825707  0.002825707   0.005651413   0.000000000
  dx^2-y^2    0    0.018896703  0.018896703   0.037793406   0.000000000
  dxy         0    0.018902746  0.018902746   0.037805492   0.000000000
  dxz         0    0.009673282  0.009673282   0.019346565   0.000000000
  dyz         0    0.009674018  0.009674018   0.019348035   0.000000000
   sum over m      0.059972455  0.059972455   0.119944911   0.000000000
   sum over m+mul  0.059972455  0.059972455   0.119944911   0.000000000

   83    C          Up spin      Down spin     Sum           Diff
            multiple
  s           0    0.544026130  0.544026130   1.088052259   0.000000000
   sum over m      0.544026130  0.544026130   1.088052259   0.000000000
  s           1    0.014838594  0.014838594   0.029677188   0.000000000
   sum over m      0.014838594  0.014838594   0.029677188   0.000000000
   sum over m+mul  0.558864724  0.558864724   1.117729447   0.000000000
  px          0    0.420485608  0.420485608   0.840971216   0.000000000
  py          0    0.420554438  0.420554438   0.841108876   0.000000000
  pz          0    0.490434763  0.490434763   0.980869527   0.000000000
   sum over m      1.331474809  1.331474809   2.662949619   0.000000000
  px          1    0.029702020  0.029702020   0.059404039   0.000000000
  py          1    0.029760020  0.029760020   0.059520041   0.000000000
  pz          1   -0.009767756 -0.009767756  -0.019535512   0.000000000
   sum over m      0.049694284  0.049694284   0.099388569   0.000000000
   sum over m+mul  1.381169094  1.381169094   2.762338188   0.000000000
  d3z^2-r^2   0    0.002825628  0.002825628   0.005651256   0.000000000
  dx^2-y^2    0    0.018897654  0.018897654   0.037795309   0.000000000
  dxy         0    0.018899077  0.018899077   0.037798153   0.000000000
  dxz         0    0.009673938  0.009673938   0.019347876   0.000000000
  dyz         0    0.009673676  0.009673676   0.019347353   0.000000000
   sum over m      0.059969973  0.059969973   0.119939947   0.000000000
   sum over m+mul  0.059969973  0.059969973   0.119939947   0.000000000

   84    C          Up spin      Down spin     Sum           Diff
            multiple
  s           0    0.544031935  0.544031935   1.088063869   0.000000000
   sum over m      0.544031935  0.544031935   1.088063869   0.000000000
  s           1    0.014838323  0.014838323   0.029676645   0.000000000
   sum over m      0.014838323  0.014838323   0.029676645   0.000000000
   sum over m+mul  0.558870257  0.558870257   1.117740515   0.000000000
  px          0    0.420487348  0.420487348   0.840974695   0.000000000
  py          0    0.420561828  0.420561828   0.841123656   0.000000000
  pz          0    0.490411915  0.490411915   0.980823831   0.000000000
   sum over m      1.331461091  1.331461091   2.662922182   0.000000000
  px          1    0.029702781  0.029702781   0.059405563   0.000000000
  py          1    0.029760384  0.029760384   0.059520769   0.000000000
  pz          1   -0.009768748 -0.009768748  -0.019537495   0.000000000
   sum over m      0.049694418  0.049694418   0.099388836   0.000000000
   sum over m+mul  1.381155509  1.381155509   2.762311018   0.000000000
  d3z^2-r^2   0    0.002825631  0.002825631   0.005651261   0.000000000
  dx^2-y^2    0    0.018897645  0.018897645   0.037795289   0.000000000
  dxy         0    0.018899419  0.018899419   0.037798838   0.000000000
  dxz         0    0.009673686  0.009673686   0.019347372   0.000000000
  dyz         0    0.009675838  0.009675838   0.019351677   0.000000000
   sum over m      0.059972219  0.059972219   0.119944437   0.000000000
   sum over m+mul  0.059972219  0.059972219   0.119944437   0.000000000

   85    C          Up spin      Down spin     Sum           Diff
            multiple
  s           0    0.544029571  0.544029571   1.088059142   0.000000000
   sum over m      0.544029571  0.544029571   1.088059142   0.000000000
  s           1    0.014838258  0.014838258   0.029676515   0.000000000
   sum over m      0.014838258  0.014838258   0.029676515   0.000000000
   sum over m+mul  0.558867829  0.558867829   1.117735657   0.000000000
  px          0    0.420487589  0.420487589   0.840975179   0.000000000
  py          0    0.420558631  0.420558631   0.841117263   0.000000000
  pz          0    0.490420123  0.490420123   0.980840247   0.000000000
   sum over m      1.331466344  1.331466344   2.662932689   0.000000000
  px          1    0.029702743  0.029702743   0.059405486   0.000000000
  py          1    0.029760599  0.029760599   0.059521198   0.000000000
  pz          1   -0.009768905 -0.009768905  -0.019537809   0.000000000
   sum over m      0.049694438  0.049694438   0.099388875   0.000000000
   sum over m+mul  1.381160782  1.381160782   2.762321564   0.000000000
  d3z^2-r^2   0    0.002825637  0.002825637   0.005651274   0.000000000
  dx^2-y^2    0    0.018897841  0.018897841   0.037795681   0.000000000
  dxy         0    0.018899338  0.018899338   0.037798677   0.000000000
  dxz         0    0.009674081  0.009674081   0.019348162   0.000000000
  dyz         0    0.009674796  0.009674796   0.019349591   0.000000000
   sum over m      0.059971693  0.059971693   0.119943386   0.000000000
   sum over m+mul  0.059971693  0.059971693   0.119943386   0.000000000

   86    C          Up spin      Down spin     Sum           Diff
            multiple
  s           0    0.544030129  0.544030129   1.088060258   0.000000000
   sum over m      0.544030129  0.544030129   1.088060258   0.000000000
  s           1    0.014838296  0.014838296   0.029676592   0.000000000
   sum over m      0.014838296  0.014838296   0.029676592   0.000000000
   sum over m+mul  0.558868425  0.558868425   1.117736850   0.000000000
  px          0    0.420486998  0.420486998   0.840973997   0.000000000
  py          0    0.420560235  0.420560235   0.841120471   0.000000000
  pz          0    0.490418917  0.490418917   0.980837833   0.000000000
   sum over m      1.331466151  1.331466151   2.662932301   0.000000000
  px          1    0.029702826  0.029702826   0.059405651   0.000000000
  py          1    0.029760609  0.029760609   0.059521219   0.000000000
  pz          1   -0.009769154 -0.009769154  -0.019538308   0.000000000
   sum over m      0.049694281  0.049694281   0.099388562   0.000000000
   sum over m+mul  1.381160431  1.381160431   2.762320863   0.000000000
  d3z^2-r^2   0    0.002825646  0.002825646   0.005651293   0.000000000
  dx^2-y^2    0    0.018897662  0.018897662   0.037795323   0.000000000
  dxy         0    0.018899449  0.018899449   0.037798899   0.000000000
  dxz         0    0.009674037  0.009674037   0.019348074   0.000000000
  dyz         0    0.009675046  0.009675046   0.019350092   0.000000000
   sum over m      0.059971840  0.059971840   0.119943680   0.000000000
   sum over m+mul  0.059971840  0.059971840   0.119943680   0.000000000

   87    C          Up spin      Down spin     Sum           Diff
            multiple
  s           0    0.544027722  0.544027722   1.088055444   0.000000000
   sum over m      0.544027722  0.544027722   1.088055444   0.000000000
  s           1    0.014838295  0.014838295   0.029676590   0.000000000
   sum over m      0.014838295  0.014838295   0.029676590   0.000000000
   sum over m+mul  0.558866017  0.558866017   1.117732034   0.000000000
  px          0    0.420487577  0.420487577   0.840975154   0.000000000
  py          0    0.420557174  0.420557174   0.841114348   0.000000000
  pz          0    0.490425883  0.490425883   0.980851766   0.000000000
   sum over m      1.331470634  1.331470634   2.662941268   0.000000000
  px          1    0.029702576  0.029702576   0.059405151   0.000000000
  py          1    0.029760345  0.029760345   0.059520691   0.000000000
  pz          1   -0.009768878 -0.009768878  -0.019537756   0.000000000
   sum over m      0.049694043  0.049694043   0.099388086   0.000000000
   sum over m+mul  1.381164677  1.381164677   2.762329354   0.000000000
  d3z^2-r^2   0    0.002825651  0.002825651   0.005651302   0.000000000
  dx^2-y^2    0    0.018897920  0.018897920   0.037795839   0.000000000
  dxy         0    0.018899082  0.018899082   0.037798164   0.000000000
  dxz         0    0.009674317  0.009674317   0.019348633   0.000000000
  dyz         0    0.009674576  0.009674576   0.019349152   0.000000000
   sum over m      0.059971545  0.059971545   0.119943091   0.000000000
   sum over m+mul  0.059971545  0.059971545   0.119943091   0.000000000

   88    C          Up spin      Down spin     Sum           Diff
            multiple
  s           0    0.544029178  0.544029178   1.088058357   0.000000000
   sum over m      0.544029178  0.544029178   1.088058357   0.000000000
  s           1    0.014838237  0.014838237   0.029676474   0.000000000
   sum over m      0.014838237  0.014838237   0.029676474   0.000000000
   sum over m+mul  0.558867415  0.558867415   1.117734831   0.000000000
  px          0    0.420484673  0.420484673   0.840969347   0.000000000
  py          0    0.420560812  0.420560812   0.841121623   0.000000000
  pz          0    0.490420622  0.490420622   0.980841245   0.000000000
   sum over m      1.331466108  1.331466108   2.662932215   0.000000000
  px          1    0.029702707  0.029702707   0.059405414   0.000000000
  py          1    0.029760737  0.029760737   0.059521474   0.000000000
  pz          1   -0.009768895 -0.009768895  -0.019537790   0.000000000
   sum over m      0.049694549  0.049694549   0.099389097   0.000000000
   sum over m+mul  1.381160656  1.381160656   2.762321312   0.000000000
  d3z^2-r^2   0    0.002825648  0.002825648   0.005651296   0.000000000
  dx^2-y^2    0    0.018897617  0.018897617   0.037795234   0.000000000
  dxy         0    0.018899573  0.018899573   0.037799147   0.000000000
  dxz         0    0.009672843  0.009672843   0.019345685   0.000000000
  dyz         0    0.009675635  0.009675635   0.019351269   0.000000000
   sum over m      0.059971315  0.059971315   0.119942630   0.000000000
   sum over m+mul  0.059971315  0.059971315   0.119942630   0.000000000

   89    C          Up spin      Down spin     Sum           Diff
            multiple
  s           0    0.544032910  0.544032910   1.088065821   0.000000000
   sum over m      0.544032910  0.544032910   1.088065821   0.000000000
  s           1    0.014838246  0.014838246   0.029676492   0.000000000
   sum over m      0.014838246  0.014838246   0.029676492   0.000000000
   sum over m+mul  0.558871156  0.558871156   1.117742313   0.000000000
  px          0    0.420488581  0.420488581   0.840977163   0.000000000
  py          0    0.420560396  0.420560396   0.841120793   0.000000000
  pz          0    0.490408466  0.490408466   0.980816932   0.000000000
   sum over m      1.331457444  1.331457444   2.662914888   0.000000000
  px          1    0.029703175  0.029703175   0.059406349   0.000000000
  py          1    0.029761027  0.029761027   0.059522055   0.000000000
  pz          1   -0.009768961 -0.009768961  -0.019537923   0.000000000
   sum over m      0.049695241  0.049695241   0.099390481   0.000000000
   sum over m+mul  1.381152684  1.381152684   2.762305369   0.000000000
  d3z^2-r^2   0    0.002825638  0.002825638   0.005651277   0.000000000
  dx^2-y^2    0    0.018897874  0.018897874   0.037795747   0.000000000
  dxy         0    0.018899455  0.018899455   0.037798910   0.000000000
  dxz         0    0.009674055  0.009674055   0.019348110   0.000000000
  dyz         0    0.009674668  0.009674668   0.019349335   0.000000000
   sum over m      0.059971690  0.059971690   0.119943379   0.000000000
   sum over m+mul  0.059971690  0.059971690   0.119943379   0.000000000

   90    C          Up spin      Down spin     Sum           Diff
            multiple
  s           0    0.544028105  0.544028105   1.088056210   0.000000000
   sum over m      0.544028105  0.544028105   1.088056210   0.000000000
  s           1    0.014838244  0.014838244   0.029676488   0.000000000
   sum over m      0.014838244  0.014838244   0.029676488   0.000000000
   sum over m+mul  0.558866349  0.558866349   1.117732698   0.000000000
  px          0    0.420485453  0.420485453   0.840970906   0.000000000
  py          0    0.420558575  0.420558575   0.841117151   0.000000000
  pz          0    0.490422362  0.490422362   0.980844723   0.000000000
   sum over m      1.331466390  1.331466390   2.662932780   0.000000000
  px          1    0.029702688  0.029702688   0.059405376   0.000000000
  py          1    0.029760485  0.029760485   0.059520970   0.000000000
  pz          1   -0.009768407 -0.009768407  -0.019536814   0.000000000
   sum over m      0.049694766  0.049694766   0.099389532   0.000000000
   sum over m+mul  1.381161156  1.381161156   2.762322312   0.000000000
  d3z^2-r^2   0    0.002825648  0.002825648   0.005651296   0.000000000
  dx^2-y^2    0    0.018897632  0.018897632   0.037795264   0.000000000
  dxy         0    0.018899479  0.018899479   0.037798958   0.000000000
  dxz         0    0.009673717  0.009673717   0.019347434   0.000000000
  dyz         0    0.009674627  0.009674627   0.019349255   0.000000000
   sum over m      0.059971103  0.059971103   0.119942207   0.000000000
   sum over m+mul  0.059971103  0.059971103   0.119942207   0.000000000

   91    C          Up spin      Down spin     Sum           Diff
            multiple
  s           0    0.544030142  0.544030142   1.088060284   0.000000000
   sum over m      0.544030142  0.544030142   1.088060284   0.000000000
  s           1    0.014838259  0.014838259   0.029676518   0.000000000
   sum over m      0.014838259  0.014838259   0.029676518   0.000000000
   sum over m+mul  0.558868401  0.558868401   1.117736802   0.000000000
  px          0    0.420487696  0.420487696   0.840975392   0.000000000
  py          0    0.420559029  0.420559029   0.841118058   0.000000000
  pz          0    0.490417289  0.490417289   0.980834578   0.000000000
   sum over m      1.331464014  1.331464014   2.662928028   0.000000000
  px          1    0.029702805  0.029702805   0.059405611   0.000000000
  py          1    0.029760631  0.029760631   0.059521262   0.000000000
  pz          1   -0.009768828 -0.009768828  -0.019537657   0.000000000
   sum over m      0.049694608  0.049694608   0.099389216   0.000000000
   sum over m+mul  1.381158622  1.381158622   2.762317244   0.000000000
  d3z^2-r^2   0    0.002825656  0.002825656   0.005651312   0.000000000
  dx^2-y^2    0    0.018897767  0.018897767   0.037795533   0.000000000
  dxy         0    0.018899292  0.018899292   0.037798585   0.000000000
  dxz         0    0.009674185  0.009674185   0.019348370   0.000000000
  dyz         0    0.009674925  0.009674925   0.019349850   0.000000000
   sum over m      0.059971825  0.059971825   0.119943650   0.000000000
   sum over m+mul  0.059971825  0.059971825   0.119943650   0.000000000

   92    C          Up spin      Down spin     Sum           Diff
            multiple
  s           0    0.544029806  0.544029806   1.088059612   0.000000000
   sum over m      0.544029806  0.544029806   1.088059612   0.000000000
  s           1    0.014838223  0.014838223   0.029676446   0.000000000
   sum over m      0.014838223  0.014838223   0.029676446   0.000000000
   sum over m+mul  0.558868029  0.558868029   1.117736058   0.000000000
  px          0    0.420485891  0.420485891   0.840971782   0.000000000
  py          0    0.420558991  0.420558991   0.841117982   0.000000000
  pz          0    0.490420372  0.490420372   0.980840744   0.000000000
   sum over m      1.331465254  1.331465254   2.662930509   0.000000000
  px          1    0.029702406  0.029702406   0.059404811   0.000000000
  py          1    0.029760821  0.029760821   0.059521641   0.000000000
  pz          1   -0.009768967 -0.009768967  -0.019537935   0.000000000
   sum over m      0.049694259  0.049694259   0.099388517   0.000000000
   sum over m+mul  1.381159513  1.381159513   2.762319026   0.000000000
  d3z^2-r^2   0    0.002825645  0.002825645   0.005651291   0.000000000
  dx^2-y^2    0    0.018897535  0.018897535   0.037795070   0.000000000
  dxy         0    0.018899377  0.018899377   0.037798753   0.000000000
  dxz         0    0.009674126  0.009674126   0.019348251   0.000000000
  dyz         0    0.009674918  0.009674918   0.019349837   0.000000000
   sum over m      0.059971601  0.059971601   0.119943202   0.000000000
   sum over m+mul  0.059971601  0.059971601   0.119943202   0.000000000

   93    C          Up spin      Down spin     Sum           Diff
            multiple
  s           0    0.544028488  0.544028488   1.088056977   0.000000000
   sum over m      0.544028488  0.544028488   1.088056977   0.000000000
  s           1    0.014838049  0.014838049   0.029676098   0.000000000
   sum over m      0.014838049  0.014838049   0.029676098   0.000000000
   sum over m+mul  0.558866537  0.558866537   1.117733075   0.000000000
  px          0    0.420482777  0.420482777   0.840965553   0.000000000
  py          0    0.420560578  0.420560578   0.841121156   0.000000000
  pz          0    0.490424507  0.490424507   0.980849015   0.000000000
   sum over m      1.331467862  1.331467862   2.662935724   0.000000000
  px          1    0.029701479  0.029701479   0.059402959   0.000000000
  py          1    0.029760774  0.029760774   0.059521548   0.000000000
  pz          1   -0.009768338 -0.009768338  -0.019536677   0.000000000
   sum over m      0.049693915  0.049693915   0.099387830   0.000000000
   sum over m+mul  1.381161777  1.381161777   2.762323554   0.000000000
  d3z^2-r^2   0    0.002825655  0.002825655   0.005651310   0.000000000
  dx^2-y^2    0    0.018896679  0.018896679   0.037793358   0.000000000
  dxy         0    0.018899551  0.018899551   0.037799101   0.000000000
  dxz         0    0.009674594  0.009674594   0.019349188   0.000000000
  dyz         0    0.009675860  0.009675860   0.019351721   0.000000000
   sum over m      0.059972339  0.059972339   0.119944678   0.000000000
   sum over m+mul  0.059972339  0.059972339   0.119944678   0.000000000

   94    C          Up spin      Down spin     Sum           Diff
            multiple
  s           0    0.544027009  0.544027009   1.088054018   0.000000000
   sum over m      0.544027009  0.544027009   1.088054018   0.000000000
  s           1    0.014838188  0.014838188   0.029676376   0.000000000
   sum over m      0.014838188  0.014838188   0.029676376   0.000000000
   sum over m+mul  0.558865197  0.558865197   1.117730394   0.000000000
  px          0    0.420487292  0.420487292   0.840974584   0.000000000
  py          0    0.420558071  0.420558071   0.841116143   0.000000000
  pz          0    0.490426169  0.490426169   0.980852338   0.000000000
   sum over m      1.331471533  1.331471533   2.662943065   0.000000000
  px          1    0.029702484  0.029702484   0.059404968   0.000000000
  py          1    0.029760155  0.029760155   0.059520310   0.000000000
  pz          1   -0.009769069 -0.009769069  -0.019538138   0.000000000
   sum over m      0.049693570  0.049693570   0.099387140   0.000000000
   sum over m+mul  1.381165103  1.381165103   2.762330205   0.000000000
  d3z^2-r^2   0    0.002825669  0.002825669   0.005651339   0.000000000
  dx^2-y^2    0    0.018897729  0.018897729   0.037795458   0.000000000
  dxy         0    0.018899247  0.018899247   0.037798494   0.000000000
  dxz         0    0.009674620  0.009674620   0.019349240   0.000000000
  dyz         0    0.009674851  0.009674851   0.019349701   0.000000000
   sum over m      0.059972116  0.059972116   0.119944233   0.000000000
   sum over m+mul  0.059972116  0.059972116   0.119944233   0.000000000

   95    C          Up spin      Down spin     Sum           Diff
            multiple
  s           0    0.544027955  0.544027955   1.088055911   0.000000000
   sum over m      0.544027955  0.544027955   1.088055911   0.000000000
  s           1    0.014838488  0.014838488   0.029676975   0.000000000
   sum over m      0.014838488  0.014838488   0.029676975   0.000000000
   sum over m+mul  0.558866443  0.558866443   1.117732886   0.000000000
  px          0    0.420484719  0.420484719   0.840969439   0.000000000
  py          0    0.420559087  0.420559087   0.841118175   0.000000000
  pz          0    0.490427818  0.490427818   0.980855636   0.000000000
   sum over m      1.331471625  1.331471625   2.662943249   0.000000000
  px          1    0.029703012  0.029703012   0.059406024   0.000000000
  py          1    0.029760480  0.029760480   0.059520961   0.000000000
  pz          1   -0.009769807 -0.009769807  -0.019539614   0.000000000
   sum over m      0.049693685  0.049693685   0.099387370   0.000000000
   sum over m+mul  1.381165310  1.381165310   2.762330620   0.000000000
  d3z^2-r^2   0    0.002825668  0.002825668   0.005651336   0.000000000
  dx^2-y^2    0    0.018897770  0.018897770   0.037795540   0.000000000
  dxy         0    0.018899397  0.018899397   0.037798794   0.000000000
  dxz         0    0.009673650  0.009673650   0.019347300   0.000000000
  dyz         0    0.009674695  0.009674695   0.019349389   0.000000000
   sum over m      0.059971180  0.059971180   0.119942359   0.000000000
   sum over m+mul  0.059971180  0.059971180   0.119942359   0.000000000

   96    C          Up spin      Down spin     Sum           Diff
            multiple
  s           0    0.544033141  0.544033141   1.088066282   0.000000000
   sum over m      0.544033141  0.544033141   1.088066282   0.000000000
  s           1    0.014838421  0.014838421   0.029676842   0.000000000
   sum over m      0.014838421  0.014838421   0.029676842   0.000000000
   sum over m+mul  0.558871562  0.558871562   1.117743124   0.000000000
  px          0    0.420490064  0.420490064   0.840980129   0.000000000
  py          0    0.420559355  0.420559355   0.841118709   0.000000000
  pz          0    0.490409142  0.490409142   0.980818283   0.000000000
   sum over m      1.331458560  1.331458560   2.662917121   0.000000000
  px          1    0.029703119  0.029703119   0.059406237   0.000000000
  py          1    0.029760706  0.029760706   0.059521412   0.000000000
  pz          1   -0.009769109 -0.009769109  -0.019538218   0.000000000
   sum over m      0.049694715  0.049694715   0.099389431   0.000000000
   sum over m+mul  1.381153276  1.381153276   2.762306552   0.000000000
  d3z^2-r^2   0    0.002825617  0.002825617   0.005651233   0.000000000
  dx^2-y^2    0    0.018898211  0.018898211   0.037796423   0.000000000
  dxy         0    0.018899145  0.018899145   0.037798291   0.000000000
  dxz         0    0.009674043  0.009674043   0.019348086   0.000000000
  dyz         0    0.009674707  0.009674707   0.019349414   0.000000000
   sum over m      0.059971723  0.059971723   0.119943446   0.000000000
   sum over m+mul  0.059971723  0.059971723   0.119943446   0.000000000

   97    C          Up spin      Down spin     Sum           Diff
            multiple
  s           0    0.544030996  0.544030996   1.088061992   0.000000000
   sum over m      0.544030996  0.544030996   1.088061992   0.000000000
  s           1    0.014838735  0.014838735   0.029677470   0.000000000
   sum over m      0.014838735  0.014838735   0.029677470   0.000000000
   sum over m+mul  0.558869731  0.558869731   1.117739463   0.000000000
  px          0    0.420490654  0.420490654   0.840981307   0.000000000
  py          0    0.420560219  0.420560219   0.841120438   0.000000000
  pz          0    0.490412821  0.490412821   0.980825643   0.000000000
   sum over m      1.331463694  1.331463694   2.662927388   0.000000000
  px          1    0.029703313  0.029703313   0.059406625   0.000000000
  py          1    0.029761847  0.029761847   0.059523694   0.000000000
  pz          1   -0.009768858 -0.009768858  -0.019537716   0.000000000
   sum over m      0.049696302  0.049696302   0.099392604   0.000000000
   sum over m+mul  1.381159996  1.381159996   2.762319992   0.000000000
  d3z^2-r^2   0    0.002825640  0.002825640   0.005651279   0.000000000
  dx^2-y^2    0    0.018898443  0.018898443   0.037796886   0.000000000
  dxy         0    0.018899499  0.018899499   0.037798998   0.000000000
  dxz         0    0.009672948  0.009672948   0.019345897   0.000000000
  dyz         0    0.009675133  0.009675133   0.019350266   0.000000000
   sum over m      0.059971663  0.059971663   0.119943325   0.000000000
   sum over m+mul  0.059971663  0.059971663   0.119943325   0.000000000

   98    C          Up spin      Down spin     Sum           Diff
            multiple
  s           0    0.544028749  0.544028749   1.088057499   0.000000000
   sum over m      0.544028749  0.544028749   1.088057499   0.000000000
  s           1    0.014838390  0.014838390   0.029676780   0.000000000
   sum over m      0.014838390  0.014838390   0.029676780   0.000000000
   sum over m+mul  0.558867140  0.558867140   1.117734279   0.000000000
  px          0    0.420486481  0.420486481   0.840972963   0.000000000
  py          0    0.420560053  0.420560053   0.841120106   0.000000000
  pz          0    0.490422196  0.490422196   0.980844391   0.000000000
   sum over m      1.331468730  1.331468730   2.662937460   0.000000000
  px          1    0.029702593  0.029702593   0.059405187   0.000000000
  py          1    0.029761118  0.029761118   0.059522235   0.000000000
  pz          1   -0.009769091 -0.009769091  -0.019538181   0.000000000
   sum over m      0.049694620  0.049694620   0.099389241   0.000000000
   sum over m+mul  1.381163350  1.381163350   2.762326701   0.000000000
  d3z^2-r^2   0    0.002825655  0.002825655   0.005651310   0.000000000
  dx^2-y^2    0    0.018897710  0.018897710   0.037795420   0.000000000
  dxy         0    0.018899589  0.018899589   0.037799178   0.000000000
  dxz         0    0.009673875  0.009673875   0.019347750   0.000000000
  dyz         0    0.009674560  0.009674560   0.019349121   0.000000000
   sum over m      0.059971389  0.059971389   0.119942778   0.000000000
   sum over m+mul  0.059971389  0.059971389   0.119942778   0.000000000

***********************************************************
***********************************************************
                    Dipole moment (Debye)                  
***********************************************************
***********************************************************

 Absolute D        0.00205944

                      Dx                Dy                Dz
 Total             -0.00054567        0.00198583       -0.00000001
 Core            6947.74256987    13371.12893819        0.00000000
 Electron       -6947.74311555   -13371.12695236       -0.00000001
 Back ground       -0.00000000       -0.00000000        0.00000000

***********************************************************
***********************************************************
       xyz-coordinates (Ang) and forces (Hartree/Bohr)  
***********************************************************
***********************************************************

<coordinates.forces
  98
    1     C     0.00000   0.00000   0.00000   0.000001606666 -0.000168542841  0.000000000195
    2     C     0.00000   1.42028   0.00000  -0.000006937952  0.000170618507 -0.000000000162
    3     C    -1.23000   2.13042   0.00000   0.000008999149 -0.000168568089  0.000000000041
    4     C    -1.23000   3.55070   0.00000   0.000029118708  0.000170939482 -0.000000000418
    5     C    -2.46000   4.26084   0.00000  -0.000010546261 -0.000144147216  0.000000000239
    6     C    -2.46000   5.68113   0.00000  -0.000026686144  0.000146771443 -0.000000000059
    7     C    -3.69000   6.39127   0.00000   0.000013117063 -0.000161458764  0.000000000307
    8     C    -3.69000   7.81155   0.00000  -0.000005332596  0.000159263978 -0.000000000223
    9     C    -4.92000   8.52169   0.00000   0.000009421171 -0.000155050034  0.000000000113
   10     C    -4.92000   9.94197   0.00000  -0.000009424936  0.000155831862 -0.000000000165
   11     C    -6.15000  10.65211   0.00000   0.000000137151 -0.000170309798 -0.000000000107
   12     C    -6.15000  12.07239   0.00000  -0.000000128900  0.000165791397 -0.000000000214
   13     C    -7.38000  12.78253   0.00000   0.000005572561 -0.000160839859  0.000000000332
   14     C    -7.38000  14.20282   0.00000  -0.000005863442  0.000161950733 -0.000000000029
   15     C     2.46000   0.00000   0.00000   0.000014851437 -0.000176896624 -0.000000000455
   16     C     2.46000   1.42028   0.00000   0.000025432884  0.000177218479  0.000000000317
   17     C     1.23000   2.13042   0.00000  -0.000001600773 -0.000152151258  0.000000000040
   18     C     1.23000   3.55070   0.00000   0.000024787683  0.000161257710 -0.000000000103
   19     C     0.00000   4.26084   0.00000  -0.000026492203 -0.000179607309  0.000000000128
   20     C     0.00000   5.68113   0.00000   0.000027544859  0.000196981321 -0.000000000033
   21     C    -1.23000   6.39127   0.00000   0.000007186486 -0.000121153467 -0.000000000320
   22     C    -1.23000   7.81155   0.00000  -0.000009453303  0.000101730334  0.000000000100
   23     C    -2.46000   8.52169   0.00000   0.000004315517 -0.000142108005 -0.000000000340
   24     C    -2.46000   9.94197   0.00000  -0.000034023859  0.000146789547 -0.000000000023
   25     C    -3.69000  10.65211   0.00000   0.000018707919 -0.000170302309  0.000000000178
   26     C    -3.69000  12.07239   0.00000  -0.000018697540  0.000165780681  0.000000000192
   27     C    -4.92000  12.78253   0.00000   0.000009411382 -0.000183388443  0.000000000086
   28     C    -4.92000  14.20282   0.00000  -0.000009424290  0.000181815001 -0.000000000161
   29     C     4.92000   0.00000   0.00000   0.000003995474 -0.000176890456  0.000000000050
   30     C     4.92000   1.42028   0.00000  -0.000044269309  0.000177191078 -0.000000000165
   31     C     3.69000   2.13042   0.00000   0.000009409972 -0.000246701912  0.000000000358
   32     C     3.69000   3.55070   0.00000  -0.000009450866  0.000260308044  0.000000000070
   33     C     2.46000   4.26084   0.00000   0.000061667308 -0.000309687205 -0.000000000318
   34     C     2.46000   5.68113   0.00000   0.000668029305  0.000702351478  0.000000000020
   35     C     1.23000   6.39127   0.00000  -0.000226765491  0.000095669173 -0.000000000247
   36     C     1.23000   7.81155   0.00000  -0.000067429880 -0.000370661821  0.000000000302
   37     C     0.00000   8.52169   0.00000   0.000151808394 -0.000155535702  0.000000000238
   38     C     0.00000   9.94197   0.00000  -0.000046214894  0.000197201067 -0.000000000165
   39     C    -1.23000  10.65211   0.00000   0.000048324952 -0.000179647519  0.000000000175
   40     C    -1.23000  12.07239   0.00000  -0.000006113937  0.000170996288 -0.000000000020
   41     C    -2.46000  12.78253   0.00000   0.000013263694 -0.000160839294  0.000000000242
   42     C    -2.46000  14.20282   0.00000  -0.000012974547  0.000161948588 -0.000000000217
   43     C     7.38000   0.00000   0.00000   0.000017223846 -0.000168536935  0.000000000218
   44     C     7.38000   1.42028   0.00000  -0.000011909691  0.000170622389  0.000000000102
   45     C     6.15000   2.13042   0.00000   0.000020462651 -0.000152164062 -0.000000000204
   46     C     6.15000   3.55070   0.00000  -0.000043581463  0.000161224846  0.000000000484
   47     C     4.92000   4.26084   0.00000  -0.000042768132 -0.000309842330 -0.000000000257
   48     C     4.92000   5.68113   0.00000  -0.000687032949  0.000702124847 -0.000000000037
   49     C     3.69000   6.39127   0.00000   0.000006012475  0.004993487717  0.000000000140
   50     C     3.69000   7.82155   0.00000   0.000061930195 -0.012316257685 -0.000000000053
   51     C     2.46000   8.52169   0.00000  -0.001452956921  0.002725491968  0.000000000292
   52     C     2.46000   9.94197   0.00000  -0.000577262757  0.000712494118  0.000000000104
   53     C     1.23000  10.65211   0.00000   0.000098592258 -0.000063512978 -0.000000000117
   54     C     1.23000  12.07239   0.00000  -0.000043955543  0.000161423311  0.000000000237
   55     C     0.00000  12.78253   0.00000   0.000015235655 -0.000161072029  0.000000000028
   56     C     0.00000  14.20282   0.00000  -0.000020090876  0.000170631989 -0.000000000448
   57     C     9.84000   0.00000   0.00000   0.000013537750 -0.000162158875 -0.000000000042
   58     C     9.84000   1.42028   0.00000  -0.000012978644  0.000161939274  0.000000000091
   59     C     8.61000   2.13042   0.00000   0.000009847094 -0.000168559744 -0.000000000223
   60     C     8.61000   3.55070   0.00000  -0.000047945524  0.000170918821  0.000000000314
   61     C     7.38000   4.26084   0.00000   0.000045359999 -0.000179675065 -0.000000000171
   62     C     7.38000   5.68113   0.00000  -0.000046404137  0.000196961703 -0.000000000371
   63     C     6.15000   6.39127   0.00000   0.000245264677  0.000095822032  0.000000000087
   64     C     6.15000   7.81155   0.00000   0.000048872267 -0.000370684321  0.000000000314
   65     C     4.92000   8.52169   0.00000   0.001467501516  0.002718497628 -0.000000000383
   66     C     4.92000   9.94197   0.00000   0.000557899847  0.000712792718 -0.000000000071
   67     C     3.69000  10.65211   0.00000   0.000009623974 -0.000312037925  0.000000000039
   68     C     3.69000  12.07239   0.00000  -0.000009364770  0.000260554469 -0.000000000345
   69     C     2.46000  12.78253   0.00000   0.000043128755 -0.000183353035  0.000000000252
   70     C     2.46000  14.20282   0.00000  -0.000002450904  0.000177244837 -0.000000000168
   71     C    12.30000   0.00000   0.00000   0.000009428268 -0.000178688650  0.000000000129
   72     C    12.30000   1.42028   0.00000  -0.000009411210  0.000181803991 -0.000000000150
   73     C    11.07000   2.13042   0.00000   0.000018198166 -0.000166310493 -0.000000000046
   74     C    11.07000   3.55070   0.00000  -0.000018683645  0.000165736130  0.000000000228
   75     C     9.84000   4.26084   0.00000   0.000029368583 -0.000144136829 -0.000000000193
   76     C     9.84000   5.68113   0.00000   0.000007837179  0.000146780504  0.000000000087
   77     C     8.61000   6.39127   0.00000   0.000011620701 -0.000121096455  0.000000000080
   78     C     8.61000   7.81155   0.00000  -0.000009387664  0.000101729031 -0.000000000285
   79     C     7.38000   8.52169   0.00000  -0.000132984041 -0.000155351376 -0.000000000100
   80     C     7.38000   9.94197   0.00000   0.000027423532  0.000197218011  0.000000000123
   81     C     6.15000  10.65211   0.00000  -0.000079942404 -0.000063593899  0.000000000114
   82     C     6.15000  12.07239   0.00000   0.000025156099  0.000161465244  0.000000000145
   83     C     4.92000  12.78253   0.00000  -0.000024288127 -0.000183381954  0.000000000045
   84     C     4.92000  14.20282   0.00000  -0.000016390246  0.000177272583 -0.000000000360
   85     C    14.76000   0.00000   0.00000   0.000005294118 -0.000162160134  0.000000000337
   86     C    14.76000   1.42028   0.00000  -0.000005860436  0.000161941697 -0.000000000164
   87     C    13.53000   2.13042   0.00000   0.000000634438 -0.000166327611 -0.000000000252
   88     C    13.53000   3.55070   0.00000  -0.000000156449  0.000165747028 -0.000000000170
   89     C    12.30000   4.26084   0.00000   0.000009423440 -0.000151175443  0.000000000245
   90     C    12.30000   5.68113   0.00000  -0.000009425327  0.000155823905  0.000000000316
   91     C    11.07000   6.39127   0.00000   0.000005727077 -0.000161464636 -0.000000000345
   92     C    11.07000   7.81155   0.00000  -0.000013509170  0.000159264348 -0.000000000068
   93     C     9.84000   8.52169   0.00000   0.000014536506 -0.000142079676  0.000000000349
   94     C     9.84000   9.94197   0.00000   0.000015180803  0.000146779812  0.000000000019
   95     C     8.61000  10.65211   0.00000  -0.000029515732 -0.000179683590  0.000000000121
   96     C     8.61000  12.07239   0.00000  -0.000012722995  0.000171017144 -0.000000000044
   97     C     7.38000  12.78253   0.00000   0.000003611567 -0.000161070412  0.000000000018
   98     C     7.38000  14.20282   0.00000   0.000001254915  0.000170627817 -0.000000000004
coordinates.forces>

***********************************************************
***********************************************************
       Fractional coordinates of the final structure       
***********************************************************
***********************************************************

     1      C     0.00000000000000   0.00000000000000   0.00000000000000
     2      C     0.04761904761903   0.09523809523805   0.00000000000000
     3      C     0.00000000000000   0.14285714285714   0.00000000000000
     4      C     0.04761904761903   0.23809523809519   0.00000000000000
     5      C     0.00000000000000   0.28571428571429   0.00000000000000
     6      C     0.04761904761903   0.38095238095234   0.00000000000000
     7      C    -0.00000000000000   0.42857142857143   0.00000000000000
     8      C     0.04761904761903   0.52380952380948   0.00000000000000
     9      C     0.00000000000000   0.57142857142857   0.00000000000000
    10      C     0.04761904761903   0.66666666666662   0.00000000000000
    11      C    -0.00000000000000   0.71428571428571   0.00000000000000
    12      C     0.04761904761903   0.80952380952376   0.00000000000000
    13      C    -0.00000000000000   0.85714285714286   0.00000000000000
    14      C     0.04761904761903   0.95238095238091   0.00000000000000
    15      C     0.14285714285714   0.00000000000000   0.00000000000000
    16      C     0.19047619047617   0.09523809523805   0.00000000000000
    17      C     0.14285714285714   0.14285714285714   0.00000000000000
    18      C     0.19047619047617   0.23809523809519   0.00000000000000
    19      C     0.14285714285714   0.28571428571429   0.00000000000000
    20      C     0.19047619047617   0.38095238095234   0.00000000000000
    21      C     0.14285714285714   0.42857142857143   0.00000000000000
    22      C     0.19047619047617   0.52380952380948   0.00000000000000
    23      C     0.14285714285714   0.57142857142857   0.00000000000000
    24      C     0.19047619047617   0.66666666666662   0.00000000000000
    25      C     0.14285714285714   0.71428571428571   0.00000000000000
    26      C     0.19047619047617   0.80952380952376   0.00000000000000
    27      C     0.14285714285714   0.85714285714286   0.00000000000000
    28      C     0.19047619047617   0.95238095238091   0.00000000000000
    29      C     0.28571428571429   0.00000000000000   0.00000000000000
    30      C     0.33333333333331   0.09523809523805   0.00000000000000
    31      C     0.28571428571429   0.14285714285714   0.00000000000000
    32      C     0.33333333333331   0.23809523809519   0.00000000000000
    33      C     0.28571428571429   0.28571428571429   0.00000000000000
    34      C     0.33333333333331   0.38095238095234   0.00000000000000
    35      C     0.28571428571429   0.42857142857143   0.00000000000000
    36      C     0.33333333333331   0.52380952380948   0.00000000000000
    37      C     0.28571428571429   0.57142857142857   0.00000000000000
    38      C     0.33333333333331   0.66666666666662   0.00000000000000
    39      C     0.28571428571429   0.71428571428571   0.00000000000000
    40      C     0.33333333333331   0.80952380952376   0.00000000000000
    41      C     0.28571428571429   0.85714285714286   0.00000000000000
    42      C     0.33333333333331   0.95238095238091   0.00000000000000
    43      C     0.42857142857143   0.00000000000000   0.00000000000000
    44      C     0.47619047619045   0.09523809523805   0.00000000000000
    45      C     0.42857142857143   0.14285714285714   0.00000000000000
    46      C     0.47619047619045   0.23809523809519   0.00000000000000
    47      C     0.42857142857143   0.28571428571429   0.00000000000000
    48      C     0.47619047619045   0.38095238095234   0.00000000000000
    49      C     0.42857142857143   0.42857142857143   0.00000000000000
    50      C     0.47652575509242   0.52448008161342   0.00000000000000
    51      C     0.42857142857143   0.57142857142857   0.00000000000000
    52      C     0.47619047619045   0.66666666666662   0.00000000000000
    53      C     0.42857142857143   0.71428571428571   0.00000000000000
    54      C     0.47619047619045   0.80952380952376   0.00000000000000
    55      C     0.42857142857143   0.85714285714286   0.00000000000000
    56      C     0.47619047619045   0.95238095238091   0.00000000000000
    57      C     0.57142857142857   0.00000000000000   0.00000000000000
    58      C     0.61904761904760   0.09523809523805   0.00000000000000
    59      C     0.57142857142857   0.14285714285714   0.00000000000000
    60      C     0.61904761904760   0.23809523809519   0.00000000000000
    61      C     0.57142857142857   0.28571428571429   0.00000000000000
    62      C     0.61904761904760   0.38095238095234   0.00000000000000
    63      C     0.57142857142857   0.42857142857143   0.00000000000000
    64      C     0.61904761904760   0.52380952380948   0.00000000000000
    65      C     0.57142857142857   0.57142857142857   0.00000000000000
    66      C     0.61904761904760   0.66666666666662   0.00000000000000
    67      C     0.57142857142857   0.71428571428571   0.00000000000000
    68      C     0.61904761904760   0.80952380952376   0.00000000000000
    69      C     0.57142857142857   0.85714285714286   0.00000000000000
    70      C     0.61904761904760   0.95238095238091   0.00000000000000
    71      C     0.71428571428571   0.00000000000000   0.00000000000000
    72      C     0.76190476190474   0.09523809523805   0.00000000000000
    73      C     0.71428571428571   0.14285714285714   0.00000000000000
    74      C     0.76190476190474   0.23809523809519   0.00000000000000
    75      C     0.71428571428571   0.28571428571429   0.00000000000000
    76      C     0.76190476190474   0.38095238095234   0.00000000000000
    77      C     0.71428571428571   0.42857142857143   0.00000000000000
    78      C     0.76190476190474   0.52380952380948   0.00000000000000
    79      C     0.71428571428571   0.57142857142857   0.00000000000000
    80      C     0.76190476190474   0.66666666666662   0.00000000000000
    81      C     0.71428571428571   0.71428571428571   0.00000000000000
    82      C     0.76190476190474   0.80952380952376   0.00000000000000
    83      C     0.71428571428571   0.85714285714286   0.00000000000000
    84      C     0.76190476190474   0.95238095238091   0.00000000000000
    85      C     0.85714285714286   0.00000000000000   0.00000000000000
    86      C     0.90476190476188   0.09523809523805   0.00000000000000
    87      C     0.85714285714286   0.14285714285714   0.00000000000000
    88      C     0.90476190476188   0.23809523809519   0.00000000000000
    89      C     0.85714285714286   0.28571428571429   0.00000000000000
    90      C     0.90476190476188   0.38095238095234   0.00000000000000
    91      C     0.85714285714286   0.42857142857143   0.00000000000000
    92      C     0.90476190476188   0.52380952380948   0.00000000000000
    93      C     0.85714285714286   0.57142857142857   0.00000000000000
    94      C     0.90476190476188   0.66666666666662   0.00000000000000
    95      C     0.85714285714286   0.71428571428571   0.00000000000000
    96      C     0.90476190476188   0.80952380952376   0.00000000000000
    97      C     0.85714285714286   0.85714285714286   0.00000000000000
    98      C     0.90476190476188   0.95238095238091   0.00000000000000

***********************************************************
***********************************************************
               Computational Time (second)                 
***********************************************************
***********************************************************

   Elapsed.Time.        22.227

                               Min_ID   Min_Time       Max_ID   Max_Time
   Total Computational Time =    14       22.018          0       22.227
   readfile                 =     2        1.232          0        1.260
   truncation               =    26        0.933         15        0.968
   MD_pac                   =     0        0.075         26        0.088
   OutData                  =    26        0.000          0        0.022
   DFT                      =    15       18.245          0       18.313

*** In DFT ***

   Set_OLP_Kin              =    10        0.822         15        1.115
   Set_Nonlocal             =    15        1.677         10        1.969
   Set_ProExpn_VNA          =     0        0.000          0        0.000
   Set_Hamiltonian          =     6        5.898          1        5.898
   Poisson                  =    26        0.107          3        0.107
   Diagonalization          =     4        2.721         27        2.721
   Mixing_DM                =     6        0.038         27        0.038
   Force                    =     0        0.718         13        0.718
   Total_Energy             =    14        1.140          0        1.178
   Set_Aden_Grid            =     7        0.036          3        0.038
   Set_Orbitals_Grid        =     1        0.343         31        0.452
   Set_Density_Grid         =    13        2.856         21        3.718
   RestartFileDFT           =    17        0.159         18        0.222
   Mulliken_Charge          =     7        0.126          3        0.127
   FFT(2D)_Density          =     0        0.000          0        0.000
   Others                   =    31        0.326         13        1.305
