============================================================
Currently Loaded Modulefiles:
 1) intel/oneapi/2023.2.0  
MKLROOT=/apps/support/intel_spr_rocky8.9/oneapi/2023.2.0/mkl/2023.2.0
============================================================
Job ID: tyy
Job name: tyy
Number of nodes: 4
Number of processors: 256
Task is running on the following nodes:
qhcn[032-035]
OMP_NUM_THREADS = 1
============================================================


The number of threads in each node for OpenMP parallelization is 1.


*******************************************************
*******************************************************
 Welcome to OpenMX   Ver. 3.9.9                           
 Copyright (C), 2002-2019, T. Ozaki                    
 OpenMX comes with ABSOLUTELY NO WARRANTY.             
 This is free software, and you are welcome to         
 redistribute it under the constitution of the GNU-GPL.
*******************************************************
*******************************************************

Failure of reading .//openmx_rst/openmx.crst_check


<Input_std>  Your input file was normally read.
<Input_std>  The system includes 1 species and 343 atoms.

*******************************************************
                     PAO and VPS                       
*******************************************************

<SetPara_DFT>  PAOs of species Ni were normally found.
<SetPara_DFT>  VPSs of species Ni were normally found.
               Ni_PBE19H.vps is j-dependent.
               In case of scf.SpinOrbit.Coupling=off,
               j-dependent pseudo potentials are averaged by j-degeneracy,
               which corresponds to a scalar relativistic treatment.

*******************************************************
     Fourier transform of PAO and projectors of VNL    
*******************************************************

<FT_PAO>          Fourier transform of pseudo atomic orbitals
Could not open a file .//openmx_rst/openmx.ftpao in FT_PAO
Failure of reading .//openmx_rst/openmx.crst_check
Failure of reading .//openmx_rst/openmx.crst_check
Failure of reading .//openmx_rst/openmx.crst_check
Failure of reading .//openmx_rst/openmx.crst_check
Failure of reading .//openmx_rst/openmx.crst_check
Failure of reading .//openmx_rst/openmx.crst_check
Failure of reading .//openmx_rst/openmx.crst_check
Failure of reading .//openmx_rst/openmx.crst_check
Could not open a file .//openmx_rst/openmx.ftpao in FT_PAO
Failure of reading .//openmx_rst/openmx.crst_check
Failure of reading .//openmx_rst/openmx.crst_check
Failure of reading .//openmx_rst/openmx.crst_check
Failure of reading .//openmx_rst/openmx.crst_check
Could not open a file .//openmx_rst/openmx.ftpao in FT_PAO
Could not open a file .//openmx_rst/openmx.ftpao in FT_PAO
Could not open a file .//openmx_rst/openmx.ftpao in FT_PAO
Could not open a file .//openmx_rst/openmx.ftpao in FT_PAO
Could not open a file .//openmx_rst/openmx.ftpao in FT_PAO
Failure of reading .//openmx_rst/openmx.crst_check
Failure of reading .//openmx_rst/openmx.crst_check
Failure of reading .//openmx_rst/openmx.crst_check
Failure of reading .//openmx_rst/openmx.crst_check
Failure of reading .//openmx_rst/openmx.crst_check
Could not open a file .//openmx_rst/openmx.ftpao in FT_PAO
Could not open a file .//openmx_rst/openmx.ftpao in FT_PAO
Failure of reading .//openmx_rst/openmx.crst_check
Failure of reading .//openmx_rst/openmx.crst_check
Could not open a file .//openmx_rst/openmx.ftpao in FT_PAO
Failure of reading .//openmx_rst/openmx.crst_check
Failure of reading .//openmx_rst/openmx.crst_check
Could not open a file .//openmx_rst/openmx.ftpao in FT_PAO
Could not open a file .//openmx_rst/openmx.ftpao in FT_PAO
Could not open a file .//openmx_rst/openmx.ftpao in FT_PAO
Failure of reading .//openmx_rst/openmx.crst_check
Failure of reading .//openmx_rst/openmx.crst_check
Failure of reading .//openmx_rst/openmx.crst_check
Failure of reading .//openmx_rst/openmx.crst_check
Failure of reading .//openmx_rst/openmx.crst_check
Could not open a file .//openmx_rst/openmx.ftpao in FT_PAO
Could not open a file .//openmx_rst/openmx.ftpao in FT_PAO
Failure of reading .//openmx_rst/openmx.crst_check
Failure of reading .//openmx_rst/openmx.crst_check
Failure of reading .//openmx_rst/openmx.crst_check
Failure of reading .//openmx_rst/openmx.crst_check
Could not open a file .//openmx_rst/openmx.ftpao in FT_PAO
Failure of reading .//openmx_rst/openmx.crst_check
Failure of reading .//openmx_rst/openmx.crst_check
Failure of reading .//openmx_rst/openmx.crst_check
Failure of reading .//openmx_rst/openmx.crst_check
Failure of reading .//openmx_rst/openmx.crst_check
Failure of reading .//openmx_rst/openmx.crst_check
Failure of reading .//openmx_rst/openmx.crst_check
Failure of reading .//openmx_rst/openmx.crst_check
Failure of reading .//openmx_rst/openmx.crst_check
Could not open a file .//openmx_rst/openmx.ftpao in FT_PAO
Could not open a file .//openmx_rst/openmx.ftpao in FT_PAO
Failure of reading .//openmx_rst/openmx.crst_check
Failure of reading .//openmx_rst/openmx.crst_check
Failure of reading .//openmx_rst/openmx.crst_check
Failure of reading .//openmx_rst/openmx.crst_check
Failure of reading .//openmx_rst/openmx.crst_check
Failure of reading .//openmx_rst/openmx.crst_check
Could not open a file .//openmx_rst/openmx.ftpao in FT_PAO
Failure of reading .//openmx_rst/openmx.crst_check
Failure of reading .//openmx_rst/openmx.crst_check
Failure of reading .//openmx_rst/openmx.crst_check
Failure of reading .//openmx_rst/openmx.crst_check
Could not open a file .//openmx_rst/openmx.ftpao in FT_PAO
Failure of reading .//openmx_rst/openmx.crst_check
Failure of reading .//openmx_rst/openmx.crst_check
Could not open a file .//openmx_rst/openmx.ftpao in FT_PAO
Failure of reading .//openmx_rst/openmx.crst_check
Failure of reading .//openmx_rst/openmx.crst_check
Failure of reading .//openmx_rst/openmx.crst_check
Could not open a file .//openmx_rst/openmx.ftpao in FT_PAO
Could not open a file .//openmx_rst/openmx.ftpao in FT_PAO
Could not open a file .//openmx_rst/openmx.ftpao in FT_PAO
Could not open a file .//openmx_rst/openmx.ftpao in FT_PAO
Failure of reading .//openmx_rst/openmx.crst_check
Failure of reading .//openmx_rst/openmx.crst_check
Failure of reading .//openmx_rst/openmx.crst_check
Could not open a file .//openmx_rst/openmx.ftpao in FT_PAO
Could not open a file .//openmx_rst/openmx.ftpao in FT_PAO
Could not open a file .//openmx_rst/openmx.ftpao in FT_PAO
Could not open a file .//openmx_rst/openmx.ftpao in FT_PAO
Failure of reading .//openmx_rst/openmx.crst_check
Failure of reading .//openmx_rst/openmx.crst_check
Failure of reading .//openmx_rst/openmx.crst_check
Failure of reading .//openmx_rst/openmx.crst_check
Could not open a file .//openmx_rst/openmx.ftpao in FT_PAO
Failure of reading .//openmx_rst/openmx.crst_check
Could not open a file .//openmx_rst/openmx.ftpao in FT_PAO
Failure of reading .//openmx_rst/openmx.crst_check
Could not open a file .//openmx_rst/openmx.ftpao in FT_PAO
Failure of reading .//openmx_rst/openmx.crst_check
Could not open a file .//openmx_rst/openmx.ftpao in FT_PAO
Could not open a file .//openmx_rst/openmx.ftpao in FT_PAO
Failure of reading .//openmx_rst/openmx.crst_check
Failure of reading .//openmx_rst/openmx.crst_check
Failure of reading .//openmx_rst/openmx.crst_check
Failure of reading .//openmx_rst/openmx.crst_check
Failure of reading .//openmx_rst/openmx.crst_check
Failure of reading .//openmx_rst/openmx.crst_check
Could not open a file .//openmx_rst/openmx.ftpao in FT_PAO
Could not open a file .//openmx_rst/openmx.ftpao in FT_PAO
Could not open a file .//openmx_rst/openmx.ftpao in FT_PAO
Could not open a file .//openmx_rst/openmx.ftpao in FT_PAO
Failure of reading .//openmx_rst/openmx.crst_check
Could not open a file .//openmx_rst/openmx.ftpao in FT_PAO
Could not open a file .//openmx_rst/openmx.ftpao in FT_PAO
Could not open a file .//openmx_rst/openmx.ftpao in FT_PAO
Failure of reading .//openmx_rst/openmx.crst_check
Failure of reading .//openmx_rst/openmx.crst_check
Failure of reading .//openmx_rst/openmx.crst_check
Could not open a file .//openmx_rst/openmx.ftpao in FT_PAO
Failure of reading .//openmx_rst/openmx.crst_check
Could not open a file .//openmx_rst/openmx.ftpao in FT_PAO
Failure of reading .//openmx_rst/openmx.crst_check
Failure of reading .//openmx_rst/openmx.crst_check
Failure of reading .//openmx_rst/openmx.crst_check
Failure of reading .//openmx_rst/openmx.crst_check
Failure of reading .//openmx_rst/openmx.crst_check
Failure of reading .//openmx_rst/openmx.crst_check
Failure of reading .//openmx_rst/openmx.crst_check
Failure of reading .//openmx_rst/openmx.crst_check
Failure of reading .//openmx_rst/openmx.crst_check
Could not open a file .//openmx_rst/openmx.ftpao in FT_PAO
Failure of reading .//openmx_rst/openmx.crst_check
Could not open a file .//openmx_rst/openmx.ftpao in FT_PAO
Could not open a file .//openmx_rst/openmx.ftpao in FT_PAO
Could not open a file .//openmx_rst/openmx.ftpao in FT_PAO
Failure of reading .//openmx_rst/openmx.crst_check
Could not open a file .//openmx_rst/openmx.ftpao in FT_PAO
Could not open a file .//openmx_rst/openmx.ftpao in FT_PAO
Could not open a file .//openmx_rst/openmx.ftpao in FT_PAO
Failure of reading .//openmx_rst/openmx.crst_check
Failure of reading .//openmx_rst/openmx.crst_check
Failure of reading .//openmx_rst/openmx.crst_check
Could not open a file .//openmx_rst/openmx.ftpao in FT_PAO
Failure of reading .//openmx_rst/openmx.crst_check
Failure of reading .//openmx_rst/openmx.crst_check
Failure of reading .//openmx_rst/openmx.crst_check
Failure of reading .//openmx_rst/openmx.crst_check
Failure of reading .//openmx_rst/openmx.crst_check
Failure of reading .//openmx_rst/openmx.crst_check
Could not open a file .//openmx_rst/openmx.ftpao in FT_PAO
Failure of reading .//openmx_rst/openmx.crst_check
Could not open a file .//openmx_rst/openmx.ftpao in FT_PAO
Failure of reading .//openmx_rst/openmx.crst_check
Failure of reading .//openmx_rst/openmx.crst_check
Could not open a file .//openmx_rst/openmx.ftpao in FT_PAO
Failure of reading .//openmx_rst/openmx.crst_check
Failure of reading .//openmx_rst/openmx.crst_check
Could not open a file .//openmx_rst/openmx.ftpao in FT_PAO
Failure of reading .//openmx_rst/openmx.crst_check
Could not open a file .//openmx_rst/openmx.ftpao in FT_PAO
Failure of reading .//openmx_rst/openmx.crst_check
Failure of reading .//openmx_rst/openmx.crst_check
Could not open a file .//openmx_rst/openmx.ftpao in FT_PAO
Failure of reading .//openmx_rst/openmx.crst_check
Failure of reading .//openmx_rst/openmx.crst_check
Failure of reading .//openmx_rst/openmx.crst_check
Failure of reading .//openmx_rst/openmx.crst_check
Could not open a file .//openmx_rst/openmx.ftpao in FT_PAO
Failure of reading .//openmx_rst/openmx.crst_check
Failure of reading .//openmx_rst/openmx.crst_check
Failure of reading .//openmx_rst/openmx.crst_check
Failure of reading .//openmx_rst/openmx.crst_check
Could not open a file .//openmx_rst/openmx.ftpao in FT_PAO
Failure of reading .//openmx_rst/openmx.crst_check
Failure of reading .//openmx_rst/openmx.crst_check
Failure of reading .//openmx_rst/openmx.crst_check
Failure of reading .//openmx_rst/openmx.crst_check
Failure of reading .//openmx_rst/openmx.crst_check
Failure of reading .//openmx_rst/openmx.crst_check
Failure of reading .//openmx_rst/openmx.crst_check
Failure of reading .//openmx_rst/openmx.crst_check
Failure of reading .//openmx_rst/openmx.crst_check
Could not open a file .//openmx_rst/openmx.ftpao in FT_PAO
Failure of reading .//openmx_rst/openmx.crst_check
Failure of reading .//openmx_rst/openmx.crst_check
Failure of reading .//openmx_rst/openmx.crst_check
Failure of reading .//openmx_rst/openmx.crst_check
Failure of reading .//openmx_rst/openmx.crst_check
Failure of reading .//openmx_rst/openmx.crst_check
Could not open a file .//openmx_rst/openmx.ftpao in FT_PAO
Failure of reading .//openmx_rst/openmx.crst_check
Failure of reading .//openmx_rst/openmx.crst_check
Could not open a file .//openmx_rst/openmx.ftpao in FT_PAO
Failure of reading .//openmx_rst/openmx.crst_check
Could not open a file .//openmx_rst/openmx.ftpao in FT_PAO
Failure of reading .//openmx_rst/openmx.crst_check
Failure of reading .//openmx_rst/openmx.crst_check
Failure of reading .//openmx_rst/openmx.crst_check
Failure of reading .//openmx_rst/openmx.crst_check
Failure of reading .//openmx_rst/openmx.crst_check
Failure of reading .//openmx_rst/openmx.crst_check
Failure of reading .//openmx_rst/openmx.crst_check
Failure of reading .//openmx_rst/openmx.crst_check
Could not open a file .//openmx_rst/openmx.ftpao in FT_PAO
Failure of reading .//openmx_rst/openmx.crst_check
Failure of reading .//openmx_rst/openmx.crst_check
Failure of reading .//openmx_rst/openmx.crst_check
Failure of reading .//openmx_rst/openmx.crst_check
Failure of reading .//openmx_rst/openmx.crst_check
Failure of reading .//openmx_rst/openmx.crst_check
Could not open a file .//openmx_rst/openmx.ftpao in FT_PAO
Failure of reading .//openmx_rst/openmx.crst_check
Could not open a file .//openmx_rst/openmx.ftpao in FT_PAO
Failure of reading .//openmx_rst/openmx.crst_check
Failure of reading .//openmx_rst/openmx.crst_check
Failure of reading .//openmx_rst/openmx.crst_check
Failure of reading .//openmx_rst/openmx.crst_check
Failure of reading .//openmx_rst/openmx.crst_check
Failure of reading .//openmx_rst/openmx.crst_check
Failure of reading .//openmx_rst/openmx.crst_check
Failure of reading .//openmx_rst/openmx.crst_check
Failure of reading .//openmx_rst/openmx.crst_check
Failure of reading .//openmx_rst/openmx.crst_check
Failure of reading .//openmx_rst/openmx.crst_check
Failure of reading .//openmx_rst/openmx.crst_check
Failure of reading .//openmx_rst/openmx.crst_check
Failure of reading .//openmx_rst/openmx.crst_check
Failure of reading .//openmx_rst/openmx.crst_check
Failure of reading .//openmx_rst/openmx.crst_check
Failure of reading .//openmx_rst/openmx.crst_check
Failure of reading .//openmx_rst/openmx.crst_check
Failure of reading .//openmx_rst/openmx.crst_check
Failure of reading .//openmx_rst/openmx.crst_check
Could not open a file .//openmx_rst/openmx.ftpao in FT_PAO
Failure of reading .//openmx_rst/openmx.crst_check
Failure of reading .//openmx_rst/openmx.crst_check
Failure of reading .//openmx_rst/openmx.crst_check
Could not open a file .//openmx_rst/openmx.ftpao in FT_PAO
Failure of reading .//openmx_rst/openmx.crst_check
Failure of reading .//openmx_rst/openmx.crst_check
Failure of reading .//openmx_rst/openmx.crst_check
Could not open a file .//openmx_rst/openmx.ftpao in FT_PAO
Failure of reading .//openmx_rst/openmx.crst_check
Failure of reading .//openmx_rst/openmx.crst_check
Could not open a file .//openmx_rst/openmx.ftpao in FT_PAO
Could not open a file .//openmx_rst/openmx.ftpao in FT_PAO
Failure of reading .//openmx_rst/openmx.crst_check
Failure of reading .//openmx_rst/openmx.crst_check
Could not open a file .//openmx_rst/openmx.ftpao in FT_PAO
Failure of reading .//openmx_rst/openmx.crst_check
Could not open a file .//openmx_rst/openmx.ftpao in FT_PAO
Could not open a file .//openmx_rst/openmx.ftpao in FT_PAO
Could not open a file .//openmx_rst/openmx.ftpao in FT_PAO
Failure of reading .//openmx_rst/openmx.crst_check
Failure of reading .//openmx_rst/openmx.crst_check
Failure of reading .//openmx_rst/openmx.crst_check
Failure of reading .//openmx_rst/openmx.crst_check
Failure of reading .//openmx_rst/openmx.crst_check
Could not open a file .//openmx_rst/openmx.ftpao in FT_PAO
Failure of reading .//openmx_rst/openmx.crst_check
Failure of reading .//openmx_rst/openmx.crst_check
Failure of reading .//openmx_rst/openmx.crst_check
Could not open a file .//openmx_rst/openmx.ftpao in FT_PAO
Could not open a file .//openmx_rst/openmx.ftpao in FT_PAO
Could not open a file .//openmx_rst/openmx.ftpao in FT_PAO
Failure of reading .//openmx_rst/openmx.crst_check
Could not open a file .//openmx_rst/openmx.ftpao in FT_PAO
Could not open a file .//openmx_rst/openmx.ftpao in FT_PAO
Could not open a file .//openmx_rst/openmx.ftpao in FT_PAO
Failure of reading .//openmx_rst/openmx.crst_check
Failure of reading .//openmx_rst/openmx.crst_check
Failure of reading .//openmx_rst/openmx.crst_check
Failure of reading .//openmx_rst/openmx.crst_check
Failure of reading .//openmx_rst/openmx.crst_check
Failure of reading .//openmx_rst/openmx.crst_check
Failure of reading .//openmx_rst/openmx.crst_check
Failure of reading .//openmx_rst/openmx.crst_check
Failure of reading .//openmx_rst/openmx.crst_check
Failure of reading .//openmx_rst/openmx.crst_check
Failure of reading .//openmx_rst/openmx.crst_check
Failure of reading .//openmx_rst/openmx.crst_check
Failure of reading .//openmx_rst/openmx.crst_check
Failure of reading .//openmx_rst/openmx.crst_check
Failure of reading .//openmx_rst/openmx.crst_check
Failure of reading .//openmx_rst/openmx.crst_check
Could not open a file .//openmx_rst/openmx.ftpao in FT_PAO
Could not open a file .//openmx_rst/openmx.ftpao in FT_PAO
Failure of reading .//openmx_rst/openmx.crst_check
Failure of reading .//openmx_rst/openmx.crst_check
Failure of reading .//openmx_rst/openmx.crst_check
Failure of reading .//openmx_rst/openmx.crst_check
Failure of reading .//openmx_rst/openmx.crst_check
Failure of reading .//openmx_rst/openmx.crst_check
Failure of reading .//openmx_rst/openmx.crst_check
Failure of reading .//openmx_rst/openmx.crst_check
Failure of reading .//openmx_rst/openmx.crst_check
Could not open a file .//openmx_rst/openmx.ftpao in FT_PAO
Failure of reading .//openmx_rst/openmx.crst_check
Could not open a file .//openmx_rst/openmx.ftpao in FT_PAO
Failure of reading .//openmx_rst/openmx.crst_check
Failure of reading .//openmx_rst/openmx.crst_check
Failure of reading .//openmx_rst/openmx.crst_check
Failure of reading .//openmx_rst/openmx.crst_check
Failure of reading .//openmx_rst/openmx.crst_check
Failure of reading .//openmx_rst/openmx.crst_check
Failure of reading .//openmx_rst/openmx.crst_check
Could not open a file .//openmx_rst/openmx.ftpao in FT_PAO
Failure of reading .//openmx_rst/openmx.crst_check
Failure of reading .//openmx_rst/openmx.crst_check
Failure of reading .//openmx_rst/openmx.crst_check
Failure of reading .//openmx_rst/openmx.crst_check
Failure of reading .//openmx_rst/openmx.crst_check
Failure of reading .//openmx_rst/openmx.crst_check
Failure of reading .//openmx_rst/openmx.crst_check
Failure of reading .//openmx_rst/openmx.crst_check
Failure of reading .//openmx_rst/openmx.crst_check
Could not open a file .//openmx_rst/openmx.ftpao in FT_PAO
Failure of reading .//openmx_rst/openmx.crst_check
Failure of reading .//openmx_rst/openmx.crst_check
Failure of reading .//openmx_rst/openmx.crst_check
Could not open a file .//openmx_rst/openmx.ftpao in FT_PAO
Failure of reading .//openmx_rst/openmx.crst_check
Could not open a file .//openmx_rst/openmx.ftpao in FT_PAO
Failure of reading .//openmx_rst/openmx.crst_check
Could not open a file .//openmx_rst/openmx.ftpao in FT_PAO
Failure of reading .//openmx_rst/openmx.crst_check
Failure of reading .//openmx_rst/openmx.crst_check
Failure of reading .//openmx_rst/openmx.crst_check
Could not open a file .//openmx_rst/openmx.ftpao in FT_PAO
Could not open a file .//openmx_rst/openmx.ftpao in FT_PAO
Failure of reading .//openmx_rst/openmx.crst_check
Failure of reading .//openmx_rst/openmx.crst_check
Failure of reading .//openmx_rst/openmx.crst_check
Could not open a file .//openmx_rst/openmx.ftpao in FT_PAO
Failure of reading .//openmx_rst/openmx.crst_check
Could not open a file .//openmx_rst/openmx.ftpao in FT_PAO
Could not open a file .//openmx_rst/openmx.ftpao in FT_PAO
Could not open a file .//openmx_rst/openmx.ftpao in FT_PAO
Failure of reading .//openmx_rst/openmx.crst_check
Failure of reading .//openmx_rst/openmx.crst_check
Failure of reading .//openmx_rst/openmx.crst_check
Failure of reading .//openmx_rst/openmx.crst_check
Failure of reading .//openmx_rst/openmx.crst_check
Could not open a file .//openmx_rst/openmx.ftpao in FT_PAO
Failure of reading .//openmx_rst/openmx.crst_check
Could not open a file .//openmx_rst/openmx.ftpao in FT_PAO
Could not open a file .//openmx_rst/openmx.ftpao in FT_PAO
Failure of reading .//openmx_rst/openmx.crst_check
Could not open a file .//openmx_rst/openmx.ftpao in FT_PAO
Failure of reading .//openmx_rst/openmx.crst_check
Failure of reading .//openmx_rst/openmx.crst_check
Failure of reading .//openmx_rst/openmx.crst_check
Could not open a file .//openmx_rst/openmx.ftpao in FT_PAO
Could not open a file .//openmx_rst/openmx.ftpao in FT_PAO
Failure of reading .//openmx_rst/openmx.crst_check
Could not open a file .//openmx_rst/openmx.ftpao in FT_PAO
Could not open a file .//openmx_rst/openmx.ftpao in FT_PAO
Failure of reading .//openmx_rst/openmx.crst_check
Failure of reading .//openmx_rst/openmx.crst_check
Failure of reading .//openmx_rst/openmx.crst_check
Could not open a file .//openmx_rst/openmx.ftpao in FT_PAO
Failure of reading .//openmx_rst/openmx.crst_check
Could not open a file .//openmx_rst/openmx.ftpao in FT_PAO
Failure of reading .//openmx_rst/openmx.crst_check
Could not open a file .//openmx_rst/openmx.ftpao in FT_PAO
Failure of reading .//openmx_rst/openmx.crst_check
Could not open a file .//openmx_rst/openmx.ftpao in FT_PAO
Could not open a file .//openmx_rst/openmx.ftpao in FT_PAO
Could not open a file .//openmx_rst/openmx.ftpao in FT_PAO
Could not open a file .//openmx_rst/openmx.ftpao in FT_PAO
Could not open a file .//openmx_rst/openmx.ftpao in FT_PAO
Could not open a file .//openmx_rst/openmx.ftpao in FT_PAO
Could not open a file .//openmx_rst/openmx.ftpao in FT_PAO
Could not open a file .//openmx_rst/openmx.ftpao in FT_PAO
Could not open a file .//openmx_rst/openmx.ftpao in FT_PAO
Could not open a file .//openmx_rst/openmx.ftpao in FT_PAO
Could not open a file .//openmx_rst/openmx.ftpao in FT_PAO
Could not open a file .//openmx_rst/openmx.ftpao in FT_PAO
Could not open a file .//openmx_rst/openmx.ftpao in FT_PAO
Could not open a file .//openmx_rst/openmx.ftpao in FT_PAO
Could not open a file .//openmx_rst/openmx.ftpao in FT_PAO
Could not open a file .//openmx_rst/openmx.ftpao in FT_PAO
Could not open a file .//openmx_rst/openmx.ftpao in FT_PAO
Could not open a file .//openmx_rst/openmx.ftpao in FT_PAO
Could not open a file .//openmx_rst/openmx.ftpao in FT_PAO
Could not open a file .//openmx_rst/openmx.ftpao in FT_PAO
Could not open a file .//openmx_rst/openmx.ftpao in FT_PAO
Could not open a file .//openmx_rst/openmx.ftpao in FT_PAO
Could not open a file .//openmx_rst/openmx.ftpao in FT_PAO
Could not open a file .//openmx_rst/openmx.ftpao in FT_PAO
Could not open a file .//openmx_rst/openmx.ftpao in FT_PAO
Could not open a file .//openmx_rst/openmx.ftpao in FT_PAO
Could not open a file .//openmx_rst/openmx.ftpao in FT_PAO
Could not open a file .//openmx_rst/openmx.ftpao in FT_PAO
Could not open a file .//openmx_rst/openmx.ftpao in FT_PAO
Could not open a file .//openmx_rst/openmx.ftpao in FT_PAO
Could not open a file .//openmx_rst/openmx.ftpao in FT_PAO
Could not open a file .//openmx_rst/openmx.ftpao in FT_PAO
Could not open a file .//openmx_rst/openmx.ftpao in FT_PAO
Could not open a file .//openmx_rst/openmx.ftpao in FT_PAO
Could not open a file .//openmx_rst/openmx.ftpao in FT_PAO
Could not open a file .//openmx_rst/openmx.ftpao in FT_PAO
Could not open a file .//openmx_rst/openmx.ftpao in FT_PAO
Could not open a file .//openmx_rst/openmx.ftpao in FT_PAO
Could not open a file .//openmx_rst/openmx.ftpao in FT_PAO
Could not open a file .//openmx_rst/openmx.ftpao in FT_PAO
Could not open a file .//openmx_rst/openmx.ftpao in FT_PAO
Could not open a file .//openmx_rst/openmx.ftpao in FT_PAO
Could not open a file .//openmx_rst/openmx.ftpao in FT_PAO
Could not open a file .//openmx_rst/openmx.ftpao in FT_PAO
Could not open a file .//openmx_rst/openmx.ftpao in FT_PAO
Could not open a file .//openmx_rst/openmx.ftpao in FT_PAO
Could not open a file .//openmx_rst/openmx.ftpao in FT_PAO
Could not open a file .//openmx_rst/openmx.ftpao in FT_PAO
Could not open a file .//openmx_rst/openmx.ftpao in FT_PAO
Could not open a file .//openmx_rst/openmx.ftpao in FT_PAO
Could not open a file .//openmx_rst/openmx.ftpao in FT_PAO
Could not open a file .//openmx_rst/openmx.ftpao in FT_PAO
Could not open a file .//openmx_rst/openmx.ftpao in FT_PAO
Could not open a file .//openmx_rst/openmx.ftpao in FT_PAO
Could not open a file .//openmx_rst/openmx.ftpao in FT_PAO
Could not open a file .//openmx_rst/openmx.ftpao in FT_PAO
Could not open a file .//openmx_rst/openmx.ftpao in FT_PAO
Could not open a file .//openmx_rst/openmx.ftpao in FT_PAO
Could not open a file .//openmx_rst/openmx.ftpao in FT_PAO
Could not open a file .//openmx_rst/openmx.ftpao in FT_PAO
Could not open a file .//openmx_rst/openmx.ftpao in FT_PAO
Could not open a file .//openmx_rst/openmx.ftpao in FT_PAO
Could not open a file .//openmx_rst/openmx.ftpao in FT_PAO
Could not open a file .//openmx_rst/openmx.ftpao in FT_PAO
Could not open a file .//openmx_rst/openmx.ftpao in FT_PAO
Could not open a file .//openmx_rst/openmx.ftpao in FT_PAO
Could not open a file .//openmx_rst/openmx.ftpao in FT_PAO
Could not open a file .//openmx_rst/openmx.ftpao in FT_PAO
Could not open a file .//openmx_rst/openmx.ftpao in FT_PAO
Could not open a file .//openmx_rst/openmx.ftpao in FT_PAO
Could not open a file .//openmx_rst/openmx.ftpao in FT_PAO
Could not open a file .//openmx_rst/openmx.ftpao in FT_PAO
Could not open a file .//openmx_rst/openmx.ftpao in FT_PAO
Could not open a file .//openmx_rst/openmx.ftpao in FT_PAO
Could not open a file .//openmx_rst/openmx.ftpao in FT_PAO
Could not open a file .//openmx_rst/openmx.ftpao in FT_PAO
Could not open a file .//openmx_rst/openmx.ftpao in FT_PAO
Could not open a file .//openmx_rst/openmx.ftpao in FT_PAO
Could not open a file .//openmx_rst/openmx.ftpao in FT_PAO
Could not open a file .//openmx_rst/openmx.ftpao in FT_PAO
Could not open a file .//openmx_rst/openmx.ftpao in FT_PAO
Could not open a file .//openmx_rst/openmx.ftpao in FT_PAO
Could not open a file .//openmx_rst/openmx.ftpao in FT_PAO
Could not open a file .//openmx_rst/openmx.ftpao in FT_PAO
Could not open a file .//openmx_rst/openmx.ftpao in FT_PAO
Could not open a file .//openmx_rst/openmx.ftpao in FT_PAO
Could not open a file .//openmx_rst/openmx.ftpao in FT_PAO
Could not open a file .//openmx_rst/openmx.ftpao in FT_PAO
Could not open a file .//openmx_rst/openmx.ftpao in FT_PAO
Could not open a file .//openmx_rst/openmx.ftpao in FT_PAO
Could not open a file .//openmx_rst/openmx.ftpao in FT_PAO
Could not open a file .//openmx_rst/openmx.ftpao in FT_PAO
Could not open a file .//openmx_rst/openmx.ftpao in FT_PAO
Could not open a file .//openmx_rst/openmx.ftpao in FT_PAO
Could not open a file .//openmx_rst/openmx.ftpao in FT_PAO
Could not open a file .//openmx_rst/openmx.ftpao in FT_PAO
Could not open a file .//openmx_rst/openmx.ftpao in FT_PAO
Could not open a file .//openmx_rst/openmx.ftpao in FT_PAO
Could not open a file .//openmx_rst/openmx.ftpao in FT_PAO
Could not open a file .//openmx_rst/openmx.ftpao in FT_PAO
Could not open a file .//openmx_rst/openmx.ftpao in FT_PAO
Could not open a file .//openmx_rst/openmx.ftpao in FT_PAO
Could not open a file .//openmx_rst/openmx.ftpao in FT_PAO
Could not open a file .//openmx_rst/openmx.ftpao in FT_PAO
Could not open a file .//openmx_rst/openmx.ftpao in FT_PAO
Could not open a file .//openmx_rst/openmx.ftpao in FT_PAO
Could not open a file .//openmx_rst/openmx.ftpao in FT_PAO
Could not open a file .//openmx_rst/openmx.ftpao in FT_PAO
Could not open a file .//openmx_rst/openmx.ftpao in FT_PAO
Could not open a file .//openmx_rst/openmx.ftpao in FT_PAO
Could not open a file .//openmx_rst/openmx.ftpao in FT_PAO
Could not open a file .//openmx_rst/openmx.ftpao in FT_PAO
Could not open a file .//openmx_rst/openmx.ftpao in FT_PAO
Could not open a file .//openmx_rst/openmx.ftpao in FT_PAO
Could not open a file .//openmx_rst/openmx.ftpao in FT_PAO
Could not open a file .//openmx_rst/openmx.ftpao in FT_PAO
Could not open a file .//openmx_rst/openmx.ftpao in FT_PAO
Could not open a file .//openmx_rst/openmx.ftpao in FT_PAO
Could not open a file .//openmx_rst/openmx.ftpao in FT_PAO
Could not open a file .//openmx_rst/openmx.ftpao in FT_PAO
Could not open a file .//openmx_rst/openmx.ftpao in FT_PAO
Could not open a file .//openmx_rst/openmx.ftpao in FT_PAO
Could not open a file .//openmx_rst/openmx.ftpao in FT_PAO
Could not open a file .//openmx_rst/openmx.ftpao in FT_PAO
Could not open a file .//openmx_rst/openmx.ftpao in FT_PAO
Could not open a file .//openmx_rst/openmx.ftpao in FT_PAO
Could not open a file .//openmx_rst/openmx.ftpao in FT_PAO
Could not open a file .//openmx_rst/openmx.ftpao in FT_PAO
Could not open a file .//openmx_rst/openmx.ftpao in FT_PAO
Could not open a file .//openmx_rst/openmx.ftpao in FT_PAO
Could not open a file .//openmx_rst/openmx.ftpao in FT_PAO
Could not open a file .//openmx_rst/openmx.ftpao in FT_PAO
Could not open a file .//openmx_rst/openmx.ftpao in FT_PAO
Could not open a file .//openmx_rst/openmx.ftpao in FT_PAO
Could not open a file .//openmx_rst/openmx.ftpao in FT_PAO
Could not open a file .//openmx_rst/openmx.ftpao in FT_PAO
Could not open a file .//openmx_rst/openmx.ftpao in FT_PAO
Could not open a file .//openmx_rst/openmx.ftpao in FT_PAO
Could not open a file .//openmx_rst/openmx.ftpao in FT_PAO
Could not open a file .//openmx_rst/openmx.ftpao in FT_PAO
Could not open a file .//openmx_rst/openmx.ftpao in FT_PAO
Could not open a file .//openmx_rst/openmx.ftpao in FT_PAO
Could not open a file .//openmx_rst/openmx.ftpao in FT_PAO
Could not open a file .//openmx_rst/openmx.ftpao in FT_PAO
Could not open a file .//openmx_rst/openmx.ftpao in FT_PAO
Could not open a file .//openmx_rst/openmx.ftpao in FT_PAO
Could not open a file .//openmx_rst/openmx.ftpao in FT_PAO
Could not open a file .//openmx_rst/openmx.ftpao in FT_PAO
Could not open a file .//openmx_rst/openmx.ftnlp in FT_NLP
Could not open a file .//openmx_rst/openmx.ftnlp in FT_NLP
Could not open a file .//openmx_rst/openmx.ftnlp in FT_NLP
Could not open a file .//openmx_rst/openmx.ftnlp in FT_NLP
Could not open a file .//openmx_rst/openmx.ftnlp in FT_NLP
Could not open a file .//openmx_rst/openmx.ftnlp in FT_NLP
Could not open a file .//openmx_rst/openmx.ftnlp in FT_NLP
Could not open a file .//openmx_rst/openmx.ftnlp in FT_NLP
Could not open a file .//openmx_rst/openmx.ftnlp in FT_NLP
Could not open a file .//openmx_rst/openmx.ftnlp in FT_NLP
Could not open a file .//openmx_rst/openmx.ftnlp in FT_NLP
Could not open a file .//openmx_rst/openmx.ftnlp in FT_NLP
Could not open a file .//openmx_rst/openmx.ftnlp in FT_NLP
Could not open a file .//openmx_rst/openmx.ftnlp in FT_NLP
Could not open a file .//openmx_rst/openmx.ftnlp in FT_NLP
Could not open a file .//openmx_rst/openmx.ftnlp in FT_NLP
Could not open a file .//openmx_rst/openmx.ftnlp in FT_NLP
Could not open a file .//openmx_rst/openmx.ftnlp in FT_NLP
Could not open a file .//openmx_rst/openmx.ftnlp in FT_NLP
Could not open a file .//openmx_rst/openmx.ftnlp in FT_NLP
Could not open a file .//openmx_rst/openmx.ftnlp in FT_NLP
Could not open a file .//openmx_rst/openmx.ftnlp in FT_NLP
Could not open a file .//openmx_rst/openmx.ftnlp in FT_NLP
Could not open a file .//openmx_rst/openmx.ftnlp in FT_NLP
Could not open a file .//openmx_rst/openmx.ftnlp in FT_NLP
Could not open a file .//openmx_rst/openmx.ftnlp in FT_NLP
Could not open a file .//openmx_rst/openmx.ftnlp in FT_NLP
Could not open a file .//openmx_rst/openmx.ftnlp in FT_NLP
Could not open a file .//openmx_rst/openmx.ftnlp in FT_NLP
Could not open a file .//openmx_rst/openmx.ftnlp in FT_NLP
Could not open a file .//openmx_rst/openmx.ftnlp in FT_NLP
Could not open a file .//openmx_rst/openmx.ftnlp in FT_NLP
Could not open a file .//openmx_rst/openmx.ftnlp in FT_NLP
Could not open a file .//openmx_rst/openmx.ftnlp in FT_NLP
Could not open a file .//openmx_rst/openmx.ftnlp in FT_NLP
Could not open a file .//openmx_rst/openmx.ftnlp in FT_NLP
Could not open a file .//openmx_rst/openmx.ftnlp in FT_NLP
Could not open a file .//openmx_rst/openmx.ftnlp in FT_NLP
Could not open a file .//openmx_rst/openmx.ftnlp in FT_NLP
Could not open a file .//openmx_rst/openmx.ftnlp in FT_NLP
Could not open a file .//openmx_rst/openmx.ftnlp in FT_NLP
Could not open a file .//openmx_rst/openmx.ftnlp in FT_NLP
Could not open a file .//openmx_rst/openmx.ftnlp in FT_NLP
Could not open a file .//openmx_rst/openmx.ftnlp in FT_NLP
Could not open a file .//openmx_rst/openmx.ftnlp in FT_NLP
Could not open a file .//openmx_rst/openmx.ftnlp in FT_NLP
Could not open a file .//openmx_rst/openmx.ftnlp in FT_NLP
Could not open a file .//openmx_rst/openmx.ftnlp in FT_NLP
Could not open a file .//openmx_rst/openmx.ftnlp in FT_NLP
Could not open a file .//openmx_rst/openmx.ftnlp in FT_NLP
Could not open a file .//openmx_rst/openmx.ftnlp in FT_NLP
Could not open a file .//openmx_rst/openmx.ftnlp in FT_NLP
Could not open a file .//openmx_rst/openmx.ftnlp in FT_NLP
Could not open a file .//openmx_rst/openmx.ftnlp in FT_NLP
Could not open a file .//openmx_rst/openmx.ftnlp in FT_NLP
Could not open a file .//openmx_rst/openmx.ftnlp in FT_NLP
Could not open a file .//openmx_rst/openmx.ftnlp in FT_NLP
Could not open a file .//openmx_rst/openmx.ftnlp in FT_NLP
Could not open a file .//openmx_rst/openmx.ftnlp in FT_NLP
Could not open a file .//openmx_rst/openmx.ftnlp in FT_NLP
Could not open a file .//openmx_rst/openmx.ftnlp in FT_NLP
Could not open a file .//openmx_rst/openmx.ftnlp in FT_NLP
Could not open a file .//openmx_rst/openmx.ftnlp in FT_NLP
Could not open a file .//openmx_rst/openmx.ftnlp in FT_NLP
Could not open a file .//openmx_rst/openmx.ftnlp in FT_NLP
Could not open a file .//openmx_rst/openmx.ftnlp in FT_NLP
Could not open a file .//openmx_rst/openmx.ftnlp in FT_NLP
Could not open a file .//openmx_rst/openmx.ftnlp in FT_NLP
Could not open a file .//openmx_rst/openmx.ftnlp in FT_NLP
Could not open a file .//openmx_rst/openmx.ftnlp in FT_NLP
Could not open a file .//openmx_rst/openmx.ftnlp in FT_NLP
Could not open a file .//openmx_rst/openmx.ftnlp in FT_NLP
Could not open a file .//openmx_rst/openmx.ftnlp in FT_NLP
Could not open a file .//openmx_rst/openmx.ftnlp in FT_NLP
Could not open a file .//openmx_rst/openmx.ftnlp in FT_NLP
Could not open a file .//openmx_rst/openmx.ftnlp in FT_NLP
Could not open a file .//openmx_rst/openmx.ftnlp in FT_NLP
Could not open a file .//openmx_rst/openmx.ftnlp in FT_NLP
Could not open a file .//openmx_rst/openmx.ftnlp in FT_NLP
Could not open a file .//openmx_rst/openmx.ftnlp in FT_NLP
Could not open a file .//openmx_rst/openmx.ftnlp in FT_NLP
Could not open a file .//openmx_rst/openmx.ftnlp in FT_NLP
Could not open a file .//openmx_rst/openmx.ftnlp in FT_NLP
Could not open a file .//openmx_rst/openmx.ftnlp in FT_NLP
Could not open a file .//openmx_rst/openmx.ftnlp in FT_NLP
Could not open a file .//openmx_rst/openmx.ftnlp in FT_NLP
Could not open a file .//openmx_rst/openmx.ftnlp in FT_NLP
Could not open a file .//openmx_rst/openmx.ftnlp in FT_NLP
Could not open a file .//openmx_rst/openmx.ftnlp in FT_NLP
Could not open a file .//openmx_rst/openmx.ftnlp in FT_NLP
Could not open a file .//openmx_rst/openmx.ftnlp in FT_NLP
Could not open a file .//openmx_rst/openmx.ftnlp in FT_NLP
Could not open a file .//openmx_rst/openmx.ftnlp in FT_NLP
Could not open a file .//openmx_rst/openmx.ftnlp in FT_NLP
Could not open a file .//openmx_rst/openmx.ftnlp in FT_NLP
Could not open a file .//openmx_rst/openmx.ftnlp in FT_NLP
Could not open a file .//openmx_rst/openmx.ftnlp in FT_NLP
Could not open a file .//openmx_rst/openmx.ftnlp in FT_NLP
Could not open a file .//openmx_rst/openmx.ftnlp in FT_NLP
Could not open a file .//openmx_rst/openmx.ftnlp in FT_NLP
Could not open a file .//openmx_rst/openmx.ftnlp in FT_NLP
Could not open a file .//openmx_rst/openmx.ftnlp in FT_NLP
Could not open a file .//openmx_rst/openmx.ftnlp in FT_NLP
Could not open a file .//openmx_rst/openmx.ftnlp in FT_NLP
Could not open a file .//openmx_rst/openmx.ftnlp in FT_NLP
Could not open a file .//openmx_rst/openmx.ftnlp in FT_NLP
Could not open a file .//openmx_rst/openmx.ftnlp in FT_NLP
Could not open a file .//openmx_rst/openmx.ftnlp in FT_NLP
Could not open a file .//openmx_rst/openmx.ftnlp in FT_NLP
Could not open a file .//openmx_rst/openmx.ftnlp in FT_NLP
Could not open a file .//openmx_rst/openmx.ftnlp in FT_NLP
Could not open a file .//openmx_rst/openmx.ftnlp in FT_NLP
Could not open a file .//openmx_rst/openmx.ftnlp in FT_NLP
Could not open a file .//openmx_rst/openmx.ftnlp in FT_NLP
Could not open a file .//openmx_rst/openmx.ftnlp in FT_NLP
Could not open a file .//openmx_rst/openmx.ftnlp in FT_NLP
Could not open a file .//openmx_rst/openmx.ftnlp in FT_NLP
Could not open a file .//openmx_rst/openmx.ftnlp in FT_NLP
Could not open a file .//openmx_rst/openmx.ftnlp in FT_NLP
Could not open a file .//openmx_rst/openmx.ftnlp in FT_NLP
Could not open a file .//openmx_rst/openmx.ftnlp in FT_NLP
Could not open a file .//openmx_rst/openmx.ftnlp in FT_NLP
Could not open a file .//openmx_rst/openmx.ftnlp in FT_NLP
Could not open a file .//openmx_rst/openmx.ftnlp in FT_NLP
Could not open a file .//openmx_rst/openmx.ftnlp in FT_NLP
Could not open a file .//openmx_rst/openmx.ftnlp in FT_NLP
Could not open a file .//openmx_rst/openmx.ftnlp in FT_NLP
Could not open a file .//openmx_rst/openmx.ftnlp in FT_NLP
Could not open a file .//openmx_rst/openmx.ftnlp in FT_NLP
Could not open a file .//openmx_rst/openmx.ftnlp in FT_NLP
Could not open a file .//openmx_rst/openmx.ftnlp in FT_NLP
Could not open a file .//openmx_rst/openmx.ftnlp in FT_NLP
Could not open a file .//openmx_rst/openmx.ftnlp in FT_NLP
Could not open a file .//openmx_rst/openmx.ftnlp in FT_NLP
Could not open a file .//openmx_rst/openmx.ftnlp in FT_NLP
Could not open a file .//openmx_rst/openmx.ftnlp in FT_NLP
Could not open a file .//openmx_rst/openmx.ftnlp in FT_NLP
Could not open a file .//openmx_rst/openmx.ftnlp in FT_NLP
Could not open a file .//openmx_rst/openmx.ftnlp in FT_NLP
Could not open a file .//openmx_rst/openmx.ftnlp in FT_NLP
Could not open a file .//openmx_rst/openmx.ftnlp in FT_NLP
Could not open a file .//openmx_rst/openmx.ftnlp in FT_NLP
Could not open a file .//openmx_rst/openmx.ftnlp in FT_NLP
Could not open a file .//openmx_rst/openmx.ftnlp in FT_NLP
Could not open a file .//openmx_rst/openmx.ftnlp in FT_NLP
Could not open a file .//openmx_rst/openmx.ftnlp in FT_NLP
Could not open a file .//openmx_rst/openmx.ftnlp in FT_NLP
Could not open a file .//openmx_rst/openmx.ftnlp in FT_NLP
Could not open a file .//openmx_rst/openmx.ftnlp in FT_NLP
Could not open a file .//openmx_rst/openmx.ftnlp in FT_NLP
Could not open a file .//openmx_rst/openmx.ftnlp in FT_NLP
Could not open a file .//openmx_rst/openmx.ftnlp in FT_NLP
Could not open a file .//openmx_rst/openmx.ftnlp in FT_NLP
Could not open a file .//openmx_rst/openmx.ftnlp in FT_NLP
Could not open a file .//openmx_rst/openmx.ftnlp in FT_NLP
Could not open a file .//openmx_rst/openmx.ftnlp in FT_NLP
Could not open a file .//openmx_rst/openmx.ftnlp in FT_NLP
Could not open a file .//openmx_rst/openmx.ftnlp in FT_NLP
Could not open a file .//openmx_rst/openmx.ftnlp in FT_NLP
Could not open a file .//openmx_rst/openmx.ftnlp in FT_NLP
Could not open a file .//openmx_rst/openmx.ftnlp in FT_NLP
Could not open a file .//openmx_rst/openmx.ftnlp in FT_NLP
Could not open a file .//openmx_rst/openmx.ftnlp in FT_NLP
Could not open a file .//openmx_rst/openmx.ftnlp in FT_NLP
Could not open a file .//openmx_rst/openmx.ftnlp in FT_NLP
Could not open a file .//openmx_rst/openmx.ftnlp in FT_NLP
Could not open a file .//openmx_rst/openmx.ftnlp in FT_NLP
Could not open a file .//openmx_rst/openmx.ftnlp in FT_NLP
Could not open a file .//openmx_rst/openmx.ftnlp in FT_NLP
Could not open a file .//openmx_rst/openmx.ftnlp in FT_NLP
Could not open a file .//openmx_rst/openmx.ftnlp in FT_NLP
Could not open a file .//openmx_rst/openmx.ftnlp in FT_NLP
Could not open a file .//openmx_rst/openmx.ftnlp in FT_NLP
Could not open a file .//openmx_rst/openmx.ftnlp in FT_NLP
Could not open a file .//openmx_rst/openmx.ftnlp in FT_NLP
Could not open a file .//openmx_rst/openmx.ftnlp in FT_NLP
Could not open a file .//openmx_rst/openmx.ftnlp in FT_NLP
Could not open a file .//openmx_rst/openmx.ftnlp in FT_NLP
Could not open a file .//openmx_rst/openmx.ftnlp in FT_NLP
Could not open a file .//openmx_rst/openmx.ftnlp in FT_NLP
Could not open a file .//openmx_rst/openmx.ftnlp in FT_NLP
Could not open a file .//openmx_rst/openmx.ftnlp in FT_NLP
Could not open a file .//openmx_rst/openmx.ftnlp in FT_NLP
Could not open a file .//openmx_rst/openmx.ftnlp in FT_NLP
Could not open a file .//openmx_rst/openmx.ftnlp in FT_NLP
Could not open a file .//openmx_rst/openmx.ftnlp in FT_NLP
Could not open a file .//openmx_rst/openmx.ftnlp in FT_NLP
Could not open a file .//openmx_rst/openmx.ftnlp in FT_NLP
Could not open a file .//openmx_rst/openmx.ftnlp in FT_NLP
Could not open a file .//openmx_rst/openmx.ftnlp in FT_NLP
Could not open a file .//openmx_rst/openmx.ftnlp in FT_NLP
Could not open a file .//openmx_rst/openmx.ftnlp in FT_NLP
Could not open a file .//openmx_rst/openmx.ftnlp in FT_NLP
Could not open a file .//openmx_rst/openmx.ftnlp in FT_NLP
Could not open a file .//openmx_rst/openmx.ftnlp in FT_NLP
Could not open a file .//openmx_rst/openmx.ftnlp in FT_NLP
Could not open a file .//openmx_rst/openmx.ftnlp in FT_NLP
Could not open a file .//openmx_rst/openmx.ftnlp in FT_NLP
Could not open a file .//openmx_rst/openmx.ftnlp in FT_NLP
Could not open a file .//openmx_rst/openmx.ftnlp in FT_NLP
Could not open a file .//openmx_rst/openmx.ftnlp in FT_NLP
Could not open a file .//openmx_rst/openmx.ftnlp in FT_NLP
Could not open a file .//openmx_rst/openmx.ftnlp in FT_NLP
Could not open a file .//openmx_rst/openmx.ftnlp in FT_NLP
Could not open a file .//openmx_rst/openmx.ftnlp in FT_NLP
Could not open a file .//openmx_rst/openmx.ftnlp in FT_NLP
Could not open a file .//openmx_rst/openmx.ftnlp in FT_NLP
Could not open a file .//openmx_rst/openmx.ftnlp in FT_NLP
Could not open a file .//openmx_rst/openmx.ftnlp in FT_NLP
Could not open a file .//openmx_rst/openmx.ftnlp in FT_NLP
Could not open a file .//openmx_rst/openmx.ftnlp in FT_NLP
Could not open a file .//openmx_rst/openmx.ftnlp in FT_NLP
Could not open a file .//openmx_rst/openmx.ftnlp in FT_NLP
Could not open a file .//openmx_rst/openmx.ftnlp in FT_NLP
Could not open a file .//openmx_rst/openmx.ftnlp in FT_NLP
Could not open a file .//openmx_rst/openmx.ftnlp in FT_NLP
Could not open a file .//openmx_rst/openmx.ftnlp in FT_NLP
Could not open a file .//openmx_rst/openmx.ftnlp in FT_NLP
Could not open a file .//openmx_rst/openmx.ftnlp in FT_NLP
Could not open a file .//openmx_rst/openmx.ftnlp in FT_NLP
Could not open a file .//openmx_rst/openmx.ftnlp in FT_NLP
Could not open a file .//openmx_rst/openmx.ftnlp in FT_NLP
Could not open a file .//openmx_rst/openmx.ftnlp in FT_NLP
Could not open a file .//openmx_rst/openmx.ftnlp in FT_NLP
Could not open a file .//openmx_rst/openmx.ftnlp in FT_NLP
Could not open a file .//openmx_rst/openmx.ftnlp in FT_NLP
Could not open a file .//openmx_rst/openmx.ftnlp in FT_NLP
Could not open a file .//openmx_rst/openmx.ftnlp in FT_NLP
<FT_NLP>          Fourier transform of non-local projectors
Could not open a file .//openmx_rst/openmx.ftnlp in FT_NLP
Could not open a file .//openmx_rst/openmx.ftnlp in FT_NLP
Could not open a file .//openmx_rst/openmx.ftnlp in FT_NLP
Could not open a file .//openmx_rst/openmx.ftnlp in FT_NLP
Could not open a file .//openmx_rst/openmx.ftnlp in FT_NLP
Could not open a file .//openmx_rst/openmx.ftnlp in FT_NLP
Could not open a file .//openmx_rst/openmx.ftnlp in FT_NLP
Could not open a file .//openmx_rst/openmx.ftnlp in FT_NLP
Could not open a file .//openmx_rst/openmx.ftnlp in FT_NLP
Could not open a file .//openmx_rst/openmx.ftnlp in FT_NLP
Could not open a file .//openmx_rst/openmx.ftnlp in FT_NLP
Could not open a file .//openmx_rst/openmx.ftnlp in FT_NLP
Could not open a file .//openmx_rst/openmx.ftnlp in FT_NLP
Could not open a file .//openmx_rst/openmx.ftnlp in FT_NLP
Could not open a file .//openmx_rst/openmx.ftnlp in FT_NLP
Could not open a file .//openmx_rst/openmx.ftnlp in FT_NLP
Could not open a file .//openmx_rst/openmx.ftnlp in FT_NLP
Could not open a file .//openmx_rst/openmx.ftnlp in FT_NLP
Could not open a file .//openmx_rst/openmx.ftnlp in FT_NLP
Could not open a file .//openmx_rst/openmx.ftnlp in FT_NLP
Could not open a file .//openmx_rst/openmx.ftnlp in FT_NLP
Could not open a file .//openmx_rst/openmx.ftnlp in FT_NLP
Could not open a file .//openmx_rst/openmx.ftnlp in FT_NLP
Could not open a file .//openmx_rst/openmx.ftnlp in FT_NLP
Could not open a file .//openmx_rst/openmx.ftnlp in FT_NLP
Could not open a file .//openmx_rst/openmx.ftnlp in FT_NLP
Could not open a file .//openmx_rst/openmx.ftnlp in FT_NLP
Could not open a file .//openmx_rst/openmx.ftnlp in FT_NLP

*******************************************************
  Allocation of atoms to processors at MD_iter=    1     
*******************************************************

 proc =   0  # of atoms=   1  estimated weight=         1.00000
 proc =   1  # of atoms=   1  estimated weight=         1.00000
 proc =   2  # of atoms=   1  estimated weight=         1.00000
 proc =   3  # of atoms=   2  estimated weight=         2.00000
 proc =   4  # of atoms=   1  estimated weight=         1.00000
 proc =   5  # of atoms=   1  estimated weight=         1.00000
 proc =   6  # of atoms=   1  estimated weight=         1.00000
 proc =   7  # of atoms=   2  estimated weight=         2.00000
 proc =   8  # of atoms=   1  estimated weight=         1.00000
 proc =   9  # of atoms=   1  estimated weight=         1.00000
 proc =  10  # of atoms=   1  estimated weight=         1.00000
 proc =  11  # of atoms=   2  estimated weight=         2.00000
 proc =  12  # of atoms=   1  estimated weight=         1.00000
 proc =  13  # of atoms=   2  estimated weight=         2.00000
 proc =  14  # of atoms=   1  estimated weight=         1.00000
 proc =  15  # of atoms=   2  estimated weight=         2.00000
 proc =  16  # of atoms=   1  estimated weight=         1.00000
 proc =  17  # of atoms=   1  estimated weight=         1.00000
 proc =  18  # of atoms=   1  estimated weight=         1.00000
 proc =  19  # of atoms=   2  estimated weight=         2.00000
 proc =  20  # of atoms=   1  estimated weight=         1.00000
 proc =  21  # of atoms=   1  estimated weight=         1.00000
 proc =  22  # of atoms=   1  estimated weight=         1.00000
 proc =  23  # of atoms=   2  estimated weight=         2.00000
 proc =  24  # of atoms=   1  estimated weight=         1.00000
 proc =  25  # of atoms=   1  estimated weight=         1.00000
 proc =  26  # of atoms=   1  estimated weight=         1.00000
 proc =  27  # of atoms=   2  estimated weight=         2.00000
 proc =  28  # of atoms=   1  estimated weight=         1.00000
 proc =  29  # of atoms=   2  estimated weight=         2.00000
 proc =  30  # of atoms=   1  estimated weight=         1.00000
 proc =  31  # of atoms=   2  estimated weight=         2.00000
 proc =  32  # of atoms=   1  estimated weight=         1.00000
 proc =  33  # of atoms=   1  estimated weight=         1.00000
 proc =  34  # of atoms=   1  estimated weight=         1.00000
 proc =  35  # of atoms=   2  estimated weight=         2.00000
 proc =  36  # of atoms=   1  estimated weight=         1.00000
 proc =  37  # of atoms=   1  estimated weight=         1.00000
 proc =  38  # of atoms=   1  estimated weight=         1.00000
 proc =  39  # of atoms=   2  estimated weight=         2.00000
 proc =  40  # of atoms=   1  estimated weight=         1.00000
 proc =  41  # of atoms=   1  estimated weight=         1.00000
 proc =  42  # of atoms=   1  estimated weight=         1.00000
 proc =  43  # of atoms=   2  estimated weight=         2.00000
 proc =  44  # of atoms=   1  estimated weight=         1.00000
 proc =  45  # of atoms=   2  estimated weight=         2.00000
 proc =  46  # of atoms=   1  estimated weight=         1.00000
 proc =  47  # of atoms=   2  estimated weight=         2.00000
 proc =  48  # of atoms=   1  estimated weight=         1.00000
 proc =  49  # of atoms=   1  estimated weight=         1.00000
 proc =  50  # of atoms=   1  estimated weight=         1.00000
 proc =  51  # of atoms=   2  estimated weight=         2.00000
 proc =  52  # of atoms=   1  estimated weight=         1.00000
 proc =  53  # of atoms=   2  estimated weight=         2.00000
 proc =  54  # of atoms=   1  estimated weight=         1.00000
 proc =  55  # of atoms=   2  estimated weight=         2.00000
 proc =  56  # of atoms=   1  estimated weight=         1.00000
 proc =  57  # of atoms=   1  estimated weight=         1.00000
 proc =  58  # of atoms=   1  estimated weight=         1.00000
 proc =  59  # of atoms=   2  estimated weight=         2.00000
 proc =  60  # of atoms=   1  estimated weight=         1.00000
 proc =  61  # of atoms=   2  estimated weight=         2.00000
 proc =  62  # of atoms=   1  estimated weight=         1.00000
 proc =  63  # of atoms=   2  estimated weight=         2.00000
 proc =  64  # of atoms=   1  estimated weight=         1.00000
 proc =  65  # of atoms=   1  estimated weight=         1.00000
 proc =  66  # of atoms=   1  estimated weight=         1.00000
 proc =  67  # of atoms=   2  estimated weight=         2.00000
 proc =  68  # of atoms=   1  estimated weight=         1.00000
 proc =  69  # of atoms=   1  estimated weight=         1.00000
 proc =  70  # of atoms=   1  estimated weight=         1.00000
 proc =  71  # of atoms=   2  estimated weight=         2.00000
 proc =  72  # of atoms=   1  estimated weight=         1.00000
 proc =  73  # of atoms=   1  estimated weight=         1.00000
 proc =  74  # of atoms=   1  estimated weight=         1.00000
 proc =  75  # of atoms=   2  estimated weight=         2.00000
 proc =  76  # of atoms=   1  estimated weight=         1.00000
 proc =  77  # of atoms=   2  estimated weight=         2.00000
 proc =  78  # of atoms=   1  estimated weight=         1.00000
 proc =  79  # of atoms=   2  estimated weight=         2.00000
 proc =  80  # of atoms=   1  estimated weight=         1.00000
 proc =  81  # of atoms=   1  estimated weight=         1.00000
 proc =  82  # of atoms=   1  estimated weight=         1.00000
 proc =  83  # of atoms=   2  estimated weight=         2.00000
 proc =  84  # of atoms=   1  estimated weight=         1.00000
 proc =  85  # of atoms=   2  estimated weight=         2.00000
 proc =  86  # of atoms=   1  estimated weight=         1.00000
 proc =  87  # of atoms=   2  estimated weight=         2.00000
 proc =  88  # of atoms=   1  estimated weight=         1.00000
 proc =  89  # of atoms=   1  estimated weight=         1.00000
 proc =  90  # of atoms=   1  estimated weight=         1.00000
 proc =  91  # of atoms=   2  estimated weight=         2.00000
 proc =  92  # of atoms=   1  estimated weight=         1.00000
 proc =  93  # of atoms=   2  estimated weight=         2.00000
 proc =  94  # of atoms=   1  estimated weight=         1.00000
 proc =  95  # of atoms=   2  estimated weight=         2.00000
 proc =  96  # of atoms=   1  estimated weight=         1.00000
 proc =  97  # of atoms=   1  estimated weight=         1.00000
 proc =  98  # of atoms=   1  estimated weight=         1.00000
 proc =  99  # of atoms=   2  estimated weight=         2.00000
 proc = 100  # of atoms=   1  estimated weight=         1.00000
 proc = 101  # of atoms=   1  estimated weight=         1.00000
 proc = 102  # of atoms=   1  estimated weight=         1.00000
 proc = 103  # of atoms=   2  estimated weight=         2.00000
 proc = 104  # of atoms=   1  estimated weight=         1.00000
 proc = 105  # of atoms=   1  estimated weight=         1.00000
 proc = 106  # of atoms=   1  estimated weight=         1.00000
 proc = 107  # of atoms=   2  estimated weight=         2.00000
 proc = 108  # of atoms=   1  estimated weight=         1.00000
 proc = 109  # of atoms=   2  estimated weight=         2.00000
 proc = 110  # of atoms=   1  estimated weight=         1.00000
 proc = 111  # of atoms=   2  estimated weight=         2.00000
 proc = 112  # of atoms=   1  estimated weight=         1.00000
 proc = 113  # of atoms=   1  estimated weight=         1.00000
 proc = 114  # of atoms=   1  estimated weight=         1.00000
 proc = 115  # of atoms=   2  estimated weight=         2.00000
 proc = 116  # of atoms=   1  estimated weight=         1.00000
 proc = 117  # of atoms=   2  estimated weight=         2.00000
 proc = 118  # of atoms=   1  estimated weight=         1.00000
 proc = 119  # of atoms=   2  estimated weight=         2.00000
 proc = 120  # of atoms=   1  estimated weight=         1.00000
 proc = 121  # of atoms=   1  estimated weight=         1.00000
 proc = 122  # of atoms=   1  estimated weight=         1.00000
 proc = 123  # of atoms=   2  estimated weight=         2.00000
 proc = 124  # of atoms=   1  estimated weight=         1.00000
 proc = 125  # of atoms=   2  estimated weight=         2.00000
 proc = 126  # of atoms=   1  estimated weight=         1.00000
 proc = 127  # of atoms=   2  estimated weight=         2.00000
 proc = 128  # of atoms=   1  estimated weight=         1.00000
 proc = 129  # of atoms=   1  estimated weight=         1.00000
 proc = 130  # of atoms=   1  estimated weight=         1.00000
 proc = 131  # of atoms=   2  estimated weight=         2.00000
 proc = 132  # of atoms=   1  estimated weight=         1.00000
 proc = 133  # of atoms=   1  estimated weight=         1.00000
 proc = 134  # of atoms=   1  estimated weight=         1.00000
 proc = 135  # of atoms=   2  estimated weight=         2.00000
 proc = 136  # of atoms=   1  estimated weight=         1.00000
 proc = 137  # of atoms=   1  estimated weight=         1.00000
 proc = 138  # of atoms=   1  estimated weight=         1.00000
 proc = 139  # of atoms=   2  estimated weight=         2.00000
 proc = 140  # of atoms=   1  estimated weight=         1.00000
 proc = 141  # of atoms=   2  estimated weight=         2.00000
 proc = 142  # of atoms=   1  estimated weight=         1.00000
 proc = 143  # of atoms=   2  estimated weight=         2.00000
 proc = 144  # of atoms=   1  estimated weight=         1.00000
 proc = 145  # of atoms=   1  estimated weight=         1.00000
 proc = 146  # of atoms=   1  estimated weight=         1.00000
 proc = 147  # of atoms=   2  estimated weight=         2.00000
 proc = 148  # of atoms=   1  estimated weight=         1.00000
 proc = 149  # of atoms=   2  estimated weight=         2.00000
 proc = 150  # of atoms=   1  estimated weight=         1.00000
 proc = 151  # of atoms=   2  estimated weight=         2.00000
 proc = 152  # of atoms=   1  estimated weight=         1.00000
 proc = 153  # of atoms=   1  estimated weight=         1.00000
 proc = 154  # of atoms=   1  estimated weight=         1.00000
 proc = 155  # of atoms=   2  estimated weight=         2.00000
 proc = 156  # of atoms=   1  estimated weight=         1.00000
 proc = 157  # of atoms=   2  estimated weight=         2.00000
 proc = 158  # of atoms=   1  estimated weight=         1.00000
 proc = 159  # of atoms=   2  estimated weight=         2.00000
 proc = 160  # of atoms=   1  estimated weight=         1.00000
 proc = 161  # of atoms=   1  estimated weight=         1.00000
 proc = 162  # of atoms=   1  estimated weight=         1.00000
 proc = 163  # of atoms=   2  estimated weight=         2.00000
 proc = 164  # of atoms=   1  estimated weight=         1.00000
 proc = 165  # of atoms=   1  estimated weight=         1.00000
 proc = 166  # of atoms=   1  estimated weight=         1.00000
 proc = 167  # of atoms=   2  estimated weight=         2.00000
 proc = 168  # of atoms=   1  estimated weight=         1.00000
 proc = 169  # of atoms=   1  estimated weight=         1.00000
 proc = 170  # of atoms=   1  estimated weight=         1.00000
 proc = 171  # of atoms=   2  estimated weight=         2.00000
 proc = 172  # of atoms=   1  estimated weight=         1.00000
 proc = 173  # of atoms=   2  estimated weight=         2.00000
 proc = 174  # of atoms=   1  estimated weight=         1.00000
 proc = 175  # of atoms=   2  estimated weight=         2.00000
 proc = 176  # of atoms=   1  estimated weight=         1.00000
 proc = 177  # of atoms=   1  estimated weight=         1.00000
 proc = 178  # of atoms=   1  estimated weight=         1.00000
 proc = 179  # of atoms=   2  estimated weight=         2.00000
 proc = 180  # of atoms=   1  estimated weight=         1.00000
 proc = 181  # of atoms=   2  estimated weight=         2.00000
 proc = 182  # of atoms=   1  estimated weight=         1.00000
 proc = 183  # of atoms=   2  estimated weight=         2.00000
 proc = 184  # of atoms=   1  estimated weight=         1.00000
 proc = 185  # of atoms=   1  estimated weight=         1.00000
 proc = 186  # of atoms=   1  estimated weight=         1.00000
 proc = 187  # of atoms=   2  estimated weight=         2.00000
 proc = 188  # of atoms=   1  estimated weight=         1.00000
 proc = 189  # of atoms=   2  estimated weight=         2.00000
 proc = 190  # of atoms=   1  estimated weight=         1.00000
 proc = 191  # of atoms=   2  estimated weight=         2.00000
 proc = 192  # of atoms=   1  estimated weight=         1.00000
 proc = 193  # of atoms=   1  estimated weight=         1.00000
 proc = 194  # of atoms=   1  estimated weight=         1.00000
 proc = 195  # of atoms=   2  estimated weight=         2.00000
 proc = 196  # of atoms=   1  estimated weight=         1.00000
 proc = 197  # of atoms=   1  estimated weight=         1.00000
 proc = 198  # of atoms=   1  estimated weight=         1.00000
 proc = 199  # of atoms=   2  estimated weight=         2.00000
 proc = 200  # of atoms=   1  estimated weight=         1.00000
 proc = 201  # of atoms=   1  estimated weight=         1.00000
 proc = 202  # of atoms=   1  estimated weight=         1.00000
 proc = 203  # of atoms=   2  estimated weight=         2.00000
 proc = 204  # of atoms=   1  estimated weight=         1.00000
 proc = 205  # of atoms=   2  estimated weight=         2.00000
 proc = 206  # of atoms=   1  estimated weight=         1.00000
 proc = 207  # of atoms=   2  estimated weight=         2.00000
 proc = 208  # of atoms=   1  estimated weight=         1.00000
 proc = 209  # of atoms=   1  estimated weight=         1.00000
 proc = 210  # of atoms=   1  estimated weight=         1.00000
 proc = 211  # of atoms=   2  estimated weight=         2.00000
 proc = 212  # of atoms=   1  estimated weight=         1.00000
 proc = 213  # of atoms=   2  estimated weight=         2.00000
 proc = 214  # of atoms=   1  estimated weight=         1.00000
 proc = 215  # of atoms=   2  estimated weight=         2.00000
 proc = 216  # of atoms=   1  estimated weight=         1.00000
 proc = 217  # of atoms=   1  estimated weight=         1.00000
 proc = 218  # of atoms=   1  estimated weight=         1.00000
 proc = 219  # of atoms=   2  estimated weight=         2.00000
 proc = 220  # of atoms=   1  estimated weight=         1.00000
 proc = 221  # of atoms=   2  estimated weight=         2.00000
 proc = 222  # of atoms=   1  estimated weight=         1.00000
 proc = 223  # of atoms=   2  estimated weight=         2.00000
 proc = 224  # of atoms=   1  estimated weight=         1.00000
 proc = 225  # of atoms=   1  estimated weight=         1.00000
 proc = 226  # of atoms=   1  estimated weight=         1.00000
 proc = 227  # of atoms=   2  estimated weight=         2.00000
 proc = 228  # of atoms=   1  estimated weight=         1.00000
 proc = 229  # of atoms=   1  estimated weight=         1.00000
 proc = 230  # of atoms=   1  estimated weight=         1.00000
 proc = 231  # of atoms=   2  estimated weight=         2.00000
 proc = 232  # of atoms=   1  estimated weight=         1.00000
 proc = 233  # of atoms=   1  estimated weight=         1.00000
 proc = 234  # of atoms=   1  estimated weight=         1.00000
 proc = 235  # of atoms=   2  estimated weight=         2.00000
 proc = 236  # of atoms=   1  estimated weight=         1.00000
 proc = 237  # of atoms=   2  estimated weight=         2.00000
 proc = 238  # of atoms=   1  estimated weight=         1.00000
 proc = 239  # of atoms=   2  estimated weight=         2.00000
 proc = 240  # of atoms=   1  estimated weight=         1.00000
 proc = 241  # of atoms=   1  estimated weight=         1.00000
 proc = 242  # of atoms=   1  estimated weight=         1.00000
 proc = 243  # of atoms=   2  estimated weight=         2.00000
 proc = 244  # of atoms=   1  estimated weight=         1.00000
 proc = 245  # of atoms=   2  estimated weight=         2.00000
 proc = 246  # of atoms=   1  estimated weight=         1.00000
 proc = 247  # of atoms=   2  estimated weight=         2.00000
 proc = 248  # of atoms=   1  estimated weight=         1.00000
 proc = 249  # of atoms=   1  estimated weight=         1.00000
 proc = 250  # of atoms=   1  estimated weight=         1.00000
 proc = 251  # of atoms=   2  estimated weight=         2.00000
 proc = 252  # of atoms=   1  estimated weight=         1.00000
 proc = 253  # of atoms=   2  estimated weight=         2.00000
 proc = 254  # of atoms=   1  estimated weight=         1.00000
 proc = 255  # of atoms=   2  estimated weight=         2.00000




*******************************************************
        Analysis of neighbors and setting of grids        
*******************************************************

TFNAN=   29498   Average FNAN=  86.00000
TSNAN=       0   Average SNAN=   0.00000
<truncation> CpyCell= 1 ct_AN=   1 FNAN SNAN  86   0
<truncation> CpyCell= 1 ct_AN=   2 FNAN SNAN  86   0
<truncation> CpyCell= 1 ct_AN=   3 FNAN SNAN  86   0
<truncation> CpyCell= 1 ct_AN=   4 FNAN SNAN  86   0
<truncation> CpyCell= 1 ct_AN=   5 FNAN SNAN  86   0
<truncation> CpyCell= 1 ct_AN=   6 FNAN SNAN  86   0
<truncation> CpyCell= 1 ct_AN=   7 FNAN SNAN  86   0
<truncation> CpyCell= 1 ct_AN=   8 FNAN SNAN  86   0
<truncation> CpyCell= 1 ct_AN=   9 FNAN SNAN  86   0
<truncation> CpyCell= 1 ct_AN=  10 FNAN SNAN  86   0
<truncation> CpyCell= 1 ct_AN=  11 FNAN SNAN  86   0
<truncation> CpyCell= 1 ct_AN=  12 FNAN SNAN  86   0
<truncation> CpyCell= 1 ct_AN=  13 FNAN SNAN  86   0
<truncation> CpyCell= 1 ct_AN=  14 FNAN SNAN  86   0
<truncation> CpyCell= 1 ct_AN=  15 FNAN SNAN  86   0
<truncation> CpyCell= 1 ct_AN=  16 FNAN SNAN  86   0
<truncation> CpyCell= 1 ct_AN=  17 FNAN SNAN  86   0
<truncation> CpyCell= 1 ct_AN=  18 FNAN SNAN  86   0
<truncation> CpyCell= 1 ct_AN=  19 FNAN SNAN  86   0
<truncation> CpyCell= 1 ct_AN=  20 FNAN SNAN  86   0
     ..........
     ......

TFNAN=   29498   Average FNAN=  86.00000
TSNAN=       0   Average SNAN=   0.00000
<truncation> CpyCell= 2 ct_AN=   1 FNAN SNAN  86   0
<truncation> CpyCell= 2 ct_AN=   2 FNAN SNAN  86   0
<truncation> CpyCell= 2 ct_AN=   3 FNAN SNAN  86   0
<truncation> CpyCell= 2 ct_AN=   4 FNAN SNAN  86   0
<truncation> CpyCell= 2 ct_AN=   5 FNAN SNAN  86   0
<truncation> CpyCell= 2 ct_AN=   6 FNAN SNAN  86   0
<truncation> CpyCell= 2 ct_AN=   7 FNAN SNAN  86   0
<truncation> CpyCell= 2 ct_AN=   8 FNAN SNAN  86   0
<truncation> CpyCell= 2 ct_AN=   9 FNAN SNAN  86   0
<truncation> CpyCell= 2 ct_AN=  10 FNAN SNAN  86   0
<truncation> CpyCell= 2 ct_AN=  11 FNAN SNAN  86   0
<truncation> CpyCell= 2 ct_AN=  12 FNAN SNAN  86   0
<truncation> CpyCell= 2 ct_AN=  13 FNAN SNAN  86   0
<truncation> CpyCell= 2 ct_AN=  14 FNAN SNAN  86   0
<truncation> CpyCell= 2 ct_AN=  15 FNAN SNAN  86   0
<truncation> CpyCell= 2 ct_AN=  16 FNAN SNAN  86   0
<truncation> CpyCell= 2 ct_AN=  17 FNAN SNAN  86   0
<truncation> CpyCell= 2 ct_AN=  18 FNAN SNAN  86   0
<truncation> CpyCell= 2 ct_AN=  19 FNAN SNAN  86   0
<truncation> CpyCell= 2 ct_AN=  20 FNAN SNAN  86   0
     ..........
     ......

TFNAN=   29498   Average FNAN=  86.00000
TSNAN=       0   Average SNAN=   0.00000
<truncation> CpyCell= 2 ct_AN=   1 FNAN SNAN  86   0
<truncation> CpyCell= 2 ct_AN=   2 FNAN SNAN  86   0
<truncation> CpyCell= 2 ct_AN=   3 FNAN SNAN  86   0
<truncation> CpyCell= 2 ct_AN=   4 FNAN SNAN  86   0
<truncation> CpyCell= 2 ct_AN=   5 FNAN SNAN  86   0
<truncation> CpyCell= 2 ct_AN=   6 FNAN SNAN  86   0
<truncation> CpyCell= 2 ct_AN=   7 FNAN SNAN  86   0
<truncation> CpyCell= 2 ct_AN=   8 FNAN SNAN  86   0
<truncation> CpyCell= 2 ct_AN=   9 FNAN SNAN  86   0
<truncation> CpyCell= 2 ct_AN=  10 FNAN SNAN  86   0
<truncation> CpyCell= 2 ct_AN=  11 FNAN SNAN  86   0
<truncation> CpyCell= 2 ct_AN=  12 FNAN SNAN  86   0
<truncation> CpyCell= 2 ct_AN=  13 FNAN SNAN  86   0
<truncation> CpyCell= 2 ct_AN=  14 FNAN SNAN  86   0
<truncation> CpyCell= 2 ct_AN=  15 FNAN SNAN  86   0
<truncation> CpyCell= 2 ct_AN=  16 FNAN SNAN  86   0
<truncation> CpyCell= 2 ct_AN=  17 FNAN SNAN  86   0
<truncation> CpyCell= 2 ct_AN=  18 FNAN SNAN  86   0
<truncation> CpyCell= 2 ct_AN=  19 FNAN SNAN  86   0
<truncation> CpyCell= 2 ct_AN=  20 FNAN SNAN  86   0
     ..........
     ......

<Check_System> The system is bulk.
lattice vectors (bohr)
A  =  0.000000000000, 23.645855749169, 23.645855749169
B  = 23.645855749169,  0.000000000000, 23.645855749169
C  = 23.645855749169, 23.645855749169,  0.000000000000
reciprocal lattice vectors (bohr^-1)
RA = -0.132860180106,  0.132860180106,  0.132860180106
RB =  0.132860180106, -0.132860180106,  0.132860180106
RC =  0.132860180106,  0.132860180106, -0.132860180106
Grid_Origin -3.265380079647 -3.265380079647 -3.265380079647
Cell_Volume =  26442.048850550826 (Bohr^3)
GridVol     =      0.002855204497 (Bohr^3)
Grid_Origin -3.265380079647 -3.265380079647 -3.265380079647
Cell_Volume =  26442.048850550826 (Bohr^3)
GridVol     =      0.002855204497 (Bohr^3)
<UCell_Box> Info. of cutoff energy and num. of grids
lattice vectors (bohr)
A  =  0.000000000000, 23.645855749169, 23.645855749169
B  = 23.645855749169,  0.000000000000, 23.645855749169
C  = 23.645855749169, 23.645855749169,  0.000000000000
reciprocal lattice vectors (bohr^-1)
RA = -0.132860180106,  0.132860180106,  0.132860180106
RB =  0.132860180106, -0.132860180106,  0.132860180106
RC =  0.132860180106,  0.132860180106, -0.132860180106
Required cutoff energy (Ryd) for 3D-grids = 600.0000
    Used cutoff energy (Ryd) for 3D-grids = 583.8342, 583.8342, 583.8342
Num. of grids of a-, b-, and c-axes = 210, 210, 210
Grid_Origin -3.265380079647 -3.265380079647 -3.265380079647
Cell_Volume =  26442.048850550826 (Bohr^3)
GridVol     =      0.002855204497 (Bohr^3)
Cell vectors (bohr) of the grid cell (gtv)
  gtv_a =  0.000000000000,  0.112599313091,  0.112599313091
  gtv_b =  0.112599313091,  0.000000000000,  0.112599313091
  gtv_c =  0.112599313091,  0.112599313091,  0.000000000000
  |gtv_a| =  0.159239475688
  |gtv_b| =  0.159239475688
  |gtv_c| =  0.159239475688
Num. of grids overlapping with atom    1 = 316866
Num. of grids overlapping with atom    2 = 316866
Num. of grids overlapping with atom    3 = 316866
Num. of grids overlapping with atom    4 = 316866
Num. of grids overlapping with atom    5 = 316866
Num. of grids overlapping with atom    6 = 316866
Num. of grids overlapping with atom    7 = 316866
Num. of grids overlapping with atom    8 = 316866
Num. of grids overlapping with atom    9 = 316866
Num. of grids overlapping with atom   10 = 316866
Num. of grids overlapping with atom   11 = 316866
Num. of grids overlapping with atom   12 = 316866
Num. of grids overlapping with atom   13 = 316866
Num. of grids overlapping with atom   14 = 316866
Num. of grids overlapping with atom   15 = 316866
Num. of grids overlapping with atom   16 = 316866
Num. of grids overlapping with atom   17 = 316866
Num. of grids overlapping with atom   18 = 316866
Num. of grids overlapping with atom   19 = 316866
Num. of grids overlapping with atom   20 = 316866
     ..........
     ......


*******************************************************
             SCF calculation at MD = 1                
*******************************************************

<MD= 1>  Calculation of the overlap matrix
<MD= 1>  Calculation of the nonlocal matrix

******************* MD= 1  SCF= 1 *******************
Failed (2) in reading the restart file .//openmx_rst/openmx.rst109
Failed (2) in reading the restart file .//openmx_rst/openmx.rst67
Failed (2) in reading the restart file .//openmx_rst/openmx.rst127
Failed (2) in reading the restart file .//openmx_rst/openmx.rst80
Failed (2) in reading the restart file .//openmx_rst/openmx.rst29
Failed (2) in reading the restart file .//openmx_rst/openmx.rst53
Failed (2) in reading the restart file .//openmx_rst/openmx.rst85
Failed (2) in reading the restart file .//openmx_rst/openmx.rst51
Failed (2) in reading the restart file .//openmx_rst/openmx.rst6
Failed (2) in reading the restart file .//openmx_rst/openmx.rst162
Failed (2) in reading the restart file .//openmx_rst/openmx.rst5
Failed (2) in reading the restart file .//openmx_rst/openmx.rst58
Failed (2) in reading the restart file .//openmx_rst/openmx.rst4
Failed (2) in reading the restart file .//openmx_rst/openmx.rst54
Failed (2) in reading the restart file .//openmx_rst/openmx.rst114
Failed (2) in reading the restart file .//openmx_rst/openmx.rst23
Failed (2) in reading the restart file .//openmx_rst/openmx.rst211
Failed (2) in reading the restart file .//openmx_rst/openmx.rst253
Failed (2) in reading the restart file .//openmx_rst/openmx.rst71
Failed (2) in reading the restart file .//openmx_rst/openmx.rst3
Failed (2) in reading the restart file .//openmx_rst/openmx.rst52
Failed (2) in reading the restart file .//openmx_rst/openmx.rst102
Failed (2) in reading the restart file .//openmx_rst/openmx.rst194
Failed (2) in reading the restart file .//openmx_rst/openmx.rst86
Failed (2) in reading the restart file .//openmx_rst/openmx.rst339
Failed (2) in reading the restart file .//openmx_rst/openmx.rst197
Failed (2) in reading the restart file .//openmx_rst/openmx.rst251
Failed (2) in reading the restart file .//openmx_rst/openmx.rst22
Failed (2) in reading the restart file .//openmx_rst/openmx.rst128
Failed (2) in reading the restart file .//openmx_rst/openmx.rst31
Failed (2) in reading the restart file .//openmx_rst/openmx.rst107
Failed (2) in reading the restart file .//openmx_rst/openmx.rst301
Failed (2) in reading the restart file .//openmx_rst/openmx.rst326
Failed (2) in reading the restart file .//openmx_rst/openmx.rst311
Failed (2) in reading the restart file .//openmx_rst/openmx.rst243
Failed (2) in reading the restart file .//openmx_rst/openmx.rst13
Failed (2) in reading the restart file .//openmx_rst/openmx.rst327
Failed (2) in reading the restart file .//openmx_rst/openmx.rst314
Failed (2) in reading the restart file .//openmx_rst/openmx.rst76
Failed (2) in reading the restart file .//openmx_rst/openmx.rst66
Failed (2) in reading the restart file .//openmx_rst/openmx.rst340
Failed (2) in reading the restart file .//openmx_rst/openmx.rst165
Failed (2) in reading the restart file .//openmx_rst/openmx.rst333
Failed (2) in reading the restart file .//openmx_rst/openmx.rst20
Failed (2) in reading the restart file .//openmx_rst/openmx.rst202
Failed (2) in reading the restart file .//openmx_rst/openmx.rst18
Failed (2) in reading the restart file .//openmx_rst/openmx.rst305
Failed (2) in reading the restart file .//openmx_rst/openmx.rst137
Failed (2) in reading the restart file .//openmx_rst/openmx.rst220
Failed (2) in reading the restart file .//openmx_rst/openmx.rst329
Failed (2) in reading the restart file .//openmx_rst/openmx.rst244
Failed (2) in reading the restart file .//openmx_rst/openmx.rst50
Failed (2) in reading the restart file .//openmx_rst/openmx.rst260
Failed (2) in reading the restart file .//openmx_rst/openmx.rst252
Failed (2) in reading the restart file .//openmx_rst/openmx.rst149
Failed (2) in reading the restart file .//openmx_rst/openmx.rst281
Failed (2) in reading the restart file .//openmx_rst/openmx.rst331
Failed (2) in reading the restart file .//openmx_rst/openmx.rst319
Failed (2) in reading the restart file .//openmx_rst/openmx.rst89
Failed (2) in reading the restart file .//openmx_rst/openmx.rst247
Failed (2) in reading the restart file .//openmx_rst/openmx.rst321
Failed (2) in reading the restart file .//openmx_rst/openmx.rst295
Failed (2) in reading the restart file .//openmx_rst/openmx.rst179
Failed (2) in reading the restart file .//openmx_rst/openmx.rst214
Failed (2) in reading the restart file .//openmx_rst/openmx.rst284
Failed (2) in reading the restart file .//openmx_rst/openmx.rst166
Failed (2) in reading the restart file .//openmx_rst/openmx.rst299
Failed (2) in reading the restart file .//openmx_rst/openmx.rst226
Failed (2) in reading the restart file .//openmx_rst/openmx.rst7
Failed (2) in reading the restart file .//openmx_rst/openmx.rst308
Failed (2) in reading the restart file .//openmx_rst/openmx.rst88
Failed (2) in reading the restart file .//openmx_rst/openmx.rst47
Failed (2) in reading the restart file .//openmx_rst/openmx.rst303
Failed (2) in reading the restart file .//openmx_rst/openmx.rst124
Failed (2) in reading the restart file .//openmx_rst/openmx.rst100
Failed (2) in reading the restart file .//openmx_rst/openmx.rst322
Failed (2) in reading the restart file .//openmx_rst/openmx.rst140
Failed (2) in reading the restart file .//openmx_rst/openmx.rst62
Failed (2) in reading the restart file .//openmx_rst/openmx.rst191
Failed (2) in reading the restart file .//openmx_rst/openmx.rst136
Failed (2) in reading the restart file .//openmx_rst/openmx.rst198
Failed (2) in reading the restart file .//openmx_rst/openmx.rst332
Failed (2) in reading the restart file .//openmx_rst/openmx.rst157
Failed (3) in reading the restart files
Failed (2) in reading the restart file .//openmx_rst/openmx.rst229
Failed (2) in reading the restart file .//openmx_rst/openmx.rst201
Failed (2) in reading the restart file .//openmx_rst/openmx.rst218
Failed (2) in reading the restart file .//openmx_rst/openmx.rst33
Failed (2) in reading the restart file .//openmx_rst/openmx.rst250
Failed (2) in reading the restart file .//openmx_rst/openmx.rst103
Failed (2) in reading the restart file .//openmx_rst/openmx.rst217
Failed (2) in reading the restart file .//openmx_rst/openmx.rst223
Failed (2) in reading the restart file .//openmx_rst/openmx.rst236
Failed (2) in reading the restart file .//openmx_rst/openmx.rst240
Failed (2) in reading the restart file .//openmx_rst/openmx.rst293
Failed (2) in reading the restart file .//openmx_rst/openmx.rst84
Failed (2) in reading the restart file .//openmx_rst/openmx.rst269
Failed (2) in reading the restart file .//openmx_rst/openmx.rst297
Failed (2) in reading the restart file .//openmx_rst/openmx.rst68
Failed (2) in reading the restart file .//openmx_rst/openmx.rst207
Failed (2) in reading the restart file .//openmx_rst/openmx.rst302
Failed (2) in reading the restart file .//openmx_rst/openmx.rst152
Failed (2) in reading the restart file .//openmx_rst/openmx.rst123
Failed (2) in reading the restart file .//openmx_rst/openmx.rst161
Failed (2) in reading the restart file .//openmx_rst/openmx.rst138
Failed (2) in reading the restart file .//openmx_rst/openmx.rst98
Failed (2) in reading the restart file .//openmx_rst/openmx.rst231
Failed (2) in reading the restart file .//openmx_rst/openmx.rst268
Failed (2) in reading the restart file .//openmx_rst/openmx.rst271
Failed (2) in reading the restart file .//openmx_rst/openmx.rst87
Failed (2) in reading the restart file .//openmx_rst/openmx.rst264
Failed (2) in reading the restart file .//openmx_rst/openmx.rst48
Failed (2) in reading the restart file .//openmx_rst/openmx.rst317
Failed (2) in reading the restart file .//openmx_rst/openmx.rst151
Failed (2) in reading the restart file .//openmx_rst/openmx.rst99
Failed (2) in reading the restart file .//openmx_rst/openmx.rst199
Failed (2) in reading the restart file .//openmx_rst/openmx.rst173
Failed (2) in reading the restart file .//openmx_rst/openmx.rst287
Failed (2) in reading the restart file .//openmx_rst/openmx.rst169
Failed (2) in reading the restart file .//openmx_rst/openmx.rst96
Failed (2) in reading the restart file .//openmx_rst/openmx.rst104
Failed (2) in reading the restart file .//openmx_rst/openmx.rst323
Failed (2) in reading the restart file .//openmx_rst/openmx.rst186
Failed (2) in reading the restart file .//openmx_rst/openmx.rst153
Failed (2) in reading the restart file .//openmx_rst/openmx.rst181
Failed (2) in reading the restart file .//openmx_rst/openmx.rst245
Failed (2) in reading the restart file .//openmx_rst/openmx.rst294
Failed (2) in reading the restart file .//openmx_rst/openmx.rst315
Failed (2) in reading the restart file .//openmx_rst/openmx.rst338
Failed (2) in reading the restart file .//openmx_rst/openmx.rst330
Failed (2) in reading the restart file .//openmx_rst/openmx.rst150
Failed (2) in reading the restart file .//openmx_rst/openmx.rst176
Failed (2) in reading the restart file .//openmx_rst/openmx.rst35
Failed (2) in reading the restart file .//openmx_rst/openmx.rst164
Failed (2) in reading the restart file .//openmx_rst/openmx.rst159
Failed (2) in reading the restart file .//openmx_rst/openmx.rst282
Failed (2) in reading the restart file .//openmx_rst/openmx.rst270
Failed (2) in reading the restart file .//openmx_rst/openmx.rst118
Failed (2) in reading the restart file .//openmx_rst/openmx.rst249
Failed (2) in reading the restart file .//openmx_rst/openmx.rst77
Failed (2) in reading the restart file .//openmx_rst/openmx.rst171
Failed (2) in reading the restart file .//openmx_rst/openmx.rst300
Failed (2) in reading the restart file .//openmx_rst/openmx.rst325
Failed (2) in reading the restart file .//openmx_rst/openmx.rst175
Failed (2) in reading the restart file .//openmx_rst/openmx.rst94
Failed (2) in reading the restart file .//openmx_rst/openmx.rst324
Failed (2) in reading the restart file .//openmx_rst/openmx.rst21
Failed (2) in reading the restart file .//openmx_rst/openmx.rst280
Failed (2) in reading the restart file .//openmx_rst/openmx.rst154
Failed (2) in reading the restart file .//openmx_rst/openmx.rst185
Failed (2) in reading the restart file .//openmx_rst/openmx.rst182
Failed (2) in reading the restart file .//openmx_rst/openmx.rst309
Failed (2) in reading the restart file .//openmx_rst/openmx.rst130
Failed (2) in reading the restart file .//openmx_rst/openmx.rst1
Failed (2) in reading the restart file .//openmx_rst/openmx.rst74
Failed (2) in reading the restart file .//openmx_rst/openmx.rst209
Failed (2) in reading the restart file .//openmx_rst/openmx.rst174
Failed (2) in reading the restart file .//openmx_rst/openmx.rst160
Failed (2) in reading the restart file .//openmx_rst/openmx.rst262
Failed (2) in reading the restart file .//openmx_rst/openmx.rst190
Failed (2) in reading the restart file .//openmx_rst/openmx.rst312
Failed (2) in reading the restart file .//openmx_rst/openmx.rst258
Failed (2) in reading the restart file .//openmx_rst/openmx.rst296
Failed (2) in reading the restart file .//openmx_rst/openmx.rst172
Failed (2) in reading the restart file .//openmx_rst/openmx.rst233
Failed (2) in reading the restart file .//openmx_rst/openmx.rst203
Failed (2) in reading the restart file .//openmx_rst/openmx.rst277
Failed (2) in reading the restart file .//openmx_rst/openmx.rst183
Failed (2) in reading the restart file .//openmx_rst/openmx.rst148
Failed (2) in reading the restart file .//openmx_rst/openmx.rst210
Failed (2) in reading the restart file .//openmx_rst/openmx.rst32
Failed (2) in reading the restart file .//openmx_rst/openmx.rst60
Failed (2) in reading the restart file .//openmx_rst/openmx.rst38
Failed (2) in reading the restart file .//openmx_rst/openmx.rst108
Failed (2) in reading the restart file .//openmx_rst/openmx.rst204
Failed (2) in reading the restart file .//openmx_rst/openmx.rst267
Failed (2) in reading the restart file .//openmx_rst/openmx.rst316
Failed (2) in reading the restart file .//openmx_rst/openmx.rst155
Failed (2) in reading the restart file .//openmx_rst/openmx.rst274
Failed (2) in reading the restart file .//openmx_rst/openmx.rst19
Failed (2) in reading the restart file .//openmx_rst/openmx.rst275
Failed (2) in reading the restart file .//openmx_rst/openmx.rst336
Failed (2) in reading the restart file .//openmx_rst/openmx.rst235
Failed (2) in reading the restart file .//openmx_rst/openmx.rst283
Failed (2) in reading the restart file .//openmx_rst/openmx.rst221
Failed (2) in reading the restart file .//openmx_rst/openmx.rst139
Failed (2) in reading the restart file .//openmx_rst/openmx.rst343
Failed (2) in reading the restart file .//openmx_rst/openmx.rst246
Failed (2) in reading the restart file .//openmx_rst/openmx.rst187
Failed (2) in reading the restart file .//openmx_rst/openmx.rst156
Failed (2) in reading the restart file .//openmx_rst/openmx.rst16
Failed (2) in reading the restart file .//openmx_rst/openmx.rst178
Failed (2) in reading the restart file .//openmx_rst/openmx.rst276
Failed (2) in reading the restart file .//openmx_rst/openmx.rst278
Failed (2) in reading the restart file .//openmx_rst/openmx.rst227
Failed (2) in reading the restart file .//openmx_rst/openmx.rst320
Failed (2) in reading the restart file .//openmx_rst/openmx.rst61
Failed (2) in reading the restart file .//openmx_rst/openmx.rst73
Failed (2) in reading the restart file .//openmx_rst/openmx.rst122
Failed (2) in reading the restart file .//openmx_rst/openmx.rst105
Failed (2) in reading the restart file .//openmx_rst/openmx.rst195
Failed (2) in reading the restart file .//openmx_rst/openmx.rst242
Failed (2) in reading the restart file .//openmx_rst/openmx.rst192
Failed (2) in reading the restart file .//openmx_rst/openmx.rst232
Failed (2) in reading the restart file .//openmx_rst/openmx.rst215
Failed (2) in reading the restart file .//openmx_rst/openmx.rst318
Failed (2) in reading the restart file .//openmx_rst/openmx.rst228
Failed (2) in reading the restart file .//openmx_rst/openmx.rst17
Failed (2) in reading the restart file .//openmx_rst/openmx.rst115
Failed (2) in reading the restart file .//openmx_rst/openmx.rst112
Failed (2) in reading the restart file .//openmx_rst/openmx.rst290
Failed (2) in reading the restart file .//openmx_rst/openmx.rst239
Failed (2) in reading the restart file .//openmx_rst/openmx.rst39
Failed (2) in reading the restart file .//openmx_rst/openmx.rst265
Failed (2) in reading the restart file .//openmx_rst/openmx.rst237
Failed (2) in reading the restart file .//openmx_rst/openmx.rst257
Failed (2) in reading the restart file .//openmx_rst/openmx.rst129
Failed (2) in reading the restart file .//openmx_rst/openmx.rst81
Failed (2) in reading the restart file .//openmx_rst/openmx.rst313
Failed (2) in reading the restart file .//openmx_rst/openmx.rst9
Failed (2) in reading the restart file .//openmx_rst/openmx.rst120
Failed (2) in reading the restart file .//openmx_rst/openmx.rst30
Failed (2) in reading the restart file .//openmx_rst/openmx.rst121
Failed (2) in reading the restart file .//openmx_rst/openmx.rst234
Failed (2) in reading the restart file .//openmx_rst/openmx.rst26
Failed (2) in reading the restart file .//openmx_rst/openmx.rst170
Failed (2) in reading the restart file .//openmx_rst/openmx.rst10
Failed (2) in reading the restart file .//openmx_rst/openmx.rst75
Failed (2) in reading the restart file .//openmx_rst/openmx.rst219
Failed (2) in reading the restart file .//openmx_rst/openmx.rst158
Failed (2) in reading the restart file .//openmx_rst/openmx.rst65
Failed (2) in reading the restart file .//openmx_rst/openmx.rst335
Failed (2) in reading the restart file .//openmx_rst/openmx.rst37
Failed (2) in reading the restart file .//openmx_rst/openmx.rst200
Failed (2) in reading the restart file .//openmx_rst/openmx.rst113
Failed (2) in reading the restart file .//openmx_rst/openmx.rst342
Failed (2) in reading the restart file .//openmx_rst/openmx.rst24
Failed (2) in reading the restart file .//openmx_rst/openmx.rst132
Failed (2) in reading the restart file .//openmx_rst/openmx.rst212
Failed (2) in reading the restart file .//openmx_rst/openmx.rst25
Failed (2) in reading the restart file .//openmx_rst/openmx.rst14
Failed (2) in reading the restart file .//openmx_rst/openmx.rst34
Failed (2) in reading the restart file .//openmx_rst/openmx.rst188
Failed (2) in reading the restart file .//openmx_rst/openmx.rst180
Failed (2) in reading the restart file .//openmx_rst/openmx.rst63
Failed (2) in reading the restart file .//openmx_rst/openmx.rst83
Failed (2) in reading the restart file .//openmx_rst/openmx.rst163
Failed (2) in reading the restart file .//openmx_rst/openmx.rst213
Failed (2) in reading the restart file .//openmx_rst/openmx.rst189
Failed (2) in reading the restart file .//openmx_rst/openmx.rst205
Failed (2) in reading the restart file .//openmx_rst/openmx.rst92
Failed (2) in reading the restart file .//openmx_rst/openmx.rst134
Failed (2) in reading the restart file .//openmx_rst/openmx.rst279
Failed (2) in reading the restart file .//openmx_rst/openmx.rst168
Failed (2) in reading the restart file .//openmx_rst/openmx.rst216
Failed (2) in reading the restart file .//openmx_rst/openmx.rst42
Failed (2) in reading the restart file .//openmx_rst/openmx.rst119
Failed (2) in reading the restart file .//openmx_rst/openmx.rst286
Failed (2) in reading the restart file .//openmx_rst/openmx.rst167
Failed (2) in reading the restart file .//openmx_rst/openmx.rst49
Failed (2) in reading the restart file .//openmx_rst/openmx.rst41
Failed (2) in reading the restart file .//openmx_rst/openmx.rst59
Failed (2) in reading the restart file .//openmx_rst/openmx.rst90
Failed (2) in reading the restart file .//openmx_rst/openmx.rst254
Failed (2) in reading the restart file .//openmx_rst/openmx.rst101
Failed (2) in reading the restart file .//openmx_rst/openmx.rst292
Failed (2) in reading the restart file .//openmx_rst/openmx.rst255
Failed (2) in reading the restart file .//openmx_rst/openmx.rst341
Failed (2) in reading the restart file .//openmx_rst/openmx.rst43
Failed (2) in reading the restart file .//openmx_rst/openmx.rst97
Failed (2) in reading the restart file .//openmx_rst/openmx.rst44
Failed (2) in reading the restart file .//openmx_rst/openmx.rst206
Failed (2) in reading the restart file .//openmx_rst/openmx.rst261
Failed (2) in reading the restart file .//openmx_rst/openmx.rst145
Failed (2) in reading the restart file .//openmx_rst/openmx.rst310
Failed (2) in reading the restart file .//openmx_rst/openmx.rst248
Failed (2) in reading the restart file .//openmx_rst/openmx.rst69
Failed (2) in reading the restart file .//openmx_rst/openmx.rst70
Failed (2) in reading the restart file .//openmx_rst/openmx.rst11
Failed (2) in reading the restart file .//openmx_rst/openmx.rst110
Failed (2) in reading the restart file .//openmx_rst/openmx.rst82
Failed (2) in reading the restart file .//openmx_rst/openmx.rst40
Failed (2) in reading the restart file .//openmx_rst/openmx.rst12
Failed (2) in reading the restart file .//openmx_rst/openmx.rst111
Failed (2) in reading the restart file .//openmx_rst/openmx.rst131
Failed (2) in reading the restart file .//openmx_rst/openmx.rst46
Failed (2) in reading the restart file .//openmx_rst/openmx.rst142
Failed (2) in reading the restart file .//openmx_rst/openmx.rst184
Failed (2) in reading the restart file .//openmx_rst/openmx.rst306
Failed (2) in reading the restart file .//openmx_rst/openmx.rst307
Failed (2) in reading the restart file .//openmx_rst/openmx.rst288
Failed (2) in reading the restart file .//openmx_rst/openmx.rst144
Failed (2) in reading the restart file .//openmx_rst/openmx.rst193
Failed (2) in reading the restart file .//openmx_rst/openmx.rst337
Failed (2) in reading the restart file .//openmx_rst/openmx.rst27
Failed (2) in reading the restart file .//openmx_rst/openmx.rst15
Failed (2) in reading the restart file .//openmx_rst/openmx.rst298
Failed (2) in reading the restart file .//openmx_rst/openmx.rst28
Failed (2) in reading the restart file .//openmx_rst/openmx.rst224
Failed (2) in reading the restart file .//openmx_rst/openmx.rst304
Failed (2) in reading the restart file .//openmx_rst/openmx.rst273
Failed (2) in reading the restart file .//openmx_rst/openmx.rst64
Failed (2) in reading the restart file .//openmx_rst/openmx.rst55
Failed (2) in reading the restart file .//openmx_rst/openmx.rst56
Failed (2) in reading the restart file .//openmx_rst/openmx.rst328
Failed (2) in reading the restart file .//openmx_rst/openmx.rst334
Failed (2) in reading the restart file .//openmx_rst/openmx.rst91
Failed (2) in reading the restart file .//openmx_rst/openmx.rst133
Failed (2) in reading the restart file .//openmx_rst/openmx.rst259
Failed (2) in reading the restart file .//openmx_rst/openmx.rst146
Failed (2) in reading the restart file .//openmx_rst/openmx.rst266
Failed (2) in reading the restart file .//openmx_rst/openmx.rst147
Failed (2) in reading the restart file .//openmx_rst/openmx.rst230
Failed (2) in reading the restart file .//openmx_rst/openmx.rst135
Failed (2) in reading the restart file .//openmx_rst/openmx.rst116
Failed (2) in reading the restart file .//openmx_rst/openmx.rst272
Failed (2) in reading the restart file .//openmx_rst/openmx.rst141
Failed (2) in reading the restart file .//openmx_rst/openmx.rst117
Failed (2) in reading the restart file .//openmx_rst/openmx.rst57
Failed (2) in reading the restart file .//openmx_rst/openmx.rst106
Failed (2) in reading the restart file .//openmx_rst/openmx.rst208
Failed (2) in reading the restart file .//openmx_rst/openmx.rst256
Failed (2) in reading the restart file .//openmx_rst/openmx.rst95
Failed (2) in reading the restart file .//openmx_rst/openmx.rst143
Failed (2) in reading the restart file .//openmx_rst/openmx.rst72
Failed (2) in reading the restart file .//openmx_rst/openmx.rst78
Failed (2) in reading the restart file .//openmx_rst/openmx.rst285
Failed (2) in reading the restart file .//openmx_rst/openmx.rst291
Failed (2) in reading the restart file .//openmx_rst/openmx.rst177
Failed (2) in reading the restart file .//openmx_rst/openmx.rst225
Failed (2) in reading the restart file .//openmx_rst/openmx.rst36
Failed (2) in reading the restart file .//openmx_rst/openmx.rst79
Failed (2) in reading the restart file .//openmx_rst/openmx.rst125
Failed (2) in reading the restart file .//openmx_rst/openmx.rst126
Failed (2) in reading the restart file .//openmx_rst/openmx.rst222
Failed (2) in reading the restart file .//openmx_rst/openmx.rst263
Failed (2) in reading the restart file .//openmx_rst/openmx.rst45
Failed (2) in reading the restart file .//openmx_rst/openmx.rst93
Failed (2) in reading the restart file .//openmx_rst/openmx.rst2
Failed (2) in reading the restart file .//openmx_rst/openmx.rst8
Failed (2) in reading the restart file .//openmx_rst/openmx.rst196
Failed (2) in reading the restart file .//openmx_rst/openmx.rst238
Failed (2) in reading the restart file .//openmx_rst/openmx.rst241
Failed (2) in reading the restart file .//openmx_rst/openmx.rst289
<Restart>  Could not find restart files
<Band>  Solving the eigenvalue problem...
 KGrids1:  -0.33333   0.00000   0.33333 
 KGrids2:  -0.33333  -0.00000   0.33333 
 KGrids3:  -0.33333   0.00000   0.33334 
<Band_DFT>  Eigen, time=66.979481
<Band_DFT>  DM, time=0.000013
    1   Ni  MulP   9.4228   8.5772 sum  18.0000 diff   0.8456
    2   Ni  MulP   9.4228   8.5772 sum  18.0000 diff   0.8456
    3   Ni  MulP   9.4228   8.5772 sum  18.0000 diff   0.8456
    4   Ni  MulP   9.4228   8.5772 sum  18.0000 diff   0.8456
    5   Ni  MulP   9.4228   8.5772 sum  18.0000 diff   0.8456
    6   Ni  MulP   9.4228   8.5772 sum  18.0000 diff   0.8456
    7   Ni  MulP   9.4228   8.5772 sum  18.0000 diff   0.8456
    8   Ni  MulP   9.4228   8.5772 sum  18.0000 diff   0.8456
    9   Ni  MulP   9.4228   8.5772 sum  18.0000 diff   0.8456
   10   Ni  MulP   9.4228   8.5772 sum  18.0000 diff   0.8456
   11   Ni  MulP   9.4228   8.5772 sum  18.0000 diff   0.8456
   12   Ni  MulP   9.4228   8.5772 sum  18.0000 diff   0.8456
   13   Ni  MulP   9.4228   8.5772 sum  18.0000 diff   0.8456
   14   Ni  MulP   9.4228   8.5772 sum  18.0000 diff   0.8456
   15   Ni  MulP   9.4228   8.5772 sum  18.0000 diff   0.8456
   16   Ni  MulP   9.4228   8.5772 sum  18.0000 diff   0.8456
   17   Ni  MulP   9.4228   8.5772 sum  18.0000 diff   0.8456
   18   Ni  MulP   9.4228   8.5772 sum  18.0000 diff   0.8456
   19   Ni  MulP   9.4228   8.5772 sum  18.0000 diff   0.8456
   20   Ni  MulP   9.4228   8.5772 sum  18.0000 diff   0.8456
     ..........
     ......

 Sum of MulP: up   =  3232.02145 down          =  2941.97855
              total=  6174.00000 ideal(neutral)=  6174.00000
<DFT>  Total Spin Moment (muB) = 290.042900480219
<DFT>  Mixing_weight= 0.010000000000
<DFT>  Uele   =-9274.790430264182  dUele     =   1.000000000000
<DFT>  NormRD =    1.000000000000  Criterion =   0.000010000000

******************* MD= 1  SCF= 2 *******************
<Poisson>  Poisson's equation using FFT...
<Set_Hamiltonian>  Hamiltonian matrix for VNA+dVH+Vxc...
<Band>  Solving the eigenvalue problem...
 KGrids1:  -0.33333   0.00000   0.33333 
 KGrids2:  -0.33333  -0.00000   0.33333 
 KGrids3:  -0.33333   0.00000   0.33334 
<Band_DFT>  Eigen, time=93.965777
<Band_DFT>  DM, time=0.000001
    1   Ni  MulP   9.4224   8.5776 sum  18.0000 diff   0.8449
    2   Ni  MulP   9.4224   8.5776 sum  18.0000 diff   0.8449
    3   Ni  MulP   9.4224   8.5776 sum  18.0000 diff   0.8449
    4   Ni  MulP   9.4224   8.5776 sum  18.0000 diff   0.8449
    5   Ni  MulP   9.4224   8.5776 sum  18.0000 diff   0.8449
    6   Ni  MulP   9.4224   8.5776 sum  18.0000 diff   0.8449
    7   Ni  MulP   9.4224   8.5776 sum  18.0000 diff   0.8449
    8   Ni  MulP   9.4224   8.5776 sum  18.0000 diff   0.8449
    9   Ni  MulP   9.4224   8.5776 sum  18.0000 diff   0.8449
   10   Ni  MulP   9.4224   8.5776 sum  18.0000 diff   0.8449
   11   Ni  MulP   9.4224   8.5776 sum  18.0000 diff   0.8449
   12   Ni  MulP   9.4224   8.5776 sum  18.0000 diff   0.8449
   13   Ni  MulP   9.4224   8.5776 sum  18.0000 diff   0.8449
   14   Ni  MulP   9.4224   8.5776 sum  18.0000 diff   0.8449
   15   Ni  MulP   9.4224   8.5776 sum  18.0000 diff   0.8449
   16   Ni  MulP   9.4224   8.5776 sum  18.0000 diff   0.8449
   17   Ni  MulP   9.4224   8.5776 sum  18.0000 diff   0.8449
   18   Ni  MulP   9.4224   8.5776 sum  18.0000 diff   0.8449
   19   Ni  MulP   9.4224   8.5776 sum  18.0000 diff   0.8449
   20   Ni  MulP   9.4224   8.5776 sum  18.0000 diff   0.8449
     ..........
     ......

 Sum of MulP: up   =  3231.90016 down          =  2942.09984
              total=  6174.00000 ideal(neutral)=  6174.00000
<DFT>  Total Spin Moment (muB) = 289.800324417262
<DFT>  Mixing_weight= 0.010807806498
<DFT>  Uele   =-9271.230111519631  dUele     =   3.560318744550
<DFT>  NormRD =    0.273391426337  Criterion =   0.000010000000

******************* MD= 1  SCF= 3 *******************
<Poisson>  Poisson's equation using FFT...
<Set_Hamiltonian>  Hamiltonian matrix for VNA+dVH+Vxc...
<Band>  Solving the eigenvalue problem...
 KGrids1:  -0.33333   0.00000   0.33333 
 KGrids2:  -0.33333  -0.00000   0.33333 
 KGrids3:  -0.33333   0.00000   0.33334 
<Band_DFT>  Eigen, time=19.943870
<Band_DFT>  DM, time=0.000001
    1   Ni  MulP   9.4125   8.5875 sum  18.0000 diff   0.8250
    2   Ni  MulP   9.4125   8.5875 sum  18.0000 diff   0.8250
    3   Ni  MulP   9.4125   8.5875 sum  18.0000 diff   0.8250
    4   Ni  MulP   9.4125   8.5875 sum  18.0000 diff   0.8250
    5   Ni  MulP   9.4125   8.5875 sum  18.0000 diff   0.8250
    6   Ni  MulP   9.4125   8.5875 sum  18.0000 diff   0.8250
    7   Ni  MulP   9.4125   8.5875 sum  18.0000 diff   0.8250
    8   Ni  MulP   9.4125   8.5875 sum  18.0000 diff   0.8250
    9   Ni  MulP   9.4125   8.5875 sum  18.0000 diff   0.8250
   10   Ni  MulP   9.4125   8.5875 sum  18.0000 diff   0.8250
   11   Ni  MulP   9.4125   8.5875 sum  18.0000 diff   0.8250
   12   Ni  MulP   9.4125   8.5875 sum  18.0000 diff   0.8250
   13   Ni  MulP   9.4125   8.5875 sum  18.0000 diff   0.8250
   14   Ni  MulP   9.4125   8.5875 sum  18.0000 diff   0.8250
   15   Ni  MulP   9.4125   8.5875 sum  18.0000 diff   0.8250
   16   Ni  MulP   9.4125   8.5875 sum  18.0000 diff   0.8250
   17   Ni  MulP   9.4125   8.5875 sum  18.0000 diff   0.8250
   18   Ni  MulP   9.4125   8.5875 sum  18.0000 diff   0.8250
   19   Ni  MulP   9.4125   8.5875 sum  18.0000 diff   0.8250
   20   Ni  MulP   9.4125   8.5875 sum  18.0000 diff   0.8250
     ..........
     ......

 Sum of MulP: up   =  3228.48208 down          =  2945.51792
              total=  6174.00000 ideal(neutral)=  6174.00000
<DFT>  Total Spin Moment (muB) = 282.964159772814
<DFT>  Mixing_weight= 0.259585854910
<DFT>  Uele   =-9187.769005128415  dUele     =  83.461106391216
<DFT>  NormRD =    0.267639621656  Criterion =   0.000010000000

******************* MD= 1  SCF= 4 *******************
<Poisson>  Poisson's equation using FFT...
<Set_Hamiltonian>  Hamiltonian matrix for VNA+dVH+Vxc...
<Band>  Solving the eigenvalue problem...
 KGrids1:  -0.33333   0.00000   0.33333 
 KGrids2:  -0.33333  -0.00000   0.33333 
 KGrids3:  -0.33333   0.00000   0.33334 
<Band_DFT>  Eigen, time=20.056924
<Band_DFT>  DM, time=0.000001
    1   Ni  MulP   9.3875   8.6125 sum  18.0000 diff   0.7750
    2   Ni  MulP   9.3875   8.6125 sum  18.0000 diff   0.7750
    3   Ni  MulP   9.3875   8.6125 sum  18.0000 diff   0.7750
    4   Ni  MulP   9.3875   8.6125 sum  18.0000 diff   0.7750
    5   Ni  MulP   9.3875   8.6125 sum  18.0000 diff   0.7750
    6   Ni  MulP   9.3875   8.6125 sum  18.0000 diff   0.7750
    7   Ni  MulP   9.3875   8.6125 sum  18.0000 diff   0.7750
    8   Ni  MulP   9.3875   8.6125 sum  18.0000 diff   0.7750
    9   Ni  MulP   9.3875   8.6125 sum  18.0000 diff   0.7750
   10   Ni  MulP   9.3875   8.6125 sum  18.0000 diff   0.7750
   11   Ni  MulP   9.3875   8.6125 sum  18.0000 diff   0.7750
   12   Ni  MulP   9.3875   8.6125 sum  18.0000 diff   0.7750
   13   Ni  MulP   9.3875   8.6125 sum  18.0000 diff   0.7750
   14   Ni  MulP   9.3875   8.6125 sum  18.0000 diff   0.7750
   15   Ni  MulP   9.3875   8.6125 sum  18.0000 diff   0.7750
   16   Ni  MulP   9.3875   8.6125 sum  18.0000 diff   0.7750
   17   Ni  MulP   9.3875   8.6125 sum  18.0000 diff   0.7750
   18   Ni  MulP   9.3875   8.6125 sum  18.0000 diff   0.7750
   19   Ni  MulP   9.3875   8.6125 sum  18.0000 diff   0.7750
   20   Ni  MulP   9.3875   8.6125 sum  18.0000 diff   0.7750
     ..........
     ......

 Sum of MulP: up   =  3219.91725 down          =  2954.08275
              total=  6174.00000 ideal(neutral)=  6174.00000
<DFT>  Total Spin Moment (muB) = 265.834506498232
<DFT>  Mixing_weight= 0.300000000000
<DFT>  Uele   =-9143.502570852121  dUele     =  44.266434276295
<DFT>  NormRD =    0.136445851417  Criterion =   0.000010000000

******************* MD= 1  SCF= 5 *******************
<Poisson>  Poisson's equation using FFT...
<Set_Hamiltonian>  Hamiltonian matrix for VNA+dVH+Vxc...
<Band>  Solving the eigenvalue problem...
 KGrids1:  -0.33333   0.00000   0.33333 
 KGrids2:  -0.33333  -0.00000   0.33333 
 KGrids3:  -0.33333   0.00000   0.33334 
<Band_DFT>  Eigen, time=19.967969
<Band_DFT>  DM, time=0.000001
    1   Ni  MulP   9.3616   8.6384 sum  18.0000 diff   0.7231
    2   Ni  MulP   9.3616   8.6384 sum  18.0000 diff   0.7231
    3   Ni  MulP   9.3616   8.6384 sum  18.0000 diff   0.7231
    4   Ni  MulP   9.3616   8.6384 sum  18.0000 diff   0.7231
    5   Ni  MulP   9.3616   8.6384 sum  18.0000 diff   0.7231
    6   Ni  MulP   9.3616   8.6384 sum  18.0000 diff   0.7231
    7   Ni  MulP   9.3616   8.6384 sum  18.0000 diff   0.7231
    8   Ni  MulP   9.3616   8.6384 sum  18.0000 diff   0.7231
    9   Ni  MulP   9.3616   8.6384 sum  18.0000 diff   0.7231
   10   Ni  MulP   9.3616   8.6384 sum  18.0000 diff   0.7231
   11   Ni  MulP   9.3616   8.6384 sum  18.0000 diff   0.7231
   12   Ni  MulP   9.3616   8.6384 sum  18.0000 diff   0.7231
   13   Ni  MulP   9.3616   8.6384 sum  18.0000 diff   0.7231
   14   Ni  MulP   9.3616   8.6384 sum  18.0000 diff   0.7231
   15   Ni  MulP   9.3616   8.6385 sum  18.0000 diff   0.7231
   16   Ni  MulP   9.3616   8.6384 sum  18.0000 diff   0.7231
   17   Ni  MulP   9.3616   8.6384 sum  18.0000 diff   0.7231
   18   Ni  MulP   9.3616   8.6384 sum  18.0000 diff   0.7231
   19   Ni  MulP   9.3616   8.6384 sum  18.0000 diff   0.7231
   20   Ni  MulP   9.3616   8.6384 sum  18.0000 diff   0.7231
     ..........
     ......

 Sum of MulP: up   =  3211.01490 down          =  2962.98510
              total=  6174.00000 ideal(neutral)=  6174.00000
<DFT>  Total Spin Moment (muB) = 248.029798190271
<DFT>  Mixing_weight= 0.300000000000
<DFT>  Uele   =-9123.264702474728  dUele     =  20.237868377393
<DFT>  NormRD =    0.077434099029  Criterion =   0.000010000000

******************* MD= 1  SCF= 6 *******************
<Poisson>  Poisson's equation using FFT...
<Set_Hamiltonian>  Hamiltonian matrix for VNA+dVH+Vxc...
<Band>  Solving the eigenvalue problem...
 KGrids1:  -0.33333   0.00000   0.33333 
 KGrids2:  -0.33333  -0.00000   0.33333 
 KGrids3:  -0.33333   0.00000   0.33334 
<Band_DFT>  Eigen, time=56.751040
<Band_DFT>  DM, time=0.000000
    1   Ni  MulP   9.3549   8.6449 sum  17.9998 diff   0.7100
    2   Ni  MulP   9.3549   8.6448 sum  17.9997 diff   0.7101
    3   Ni  MulP   9.3549   8.6447 sum  17.9996 diff   0.7102
    4   Ni  MulP   9.3549   8.6447 sum  17.9996 diff   0.7102
    5   Ni  MulP   9.3549   8.6449 sum  17.9998 diff   0.7100
    6   Ni  MulP   9.3549   8.6450 sum  17.9999 diff   0.7099
    7   Ni  MulP   9.3549   8.6450 sum  18.0000 diff   0.7099
    8   Ni  MulP   9.3549   8.6447 sum  17.9996 diff   0.7102
    9   Ni  MulP   9.3549   8.6447 sum  17.9996 diff   0.7102
   10   Ni  MulP   9.3549   8.6449 sum  17.9998 diff   0.7101
   11   Ni  MulP   9.3549   8.6451 sum  18.0001 diff   0.7098
   12   Ni  MulP   9.3549   8.6453 sum  18.0002 diff   0.7097
   13   Ni  MulP   9.3549   8.6452 sum  18.0001 diff   0.7097
   14   Ni  MulP   9.3549   8.6450 sum  17.9999 diff   0.7100
   15   Ni  MulP   9.3549   8.6446 sum  17.9995 diff   0.7103
   16   Ni  MulP   9.3549   8.6449 sum  17.9998 diff   0.7101
   17   Ni  MulP   9.3549   8.6453 sum  18.0002 diff   0.7097
   18   Ni  MulP   9.3550   8.6455 sum  18.0005 diff   0.7094
   19   Ni  MulP   9.3550   8.6455 sum  18.0004 diff   0.7095
   20   Ni  MulP   9.3549   8.6451 sum  18.0001 diff   0.7098
     ..........
     ......

 Sum of MulP: up   =  3208.73881 down          =  2965.26119
              total=  6174.00000 ideal(neutral)=  6174.00000
<DFT>  Total Spin Moment (muB) = 243.477615481214
<DFT>  Mixing_weight= 0.300000000000
<DFT>  Uele   =-9111.486019277778  dUele     =  11.778683196950
<DFT>  NormRD =    0.054028402818  Criterion =   0.000010000000

******************* MD= 1  SCF= 7 *******************
<Poisson>  Poisson's equation using FFT...
<Set_Hamiltonian>  Hamiltonian matrix for VNA+dVH+Vxc...
<Band>  Solving the eigenvalue problem...
 KGrids1:  -0.33333   0.00000   0.33333 
 KGrids2:  -0.33333  -0.00000   0.33333 
 KGrids3:  -0.33333   0.00000   0.33334 
<Band_DFT>  Eigen, time=19.994684
<Band_DFT>  DM, time=0.000000
    1   Ni  MulP   9.3492   8.6580 sum  18.0072 diff   0.6912
    2   Ni  MulP   9.3498   8.6651 sum  18.0149 diff   0.6847
    3   Ni  MulP   9.3501   8.6687 sum  18.0188 diff   0.6814
    4   Ni  MulP   9.3499   8.6662 sum  18.0161 diff   0.6837
    5   Ni  MulP   9.3493   8.6594 sum  18.0087 diff   0.6899
    6   Ni  MulP   9.3488   8.6534 sum  18.0022 diff   0.6954
    7   Ni  MulP   9.3487   8.6527 sum  18.0015 diff   0.6960
    8   Ni  MulP   9.3500   8.6677 sum  18.0177 diff   0.6822
    9   Ni  MulP   9.3502   8.6699 sum  18.0200 diff   0.6803
   10   Ni  MulP   9.3495   8.6617 sum  18.0112 diff   0.6878
   11   Ni  MulP   9.3485   8.6494 sum  17.9979 diff   0.6990
   12   Ni  MulP   9.3479   8.6422 sum  17.9901 diff   0.7056
   13   Ni  MulP   9.3481   8.6455 sum  17.9936 diff   0.7027
   14   Ni  MulP   9.3491   8.6568 sum  18.0059 diff   0.6922
   15   Ni  MulP   9.3503   8.6719 sum  18.0222 diff   0.6784
   16   Ni  MulP   9.3495   8.6623 sum  18.0118 diff   0.6873
   17   Ni  MulP   9.3480   8.6444 sum  17.9924 diff   0.7036
   18   Ni  MulP   9.3470   8.6317 sum  17.9787 diff   0.7152
   19   Ni  MulP   9.3471   8.6337 sum  17.9809 diff   0.7134
   20   Ni  MulP   9.3484   8.6490 sum  17.9974 diff   0.6994
     ..........
     ......

 Sum of MulP: up   =  3206.57831 down          =  2967.42169
              total=  6174.00000 ideal(neutral)=  6174.00000
<DFT>  Total Spin Moment (muB) = 239.156616286839
<DFT>  Mixing_weight= 0.300000000000
<DFT>  Uele   =-9105.626957684806  dUele     =   5.859061592972
<DFT>  NormRD =    0.036640461565  Criterion =   0.000010000000

******************* MD= 1  SCF= 8 *******************
<Poisson>  Poisson's equation using FFT...
<Set_Hamiltonian>  Hamiltonian matrix for VNA+dVH+Vxc...
<Band>  Solving the eigenvalue problem...
 KGrids1:  -0.33333   0.00000   0.33333 
 KGrids2:  -0.33333  -0.00000   0.33333 
 KGrids3:  -0.33333   0.00000   0.33334 
<Band_DFT>  Eigen, time=57.114006
<Band_DFT>  DM, time=0.000000
    1   Ni  MulP   9.3488   8.6538 sum  18.0026 diff   0.6949
    2   Ni  MulP   9.3490   8.6565 sum  18.0055 diff   0.6924
    3   Ni  MulP   9.3491   8.6580 sum  18.0071 diff   0.6911
    4   Ni  MulP   9.3490   8.6572 sum  18.0062 diff   0.6919
    5   Ni  MulP   9.3488   8.6546 sum  18.0034 diff   0.6942
    6   Ni  MulP   9.3486   8.6522 sum  18.0009 diff   0.6964
    7   Ni  MulP   9.3486   8.6519 sum  18.0005 diff   0.6967
    8   Ni  MulP   9.3490   8.6573 sum  18.0064 diff   0.6917
    9   Ni  MulP   9.3491   8.6581 sum  18.0072 diff   0.6910
   10   Ni  MulP   9.3489   8.6551 sum  18.0040 diff   0.6938
   11   Ni  MulP   9.3485   8.6506 sum  17.9991 diff   0.6979
   12   Ni  MulP   9.3483   8.6479 sum  17.9962 diff   0.7003
   13   Ni  MulP   9.3484   8.6492 sum  17.9975 diff   0.6992
   14   Ni  MulP   9.3487   8.6533 sum  18.0021 diff   0.6954
   15   Ni  MulP   9.3492   8.6587 sum  18.0079 diff   0.6904
   16   Ni  MulP   9.3488   8.6550 sum  18.0039 diff   0.6938
   17   Ni  MulP   9.3483   8.6484 sum  17.9967 diff   0.6999
   18   Ni  MulP   9.3479   8.6438 sum  17.9917 diff   0.7041
   19   Ni  MulP   9.3480   8.6447 sum  17.9927 diff   0.7033
   20   Ni  MulP   9.3485   8.6504 sum  17.9989 diff   0.6980
     ..........
     ......

 Sum of MulP: up   =  3206.55508 down          =  2967.44492
              total=  6174.00000 ideal(neutral)=  6174.00000
<DFT>  Total Spin Moment (muB) = 239.110156980260
<DFT>  Mixing_weight= 0.004153388428
<DFT>  Uele   =-9105.577170104849  dUele     =   0.049787579957
<DFT>  NormRD =    0.309238075167  Criterion =   0.000010000000

******************* MD= 1  SCF= 9 *******************
<Poisson>  Poisson's equation using FFT...
<Set_Hamiltonian>  Hamiltonian matrix for VNA+dVH+Vxc...
<Band>  Solving the eigenvalue problem...
 KGrids1:  -0.33333   0.00000   0.33333 
 KGrids2:  -0.33333  -0.00000   0.33333 
 KGrids3:  -0.33333   0.00000   0.33334 
<Band_DFT>  Eigen, time=56.746954
<Band_DFT>  DM, time=0.000001
    1   Ni  MulP   9.3485   8.6522 sum  18.0007 diff   0.6964
    2   Ni  MulP   9.3486   8.6529 sum  18.0015 diff   0.6957
    3   Ni  MulP   9.3486   8.6534 sum  18.0020 diff   0.6953
    4   Ni  MulP   9.3486   8.6532 sum  18.0018 diff   0.6954
    5   Ni  MulP   9.3485   8.6525 sum  18.0010 diff   0.6961
    6   Ni  MulP   9.3485   8.6518 sum  18.0003 diff   0.6967
    7   Ni  MulP   9.3485   8.6517 sum  18.0001 diff   0.6968
    8   Ni  MulP   9.3486   8.6530 sum  18.0016 diff   0.6956
    9   Ni  MulP   9.3486   8.6532 sum  18.0018 diff   0.6954
   10   Ni  MulP   9.3485   8.6524 sum  18.0009 diff   0.6961
   11   Ni  MulP   9.3484   8.6512 sum  17.9997 diff   0.6972
   12   Ni  MulP   9.3484   8.6505 sum  17.9989 diff   0.6978
   13   Ni  MulP   9.3484   8.6509 sum  17.9993 diff   0.6975
   14   Ni  MulP   9.3485   8.6520 sum  18.0005 diff   0.6965
   15   Ni  MulP   9.3486   8.6533 sum  18.0019 diff   0.6953
   16   Ni  MulP   9.3485   8.6522 sum  18.0007 diff   0.6963
   17   Ni  MulP   9.3484   8.6504 sum  17.9988 diff   0.6979
   18   Ni  MulP   9.3483   8.6493 sum  17.9976 diff   0.6990
   19   Ni  MulP   9.3483   8.6496 sum  17.9979 diff   0.6987
   20   Ni  MulP   9.3484   8.6512 sum  17.9997 diff   0.6972
     ..........
     ......

 Sum of MulP: up   =  3206.52522 down          =  2967.47478
              total=  6174.00000 ideal(neutral)=  6174.00000
<DFT>  Total Spin Moment (muB) = 239.050442714083
<DFT>  Mixing_weight= 0.004850685182
<DFT>  Uele   =-9105.519956408280  dUele     =   0.057213696569
<DFT>  NormRD =    0.117246594845  Criterion =   0.000010000000

******************* MD= 1  SCF=10 *******************
<Poisson>  Poisson's equation using FFT...
<Set_Hamiltonian>  Hamiltonian matrix for VNA+dVH+Vxc...
<Band>  Solving the eigenvalue problem...
 KGrids1:  -0.33333   0.00000   0.33333 
 KGrids2:  -0.33333  -0.00000   0.33333 
 KGrids3:  -0.33333   0.00000   0.33334 
<Band_DFT>  Eigen, time=19.974368
<Band_DFT>  DM, time=0.000001
    1   Ni  MulP   9.3484   8.6517 sum  18.0001 diff   0.6966
    2   Ni  MulP   9.3484   8.6519 sum  18.0003 diff   0.6965
    3   Ni  MulP   9.3484   8.6520 sum  18.0004 diff   0.6964
    4   Ni  MulP   9.3484   8.6520 sum  18.0004 diff   0.6964
    5   Ni  MulP   9.3484   8.6518 sum  18.0002 diff   0.6966
    6   Ni  MulP   9.3484   8.6517 sum  18.0001 diff   0.6967
    7   Ni  MulP   9.3484   8.6517 sum  18.0000 diff   0.6967
    8   Ni  MulP   9.3484   8.6518 sum  18.0002 diff   0.6965
    9   Ni  MulP   9.3484   8.6519 sum  18.0002 diff   0.6965
   10   Ni  MulP   9.3484   8.6517 sum  18.0001 diff   0.6967
   11   Ni  MulP   9.3484   8.6515 sum  17.9999 diff   0.6968
   12   Ni  MulP   9.3484   8.6514 sum  17.9998 diff   0.6969
   13   Ni  MulP   9.3484   8.6515 sum  17.9999 diff   0.6969
   14   Ni  MulP   9.3484   8.6517 sum  18.0001 diff   0.6967
   15   Ni  MulP   9.3484   8.6518 sum  18.0002 diff   0.6965
   16   Ni  MulP   9.3484   8.6516 sum  18.0000 diff   0.6967
   17   Ni  MulP   9.3483   8.6513 sum  17.9996 diff   0.6970
   18   Ni  MulP   9.3483   8.6511 sum  17.9995 diff   0.6972
   19   Ni  MulP   9.3483   8.6513 sum  17.9996 diff   0.6971
   20   Ni  MulP   9.3484   8.6516 sum  17.9999 diff   0.6968
     ..........
     ......

 Sum of MulP: up   =  3206.49117 down          =  2967.50883
              total=  6174.00000 ideal(neutral)=  6174.00000
<DFT>  Total Spin Moment (muB) = 238.982333197586
<DFT>  Mixing_weight= 0.005488066578
<DFT>  Uele   =-9105.455666790393  dUele     =   0.064289617887
<DFT>  NormRD =    0.039956758085  Criterion =   0.000010000000

******************* MD= 1  SCF=11 *******************
<Poisson>  Poisson's equation using FFT...
<Set_Hamiltonian>  Hamiltonian matrix for VNA+dVH+Vxc...
<Band>  Solving the eigenvalue problem...
 KGrids1:  -0.33333   0.00000   0.33333 
 KGrids2:  -0.33333  -0.00000   0.33333 
 KGrids3:  -0.33333   0.00000   0.33334 
<Band_DFT>  Eigen, time=20.095084
<Band_DFT>  DM, time=0.000001
    1   Ni  MulP   9.3482   8.6518 sum  18.0000 diff   0.6964
    2   Ni  MulP   9.3482   8.6517 sum  17.9999 diff   0.6965
    3   Ni  MulP   9.3482   8.6517 sum  17.9999 diff   0.6965
    4   Ni  MulP   9.3482   8.6517 sum  17.9999 diff   0.6965
    5   Ni  MulP   9.3482   8.6517 sum  17.9999 diff   0.6965
    6   Ni  MulP   9.3482   8.6518 sum  18.0000 diff   0.6964
    7   Ni  MulP   9.3482   8.6518 sum  18.0000 diff   0.6964
    8   Ni  MulP   9.3482   8.6517 sum  17.9999 diff   0.6965
    9   Ni  MulP   9.3482   8.6517 sum  17.9999 diff   0.6965
   10   Ni  MulP   9.3482   8.6517 sum  17.9999 diff   0.6965
   11   Ni  MulP   9.3482   8.6518 sum  18.0000 diff   0.6964
   12   Ni  MulP   9.3482   8.6519 sum  18.0001 diff   0.6963
   13   Ni  MulP   9.3482   8.6518 sum  18.0000 diff   0.6964
   14   Ni  MulP   9.3482   8.6518 sum  18.0000 diff   0.6964
   15   Ni  MulP   9.3482   8.6517 sum  17.9998 diff   0.6965
   16   Ni  MulP   9.3482   8.6517 sum  17.9999 diff   0.6965
   17   Ni  MulP   9.3482   8.6519 sum  18.0001 diff   0.6963
   18   Ni  MulP   9.3482   8.6520 sum  18.0002 diff   0.6963
   19   Ni  MulP   9.3482   8.6519 sum  18.0001 diff   0.6963
   20   Ni  MulP   9.3482   8.6518 sum  18.0000 diff   0.6964
     ..........
     ......

 Sum of MulP: up   =  3206.43244 down          =  2967.56756
              total=  6174.00000 ideal(neutral)=  6174.00000
<DFT>  Total Spin Moment (muB) = 238.864881392821
<DFT>  Mixing_weight= 0.009510471821
<DFT>  Uele   =-9105.344928541846  dUele     =   0.110738248546
<DFT>  NormRD =    0.025985562589  Criterion =   0.000010000000

******************* MD= 1  SCF=12 *******************
<Poisson>  Poisson's equation using FFT...
<Set_Hamiltonian>  Hamiltonian matrix for VNA+dVH+Vxc...
<Band>  Solving the eigenvalue problem...
 KGrids1:  -0.33333   0.00000   0.33333 
 KGrids2:  -0.33333  -0.00000   0.33333 
 KGrids3:  -0.33333   0.00000   0.33334 
<Band_DFT>  Eigen, time=20.040559
<Band_DFT>  DM, time=0.000000
    1   Ni  MulP   9.3453   8.6557 sum  18.0010 diff   0.6896
    2   Ni  MulP   9.3454   8.6571 sum  18.0025 diff   0.6883
    3   Ni  MulP   9.3455   8.6579 sum  18.0034 diff   0.6876
    4   Ni  MulP   9.3455   8.6575 sum  18.0029 diff   0.6880
    5   Ni  MulP   9.3454   8.6563 sum  18.0016 diff   0.6891
    6   Ni  MulP   9.3452   8.6551 sum  18.0003 diff   0.6902
    7   Ni  MulP   9.3452   8.6548 sum  18.0000 diff   0.6904
    8   Ni  MulP   9.3455   8.6576 sum  18.0030 diff   0.6879
    9   Ni  MulP   9.3455   8.6580 sum  18.0035 diff   0.6875
   10   Ni  MulP   9.3454   8.6567 sum  18.0020 diff   0.6887
   11   Ni  MulP   9.3452   8.6545 sum  17.9997 diff   0.6907
   12   Ni  MulP   9.3451   8.6532 sum  17.9982 diff   0.6919
   13   Ni  MulP   9.3451   8.6536 sum  17.9988 diff   0.6915
   14   Ni  MulP   9.3453   8.6556 sum  18.0009 diff   0.6897
   15   Ni  MulP   9.3455   8.6584 sum  18.0039 diff   0.6872
   16   Ni  MulP   9.3454   8.6567 sum  18.0021 diff   0.6887
   17   Ni  MulP   9.3451   8.6536 sum  17.9987 diff   0.6916
   18   Ni  MulP   9.3449   8.6513 sum  17.9962 diff   0.6936
   19   Ni  MulP   9.3449   8.6516 sum  17.9966 diff   0.6933
   20   Ni  MulP   9.3452   8.6543 sum  17.9995 diff   0.6909
     ..........
     ......

 Sum of MulP: up   =  3205.41036 down          =  2968.58964
              total=  6174.00000 ideal(neutral)=  6174.00000
<DFT>  Total Spin Moment (muB) = 236.820715088501
<DFT>  Mixing_weight= 0.167733445165
<DFT>  Uele   =-9103.412724021971  dUele     =   1.932204519875
<DFT>  NormRD =    0.025238123483  Criterion =   0.000010000000

******************* MD= 1  SCF=13 *******************
<Poisson>  Poisson's equation using FFT...
<Set_Hamiltonian>  Hamiltonian matrix for VNA+dVH+Vxc...
<Band>  Solving the eigenvalue problem...
 KGrids1:  -0.33333   0.00000   0.33333 
 KGrids2:  -0.33333  -0.00000   0.33333 
 KGrids3:  -0.33333   0.00000   0.33334 
<Band_DFT>  Eigen, time=19.943104
<Band_DFT>  DM, time=0.000001
    1   Ni  MulP   9.3446   8.6522 sum  17.9968 diff   0.6923
    2   Ni  MulP   9.3442   8.6481 sum  17.9923 diff   0.6961
    3   Ni  MulP   9.3440   8.6460 sum  17.9900 diff   0.6980
    4   Ni  MulP   9.3441   8.6474 sum  17.9916 diff   0.6967
    5   Ni  MulP   9.3445   8.6513 sum  17.9958 diff   0.6931
    6   Ni  MulP   9.3448   8.6548 sum  17.9995 diff   0.6900
    7   Ni  MulP   9.3448   8.6552 sum  18.0000 diff   0.6897
    8   Ni  MulP   9.3441   8.6467 sum  17.9907 diff   0.6974
    9   Ni  MulP   9.3439   8.6451 sum  17.9891 diff   0.6988
   10   Ni  MulP   9.3443   8.6493 sum  17.9936 diff   0.6950
   11   Ni  MulP   9.3449   8.6560 sum  18.0009 diff   0.6889
   12   Ni  MulP   9.3453   8.6602 sum  18.0055 diff   0.6851
   13   Ni  MulP   9.3451   8.6587 sum  18.0038 diff   0.6864
   14   Ni  MulP   9.3446   8.6527 sum  17.9973 diff   0.6919
   15   Ni  MulP   9.3438   8.6441 sum  17.9879 diff   0.6998
   16   Ni  MulP   9.3443   8.6488 sum  17.9931 diff   0.6954
   17   Ni  MulP   9.3451   8.6583 sum  18.0034 diff   0.6868
   18   Ni  MulP   9.3457   8.6653 sum  18.0110 diff   0.6804
   19   Ni  MulP   9.3456   8.6645 sum  18.0102 diff   0.6811
   20   Ni  MulP   9.3449   8.6567 sum  18.0016 diff   0.6883
     ..........
     ......

 Sum of MulP: up   =  3205.27109 down          =  2968.72891
              total=  6174.00000 ideal(neutral)=  6174.00000
<DFT>  Total Spin Moment (muB) = 236.542178527503
<DFT>  Mixing_weight= 0.026295435012
<DFT>  Uele   =-9103.167259471636  dUele     =   0.245464550335
<DFT>  NormRD =    0.058532887625  Criterion =   0.000010000000

******************* MD= 1  SCF=14 *******************
<Poisson>  Poisson's equation using FFT...
<Set_Hamiltonian>  Hamiltonian matrix for VNA+dVH+Vxc...
<Band>  Solving the eigenvalue problem...
 KGrids1:  -0.33333   0.00000   0.33333 
 KGrids2:  -0.33333  -0.00000   0.33333 
 KGrids3:  -0.33333   0.00000   0.33334 
<Band_DFT>  Eigen, time=19.927062
<Band_DFT>  DM, time=0.000000
    1   Ni  MulP   9.3446   8.6537 sum  17.9983 diff   0.6910
    2   Ni  MulP   9.3444   8.6514 sum  17.9958 diff   0.6931
    3   Ni  MulP   9.3443   8.6501 sum  17.9944 diff   0.6942
    4   Ni  MulP   9.3444   8.6509 sum  17.9953 diff   0.6935
    5   Ni  MulP   9.3446   8.6530 sum  17.9976 diff   0.6915
    6   Ni  MulP   9.3448   8.6550 sum  17.9997 diff   0.6898
    7   Ni  MulP   9.3448   8.6553 sum  18.0000 diff   0.6895
    8   Ni  MulP   9.3444   8.6506 sum  17.9950 diff   0.6938
    9   Ni  MulP   9.3443   8.6497 sum  17.9940 diff   0.6945
   10   Ni  MulP   9.3445   8.6520 sum  17.9965 diff   0.6925
   11   Ni  MulP   9.3448   8.6557 sum  18.0005 diff   0.6891
   12   Ni  MulP   9.3450   8.6580 sum  18.0030 diff   0.6870
   13   Ni  MulP   9.3449   8.6572 sum  18.0022 diff   0.6877
   14   Ni  MulP   9.3447   8.6539 sum  17.9986 diff   0.6907
   15   Ni  MulP   9.3442   8.6492 sum  17.9934 diff   0.6951
   16   Ni  MulP   9.3445   8.6518 sum  17.9963 diff   0.6926
   17   Ni  MulP   9.3449   8.6570 sum  18.0020 diff   0.6879
   18   Ni  MulP   9.3453   8.6609 sum  18.0061 diff   0.6844
   19   Ni  MulP   9.3452   8.6604 sum  18.0057 diff   0.6848
   20   Ni  MulP   9.3448   8.6561 sum  18.0009 diff   0.6888
     ..........
     ......

 Sum of MulP: up   =  3205.25663 down          =  2968.74337
              total=  6174.00000 ideal(neutral)=  6174.00000
<DFT>  Total Spin Moment (muB) = 236.513260088927
<DFT>  Mixing_weight= 0.002942422175
<DFT>  Uele   =-9103.140426121085  dUele     =   0.026833350552
<DFT>  NormRD =    0.164899339637  Criterion =   0.000010000000

******************* MD= 1  SCF=15 *******************
<Poisson>  Poisson's equation using FFT...
<Set_Hamiltonian>  Hamiltonian matrix for VNA+dVH+Vxc...
<Band>  Solving the eigenvalue problem...
 KGrids1:  -0.33333   0.00000   0.33333 
 KGrids2:  -0.33333  -0.00000   0.33333 
 KGrids3:  -0.33333   0.00000   0.33334 
<Band_DFT>  Eigen, time=19.818552
<Band_DFT>  DM, time=0.000000
    1   Ni  MulP   9.3156   8.6846 sum  18.0002 diff   0.6310
    2   Ni  MulP   9.3156   8.6847 sum  18.0004 diff   0.6309
    3   Ni  MulP   9.3156   8.6848 sum  18.0004 diff   0.6309
    4   Ni  MulP   9.3156   8.6847 sum  18.0003 diff   0.6309
    5   Ni  MulP   9.3156   8.6845 sum  18.0001 diff   0.6311
    6   Ni  MulP   9.3156   8.6843 sum  17.9999 diff   0.6313
    7   Ni  MulP   9.3156   8.6844 sum  18.0000 diff   0.6312
    8   Ni  MulP   9.3156   8.6847 sum  18.0003 diff   0.6310
    9   Ni  MulP   9.3156   8.6847 sum  18.0003 diff   0.6309
   10   Ni  MulP   9.3156   8.6846 sum  18.0002 diff   0.6310
   11   Ni  MulP   9.3156   8.6845 sum  18.0002 diff   0.6311
   12   Ni  MulP   9.3156   8.6844 sum  18.0000 diff   0.6312
   13   Ni  MulP   9.3156   8.6844 sum  18.0000 diff   0.6312
   14   Ni  MulP   9.3156   8.6845 sum  18.0001 diff   0.6311
   15   Ni  MulP   9.3156   8.6847 sum  18.0003 diff   0.6310
   16   Ni  MulP   9.3156   8.6846 sum  18.0002 diff   0.6310
   17   Ni  MulP   9.3156   8.6845 sum  18.0001 diff   0.6311
   18   Ni  MulP   9.3156   8.6845 sum  18.0001 diff   0.6311
   19   Ni  MulP   9.3156   8.6845 sum  18.0002 diff   0.6311
   20   Ni  MulP   9.3156   8.6845 sum  18.0001 diff   0.6311
     ..........
     ......

 Sum of MulP: up   =  3195.24807 down          =  2978.75193
              total=  6174.00000 ideal(neutral)=  6174.00000
<DFT>  Total Spin Moment (muB) = 216.496134276377
<DFT>  Mixing_weight= 0.002942422175
<DFT>  Uele   =-9095.437730645885  dUele     =   7.702695475200
<DFT>  NormRD =    0.085984321155  Criterion =   0.000010000000

******************* MD= 1  SCF=16 *******************
<Poisson>  Poisson's equation using FFT...
<Set_Hamiltonian>  Hamiltonian matrix for VNA+dVH+Vxc...
<Band>  Solving the eigenvalue problem...
 KGrids1:  -0.33333   0.00000   0.33333 
 KGrids2:  -0.33333  -0.00000   0.33333 
 KGrids3:  -0.33333   0.00000   0.33334 
<Band_DFT>  Eigen, time=19.912746
<Band_DFT>  DM, time=0.000001
    1   Ni  MulP   9.3154   8.6846 sum  18.0001 diff   0.6308
    2   Ni  MulP   9.3154   8.6844 sum  17.9998 diff   0.6310
    3   Ni  MulP   9.3154   8.6845 sum  17.9999 diff   0.6310
    4   Ni  MulP   9.3154   8.6845 sum  18.0000 diff   0.6309
    5   Ni  MulP   9.3154   8.6844 sum  17.9998 diff   0.6310
    6   Ni  MulP   9.3154   8.6843 sum  17.9997 diff   0.6311
    7   Ni  MulP   9.3154   8.6846 sum  18.0000 diff   0.6309
    8   Ni  MulP   9.3154   8.6845 sum  17.9999 diff   0.6309
    9   Ni  MulP   9.3154   8.6843 sum  17.9997 diff   0.6311
   10   Ni  MulP   9.3154   8.6842 sum  17.9996 diff   0.6312
   11   Ni  MulP   9.3154   8.6842 sum  17.9996 diff   0.6312
   12   Ni  MulP   9.3154   8.6843 sum  17.9997 diff   0.6311
   13   Ni  MulP   9.3154   8.6844 sum  17.9998 diff   0.6310
   14   Ni  MulP   9.3154   8.6845 sum  18.0000 diff   0.6309
   15   Ni  MulP   9.3154   8.6846 sum  18.0000 diff   0.6308
   16   Ni  MulP   9.3154   8.6844 sum  17.9998 diff   0.6310
   17   Ni  MulP   9.3154   8.6842 sum  17.9996 diff   0.6312
   18   Ni  MulP   9.3154   8.6845 sum  17.9999 diff   0.6309
   19   Ni  MulP   9.3154   8.6846 sum  18.0001 diff   0.6308
   20   Ni  MulP   9.3154   8.6846 sum  18.0000 diff   0.6309
     ..........
     ......

 Sum of MulP: up   =  3195.19323 down          =  2978.80677
              total=  6174.00000 ideal(neutral)=  6174.00000
<DFT>  Total Spin Moment (muB) = 216.386457397154
<DFT>  Mixing_weight= 0.002942422175
<DFT>  Uele   =-9095.432798070509  dUele     =   0.004932575375
<DFT>  NormRD =    0.005114458450  Criterion =   0.000010000000

******************* MD= 1  SCF=17 *******************
<Poisson>  Poisson's equation using FFT...
<Set_Hamiltonian>  Hamiltonian matrix for VNA+dVH+Vxc...
<Band>  Solving the eigenvalue problem...
 KGrids1:  -0.33333   0.00000   0.33333 
 KGrids2:  -0.33333  -0.00000   0.33333 
 KGrids3:  -0.33333   0.00000   0.33334 
<Band_DFT>  Eigen, time=19.970147
<Band_DFT>  DM, time=0.000000
    1   Ni  MulP   9.3141   8.6861 sum  18.0001 diff   0.6280
    2   Ni  MulP   9.3140   8.6852 sum  17.9992 diff   0.6287
    3   Ni  MulP   9.3140   8.6854 sum  17.9994 diff   0.6286
    4   Ni  MulP   9.3140   8.6856 sum  17.9996 diff   0.6284
    5   Ni  MulP   9.3140   8.6859 sum  17.9999 diff   0.6281
    6   Ni  MulP   9.3141   8.6868 sum  18.0009 diff   0.6274
    7   Ni  MulP   9.3141   8.6864 sum  18.0004 diff   0.6277
    8   Ni  MulP   9.3140   8.6856 sum  17.9996 diff   0.6284
    9   Ni  MulP   9.3140   8.6852 sum  17.9992 diff   0.6287
   10   Ni  MulP   9.3141   8.6859 sum  18.0000 diff   0.6282
   11   Ni  MulP   9.3140   8.6858 sum  17.9998 diff   0.6282
   12   Ni  MulP   9.3141   8.6864 sum  18.0005 diff   0.6277
   13   Ni  MulP   9.3141   8.6864 sum  18.0004 diff   0.6277
   14   Ni  MulP   9.3141   8.6861 sum  18.0001 diff   0.6280
   15   Ni  MulP   9.3140   8.6853 sum  17.9992 diff   0.6287
   16   Ni  MulP   9.3140   8.6858 sum  17.9998 diff   0.6282
   17   Ni  MulP   9.3141   8.6863 sum  18.0004 diff   0.6278
   18   Ni  MulP   9.3141   8.6861 sum  18.0002 diff   0.6279
   19   Ni  MulP   9.3140   8.6859 sum  17.9999 diff   0.6281
   20   Ni  MulP   9.3140   8.6858 sum  17.9998 diff   0.6282
     ..........
     ......

 Sum of MulP: up   =  3194.71835 down          =  2979.28165
              total=  6174.00000 ideal(neutral)=  6174.00000
<DFT>  Total Spin Moment (muB) = 215.436708850949
<DFT>  Mixing_weight= 0.002942422175
<DFT>  Uele   =-9095.405569920757  dUele     =   0.027228149753
<DFT>  NormRD =    0.004894055147  Criterion =   0.000010000000

******************* MD= 1  SCF=18 *******************
<Poisson>  Poisson's equation using FFT...
<Set_Hamiltonian>  Hamiltonian matrix for VNA+dVH+Vxc...
<Band>  Solving the eigenvalue problem...
 KGrids1:  -0.33333   0.00000   0.33333 
 KGrids2:  -0.33333  -0.00000   0.33333 
 KGrids3:  -0.33333   0.00000   0.33334 
<Band_DFT>  Eigen, time=56.857865
<Band_DFT>  DM, time=0.000000
    1   Ni  MulP   9.3125   8.6873 sum  17.9998 diff   0.6252
    2   Ni  MulP   9.3124   8.6872 sum  17.9996 diff   0.6252
    3   Ni  MulP   9.3125   8.6875 sum  17.9999 diff   0.6250
    4   Ni  MulP   9.3124   8.6871 sum  17.9996 diff   0.6253
    5   Ni  MulP   9.3124   8.6868 sum  17.9992 diff   0.6255
    6   Ni  MulP   9.3125   8.6877 sum  18.0002 diff   0.6249
    7   Ni  MulP   9.3124   8.6869 sum  17.9993 diff   0.6255
    8   Ni  MulP   9.3125   8.6874 sum  17.9999 diff   0.6250
    9   Ni  MulP   9.3125   8.6873 sum  17.9998 diff   0.6251
   10   Ni  MulP   9.3126   8.6881 sum  18.0007 diff   0.6245
   11   Ni  MulP   9.3124   8.6872 sum  17.9997 diff   0.6252
   12   Ni  MulP   9.3125   8.6876 sum  18.0001 diff   0.6249
   13   Ni  MulP   9.3125   8.6874 sum  17.9998 diff   0.6251
   14   Ni  MulP   9.3125   8.6873 sum  17.9998 diff   0.6251
   15   Ni  MulP   9.3124   8.6869 sum  17.9993 diff   0.6255
   16   Ni  MulP   9.3125   8.6876 sum  18.0001 diff   0.6249
   17   Ni  MulP   9.3126   8.6882 sum  18.0008 diff   0.6244
   18   Ni  MulP   9.3125   8.6874 sum  17.9999 diff   0.6250
   19   Ni  MulP   9.3124   8.6868 sum  17.9992 diff   0.6255
   20   Ni  MulP   9.3124   8.6871 sum  17.9995 diff   0.6253
     ..........
     ......

 Sum of MulP: up   =  3194.18384 down          =  2979.81616
              total=  6174.00000 ideal(neutral)=  6174.00000
<DFT>  Total Spin Moment (muB) = 214.367675593382
<DFT>  Mixing_weight= 0.002942422175
<DFT>  Uele   =-9095.371088754979  dUele     =   0.034481165778
<DFT>  NormRD =    0.008686085894  Criterion =   0.000010000000

******************* MD= 1  SCF=19 *******************
<Poisson>  Poisson's equation using FFT...
<Set_Hamiltonian>  Hamiltonian matrix for VNA+dVH+Vxc...
<Band>  Solving the eigenvalue problem...
 KGrids1:  -0.33333   0.00000   0.33333 
 KGrids2:  -0.33333  -0.00000   0.33333 
 KGrids3:  -0.33333   0.00000   0.33334 
<Band_DFT>  Eigen, time=20.104990
<Band_DFT>  DM, time=0.000000
    1   Ni  MulP   9.3114   8.6885 sum  17.9999 diff   0.6229
    2   Ni  MulP   9.3115   8.6888 sum  18.0002 diff   0.6227
    3   Ni  MulP   9.3114   8.6885 sum  17.9999 diff   0.6229
    4   Ni  MulP   9.3114   8.6885 sum  17.9999 diff   0.6229
    5   Ni  MulP   9.3114   8.6885 sum  18.0000 diff   0.6229
    6   Ni  MulP   9.3114   8.6888 sum  18.0002 diff   0.6227
    7   Ni  MulP   9.3114   8.6882 sum  17.9996 diff   0.6231
    8   Ni  MulP   9.3115   8.6888 sum  18.0003 diff   0.6227
    9   Ni  MulP   9.3115   8.6887 sum  18.0002 diff   0.6227
   10   Ni  MulP   9.3115   8.6888 sum  18.0003 diff   0.6227
   11   Ni  MulP   9.3114   8.6887 sum  18.0002 diff   0.6227
   12   Ni  MulP   9.3115   8.6889 sum  18.0004 diff   0.6226
   13   Ni  MulP   9.3114   8.6886 sum  18.0000 diff   0.6228
   14   Ni  MulP   9.3114   8.6885 sum  17.9999 diff   0.6230
   15   Ni  MulP   9.3114   8.6885 sum  17.9999 diff   0.6229
   16   Ni  MulP   9.3114   8.6885 sum  17.9999 diff   0.6229
   17   Ni  MulP   9.3115   8.6888 sum  18.0003 diff   0.6226
   18   Ni  MulP   9.3115   8.6889 sum  18.0004 diff   0.6225
   19   Ni  MulP   9.3114   8.6885 sum  17.9999 diff   0.6229
   20   Ni  MulP   9.3114   8.6882 sum  17.9996 diff   0.6231
     ..........
     ......

 Sum of MulP: up   =  3193.81579 down          =  2980.18421
              total=  6174.00000 ideal(neutral)=  6174.00000
<DFT>  Total Spin Moment (muB) = 213.631581843755
<DFT>  Mixing_weight= 0.002942422175
<DFT>  Uele   =-9095.319991779319  dUele     =   0.051096975660
<DFT>  NormRD =    0.005468807058  Criterion =   0.000010000000

******************* MD= 1  SCF=20 *******************
<Poisson>  Poisson's equation using FFT...
<Set_Hamiltonian>  Hamiltonian matrix for VNA+dVH+Vxc...
<Band>  Solving the eigenvalue problem...
 KGrids1:  -0.33333   0.00000   0.33333 
 KGrids2:  -0.33333  -0.00000   0.33333 
 KGrids3:  -0.33333   0.00000   0.33334 
<Band_DFT>  Eigen, time=57.314985
<Band_DFT>  DM, time=0.000001
    1   Ni  MulP   9.3112   8.6888 sum  18.0001 diff   0.6224
    2   Ni  MulP   9.3112   8.6889 sum  18.0001 diff   0.6223
    3   Ni  MulP   9.3112   8.6887 sum  17.9999 diff   0.6225
    4   Ni  MulP   9.3112   8.6887 sum  18.0000 diff   0.6225
    5   Ni  MulP   9.3112   8.6887 sum  17.9998 diff   0.6225
    6   Ni  MulP   9.3112   8.6888 sum  18.0000 diff   0.6224
    7   Ni  MulP   9.3112   8.6889 sum  18.0001 diff   0.6223
    8   Ni  MulP   9.3112   8.6888 sum  18.0001 diff   0.6224
    9   Ni  MulP   9.3112   8.6888 sum  18.0000 diff   0.6225
   10   Ni  MulP   9.3112   8.6888 sum  18.0000 diff   0.6224
   11   Ni  MulP   9.3112   8.6888 sum  18.0000 diff   0.6224
   12   Ni  MulP   9.3112   8.6889 sum  18.0001 diff   0.6223
   13   Ni  MulP   9.3112   8.6890 sum  18.0003 diff   0.6222
   14   Ni  MulP   9.3112   8.6889 sum  18.0002 diff   0.6223
   15   Ni  MulP   9.3112   8.6887 sum  17.9999 diff   0.6225
   16   Ni  MulP   9.3112   8.6886 sum  17.9998 diff   0.6226
   17   Ni  MulP   9.3112   8.6888 sum  18.0000 diff   0.6224
   18   Ni  MulP   9.3112   8.6889 sum  18.0001 diff   0.6223
   19   Ni  MulP   9.3112   8.6890 sum  18.0002 diff   0.6222
   20   Ni  MulP   9.3112   8.6890 sum  18.0002 diff   0.6223
     ..........
     ......

 Sum of MulP: up   =  3193.74279 down          =  2980.25721
              total=  6174.00000 ideal(neutral)=  6174.00000
<DFT>  Total Spin Moment (muB) = 213.485581741333
<DFT>  Mixing_weight= 0.002942422175
<DFT>  Uele   =-9095.288625740119  dUele     =   0.031366039200
<DFT>  NormRD =    0.005222917812  Criterion =   0.000010000000

******************* MD= 1  SCF=21 *******************
<Poisson>  Poisson's equation using FFT...
<Set_Hamiltonian>  Hamiltonian matrix for VNA+dVH+Vxc...
<Band>  Solving the eigenvalue problem...
 KGrids1:  -0.33333   0.00000   0.33333 
 KGrids2:  -0.33333  -0.00000   0.33333 
 KGrids3:  -0.33333   0.00000   0.33334 
<Band_DFT>  Eigen, time=19.999054
<Band_DFT>  DM, time=0.000001
    1   Ni  MulP   9.3111   8.6889 sum  18.0000 diff   0.6222
    2   Ni  MulP   9.3111   8.6888 sum  17.9998 diff   0.6223
    3   Ni  MulP   9.3111   8.6888 sum  17.9999 diff   0.6222
    4   Ni  MulP   9.3111   8.6890 sum  18.0001 diff   0.6221
    5   Ni  MulP   9.3111   8.6889 sum  18.0000 diff   0.6221
    6   Ni  MulP   9.3111   8.6890 sum  18.0001 diff   0.6221
    7   Ni  MulP   9.3111   8.6892 sum  18.0004 diff   0.6219
    8   Ni  MulP   9.3110   8.6886 sum  17.9997 diff   0.6224
    9   Ni  MulP   9.3111   8.6888 sum  17.9998 diff   0.6223
   10   Ni  MulP   9.3111   8.6890 sum  18.0001 diff   0.6221
   11   Ni  MulP   9.3111   8.6891 sum  18.0002 diff   0.6220
   12   Ni  MulP   9.3111   8.6889 sum  18.0000 diff   0.6221
   13   Ni  MulP   9.3111   8.6891 sum  18.0002 diff   0.6220
   14   Ni  MulP   9.3111   8.6890 sum  18.0001 diff   0.6221
   15   Ni  MulP   9.3111   8.6888 sum  17.9998 diff   0.6223
   16   Ni  MulP   9.3111   8.6889 sum  18.0000 diff   0.6222
   17   Ni  MulP   9.3111   8.6890 sum  18.0001 diff   0.6221
   18   Ni  MulP   9.3111   8.6889 sum  18.0000 diff   0.6221
   19   Ni  MulP   9.3111   8.6891 sum  18.0002 diff   0.6220
   20   Ni  MulP   9.3111   8.6891 sum  18.0002 diff   0.6220
     ..........
     ......

 Sum of MulP: up   =  3193.69866 down          =  2980.30134
              total=  6174.00000 ideal(neutral)=  6174.00000
<DFT>  Total Spin Moment (muB) = 213.397313800191
<DFT>  Mixing_weight= 0.002942422175
<DFT>  Uele   =-9095.255043900388  dUele     =   0.033581839731
<DFT>  NormRD =    0.005328043816  Criterion =   0.000010000000

******************* MD= 1  SCF=22 *******************
<Poisson>  Poisson's equation using FFT...
<Set_Hamiltonian>  Hamiltonian matrix for VNA+dVH+Vxc...
<Band>  Solving the eigenvalue problem...
 KGrids1:  -0.33333   0.00000   0.33333 
 KGrids2:  -0.33333  -0.00000   0.33333 
 KGrids3:  -0.33333   0.00000   0.33334 
<Band_DFT>  Eigen, time=19.975689
<Band_DFT>  DM, time=0.000000
    1   Ni  MulP   9.3104   8.6897 sum  18.0001 diff   0.6208
    2   Ni  MulP   9.3104   8.6897 sum  18.0001 diff   0.6207
    3   Ni  MulP   9.3104   8.6897 sum  18.0001 diff   0.6207
    4   Ni  MulP   9.3104   8.6895 sum  17.9999 diff   0.6209
    5   Ni  MulP   9.3105   8.6903 sum  18.0008 diff   0.6203
    6   Ni  MulP   9.3104   8.6894 sum  17.9998 diff   0.6210
    7   Ni  MulP   9.3104   8.6896 sum  18.0000 diff   0.6208
    8   Ni  MulP   9.3104   8.6894 sum  17.9998 diff   0.6209
    9   Ni  MulP   9.3104   8.6896 sum  18.0001 diff   0.6208
   10   Ni  MulP   9.3103   8.6890 sum  17.9992 diff   0.6213
   11   Ni  MulP   9.3104   8.6896 sum  18.0000 diff   0.6208
   12   Ni  MulP   9.3104   8.6894 sum  17.9998 diff   0.6210
   13   Ni  MulP   9.3103   8.6891 sum  17.9995 diff   0.6212
   14   Ni  MulP   9.3104   8.6894 sum  17.9998 diff   0.6210
   15   Ni  MulP   9.3105   8.6898 sum  18.0003 diff   0.6206
   16   Ni  MulP   9.3105   8.6898 sum  18.0003 diff   0.6206
   17   Ni  MulP   9.3103   8.6892 sum  17.9996 diff   0.6211
   18   Ni  MulP   9.3104   8.6894 sum  17.9997 diff   0.6210
   19   Ni  MulP   9.3104   8.6896 sum  18.0001 diff   0.6208
   20   Ni  MulP   9.3104   8.6897 sum  18.0002 diff   0.6207
     ..........
     ......

 Sum of MulP: up   =  3193.47169 down          =  2980.52831
              total=  6174.00000 ideal(neutral)=  6174.00000
<DFT>  Total Spin Moment (muB) = 212.943386263622
<DFT>  Mixing_weight= 0.002942422175
<DFT>  Uele   =-9094.972425333579  dUele     =   0.282618566809
<DFT>  NormRD =    0.004843340604  Criterion =   0.000010000000

******************* MD= 1  SCF=23 *******************
<Poisson>  Poisson's equation using FFT...
<Set_Hamiltonian>  Hamiltonian matrix for VNA+dVH+Vxc...
<Band>  Solving the eigenvalue problem...
 KGrids1:  -0.33333   0.00000   0.33333 
 KGrids2:  -0.33333  -0.00000   0.33333 
 KGrids3:  -0.33333   0.00000   0.33334 
<Band_DFT>  Eigen, time=19.901323
<Band_DFT>  DM, time=0.000000
    1   Ni  MulP   9.3088   8.6909 sum  17.9997 diff   0.6179
    2   Ni  MulP   9.3087   8.6907 sum  17.9994 diff   0.6181
    3   Ni  MulP   9.3089   8.6915 sum  18.0004 diff   0.6174
    4   Ni  MulP   9.3088   8.6910 sum  17.9998 diff   0.6178
    5   Ni  MulP   9.3089   8.6916 sum  18.0006 diff   0.6173
    6   Ni  MulP   9.3088   8.6911 sum  17.9999 diff   0.6178
    7   Ni  MulP   9.3089   8.6913 sum  18.0002 diff   0.6176
    8   Ni  MulP   9.3088   8.6908 sum  17.9996 diff   0.6180
    9   Ni  MulP   9.3088   8.6910 sum  17.9998 diff   0.6178
   10   Ni  MulP   9.3086   8.6901 sum  17.9988 diff   0.6185
   11   Ni  MulP   9.3088   8.6909 sum  17.9997 diff   0.6179
   12   Ni  MulP   9.3089   8.6913 sum  18.0002 diff   0.6176
   13   Ni  MulP   9.3088   8.6907 sum  17.9995 diff   0.6181
   14   Ni  MulP   9.3088   8.6908 sum  17.9996 diff   0.6180
   15   Ni  MulP   9.3089   8.6914 sum  18.0003 diff   0.6175
   16   Ni  MulP   9.3089   8.6912 sum  18.0000 diff   0.6177
   17   Ni  MulP   9.3088   8.6905 sum  17.9993 diff   0.6183
   18   Ni  MulP   9.3089   8.6910 sum  17.9999 diff   0.6179
   19   Ni  MulP   9.3089   8.6911 sum  17.9999 diff   0.6178
   20   Ni  MulP   9.3089   8.6911 sum  18.0000 diff   0.6177
     ..........
     ......

 Sum of MulP: up   =  3192.93803 down          =  2981.06197
              total=  6174.00000 ideal(neutral)=  6174.00000
<DFT>  Total Spin Moment (muB) = 211.876068670720
<DFT>  Mixing_weight= 0.002942422175
<DFT>  Uele   =-9094.255180372927  dUele     =   0.717244960651
<DFT>  NormRD =    0.004619949973  Criterion =   0.000010000000

******************* MD= 1  SCF=24 *******************
<Poisson>  Poisson's equation using FFT...
<Set_Hamiltonian>  Hamiltonian matrix for VNA+dVH+Vxc...
<Band>  Solving the eigenvalue problem...
 KGrids1:  -0.33333   0.00000   0.33333 
 KGrids2:  -0.33333  -0.00000   0.33333 
 KGrids3:  -0.33333   0.00000   0.33334 
<Band_DFT>  Eigen, time=20.080500
<Band_DFT>  DM, time=0.000000
    1   Ni  MulP   9.3083   8.6915 sum  17.9998 diff   0.6167
    2   Ni  MulP   9.3082   8.6914 sum  17.9996 diff   0.6168
    3   Ni  MulP   9.3084   8.6925 sum  18.0009 diff   0.6159
    4   Ni  MulP   9.3083   8.6920 sum  18.0003 diff   0.6163
    5   Ni  MulP   9.3084   8.6924 sum  18.0007 diff   0.6160
    6   Ni  MulP   9.3083   8.6918 sum  18.0001 diff   0.6165
    7   Ni  MulP   9.3083   8.6919 sum  18.0002 diff   0.6165
    8   Ni  MulP   9.3083   8.6918 sum  18.0000 diff   0.6165
    9   Ni  MulP   9.3083   8.6921 sum  18.0004 diff   0.6162
   10   Ni  MulP   9.3082   8.6915 sum  17.9998 diff   0.6167
   11   Ni  MulP   9.3083   8.6920 sum  18.0003 diff   0.6163
   12   Ni  MulP   9.3084   8.6922 sum  18.0006 diff   0.6162
   13   Ni  MulP   9.3083   8.6915 sum  17.9998 diff   0.6168
   14   Ni  MulP   9.3083   8.6916 sum  17.9998 diff   0.6167
   15   Ni  MulP   9.3083   8.6922 sum  18.0005 diff   0.6161
   16   Ni  MulP   9.3083   8.6922 sum  18.0006 diff   0.6161
   17   Ni  MulP   9.3083   8.6917 sum  18.0000 diff   0.6166
   18   Ni  MulP   9.3084   8.6919 sum  18.0003 diff   0.6165
   19   Ni  MulP   9.3083   8.6916 sum  17.9999 diff   0.6167
   20   Ni  MulP   9.3083   8.6916 sum  17.9999 diff   0.6167
     ..........
     ......

 Sum of MulP: up   =  3192.74380 down          =  2981.25620
              total=  6174.00000 ideal(neutral)=  6174.00000
<DFT>  Total Spin Moment (muB) = 211.487603539715
<DFT>  Mixing_weight= 0.002942422175
<DFT>  Uele   =-9093.996575954960  dUele     =   0.258604417968
<DFT>  NormRD =    0.006527241242  Criterion =   0.000010000000

******************* MD= 1  SCF=25 *******************
<Poisson>  Poisson's equation using FFT...
<Set_Hamiltonian>  Hamiltonian matrix for VNA+dVH+Vxc...
<Band>  Solving the eigenvalue problem...
 KGrids1:  -0.33333   0.00000   0.33333 
 KGrids2:  -0.33333  -0.00000   0.33333 
 KGrids3:  -0.33333   0.00000   0.33334 
<Band_DFT>  Eigen, time=57.358010
<Band_DFT>  DM, time=0.000000
    1   Ni  MulP   9.3077   8.6927 sum  18.0004 diff   0.6151
    2   Ni  MulP   9.3077   8.6927 sum  18.0004 diff   0.6151
    3   Ni  MulP   9.3078   8.6930 sum  18.0008 diff   0.6147
    4   Ni  MulP   9.3077   8.6926 sum  18.0003 diff   0.6151
    5   Ni  MulP   9.3077   8.6924 sum  18.0001 diff   0.6153
    6   Ni  MulP   9.3077   8.6923 sum  18.0000 diff   0.6154
    7   Ni  MulP   9.3077   8.6925 sum  18.0002 diff   0.6153
    8   Ni  MulP   9.3078   8.6929 sum  18.0007 diff   0.6148
    9   Ni  MulP   9.3078   8.6930 sum  18.0007 diff   0.6148
   10   Ni  MulP   9.3077   8.6924 sum  18.0001 diff   0.6153
   11   Ni  MulP   9.3077   8.6922 sum  17.9998 diff   0.6155
   12   Ni  MulP   9.3077   8.6921 sum  17.9998 diff   0.6156
   13   Ni  MulP   9.3077   8.6921 sum  17.9997 diff   0.6156
   14   Ni  MulP   9.3077   8.6925 sum  18.0002 diff   0.6152
   15   Ni  MulP   9.3077   8.6928 sum  18.0006 diff   0.6149
   16   Ni  MulP   9.3077   8.6926 sum  18.0003 diff   0.6151
   17   Ni  MulP   9.3077   8.6920 sum  17.9997 diff   0.6156
   18   Ni  MulP   9.3077   8.6919 sum  17.9996 diff   0.6158
   19   Ni  MulP   9.3077   8.6917 sum  17.9994 diff   0.6159
   20   Ni  MulP   9.3077   8.6921 sum  17.9998 diff   0.6156
     ..........
     ......

 Sum of MulP: up   =  3192.54370 down          =  2981.45630
              total=  6174.00000 ideal(neutral)=  6174.00000
<DFT>  Total Spin Moment (muB) = 211.087393844904
<DFT>  Mixing_weight= 0.002942422175
<DFT>  Uele   =-9093.740423631138  dUele     =   0.256152323822
<DFT>  NormRD =    0.005955062571  Criterion =   0.000010000000

******************* MD= 1  SCF=26 *******************
<Poisson>  Poisson's equation using FFT...
<Set_Hamiltonian>  Hamiltonian matrix for VNA+dVH+Vxc...
<Band>  Solving the eigenvalue problem...
 KGrids1:  -0.33333   0.00000   0.33333 
 KGrids2:  -0.33333  -0.00000   0.33333 
 KGrids3:  -0.33333   0.00000   0.33334 
<Band_DFT>  Eigen, time=19.999175
<Band_DFT>  DM, time=0.000001
    1   Ni  MulP   9.3075   8.6928 sum  18.0003 diff   0.6147
    2   Ni  MulP   9.3075   8.6928 sum  18.0003 diff   0.6147
    3   Ni  MulP   9.3075   8.6928 sum  18.0003 diff   0.6146
    4   Ni  MulP   9.3075   8.6927 sum  18.0001 diff   0.6148
    5   Ni  MulP   9.3075   8.6925 sum  18.0000 diff   0.6149
    6   Ni  MulP   9.3075   8.6925 sum  18.0000 diff   0.6150
    7   Ni  MulP   9.3075   8.6926 sum  18.0001 diff   0.6149
    8   Ni  MulP   9.3075   8.6930 sum  18.0006 diff   0.6145
    9   Ni  MulP   9.3075   8.6929 sum  18.0004 diff   0.6146
   10   Ni  MulP   9.3075   8.6926 sum  18.0001 diff   0.6148
   11   Ni  MulP   9.3075   8.6924 sum  17.9998 diff   0.6151
   12   Ni  MulP   9.3075   8.6924 sum  17.9999 diff   0.6151
   13   Ni  MulP   9.3075   8.6925 sum  18.0000 diff   0.6150
   14   Ni  MulP   9.3075   8.6928 sum  18.0003 diff   0.6147
   15   Ni  MulP   9.3075   8.6929 sum  18.0004 diff   0.6145
   16   Ni  MulP   9.3075   8.6927 sum  18.0002 diff   0.6148
   17   Ni  MulP   9.3075   8.6923 sum  17.9998 diff   0.6152
   18   Ni  MulP   9.3075   8.6922 sum  17.9997 diff   0.6153
   19   Ni  MulP   9.3075   8.6923 sum  17.9998 diff   0.6152
   20   Ni  MulP   9.3075   8.6926 sum  18.0001 diff   0.6149
     ..........
     ......

 Sum of MulP: up   =  3192.46848 down          =  2981.53152
              total=  6174.00000 ideal(neutral)=  6174.00000
<DFT>  Total Spin Moment (muB) = 210.936958558323
<DFT>  Mixing_weight= 0.002942422175
<DFT>  Uele   =-9093.657626057749  dUele     =   0.082797573388
<DFT>  NormRD =    0.005755893832  Criterion =   0.000010000000

******************* MD= 1  SCF=27 *******************
<Poisson>  Poisson's equation using FFT...
<Set_Hamiltonian>  Hamiltonian matrix for VNA+dVH+Vxc...
<Band>  Solving the eigenvalue problem...
 KGrids1:  -0.33333   0.00000   0.33333 
 KGrids2:  -0.33333  -0.00000   0.33333 
 KGrids3:  -0.33333   0.00000   0.33334 
<Band_DFT>  Eigen, time=19.986966
<Band_DFT>  DM, time=0.000000
    1   Ni  MulP   9.3073   8.6927 sum  18.0001 diff   0.6146
    2   Ni  MulP   9.3073   8.6929 sum  18.0002 diff   0.6145
    3   Ni  MulP   9.3073   8.6929 sum  18.0002 diff   0.6144
    4   Ni  MulP   9.3073   8.6929 sum  18.0003 diff   0.6144
    5   Ni  MulP   9.3073   8.6928 sum  18.0001 diff   0.6146
    6   Ni  MulP   9.3073   8.6927 sum  18.0000 diff   0.6147
    7   Ni  MulP   9.3073   8.6926 sum  17.9999 diff   0.6147
    8   Ni  MulP   9.3073   8.6929 sum  18.0003 diff   0.6144
    9   Ni  MulP   9.3073   8.6930 sum  18.0003 diff   0.6144
   10   Ni  MulP   9.3074   8.6929 sum  18.0002 diff   0.6145
   11   Ni  MulP   9.3073   8.6926 sum  17.9999 diff   0.6148
   12   Ni  MulP   9.3073   8.6925 sum  17.9998 diff   0.6149
   13   Ni  MulP   9.3074   8.6925 sum  17.9999 diff   0.6148
   14   Ni  MulP   9.3073   8.6927 sum  18.0001 diff   0.6146
   15   Ni  MulP   9.3073   8.6930 sum  18.0003 diff   0.6143
   16   Ni  MulP   9.3073   8.6929 sum  18.0002 diff   0.6145
   17   Ni  MulP   9.3073   8.6926 sum  17.9999 diff   0.6148
   18   Ni  MulP   9.3074   8.6923 sum  17.9997 diff   0.6150
   19   Ni  MulP   9.3074   8.6923 sum  17.9997 diff   0.6150
   20   Ni  MulP   9.3073   8.6926 sum  17.9999 diff   0.6147
     ..........
     ......

 Sum of MulP: up   =  3192.41970 down          =  2981.58030
              total=  6174.00000 ideal(neutral)=  6174.00000
<DFT>  Total Spin Moment (muB) = 210.839401018390
<DFT>  Mixing_weight= 0.002942422175
<DFT>  Uele   =-9093.612846062770  dUele     =   0.044779994980
<DFT>  NormRD =    0.005746814762  Criterion =   0.000010000000

******************* MD= 1  SCF=28 *******************
<Poisson>  Poisson's equation using FFT...
<Set_Hamiltonian>  Hamiltonian matrix for VNA+dVH+Vxc...
<Band>  Solving the eigenvalue problem...
 KGrids1:  -0.33333   0.00000   0.33333 
 KGrids2:  -0.33333  -0.00000   0.33333 
 KGrids3:  -0.33333   0.00000   0.33334 
<Band_DFT>  Eigen, time=56.799884
<Band_DFT>  DM, time=0.000000
    1   Ni  MulP   9.3065   8.6936 sum  18.0002 diff   0.6129
    2   Ni  MulP   9.3065   8.6938 sum  18.0003 diff   0.6128
    3   Ni  MulP   9.3065   8.6938 sum  18.0003 diff   0.6127
    4   Ni  MulP   9.3065   8.6937 sum  18.0003 diff   0.6128
    5   Ni  MulP   9.3065   8.6936 sum  18.0001 diff   0.6129
    6   Ni  MulP   9.3065   8.6935 sum  18.0001 diff   0.6130
    7   Ni  MulP   9.3066   8.6936 sum  18.0002 diff   0.6129
    8   Ni  MulP   9.3065   8.6937 sum  18.0002 diff   0.6128
    9   Ni  MulP   9.3065   8.6937 sum  18.0002 diff   0.6128
   10   Ni  MulP   9.3065   8.6935 sum  18.0000 diff   0.6130
   11   Ni  MulP   9.3065   8.6934 sum  17.9999 diff   0.6131
   12   Ni  MulP   9.3065   8.6932 sum  17.9997 diff   0.6133
   13   Ni  MulP   9.3065   8.6933 sum  17.9998 diff   0.6132
   14   Ni  MulP   9.3065   8.6936 sum  18.0001 diff   0.6130
   15   Ni  MulP   9.3065   8.6938 sum  18.0003 diff   0.6127
   16   Ni  MulP   9.3065   8.6935 sum  18.0000 diff   0.6130
   17   Ni  MulP   9.3065   8.6932 sum  17.9997 diff   0.6133
   18   Ni  MulP   9.3065   8.6930 sum  17.9995 diff   0.6135
   19   Ni  MulP   9.3065   8.6931 sum  17.9996 diff   0.6134
   20   Ni  MulP   9.3065   8.6934 sum  17.9999 diff   0.6132
     ..........
     ......

 Sum of MulP: up   =  3192.14070 down          =  2981.85930
              total=  6174.00000 ideal(neutral)=  6174.00000
<DFT>  Total Spin Moment (muB) = 210.281405439781
<DFT>  Mixing_weight= 0.002942422175
<DFT>  Uele   =-9093.409285619740  dUele     =   0.203560443029
<DFT>  NormRD =    0.005595035928  Criterion =   0.000010000000

******************* MD= 1  SCF=29 *******************
<Poisson>  Poisson's equation using FFT...
<Set_Hamiltonian>  Hamiltonian matrix for VNA+dVH+Vxc...
<Band>  Solving the eigenvalue problem...
 KGrids1:  -0.33333   0.00000   0.33333 
 KGrids2:  -0.33333  -0.00000   0.33333 
 KGrids3:  -0.33333   0.00000   0.33334 
<Band_DFT>  Eigen, time=56.778524
<Band_DFT>  DM, time=0.000000
    1   Ni  MulP   9.3048   8.6953 sum  18.0001 diff   0.6096
    2   Ni  MulP   9.3049   8.6955 sum  18.0003 diff   0.6094
    3   Ni  MulP   9.3048   8.6954 sum  18.0002 diff   0.6095
    4   Ni  MulP   9.3048   8.6952 sum  18.0000 diff   0.6096
    5   Ni  MulP   9.3048   8.6953 sum  18.0001 diff   0.6096
    6   Ni  MulP   9.3048   8.6951 sum  17.9999 diff   0.6097
    7   Ni  MulP   9.3048   8.6951 sum  17.9999 diff   0.6097
    8   Ni  MulP   9.3048   8.6954 sum  18.0003 diff   0.6094
    9   Ni  MulP   9.3048   8.6955 sum  18.0004 diff   0.6093
   10   Ni  MulP   9.3048   8.6952 sum  18.0000 diff   0.6096
   11   Ni  MulP   9.3049   8.6952 sum  18.0001 diff   0.6096
   12   Ni  MulP   9.3048   8.6951 sum  17.9999 diff   0.6098
   13   Ni  MulP   9.3048   8.6950 sum  17.9998 diff   0.6098
   14   Ni  MulP   9.3048   8.6953 sum  18.0001 diff   0.6096
   15   Ni  MulP   9.3049   8.6956 sum  18.0004 diff   0.6093
   16   Ni  MulP   9.3048   8.6953 sum  18.0002 diff   0.6095
   17   Ni  MulP   9.3048   8.6952 sum  18.0000 diff   0.6097
   18   Ni  MulP   9.3048   8.6950 sum  17.9998 diff   0.6099
   19   Ni  MulP   9.3049   8.6950 sum  17.9999 diff   0.6098
   20   Ni  MulP   9.3048   8.6952 sum  18.0000 diff   0.6097
     ..........
     ......

 Sum of MulP: up   =  3191.55931 down          =  2982.44069
              total=  6174.00000 ideal(neutral)=  6174.00000
<DFT>  Total Spin Moment (muB) = 209.118628613418
<DFT>  Mixing_weight= 0.002942422175
<DFT>  Uele   =-9092.985653343621  dUele     =   0.423632276119
<DFT>  NormRD =    0.004885955500  Criterion =   0.000010000000

******************* MD= 1  SCF=30 *******************
<Poisson>  Poisson's equation using FFT...
<Set_Hamiltonian>  Hamiltonian matrix for VNA+dVH+Vxc...
<Band>  Solving the eigenvalue problem...
 KGrids1:  -0.33333   0.00000   0.33333 
 KGrids2:  -0.33333  -0.00000   0.33333 
 KGrids3:  -0.33333   0.00000   0.33334 
<Band_DFT>  Eigen, time=56.552859
<Band_DFT>  DM, time=0.000000
    1   Ni  MulP   9.3043   8.6957 sum  18.0000 diff   0.6086
    2   Ni  MulP   9.3043   8.6958 sum  18.0001 diff   0.6085
    3   Ni  MulP   9.3043   8.6958 sum  18.0001 diff   0.6085
    4   Ni  MulP   9.3043   8.6957 sum  18.0000 diff   0.6086
    5   Ni  MulP   9.3043   8.6958 sum  18.0001 diff   0.6085
    6   Ni  MulP   9.3043   8.6957 sum  18.0000 diff   0.6086
    7   Ni  MulP   9.3043   8.6957 sum  18.0000 diff   0.6086
    8   Ni  MulP   9.3043   8.6958 sum  18.0001 diff   0.6085
    9   Ni  MulP   9.3043   8.6959 sum  18.0002 diff   0.6084
   10   Ni  MulP   9.3043   8.6957 sum  18.0000 diff   0.6086
   11   Ni  MulP   9.3043   8.6957 sum  18.0001 diff   0.6086
   12   Ni  MulP   9.3043   8.6957 sum  18.0000 diff   0.6087
   13   Ni  MulP   9.3043   8.6957 sum  18.0000 diff   0.6087
   14   Ni  MulP   9.3043   8.6958 sum  18.0001 diff   0.6085
   15   Ni  MulP   9.3043   8.6960 sum  18.0003 diff   0.6084
   16   Ni  MulP   9.3043   8.6958 sum  18.0001 diff   0.6085
   17   Ni  MulP   9.3043   8.6957 sum  18.0000 diff   0.6086
   18   Ni  MulP   9.3043   8.6955 sum  17.9999 diff   0.6088
   19   Ni  MulP   9.3044   8.6957 sum  18.0000 diff   0.6087
   20   Ni  MulP   9.3043   8.6958 sum  18.0001 diff   0.6086
     ..........
     ......

 Sum of MulP: up   =  3191.38216 down          =  2982.61784
              total=  6174.00000 ideal(neutral)=  6174.00000
<DFT>  Total Spin Moment (muB) = 208.764316236672
<DFT>  Mixing_weight= 0.002942422175
<DFT>  Uele   =-9092.854923654615  dUele     =   0.130729689006
<DFT>  NormRD =    0.003427624787  Criterion =   0.000010000000

******************* MD= 1  SCF=31 *******************
<Poisson>  Poisson's equation using FFT...
<Set_Hamiltonian>  Hamiltonian matrix for VNA+dVH+Vxc...
<Band>  Solving the eigenvalue problem...
 KGrids1:  -0.33333   0.00000   0.33333 
 KGrids2:  -0.33333  -0.00000   0.33333 
 KGrids3:  -0.33333   0.00000   0.33334 
<Band_DFT>  Eigen, time=20.137889
<Band_DFT>  DM, time=0.000000
    1   Ni  MulP   9.3040   8.6960 sum  18.0001 diff   0.6080
    2   Ni  MulP   9.3040   8.6961 sum  18.0001 diff   0.6079
    3   Ni  MulP   9.3040   8.6961 sum  18.0001 diff   0.6079
    4   Ni  MulP   9.3040   8.6961 sum  18.0001 diff   0.6079
    5   Ni  MulP   9.3040   8.6960 sum  18.0000 diff   0.6080
    6   Ni  MulP   9.3040   8.6960 sum  18.0000 diff   0.6080
    7   Ni  MulP   9.3040   8.6960 sum  18.0000 diff   0.6080
    8   Ni  MulP   9.3040   8.6961 sum  18.0000 diff   0.6079
    9   Ni  MulP   9.3040   8.6962 sum  18.0002 diff   0.6079
   10   Ni  MulP   9.3040   8.6961 sum  18.0001 diff   0.6079
   11   Ni  MulP   9.3040   8.6960 sum  18.0000 diff   0.6080
   12   Ni  MulP   9.3040   8.6959 sum  17.9999 diff   0.6081
   13   Ni  MulP   9.3040   8.6959 sum  18.0000 diff   0.6081
   14   Ni  MulP   9.3040   8.6960 sum  18.0000 diff   0.6080
   15   Ni  MulP   9.3040   8.6962 sum  18.0002 diff   0.6078
   16   Ni  MulP   9.3040   8.6961 sum  18.0001 diff   0.6079
   17   Ni  MulP   9.3040   8.6960 sum  18.0001 diff   0.6080
   18   Ni  MulP   9.3040   8.6958 sum  17.9999 diff   0.6082
   19   Ni  MulP   9.3040   8.6959 sum  17.9999 diff   0.6082
   20   Ni  MulP   9.3040   8.6960 sum  18.0000 diff   0.6081
     ..........
     ......

 Sum of MulP: up   =  3191.27833 down          =  2982.72167
              total=  6174.00000 ideal(neutral)=  6174.00000
<DFT>  Total Spin Moment (muB) = 208.556663882826
<DFT>  Mixing_weight= 0.002942422175
<DFT>  Uele   =-9092.777459707129  dUele     =   0.077463947486
<DFT>  NormRD =    0.003173729736  Criterion =   0.000010000000

******************* MD= 1  SCF=32 *******************
<Poisson>  Poisson's equation using FFT...
<Set_Hamiltonian>  Hamiltonian matrix for VNA+dVH+Vxc...
<Band>  Solving the eigenvalue problem...
 KGrids1:  -0.33333   0.00000   0.33333 
 KGrids2:  -0.33333  -0.00000   0.33333 
 KGrids3:  -0.33333   0.00000   0.33334 
<Band_DFT>  Eigen, time=20.177913
<Band_DFT>  DM, time=0.000000
    1   Ni  MulP   9.3190   8.6817 sum  18.0007 diff   0.6373
    2   Ni  MulP   9.3189   8.6817 sum  18.0006 diff   0.6372
    3   Ni  MulP   9.3189   8.6819 sum  18.0009 diff   0.6370
    4   Ni  MulP   9.3189   8.6817 sum  18.0006 diff   0.6372
    5   Ni  MulP   9.3190   8.6817 sum  18.0007 diff   0.6372
    6   Ni  MulP   9.3190   8.6815 sum  18.0005 diff   0.6375
    7   Ni  MulP   9.3190   8.6815 sum  18.0005 diff   0.6375
    8   Ni  MulP   9.3189   8.6816 sum  18.0005 diff   0.6373
    9   Ni  MulP   9.3190   8.6821 sum  18.0011 diff   0.6368
   10   Ni  MulP   9.3189   8.6815 sum  18.0004 diff   0.6374
   11   Ni  MulP   9.3189   8.6811 sum  18.0000 diff   0.6378
   12   Ni  MulP   9.3189   8.6807 sum  17.9995 diff   0.6382
   13   Ni  MulP   9.3189   8.6809 sum  17.9998 diff   0.6380
   14   Ni  MulP   9.3189   8.6814 sum  18.0003 diff   0.6375
   15   Ni  MulP   9.3190   8.6823 sum  18.0013 diff   0.6367
   16   Ni  MulP   9.3189   8.6817 sum  18.0006 diff   0.6373
   17   Ni  MulP   9.3189   8.6808 sum  17.9998 diff   0.6381
   18   Ni  MulP   9.3188   8.6798 sum  17.9986 diff   0.6390
   19   Ni  MulP   9.3189   8.6804 sum  17.9993 diff   0.6385
   20   Ni  MulP   9.3189   8.6810 sum  17.9999 diff   0.6379
     ..........
     ......

 Sum of MulP: up   =  3196.38519 down          =  2977.61481
              total=  6174.00000 ideal(neutral)=  6174.00000
<DFT>  Total Spin Moment (muB) = 218.770381372675
<DFT>  Mixing_weight= 0.002942422175
<DFT>  Uele   =-9096.507797153685  dUele     =   3.730337446555
<DFT>  NormRD =    0.002727501395  Criterion =   0.000010000000

******************* MD= 1  SCF=33 *******************
<Poisson>  Poisson's equation using FFT...
<Set_Hamiltonian>  Hamiltonian matrix for VNA+dVH+Vxc...
<Band>  Solving the eigenvalue problem...
 KGrids1:  -0.33333   0.00000   0.33333 
 KGrids2:  -0.33333  -0.00000   0.33333 
 KGrids3:  -0.33333   0.00000   0.33334 
<Band_DFT>  Eigen, time=20.137989
<Band_DFT>  DM, time=0.000000
    1   Ni  MulP   9.3201   8.6806 sum  18.0007 diff   0.6395
    2   Ni  MulP   9.3200   8.6802 sum  18.0002 diff   0.6398
    3   Ni  MulP   9.3201   8.6808 sum  18.0009 diff   0.6393
    4   Ni  MulP   9.3200   8.6804 sum  18.0005 diff   0.6396
    5   Ni  MulP   9.3199   8.6797 sum  17.9996 diff   0.6403
    6   Ni  MulP   9.3199   8.6795 sum  17.9994 diff   0.6404
    7   Ni  MulP   9.3200   8.6801 sum  18.0001 diff   0.6399
    8   Ni  MulP   9.3200   8.6801 sum  18.0001 diff   0.6399
    9   Ni  MulP   9.3201   8.6804 sum  18.0005 diff   0.6396
   10   Ni  MulP   9.3200   8.6802 sum  18.0002 diff   0.6398
   11   Ni  MulP   9.3199   8.6794 sum  17.9993 diff   0.6405
   12   Ni  MulP   9.3199   8.6792 sum  17.9990 diff   0.6407
   13   Ni  MulP   9.3199   8.6797 sum  17.9996 diff   0.6402
   14   Ni  MulP   9.3200   8.6802 sum  18.0002 diff   0.6398
   15   Ni  MulP   9.3201   8.6806 sum  18.0007 diff   0.6395
   16   Ni  MulP   9.3200   8.6802 sum  18.0003 diff   0.6398
   17   Ni  MulP   9.3200   8.6799 sum  17.9999 diff   0.6401
   18   Ni  MulP   9.3198   8.6790 sum  17.9989 diff   0.6408
   19   Ni  MulP   9.3200   8.6797 sum  17.9997 diff   0.6402
   20   Ni  MulP   9.3200   8.6802 sum  18.0002 diff   0.6398
     ..........
     ......

 Sum of MulP: up   =  3196.75773 down          =  2977.24227
              total=  6174.00000 ideal(neutral)=  6174.00000
<DFT>  Total Spin Moment (muB) = 219.515468246404
<DFT>  Mixing_weight= 0.002942422175
<DFT>  Uele   =-9098.978406759485  dUele     =   2.470609605800
<DFT>  NormRD =    0.014643762022  Criterion =   0.000010000000

******************* MD= 1  SCF=34 *******************
<Poisson>  Poisson's equation using FFT...
<Set_Hamiltonian>  Hamiltonian matrix for VNA+dVH+Vxc...
<Band>  Solving the eigenvalue problem...
 KGrids1:  -0.33333   0.00000   0.33333 
 KGrids2:  -0.33333  -0.00000   0.33333 
 KGrids3:  -0.33333   0.00000   0.33334 
<Band_DFT>  Eigen, time=19.863956
<Band_DFT>  DM, time=0.000000
    1   Ni  MulP   9.3207   8.6791 sum  17.9998 diff   0.6416
    2   Ni  MulP   9.3209   8.6801 sum  18.0010 diff   0.6408
    3   Ni  MulP   9.3207   8.6790 sum  17.9997 diff   0.6418
    4   Ni  MulP   9.3207   8.6787 sum  17.9994 diff   0.6419
    5   Ni  MulP   9.3209   8.6798 sum  18.0006 diff   0.6411
    6   Ni  MulP   9.3208   8.6795 sum  18.0003 diff   0.6413
    7   Ni  MulP   9.3207   8.6787 sum  17.9994 diff   0.6420
    8   Ni  MulP   9.3210   8.6811 sum  18.0021 diff   0.6400
    9   Ni  MulP   9.3208   8.6798 sum  18.0006 diff   0.6410
   10   Ni  MulP   9.3207   8.6789 sum  17.9996 diff   0.6418
   11   Ni  MulP   9.3208   8.6797 sum  18.0006 diff   0.6411
   12   Ni  MulP   9.3210   8.6807 sum  18.0017 diff   0.6403
   13   Ni  MulP   9.3208   8.6794 sum  18.0002 diff   0.6414
   14   Ni  MulP   9.3208   8.6794 sum  18.0002 diff   0.6414
   15   Ni  MulP   9.3209   8.6803 sum  18.0012 diff   0.6406
   16   Ni  MulP   9.3207   8.6789 sum  17.9996 diff   0.6417
   17   Ni  MulP   9.3207   8.6789 sum  17.9996 diff   0.6418
   18   Ni  MulP   9.3210   8.6804 sum  18.0014 diff   0.6406
   19   Ni  MulP   9.3208   8.6795 sum  18.0003 diff   0.6414
   20   Ni  MulP   9.3207   8.6788 sum  17.9995 diff   0.6418
     ..........
     ......

 Sum of MulP: up   =  3197.02589 down          =  2976.97411
              total=  6174.00000 ideal(neutral)=  6174.00000
<DFT>  Total Spin Moment (muB) = 220.051777340606
<DFT>  Mixing_weight= 0.002942422175
<DFT>  Uele   =-9099.280595921007  dUele     =   0.302189161523
<DFT>  NormRD =    0.011028566549  Criterion =   0.000010000000

******************* MD= 1  SCF=35 *******************
<Poisson>  Poisson's equation using FFT...
<Set_Hamiltonian>  Hamiltonian matrix for VNA+dVH+Vxc...
<Band>  Solving the eigenvalue problem...
 KGrids1:  -0.33333   0.00000   0.33333 
 KGrids2:  -0.33333  -0.00000   0.33333 
 KGrids3:  -0.33333   0.00000   0.33334 
<Band_DFT>  Eigen, time=20.185344
<Band_DFT>  DM, time=0.000001
    1   Ni  MulP   9.2989   8.7007 sum  17.9995 diff   0.5982
    2   Ni  MulP   9.2990   8.7011 sum  18.0001 diff   0.5979
    3   Ni  MulP   9.2988   8.6999 sum  17.9987 diff   0.5989
    4   Ni  MulP   9.2989   8.7004 sum  17.9994 diff   0.5985
    5   Ni  MulP   9.2989   8.7009 sum  17.9998 diff   0.5981
    6   Ni  MulP   9.2989   8.7009 sum  17.9999 diff   0.5980
    7   Ni  MulP   9.2989   8.7007 sum  17.9996 diff   0.5982
    8   Ni  MulP   9.2991   8.7013 sum  18.0004 diff   0.5978
    9   Ni  MulP   9.2988   8.6996 sum  17.9984 diff   0.5991
   10   Ni  MulP   9.2989   8.7002 sum  17.9991 diff   0.5986
   11   Ni  MulP   9.2990   8.7015 sum  18.0005 diff   0.5975
   12   Ni  MulP   9.2992   8.7026 sum  18.0018 diff   0.5966
   13   Ni  MulP   9.2990   8.7012 sum  18.0002 diff   0.5978
   14   Ni  MulP   9.2989   8.7007 sum  17.9996 diff   0.5983
   15   Ni  MulP   9.2988   8.6995 sum  17.9982 diff   0.5993
   16   Ni  MulP   9.2987   8.6997 sum  17.9984 diff   0.5991
   17   Ni  MulP   9.2988   8.7008 sum  17.9997 diff   0.5980
   18   Ni  MulP   9.2994   8.7040 sum  18.0033 diff   0.5954
   19   Ni  MulP   9.2991   8.7023 sum  18.0013 diff   0.5968
   20   Ni  MulP   9.2988   8.7002 sum  17.9989 diff   0.5986
     ..........
     ......

 Sum of MulP: up   =  3189.53838 down          =  2984.46162
              total=  6174.00000 ideal(neutral)=  6174.00000
<DFT>  Total Spin Moment (muB) = 205.076765950931
<DFT>  Mixing_weight= 0.002942422175
<DFT>  Uele   =-9093.543515815451  dUele     =   5.737080105557
<DFT>  NormRD =    0.012273772526  Criterion =   0.000010000000

******************* MD= 1  SCF=36 *******************
<Poisson>  Poisson's equation using FFT...
<Set_Hamiltonian>  Hamiltonian matrix for VNA+dVH+Vxc...
<Band>  Solving the eigenvalue problem...
 KGrids1:  -0.33333   0.00000   0.33333 
 KGrids2:  -0.33333  -0.00000   0.33333 
 KGrids3:  -0.33333   0.00000   0.33334 
<Band_DFT>  Eigen, time=57.305215
<Band_DFT>  DM, time=0.000000
    1   Ni  MulP   9.2930   8.7071 sum  18.0001 diff   0.5860
    2   Ni  MulP   9.2928   8.7060 sum  17.9987 diff   0.5868
    3   Ni  MulP   9.2930   8.7073 sum  18.0002 diff   0.5857
    4   Ni  MulP   9.2933   8.7088 sum  18.0021 diff   0.5846
    5   Ni  MulP   9.2928   8.7060 sum  17.9988 diff   0.5868
    6   Ni  MulP   9.2928   8.7058 sum  17.9987 diff   0.5870
    7   Ni  MulP   9.2932   8.7080 sum  18.0013 diff   0.5852
    8   Ni  MulP   9.2930   8.7074 sum  18.0004 diff   0.5856
    9   Ni  MulP   9.2929   8.7071 sum  18.0000 diff   0.5858
   10   Ni  MulP   9.2933   8.7091 sum  18.0024 diff   0.5842
   11   Ni  MulP   9.2930   8.7071 sum  18.0001 diff   0.5859
   12   Ni  MulP   9.2927   8.7055 sum  17.9982 diff   0.5873
   13   Ni  MulP   9.2931   8.7072 sum  18.0003 diff   0.5859
   14   Ni  MulP   9.2933   8.7088 sum  18.0021 diff   0.5846
   15   Ni  MulP   9.2929   8.7076 sum  18.0005 diff   0.5853
   16   Ni  MulP   9.2933   8.7093 sum  18.0026 diff   0.5840
   17   Ni  MulP   9.2931   8.7078 sum  18.0009 diff   0.5853
   18   Ni  MulP   9.2932   8.7076 sum  18.0008 diff   0.5856
   19   Ni  MulP   9.2930   8.7068 sum  17.9998 diff   0.5862
   20   Ni  MulP   9.2931   8.7076 sum  18.0007 diff   0.5855
     ..........
     ......

 Sum of MulP: up   =  3187.50037 down          =  2986.49963
              total=  6174.00000 ideal(neutral)=  6174.00000
<DFT>  Total Spin Moment (muB) = 201.000744985948
<DFT>  Mixing_weight= 0.002942422175
<DFT>  Uele   =-9088.925536264775  dUele     =   4.617979550676
<DFT>  NormRD =    0.015465730938  Criterion =   0.000010000000

******************* MD= 1  SCF=37 *******************
<Poisson>  Poisson's equation using FFT...
<Set_Hamiltonian>  Hamiltonian matrix for VNA+dVH+Vxc...
<Band>  Solving the eigenvalue problem...
 KGrids1:  -0.33333   0.00000   0.33333 
 KGrids2:  -0.33333  -0.00000   0.33333 
 KGrids3:  -0.33333   0.00000   0.33334 
<Band_DFT>  Eigen, time=20.059232
<Band_DFT>  DM, time=0.000000
    1   Ni  MulP   9.2993   8.7003 sum  17.9996 diff   0.5991
    2   Ni  MulP   9.2993   8.7005 sum  17.9998 diff   0.5988
    3   Ni  MulP   9.2991   8.6995 sum  17.9987 diff   0.5996
    4   Ni  MulP   9.2990   8.6986 sum  17.9975 diff   0.6004
    5   Ni  MulP   9.2992   8.6999 sum  17.9992 diff   0.5993
    6   Ni  MulP   9.2995   8.7009 sum  18.0004 diff   0.5985
    7   Ni  MulP   9.2990   8.6988 sum  17.9978 diff   0.6003
    8   Ni  MulP   9.2990   8.6987 sum  17.9976 diff   0.6003
    9   Ni  MulP   9.2993   8.7003 sum  17.9996 diff   0.5990
   10   Ni  MulP   9.2990   8.6991 sum  17.9981 diff   0.5999
   11   Ni  MulP   9.2991   8.6995 sum  17.9986 diff   0.5996
   12   Ni  MulP   9.2992   8.6998 sum  17.9991 diff   0.5994
   13   Ni  MulP   9.2992   8.6995 sum  17.9987 diff   0.5996
   14   Ni  MulP   9.2989   8.6984 sum  17.9973 diff   0.6005
   15   Ni  MulP   9.2991   8.6994 sum  17.9985 diff   0.5998
   16   Ni  MulP   9.2994   8.7009 sum  18.0003 diff   0.5985
   17   Ni  MulP   9.2995   8.7016 sum  18.0011 diff   0.5979
   18   Ni  MulP   9.2992   8.6999 sum  17.9991 diff   0.5993
   19   Ni  MulP   9.2993   8.7004 sum  17.9998 diff   0.5989
   20   Ni  MulP   9.2994   8.7010 sum  18.0004 diff   0.5985
     ..........
     ......

 Sum of MulP: up   =  3189.67929 down          =  2984.32071
              total=  6174.00000 ideal(neutral)=  6174.00000
<DFT>  Total Spin Moment (muB) = 205.358571373941
<DFT>  Mixing_weight= 0.002942422175
<DFT>  Uele   =-9091.482480580104  dUele     =   2.556944315329
<DFT>  NormRD =    0.011231584733  Criterion =   0.000010000000

******************* MD= 1  SCF=38 *******************
<Poisson>  Poisson's equation using FFT...
<Set_Hamiltonian>  Hamiltonian matrix for VNA+dVH+Vxc...
<Band>  Solving the eigenvalue problem...
 KGrids1:  -0.33333   0.00000   0.33333 
 KGrids2:  -0.33333  -0.00000   0.33333 
 KGrids3:  -0.33333   0.00000   0.33334 
<Band_DFT>  Eigen, time=19.994648
<Band_DFT>  DM, time=0.000001
    1   Ni  MulP   9.3001   8.6995 sum  17.9997 diff   0.6006
    2   Ni  MulP   9.3002   8.6997 sum  17.9998 diff   0.6005
    3   Ni  MulP   9.2999   8.6986 sum  17.9985 diff   0.6014
    4   Ni  MulP   9.2996   8.6970 sum  17.9966 diff   0.6027
    5   Ni  MulP   9.3000   8.6986 sum  17.9986 diff   0.6013
    6   Ni  MulP   9.3003   8.7003 sum  18.0006 diff   0.6001
    7   Ni  MulP   9.2998   8.6978 sum  17.9976 diff   0.6020
    8   Ni  MulP   9.2999   8.6987 sum  17.9985 diff   0.6012
    9   Ni  MulP   9.3003   8.7005 sum  18.0008 diff   0.5998
   10   Ni  MulP   9.2999   8.6985 sum  17.9984 diff   0.6014
   11   Ni  MulP   9.3000   8.6989 sum  17.9989 diff   0.6011
   12   Ni  MulP   9.3002   8.6997 sum  17.9999 diff   0.6005
   13   Ni  MulP   9.3001   8.6995 sum  17.9996 diff   0.6006
   14   Ni  MulP   9.2998   8.6981 sum  17.9979 diff   0.6017
   15   Ni  MulP   9.3003   8.7007 sum  18.0010 diff   0.5996
   16   Ni  MulP   9.3004   8.7015 sum  18.0019 diff   0.5990
   17   Ni  MulP   9.3005   8.7019 sum  18.0024 diff   0.5986
   18   Ni  MulP   9.3001   8.6999 sum  18.0000 diff   0.6003
   19   Ni  MulP   9.3004   8.7009 sum  18.0013 diff   0.5995
   20   Ni  MulP   9.3005   8.7018 sum  18.0023 diff   0.5987
     ..........
     ......

 Sum of MulP: up   =  3189.96277 down          =  2984.03723
              total=  6174.00000 ideal(neutral)=  6174.00000
<DFT>  Total Spin Moment (muB) = 205.925545262250
<DFT>  Mixing_weight= 0.002942422175
<DFT>  Uele   =-9091.402433472114  dUele     =   0.080047107989
<DFT>  NormRD =    0.019406963444  Criterion =   0.000010000000

******************* MD= 1  SCF=39 *******************
<Poisson>  Poisson's equation using FFT...
<Set_Hamiltonian>  Hamiltonian matrix for VNA+dVH+Vxc...
<Band>  Solving the eigenvalue problem...
 KGrids1:  -0.33333   0.00000   0.33333 
 KGrids2:  -0.33333  -0.00000   0.33333 
 KGrids3:  -0.33333   0.00000   0.33334 
<Band_DFT>  Eigen, time=20.008871
<Band_DFT>  DM, time=0.000000
    1   Ni  MulP   9.2946   8.7017 sum  17.9963 diff   0.5929
    2   Ni  MulP   9.2948   8.7031 sum  17.9979 diff   0.5917
    3   Ni  MulP   9.2955   8.7068 sum  18.0024 diff   0.5887
    4   Ni  MulP   9.2948   8.7039 sum  17.9987 diff   0.5909
    5   Ni  MulP   9.2952   8.7046 sum  17.9998 diff   0.5906
    6   Ni  MulP   9.2950   8.7038 sum  17.9988 diff   0.5912
    7   Ni  MulP   9.2949   8.7029 sum  17.9979 diff   0.5920
    8   Ni  MulP   9.2946   8.7022 sum  17.9968 diff   0.5924
    9   Ni  MulP   9.2953   8.7060 sum  18.0013 diff   0.5894
   10   Ni  MulP   9.2953   8.7058 sum  18.0010 diff   0.5895
   11   Ni  MulP   9.2960   8.7087 sum  18.0046 diff   0.5873
   12   Ni  MulP   9.2962   8.7092 sum  18.0054 diff   0.5869
   13   Ni  MulP   9.2956   8.7065 sum  18.0021 diff   0.5891
   14   Ni  MulP   9.2946   8.7017 sum  17.9963 diff   0.5929
   15   Ni  MulP   9.2952   8.7050 sum  18.0002 diff   0.5902
   16   Ni  MulP   9.2943   8.7012 sum  17.9955 diff   0.5931
   17   Ni  MulP   9.2955   8.7060 sum  18.0014 diff   0.5895
   18   Ni  MulP   9.2951   8.7050 sum  18.0001 diff   0.5902
   19   Ni  MulP   9.2958   8.7072 sum  18.0030 diff   0.5886
   20   Ni  MulP   9.2951   8.7042 sum  17.9994 diff   0.5909
     ..........
     ......

 Sum of MulP: up   =  3188.24074 down          =  2985.75926
              total=  6174.00000 ideal(neutral)=  6174.00000
<DFT>  Total Spin Moment (muB) = 202.481477142100
<DFT>  Mixing_weight= 0.002942422175
<DFT>  Uele   =-9090.313571778192  dUele     =   1.088861693923
<DFT>  NormRD =    0.022517529443  Criterion =   0.000010000000

******************* MD= 1  SCF=40 *******************
<Poisson>  Poisson's equation using FFT...
<Set_Hamiltonian>  Hamiltonian matrix for VNA+dVH+Vxc...
<Band>  Solving the eigenvalue problem...
 KGrids1:  -0.33333   0.00000   0.33333 
 KGrids2:  -0.33333  -0.00000   0.33333 
 KGrids3:  -0.33333   0.00000   0.33334 
<Band_DFT>  Eigen, time=20.078403
<Band_DFT>  DM, time=0.000000
    1   Ni  MulP   9.2964   8.7042 sum  18.0006 diff   0.5922
    2   Ni  MulP   9.2964   8.7044 sum  18.0007 diff   0.5920
    3   Ni  MulP   9.2963   8.7040 sum  18.0004 diff   0.5923
    4   Ni  MulP   9.2960   8.7022 sum  17.9982 diff   0.5938
    5   Ni  MulP   9.2962   8.7026 sum  17.9988 diff   0.5936
    6   Ni  MulP   9.2960   8.7021 sum  17.9982 diff   0.5939
    7   Ni  MulP   9.2964   8.7040 sum  18.0004 diff   0.5924
    8   Ni  MulP   9.2963   8.7041 sum  18.0004 diff   0.5922
    9   Ni  MulP   9.2962   8.7038 sum  18.0000 diff   0.5925
   10   Ni  MulP   9.2962   8.7032 sum  17.9994 diff   0.5930
   11   Ni  MulP   9.2963   8.7031 sum  17.9994 diff   0.5932
   12   Ni  MulP   9.2963   8.7031 sum  17.9994 diff   0.5933
   13   Ni  MulP   9.2964   8.7035 sum  17.9999 diff   0.5928
   14   Ni  MulP   9.2964   8.7041 sum  18.0005 diff   0.5923
   15   Ni  MulP   9.2963   8.7039 sum  18.0002 diff   0.5924
   16   Ni  MulP   9.2961   8.7027 sum  17.9987 diff   0.5934
   17   Ni  MulP   9.2964   8.7035 sum  17.9999 diff   0.5929
   18   Ni  MulP   9.2962   8.7022 sum  17.9983 diff   0.5940
   19   Ni  MulP   9.2965   8.7037 sum  18.0001 diff   0.5928
   20   Ni  MulP   9.2964   8.7039 sum  18.0003 diff   0.5925
     ..........
     ......

 Sum of MulP: up   =  3188.63985 down          =  2985.36015
              total=  6174.00000 ideal(neutral)=  6174.00000
<DFT>  Total Spin Moment (muB) = 203.279707253240
<DFT>  Mixing_weight= 0.002942422175
<DFT>  Uele   =-9090.523002981530  dUele     =   0.209431203339
<DFT>  NormRD =    0.015562042571  Criterion =   0.000010000000

******************* MD= 1  SCF=41 *******************
<Poisson>  Poisson's equation using FFT...
<Set_Hamiltonian>  Hamiltonian matrix for VNA+dVH+Vxc...
<Band>  Solving the eigenvalue problem...
 KGrids1:  -0.33333   0.00000   0.33333 
 KGrids2:  -0.33333  -0.00000   0.33333 
 KGrids3:  -0.33333   0.00000   0.33334 
<Band_DFT>  Eigen, time=19.917914
<Band_DFT>  DM, time=0.000000
    1   Ni  MulP   9.2994   8.7056 sum  18.0050 diff   0.5938
    2   Ni  MulP   9.2989   8.7025 sum  18.0014 diff   0.5963
    3   Ni  MulP   9.2990   8.7036 sum  18.0026 diff   0.5955
    4   Ni  MulP   9.2991   8.7040 sum  18.0030 diff   0.5951
    5   Ni  MulP   9.2989   8.7026 sum  18.0015 diff   0.5963
    6   Ni  MulP   9.2989   8.7030 sum  18.0019 diff   0.5959
    7   Ni  MulP   9.2998   8.7078 sum  18.0076 diff   0.5919
    8   Ni  MulP   9.2986   8.7006 sum  17.9991 diff   0.5980
    9   Ni  MulP   9.2983   8.6996 sum  17.9980 diff   0.5987
   10   Ni  MulP   9.2989   8.7029 sum  18.0018 diff   0.5960
   11   Ni  MulP   9.2991   8.7037 sum  18.0028 diff   0.5954
   12   Ni  MulP   9.2992   8.7037 sum  18.0029 diff   0.5955
   13   Ni  MulP   9.2993   8.7046 sum  18.0039 diff   0.5947
   14   Ni  MulP   9.2992   8.7040 sum  18.0031 diff   0.5952
   15   Ni  MulP   9.2984   8.6992 sum  17.9975 diff   0.5992
   16   Ni  MulP   9.2985   8.7000 sum  17.9985 diff   0.5984
   17   Ni  MulP   9.2990   8.7023 sum  18.0012 diff   0.5967
   18   Ni  MulP   9.2991   8.7026 sum  18.0017 diff   0.5965
   19   Ni  MulP   9.2992   8.7034 sum  18.0026 diff   0.5958
   20   Ni  MulP   9.2989   8.7021 sum  18.0010 diff   0.5968
     ..........
     ......

 Sum of MulP: up   =  3189.47494 down          =  2984.52506
              total=  6174.00000 ideal(neutral)=  6174.00000
<DFT>  Total Spin Moment (muB) = 204.949873318568
<DFT>  Mixing_weight= 0.002942422175
<DFT>  Uele   =-9090.982909712948  dUele     =   0.459906731418
<DFT>  NormRD =    0.011951928986  Criterion =   0.000010000000

******************* MD= 1  SCF=42 *******************
<Poisson>  Poisson's equation using FFT...
<Set_Hamiltonian>  Hamiltonian matrix for VNA+dVH+Vxc...
<Band>  Solving the eigenvalue problem...
 KGrids1:  -0.33333   0.00000   0.33333 
 KGrids2:  -0.33333  -0.00000   0.33333 
 KGrids3:  -0.33333   0.00000   0.33334 
<Band_DFT>  Eigen, time=20.038294
<Band_DFT>  DM, time=0.000000
    1   Ni  MulP   9.2939   8.7051 sum  17.9989 diff   0.5888
    2   Ni  MulP   9.2938   8.7049 sum  17.9988 diff   0.5889
    3   Ni  MulP   9.2941   8.7062 sum  18.0003 diff   0.5878
    4   Ni  MulP   9.2940   8.7063 sum  18.0003 diff   0.5877
    5   Ni  MulP   9.2945   8.7086 sum  18.0032 diff   0.5859
    6   Ni  MulP   9.2946   8.7090 sum  18.0036 diff   0.5856
    7   Ni  MulP   9.2945   8.7081 sum  18.0026 diff   0.5864
    8   Ni  MulP   9.2939   8.7058 sum  17.9997 diff   0.5881
    9   Ni  MulP   9.2939   8.7057 sum  17.9996 diff   0.5882
   10   Ni  MulP   9.2940   8.7058 sum  17.9998 diff   0.5882
   11   Ni  MulP   9.2945   8.7077 sum  18.0022 diff   0.5867
   12   Ni  MulP   9.2948   8.7094 sum  18.0042 diff   0.5854
   13   Ni  MulP   9.2947   8.7093 sum  18.0040 diff   0.5854
   14   Ni  MulP   9.2942   8.7072 sum  18.0014 diff   0.5871
   15   Ni  MulP   9.2940   8.7058 sum  17.9998 diff   0.5882
   16   Ni  MulP   9.2936   8.7038 sum  17.9975 diff   0.5898
   17   Ni  MulP   9.2941   8.7056 sum  17.9997 diff   0.5885
   18   Ni  MulP   9.2942   8.7059 sum  18.0001 diff   0.5883
   19   Ni  MulP   9.2945   8.7073 sum  18.0018 diff   0.5872
   20   Ni  MulP   9.2942   8.7068 sum  18.0010 diff   0.5875
     ..........
     ......

 Sum of MulP: up   =  3187.87704 down          =  2986.12296
              total=  6174.00000 ideal(neutral)=  6174.00000
<DFT>  Total Spin Moment (muB) = 201.754073813940
<DFT>  Mixing_weight= 0.002942422175
<DFT>  Uele   =-9090.049834763766  dUele     =   0.933074949182
<DFT>  NormRD =    0.042341903250  Criterion =   0.000010000000

******************* MD= 1  SCF=43 *******************
<Poisson>  Poisson's equation using FFT...
<Set_Hamiltonian>  Hamiltonian matrix for VNA+dVH+Vxc...
<Band>  Solving the eigenvalue problem...
 KGrids1:  -0.33333   0.00000   0.33333 
 KGrids2:  -0.33333  -0.00000   0.33333 
 KGrids3:  -0.33333   0.00000   0.33334 
<Band_DFT>  Eigen, time=57.154029
<Band_DFT>  DM, time=0.000001
    1   Ni  MulP   9.2967   8.6998 sum  17.9965 diff   0.5970
    2   Ni  MulP   9.2969   8.7014 sum  17.9983 diff   0.5955
    3   Ni  MulP   9.2973   8.7040 sum  18.0013 diff   0.5933
    4   Ni  MulP   9.2976   8.7062 sum  18.0038 diff   0.5914
    5   Ni  MulP   9.2976   8.7058 sum  18.0035 diff   0.5918
    6   Ni  MulP   9.2971   8.7023 sum  17.9994 diff   0.5948
    7   Ni  MulP   9.2971   8.7014 sum  17.9984 diff   0.5957
    8   Ni  MulP   9.2968   8.7006 sum  17.9974 diff   0.5962
    9   Ni  MulP   9.2968   8.7013 sum  17.9982 diff   0.5955
   10   Ni  MulP   9.2974   8.7046 sum  18.0020 diff   0.5928
   11   Ni  MulP   9.2976   8.7056 sum  18.0032 diff   0.5920
   12   Ni  MulP   9.2975   8.7044 sum  18.0018 diff   0.5931
   13   Ni  MulP   9.2971   8.7021 sum  17.9993 diff   0.5950
   14   Ni  MulP   9.2970   8.7011 sum  17.9981 diff   0.5959
   15   Ni  MulP   9.2968   8.7010 sum  17.9978 diff   0.5958
   16   Ni  MulP   9.2971   8.7027 sum  17.9998 diff   0.5944
   17   Ni  MulP   9.2975   8.7046 sum  18.0021 diff   0.5929
   18   Ni  MulP   9.2977   8.7051 sum  18.0027 diff   0.5926
   19   Ni  MulP   9.2974   8.7034 sum  18.0008 diff   0.5940
   20   Ni  MulP   9.2970   8.7016 sum  17.9986 diff   0.5954
     ..........
     ......

 Sum of MulP: up   =  3188.94537 down          =  2985.05463
              total=  6174.00000 ideal(neutral)=  6174.00000
<DFT>  Total Spin Moment (muB) = 203.890742581058
<DFT>  Mixing_weight= 0.002942422175
<DFT>  Uele   =-9090.695610205488  dUele     =   0.645775441722
<DFT>  NormRD =    0.012420731346  Criterion =   0.000010000000

******************* MD= 1  SCF=44 *******************
<Poisson>  Poisson's equation using FFT...
<Set_Hamiltonian>  Hamiltonian matrix for VNA+dVH+Vxc...
<Band>  Solving the eigenvalue problem...
 KGrids1:  -0.33333   0.00000   0.33333 
 KGrids2:  -0.33333  -0.00000   0.33333 
 KGrids3:  -0.33333   0.00000   0.33334 
<Band_DFT>  Eigen, time=56.743208
<Band_DFT>  DM, time=0.000000
    1   Ni  MulP   9.2996   8.7041 sum  18.0037 diff   0.5955
    2   Ni  MulP   9.2994   8.7034 sum  18.0029 diff   0.5960
    3   Ni  MulP   9.2985   8.6984 sum  17.9968 diff   0.6001
    4   Ni  MulP   9.2992   8.7019 sum  18.0011 diff   0.5973
    5   Ni  MulP   9.2991   8.7027 sum  18.0018 diff   0.5965
    6   Ni  MulP   9.2989   8.7006 sum  17.9995 diff   0.5983
    7   Ni  MulP   9.2989   8.7002 sum  17.9991 diff   0.5987
    8   Ni  MulP   9.2998   8.7055 sum  18.0053 diff   0.5943
    9   Ni  MulP   9.2986   8.6989 sum  17.9975 diff   0.5997
   10   Ni  MulP   9.2983   8.6964 sum  17.9947 diff   0.6019
   11   Ni  MulP   9.2981   8.6960 sum  17.9941 diff   0.6021
   12   Ni  MulP   9.2982   8.6974 sum  17.9957 diff   0.6008
   13   Ni  MulP   9.2984   8.6975 sum  17.9958 diff   0.6009
   14   Ni  MulP   9.2995   8.7034 sum  18.0029 diff   0.5960
   15   Ni  MulP   9.2990   8.7019 sum  18.0010 diff   0.5971
   16   Ni  MulP   9.2990   8.6999 sum  17.9990 diff   0.5991
   17   Ni  MulP   9.2982   8.6960 sum  17.9943 diff   0.6022
   18   Ni  MulP   9.2993   8.7015 sum  18.0008 diff   0.5978
   19   Ni  MulP   9.2987   8.6998 sum  17.9986 diff   0.5989
   20   Ni  MulP   9.2989   8.7004 sum  17.9992 diff   0.5985
     ..........
     ......

 Sum of MulP: up   =  3189.57140 down          =  2984.42860
              total=  6174.00000 ideal(neutral)=  6174.00000
<DFT>  Total Spin Moment (muB) = 205.142802132472
<DFT>  Mixing_weight= 0.002942422175
<DFT>  Uele   =-9091.237900668148  dUele     =   0.542290462659
<DFT>  NormRD =    0.039675521756  Criterion =   0.000010000000

******************* MD= 1  SCF=45 *******************
<Poisson>  Poisson's equation using FFT...
<Set_Hamiltonian>  Hamiltonian matrix for VNA+dVH+Vxc...
<Band>  Solving the eigenvalue problem...
 KGrids1:  -0.33333   0.00000   0.33333 
 KGrids2:  -0.33333  -0.00000   0.33333 
 KGrids3:  -0.33333   0.00000   0.33334 
<Band_DFT>  Eigen, time=19.975709
<Band_DFT>  DM, time=0.000000
    1   Ni  MulP   9.2956   8.7030 sum  17.9986 diff   0.5926
    2   Ni  MulP   9.2956   8.7031 sum  17.9986 diff   0.5925
    3   Ni  MulP   9.2955   8.7032 sum  17.9987 diff   0.5924
    4   Ni  MulP   9.2958   8.7045 sum  18.0003 diff   0.5913
    5   Ni  MulP   9.2958   8.7043 sum  18.0001 diff   0.5914
    6   Ni  MulP   9.2959   8.7046 sum  18.0005 diff   0.5913
    7   Ni  MulP   9.2957   8.7035 sum  17.9992 diff   0.5922
    8   Ni  MulP   9.2956   8.7036 sum  17.9992 diff   0.5921
    9   Ni  MulP   9.2955   8.7029 sum  17.9984 diff   0.5926
   10   Ni  MulP   9.2955   8.7025 sum  17.9980 diff   0.5930
   11   Ni  MulP   9.2955   8.7021 sum  17.9975 diff   0.5934
   12   Ni  MulP   9.2955   8.7025 sum  17.9981 diff   0.5930
   13   Ni  MulP   9.2956   8.7031 sum  17.9987 diff   0.5926
   14   Ni  MulP   9.2957   8.7035 sum  17.9992 diff   0.5922
   15   Ni  MulP   9.2957   8.7042 sum  17.9999 diff   0.5915
   16   Ni  MulP   9.2957   8.7038 sum  17.9995 diff   0.5919
   17   Ni  MulP   9.2954   8.7020 sum  17.9974 diff   0.5934
   18   Ni  MulP   9.2957   8.7032 sum  17.9989 diff   0.5926
   19   Ni  MulP   9.2956   8.7028 sum  17.9984 diff   0.5928
   20   Ni  MulP   9.2957   8.7037 sum  17.9993 diff   0.5920
     ..........
     ......

 Sum of MulP: up   =  3188.45338 down          =  2985.54662
              total=  6174.00000 ideal(neutral)=  6174.00000
<DFT>  Total Spin Moment (muB) = 202.906760740688
<DFT>  Mixing_weight= 0.002942422175
<DFT>  Uele   =-9090.450863605573  dUele     =   0.787037062575
<DFT>  NormRD =    0.051977433786  Criterion =   0.000010000000

******************* MD= 1  SCF=46 *******************
<Poisson>  Poisson's equation using FFT...
<Set_Hamiltonian>  Hamiltonian matrix for VNA+dVH+Vxc...
<Band>  Solving the eigenvalue problem...
 KGrids1:  -0.33333   0.00000   0.33333 
 KGrids2:  -0.33333  -0.00000   0.33333 
 KGrids3:  -0.33333   0.00000   0.33334 
<Band_DFT>  Eigen, time=57.228021
<Band_DFT>  DM, time=0.000001
    1   Ni  MulP   9.2970   8.7015 sum  17.9985 diff   0.5955
    2   Ni  MulP   9.2967   8.6997 sum  17.9964 diff   0.5970
    3   Ni  MulP   9.2965   8.6987 sum  17.9952 diff   0.5977
    4   Ni  MulP   9.2968   8.7006 sum  17.9974 diff   0.5963
    5   Ni  MulP   9.2970   8.7024 sum  17.9995 diff   0.5946
    6   Ni  MulP   9.2975   8.7050 sum  18.0026 diff   0.5925
    7   Ni  MulP   9.2972   8.7032 sum  18.0004 diff   0.5940
    8   Ni  MulP   9.2967   8.7001 sum  17.9968 diff   0.5966
    9   Ni  MulP   9.2967   8.7000 sum  17.9967 diff   0.5968
   10   Ni  MulP   9.2969   8.7012 sum  17.9982 diff   0.5957
   11   Ni  MulP   9.2969   8.7012 sum  17.9981 diff   0.5957
   12   Ni  MulP   9.2970   8.7018 sum  17.9988 diff   0.5952
   13   Ni  MulP   9.2971   8.7023 sum  17.9994 diff   0.5948
   14   Ni  MulP   9.2970   8.7016 sum  17.9986 diff   0.5953
   15   Ni  MulP   9.2967   8.7004 sum  17.9971 diff   0.5963
   16   Ni  MulP   9.2972   8.7028 sum  18.0000 diff   0.5944
   17   Ni  MulP   9.2971   8.7024 sum  17.9995 diff   0.5947
   18   Ni  MulP   9.2971   8.7017 sum  17.9987 diff   0.5954
   19   Ni  MulP   9.2968   8.7004 sum  17.9972 diff   0.5964
   20   Ni  MulP   9.2969   8.7012 sum  17.9981 diff   0.5957
     ..........
     ......

 Sum of MulP: up   =  3188.92744 down          =  2985.07256
              total=  6174.00000 ideal(neutral)=  6174.00000
<DFT>  Total Spin Moment (muB) = 203.854878957589
<DFT>  Mixing_weight= 0.002942422175
<DFT>  Uele   =-9090.908319078473  dUele     =   0.457455472901
<DFT>  NormRD =    0.030866010581  Criterion =   0.000010000000

******************* MD= 1  SCF=47 *******************
<Poisson>  Poisson's equation using FFT...
<Set_Hamiltonian>  Hamiltonian matrix for VNA+dVH+Vxc...
<Band>  Solving the eigenvalue problem...
 KGrids1:  -0.33333   0.00000   0.33333 
 KGrids2:  -0.33333  -0.00000   0.33333 
 KGrids3:  -0.33333   0.00000   0.33334 
<Band_DFT>  Eigen, time=56.705131
<Band_DFT>  DM, time=0.000000
    1   Ni  MulP   9.2968   8.7029 sum  17.9996 diff   0.5939
    2   Ni  MulP   9.2969   8.7037 sum  18.0006 diff   0.5932
    3   Ni  MulP   9.2967   8.7031 sum  17.9998 diff   0.5936
    4   Ni  MulP   9.2968   8.7032 sum  18.0001 diff   0.5936
    5   Ni  MulP   9.2970   8.7041 sum  18.0011 diff   0.5929
    6   Ni  MulP   9.2973   8.7058 sum  18.0031 diff   0.5916
    7   Ni  MulP   9.2969   8.7037 sum  18.0006 diff   0.5933
    8   Ni  MulP   9.2968   8.7029 sum  17.9996 diff   0.5939
    9   Ni  MulP   9.2970   8.7045 sum  18.0015 diff   0.5926
   10   Ni  MulP   9.2972   8.7052 sum  18.0024 diff   0.5919
   11   Ni  MulP   9.2971   8.7047 sum  18.0018 diff   0.5924
   12   Ni  MulP   9.2970   8.7040 sum  18.0010 diff   0.5930
   13   Ni  MulP   9.2970   8.7039 sum  18.0009 diff   0.5931
   14   Ni  MulP   9.2968   8.7030 sum  17.9998 diff   0.5938
   15   Ni  MulP   9.2967   8.7027 sum  17.9994 diff   0.5940
   16   Ni  MulP   9.2972   8.7051 sum  18.0023 diff   0.5921
   17   Ni  MulP   9.2971   8.7047 sum  18.0018 diff   0.5924
   18   Ni  MulP   9.2969   8.7031 sum  18.0000 diff   0.5938
   19   Ni  MulP   9.2966   8.7018 sum  17.9984 diff   0.5949
   20   Ni  MulP   9.2968   8.7028 sum  17.9996 diff   0.5940
     ..........
     ......

 Sum of MulP: up   =  3188.81732 down          =  2985.18268
              total=  6174.00000 ideal(neutral)=  6174.00000
<DFT>  Total Spin Moment (muB) = 203.634633353655
<DFT>  Mixing_weight= 0.002942422175
<DFT>  Uele   =-9090.813197579957  dUele     =   0.095121498516
<DFT>  NormRD =    0.028158816639  Criterion =   0.000010000000

******************* MD= 1  SCF=48 *******************
<Poisson>  Poisson's equation using FFT...
<Set_Hamiltonian>  Hamiltonian matrix for VNA+dVH+Vxc...
<Band>  Solving the eigenvalue problem...
 KGrids1:  -0.33333   0.00000   0.33333 
 KGrids2:  -0.33333  -0.00000   0.33333 
 KGrids3:  -0.33333   0.00000   0.33334 
<Band_DFT>  Eigen, time=19.873189
<Band_DFT>  DM, time=0.000000
    1   Ni  MulP   9.2960   8.7032 sum  17.9992 diff   0.5929
    2   Ni  MulP   9.2964   8.7054 sum  18.0018 diff   0.5909
    3   Ni  MulP   9.2962   8.7050 sum  18.0012 diff   0.5913
    4   Ni  MulP   9.2962   8.7046 sum  18.0009 diff   0.5916
    5   Ni  MulP   9.2963   8.7047 sum  18.0010 diff   0.5916
    6   Ni  MulP   9.2961   8.7033 sum  17.9994 diff   0.5928
    7   Ni  MulP   9.2960   8.7028 sum  17.9988 diff   0.5933
    8   Ni  MulP   9.2961   8.7042 sum  18.0004 diff   0.5919
    9   Ni  MulP   9.2964   8.7056 sum  18.0020 diff   0.5908
   10   Ni  MulP   9.2961   8.7041 sum  18.0002 diff   0.5920
   11   Ni  MulP   9.2963   8.7046 sum  18.0009 diff   0.5918
   12   Ni  MulP   9.2961   8.7031 sum  17.9992 diff   0.5929
   13   Ni  MulP   9.2961   8.7034 sum  17.9995 diff   0.5927
   14   Ni  MulP   9.2961   8.7034 sum  17.9995 diff   0.5927
   15   Ni  MulP   9.2962   8.7046 sum  18.0008 diff   0.5916
   16   Ni  MulP   9.2961   8.7040 sum  18.0002 diff   0.5921
   17   Ni  MulP   9.2959   8.7026 sum  17.9985 diff   0.5934
   18   Ni  MulP   9.2960   8.7027 sum  17.9988 diff   0.5933
   19   Ni  MulP   9.2962   8.7040 sum  18.0002 diff   0.5922
   20   Ni  MulP   9.2963   8.7047 sum  18.0011 diff   0.5916
     ..........
     ......

 Sum of MulP: up   =  3188.57399 down          =  2985.42601
              total=  6174.00000 ideal(neutral)=  6174.00000
<DFT>  Total Spin Moment (muB) = 203.147971808340
<DFT>  Mixing_weight= 0.002942422175
<DFT>  Uele   =-9090.602802289413  dUele     =   0.210395290544
<DFT>  NormRD =    0.011983578450  Criterion =   0.000010000000

******************* MD= 1  SCF=49 *******************
<Poisson>  Poisson's equation using FFT...
<Set_Hamiltonian>  Hamiltonian matrix for VNA+dVH+Vxc...
<Band>  Solving the eigenvalue problem...
 KGrids1:  -0.33333   0.00000   0.33333 
 KGrids2:  -0.33333  -0.00000   0.33333 
 KGrids3:  -0.33333   0.00000   0.33334 
<Band_DFT>  Eigen, time=56.745431
<Band_DFT>  DM, time=0.000001
    1   Ni  MulP   9.2960   8.7045 sum  18.0006 diff   0.5915
    2   Ni  MulP   9.2961   8.7048 sum  18.0008 diff   0.5913
    3   Ni  MulP   9.2959   8.7037 sum  17.9996 diff   0.5922
    4   Ni  MulP   9.2961   8.7050 sum  18.0011 diff   0.5911
    5   Ni  MulP   9.2965   8.7069 sum  18.0033 diff   0.5896
    6   Ni  MulP   9.2961   8.7048 sum  18.0008 diff   0.5913
    7   Ni  MulP   9.2963   8.7059 sum  18.0022 diff   0.5904
    8   Ni  MulP   9.2958   8.7037 sum  17.9995 diff   0.5922
    9   Ni  MulP   9.2959   8.7042 sum  18.0001 diff   0.5918
   10   Ni  MulP   9.2955   8.7020 sum  17.9975 diff   0.5936
   11   Ni  MulP   9.2962   8.7053 sum  18.0015 diff   0.5909
   12   Ni  MulP   9.2960   8.7044 sum  18.0004 diff   0.5917
   13   Ni  MulP   9.2962   8.7051 sum  18.0012 diff   0.5911
   14   Ni  MulP   9.2961   8.7045 sum  18.0006 diff   0.5915
   15   Ni  MulP   9.2961   8.7049 sum  18.0010 diff   0.5912
   16   Ni  MulP   9.2958   8.7032 sum  17.9991 diff   0.5926
   17   Ni  MulP   9.2956   8.7018 sum  17.9974 diff   0.5938
   18   Ni  MulP   9.2960   8.7041 sum  18.0001 diff   0.5919
   19   Ni  MulP   9.2965   8.7065 sum  18.0030 diff   0.5900
   20   Ni  MulP   9.2964   8.7061 sum  18.0025 diff   0.5903
     ..........
     ......

 Sum of MulP: up   =  3188.51405 down          =  2985.48595
              total=  6174.00000 ideal(neutral)=  6174.00000
<DFT>  Total Spin Moment (muB) = 203.028109029300
<DFT>  Mixing_weight= 0.002942422175
<DFT>  Uele   =-9090.547043588060  dUele     =   0.055758701354
<DFT>  NormRD =    0.019287876687  Criterion =   0.000010000000

******************* MD= 1  SCF=50 *******************
<Poisson>  Poisson's equation using FFT...
<Set_Hamiltonian>  Hamiltonian matrix for VNA+dVH+Vxc...
<Band>  Solving the eigenvalue problem...
 KGrids1:  -0.33333   0.00000   0.33333 
 KGrids2:  -0.33333  -0.00000   0.33333 
 KGrids3:  -0.33333   0.00000   0.33334 
<Band_DFT>  Eigen, time=57.074928
<Band_DFT>  DM, time=0.000000
    1   Ni  MulP   9.2965   8.7050 sum  18.0015 diff   0.5915
    2   Ni  MulP   9.2960   8.7021 sum  17.9981 diff   0.5939
    3   Ni  MulP   9.2962   8.7035 sum  17.9997 diff   0.5928
    4   Ni  MulP   9.2963   8.7039 sum  18.0001 diff   0.5924
    5   Ni  MulP   9.2965   8.7043 sum  18.0008 diff   0.5922
    6   Ni  MulP   9.2960   8.7025 sum  17.9986 diff   0.5935
    7   Ni  MulP   9.2969   8.7074 sum  18.0043 diff   0.5895
    8   Ni  MulP   9.2956   8.7005 sum  17.9962 diff   0.5951
    9   Ni  MulP   9.2959   8.7020 sum  17.9980 diff   0.5939
   10   Ni  MulP   9.2956   8.7010 sum  17.9967 diff   0.5946
   11   Ni  MulP   9.2962   8.7033 sum  17.9996 diff   0.5929
   12   Ni  MulP   9.2959   8.7017 sum  17.9976 diff   0.5943
   13   Ni  MulP   9.2963   8.7042 sum  18.0005 diff   0.5921
   14   Ni  MulP   9.2963   8.7045 sum  18.0009 diff   0.5918
   15   Ni  MulP   9.2963   8.7035 sum  17.9997 diff   0.5928
   16   Ni  MulP   9.2964   8.7043 sum  18.0007 diff   0.5920
   17   Ni  MulP   9.2959   8.7019 sum  17.9978 diff   0.5941
   18   Ni  MulP   9.2959   8.7014 sum  17.9974 diff   0.5945
   19   Ni  MulP   9.2966   8.7053 sum  18.0020 diff   0.5913
   20   Ni  MulP   9.2970   8.7076 sum  18.0046 diff   0.5894
     ..........
     ......

 Sum of MulP: up   =  3188.62295 down          =  2985.37705
              total=  6174.00000 ideal(neutral)=  6174.00000
<DFT>  Total Spin Moment (muB) = 203.245903168760
<DFT>  Mixing_weight= 0.002942422175
<DFT>  Uele   =-9090.624383626739  dUele     =   0.077340038679
<DFT>  NormRD =    0.010994120066  Criterion =   0.000010000000

******************* MD= 1  SCF=51 *******************
<Poisson>  Poisson's equation using FFT...
<Set_Hamiltonian>  Hamiltonian matrix for VNA+dVH+Vxc...
<Band>  Solving the eigenvalue problem...
 KGrids1:  -0.33333   0.00000   0.33333 
 KGrids2:  -0.33333  -0.00000   0.33333 
 KGrids3:  -0.33333   0.00000   0.33334 
<Band_DFT>  Eigen, time=20.023201
<Band_DFT>  DM, time=0.000001
    1   Ni  MulP   9.2971   8.7028 sum  17.9999 diff   0.5942
    2   Ni  MulP   9.2967   8.7010 sum  17.9977 diff   0.5957
    3   Ni  MulP   9.2971   8.7030 sum  18.0002 diff   0.5941
    4   Ni  MulP   9.2970   8.7026 sum  17.9996 diff   0.5943
    5   Ni  MulP   9.2976   8.7055 sum  18.0031 diff   0.5921
    6   Ni  MulP   9.2970   8.7027 sum  17.9997 diff   0.5943
    7   Ni  MulP   9.2973   8.7038 sum  18.0011 diff   0.5935
    8   Ni  MulP   9.2964   8.6995 sum  17.9959 diff   0.5969
    9   Ni  MulP   9.2970   8.7027 sum  17.9997 diff   0.5943
   10   Ni  MulP   9.2965   8.7006 sum  17.9971 diff   0.5959
   11   Ni  MulP   9.2971   8.7033 sum  18.0004 diff   0.5938
   12   Ni  MulP   9.2969   8.7019 sum  17.9989 diff   0.5950
   13   Ni  MulP   9.2966   8.7003 sum  17.9969 diff   0.5963
   14   Ni  MulP   9.2966   8.7001 sum  17.9967 diff   0.5964
   15   Ni  MulP   9.2973   8.7038 sum  18.0011 diff   0.5934
   16   Ni  MulP   9.2976   8.7058 sum  18.0034 diff   0.5917
   17   Ni  MulP   9.2971   8.7033 sum  18.0003 diff   0.5938
   18   Ni  MulP   9.2969   8.7018 sum  17.9988 diff   0.5951
   19   Ni  MulP   9.2971   8.7023 sum  17.9994 diff   0.5949
   20   Ni  MulP   9.2971   8.7023 sum  17.9994 diff   0.5948
     ..........
     ......

 Sum of MulP: up   =  3188.90678 down          =  2985.09322
              total=  6174.00000 ideal(neutral)=  6174.00000
<DFT>  Total Spin Moment (muB) = 203.813557671308
<DFT>  Mixing_weight= 0.002942422175
<DFT>  Uele   =-9090.843432176898  dUele     =   0.219048550160
<DFT>  NormRD =    0.017926715547  Criterion =   0.000010000000

******************* MD= 1  SCF=52 *******************
<Poisson>  Poisson's equation using FFT...
<Set_Hamiltonian>  Hamiltonian matrix for VNA+dVH+Vxc...
<Band>  Solving the eigenvalue problem...
 KGrids1:  -0.33333   0.00000   0.33333 
 KGrids2:  -0.33333  -0.00000   0.33333 
 KGrids3:  -0.33333   0.00000   0.33334 
<Band_DFT>  Eigen, time=56.730563
<Band_DFT>  DM, time=0.000000
    1   Ni  MulP   9.2981   8.7029 sum  18.0011 diff   0.5952
    2   Ni  MulP   9.2981   8.7032 sum  18.0013 diff   0.5949
    3   Ni  MulP   9.2982   8.7032 sum  18.0014 diff   0.5950
    4   Ni  MulP   9.2976   8.6999 sum  17.9975 diff   0.5977
    5   Ni  MulP   9.2982   8.7029 sum  18.0011 diff   0.5953
    6   Ni  MulP   9.2979   8.7012 sum  17.9991 diff   0.5967
    7   Ni  MulP   9.2977   8.6999 sum  17.9976 diff   0.5978
    8   Ni  MulP   9.2979   8.7026 sum  18.0006 diff   0.5953
    9   Ni  MulP   9.2983   8.7039 sum  18.0022 diff   0.5943
   10   Ni  MulP   9.2973   8.6988 sum  17.9961 diff   0.5985
   11   Ni  MulP   9.2977   8.7003 sum  17.9980 diff   0.5974
   12   Ni  MulP   9.2980   8.7017 sum  17.9996 diff   0.5963
   13   Ni  MulP   9.2975   8.6989 sum  17.9964 diff   0.5986
   14   Ni  MulP   9.2976   8.6998 sum  17.9973 diff   0.5978
   15   Ni  MulP   9.2984   8.7043 sum  18.0027 diff   0.5940
   16   Ni  MulP   9.2982   8.7031 sum  18.0013 diff   0.5951
   17   Ni  MulP   9.2979   8.7010 sum  17.9988 diff   0.5969
   18   Ni  MulP   9.2980   8.7016 sum  17.9996 diff   0.5963
   19   Ni  MulP   9.2980   8.7017 sum  17.9997 diff   0.5964
   20   Ni  MulP   9.2979   8.7011 sum  17.9990 diff   0.5968
     ..........
     ......

 Sum of MulP: up   =  3189.22284 down          =  2984.77716
              total=  6174.00000 ideal(neutral)=  6174.00000
<DFT>  Total Spin Moment (muB) = 204.445671650539
<DFT>  Mixing_weight= 0.002942422175
<DFT>  Uele   =-9091.017646851153  dUele     =   0.174214674254
<DFT>  NormRD =    0.033800423612  Criterion =   0.000010000000

******************* MD= 1  SCF=53 *******************
<Poisson>  Poisson's equation using FFT...
<Set_Hamiltonian>  Hamiltonian matrix for VNA+dVH+Vxc...
<Band>  Solving the eigenvalue problem...
 KGrids1:  -0.33333   0.00000   0.33333 
 KGrids2:  -0.33333  -0.00000   0.33333 
 KGrids3:  -0.33333   0.00000   0.33334 
<Band_DFT>  Eigen, time=94.085289
<Band_DFT>  DM, time=0.000001
    1   Ni  MulP   9.2978   8.7024 sum  18.0002 diff   0.5954
    2   Ni  MulP   9.2977   8.7018 sum  17.9995 diff   0.5959
    3   Ni  MulP   9.2978   8.7025 sum  18.0003 diff   0.5952
    4   Ni  MulP   9.2974   8.7010 sum  17.9984 diff   0.5964
    5   Ni  MulP   9.2971   8.6992 sum  17.9964 diff   0.5979
    6   Ni  MulP   9.2980   8.7033 sum  18.0013 diff   0.5946
    7   Ni  MulP   9.2975   8.7013 sum  17.9988 diff   0.5963
    8   Ni  MulP   9.2978   8.7027 sum  18.0005 diff   0.5951
    9   Ni  MulP   9.2978   8.7028 sum  18.0007 diff   0.5950
   10   Ni  MulP   9.2981   8.7037 sum  18.0018 diff   0.5943
   11   Ni  MulP   9.2976   8.7013 sum  17.9989 diff   0.5963
   12   Ni  MulP   9.2980   8.7034 sum  18.0014 diff   0.5946
   13   Ni  MulP   9.2979   8.7031 sum  18.0011 diff   0.5948
   14   Ni  MulP   9.2977   8.7018 sum  17.9995 diff   0.5959
   15   Ni  MulP   9.2977   8.7021 sum  17.9998 diff   0.5956
   16   Ni  MulP   9.2976   8.7016 sum  17.9992 diff   0.5959
   17   Ni  MulP   9.2982   8.7043 sum  18.0025 diff   0.5939
   18   Ni  MulP   9.2978   8.7026 sum  18.0004 diff   0.5952
   19   Ni  MulP   9.2977   8.7020 sum  17.9998 diff   0.5957
   20   Ni  MulP   9.2976   8.7014 sum  17.9990 diff   0.5962
     ..........
     ......

 Sum of MulP: up   =  3189.12744 down          =  2984.87256
              total=  6174.00000 ideal(neutral)=  6174.00000
<DFT>  Total Spin Moment (muB) = 204.254873678655
<DFT>  Mixing_weight= 0.002942422175
<DFT>  Uele   =-9091.001737306242  dUele     =   0.015909544911
<DFT>  NormRD =    0.011925686567  Criterion =   0.000010000000

******************* MD= 1  SCF=54 *******************
<Poisson>  Poisson's equation using FFT...
<Set_Hamiltonian>  Hamiltonian matrix for VNA+dVH+Vxc...
<Band>  Solving the eigenvalue problem...
 KGrids1:  -0.33333   0.00000   0.33333 
 KGrids2:  -0.33333  -0.00000   0.33333 
 KGrids3:  -0.33333   0.00000   0.33334 
<Band_DFT>  Eigen, time=56.853080
<Band_DFT>  DM, time=0.000000
    1   Ni  MulP   9.2969   8.7054 sum  18.0023 diff   0.5916
    2   Ni  MulP   9.2972   8.7066 sum  18.0038 diff   0.5906
    3   Ni  MulP   9.2963   8.7023 sum  17.9986 diff   0.5940
    4   Ni  MulP   9.2966   8.7039 sum  18.0005 diff   0.5928
    5   Ni  MulP   9.2964   8.7028 sum  17.9992 diff   0.5936
    6   Ni  MulP   9.2966   8.7035 sum  18.0001 diff   0.5931
    7   Ni  MulP   9.2963   8.7018 sum  17.9980 diff   0.5945
    8   Ni  MulP   9.2969   8.7057 sum  18.0027 diff   0.5912
    9   Ni  MulP   9.2966   8.7042 sum  18.0009 diff   0.5924
   10   Ni  MulP   9.2974   8.7074 sum  18.0047 diff   0.5900
   11   Ni  MulP   9.2969   8.7047 sum  18.0015 diff   0.5922
   12   Ni  MulP   9.2965   8.7027 sum  17.9993 diff   0.5938
   13   Ni  MulP   9.2968   8.7039 sum  18.0007 diff   0.5929
   14   Ni  MulP   9.2969   8.7049 sum  18.0018 diff   0.5920
   15   Ni  MulP   9.2965   8.7031 sum  17.9995 diff   0.5934
   16   Ni  MulP   9.2965   8.7034 sum  17.9999 diff   0.5932
   17   Ni  MulP   9.2974   8.7072 sum  18.0046 diff   0.5902
   18   Ni  MulP   9.2964   8.7023 sum  17.9987 diff   0.5941
   19   Ni  MulP   9.2965   8.7026 sum  17.9992 diff   0.5939
   20   Ni  MulP   9.2967   8.7037 sum  18.0004 diff   0.5930
     ..........
     ......

 Sum of MulP: up   =  3188.74528 down          =  2985.25472
              total=  6174.00000 ideal(neutral)=  6174.00000
<DFT>  Total Spin Moment (muB) = 203.490556989353
<DFT>  Mixing_weight= 0.002942422175
<DFT>  Uele   =-9090.685875383580  dUele     =   0.315861922661
<DFT>  NormRD =    0.011859479154  Criterion =   0.000010000000

******************* MD= 1  SCF=55 *******************
<Poisson>  Poisson's equation using FFT...
<Set_Hamiltonian>  Hamiltonian matrix for VNA+dVH+Vxc...
<Band>  Solving the eigenvalue problem...
 KGrids1:  -0.33333   0.00000   0.33333 
 KGrids2:  -0.33333  -0.00000   0.33333 
 KGrids3:  -0.33333   0.00000   0.33334 
<Band_DFT>  Eigen, time=19.926080
<Band_DFT>  DM, time=0.000001
    1   Ni  MulP   9.2963   8.7055 sum  18.0018 diff   0.5908
    2   Ni  MulP   9.2965   8.7062 sum  18.0027 diff   0.5903
    3   Ni  MulP   9.2955   8.7012 sum  17.9967 diff   0.5943
    4   Ni  MulP   9.2958   8.7026 sum  17.9984 diff   0.5933
    5   Ni  MulP   9.2959   8.7028 sum  17.9986 diff   0.5931
    6   Ni  MulP   9.2959   8.7029 sum  17.9989 diff   0.5930
    7   Ni  MulP   9.2958   8.7027 sum  17.9985 diff   0.5932
    8   Ni  MulP   9.2962   8.7047 sum  18.0009 diff   0.5914
    9   Ni  MulP   9.2957   8.7023 sum  17.9980 diff   0.5935
   10   Ni  MulP   9.2962   8.7040 sum  18.0002 diff   0.5922
   11   Ni  MulP   9.2960   8.7028 sum  17.9988 diff   0.5931
   12   Ni  MulP   9.2957   8.7016 sum  17.9974 diff   0.5941
   13   Ni  MulP   9.2961   8.7036 sum  17.9997 diff   0.5925
   14   Ni  MulP   9.2963   8.7050 sum  18.0013 diff   0.5913
   15   Ni  MulP   9.2958   8.7028 sum  17.9986 diff   0.5930
   16   Ni  MulP   9.2957   8.7019 sum  17.9976 diff   0.5938
   17   Ni  MulP   9.2964   8.7047 sum  18.0011 diff   0.5917
   18   Ni  MulP   9.2957   8.7013 sum  17.9970 diff   0.5943
   19   Ni  MulP   9.2960   8.7031 sum  17.9991 diff   0.5929
   20   Ni  MulP   9.2963   8.7047 sum  18.0010 diff   0.5916
     ..........
     ......

 Sum of MulP: up   =  3188.56295 down          =  2985.43705
              total=  6174.00000 ideal(neutral)=  6174.00000
<DFT>  Total Spin Moment (muB) = 203.125894854828
<DFT>  Mixing_weight= 0.002942422175
<DFT>  Uele   =-9090.530678537027  dUele     =   0.155196846554
<DFT>  NormRD =    0.022659618333  Criterion =   0.000010000000

******************* MD= 1  SCF=56 *******************
<Poisson>  Poisson's equation using FFT...
<Set_Hamiltonian>  Hamiltonian matrix for VNA+dVH+Vxc...
<Band>  Solving the eigenvalue problem...
 KGrids1:  -0.33333   0.00000   0.33333 
 KGrids2:  -0.33333  -0.00000   0.33333 
 KGrids3:  -0.33333   0.00000   0.33334 
<Band_DFT>  Eigen, time=20.062842
<Band_DFT>  DM, time=0.000000
    1   Ni  MulP   9.2956   8.7043 sum  17.9999 diff   0.5913
    2   Ni  MulP   9.2957   8.7048 sum  18.0004 diff   0.5909
    3   Ni  MulP   9.2955   8.7040 sum  17.9994 diff   0.5915
    4   Ni  MulP   9.2955   8.7042 sum  17.9997 diff   0.5914
    5   Ni  MulP   9.2956   8.7043 sum  17.9998 diff   0.5913
    6   Ni  MulP   9.2955   8.7038 sum  17.9993 diff   0.5917
    7   Ni  MulP   9.2956   8.7043 sum  17.9999 diff   0.5913
    8   Ni  MulP   9.2956   8.7043 sum  17.9999 diff   0.5912
    9   Ni  MulP   9.2955   8.7040 sum  17.9995 diff   0.5915
   10   Ni  MulP   9.2956   8.7044 sum  18.0000 diff   0.5912
   11   Ni  MulP   9.2956   8.7045 sum  18.0002 diff   0.5911
   12   Ni  MulP   9.2956   8.7043 sum  17.9999 diff   0.5913
   13   Ni  MulP   9.2956   8.7044 sum  18.0000 diff   0.5912
   14   Ni  MulP   9.2956   8.7045 sum  18.0001 diff   0.5911
   15   Ni  MulP   9.2956   8.7046 sum  18.0002 diff   0.5910
   16   Ni  MulP   9.2956   8.7043 sum  17.9998 diff   0.5913
   17   Ni  MulP   9.2958   8.7051 sum  18.0009 diff   0.5906
   18   Ni  MulP   9.2957   8.7046 sum  18.0002 diff   0.5911
   19   Ni  MulP   9.2957   8.7048 sum  18.0005 diff   0.5909
   20   Ni  MulP   9.2957   8.7046 sum  18.0002 diff   0.5911
     ..........
     ......

 Sum of MulP: up   =  3188.39387 down          =  2985.60613
              total=  6174.00000 ideal(neutral)=  6174.00000
<DFT>  Total Spin Moment (muB) = 202.787734213215
<DFT>  Mixing_weight= 0.002942422175
<DFT>  Uele   =-9090.382695325407  dUele     =   0.147983211620
<DFT>  NormRD =    0.015200631610  Criterion =   0.000010000000

******************* MD= 1  SCF=57 *******************
<Poisson>  Poisson's equation using FFT...
<Set_Hamiltonian>  Hamiltonian matrix for VNA+dVH+Vxc...
<Band>  Solving the eigenvalue problem...
 KGrids1:  -0.33333   0.00000   0.33333 
 KGrids2:  -0.33333  -0.00000   0.33333 
 KGrids3:  -0.33333   0.00000   0.33334 
<Band_DFT>  Eigen, time=20.031238
<Band_DFT>  DM, time=0.000000
    1   Ni  MulP   9.2956   8.7046 sum  18.0002 diff   0.5910
    2   Ni  MulP   9.2954   8.7038 sum  17.9993 diff   0.5916
    3   Ni  MulP   9.2955   8.7037 sum  17.9992 diff   0.5918
    4   Ni  MulP   9.2953   8.7028 sum  17.9982 diff   0.5925
    5   Ni  MulP   9.2954   8.7032 sum  17.9986 diff   0.5922
    6   Ni  MulP   9.2956   8.7047 sum  18.0003 diff   0.5909
    7   Ni  MulP   9.2956   8.7048 sum  18.0004 diff   0.5908
    8   Ni  MulP   9.2959   8.7062 sum  18.0021 diff   0.5897
    9   Ni  MulP   9.2955   8.7043 sum  17.9998 diff   0.5912
   10   Ni  MulP   9.2955   8.7035 sum  17.9989 diff   0.5920
   11   Ni  MulP   9.2953   8.7027 sum  17.9980 diff   0.5926
   12   Ni  MulP   9.2958   8.7053 sum  18.0011 diff   0.5904
   13   Ni  MulP   9.2959   8.7064 sum  18.0022 diff   0.5895
   14   Ni  MulP   9.2958   8.7062 sum  18.0021 diff   0.5896
   15   Ni  MulP   9.2955   8.7042 sum  17.9997 diff   0.5913
   16   Ni  MulP   9.2955   8.7037 sum  17.9991 diff   0.5918
   17   Ni  MulP   9.2953   8.7028 sum  17.9982 diff   0.5925
   18   Ni  MulP   9.2958   8.7054 sum  18.0012 diff   0.5904
   19   Ni  MulP   9.2958   8.7063 sum  18.0022 diff   0.5895
   20   Ni  MulP   9.2959   8.7070 sum  18.0029 diff   0.5889
     ..........
     ......

 Sum of MulP: up   =  3188.38251 down          =  2985.61749
              total=  6174.00000 ideal(neutral)=  6174.00000
<DFT>  Total Spin Moment (muB) = 202.765024056295
<DFT>  Mixing_weight= 0.002942422175
<DFT>  Uele   =-9090.378136289510  dUele     =   0.004559035897
<DFT>  NormRD =    0.002893519535  Criterion =   0.000010000000

******************* MD= 1  SCF=58 *******************
<Poisson>  Poisson's equation using FFT...
<Set_Hamiltonian>  Hamiltonian matrix for VNA+dVH+Vxc...
<Band>  Solving the eigenvalue problem...
 KGrids1:  -0.33333   0.00000   0.33333 
 KGrids2:  -0.33333  -0.00000   0.33333 
 KGrids3:  -0.33333   0.00000   0.33334 
<Band_DFT>  Eigen, time=57.235613
<Band_DFT>  DM, time=0.000000
    1   Ni  MulP   9.2951   8.7002 sum  17.9953 diff   0.5949
    2   Ni  MulP   9.2954   8.7024 sum  17.9978 diff   0.5930
    3   Ni  MulP   9.2953   8.7020 sum  17.9973 diff   0.5933
    4   Ni  MulP   9.2959   8.7049 sum  18.0009 diff   0.5910
    5   Ni  MulP   9.2956   8.7032 sum  17.9988 diff   0.5924
    6   Ni  MulP   9.2956   8.7031 sum  17.9987 diff   0.5925
    7   Ni  MulP   9.2949   8.6991 sum  17.9940 diff   0.5958
    8   Ni  MulP   9.2961   8.7048 sum  18.0008 diff   0.5913
    9   Ni  MulP   9.2953   8.7019 sum  17.9972 diff   0.5934
   10   Ni  MulP   9.2962   8.7060 sum  18.0022 diff   0.5902
   11   Ni  MulP   9.2955   8.7027 sum  17.9982 diff   0.5928
   12   Ni  MulP   9.2960   8.7051 sum  18.0011 diff   0.5909
   13   Ni  MulP   9.2959   8.7039 sum  17.9998 diff   0.5919
   14   Ni  MulP   9.2954   8.7017 sum  17.9971 diff   0.5938
   15   Ni  MulP   9.2951   8.7009 sum  17.9960 diff   0.5941
   16   Ni  MulP   9.2959   8.7050 sum  18.0009 diff   0.5910
   17   Ni  MulP   9.2957   8.7039 sum  17.9996 diff   0.5918
   18   Ni  MulP   9.2966   8.7076 sum  18.0042 diff   0.5890
   19   Ni  MulP   9.2957   8.7035 sum  17.9991 diff   0.5922
   20   Ni  MulP   9.2955   8.7028 sum  17.9983 diff   0.5927
     ..........
     ......

 Sum of MulP: up   =  3188.46097 down          =  2985.53903
              total=  6174.00000 ideal(neutral)=  6174.00000
<DFT>  Total Spin Moment (muB) = 202.921939980179
<DFT>  Mixing_weight= 0.002942422175
<DFT>  Uele   =-9090.443487733857  dUele     =   0.065351444347
<DFT>  NormRD =    0.020051457092  Criterion =   0.000010000000

******************* MD= 1  SCF=59 *******************
<Poisson>  Poisson's equation using FFT...
<Set_Hamiltonian>  Hamiltonian matrix for VNA+dVH+Vxc...
<Band>  Solving the eigenvalue problem...
 KGrids1:  -0.33333   0.00000   0.33333 
 KGrids2:  -0.33333  -0.00000   0.33333 
 KGrids3:  -0.33333   0.00000   0.33334 
<Band_DFT>  Eigen, time=56.740183
<Band_DFT>  DM, time=0.000000
    1   Ni  MulP   9.2958   8.7058 sum  18.0017 diff   0.5900
    2   Ni  MulP   9.2962   8.7074 sum  18.0035 diff   0.5888
    3   Ni  MulP   9.2959   8.7063 sum  18.0022 diff   0.5896
    4   Ni  MulP   9.2959   8.7058 sum  18.0017 diff   0.5901
    5   Ni  MulP   9.2956   8.7039 sum  17.9994 diff   0.5917
    6   Ni  MulP   9.2958   8.7051 sum  18.0009 diff   0.5907
    7   Ni  MulP   9.2960   8.7068 sum  18.0028 diff   0.5892
    8   Ni  MulP   9.2962   8.7071 sum  18.0033 diff   0.5890
    9   Ni  MulP   9.2956   8.7042 sum  17.9998 diff   0.5913
   10   Ni  MulP   9.2952   8.7021 sum  17.9972 diff   0.5931
   11   Ni  MulP   9.2954   8.7029 sum  17.9983 diff   0.5925
   12   Ni  MulP   9.2954   8.7028 sum  17.9982 diff   0.5927
   13   Ni  MulP   9.2953   8.7022 sum  17.9974 diff   0.5931
   14   Ni  MulP   9.2958   8.7053 sum  18.0011 diff   0.5905
   15   Ni  MulP   9.2954   8.7035 sum  17.9989 diff   0.5919
   16   Ni  MulP   9.2951   8.7015 sum  17.9966 diff   0.5936
   17   Ni  MulP   9.2947   8.6998 sum  17.9945 diff   0.5950
   18   Ni  MulP   9.2957   8.7040 sum  17.9997 diff   0.5918
   19   Ni  MulP   9.2950   8.7006 sum  17.9956 diff   0.5944
   20   Ni  MulP   9.2951   8.7018 sum  17.9970 diff   0.5933
     ..........
     ......

 Sum of MulP: up   =  3188.40350 down          =  2985.59650
              total=  6174.00000 ideal(neutral)=  6174.00000
<DFT>  Total Spin Moment (muB) = 202.807009288946
<DFT>  Mixing_weight= 0.002942422175
<DFT>  Uele   =-9090.414220120274  dUele     =   0.029267613583
<DFT>  NormRD =    0.013076324778  Criterion =   0.000010000000

******************* MD= 1  SCF=60 *******************
<Poisson>  Poisson's equation using FFT...
<Set_Hamiltonian>  Hamiltonian matrix for VNA+dVH+Vxc...
<Band>  Solving the eigenvalue problem...
 KGrids1:  -0.33333   0.00000   0.33333 
 KGrids2:  -0.33333  -0.00000   0.33333 
 KGrids3:  -0.33333   0.00000   0.33334 
<Band_DFT>  Eigen, time=19.995303
<Band_DFT>  DM, time=0.000000
    1   Ni  MulP   9.2957   8.7049 sum  18.0005 diff   0.5908
    2   Ni  MulP   9.2958   8.7058 sum  18.0016 diff   0.5900
    3   Ni  MulP   9.2955   8.7043 sum  17.9998 diff   0.5912
    4   Ni  MulP   9.2955   8.7041 sum  17.9996 diff   0.5914
    5   Ni  MulP   9.2956   8.7048 sum  18.0005 diff   0.5908
    6   Ni  MulP   9.2956   8.7041 sum  17.9997 diff   0.5914
    7   Ni  MulP   9.2954   8.7033 sum  17.9987 diff   0.5921
    8   Ni  MulP   9.2957   8.7056 sum  18.0014 diff   0.5901
    9   Ni  MulP   9.2957   8.7054 sum  18.0012 diff   0.5903
   10   Ni  MulP   9.2954   8.7038 sum  17.9992 diff   0.5916
   11   Ni  MulP   9.2958   8.7054 sum  18.0012 diff   0.5904
   12   Ni  MulP   9.2957   8.7048 sum  18.0005 diff   0.5909
   13   Ni  MulP   9.2955   8.7037 sum  17.9992 diff   0.5917
   14   Ni  MulP   9.2957   8.7049 sum  18.0005 diff   0.5908
   15   Ni  MulP   9.2957   8.7051 sum  18.0008 diff   0.5905
   16   Ni  MulP   9.2955   8.7043 sum  17.9998 diff   0.5912
   17   Ni  MulP   9.2955   8.7041 sum  17.9996 diff   0.5913
   18   Ni  MulP   9.2956   8.7047 sum  18.0003 diff   0.5910
   19   Ni  MulP   9.2956   8.7045 sum  18.0001 diff   0.5911
   20   Ni  MulP   9.2956   8.7045 sum  18.0001 diff   0.5911
     ..........
     ......

 Sum of MulP: up   =  3188.37909 down          =  2985.62091
              total=  6174.00000 ideal(neutral)=  6174.00000
<DFT>  Total Spin Moment (muB) = 202.758175982961
<DFT>  Mixing_weight= 0.002942422175
<DFT>  Uele   =-9090.416814215700  dUele     =   0.002594095426
<DFT>  NormRD =    0.012235955356  Criterion =   0.000010000000

******************* MD= 1  SCF=61 *******************
<Poisson>  Poisson's equation using FFT...
<Set_Hamiltonian>  Hamiltonian matrix for VNA+dVH+Vxc...
<Band>  Solving the eigenvalue problem...
 KGrids1:  -0.33333   0.00000   0.33333 
 KGrids2:  -0.33333  -0.00000   0.33333 
 KGrids3:  -0.33333   0.00000   0.33334 
<Band_DFT>  Eigen, time=19.919456
<Band_DFT>  DM, time=0.000000
    1   Ni  MulP   9.2955   8.7042 sum  17.9997 diff   0.5913
    2   Ni  MulP   9.2955   8.7043 sum  17.9998 diff   0.5912
    3   Ni  MulP   9.2954   8.7038 sum  17.9992 diff   0.5916
    4   Ni  MulP   9.2955   8.7043 sum  17.9998 diff   0.5912
    5   Ni  MulP   9.2956   8.7049 sum  18.0005 diff   0.5907
    6   Ni  MulP   9.2957   8.7051 sum  18.0008 diff   0.5905
    7   Ni  MulP   9.2955   8.7041 sum  17.9996 diff   0.5913
    8   Ni  MulP   9.2955   8.7045 sum  18.0000 diff   0.5910
    9   Ni  MulP   9.2955   8.7044 sum  17.9999 diff   0.5911
   10   Ni  MulP   9.2954   8.7039 sum  17.9994 diff   0.5915
   11   Ni  MulP   9.2956   8.7050 sum  18.0007 diff   0.5906
   12   Ni  MulP   9.2956   8.7052 sum  18.0008 diff   0.5905
   13   Ni  MulP   9.2956   8.7050 sum  18.0006 diff   0.5906
   14   Ni  MulP   9.2956   8.7049 sum  18.0005 diff   0.5907
   15   Ni  MulP   9.2955   8.7046 sum  18.0001 diff   0.5910
   16   Ni  MulP   9.2954   8.7040 sum  17.9994 diff   0.5915
   17   Ni  MulP   9.2955   8.7041 sum  17.9996 diff   0.5914
   18   Ni  MulP   9.2956   8.7047 sum  18.0002 diff   0.5909
   19   Ni  MulP   9.2957   8.7052 sum  18.0009 diff   0.5904
   20   Ni  MulP   9.2957   8.7053 sum  18.0010 diff   0.5903
     ..........
     ......

 Sum of MulP: up   =  3188.36741 down          =  2985.63259
              total=  6174.00000 ideal(neutral)=  6174.00000
<DFT>  Total Spin Moment (muB) = 202.734824301375
<DFT>  Mixing_weight= 0.002942422175
<DFT>  Uele   =-9090.416374428631  dUele     =   0.000439787069
<DFT>  NormRD =    0.005274017258  Criterion =   0.000010000000

******************* MD= 1  SCF=62 *******************
<Poisson>  Poisson's equation using FFT...
<Set_Hamiltonian>  Hamiltonian matrix for VNA+dVH+Vxc...
<Band>  Solving the eigenvalue problem...
 KGrids1:  -0.33333   0.00000   0.33333 
 KGrids2:  -0.33333  -0.00000   0.33333 
 KGrids3:  -0.33333   0.00000   0.33334 
<Band_DFT>  Eigen, time=19.975526
<Band_DFT>  DM, time=0.000000
    1   Ni  MulP   9.2955   8.7042 sum  17.9997 diff   0.5913
    2   Ni  MulP   9.2955   8.7042 sum  17.9997 diff   0.5913
    3   Ni  MulP   9.2955   8.7044 sum  17.9999 diff   0.5912
    4   Ni  MulP   9.2956   8.7045 sum  18.0001 diff   0.5911
    5   Ni  MulP   9.2955   8.7043 sum  17.9998 diff   0.5913
    6   Ni  MulP   9.2956   8.7048 sum  18.0004 diff   0.5909
    7   Ni  MulP   9.2956   8.7044 sum  18.0000 diff   0.5912
    8   Ni  MulP   9.2955   8.7039 sum  17.9994 diff   0.5916
    9   Ni  MulP   9.2955   8.7043 sum  17.9998 diff   0.5913
   10   Ni  MulP   9.2956   8.7044 sum  18.0000 diff   0.5912
   11   Ni  MulP   9.2956   8.7043 sum  17.9999 diff   0.5912
   12   Ni  MulP   9.2956   8.7043 sum  17.9999 diff   0.5912
   13   Ni  MulP   9.2956   8.7045 sum  18.0001 diff   0.5911
   14   Ni  MulP   9.2955   8.7041 sum  17.9997 diff   0.5914
   15   Ni  MulP   9.2955   8.7041 sum  17.9996 diff   0.5914
   16   Ni  MulP   9.2955   8.7042 sum  17.9998 diff   0.5913
   17   Ni  MulP   9.2955   8.7042 sum  17.9998 diff   0.5913
   18   Ni  MulP   9.2956   8.7043 sum  17.9998 diff   0.5913
   19   Ni  MulP   9.2956   8.7045 sum  18.0001 diff   0.5911
   20   Ni  MulP   9.2956   8.7044 sum  18.0000 diff   0.5912
     ..........
     ......

 Sum of MulP: up   =  3188.38123 down          =  2985.61877
              total=  6174.00000 ideal(neutral)=  6174.00000
<DFT>  Total Spin Moment (muB) = 202.762464245773
<DFT>  Mixing_weight= 0.002942422175
<DFT>  Uele   =-9090.423607462064  dUele     =   0.007233033433
<DFT>  NormRD =    0.009299566945  Criterion =   0.000010000000

******************* MD= 1  SCF=63 *******************
<Poisson>  Poisson's equation using FFT...
<Set_Hamiltonian>  Hamiltonian matrix for VNA+dVH+Vxc...
<Band>  Solving the eigenvalue problem...
 KGrids1:  -0.33333   0.00000   0.33333 
 KGrids2:  -0.33333  -0.00000   0.33333 
 KGrids3:  -0.33333   0.00000   0.33334 
<Band_DFT>  Eigen, time=19.955590
<Band_DFT>  DM, time=0.000000
    1   Ni  MulP   9.2956   8.7046 sum  18.0002 diff   0.5910
    2   Ni  MulP   9.2955   8.7043 sum  17.9998 diff   0.5912
    3   Ni  MulP   9.2955   8.7045 sum  18.0001 diff   0.5910
    4   Ni  MulP   9.2955   8.7045 sum  18.0000 diff   0.5911
    5   Ni  MulP   9.2955   8.7044 sum  17.9999 diff   0.5912
    6   Ni  MulP   9.2955   8.7044 sum  18.0000 diff   0.5911
    7   Ni  MulP   9.2956   8.7045 sum  18.0001 diff   0.5910
    8   Ni  MulP   9.2955   8.7045 sum  18.0000 diff   0.5910
    9   Ni  MulP   9.2955   8.7045 sum  18.0000 diff   0.5910
   10   Ni  MulP   9.2956   8.7045 sum  18.0001 diff   0.5910
   11   Ni  MulP   9.2955   8.7044 sum  18.0000 diff   0.5911
   12   Ni  MulP   9.2956   8.7045 sum  18.0000 diff   0.5911
   13   Ni  MulP   9.2956   8.7045 sum  18.0000 diff   0.5911
   14   Ni  MulP   9.2956   8.7045 sum  18.0001 diff   0.5910
   15   Ni  MulP   9.2955   8.7044 sum  17.9999 diff   0.5911
   16   Ni  MulP   9.2956   8.7046 sum  18.0001 diff   0.5910
   17   Ni  MulP   9.2956   8.7045 sum  18.0000 diff   0.5911
   18   Ni  MulP   9.2956   8.7046 sum  18.0002 diff   0.5910
   19   Ni  MulP   9.2956   8.7044 sum  18.0000 diff   0.5912
   20   Ni  MulP   9.2955   8.7044 sum  18.0000 diff   0.5911
     ..........
     ......

 Sum of MulP: up   =  3188.37309 down          =  2985.62691
              total=  6174.00000 ideal(neutral)=  6174.00000
<DFT>  Total Spin Moment (muB) = 202.746170519553
<DFT>  Mixing_weight= 0.002942422175
<DFT>  Uele   =-9090.414808829641  dUele     =   0.008798632423
<DFT>  NormRD =    0.001821958396  Criterion =   0.000010000000

******************* MD= 1  SCF=64 *******************
<Poisson>  Poisson's equation using FFT...
<Set_Hamiltonian>  Hamiltonian matrix for VNA+dVH+Vxc...
<Band>  Solving the eigenvalue problem...
 KGrids1:  -0.33333   0.00000   0.33333 
 KGrids2:  -0.33333  -0.00000   0.33333 
 KGrids3:  -0.33333   0.00000   0.33334 
<Band_DFT>  Eigen, time=20.002797
<Band_DFT>  DM, time=0.000001
    1   Ni  MulP   9.2955   8.7041 sum  17.9996 diff   0.5913
    2   Ni  MulP   9.2955   8.7044 sum  18.0000 diff   0.5911
    3   Ni  MulP   9.2956   8.7048 sum  18.0003 diff   0.5908
    4   Ni  MulP   9.2954   8.7040 sum  17.9993 diff   0.5914
    5   Ni  MulP   9.2958   8.7056 sum  18.0014 diff   0.5901
    6   Ni  MulP   9.2953   8.7033 sum  17.9986 diff   0.5919
    7   Ni  MulP   9.2956   8.7046 sum  18.0002 diff   0.5910
    8   Ni  MulP   9.2954   8.7041 sum  17.9996 diff   0.5913
    9   Ni  MulP   9.2954   8.7039 sum  17.9993 diff   0.5914
   10   Ni  MulP   9.2954   8.7038 sum  17.9992 diff   0.5915
   11   Ni  MulP   9.2955   8.7043 sum  17.9998 diff   0.5912
   12   Ni  MulP   9.2955   8.7042 sum  17.9997 diff   0.5913
   13   Ni  MulP   9.2954   8.7039 sum  17.9993 diff   0.5915
   14   Ni  MulP   9.2955   8.7045 sum  18.0000 diff   0.5910
   15   Ni  MulP   9.2956   8.7047 sum  18.0003 diff   0.5909
   16   Ni  MulP   9.2956   8.7050 sum  18.0006 diff   0.5906
   17   Ni  MulP   9.2958   8.7056 sum  18.0013 diff   0.5902
   18   Ni  MulP   9.2954   8.7038 sum  17.9991 diff   0.5916
   19   Ni  MulP   9.2956   8.7047 sum  18.0003 diff   0.5909
   20   Ni  MulP   9.2956   8.7049 sum  18.0006 diff   0.5907
     ..........
     ......

 Sum of MulP: up   =  3188.36194 down          =  2985.63806
              total=  6174.00000 ideal(neutral)=  6174.00000
<DFT>  Total Spin Moment (muB) = 202.723881433775
<DFT>  Mixing_weight= 0.002942422175
<DFT>  Uele   =-9090.426756303455  dUele     =   0.011947473815
<DFT>  NormRD =    0.001438871729  Criterion =   0.000010000000

******************* MD= 1  SCF=65 *******************
<Poisson>  Poisson's equation using FFT...
<Set_Hamiltonian>  Hamiltonian matrix for VNA+dVH+Vxc...
<Band>  Solving the eigenvalue problem...
 KGrids1:  -0.33333   0.00000   0.33333 
 KGrids2:  -0.33333  -0.00000   0.33333 
 KGrids3:  -0.33333   0.00000   0.33334 
<Band_DFT>  Eigen, time=19.906923
<Band_DFT>  DM, time=0.000000
    1   Ni  MulP   9.2955   8.7045 sum  17.9999 diff   0.5910
    2   Ni  MulP   9.2954   8.7044 sum  17.9998 diff   0.5910
    3   Ni  MulP   9.2955   8.7050 sum  18.0006 diff   0.5905
    4   Ni  MulP   9.2955   8.7048 sum  18.0003 diff   0.5907
    5   Ni  MulP   9.2954   8.7042 sum  17.9996 diff   0.5912
    6   Ni  MulP   9.2954   8.7042 sum  17.9996 diff   0.5912
    7   Ni  MulP   9.2956   8.7049 sum  18.0005 diff   0.5906
    8   Ni  MulP   9.2954   8.7044 sum  17.9998 diff   0.5911
    9   Ni  MulP   9.2955   8.7047 sum  18.0002 diff   0.5908
   10   Ni  MulP   9.2955   8.7048 sum  18.0003 diff   0.5907
   11   Ni  MulP   9.2954   8.7041 sum  17.9996 diff   0.5913
   12   Ni  MulP   9.2953   8.7038 sum  17.9991 diff   0.5916
   13   Ni  MulP   9.2955   8.7044 sum  17.9999 diff   0.5910
   14   Ni  MulP   9.2955   8.7046 sum  18.0001 diff   0.5909
   15   Ni  MulP   9.2955   8.7050 sum  18.0005 diff   0.5906
   16   Ni  MulP   9.2955   8.7047 sum  18.0002 diff   0.5908
   17   Ni  MulP   9.2955   8.7046 sum  18.0000 diff   0.5909
   18   Ni  MulP   9.2954   8.7040 sum  17.9994 diff   0.5914
   19   Ni  MulP   9.2955   8.7044 sum  17.9998 diff   0.5911
   20   Ni  MulP   9.2955   8.7046 sum  18.0000 diff   0.5909
     ..........
     ......

 Sum of MulP: up   =  3188.34719 down          =  2985.65281
              total=  6174.00000 ideal(neutral)=  6174.00000
<DFT>  Total Spin Moment (muB) = 202.694383030794
<DFT>  Mixing_weight= 0.002942422175
<DFT>  Uele   =-9090.432596126764  dUele     =   0.005839823309
<DFT>  NormRD =    0.003054228495  Criterion =   0.000010000000

******************* MD= 1  SCF=66 *******************
<Poisson>  Poisson's equation using FFT...
<Set_Hamiltonian>  Hamiltonian matrix for VNA+dVH+Vxc...
<Band>  Solving the eigenvalue problem...
 KGrids1:  -0.33333   0.00000   0.33333 
 KGrids2:  -0.33333  -0.00000   0.33333 
 KGrids3:  -0.33333   0.00000   0.33334 
<Band_DFT>  Eigen, time=56.710668
<Band_DFT>  DM, time=0.000001
    1   Ni  MulP   9.2955   8.7047 sum  18.0003 diff   0.5908
    2   Ni  MulP   9.2955   8.7044 sum  17.9999 diff   0.5910
    3   Ni  MulP   9.2954   8.7043 sum  17.9998 diff   0.5911
    4   Ni  MulP   9.2955   8.7046 sum  18.0001 diff   0.5909
    5   Ni  MulP   9.2955   8.7044 sum  17.9999 diff   0.5911
    6   Ni  MulP   9.2955   8.7046 sum  18.0001 diff   0.5909
    7   Ni  MulP   9.2955   8.7044 sum  17.9999 diff   0.5911
    8   Ni  MulP   9.2955   8.7044 sum  17.9999 diff   0.5910
    9   Ni  MulP   9.2955   8.7046 sum  18.0001 diff   0.5909
   10   Ni  MulP   9.2955   8.7047 sum  18.0003 diff   0.5908
   11   Ni  MulP   9.2955   8.7046 sum  18.0002 diff   0.5909
   12   Ni  MulP   9.2955   8.7045 sum  18.0000 diff   0.5910
   13   Ni  MulP   9.2955   8.7046 sum  18.0001 diff   0.5909
   14   Ni  MulP   9.2955   8.7046 sum  18.0000 diff   0.5909
   15   Ni  MulP   9.2954   8.7044 sum  17.9998 diff   0.5911
   16   Ni  MulP   9.2955   8.7047 sum  18.0002 diff   0.5908
   17   Ni  MulP   9.2955   8.7046 sum  18.0001 diff   0.5909
   18   Ni  MulP   9.2955   8.7044 sum  17.9999 diff   0.5911
   19   Ni  MulP   9.2955   8.7044 sum  17.9999 diff   0.5911
   20   Ni  MulP   9.2955   8.7046 sum  18.0001 diff   0.5909
     ..........
     ......

 Sum of MulP: up   =  3188.35497 down          =  2985.64503
              total=  6174.00000 ideal(neutral)=  6174.00000
<DFT>  Total Spin Moment (muB) = 202.709933230292
<DFT>  Mixing_weight= 0.002942422175
<DFT>  Uele   =-9090.399853641902  dUele     =   0.032742484862
<DFT>  NormRD =    0.001915548798  Criterion =   0.000010000000

******************* MD= 1  SCF=67 *******************
<Poisson>  Poisson's equation using FFT...
<Set_Hamiltonian>  Hamiltonian matrix for VNA+dVH+Vxc...
<Band>  Solving the eigenvalue problem...
 KGrids1:  -0.33333   0.00000   0.33333 
 KGrids2:  -0.33333  -0.00000   0.33333 
 KGrids3:  -0.33333   0.00000   0.33334 
<Band_DFT>  Eigen, time=19.889138
<Band_DFT>  DM, time=0.000000
    1   Ni  MulP   9.2954   8.7038 sum  17.9991 diff   0.5916
    2   Ni  MulP   9.2956   8.7049 sum  18.0004 diff   0.5907
    3   Ni  MulP   9.2955   8.7045 sum  17.9999 diff   0.5910
    4   Ni  MulP   9.2954   8.7042 sum  17.9996 diff   0.5912
    5   Ni  MulP   9.2956   8.7052 sum  18.0008 diff   0.5905
    6   Ni  MulP   9.2955   8.7045 sum  17.9999 diff   0.5910
    7   Ni  MulP   9.2954   8.7042 sum  17.9996 diff   0.5913
    8   Ni  MulP   9.2957   8.7057 sum  18.0014 diff   0.5900
    9   Ni  MulP   9.2955   8.7048 sum  18.0003 diff   0.5907
   10   Ni  MulP   9.2954   8.7043 sum  17.9997 diff   0.5911
   11   Ni  MulP   9.2956   8.7049 sum  18.0004 diff   0.5907
   12   Ni  MulP   9.2957   8.7055 sum  18.0012 diff   0.5902
   13   Ni  MulP   9.2955   8.7047 sum  18.0003 diff   0.5908
   14   Ni  MulP   9.2955   8.7048 sum  18.0004 diff   0.5907
   15   Ni  MulP   9.2956   8.7052 sum  18.0008 diff   0.5904
   16   Ni  MulP   9.2955   8.7046 sum  18.0001 diff   0.5909
   17   Ni  MulP   9.2955   8.7045 sum  18.0000 diff   0.5909
   18   Ni  MulP   9.2956   8.7052 sum  18.0008 diff   0.5905
   19   Ni  MulP   9.2956   8.7048 sum  18.0003 diff   0.5908
   20   Ni  MulP   9.2955   8.7046 sum  18.0001 diff   0.5909
     ..........
     ......

 Sum of MulP: up   =  3188.35373 down          =  2985.64627
              total=  6174.00000 ideal(neutral)=  6174.00000
<DFT>  Total Spin Moment (muB) = 202.707450182293
<DFT>  Mixing_weight= 0.002942422175
<DFT>  Uele   =-9090.372532111141  dUele     =   0.027321530761
<DFT>  NormRD =    0.000741335238  Criterion =   0.000010000000

******************* MD= 1  SCF=68 *******************
<Poisson>  Poisson's equation using FFT...
<Set_Hamiltonian>  Hamiltonian matrix for VNA+dVH+Vxc...
<Band>  Solving the eigenvalue problem...
 KGrids1:  -0.33333   0.00000   0.33333 
 KGrids2:  -0.33333  -0.00000   0.33333 
 KGrids3:  -0.33333   0.00000   0.33334 
<Band_DFT>  Eigen, time=57.331801
<Band_DFT>  DM, time=0.000000
    1   Ni  MulP   9.2953   8.7035 sum  17.9988 diff   0.5918
    2   Ni  MulP   9.2957   8.7057 sum  18.0014 diff   0.5900
    3   Ni  MulP   9.2959   8.7065 sum  18.0024 diff   0.5895
    4   Ni  MulP   9.2958   8.7061 sum  18.0019 diff   0.5898
    5   Ni  MulP   9.2959   8.7062 sum  18.0021 diff   0.5897
    6   Ni  MulP   9.2956   8.7054 sum  18.0010 diff   0.5903
    7   Ni  MulP   9.2959   8.7064 sum  18.0023 diff   0.5895
    8   Ni  MulP   9.2961   8.7074 sum  18.0035 diff   0.5888
    9   Ni  MulP   9.2956   8.7050 sum  18.0006 diff   0.5906
   10   Ni  MulP   9.2956   8.7046 sum  18.0002 diff   0.5910
   11   Ni  MulP   9.2959   8.7062 sum  18.0021 diff   0.5898
   12   Ni  MulP   9.2963   8.7081 sum  18.0044 diff   0.5882
   13   Ni  MulP   9.2960   8.7069 sum  18.0029 diff   0.5892
   14   Ni  MulP   9.2959   8.7064 sum  18.0023 diff   0.5896
   15   Ni  MulP   9.2958   8.7057 sum  18.0015 diff   0.5901
   16   Ni  MulP   9.2949   8.7013 sum  17.9962 diff   0.5936
   17   Ni  MulP   9.2951   8.7018 sum  17.9970 diff   0.5933
   18   Ni  MulP   9.2960   8.7062 sum  18.0021 diff   0.5898
   19   Ni  MulP   9.2959   8.7061 sum  18.0020 diff   0.5898
   20   Ni  MulP   9.2954   8.7036 sum  17.9989 diff   0.5918
     ..........
     ......

 Sum of MulP: up   =  3188.37209 down          =  2985.62791
              total=  6174.00000 ideal(neutral)=  6174.00000
<DFT>  Total Spin Moment (muB) = 202.744180287881
<DFT>  Mixing_weight= 0.002942422175
<DFT>  Uele   =-9090.362097272548  dUele     =   0.010434838594
<DFT>  NormRD =    0.006857348893  Criterion =   0.000010000000

******************* MD= 1  SCF=69 *******************
<Poisson>  Poisson's equation using FFT...
<Set_Hamiltonian>  Hamiltonian matrix for VNA+dVH+Vxc...
<Band>  Solving the eigenvalue problem...
 KGrids1:  -0.33333   0.00000   0.33333 
 KGrids2:  -0.33333  -0.00000   0.33333 
 KGrids3:  -0.33333   0.00000   0.33334 
<Band_DFT>  Eigen, time=20.003519
<Band_DFT>  DM, time=0.000000
    1   Ni  MulP   9.2955   8.7041 sum  17.9996 diff   0.5914
    2   Ni  MulP   9.2957   8.7050 sum  18.0007 diff   0.5906
    3   Ni  MulP   9.2957   8.7054 sum  18.0012 diff   0.5903
    4   Ni  MulP   9.2958   8.7057 sum  18.0015 diff   0.5901
    5   Ni  MulP   9.2958   8.7056 sum  18.0014 diff   0.5902
    6   Ni  MulP   9.2955   8.7046 sum  18.0001 diff   0.5910
    7   Ni  MulP   9.2958   8.7056 sum  18.0013 diff   0.5902
    8   Ni  MulP   9.2957   8.7051 sum  18.0009 diff   0.5906
    9   Ni  MulP   9.2955   8.7040 sum  17.9995 diff   0.5915
   10   Ni  MulP   9.2956   8.7045 sum  18.0001 diff   0.5911
   11   Ni  MulP   9.2957   8.7051 sum  18.0008 diff   0.5906
   12   Ni  MulP   9.2957   8.7053 sum  18.0010 diff   0.5905
   13   Ni  MulP   9.2956   8.7047 sum  18.0003 diff   0.5910
   14   Ni  MulP   9.2957   8.7050 sum  18.0007 diff   0.5907
   15   Ni  MulP   9.2955   8.7037 sum  17.9991 diff   0.5918
   16   Ni  MulP   9.2952   8.7024 sum  17.9976 diff   0.5928
   17   Ni  MulP   9.2953   8.7027 sum  17.9980 diff   0.5927
   18   Ni  MulP   9.2957   8.7045 sum  18.0001 diff   0.5912
   19   Ni  MulP   9.2956   8.7040 sum  17.9995 diff   0.5916
   20   Ni  MulP   9.2953   8.7028 sum  17.9981 diff   0.5925
     ..........
     ......

 Sum of MulP: up   =  3188.38035 down          =  2985.61965
              total=  6174.00000 ideal(neutral)=  6174.00000
<DFT>  Total Spin Moment (muB) = 202.760704459232
<DFT>  Mixing_weight= 0.002942422175
<DFT>  Uele   =-9090.382948481232  dUele     =   0.020851208685
<DFT>  NormRD =    0.030114521339  Criterion =   0.000010000000

******************* MD= 1  SCF=70 *******************
<Poisson>  Poisson's equation using FFT...
<Set_Hamiltonian>  Hamiltonian matrix for VNA+dVH+Vxc...
<Band>  Solving the eigenvalue problem...
 KGrids1:  -0.33333   0.00000   0.33333 
 KGrids2:  -0.33333  -0.00000   0.33333 
 KGrids3:  -0.33333   0.00000   0.33334 
<Band_DFT>  Eigen, time=20.051011
<Band_DFT>  DM, time=0.000000
    1   Ni  MulP   9.2955   8.7045 sum  18.0001 diff   0.5910
    2   Ni  MulP   9.2956   8.7047 sum  18.0003 diff   0.5909
    3   Ni  MulP   9.2955   8.7043 sum  17.9999 diff   0.5912
    4   Ni  MulP   9.2955   8.7041 sum  17.9996 diff   0.5914
    5   Ni  MulP   9.2956   8.7046 sum  18.0002 diff   0.5909
    6   Ni  MulP   9.2955   8.7044 sum  17.9999 diff   0.5912
    7   Ni  MulP   9.2956   8.7047 sum  18.0003 diff   0.5909
    8   Ni  MulP   9.2956   8.7047 sum  18.0003 diff   0.5909
    9   Ni  MulP   9.2955   8.7043 sum  17.9998 diff   0.5912
   10   Ni  MulP   9.2955   8.7042 sum  17.9996 diff   0.5913
   11   Ni  MulP   9.2956   8.7046 sum  18.0002 diff   0.5910
   12   Ni  MulP   9.2956   8.7046 sum  18.0002 diff   0.5910
   13   Ni  MulP   9.2955   8.7042 sum  17.9997 diff   0.5913
   14   Ni  MulP   9.2956   8.7046 sum  18.0001 diff   0.5910
   15   Ni  MulP   9.2956   8.7048 sum  18.0004 diff   0.5908
   16   Ni  MulP   9.2955   8.7044 sum  17.9999 diff   0.5911
   17   Ni  MulP   9.2956   8.7048 sum  18.0004 diff   0.5908
   18   Ni  MulP   9.2956   8.7049 sum  18.0006 diff   0.5907
   19   Ni  MulP   9.2956   8.7046 sum  18.0002 diff   0.5910
   20   Ni  MulP   9.2955   8.7043 sum  17.9998 diff   0.5912
     ..........
     ......

 Sum of MulP: up   =  3188.37174 down          =  2985.62826
              total=  6174.00000 ideal(neutral)=  6174.00000
<DFT>  Total Spin Moment (muB) = 202.743472267774
<DFT>  Mixing_weight= 0.002942422175
<DFT>  Uele   =-9090.383136071419  dUele     =   0.000187590187
<DFT>  NormRD =    0.018266196633  Criterion =   0.000010000000

******************* MD= 1  SCF=71 *******************
<Poisson>  Poisson's equation using FFT...
<Set_Hamiltonian>  Hamiltonian matrix for VNA+dVH+Vxc...
<Band>  Solving the eigenvalue problem...
 KGrids1:  -0.33333   0.00000   0.33333 
 KGrids2:  -0.33333  -0.00000   0.33333 
 KGrids3:  -0.33333   0.00000   0.33334 
<Band_DFT>  Eigen, time=56.744783
<Band_DFT>  DM, time=0.000000
    1   Ni  MulP   9.2954   8.7037 sum  17.9991 diff   0.5918
    2   Ni  MulP   9.2954   8.7034 sum  17.9988 diff   0.5919
    3   Ni  MulP   9.2955   8.7042 sum  17.9997 diff   0.5913
    4   Ni  MulP   9.2958   8.7059 sum  18.0016 diff   0.5899
    5   Ni  MulP   9.2957   8.7056 sum  18.0013 diff   0.5900
    6   Ni  MulP   9.2957   8.7056 sum  18.0013 diff   0.5901
    7   Ni  MulP   9.2955   8.7044 sum  17.9999 diff   0.5912
    8   Ni  MulP   9.2954   8.7034 sum  17.9987 diff   0.5920
    9   Ni  MulP   9.2955   8.7042 sum  17.9997 diff   0.5913
   10   Ni  MulP   9.2956   8.7052 sum  18.0008 diff   0.5905
   11   Ni  MulP   9.2958   8.7061 sum  18.0019 diff   0.5897
   12   Ni  MulP   9.2957   8.7055 sum  18.0012 diff   0.5901
   13   Ni  MulP   9.2956   8.7048 sum  18.0004 diff   0.5908
   14   Ni  MulP   9.2954   8.7038 sum  17.9992 diff   0.5916
   15   Ni  MulP   9.2955   8.7041 sum  17.9996 diff   0.5913
   16   Ni  MulP   9.2956   8.7048 sum  18.0004 diff   0.5908
   17   Ni  MulP   9.2956   8.7051 sum  18.0006 diff   0.5905
   18   Ni  MulP   9.2958   8.7060 sum  18.0018 diff   0.5897
   19   Ni  MulP   9.2956   8.7048 sum  18.0004 diff   0.5907
   20   Ni  MulP   9.2955   8.7041 sum  17.9995 diff   0.5914
     ..........
     ......

 Sum of MulP: up   =  3188.36760 down          =  2985.63240
              total=  6174.00000 ideal(neutral)=  6174.00000
<DFT>  Total Spin Moment (muB) = 202.735191028241
<DFT>  Mixing_weight= 0.002942422175
<DFT>  Uele   =-9090.372071520806  dUele     =   0.011064550614
<DFT>  NormRD =    0.001744904708  Criterion =   0.000010000000

******************* MD= 1  SCF=72 *******************
<Poisson>  Poisson's equation using FFT...
<Set_Hamiltonian>  Hamiltonian matrix for VNA+dVH+Vxc...
<Band>  Solving the eigenvalue problem...
 KGrids1:  -0.33333   0.00000   0.33333 
 KGrids2:  -0.33333  -0.00000   0.33333 
 KGrids3:  -0.33333   0.00000   0.33334 
<Band_DFT>  Eigen, time=20.125780
<Band_DFT>  DM, time=0.000000
    1   Ni  MulP   9.2955   8.7040 sum  17.9994 diff   0.5915
    2   Ni  MulP   9.2955   8.7043 sum  17.9999 diff   0.5912
    3   Ni  MulP   9.2955   8.7041 sum  17.9996 diff   0.5914
    4   Ni  MulP   9.2955   8.7041 sum  17.9996 diff   0.5914
    5   Ni  MulP   9.2955   8.7044 sum  17.9999 diff   0.5912
    6   Ni  MulP   9.2956   8.7043 sum  17.9999 diff   0.5912
    7   Ni  MulP   9.2954   8.7037 sum  17.9992 diff   0.5917
    8   Ni  MulP   9.2955   8.7044 sum  17.9999 diff   0.5911
    9   Ni  MulP   9.2956   8.7046 sum  18.0002 diff   0.5910
   10   Ni  MulP   9.2955   8.7041 sum  17.9996 diff   0.5914
   11   Ni  MulP   9.2955   8.7040 sum  17.9995 diff   0.5914
   12   Ni  MulP   9.2955   8.7040 sum  17.9995 diff   0.5915
   13   Ni  MulP   9.2955   8.7039 sum  17.9994 diff   0.5915
   14   Ni  MulP   9.2955   8.7040 sum  17.9995 diff   0.5915
   15   Ni  MulP   9.2956   8.7047 sum  18.0002 diff   0.5909
   16   Ni  MulP   9.2956   8.7046 sum  18.0002 diff   0.5909
   17   Ni  MulP   9.2955   8.7043 sum  17.9998 diff   0.5913
   18   Ni  MulP   9.2955   8.7042 sum  17.9997 diff   0.5913
   19   Ni  MulP   9.2955   8.7042 sum  17.9997 diff   0.5914
   20   Ni  MulP   9.2955   8.7043 sum  17.9998 diff   0.5912
     ..........
     ......

 Sum of MulP: up   =  3188.37296 down          =  2985.62704
              total=  6174.00000 ideal(neutral)=  6174.00000
<DFT>  Total Spin Moment (muB) = 202.745929527433
<DFT>  Mixing_weight= 0.002942422175
<DFT>  Uele   =-9090.385808025034  dUele     =   0.013736504228
<DFT>  NormRD =    0.010943373064  Criterion =   0.000010000000

******************* MD= 1  SCF=73 *******************
<Poisson>  Poisson's equation using FFT...
<Set_Hamiltonian>  Hamiltonian matrix for VNA+dVH+Vxc...
<Band>  Solving the eigenvalue problem...
 KGrids1:  -0.33333   0.00000   0.33333 
 KGrids2:  -0.33333  -0.00000   0.33333 
 KGrids3:  -0.33333   0.00000   0.33334 
<Band_DFT>  Eigen, time=56.766960
<Band_DFT>  DM, time=0.000001
    1   Ni  MulP   9.2955   8.7044 sum  17.9999 diff   0.5911
    2   Ni  MulP   9.2955   8.7045 sum  18.0000 diff   0.5910
    3   Ni  MulP   9.2955   8.7044 sum  17.9999 diff   0.5911
    4   Ni  MulP   9.2955   8.7044 sum  17.9999 diff   0.5911
    5   Ni  MulP   9.2956   8.7052 sum  18.0009 diff   0.5904
    6   Ni  MulP   9.2957   8.7055 sum  18.0012 diff   0.5902
    7   Ni  MulP   9.2956   8.7049 sum  18.0005 diff   0.5907
    8   Ni  MulP   9.2955   8.7045 sum  18.0001 diff   0.5910
    9   Ni  MulP   9.2955   8.7044 sum  17.9999 diff   0.5911
   10   Ni  MulP   9.2954   8.7041 sum  17.9995 diff   0.5914
   11   Ni  MulP   9.2955   8.7044 sum  17.9999 diff   0.5911
   12   Ni  MulP   9.2956   8.7050 sum  18.0006 diff   0.5906
   13   Ni  MulP   9.2956   8.7050 sum  18.0006 diff   0.5906
   14   Ni  MulP   9.2955   8.7047 sum  18.0002 diff   0.5909
   15   Ni  MulP   9.2955   8.7044 sum  17.9999 diff   0.5911
   16   Ni  MulP   9.2955   8.7042 sum  17.9997 diff   0.5913
   17   Ni  MulP   9.2955   8.7042 sum  17.9997 diff   0.5913
   18   Ni  MulP   9.2955   8.7044 sum  17.9999 diff   0.5911
   19   Ni  MulP   9.2956   8.7046 sum  18.0002 diff   0.5909
   20   Ni  MulP   9.2956   8.7047 sum  18.0002 diff   0.5909
     ..........
     ......

 Sum of MulP: up   =  3188.36518 down          =  2985.63482
              total=  6174.00000 ideal(neutral)=  6174.00000
<DFT>  Total Spin Moment (muB) = 202.730358361061
<DFT>  Mixing_weight= 0.002942422175
<DFT>  Uele   =-9090.373445344036  dUele     =   0.012362680998
<DFT>  NormRD =    0.004914909449  Criterion =   0.000010000000

******************* MD= 1  SCF=74 *******************
<Poisson>  Poisson's equation using FFT...
<Set_Hamiltonian>  Hamiltonian matrix for VNA+dVH+Vxc...
<Band>  Solving the eigenvalue problem...
 KGrids1:  -0.33333   0.00000   0.33333 
 KGrids2:  -0.33333  -0.00000   0.33333 
 KGrids3:  -0.33333   0.00000   0.33334 
<Band_DFT>  Eigen, time=19.944537
<Band_DFT>  DM, time=0.000000
    1   Ni  MulP   9.2956   8.7049 sum  18.0005 diff   0.5907
    2   Ni  MulP   9.2955   8.7046 sum  18.0002 diff   0.5909
    3   Ni  MulP   9.2955   8.7043 sum  17.9998 diff   0.5912
    4   Ni  MulP   9.2955   8.7040 sum  17.9995 diff   0.5914
    5   Ni  MulP   9.2954   8.7040 sum  17.9994 diff   0.5915
    6   Ni  MulP   9.2955   8.7045 sum  18.0001 diff   0.5910
    7   Ni  MulP   9.2956   8.7047 sum  18.0003 diff   0.5908
    8   Ni  MulP   9.2955   8.7047 sum  18.0002 diff   0.5909
    9   Ni  MulP   9.2956   8.7047 sum  18.0002 diff   0.5909
   10   Ni  MulP   9.2955   8.7042 sum  17.9997 diff   0.5913
   11   Ni  MulP   9.2955   8.7040 sum  17.9995 diff   0.5915
   12   Ni  MulP   9.2955   8.7041 sum  17.9996 diff   0.5913
   13   Ni  MulP   9.2955   8.7045 sum  18.0001 diff   0.5910
   14   Ni  MulP   9.2955   8.7047 sum  18.0002 diff   0.5909
   15   Ni  MulP   9.2955   8.7047 sum  18.0002 diff   0.5909
   16   Ni  MulP   9.2955   8.7046 sum  18.0001 diff   0.5910
   17   Ni  MulP   9.2955   8.7042 sum  17.9997 diff   0.5913
   18   Ni  MulP   9.2955   8.7041 sum  17.9996 diff   0.5914
   19   Ni  MulP   9.2955   8.7044 sum  17.9999 diff   0.5911
   20   Ni  MulP   9.2956   8.7046 sum  18.0002 diff   0.5909
     ..........
     ......

 Sum of MulP: up   =  3188.36530 down          =  2985.63470
              total=  6174.00000 ideal(neutral)=  6174.00000
<DFT>  Total Spin Moment (muB) = 202.730595347904
<DFT>  Mixing_weight= 0.002942422175
<DFT>  Uele   =-9090.374793190336  dUele     =   0.001347846301
<DFT>  NormRD =    0.003511859001  Criterion =   0.000010000000

******************* MD= 1  SCF=75 *******************
<Poisson>  Poisson's equation using FFT...
<Set_Hamiltonian>  Hamiltonian matrix for VNA+dVH+Vxc...
<Band>  Solving the eigenvalue problem...
 KGrids1:  -0.33333   0.00000   0.33333 
 KGrids2:  -0.33333  -0.00000   0.33333 
 KGrids3:  -0.33333   0.00000   0.33334 
<Band_DFT>  Eigen, time=19.987636
<Band_DFT>  DM, time=0.000000
    1   Ni  MulP   9.2954   8.7040 sum  17.9994 diff   0.5914
    2   Ni  MulP   9.2955   8.7043 sum  17.9998 diff   0.5912
    3   Ni  MulP   9.2956   8.7048 sum  18.0004 diff   0.5907
    4   Ni  MulP   9.2955   8.7043 sum  17.9998 diff   0.5912
    5   Ni  MulP   9.2955   8.7040 sum  17.9995 diff   0.5914
    6   Ni  MulP   9.2955   8.7045 sum  18.0000 diff   0.5910
    7   Ni  MulP   9.2955   8.7045 sum  18.0000 diff   0.5910
    8   Ni  MulP   9.2954   8.7036 sum  17.9990 diff   0.5918
    9   Ni  MulP   9.2956   8.7047 sum  18.0003 diff   0.5909
   10   Ni  MulP   9.2956   8.7048 sum  18.0004 diff   0.5907
   11   Ni  MulP   9.2956   8.7046 sum  18.0002 diff   0.5909
   12   Ni  MulP   9.2955   8.7045 sum  18.0000 diff   0.5911
   13   Ni  MulP   9.2955   8.7045 sum  18.0001 diff   0.5910
   14   Ni  MulP   9.2954   8.7038 sum  17.9992 diff   0.5916
   15   Ni  MulP   9.2955   8.7041 sum  17.9995 diff   0.5914
   16   Ni  MulP   9.2956   8.7048 sum  18.0004 diff   0.5907
   17   Ni  MulP   9.2956   8.7050 sum  18.0006 diff   0.5906
   18   Ni  MulP   9.2955   8.7045 sum  18.0001 diff   0.5910
   19   Ni  MulP   9.2956   8.7046 sum  18.0001 diff   0.5910
   20   Ni  MulP   9.2955   8.7044 sum  17.9999 diff   0.5912
     ..........
     ......

 Sum of MulP: up   =  3188.36384 down          =  2985.63616
              total=  6174.00000 ideal(neutral)=  6174.00000
<DFT>  Total Spin Moment (muB) = 202.727680734135
<DFT>  Mixing_weight= 0.002942422175
<DFT>  Uele   =-9090.375834638151  dUele     =   0.001041447815
<DFT>  NormRD =    0.005500650783  Criterion =   0.000010000000

******************* MD= 1  SCF=76 *******************
<Poisson>  Poisson's equation using FFT...
<Set_Hamiltonian>  Hamiltonian matrix for VNA+dVH+Vxc...
<Band>  Solving the eigenvalue problem...
 KGrids1:  -0.33333   0.00000   0.33333 
 KGrids2:  -0.33333  -0.00000   0.33333 
 KGrids3:  -0.33333   0.00000   0.33334 
<Band_DFT>  Eigen, time=19.993031
<Band_DFT>  DM, time=0.000000
    1   Ni  MulP   9.2955   8.7042 sum  17.9997 diff   0.5913
    2   Ni  MulP   9.2955   8.7044 sum  17.9999 diff   0.5911
    3   Ni  MulP   9.2955   8.7045 sum  18.0000 diff   0.5911
    4   Ni  MulP   9.2955   8.7042 sum  17.9997 diff   0.5912
    5   Ni  MulP   9.2955   8.7045 sum  18.0000 diff   0.5910
    6   Ni  MulP   9.2955   8.7045 sum  18.0001 diff   0.5910
    7   Ni  MulP   9.2955   8.7042 sum  17.9996 diff   0.5913
    8   Ni  MulP   9.2955   8.7043 sum  17.9997 diff   0.5912
    9   Ni  MulP   9.2955   8.7044 sum  17.9999 diff   0.5911
   10   Ni  MulP   9.2954   8.7040 sum  17.9995 diff   0.5914
   11   Ni  MulP   9.2955   8.7042 sum  17.9996 diff   0.5913
   12   Ni  MulP   9.2955   8.7044 sum  17.9999 diff   0.5911
   13   Ni  MulP   9.2955   8.7042 sum  17.9997 diff   0.5912
   14   Ni  MulP   9.2954   8.7041 sum  17.9995 diff   0.5914
   15   Ni  MulP   9.2955   8.7045 sum  18.0000 diff   0.5910
   16   Ni  MulP   9.2955   8.7043 sum  17.9997 diff   0.5912
   17   Ni  MulP   9.2955   8.7042 sum  17.9997 diff   0.5913
   18   Ni  MulP   9.2955   8.7042 sum  17.9996 diff   0.5913
   19   Ni  MulP   9.2955   8.7043 sum  17.9998 diff   0.5912
   20   Ni  MulP   9.2955   8.7044 sum  17.9999 diff   0.5911
     ..........
     ......

 Sum of MulP: up   =  3188.36345 down          =  2985.63655
              total=  6174.00000 ideal(neutral)=  6174.00000
<DFT>  Total Spin Moment (muB) = 202.726901464940
<DFT>  Mixing_weight= 0.002942422175
<DFT>  Uele   =-9090.375725141941  dUele     =   0.000109496210
<DFT>  NormRD =    0.008867494987  Criterion =   0.000010000000

******************* MD= 1  SCF=77 *******************
<Poisson>  Poisson's equation using FFT...
<Set_Hamiltonian>  Hamiltonian matrix for VNA+dVH+Vxc...
<Band>  Solving the eigenvalue problem...
 KGrids1:  -0.33333   0.00000   0.33333 
 KGrids2:  -0.33333  -0.00000   0.33333 
 KGrids3:  -0.33333   0.00000   0.33334 
<Band_DFT>  Eigen, time=19.911532
<Band_DFT>  DM, time=0.000000
    1   Ni  MulP   9.2955   8.7042 sum  17.9997 diff   0.5912
    2   Ni  MulP   9.2955   8.7042 sum  17.9997 diff   0.5912
    3   Ni  MulP   9.2955   8.7042 sum  17.9997 diff   0.5913
    4   Ni  MulP   9.2954   8.7040 sum  17.9995 diff   0.5914
    5   Ni  MulP   9.2955   8.7044 sum  17.9999 diff   0.5911
    6   Ni  MulP   9.2956   8.7047 sum  18.0002 diff   0.5909
    7   Ni  MulP   9.2955   8.7043 sum  17.9998 diff   0.5912
    8   Ni  MulP   9.2954   8.7041 sum  17.9995 diff   0.5914
    9   Ni  MulP   9.2955   8.7043 sum  17.9998 diff   0.5912
   10   Ni  MulP   9.2955   8.7042 sum  17.9996 diff   0.5913
   11   Ni  MulP   9.2955   8.7043 sum  17.9998 diff   0.5912
   12   Ni  MulP   9.2955   8.7045 sum  18.0000 diff   0.5911
   13   Ni  MulP   9.2955   8.7044 sum  17.9999 diff   0.5911
   14   Ni  MulP   9.2954   8.7041 sum  17.9995 diff   0.5914
   15   Ni  MulP   9.2955   8.7042 sum  17.9997 diff   0.5912
   16   Ni  MulP   9.2955   8.7043 sum  17.9998 diff   0.5912
   17   Ni  MulP   9.2955   8.7045 sum  18.0000 diff   0.5910
   18   Ni  MulP   9.2955   8.7042 sum  17.9997 diff   0.5912
   19   Ni  MulP   9.2955   8.7043 sum  17.9998 diff   0.5912
   20   Ni  MulP   9.2955   8.7043 sum  17.9998 diff   0.5912
     ..........
     ......

 Sum of MulP: up   =  3188.36206 down          =  2985.63794
              total=  6174.00000 ideal(neutral)=  6174.00000
<DFT>  Total Spin Moment (muB) = 202.724126113316
<DFT>  Mixing_weight= 0.002942422175
<DFT>  Uele   =-9090.376836812229  dUele     =   0.001111670288
<DFT>  NormRD =    0.004237324853  Criterion =   0.000010000000

******************* MD= 1  SCF=78 *******************
<Poisson>  Poisson's equation using FFT...
<Set_Hamiltonian>  Hamiltonian matrix for VNA+dVH+Vxc...
<Band>  Solving the eigenvalue problem...
 KGrids1:  -0.33333   0.00000   0.33333 
 KGrids2:  -0.33333  -0.00000   0.33333 
 KGrids3:  -0.33333   0.00000   0.33334 
<Band_DFT>  Eigen, time=56.695474
<Band_DFT>  DM, time=0.000000
    1   Ni  MulP   9.2955   8.7044 sum  17.9999 diff   0.5911
    2   Ni  MulP   9.2956   8.7050 sum  18.0006 diff   0.5906
    3   Ni  MulP   9.2956   8.7049 sum  18.0004 diff   0.5907
    4   Ni  MulP   9.2955   8.7044 sum  17.9999 diff   0.5911
    5   Ni  MulP   9.2955   8.7047 sum  18.0003 diff   0.5908
    6   Ni  MulP   9.2956   8.7050 sum  18.0006 diff   0.5906
    7   Ni  MulP   9.2955   8.7043 sum  17.9998 diff   0.5911
    8   Ni  MulP   9.2955   8.7045 sum  17.9999 diff   0.5910
    9   Ni  MulP   9.2956   8.7051 sum  18.0007 diff   0.5905
   10   Ni  MulP   9.2956   8.7049 sum  18.0004 diff   0.5907
   11   Ni  MulP   9.2956   8.7048 sum  18.0004 diff   0.5907
   12   Ni  MulP   9.2956   8.7047 sum  18.0003 diff   0.5908
   13   Ni  MulP   9.2955   8.7045 sum  18.0000 diff   0.5910
   14   Ni  MulP   9.2954   8.7042 sum  17.9996 diff   0.5913
   15   Ni  MulP   9.2955   8.7045 sum  18.0000 diff   0.5910
   16   Ni  MulP   9.2956   8.7049 sum  18.0005 diff   0.5907
   17   Ni  MulP   9.2956   8.7050 sum  18.0006 diff   0.5906
   18   Ni  MulP   9.2955   8.7044 sum  17.9999 diff   0.5911
   19   Ni  MulP   9.2955   8.7042 sum  17.9997 diff   0.5912
   20   Ni  MulP   9.2955   8.7044 sum  17.9999 diff   0.5911
     ..........
     ......

 Sum of MulP: up   =  3188.36011 down          =  2985.63989
              total=  6174.00000 ideal(neutral)=  6174.00000
<DFT>  Total Spin Moment (muB) = 202.720226709075
<DFT>  Mixing_weight= 0.002942422175
<DFT>  Uele   =-9090.377770228901  dUele     =   0.000933416672
<DFT>  NormRD =    0.003309401947  Criterion =   0.000010000000

******************* MD= 1  SCF=79 *******************
<Poisson>  Poisson's equation using FFT...
<Set_Hamiltonian>  Hamiltonian matrix for VNA+dVH+Vxc...
<Band>  Solving the eigenvalue problem...
 KGrids1:  -0.33333   0.00000   0.33333 
 KGrids2:  -0.33333  -0.00000   0.33333 
 KGrids3:  -0.33333   0.00000   0.33334 
<Band_DFT>  Eigen, time=56.646926
<Band_DFT>  DM, time=0.000001
    1   Ni  MulP   9.2955   8.7044 sum  17.9999 diff   0.5911
    2   Ni  MulP   9.2956   8.7050 sum  18.0006 diff   0.5906
    3   Ni  MulP   9.2955   8.7049 sum  18.0004 diff   0.5907
    4   Ni  MulP   9.2955   8.7046 sum  18.0001 diff   0.5909
    5   Ni  MulP   9.2955   8.7045 sum  18.0000 diff   0.5910
    6   Ni  MulP   9.2955   8.7041 sum  17.9996 diff   0.5913
    7   Ni  MulP   9.2955   8.7041 sum  17.9996 diff   0.5913
    8   Ni  MulP   9.2955   8.7046 sum  18.0001 diff   0.5909
    9   Ni  MulP   9.2956   8.7049 sum  18.0005 diff   0.5906
   10   Ni  MulP   9.2955   8.7043 sum  17.9998 diff   0.5911
   11   Ni  MulP   9.2955   8.7043 sum  17.9998 diff   0.5911
   12   Ni  MulP   9.2955   8.7041 sum  17.9996 diff   0.5913
   13   Ni  MulP   9.2955   8.7042 sum  17.9997 diff   0.5913
   14   Ni  MulP   9.2955   8.7043 sum  17.9997 diff   0.5912
   15   Ni  MulP   9.2955   8.7047 sum  18.0003 diff   0.5908
   16   Ni  MulP   9.2955   8.7045 sum  18.0000 diff   0.5910
   17   Ni  MulP   9.2954   8.7041 sum  17.9995 diff   0.5913
   18   Ni  MulP   9.2955   8.7042 sum  17.9997 diff   0.5912
   19   Ni  MulP   9.2955   8.7046 sum  18.0002 diff   0.5909
   20   Ni  MulP   9.2956   8.7047 sum  18.0003 diff   0.5908
     ..........
     ......

 Sum of MulP: up   =  3188.35793 down          =  2985.64207
              total=  6174.00000 ideal(neutral)=  6174.00000
<DFT>  Total Spin Moment (muB) = 202.715854314517
<DFT>  Mixing_weight= 0.002942422175
<DFT>  Uele   =-9090.379566153928  dUele     =   0.001795925027
<DFT>  NormRD =    0.004758387706  Criterion =   0.000010000000

******************* MD= 1  SCF=80 *******************
<Poisson>  Poisson's equation using FFT...
<Set_Hamiltonian>  Hamiltonian matrix for VNA+dVH+Vxc...
<Band>  Solving the eigenvalue problem...
 KGrids1:  -0.33333   0.00000   0.33333 
 KGrids2:  -0.33333  -0.00000   0.33333 
 KGrids3:  -0.33333   0.00000   0.33334 
<Band_DFT>  Eigen, time=19.924383
<Band_DFT>  DM, time=0.000000
    1   Ni  MulP   9.2955   8.7046 sum  18.0002 diff   0.5909
    2   Ni  MulP   9.2955   8.7047 sum  18.0002 diff   0.5909
    3   Ni  MulP   9.2955   8.7045 sum  18.0000 diff   0.5910
    4   Ni  MulP   9.2955   8.7046 sum  18.0001 diff   0.5909
    5   Ni  MulP   9.2956   8.7048 sum  18.0003 diff   0.5908
    6   Ni  MulP   9.2955   8.7044 sum  17.9999 diff   0.5910
    7   Ni  MulP   9.2955   8.7047 sum  18.0002 diff   0.5908
    8   Ni  MulP   9.2955   8.7045 sum  17.9999 diff   0.5910
    9   Ni  MulP   9.2955   8.7045 sum  18.0000 diff   0.5910
   10   Ni  MulP   9.2954   8.7041 sum  17.9995 diff   0.5914
   11   Ni  MulP   9.2955   8.7045 sum  17.9999 diff   0.5910
   12   Ni  MulP   9.2955   8.7044 sum  17.9999 diff   0.5911
   13   Ni  MulP   9.2955   8.7045 sum  18.0000 diff   0.5910
   14   Ni  MulP   9.2955   8.7045 sum  18.0000 diff   0.5910
   15   Ni  MulP   9.2955   8.7046 sum  18.0002 diff   0.5909
   16   Ni  MulP   9.2955   8.7044 sum  17.9999 diff   0.5911
   17   Ni  MulP   9.2954   8.7041 sum  17.9996 diff   0.5913
   18   Ni  MulP   9.2955   8.7045 sum  18.0000 diff   0.5910
   19   Ni  MulP   9.2956   8.7049 sum  18.0005 diff   0.5907
   20   Ni  MulP   9.2956   8.7048 sum  18.0004 diff   0.5908
     ..........
     ......

 Sum of MulP: up   =  3188.35700 down          =  2985.64300
              total=  6174.00000 ideal(neutral)=  6174.00000
<DFT>  Total Spin Moment (muB) = 202.713991177264
<DFT>  Mixing_weight= 0.002942422175
<DFT>  Uele   =-9090.380229343627  dUele     =   0.000663189699
<DFT>  NormRD =    0.004254207847  Criterion =   0.000010000000

******************* MD= 1  SCF=81 *******************
<Poisson>  Poisson's equation using FFT...
<Set_Hamiltonian>  Hamiltonian matrix for VNA+dVH+Vxc...
<Band>  Solving the eigenvalue problem...
 KGrids1:  -0.33333   0.00000   0.33333 
 KGrids2:  -0.33333  -0.00000   0.33333 
 KGrids3:  -0.33333   0.00000   0.33334 
<Band_DFT>  Eigen, time=19.943125
<Band_DFT>  DM, time=0.000001
    1   Ni  MulP   9.2955   8.7047 sum  18.0002 diff   0.5909
    2   Ni  MulP   9.2955   8.7043 sum  17.9998 diff   0.5911
    3   Ni  MulP   9.2955   8.7045 sum  18.0000 diff   0.5910
    4   Ni  MulP   9.2955   8.7044 sum  17.9999 diff   0.5910
    5   Ni  MulP   9.2955   8.7044 sum  17.9999 diff   0.5911
    6   Ni  MulP   9.2954   8.7042 sum  17.9997 diff   0.5912
    7   Ni  MulP   9.2955   8.7048 sum  18.0003 diff   0.5908
    8   Ni  MulP   9.2954   8.7042 sum  17.9996 diff   0.5912
    9   Ni  MulP   9.2954   8.7043 sum  17.9997 diff   0.5912
   10   Ni  MulP   9.2954   8.7041 sum  17.9996 diff   0.5913
   11   Ni  MulP   9.2955   8.7043 sum  17.9997 diff   0.5912
   12   Ni  MulP   9.2954   8.7042 sum  17.9997 diff   0.5912
   13   Ni  MulP   9.2955   8.7044 sum  17.9999 diff   0.5911
   14   Ni  MulP   9.2955   8.7045 sum  18.0000 diff   0.5910
   15   Ni  MulP   9.2955   8.7044 sum  17.9999 diff   0.5911
   16   Ni  MulP   9.2955   8.7045 sum  18.0000 diff   0.5910
   17   Ni  MulP   9.2955   8.7044 sum  17.9998 diff   0.5911
   18   Ni  MulP   9.2955   8.7043 sum  17.9998 diff   0.5912
   19   Ni  MulP   9.2955   8.7046 sum  18.0002 diff   0.5909
   20   Ni  MulP   9.2956   8.7048 sum  18.0004 diff   0.5907
     ..........
     ......

 Sum of MulP: up   =  3188.35509 down          =  2985.64491
              total=  6174.00000 ideal(neutral)=  6174.00000
<DFT>  Total Spin Moment (muB) = 202.710179702176
<DFT>  Mixing_weight= 0.002942422175
<DFT>  Uele   =-9090.381610684939  dUele     =   0.001381341312
<DFT>  NormRD =    0.001953455178  Criterion =   0.000010000000

******************* MD= 1  SCF=82 *******************
<Poisson>  Poisson's equation using FFT...
<Set_Hamiltonian>  Hamiltonian matrix for VNA+dVH+Vxc...
<Band>  Solving the eigenvalue problem...
 KGrids1:  -0.33333   0.00000   0.33333 
 KGrids2:  -0.33333  -0.00000   0.33333 
 KGrids3:  -0.33333   0.00000   0.33334 
<Band_DFT>  Eigen, time=19.937059
<Band_DFT>  DM, time=0.000000
    1   Ni  MulP   9.2955   8.7045 sum  18.0000 diff   0.5910
    2   Ni  MulP   9.2954   8.7043 sum  17.9997 diff   0.5911
    3   Ni  MulP   9.2955   8.7046 sum  18.0001 diff   0.5909
    4   Ni  MulP   9.2955   8.7044 sum  17.9998 diff   0.5911
    5   Ni  MulP   9.2955   8.7046 sum  18.0001 diff   0.5909
    6   Ni  MulP   9.2955   8.7043 sum  17.9998 diff   0.5911
    7   Ni  MulP   9.2955   8.7044 sum  17.9998 diff   0.5911
    8   Ni  MulP   9.2954   8.7041 sum  17.9996 diff   0.5913
    9   Ni  MulP   9.2955   8.7044 sum  17.9999 diff   0.5910
   10   Ni  MulP   9.2954   8.7042 sum  17.9996 diff   0.5912
   11   Ni  MulP   9.2954   8.7043 sum  17.9998 diff   0.5911
   12   Ni  MulP   9.2955   8.7043 sum  17.9998 diff   0.5911
   13   Ni  MulP   9.2954   8.7039 sum  17.9993 diff   0.5915
   14   Ni  MulP   9.2954   8.7040 sum  17.9994 diff   0.5914
   15   Ni  MulP   9.2955   8.7046 sum  18.0001 diff   0.5909
   16   Ni  MulP   9.2955   8.7048 sum  18.0004 diff   0.5907
   17   Ni  MulP   9.2955   8.7047 sum  18.0002 diff   0.5908
   18   Ni  MulP   9.2955   8.7045 sum  18.0000 diff   0.5910
   19   Ni  MulP   9.2955   8.7043 sum  17.9998 diff   0.5911
   20   Ni  MulP   9.2954   8.7042 sum  17.9996 diff   0.5913
     ..........
     ......

 Sum of MulP: up   =  3188.35303 down          =  2985.64697
              total=  6174.00000 ideal(neutral)=  6174.00000
<DFT>  Total Spin Moment (muB) = 202.706057102159
<DFT>  Mixing_weight= 0.002942422175
<DFT>  Uele   =-9090.382681648745  dUele     =   0.001070963806
<DFT>  NormRD =    0.002107788059  Criterion =   0.000010000000

******************* MD= 1  SCF=83 *******************
<Poisson>  Poisson's equation using FFT...
<Set_Hamiltonian>  Hamiltonian matrix for VNA+dVH+Vxc...
<Band>  Solving the eigenvalue problem...
 KGrids1:  -0.33333   0.00000   0.33333 
 KGrids2:  -0.33333  -0.00000   0.33333 
 KGrids3:  -0.33333   0.00000   0.33334 
<Band_DFT>  Eigen, time=57.310474
<Band_DFT>  DM, time=0.000000
    1   Ni  MulP   9.2955   8.7047 sum  18.0002 diff   0.5908
    2   Ni  MulP   9.2955   8.7050 sum  18.0005 diff   0.5905
    3   Ni  MulP   9.2955   8.7049 sum  18.0004 diff   0.5906
    4   Ni  MulP   9.2954   8.7039 sum  17.9993 diff   0.5914
    5   Ni  MulP   9.2954   8.7043 sum  17.9997 diff   0.5911
    6   Ni  MulP   9.2954   8.7041 sum  17.9995 diff   0.5913
    7   Ni  MulP   9.2953   8.7036 sum  17.9989 diff   0.5917
    8   Ni  MulP   9.2955   8.7050 sum  18.0005 diff   0.5905
    9   Ni  MulP   9.2955   8.7049 sum  18.0004 diff   0.5906
   10   Ni  MulP   9.2953   8.7038 sum  17.9992 diff   0.5915
   11   Ni  MulP   9.2953   8.7038 sum  17.9991 diff   0.5915
   12   Ni  MulP   9.2955   8.7044 sum  17.9999 diff   0.5910
   13   Ni  MulP   9.2953   8.7036 sum  17.9989 diff   0.5917
   14   Ni  MulP   9.2954   8.7039 sum  17.9993 diff   0.5914
   15   Ni  MulP   9.2955   8.7049 sum  18.0005 diff   0.5906
   16   Ni  MulP   9.2955   8.7045 sum  18.0000 diff   0.5910
   17   Ni  MulP   9.2955   8.7044 sum  17.9999 diff   0.5910
   18   Ni  MulP   9.2955   8.7047 sum  18.0002 diff   0.5908
   19   Ni  MulP   9.2954   8.7043 sum  17.9998 diff   0.5911
   20   Ni  MulP   9.2954   8.7039 sum  17.9993 diff   0.5914
     ..........
     ......

 Sum of MulP: up   =  3188.34927 down          =  2985.65073
              total=  6174.00000 ideal(neutral)=  6174.00000
<DFT>  Total Spin Moment (muB) = 202.698546602118
<DFT>  Mixing_weight= 0.002942422175
<DFT>  Uele   =-9090.384344473132  dUele     =   0.001662824387
<DFT>  NormRD =    0.005401983347  Criterion =   0.000010000000

******************* MD= 1  SCF=84 *******************
<Poisson>  Poisson's equation using FFT...
<Set_Hamiltonian>  Hamiltonian matrix for VNA+dVH+Vxc...
<Band>  Solving the eigenvalue problem...
 KGrids1:  -0.33333   0.00000   0.33333 
 KGrids2:  -0.33333  -0.00000   0.33333 
 KGrids3:  -0.33333   0.00000   0.33334 
<Band_DFT>  Eigen, time=20.018477
<Band_DFT>  DM, time=0.000000
    1   Ni  MulP   9.2955   8.7045 sum  18.0000 diff   0.5910
    2   Ni  MulP   9.2955   8.7045 sum  17.9999 diff   0.5910
    3   Ni  MulP   9.2955   8.7046 sum  18.0000 diff   0.5909
    4   Ni  MulP   9.2954   8.7044 sum  17.9998 diff   0.5910
    5   Ni  MulP   9.2953   8.7039 sum  17.9993 diff   0.5914
    6   Ni  MulP   9.2955   8.7046 sum  18.0001 diff   0.5909
    7   Ni  MulP   9.2954   8.7043 sum  17.9997 diff   0.5911
    8   Ni  MulP   9.2955   8.7047 sum  18.0002 diff   0.5908
    9   Ni  MulP   9.2955   8.7044 sum  17.9999 diff   0.5910
   10   Ni  MulP   9.2955   8.7049 sum  18.0004 diff   0.5907
   11   Ni  MulP   9.2955   8.7044 sum  17.9998 diff   0.5911
   12   Ni  MulP   9.2955   8.7047 sum  18.0003 diff   0.5908
   13   Ni  MulP   9.2955   8.7047 sum  18.0002 diff   0.5908
   14   Ni  MulP   9.2955   8.7045 sum  18.0000 diff   0.5909
   15   Ni  MulP   9.2954   8.7043 sum  17.9997 diff   0.5911
   16   Ni  MulP   9.2954   8.7042 sum  17.9996 diff   0.5912
   17   Ni  MulP   9.2956   8.7049 sum  18.0005 diff   0.5906
   18   Ni  MulP   9.2955   8.7047 sum  18.0002 diff   0.5908
   19   Ni  MulP   9.2955   8.7045 sum  18.0000 diff   0.5910
   20   Ni  MulP   9.2954   8.7043 sum  17.9998 diff   0.5911
     ..........
     ......

 Sum of MulP: up   =  3188.34678 down          =  2985.65322
              total=  6174.00000 ideal(neutral)=  6174.00000
<DFT>  Total Spin Moment (muB) = 202.693553488517
<DFT>  Mixing_weight= 0.002942422175
<DFT>  Uele   =-9090.385449129062  dUele     =   0.001104655930
<DFT>  NormRD =    0.003558070505  Criterion =   0.000010000000

******************* MD= 1  SCF=85 *******************
<Poisson>  Poisson's equation using FFT...
<Set_Hamiltonian>  Hamiltonian matrix for VNA+dVH+Vxc...
<Band>  Solving the eigenvalue problem...
 KGrids1:  -0.33333   0.00000   0.33333 
 KGrids2:  -0.33333  -0.00000   0.33333 
 KGrids3:  -0.33333   0.00000   0.33334 
<Band_DFT>  Eigen, time=20.025244
<Band_DFT>  DM, time=0.000000
    1   Ni  MulP   9.2955   8.7046 sum  18.0001 diff   0.5909
    2   Ni  MulP   9.2955   8.7048 sum  18.0003 diff   0.5907
    3   Ni  MulP   9.2954   8.7044 sum  17.9999 diff   0.5910
    4   Ni  MulP   9.2955   8.7046 sum  18.0000 diff   0.5909
    5   Ni  MulP   9.2954   8.7044 sum  17.9999 diff   0.5910
    6   Ni  MulP   9.2955   8.7045 sum  18.0000 diff   0.5909
    7   Ni  MulP   9.2954   8.7044 sum  17.9998 diff   0.5911
    8   Ni  MulP   9.2955   8.7047 sum  18.0002 diff   0.5908
    9   Ni  MulP   9.2955   8.7046 sum  18.0000 diff   0.5909
   10   Ni  MulP   9.2955   8.7049 sum  18.0004 diff   0.5906
   11   Ni  MulP   9.2955   8.7046 sum  18.0001 diff   0.5909
   12   Ni  MulP   9.2955   8.7045 sum  18.0000 diff   0.5910
   13   Ni  MulP   9.2955   8.7046 sum  18.0001 diff   0.5909
   14   Ni  MulP   9.2955   8.7047 sum  18.0002 diff   0.5908
   15   Ni  MulP   9.2954   8.7044 sum  17.9999 diff   0.5910
   16   Ni  MulP   9.2954   8.7045 sum  17.9999 diff   0.5910
   17   Ni  MulP   9.2955   8.7048 sum  18.0004 diff   0.5907
   18   Ni  MulP   9.2955   8.7045 sum  17.9999 diff   0.5910
   19   Ni  MulP   9.2955   8.7045 sum  18.0000 diff   0.5910
   20   Ni  MulP   9.2955   8.7046 sum  18.0000 diff   0.5909
     ..........
     ......

 Sum of MulP: up   =  3188.34628 down          =  2985.65372
              total=  6174.00000 ideal(neutral)=  6174.00000
<DFT>  Total Spin Moment (muB) = 202.692561747188
<DFT>  Mixing_weight= 0.002942422175
<DFT>  Uele   =-9090.385434750962  dUele     =   0.000014378100
<DFT>  NormRD =    0.001615437188  Criterion =   0.000010000000

******************* MD= 1  SCF=86 *******************
<Poisson>  Poisson's equation using FFT...
<Set_Hamiltonian>  Hamiltonian matrix for VNA+dVH+Vxc...
<Band>  Solving the eigenvalue problem...
 KGrids1:  -0.33333   0.00000   0.33333 
 KGrids2:  -0.33333  -0.00000   0.33333 
 KGrids3:  -0.33333   0.00000   0.33334 
<Band_DFT>  Eigen, time=94.032454
<Band_DFT>  DM, time=0.000001
    1   Ni  MulP   9.2955   8.7046 sum  18.0001 diff   0.5909
    2   Ni  MulP   9.2955   8.7047 sum  18.0002 diff   0.5908
    3   Ni  MulP   9.2954   8.7043 sum  17.9997 diff   0.5912
    4   Ni  MulP   9.2954   8.7044 sum  17.9998 diff   0.5911
    5   Ni  MulP   9.2954   8.7044 sum  17.9998 diff   0.5911
    6   Ni  MulP   9.2955   8.7044 sum  17.9999 diff   0.5910
    7   Ni  MulP   9.2954   8.7044 sum  17.9998 diff   0.5911
    8   Ni  MulP   9.2955   8.7046 sum  18.0001 diff   0.5909
    9   Ni  MulP   9.2954   8.7043 sum  17.9998 diff   0.5911
   10   Ni  MulP   9.2955   8.7045 sum  18.0000 diff   0.5909
   11   Ni  MulP   9.2955   8.7044 sum  17.9998 diff   0.5911
   12   Ni  MulP   9.2954   8.7043 sum  17.9998 diff   0.5911
   13   Ni  MulP   9.2955   8.7045 sum  18.0000 diff   0.5909
   14   Ni  MulP   9.2955   8.7046 sum  18.0001 diff   0.5909
   15   Ni  MulP   9.2954   8.7044 sum  17.9998 diff   0.5911
   16   Ni  MulP   9.2954   8.7043 sum  17.9997 diff   0.5911
   17   Ni  MulP   9.2955   8.7046 sum  18.0001 diff   0.5909
   18   Ni  MulP   9.2954   8.7043 sum  17.9997 diff   0.5911
   19   Ni  MulP   9.2955   8.7045 sum  18.0000 diff   0.5910
   20   Ni  MulP   9.2955   8.7046 sum  18.0001 diff   0.5909
     ..........
     ......

 Sum of MulP: up   =  3188.34608 down          =  2985.65392
              total=  6174.00000 ideal(neutral)=  6174.00000
<DFT>  Total Spin Moment (muB) = 202.692160326632
<DFT>  Mixing_weight= 0.002942422175
<DFT>  Uele   =-9090.385433491476  dUele     =   0.000001259486
<DFT>  NormRD =    0.001936744581  Criterion =   0.000010000000
<MD= 1>  Force calculation
  Force calculation #1
  Force calculation #2
  Force calculation #3
  Force calculation #4
  Force calculation #5
<MD= 1>  Total Energy
  Force calculation #6
  Force calculation #7

*******************************************************
                  Dipole moment (Debye)                 
*******************************************************

 Absolute D        0.42117150

                      Dx                Dy                Dz
 Total             -0.35141743        0.16395065       -0.16435146
 Core          318058.73027672   318058.73027672   318058.73027672
 Electron     -318059.08169415  -318058.56632606  -318058.89462818
 Back ground       -0.00000000       -0.00000000       -0.00000000

*******************************************************
                Total Energy (Hartree) at MD = 1        
*******************************************************

  Uele  =   -9090.385433491476

  Ukin  =   28854.500035262157
  UH0   = -632065.671911559533
  UH1   =       1.340545903706
  Una   =  -24406.849043252281
  Unl   =   -6163.915052177194
  Uxc0  =   -3332.510144788836
  Uxc1  =   -3134.724861631383
  Ucore =  582718.645066277822
  Uhub  =       0.000000000000
  Ucs   =       0.000000000000
  Uzs   =       0.000000000000
  Uzo   =       0.000000000000
  Uef   =       0.000000000000
  UvdW  =       0.000000000000
  Uch   =       0.000000000000
  Utot  =  -57529.185365965539

  UpV   =       0.000000000000
  Enpy  =  -57529.185365965539
  Note:

  Uele:   band energy
  Ukin:   kinetic energy
  UH0:    electric part of screened Coulomb energy
  UH1:    difference electron-electron Coulomb energy
  Una:    neutral atom potential energy
  Unl:    non-local potential energy
  Uxc0:   exchange-correlation energy for alpha spin
  Uxc1:   exchange-correlation energy for beta spin
  Ucore:  core-core Coulomb energy
  Uhub:   LDA+U energy
  Ucs:    constraint energy for spin orientation
  Uzs:    Zeeman term for spin magnetic moment
  Uzo:    Zeeman term for orbital magnetic moment
  Uef:    electric energy by electric field
  UvdW:   semi-empirical vdW energy 
  Uch:    penalty term to create a core hole
  UpV:    pressure times volume
  Enpy:   Enthalpy = Utot + UpV
  (see also PRB 72, 045121(2005) for the energy contributions)


*******************************************************
           Computational times (s) at MD = 1            
*******************************************************

  DFT in total      = 3178.05490

  Set_OLP_Kin       =    0.67201
  Set_Nonlocal      =    3.27202
  Set_ProExpn_VNA   =    0.00000
  Set_Hamiltonian   =   95.46848
  Poisson           =    0.99023
  diagonalization   = 3006.94271
  Mixing_DM         =    8.28865
  Force             =    2.72189
  Total_Energy      =    1.31299
  Set_Aden_Grid     =    1.11454
  Set_Orbitals_Grid =    0.55755
  Set_Density_Grid  =   53.81171
  RestartFileDFT    =    0.32100
  Mulliken_Charge   =    0.52737
  FFT(2D)_Density   =    0.00000

The SCF was achieved at MD=   1

*******************************************************
             MD or geometry opt. at MD = 1              
*******************************************************


outputting data on grids to files...

Save the scfout file (.//openmx.scfout)

***********************************************************
***********************************************************
               Computational Time (second)                 
***********************************************************
***********************************************************

                               Min_ID   Min_Time       Max_ID   Max_Time
   Total Computational Time =    18     3189.786          0     3191.210
   readfile                 =   228        1.488          0        1.901
   truncation               =   228        7.217        175        7.419
   MD_pac                   =     0        0.020        130        0.087
   OutData                  =   131        0.000          0        0.087
   DFT                      =   175     3177.830          0     3178.055

*** In DFT ***

   Set_OLP_Kin              =   148        0.668        111        1.432
   Set_Nonlocal             =   111        2.513        148        3.277
   Set_ProExpn_VNA          =     0        0.000          0        0.000
   Set_Hamiltonian          =    63       95.425         21       95.469
   Poisson                  =   174        0.938        140        0.991
   Diagonalization          =     0     3006.943        236     3006.994
   Mixing_DM                =    97        8.288        178        8.312
   Force                    =   122        2.722        124        2.722
   Total_Energy             =    29        1.285          0        1.313
   Set_Aden_Grid            =   233        1.092        143        1.122
   Set_Orbitals_Grid        =    69        0.549         87        1.198
   Set_Density_Grid         =   178       53.613         68       54.659
   RestartFileDFT           =   166        0.251         64        0.349
   Mulliken_Charge          =   192        0.527         81        0.531
   FFT(2D)_Density          =     0        0.000          0        0.000
   Others                   =    63        0.530        174        2.262

The calculation was normally finished.
