***********************************************************
***********************************************************

  This calculation was performed by OpenMX Ver. 3.9.9
  using 32 MPI processes and 1 OpenMP threads.

  Sun Jun  1 17:42:45 2025

***********************************************************
***********************************************************

#
# File Name
#

System.CurrrentDirectory         ./    # default=./
System.Name                      openmx
level.of.stdout                   1    # default=1 (1-3)
level.of.fileout                  0    # default=1 (0-2)

#
# Definition of Atomic Species
#

Species.Number       1
<Definition.of.Atomic.Species
 C     C6.0-s2p2d1        C_PBE19
Definition.of.Atomic.Species>

#
# Atoms
#
Atoms.Number     98
Atoms.SpeciesAndCoordinates.Unit   Ang # Ang|AU
<Atoms.SpeciesAndCoordinates
  1   C    0.000000000000    0.000000000000    0.000000000000  2.0  2.0  off
  2   C    0.000000000000    1.420281662206    0.000000000000  2.0  2.0  off
  3   C   -1.230000000000    2.130422493310    0.000000000000  2.0  2.0  off
  4   C   -1.230000000000    3.550704155516    0.000000000000  2.0  2.0  off
  5   C   -2.460000000000    4.260844986620    0.000000000000  2.0  2.0  off
  6   C   -2.460000000000    5.681126648826    0.000000000000  2.0  2.0  off
  7   C   -3.690000000000    6.391267479930    0.000000000000  2.0  2.0  off
  8   C   -3.690000000000    7.811549142136    0.000000000000  2.0  2.0  off
  9   C   -4.920000000000    8.521689973240    0.000000000000  2.0  2.0  off
 10   C   -4.920000000000    9.941971635446    0.000000000000  2.0  2.0  off
 11   C   -6.150000000000   10.652112466550    0.000000000000  2.0  2.0  off
 12   C   -6.150000000000   12.072394128756    0.000000000000  2.0  2.0  off
 13   C   -7.380000000000   12.782534959860    0.000000000000  2.0  2.0  off
 14   C   -7.380000000000   14.202816622066    0.000000000000  2.0  2.0  off
 15   C    2.460000000000    0.000000000000    0.000000000000  2.0  2.0  off
 16   C    2.460000000000    1.420281662206    0.000000000000  2.0  2.0  off
 17   C    1.230000000000    2.130422493310    0.000000000000  2.0  2.0  off
 18   C    1.230000000000    3.550704155516    0.000000000000  2.0  2.0  off
 19   C    0.000000000000    4.260844986620    0.000000000000  2.0  2.0  off
 20   C    0.000000000000    5.681126648826    0.000000000000  2.0  2.0  off
 21   C   -1.230000000000    6.391267479930    0.000000000000  2.0  2.0  off
 22   C   -1.230000000000    7.811549142136    0.000000000000  2.0  2.0  off
 23   C   -2.460000000000    8.521689973240    0.000000000000  2.0  2.0  off
 24   C   -2.460000000000    9.941971635446    0.000000000000  2.0  2.0  off
 25   C   -3.690000000000   10.652112466550    0.000000000000  2.0  2.0  off
 26   C   -3.690000000000   12.072394128756    0.000000000000  2.0  2.0  off
 27   C   -4.920000000000   12.782534959860    0.000000000000  2.0  2.0  off
 28   C   -4.920000000000   14.202816622066    0.000000000000  2.0  2.0  off
 29   C    4.920000000000    0.000000000000    0.000000000000  2.0  2.0  off
 30   C    4.920000000000    1.420281662206    0.000000000000  2.0  2.0  off
 31   C    3.690000000000    2.130422493310    0.000000000000  2.0  2.0  off
 32   C    3.690000000000    3.550704155516    0.000000000000  2.0  2.0  off
 33   C    2.460000000000    4.260844986620    0.000000000000  2.0  2.0  off
 34   C    2.460000000000    5.681126648826    0.000000000000  2.0  2.0  off
 35   C    1.230000000000    6.391267479930    0.000000000000  2.0  2.0  off
 36   C    1.230000000000    7.811549142136    0.000000000000  2.0  2.0  off
 37   C    0.000000000000    8.521689973240    0.000000000000  2.0  2.0  off
 38   C    0.000000000000    9.941971635446    0.000000000000  2.0  2.0  off
 39   C   -1.230000000000   10.652112466550    0.000000000000  2.0  2.0  off
 40   C   -1.230000000000   12.072394128756    0.000000000000  2.0  2.0  off
 41   C   -2.460000000000   12.782534959860    0.000000000000  2.0  2.0  off
 42   C   -2.460000000000   14.202816622066    0.000000000000  2.0  2.0  off
 43   C    7.380000000000    0.000000000000    0.000000000000  2.0  2.0  off
 44   C    7.380000000000    1.420281662206    0.000000000000  2.0  2.0  off
 45   C    6.150000000000    2.130422493310    0.000000000000  2.0  2.0  off
 46   C    6.150000000000    3.550704155516    0.000000000000  2.0  2.0  off
 47   C    4.920000000000    4.260844986620    0.000000000000  2.0  2.0  off
 48   C    4.920000000000    5.681126648826    0.000000000000  2.0  2.0  off
 49   C    3.690000000000    6.391267479930    0.000000000000  2.0  2.0  off
 50   C    3.690000000000    7.811549142136    0.010000000000  2.0  2.0  off
 51   C    2.460000000000    8.521689973240    0.000000000000  2.0  2.0  off
 52   C    2.460000000000    9.941971635446    0.000000000000  2.0  2.0  off
 53   C    1.230000000000   10.652112466550    0.000000000000  2.0  2.0  off
 54   C    1.230000000000   12.072394128756    0.000000000000  2.0  2.0  off
 55   C    0.000000000000   12.782534959860    0.000000000000  2.0  2.0  off
 56   C    0.000000000000   14.202816622066    0.000000000000  2.0  2.0  off
 57   C    9.840000000000    0.000000000000    0.000000000000  2.0  2.0  off
 58   C    9.840000000000    1.420281662206    0.000000000000  2.0  2.0  off
 59   C    8.610000000000    2.130422493310    0.000000000000  2.0  2.0  off
 60   C    8.610000000000    3.550704155516    0.000000000000  2.0  2.0  off
 61   C    7.380000000000    4.260844986620    0.000000000000  2.0  2.0  off
 62   C    7.380000000000    5.681126648826    0.000000000000  2.0  2.0  off
 63   C    6.150000000000    6.391267479930    0.000000000000  2.0  2.0  off
 64   C    6.150000000000    7.811549142136    0.000000000000  2.0  2.0  off
 65   C    4.920000000000    8.521689973240    0.000000000000  2.0  2.0  off
 66   C    4.920000000000    9.941971635446    0.000000000000  2.0  2.0  off
 67   C    3.690000000000   10.652112466550    0.000000000000  2.0  2.0  off
 68   C    3.690000000000   12.072394128756    0.000000000000  2.0  2.0  off
 69   C    2.460000000000   12.782534959860    0.000000000000  2.0  2.0  off
 70   C    2.460000000000   14.202816622066    0.000000000000  2.0  2.0  off
 71   C   12.300000000000    0.000000000000    0.000000000000  2.0  2.0  off
 72   C   12.300000000000    1.420281662206    0.000000000000  2.0  2.0  off
 73   C   11.070000000000    2.130422493310    0.000000000000  2.0  2.0  off
 74   C   11.070000000000    3.550704155516    0.000000000000  2.0  2.0  off
 75   C    9.840000000000    4.260844986620    0.000000000000  2.0  2.0  off
 76   C    9.840000000000    5.681126648826    0.000000000000  2.0  2.0  off
 77   C    8.610000000000    6.391267479930    0.000000000000  2.0  2.0  off
 78   C    8.610000000000    7.811549142136    0.000000000000  2.0  2.0  off
 79   C    7.380000000000    8.521689973240    0.000000000000  2.0  2.0  off
 80   C    7.380000000000    9.941971635446    0.000000000000  2.0  2.0  off
 81   C    6.150000000000   10.652112466550    0.000000000000  2.0  2.0  off
 82   C    6.150000000000   12.072394128756    0.000000000000  2.0  2.0  off
 83   C    4.920000000000   12.782534959860    0.000000000000  2.0  2.0  off
 84   C    4.920000000000   14.202816622066    0.000000000000  2.0  2.0  off
 85   C   14.760000000000    0.000000000000    0.000000000000  2.0  2.0  off
 86   C   14.760000000000    1.420281662206    0.000000000000  2.0  2.0  off
 87   C   13.530000000000    2.130422493310    0.000000000000  2.0  2.0  off
 88   C   13.530000000000    3.550704155516    0.000000000000  2.0  2.0  off
 89   C   12.300000000000    4.260844986620    0.000000000000  2.0  2.0  off
 90   C   12.300000000000    5.681126648826    0.000000000000  2.0  2.0  off
 91   C   11.070000000000    6.391267479930    0.000000000000  2.0  2.0  off
 92   C   11.070000000000    7.811549142136    0.000000000000  2.0  2.0  off
 93   C    9.840000000000    8.521689973240    0.000000000000  2.0  2.0  off
 94   C    9.840000000000    9.941971635446    0.000000000000  2.0  2.0  off
 95   C    8.610000000000   10.652112466550    0.000000000000  2.0  2.0  off
 96   C    8.610000000000   12.072394128756    0.000000000000  2.0  2.0  off
 97   C    7.380000000000   12.782534959860    0.000000000000  2.0  2.0  off
 98   C    7.380000000000   14.202816622066    0.000000000000  2.0  2.0  off
Atoms.SpeciesAndCoordinates>
Atoms.UnitVectors.Unit             Ang # Ang|AU
<Atoms.UnitVectors
   17.220000000000    0.000000000000    0.000000000000
   -8.610000000000   14.912957453170    0.000000000000
    0.000000000000    0.000000000000   12.000000000000
Atoms.UnitVectors>
#
# SCF or Electronic System
#

scf.XcType                 GGA-PBE     # LDA|LSDA-CA|LSDA-PW|GGA-PBE
scf.SpinPolarization        off        # On|Off|NC
scf.ElectronicTemperature  300.0       # default=300 (K)
scf.energycutoff           250.0       # default=150 (Ry)
scf.maxIter                1000        # default=40
scf.EigenvalueSolver       Cluster        # DC|Cluster|Band
scf.Kgrid                  1 1 1       # means n1 x n2 x n3
scf.Mixing.Type           rmm-diis    # Simple|Rmm-Diis|Gr-Pulay|Kerker|Rmm-Diisk
scf.Init.Mixing.Weight     0.30        # default=0.30
scf.Min.Mixing.Weight      0.001       # default=0.001
scf.Max.Mixing.Weight      0.400       # default=0.40
scf.Mixing.History          20         # default=5
scf.Mixing.StartPulay       10         # default=6
scf.criterion             1.0e-9      # default=1.0e-6 (Hartree)
scf.partialCoreCorrection   ON

## 1DFFT ##
1DFFT.NumGridK                    900
1DFFT.NumGridR                    900
1DFFT.EnergyCutoff                3600.0

## Others ##
scf.ProExpn.VNA                   Off

# DFT+U
#scf.Hubbard.U             on
#scf.DFTU.Type             1             # 1:Simplified(Dudarev)|2:General, default=1
#scf.Hubbard.Occupation      dual        # onsite|full|dual
#<Hubbard.U.values                       # eV
#  He  1s 0.0 2s 0.0 1p 0.0
#  Li  1s 0.0 2s 0.0 1p 0.0
#  Ti  1s 0.0 2s 0.0 3s 0.0 1p 0.0 2p 0.0 1d 4.1
#  O   1s 0.0 2s 0.0 1p 0.0 2p 0.0 1d 0.0
#  H   1s 0.0 2s 0.0 1p 0.0
#  C   1s 0.0 2s 0.0 1p 0.0 2p 0.0 1d 0.0
#Hubbard.U.values>

#<Hund.J.values                       # eV
#H0  1s 0.0 2s 0.0 1p 0.0
#H1  1s 0.0 2s 0.0 1p 0.0
#Ti  1s 0.0 2s 0.0 3s 0.0 1p 0.0 2p 0.0 1d 0.0
#O   1s 0.0 2s 0.0 1p 0.0 2p 0.0 1d 0.0
#H   1s 0.0 2s 0.0 1p 0.0
#C   1s 0.0 2s 0.0 1p 0.0 2p 0.0 1d 0.0
#Hund.J.values>

# Output of molecular orbitals
#MO.fileout   ON
#<MO.kpoint
#  0.0 0.0 0.0
#MO.kpoint>

#Dos.fileout  on
#Dos.Erange  -10.0 10.0
#Dos.Kgrid   1 1 1

#Band.dispersion             on        # on|off, default=off
#Band.Nkpath                  3
#<Band.kpath
#100   0.0000000000   0.0000000000   0.0000000000     0.3333333333   0.6666666666   0.0000000000 Γ K
#100   0.3333333333   0.6666666666   0.0000000000     0.5000000000   0.5000000000   0.0000000000 K M
#100   0.5000000000   0.5000000000   0.0000000000     0.0000000000   0.0000000000   0.0000000000 M Γ
#Band.kpath>
#120   0.0000000000   0.0000000000   0.0000000000     0.3333333333   0.3333333333   0.0000000000 Γ K
##80   0.3333333333   0.3333333333   0.0000000000     0.5000000000   0.0000000000   0.0000000000 K M
##120   0.5000000000   0.0000000000   0.0000000000     0.0000000000   0.0000000000   0.0000000000 M Γ

# VDW DFT-D2
#scf.dftD            on         # on|off, default=off
#DFTD.Unit           Ang        # Ang|AU
#DFTD.rcut_dftD      50.0       # default=100 (DFTD.Unit)
#DFTD.d              20.0       # default=20
#DFTD.scale6         0.75       # default=0.75
#DFTD.IntDirection   1 1 1      # default=1 1 1 (1:on 0:off)

#
# MD or Geometry Optimization
#

#<MD.Fixed.Cell.Vectors
# 0 0 0
# 0 0 0
# 1 1 1
#MD.Fixed.Cell.Vectors>

MD.Type                     nomd #OptC2       # Nomd|Opt|NVE|NVT_VS|NVT_NH
                                     # Constraint_Opt|DIIS
#MD.maxIter                    500        # default=1
#MD.TimeStep                 1.0        # default=0.5 (fs)
#MD.Opt.criterion         1.0e-6        # default=1.0e-4 (Hartree/Bohr)

DATA.PATH     /home/huangdq_group/tuyouyou/data/opt/openmx3.9-amd/DFT_DATA19
HS.fileout    On
scf.fixed.grid    -1.104072408827   -0.570337923238  -11.237120610657


***********************************************************
***********************************************************

  Required cutoff energy (Ryd) for 3D-grids = 250.0000
      Used cutoff energy (Ryd) for 3D-grids = 243.5738, 243.5738, 240.7552
  Num. of grids of a-, b-, and c-axes = 140, 140, 112

  Num.Grid1.   140
  Num.Grid2.   140
  Num.Grid3.   112


  Cell_Volume =  20795.754379419846 (Bohr^3)
  GridVol     =      0.009473284612 (Bohr^3)
  Cell vectors (bohr) of the grid cell (gtv)
    gtv_a =  0.232436296595,  0.000000000000,  0.000000000000
    gtv_b = -0.116218148298,  0.201295737613,  0.000000000000
    gtv_c =  0.000000000000,  0.000000000000,  0.202470641633
    |gtv_a| =  0.232436296595
    |gtv_b| =  0.232436296595
    |gtv_c| =  0.202470641633

***********************************************************
***********************************************************


***********************************************************
***********************************************************
                  SCF history at MD= 1                    
***********************************************************
***********************************************************

   SCF=   1  NormRD=  1.000000000000  Uele= -159.188659786155
   SCF=   2  NormRD=  0.507131108223  Uele= -175.798396256265
   SCF=   3  NormRD=  0.192020783072  Uele= -182.202459772942
   SCF=   4  NormRD=  0.071740168354  Uele= -184.643436571130
   SCF=   5  NormRD=  0.025695818581  Uele= -185.539084711395
   SCF=   6  NormRD=  0.104836013939  Uele= -186.298564431783
   SCF=   7  NormRD=  0.117514333999  Uele= -186.856891062835
   SCF=   8  NormRD=  0.115946810143  Uele= -186.842628060132
   SCF=   9  NormRD=  0.057714635410  Uele= -186.312336127668
   SCF=  10  NormRD=  0.027937724420  Uele= -186.063514543687
   SCF=  11  NormRD=  0.013991109675  Uele= -185.960668367688
   SCF=  12  NormRD=  0.000787787704  Uele= -185.893592357090
   SCF=  13  NormRD=  0.000431739642  Uele= -185.888546168239
   SCF=  14  NormRD=  0.000037863221  Uele= -185.888553419857
   SCF=  15  NormRD=  0.000025112524  Uele= -185.888763882083
   SCF=  16  NormRD=  0.000000755366  Uele= -185.888771223000
   SCF=  17  NormRD=  0.000001075660  Uele= -185.888776696754
   SCF=  18  NormRD=  0.000000111185  Uele= -185.888777206233
   SCF=  19  NormRD=  0.000000078755  Uele= -185.888777273683
   SCF=  20  NormRD=  0.000000035381  Uele= -185.888777297681
   SCF=  21  NormRD=  0.000000029744  Uele= -185.888777302456
   SCF=  22  NormRD=  0.000000026997  Uele= -185.888777304030
   SCF=  23  NormRD=  0.000000022747  Uele= -185.888777308250
   SCF=  24  NormRD=  0.000000022762  Uele= -185.888777309141

*******************************************************
        Total energy (Hartree) at MD = 1        
*******************************************************

  Uele.       -185.888777309141

  Ukin.        409.922634067805
  UH0.       -5638.647303891551
  UH1.           1.331782683191
  Una.        -288.503797483978
  Unl.         -52.634531338652
  Uxc0.        -95.138569989214
  Uxc1.        -95.138569989214
  Ucore.      5186.232276011310
  Uhub.          0.000000000000
  Ucs.           0.000000000000
  Uzs.           0.000000000000
  Uzo.           0.000000000000
  Uef.           0.000000000000
  UvdW.          0.000000000000
  Uch.           0.000000000000
  Utot.       -572.576079930302

  UpV.           0.000000000000
  Enpy.       -572.576079930302
  Note:

  Utot = Ukin+UH0+UH1+Una+Unl+Uxc0+Uxc1+Ucore+Uhub+Ucs+Uzs+Uzo+Uef+UvdW+Uch

  Uele:   band energy
  Ukin:   kinetic energy
  UH0:    electric part of screened Coulomb energy
  UH1:    difference electron-electron Coulomb energy
  Una:    neutral atom potential energy
  Unl:    non-local potential energy
  Uxc0:   exchange-correlation energy for alpha spin
  Uxc1:   exchange-correlation energy for beta spin
  Ucore:  core-core Coulomb energy
  Uhub:   LDA+U energy
  Ucs:    constraint energy for spin orientation
  Uzs:    Zeeman term for spin magnetic moment
  Uzo:    Zeeman term for orbital magnetic moment
  Uef:    electric energy by electric field
  UvdW:   semi-empirical vdW energy
  Uch:    penalty term to create a core hole

  UpV:    pressure times volume
  Enpy:   Enthalpy = Utot + UpV
  (see also PRB 72, 045121(2005) for the energy contributions)



  Chemical potential (Hartree)      -0.137199724367

***********************************************************
***********************************************************
            Eigenvalues (Hartree) for SCF KS-eq.           
***********************************************************
***********************************************************

   Chemical Potential (Hartree) =  -0.13719972436746
   Number of States             = 392.00000000000000
   HOMO = 196
   Eigenvalues
                Up-spin            Down-spin
          1  -0.85629524326481  -0.85629524326481
          2  -0.83858638337957  -0.83858638337957
          3  -0.83858615761863  -0.83858615761863
          4  -0.83858477667348  -0.83858477667348
          5  -0.83858473113735  -0.83858473113735
          6  -0.83858462839779  -0.83858462839779
          7  -0.83858364118574  -0.83858364118574
          8  -0.80341945346765  -0.80341945346765
          9  -0.80341939375316  -0.80341939375316
         10  -0.80341926881174  -0.80341926881174
         11  -0.80341880725422  -0.80341880725422
         12  -0.80341680579212  -0.80341680579212
         13  -0.80341640693373  -0.80341640693373
         14  -0.78597142314360  -0.78597142314360
         15  -0.78597133329667  -0.78597133329667
         16  -0.78597039687542  -0.78597039687542
         17  -0.78597033809816  -0.78597033809816
         18  -0.78597018770616  -0.78597018770616
         19  -0.78596951702275  -0.78596951702275
         20  -0.73464055461047  -0.73464055461047
         21  -0.73464049820143  -0.73464049820143
         22  -0.73464025197924  -0.73464025197924
         23  -0.73464021431964  -0.73464021431964
         24  -0.73463933416283  -0.73463933416283
         25  -0.73463917511669  -0.73463917511669
         26  -0.73463901081054  -0.73463901081054
         27  -0.73463882311446  -0.73463882311446
         28  -0.73463767680581  -0.73463767680581
         29  -0.73463766406649  -0.73463766406649
         30  -0.73463714573060  -0.73463714573060
         31  -0.73463663676011  -0.73463663676011
         32  -0.70157360825379  -0.70157360825379
         33  -0.70157351295085  -0.70157351295085
         34  -0.70156808043609  -0.70156808043609
         35  -0.70156802711356  -0.70156802711356
         36  -0.70156777686206  -0.70156777686206
         37  -0.70156755099450  -0.70156755099450
         38  -0.65413770436023  -0.65413770436023
         39  -0.65413749641789  -0.65413749641789
         40  -0.65413731965203  -0.65413731965203
         41  -0.65413722499774  -0.65413722499774
         42  -0.65413049860839  -0.65413049860839
         43  -0.65413042103493  -0.65413042103493
         44  -0.65139346990375  -0.65139346990375
         45  -0.65139306845045  -0.65139306845045
         46  -0.65137059340738  -0.65137059340738
         47  -0.65137056356491  -0.65137056356491
         48  -0.65137027087094  -0.65137027087094
         49  -0.65137002349311  -0.65137002349311
         50  -0.61428186704945  -0.61428186704945
         51  -0.61428186451522  -0.61428186451522
         52  -0.61428132656284  -0.61428132656284
         53  -0.61428091998757  -0.61428091998757
         54  -0.61425484773000  -0.61425484773000
         55  -0.61425410246269  -0.61425410246269
         56  -0.57997964839153  -0.57997964839153
         57  -0.57997955975932  -0.57997955975932
         58  -0.57997936527092  -0.57997936527092
         59  -0.57997886398194  -0.57997886398194
         60  -0.57996978885354  -0.57996978885354
         61  -0.57996930850726  -0.57996930850726
         62  -0.56105469378658  -0.56105469378658
         63  -0.56105465820861  -0.56105465820861
         64  -0.56103392264127  -0.56103392264127
         65  -0.56103379277521  -0.56103379277521
         66  -0.56103354713350  -0.56103354713350
         67  -0.56103340569061  -0.56103340569061
         68  -0.50867856407299  -0.50867856407299
         69  -0.50867852238027  -0.50867852238027
         70  -0.50867826246782  -0.50867826246782
         71  -0.50867785026363  -0.50867785026363
         72  -0.50866964425254  -0.50866964425254
         73  -0.50866962583192  -0.50866962583192
         74  -0.50866950086555  -0.50866950086555
         75  -0.50866870960214  -0.50866870960214
         76  -0.50866542241250  -0.50866542241250
         77  -0.50866539807320  -0.50866539807320
         78  -0.50866532416220  -0.50866532416220
         79  -0.50866423340135  -0.50866423340135
         80  -0.50174164908563  -0.50174164908563
         81  -0.50174163417633  -0.50174163417633
         82  -0.50174092736052  -0.50174092736052
         83  -0.50174053321126  -0.50174053321126
         84  -0.50172778856691  -0.50172778856691
         85  -0.50172741689361  -0.50172741689361
         86  -0.44611038953824  -0.44611038953824
         87  -0.44611022668166  -0.44611022668166
         88  -0.44611005176142  -0.44611005176142
         89  -0.44610944570819  -0.44610944570819
         90  -0.44610267370680  -0.44610267370680
         91  -0.44610208487852  -0.44610208487852
         92  -0.42592608022361  -0.42592608022361
         93  -0.42592553622420  -0.42592553622420
         94  -0.42592503214583  -0.42592503214583
         95  -0.42592492213499  -0.42592492213499
         96  -0.42592428897179  -0.42592428897179
         97  -0.42592387326036  -0.42592387326036
         98  -0.41706345672288  -0.41706345672288
         99  -0.40690987767991  -0.40690987767991
        100  -0.40690971669325  -0.40690971669325
        101  -0.40690968182509  -0.40690968182509
        102  -0.40690951588777  -0.40690951588777
        103  -0.40690944682430  -0.40690944682430
        104  -0.40690943410458  -0.40690943410458
        105  -0.40690874280800  -0.40690874280800
        106  -0.40690825139699  -0.40690825139699
        107  -0.40690197711182  -0.40690197711182
        108  -0.40690183846559  -0.40690183846559
        109  -0.40690146697721  -0.40690146697721
        110  -0.40690094227156  -0.40690094227156
        111  -0.39605937960961  -0.39605937960961
        112  -0.39605914865862  -0.39605914865862
        113  -0.39605842628857  -0.39605842628857
        114  -0.39605835839356  -0.39605835839356
        115  -0.39605830648091  -0.39605830648091
        116  -0.39605772908826  -0.39605772908826
        117  -0.39149840719871  -0.39149840719871
        118  -0.39149824139233  -0.39149824139233
        119  -0.39147788744935  -0.39147788744935
        120  -0.39147748481689  -0.39147748481689
        121  -0.39147722800264  -0.39147722800264
        122  -0.39147685661354  -0.39147685661354
        123  -0.37013013657984  -0.37013013657984
        124  -0.37013013216369  -0.37013013216369
        125  -0.37012978553163  -0.37012978553163
        126  -0.37012935429722  -0.37012935429722
        127  -0.37012823858144  -0.37012823858144
        128  -0.37012762101433  -0.37012762101433
        129  -0.35485657205205  -0.35485657205205
        130  -0.35485626606902  -0.35485626606902
        131  -0.35485607729699  -0.35485607729699
        132  -0.35485543966955  -0.35485543966955
        133  -0.35485338931510  -0.35485338931510
        134  -0.35485261633781  -0.35485261633781
        135  -0.34733802141213  -0.34733802141213
        136  -0.34733797410026  -0.34733797410026
        137  -0.34733758068024  -0.34733758068024
        138  -0.34733702549379  -0.34733702549379
        139  -0.34731879972787  -0.34731879972787
        140  -0.34731825691586  -0.34731825691586
        141  -0.33679379115780  -0.33679379115780
        142  -0.33679183309642  -0.33679183309642
        143  -0.33679150303633  -0.33679150303633
        144  -0.33678950095077  -0.33678950095077
        145  -0.33678907119753  -0.33678907119753
        146  -0.33678904317441  -0.33678904317441
        147  -0.33495775093018  -0.33495775093018
        148  -0.33495615547678  -0.33495615547678
        149  -0.33495384298410  -0.33495384298410
        150  -0.33495318674959  -0.33495318674959
        151  -0.33495113396279  -0.33495113396279
        152  -0.33494931854646  -0.33494931854646
        153  -0.31465289651290  -0.31465289651290
        154  -0.31465286111259  -0.31465286111259
        155  -0.31465267340306  -0.31465267340306
        156  -0.31465201851218  -0.31465201851218
        157  -0.31463997504604  -0.31463997504604
        158  -0.31463942802696  -0.31463942802696
        159  -0.28282479810987  -0.28282479810987
        160  -0.28282237452924  -0.28282237452924
        161  -0.28281494171962  -0.28281494171962
        162  -0.28281253375089  -0.28281253375089
        163  -0.28281162014422  -0.28281162014422
        164  -0.28281159589987  -0.28281159589987
        165  -0.27737772608309  -0.27737772608309
        166  -0.27737746774607  -0.27737746774607
        167  -0.27737742602891  -0.27737742602891
        168  -0.27737601233680  -0.27737601233680
        169  -0.27737379723077  -0.27737379723077
        170  -0.27737349571442  -0.27737349571442
        171  -0.27737271877702  -0.27737271877702
        172  -0.27737082808097  -0.27737082808097
        173  -0.27736873712706  -0.27736873712706
        174  -0.27736865726346  -0.27736865726346
        175  -0.27736733911081  -0.27736733911081
        176  -0.27736429482909  -0.27736429482909
        177  -0.25045231822876  -0.25045231822876
        178  -0.25042853524377  -0.25042853524377
        179  -0.24765588968244  -0.24765588968244
        180  -0.24765433216639  -0.24765433216639
        181  -0.24764279905970  -0.24764279905970
        182  -0.24764275541294  -0.24764275541294
        183  -0.24764180939377  -0.24764180939377
        184  -0.24764033703038  -0.24764033703038
        185  -0.20721828603185  -0.20721828603185
        186  -0.20721807337250  -0.20721807337250
        187  -0.20719837543933  -0.20719837543933
        188  -0.20719829818273  -0.20719829818273
        189  -0.20719811205380  -0.20719811205380
        190  -0.20719773654875  -0.20719773654875
        191  -0.19181844298234  -0.19181844298234
        192  -0.19181816119269  -0.19181816119269
        193  -0.19181788065321  -0.19181788065321
        194  -0.19181776875546  -0.19181776875546
        195  -0.19180373535950  -0.19180373535950
        196  -0.19180338601845  -0.19180338601845
        197  -0.08042809568362  -0.08042809568362
        198  -0.08042718372065  -0.08042718372065
        199  -0.08040677165567  -0.08040677165567
        200  -0.08040521953770  -0.08040521953770
        201  -0.08040520931045  -0.08040520931045
        202  -0.08040511827257  -0.08040511827257
        203  -0.07831852898212  -0.07831852898212
        204  -0.07831681802787  -0.07831681802787
        205  -0.07831671366453  -0.07831671366453
        206  -0.07831670247463  -0.07831670247463
        207  -0.07828459351836  -0.07828459351836
        208  -0.07828369356741  -0.07828369356741
        209  -0.04088365581183  -0.04088365581183
        210  -0.04088145593536  -0.04088145593536
        211  -0.04088115067651  -0.04088115067651
        212  -0.04088110330683  -0.04088110330683
        213  -0.04085429304001  -0.04085429304001
        214  -0.04085309907387  -0.04085309907387
        215   0.01395459716783   0.01395459716783
        216   0.01395993969975   0.01395993969975
        217   0.01396040483572   0.01396040483572
        218   0.01396041429309   0.01396041429309
        219   0.01397084041796   0.01397084041796
        220   0.01397395891880   0.01397395891880
        221   0.01397411323136   0.01397411323136
        222   0.01397439465417   0.01397439465417
        223   0.01398312960333   0.01398312960333
        224   0.01398542448281   0.01398542448281
        225   0.01398574183481   0.01398574183481
        226   0.01398583419521   0.01398583419521
        227   0.10072847085866   0.10072847085866
        228   0.10073690661980   0.10073690661980
        229   0.10073766895396   0.10073766895396
        230   0.10073790877382   0.10073790877382
        231   0.10075253634012   0.10075253634012
        232   0.10075491930755   0.10075491930755
        233   0.14499087727402   0.14499087727402
        234   0.14500166093665   0.14500166093665
        235   0.14500998690405   0.14500998690405
        236   0.14501575095600   0.14501575095600
        237   0.14501643125349   0.14501643125349
        238   0.14501704129463   0.14501704129463
        239   0.14855033188165   0.14855033188165
        240   0.14855061013450   0.14855061013450
        241   0.14855820086550   0.14855820086550
        242   0.14855821384516   0.14855821384516
        243   0.14855849315649   0.14855849315649
        244   0.14855874228218   0.14855874228218
        245   0.16110399961299   0.16110399961299
        246   0.16110430864782   0.16110430864782
        247   0.16112265457983   0.16112265457983
        248   0.16112286193226   0.16112286193226
        249   0.16112322307678   0.16112322307678
        250   0.16112348649066   0.16112348649066
        251   0.17141150313960   0.17141150313960
        252   0.17148277043456   0.17148277043456
        253   0.17481028272928   0.17481028272928
        254   0.17481057880326   0.17481057880326
        255   0.17484973580606   0.17484973580606
        256   0.17484983675031   0.17484983675031
        257   0.17485011735254   0.17485011735254
        258   0.17485040809972   0.17485040809972
        259   0.21587428558450   0.21587428558450
        260   0.21587432255553   0.21587432255553
        261   0.21587469538753   0.21587469538753
        262   0.21587479551610   0.21587479551610
        263   0.21593771453189   0.21593771453189
        264   0.21593784906685   0.21593784906685
        265   0.21692673534036   0.21692673534036
        266   0.21692681457793   0.21692681457793
        267   0.21692694078739   0.21692694078739
        268   0.21692699736813   0.21692699736813
        269   0.21692991986598   0.21692991986598
        270   0.21693003119059   0.21693003119059
        271   0.22376787401761   0.22376787401761
        272   0.22376792971359   0.22376792971359
        273   0.22376814224225   0.22376814224225
        274   0.22376832645271   0.22376832645271
        275   0.22377040609846   0.22377040609846
        276   0.22377066929840   0.22377066929840
        277   0.22377093116084   0.22377093116084
        278   0.22377098542185   0.22377098542185
        279   0.22378344108669   0.22378344108669
        280   0.22378373852063   0.22378373852063
        281   0.22378376617832   0.22378376617832
        282   0.22378399620478   0.22378399620478
        283   0.23715577901213   0.23715577901213
        284   0.23719387066994   0.23719387066994
        285   0.23719423177363   0.23719423177363
        286   0.23719441737421   0.23719441737421
        287   0.23719861635138   0.23719861635138
        288   0.23720013085376   0.23720013085376
        289   0.24337527586464   0.24337527586464
        290   0.24337528472882   0.24337528472882
        291   0.24337546905759   0.24337546905759
        292   0.24337557844825   0.24337557844825
        293   0.24341332947597   0.24341332947597
        294   0.24341357049446   0.24341357049446
        295   0.28160521506955   0.28160521506955
        296   0.28160596089250   0.28160596089250
        297   0.28166758333716   0.28166758333716
        298   0.28166765466434   0.28166765466434
        299   0.28166835635666   0.28166835635666
        300   0.28166843462267   0.28166843462267
        301   0.28881081915861   0.28881081915861
        302   0.29527086476739   0.29527086476739
        303   0.29602259156990   0.29602259156990
        304   0.29602282781206   0.29602282781206
        305   0.29602335429762   0.29602335429762
        306   0.29604177790731   0.29604177790731
        307   0.29605274208849   0.29605274208849
        308   0.29626244925920   0.29626244925920
        309   0.33706378050475   0.33706378050475
        310   0.34061615981056   0.34061615981056
        311   0.34061832542331   0.34061832542331
        312   0.34066285548299   0.34066285548299
        313   0.34066324643796   0.34066324643796
        314   0.34066356263230   0.34066356263230
        315   0.34066909471672   0.34066909471672
        316   0.34374364061075   0.34374364061075
        317   0.35703453241108   0.35703453241108
        318   0.35703690102055   0.35703690102055
        319   0.35703696956448   0.35703696956448
        320   0.35703714052752   0.35703714052752
        321   0.35703848327535   0.35703848327535
        322   0.35703875903864   0.35703875903864
        323   0.36139655042761   0.36139655042761
        324   0.36139702983928   0.36139702983928
        325   0.36139783355758   0.36139783355758
        326   0.36140169735018   0.36140169735018
        327   0.36142641676247   0.36142641676247
        328   0.36142926167609   0.36142926167609
        329   0.36243673067810   0.36243673067810
        330   0.36243725551761   0.36243725551761
        331   0.36248531815745   0.36248531815745
        332   0.36248573221338   0.36248573221338
        333   0.36248603033015   0.36248603033015
        334   0.36248756842257   0.36248756842257
        335   0.36477200522773   0.36477200522773
        336   0.36477230757492   0.36477230757492
        337   0.36477307159159   0.36477307159159
        338   0.36477407444163   0.36477407444163
        339   0.36482272506270   0.36482272506270
        340   0.36482388948463   0.36482388948463
        341   0.37184942079398   0.37184942079398
        342   0.37185082103720   0.37185082103720
        343   0.37185114663655   0.37185114663655
        344   0.37185136093330   0.37185136093330
        345   0.37185519668347   0.37185519668347
        346   0.37185599394179   0.37185599394179
        347   0.38375387345052   0.38375387345052
        348   0.38375403292222   0.38375403292222
        349   0.38375786821946   0.38375786821946
        350   0.38375795151292   0.38375795151292
        351   0.38375868986573   0.38375868986573
        352   0.38375912091865   0.38375912091865
        353   0.38590599168520   0.38590599168520
        354   0.38590656670737   0.38590656670737
        355   0.38590690784164   0.38590690784164
        356   0.38590848833205   0.38590848833205
        357   0.38591185964929   0.38591185964929
        358   0.38591308993075   0.38591308993075
        359   0.38591341779759   0.38591341779759
        360   0.38591532645486   0.38591532645486
        361   0.38592724595289   0.38592724595289
        362   0.38592762680286   0.38592762680286
        363   0.38592786034754   0.38592786034754
        364   0.38593051580555   0.38593051580555
        365   0.40254997448505   0.40254997448505
        366   0.40255030804585   0.40255030804585
        367   0.40255071612574   0.40255071612574
        368   0.40255192371240   0.40255192371240
        369   0.40255800312242   0.40255800312242
        370   0.40255932211618   0.40255932211618
        371   0.40809407105457   0.40809407105457
        372   0.40809427842268   0.40809427842268
        373   0.40809914619438   0.40809914619438
        374   0.40809935841699   0.40809935841699
        375   0.40809940964917   0.40809940964917
        376   0.40809968157598   0.40809968157598
        377   0.43891878369666   0.43891878369666
        378   0.43891924000055   0.43891924000055
        379   0.43891943755634   0.43891943755634
        380   0.43892045035011   0.43892045035011
        381   0.43893146958001   0.43893146958001
        382   0.43893233177626   0.43893233177626
        383   0.43893265285005   0.43893265285005
        384   0.43893310541108   0.43893310541108
        385   0.43893395668774   0.43893395668774
        386   0.43893462234695   0.43893462234695
        387   0.43893478870383   0.43893478870383
        388   0.43893691530528   0.43893691530528
        389   0.44421675810908   0.44421675810908
        390   0.44421779129930   0.44421779129930
        391   0.44421857337803   0.44421857337803
        392   0.44421868520624   0.44421868520624
        393   0.44422348255690   0.44422348255690
        394   0.44422348386704   0.44422348386704
        395   0.44422457986744   0.44422457986744
        396   0.44422518948922   0.44422518948922
        397   0.44422715082917   0.44422715082917
        398   0.44422754919067   0.44422754919067
        399   0.44422816990032   0.44422816990032
        400   0.44422904876412   0.44422904876412
        401   0.45705248477088   0.45705248477088
        402   0.45705361526802   0.45705361526802
        403   0.45705614232771   0.45705614232771
        404   0.45705645725678   0.45705645725678
        405   0.45705688461694   0.45705688461694
        406   0.45706075401512   0.45706075401512
        407   0.46330329561961   0.46330329561961
        408   0.46330398202327   0.46330398202327
        409   0.46330529415903   0.46330529415903
        410   0.46330569778028   0.46330569778028
        411   0.46330945437406   0.46330945437406
        412   0.46331115320448   0.46331115320448
        413   0.46620042736975   0.46620042736975
        414   0.46620087678940   0.46620087678940
        415   0.46620131486174   0.46620131486174
        416   0.46620384948024   0.46620384948024
        417   0.46622359316171   0.46622359316171
        418   0.46622530780875   0.46622530780875
        419   0.46900346281540   0.46900346281540
        420   0.46900410490506   0.46900410490506
        421   0.46901853747302   0.46901853747302
        422   0.46901951497099   0.46901951497099
        423   0.46902149796022   0.46902149796022
        424   0.46902182662092   0.46902182662092
        425   0.47728772171746   0.47728772171746
        426   0.47728818170780   0.47728818170780
        427   0.47728835153504   0.47728835153504
        428   0.47728875451405   0.47728875451405
        429   0.47728996452863   0.47728996452863
        430   0.47729060865954   0.47729060865954
        431   0.49037809037843   0.49037809037843
        432   0.49037888929441   0.49037888929441
        433   0.49037963717065   0.49037963717065
        434   0.49038038751617   0.49038038751617
        435   0.49038689435894   0.49038689435894
        436   0.49038837920544   0.49038837920544
        437   0.50580781077913   0.50580781077913
        438   0.50580843784137   0.50580843784137
        439   0.50583088105712   0.50583088105712
        440   0.50583110032535   0.50583110032535
        441   0.50583166002048   0.50583166002048
        442   0.50583248088857   0.50583248088857
        443   0.50713621743532   0.50713621743532
        444   0.50713710467537   0.50713710467537
        445   0.50714482670697   0.50714482670697
        446   0.50714509533883   0.50714509533883
        447   0.50714707317985   0.50714707317985
        448   0.50714730943886   0.50714730943886
        449   0.51960045329828   0.51960045329828
        450   0.51960113697765   0.51960113697765
        451   0.51962110409991   0.51962110409991
        452   0.51963252760684   0.51963252760684
        453   0.51963288568006   0.51963288568006
        454   0.51963984779743   0.51963984779743
        455   0.51989984084878   0.51989984084878
        456   0.51990641625608   0.51990641625608
        457   0.51991278613268   0.51991278613268
        458   0.51992402492015   0.51992402492015
        459   0.51993590598146   0.51993590598146
        460   0.51994168423197   0.51994168423197
        461   0.57677393680088   0.57677393680088
        462   0.57677656870327   0.57677656870327
        463   0.57682917680216   0.57682917680216
        464   0.57683210132004   0.57683210132004
        465   0.57683314108318   0.57683314108318
        466   0.57683320982986   0.57683320982986
        467   0.60712772801441   0.60712772801441
        468   0.60712956122157   0.60712956122157
        469   0.60713536526221   0.60713536526221
        470   0.60713542440211   0.60713542440211
        471   0.60714184940686   0.60714184940686
        472   0.60714521952399   0.60714521952399
        473   0.60714677275834   0.60714677275834
        474   0.60714695186705   0.60714695186705
        475   0.60715074193957   0.60715074193957
        476   0.60715177719427   0.60715177719427
        477   0.60715351114720   0.60715351114720
        478   0.60715389400724   0.60715389400724
        479   0.60951820675856   0.60951820675856
        480   0.60951873791498   0.60951873791498
        481   0.60951980558680   0.60951980558680
        482   0.60951984631566   0.60951984631566
        483   0.60952031534190   0.60952031534190
        484   0.60952047267230   0.60952047267230
        485   0.65325736524232   0.65325736524232
        486   0.65325768991844   0.65325768991844
        487   0.65326243959447   0.65326243959447
        488   0.65326270170327   0.65326270170327
        489   0.65326322425349   0.65326322425349
        490   0.65326332270038   0.65326332270038
        491   0.66239469113665   0.66239469113665
        492   0.66240243504420   0.66240243504420
        493   0.66240328458562   0.66240328458562
        494   0.66240707433398   0.66240707433398
        495   0.66241281018560   0.66241281018560
        496   0.66241292623256   0.66241292623256
        497   0.66470951758370   0.66470951758370
        498   0.66470983352927   0.66470983352927
        499   0.66473055592069   0.66473055592069
        500   0.66473121470705   0.66473121470705
        501   0.66473204303754   0.66473204303754
        502   0.66473254083231   0.66473254083231
        503   0.70147416526198   0.70147416526198
        504   0.70147542660922   0.70147542660922
        505   0.70147548366871   0.70147548366871
        506   0.70147627450104   0.70147627450104
        507   0.70147741182883   0.70147741182883
        508   0.70147812679189   0.70147812679189
        509   0.70147860032300   0.70147860032300
        510   0.70147981591237   0.70147981591237
        511   0.70149368481049   0.70149368481049
        512   0.70149389939731   0.70149389939731
        513   0.70149425306248   0.70149425306248
        514   0.70149575713336   0.70149575713336
        515   0.74336159037963   0.74336159037963
        516   0.74336332306841   0.74336332306841
        517   0.74338770708717   0.74338770708717
        518   0.74338924861509   0.74338924861509
        519   0.74339270936062   0.74339270936062
        520   0.74339276727560   0.74339276727560
        521   0.77609963093119   0.77609963093119
        522   0.77610291395788   0.77610291395788
        523   0.77610304172123   0.77610304172123
        524   0.77610348028565   0.77610348028565
        525   0.77612181363200   0.77612181363200
        526   0.77612332540216   0.77612332540216
        527   0.77863680915201   0.77863680915201
        528   0.77863721180557   0.77863721180557
        529   0.77864578206276   0.77864578206276
        530   0.77864680883892   0.77864680883892
        531   0.77864700628059   0.77864700628059
        532   0.77864840956634   0.77864840956634
        533   0.79516921134795   0.79516921134795
        534   0.79517419157932   0.79517419157932
        535   0.79518152950000   0.79518152950000
        536   0.79518647076747   0.79518647076747
        537   0.79518812016937   0.79518812016937
        538   0.79518813545817   0.79518813545817
        539   0.81708850562868   0.81708850562868
        540   0.81709254430015   0.81709254430015
        541   0.81711439050679   0.81711439050679
        542   0.81711532360138   0.81711532360138
        543   0.81713522036267   0.81713522036267
        544   0.81714037569174   0.81714037569174
        545   0.82148739381426   0.82148739381426
        546   0.82149536267510   0.82149536267510
        547   0.82149704182864   0.82149704182864
        548   0.82149725322307   0.82149725322307
        549   0.82151595680475   0.82151595680475
        550   0.82151666431341   0.82151666431341
        551   0.84940060460249   0.84940060460249
        552   0.84941487756666   0.84941487756666
        553   0.84942724504634   0.84942724504634
        554   0.84944161731305   0.84944161731305
        555   0.84944571543630   0.84944571543630
        556   0.84944584064899   0.84944584064899
        557   0.86185518048567   0.86185518048567
        558   0.86186003684569   0.86186003684569
        559   0.86187200822683   0.86187200822683
        560   0.86187253900980   0.86187253900980
        561   0.86187948068457   0.86187948068457
        562   0.86188556058560   0.86188556058560
        563   0.87192038977631   0.87192038977631
        564   0.87192688682771   0.87192688682771
        565   0.87193626885269   0.87193626885269
        566   0.87193962724669   0.87193962724669
        567   0.87193986756181   0.87193986756181
        568   0.87194247998576   0.87194247998576
        569   0.87560856362957   0.87560856362957
        570   0.87561805476259   0.87561805476259
        571   0.87561817833768   0.87561817833768
        572   0.87562048972058   0.87562048972058
        573   0.87562691354634   0.87562691354634
        574   0.87563295580950   0.87563295580950
        575   0.87563353989095   0.87563353989095
        576   0.87563461574504   0.87563461574504
        577   0.87564516116576   0.87564516116576
        578   0.87564643424891   0.87564643424891
        579   0.87564880751241   0.87564880751241
        580   0.87564943262112   0.87564943262112
        581   0.89209099350112   0.89209099350112
        582   0.89209994504967   0.89209994504967
        583   0.89210125755515   0.89210125755515
        584   0.89211327947249   0.89211327947249
        585   0.89211410390601   0.89211410390601
        586   0.89211472721470   0.89211472721470
        587   0.90156047084465   0.90156047084465
        588   0.90156488824655   0.90156488824655
        589   0.90156669269419   0.90156669269419
        590   0.90156842870981   0.90156842870981
        591   0.90158297133596   0.90158297133596
        592   0.90158529183830   0.90158529183830
        593   0.90779311321889   0.90779311321889
        594   0.90781748451326   0.90781748451326
        595   0.90781787898580   0.90781787898580
        596   0.90782034177680   0.90782034177680

***********************************************************
***********************************************************
                   Mulliken populations                    
***********************************************************
***********************************************************

  Total spin moment (muB)   0.000000000

                    Up spin      Down spin     Sum           Diff
      1    C      1.999999976  1.999999976   3.999999953   0.000000000
      2    C      1.999999990  1.999999990   3.999999980   0.000000000
      3    C      2.000000007  2.000000007   4.000000014   0.000000000
      4    C      2.000000002  2.000000002   4.000000004   0.000000000
      5    C      1.999999915  1.999999915   3.999999831   0.000000000
      6    C      2.000000001  2.000000001   4.000000003   0.000000000
      7    C      2.000000008  2.000000008   4.000000015   0.000000000
      8    C      1.999999992  1.999999992   3.999999984   0.000000000
      9    C      1.999999974  1.999999974   3.999999948   0.000000000
     10    C      1.999999991  1.999999991   3.999999982   0.000000000
     11    C      1.999999996  1.999999996   3.999999992   0.000000000
     12    C      2.000000013  2.000000013   4.000000026   0.000000000
     13    C      1.999999998  1.999999998   3.999999995   0.000000000
     14    C      1.999999989  1.999999989   3.999999978   0.000000000
     15    C      1.999999995  1.999999995   3.999999991   0.000000000
     16    C      2.000000005  2.000000005   4.000000009   0.000000000
     17    C      1.999999997  1.999999997   3.999999995   0.000000000
     18    C      1.999999950  1.999999950   3.999999901   0.000000000
     19    C      1.999999910  1.999999910   3.999999821   0.000000000
     20    C      1.999999684  1.999999684   3.999999368   0.000000000
     21    C      1.999999913  1.999999913   3.999999826   0.000000000
     22    C      1.999999955  1.999999955   3.999999911   0.000000000
     23    C      1.999999998  1.999999998   3.999999997   0.000000000
     24    C      2.000000006  2.000000006   4.000000012   0.000000000
     25    C      1.999999995  1.999999995   3.999999990   0.000000000
     26    C      2.000000013  2.000000013   4.000000027   0.000000000
     27    C      1.999999979  1.999999979   3.999999958   0.000000000
     28    C      2.000000013  2.000000013   4.000000026   0.000000000
     29    C      1.999999998  1.999999998   3.999999995   0.000000000
     30    C      2.000000005  2.000000005   4.000000011   0.000000000
     31    C      1.999999889  1.999999889   3.999999777   0.000000000
     32    C      1.999999734  1.999999734   3.999999468   0.000000000
     33    C      2.000000243  2.000000243   4.000000486   0.000000000
     34    C      1.999999796  1.999999796   3.999999592   0.000000000
     35    C      1.999999537  1.999999537   3.999999074   0.000000000
     36    C      1.999999802  1.999999802   3.999999604   0.000000000
     37    C      2.000000272  2.000000272   4.000000544   0.000000000
     38    C      1.999999752  1.999999752   3.999999503   0.000000000
     39    C      1.999999887  1.999999887   3.999999773   0.000000000
     40    C      2.000000007  2.000000007   4.000000015   0.000000000
     41    C      1.999999995  1.999999995   3.999999991   0.000000000
     42    C      1.999999989  1.999999989   3.999999978   0.000000000
     43    C      1.999999975  1.999999975   3.999999949   0.000000000
     44    C      1.999999992  1.999999992   3.999999984   0.000000000
     45    C      1.999999996  1.999999996   3.999999992   0.000000000
     46    C      1.999999951  1.999999951   3.999999903   0.000000000
     47    C      2.000000227  2.000000227   4.000000454   0.000000000
     48    C      1.999999691  1.999999691   3.999999383   0.000000000
     49    C      1.999994489  1.999994489   3.999988978   0.000000000
     50    C      2.000020522  2.000020522   4.000041043   0.000000000
     51    C      1.999994890  1.999994890   3.999989780   0.000000000
     52    C      1.999999802  1.999999802   3.999999605   0.000000000
     53    C      2.000000272  2.000000272   4.000000544   0.000000000
     54    C      1.999999957  1.999999957   3.999999914   0.000000000
     55    C      1.999999998  1.999999998   3.999999996   0.000000000
     56    C      1.999999992  1.999999992   3.999999983   0.000000000
     57    C      2.000000007  2.000000007   4.000000013   0.000000000
     58    C      2.000000003  2.000000003   4.000000005   0.000000000
     59    C      2.000000008  2.000000008   4.000000016   0.000000000
     60    C      2.000000002  2.000000002   4.000000005   0.000000000
     61    C      1.999999910  1.999999910   3.999999821   0.000000000
     62    C      1.999999738  1.999999738   3.999999477   0.000000000
     63    C      1.999999626  1.999999626   3.999999252   0.000000000
     64    C      1.999999707  1.999999707   3.999999414   0.000000000
     65    C      1.999994546  1.999994546   3.999989092   0.000000000
     66    C      1.999999805  1.999999805   3.999999610   0.000000000
     67    C      1.999999537  1.999999537   3.999999074   0.000000000
     68    C      1.999999683  1.999999683   3.999999366   0.000000000
     69    C      1.999999911  1.999999911   3.999999822   0.000000000
     70    C      2.000000002  2.000000002   4.000000004   0.000000000
     71    C      1.999999915  1.999999915   3.999999830   0.000000000
     72    C      1.999999992  1.999999992   3.999999985   0.000000000
     73    C      1.999999985  1.999999985   3.999999969   0.000000000
     74    C      1.999999992  1.999999992   3.999999984   0.000000000
     75    C      1.999999912  1.999999912   3.999999825   0.000000000
     76    C      2.000000002  2.000000002   4.000000004   0.000000000
     77    C      1.999999912  1.999999912   3.999999824   0.000000000
     78    C      1.999999949  1.999999949   3.999999898   0.000000000
     79    C      2.000000229  2.000000229   4.000000458   0.000000000
     80    C      1.999999731  1.999999731   3.999999463   0.000000000
     81    C      2.000000245  2.000000245   4.000000490   0.000000000
     82    C      1.999999949  1.999999949   3.999999899   0.000000000
     83    C      1.999999912  1.999999912   3.999999823   0.000000000
     84    C      2.000000001  2.000000001   4.000000002   0.000000000
     85    C      2.000000005  2.000000005   4.000000010   0.000000000
     86    C      2.000000005  2.000000005   4.000000010   0.000000000
     87    C      1.999999984  1.999999984   3.999999969   0.000000000
     88    C      1.999999993  1.999999993   3.999999986   0.000000000
     89    C      1.999999984  1.999999984   3.999999968   0.000000000
     90    C      2.000000005  2.000000005   4.000000009   0.000000000
     91    C      2.000000006  2.000000006   4.000000012   0.000000000
     92    C      1.999999992  1.999999992   3.999999983   0.000000000
     93    C      1.999999998  1.999999998   3.999999996   0.000000000
     94    C      2.000000005  2.000000005   4.000000010   0.000000000
     95    C      1.999999888  1.999999888   3.999999775   0.000000000
     96    C      2.000000007  2.000000007   4.000000015   0.000000000
     97    C      1.999999996  1.999999996   3.999999991   0.000000000
     98    C      1.999999992  1.999999992   3.999999985   0.000000000

 Sum of MulP: up   =   196.00000 down          =   196.00000
              total=   392.00000 ideal(neutral)=   392.00000


  Decomposed Mulliken populations

    1    C          Up spin      Down spin     Sum           Diff
            multiple
  s           0    0.544029476  0.544029476   1.088058953   0.000000000
   sum over m      0.544029476  0.544029476   1.088058953   0.000000000
  s           1    0.014838278  0.014838278   0.029676557   0.000000000
   sum over m      0.014838278  0.014838278   0.029676557   0.000000000
   sum over m+mul  0.558867755  0.558867755   1.117735509   0.000000000
  px          0    0.420486884  0.420486884   0.840973769   0.000000000
  py          0    0.420559296  0.420559296   0.841118592   0.000000000
  pz          0    0.490419996  0.490419996   0.980839992   0.000000000
   sum over m      1.331466177  1.331466177   2.662932353   0.000000000
  px          1    0.029702736  0.029702736   0.059405472   0.000000000
  py          1    0.029760621  0.029760621   0.059521241   0.000000000
  pz          1   -0.009768909 -0.009768909  -0.019537817   0.000000000
   sum over m      0.049694448  0.049694448   0.099388896   0.000000000
   sum over m+mul  1.381160625  1.381160625   2.762321249   0.000000000
  d3z^2-r^2   0    0.002825647  0.002825647   0.005651294   0.000000000
  dx^2-y^2    0    0.018897747  0.018897747   0.037795494   0.000000000
  dxy         0    0.018899366  0.018899366   0.037798731   0.000000000
  dxz         0    0.009673848  0.009673848   0.019347696   0.000000000
  dyz         0    0.009674990  0.009674990   0.019349979   0.000000000
   sum over m      0.059971597  0.059971597   0.119943194   0.000000000
   sum over m+mul  0.059971597  0.059971597   0.119943194   0.000000000

    2    C          Up spin      Down spin     Sum           Diff
            multiple
  s           0    0.544029451  0.544029451   1.088058902   0.000000000
   sum over m      0.544029451  0.544029451   1.088058902   0.000000000
  s           1    0.014838278  0.014838278   0.029676556   0.000000000
   sum over m      0.014838278  0.014838278   0.029676556   0.000000000
   sum over m+mul  0.558867729  0.558867729   1.117735458   0.000000000
  px          0    0.420486873  0.420486873   0.840973745   0.000000000
  py          0    0.420559287  0.420559287   0.841118574   0.000000000
  pz          0    0.490420066  0.490420066   0.980840132   0.000000000
   sum over m      1.331466226  1.331466226   2.662932451   0.000000000
  px          1    0.029702731  0.029702731   0.059405463   0.000000000
  py          1    0.029760615  0.029760615   0.059521230   0.000000000
  pz          1   -0.009768905 -0.009768905  -0.019537810   0.000000000
   sum over m      0.049694442  0.049694442   0.099388883   0.000000000
   sum over m+mul  1.381160667  1.381160667   2.762321334   0.000000000
  d3z^2-r^2   0    0.002825647  0.002825647   0.005651294   0.000000000
  dx^2-y^2    0    0.018897746  0.018897746   0.037795492   0.000000000
  dxy         0    0.018899366  0.018899366   0.037798731   0.000000000
  dxz         0    0.009673848  0.009673848   0.019347696   0.000000000
  dyz         0    0.009674987  0.009674987   0.019349974   0.000000000
   sum over m      0.059971594  0.059971594   0.119943188   0.000000000
   sum over m+mul  0.059971594  0.059971594   0.119943188   0.000000000

    3    C          Up spin      Down spin     Sum           Diff
            multiple
  s           0    0.544029445  0.544029445   1.088058890   0.000000000
   sum over m      0.544029445  0.544029445   1.088058890   0.000000000
  s           1    0.014838280  0.014838280   0.029676560   0.000000000
   sum over m      0.014838280  0.014838280   0.029676560   0.000000000
   sum over m+mul  0.558867725  0.558867725   1.117735450   0.000000000
  px          0    0.420486877  0.420486877   0.840973754   0.000000000
  py          0    0.420559277  0.420559277   0.841118553   0.000000000
  pz          0    0.490420091  0.490420091   0.980840183   0.000000000
   sum over m      1.331466245  1.331466245   2.662932491   0.000000000
  px          1    0.029702732  0.029702732   0.059405465   0.000000000
  py          1    0.029760616  0.029760616   0.059521232   0.000000000
  pz          1   -0.009768905 -0.009768905  -0.019537810   0.000000000
   sum over m      0.049694443  0.049694443   0.099388887   0.000000000
   sum over m+mul  1.381160689  1.381160689   2.762321377   0.000000000
  d3z^2-r^2   0    0.002825647  0.002825647   0.005651294   0.000000000
  dx^2-y^2    0    0.018897746  0.018897746   0.037795493   0.000000000
  dxy         0    0.018899362  0.018899362   0.037798724   0.000000000
  dxz         0    0.009673848  0.009673848   0.019347696   0.000000000
  dyz         0    0.009674990  0.009674990   0.019349981   0.000000000
   sum over m      0.059971594  0.059971594   0.119943187   0.000000000
   sum over m+mul  0.059971594  0.059971594   0.119943187   0.000000000

    4    C          Up spin      Down spin     Sum           Diff
            multiple
  s           0    0.544029418  0.544029418   1.088058835   0.000000000
   sum over m      0.544029418  0.544029418   1.088058835   0.000000000
  s           1    0.014838277  0.014838277   0.029676553   0.000000000
   sum over m      0.014838277  0.014838277   0.029676553   0.000000000
   sum over m+mul  0.558867694  0.558867694   1.117735388   0.000000000
  px          0    0.420486825  0.420486825   0.840973650   0.000000000
  py          0    0.420559298  0.420559298   0.841118597   0.000000000
  pz          0    0.490420155  0.490420155   0.980840309   0.000000000
   sum over m      1.331466278  1.331466278   2.662932557   0.000000000
  px          1    0.029702734  0.029702734   0.059405468   0.000000000
  py          1    0.029760618  0.029760618   0.059521236   0.000000000
  pz          1   -0.009768903 -0.009768903  -0.019537807   0.000000000
   sum over m      0.049694449  0.049694449   0.099388897   0.000000000
   sum over m+mul  1.381160727  1.381160727   2.762321454   0.000000000
  d3z^2-r^2   0    0.002825647  0.002825647   0.005651294   0.000000000
  dx^2-y^2    0    0.018897745  0.018897745   0.037795489   0.000000000
  dxy         0    0.018899369  0.018899369   0.037798738   0.000000000
  dxz         0    0.009673826  0.009673826   0.019347652   0.000000000
  dyz         0    0.009674994  0.009674994   0.019349989   0.000000000
   sum over m      0.059971581  0.059971581   0.119943163   0.000000000
   sum over m+mul  0.059971581  0.059971581   0.119943163   0.000000000

    5    C          Up spin      Down spin     Sum           Diff
            multiple
  s           0    0.544029530  0.544029530   1.088059060   0.000000000
   sum over m      0.544029530  0.544029530   1.088059060   0.000000000
  s           1    0.014838278  0.014838278   0.029676556   0.000000000
   sum over m      0.014838278  0.014838278   0.029676556   0.000000000
   sum over m+mul  0.558867808  0.558867808   1.117735616   0.000000000
  px          0    0.420486913  0.420486913   0.840973826   0.000000000
  py          0    0.420559334  0.420559334   0.841118669   0.000000000
  pz          0    0.490419787  0.490419787   0.980839575   0.000000000
   sum over m      1.331466035  1.331466035   2.662932069   0.000000000
  px          1    0.029702743  0.029702743   0.059405486   0.000000000
  py          1    0.029760628  0.029760628   0.059521255   0.000000000
  pz          1   -0.009768910 -0.009768910  -0.019537820   0.000000000
   sum over m      0.049694461  0.049694461   0.099388921   0.000000000
   sum over m+mul  1.381160495  1.381160495   2.762320991   0.000000000
  d3z^2-r^2   0    0.002825647  0.002825647   0.005651294   0.000000000
  dx^2-y^2    0    0.018897747  0.018897747   0.037795495   0.000000000
  dxy         0    0.018899368  0.018899368   0.037798735   0.000000000
  dxz         0    0.009673853  0.009673853   0.019347706   0.000000000
  dyz         0    0.009674997  0.009674997   0.019349994   0.000000000
   sum over m      0.059971612  0.059971612   0.119943224   0.000000000
   sum over m+mul  0.059971612  0.059971612   0.119943224   0.000000000

    6    C          Up spin      Down spin     Sum           Diff
            multiple
  s           0    0.544029418  0.544029418   1.088058836   0.000000000
   sum over m      0.544029418  0.544029418   1.088058836   0.000000000
  s           1    0.014838276  0.014838276   0.029676553   0.000000000
   sum over m      0.014838276  0.014838276   0.029676553   0.000000000
   sum over m+mul  0.558867695  0.558867695   1.117735389   0.000000000
  px          0    0.420486871  0.420486871   0.840973742   0.000000000
  py          0    0.420559251  0.420559251   0.841118502   0.000000000
  pz          0    0.490420154  0.490420154   0.980840309   0.000000000
   sum over m      1.331466277  1.331466277   2.662932553   0.000000000
  px          1    0.029702736  0.029702736   0.059405471   0.000000000
  py          1    0.029760617  0.029760617   0.059521234   0.000000000
  pz          1   -0.009768903 -0.009768903  -0.019537807   0.000000000
   sum over m      0.049694449  0.049694449   0.099388898   0.000000000
   sum over m+mul  1.381160726  1.381160726   2.762321452   0.000000000
  d3z^2-r^2   0    0.002825647  0.002825647   0.005651294   0.000000000
  dx^2-y^2    0    0.018897749  0.018897749   0.037795499   0.000000000
  dxy         0    0.018899364  0.018899364   0.037798729   0.000000000
  dxz         0    0.009673841  0.009673841   0.019347683   0.000000000
  dyz         0    0.009674979  0.009674979   0.019349958   0.000000000
   sum over m      0.059971581  0.059971581   0.119943162   0.000000000
   sum over m+mul  0.059971581  0.059971581   0.119943162   0.000000000

    7    C          Up spin      Down spin     Sum           Diff
            multiple
  s           0    0.544029444  0.544029444   1.088058887   0.000000000
   sum over m      0.544029444  0.544029444   1.088058887   0.000000000
  s           1    0.014838280  0.014838280   0.029676560   0.000000000
   sum over m      0.014838280  0.014838280   0.029676560   0.000000000
   sum over m+mul  0.558867724  0.558867724   1.117735447   0.000000000
  px          0    0.420486856  0.420486856   0.840973711   0.000000000
  py          0    0.420559299  0.420559299   0.841118598   0.000000000
  pz          0    0.490420092  0.490420092   0.980840183   0.000000000
   sum over m      1.331466246  1.331466246   2.662932492   0.000000000
  px          1    0.029702732  0.029702732   0.059405463   0.000000000
  py          1    0.029760617  0.029760617   0.059521235   0.000000000
  pz          1   -0.009768905 -0.009768905  -0.019537810   0.000000000
   sum over m      0.049694444  0.049694444   0.099388888   0.000000000
   sum over m+mul  1.381160690  1.381160690   2.762321380   0.000000000
  d3z^2-r^2   0    0.002825647  0.002825647   0.005651294   0.000000000
  dx^2-y^2    0    0.018897742  0.018897742   0.037795484   0.000000000
  dxy         0    0.018899366  0.018899366   0.037798732   0.000000000
  dxz         0    0.009673847  0.009673847   0.019347693   0.000000000
  dyz         0    0.009674992  0.009674992   0.019349984   0.000000000
   sum over m      0.059971594  0.059971594   0.119943188   0.000000000
   sum over m+mul  0.059971594  0.059971594   0.119943188   0.000000000

    8    C          Up spin      Down spin     Sum           Diff
            multiple
  s           0    0.544029450  0.544029450   1.088058900   0.000000000
   sum over m      0.544029450  0.544029450   1.088058900   0.000000000
  s           1    0.014838278  0.014838278   0.029676556   0.000000000
   sum over m      0.014838278  0.014838278   0.029676556   0.000000000
   sum over m+mul  0.558867728  0.558867728   1.117735456   0.000000000
  px          0    0.420486880  0.420486880   0.840973760   0.000000000
  py          0    0.420559282  0.420559282   0.841118564   0.000000000
  pz          0    0.490420066  0.490420066   0.980840132   0.000000000
   sum over m      1.331466228  1.331466228   2.662932456   0.000000000
  px          1    0.029702730  0.029702730   0.059405459   0.000000000
  py          1    0.029760617  0.029760617   0.059521234   0.000000000
  pz          1   -0.009768905 -0.009768905  -0.019537810   0.000000000
   sum over m      0.049694442  0.049694442   0.099388884   0.000000000
   sum over m+mul  1.381160670  1.381160670   2.762321340   0.000000000
  d3z^2-r^2   0    0.002825647  0.002825647   0.005651294   0.000000000
  dx^2-y^2    0    0.018897748  0.018897748   0.037795496   0.000000000
  dxy         0    0.018899364  0.018899364   0.037798727   0.000000000
  dxz         0    0.009673845  0.009673845   0.019347691   0.000000000
  dyz         0    0.009674990  0.009674990   0.019349979   0.000000000
   sum over m      0.059971594  0.059971594   0.119943188   0.000000000
   sum over m+mul  0.059971594  0.059971594   0.119943188   0.000000000

    9    C          Up spin      Down spin     Sum           Diff
            multiple
  s           0    0.544029473  0.544029473   1.088058947   0.000000000
   sum over m      0.544029473  0.544029473   1.088058947   0.000000000
  s           1    0.014838278  0.014838278   0.029676557   0.000000000
   sum over m      0.014838278  0.014838278   0.029676557   0.000000000
   sum over m+mul  0.558867752  0.558867752   1.117735504   0.000000000
  px          0    0.420486873  0.420486873   0.840973746   0.000000000
  py          0    0.420559308  0.420559308   0.841118617   0.000000000
  pz          0    0.490419996  0.490419996   0.980839991   0.000000000
   sum over m      1.331466177  1.331466177   2.662932355   0.000000000
  px          1    0.029702737  0.029702737   0.059405473   0.000000000
  py          1    0.029760620  0.029760620   0.059521241   0.000000000
  pz          1   -0.009768909 -0.009768909  -0.019537817   0.000000000
   sum over m      0.049694448  0.049694448   0.099388896   0.000000000
   sum over m+mul  1.381160626  1.381160626   2.762321251   0.000000000
  d3z^2-r^2   0    0.002825647  0.002825647   0.005651294   0.000000000
  dx^2-y^2    0    0.018897745  0.018897745   0.037795491   0.000000000
  dxy         0    0.018899367  0.018899367   0.037798734   0.000000000
  dxz         0    0.009673846  0.009673846   0.019347692   0.000000000
  dyz         0    0.009674991  0.009674991   0.019349983   0.000000000
   sum over m      0.059971597  0.059971597   0.119943194   0.000000000
   sum over m+mul  0.059971597  0.059971597   0.119943194   0.000000000

   10    C          Up spin      Down spin     Sum           Diff
            multiple
  s           0    0.544029448  0.544029448   1.088058896   0.000000000
   sum over m      0.544029448  0.544029448   1.088058896   0.000000000
  s           1    0.014838279  0.014838279   0.029676557   0.000000000
   sum over m      0.014838279  0.014838279   0.029676557   0.000000000
   sum over m+mul  0.558867727  0.558867727   1.117735454   0.000000000
  px          0    0.420486879  0.420486879   0.840973757   0.000000000
  py          0    0.420559275  0.420559275   0.841118549   0.000000000
  pz          0    0.490420074  0.490420074   0.980840149   0.000000000
   sum over m      1.331466227  1.331466227   2.662932455   0.000000000
  px          1    0.029702734  0.029702734   0.059405468   0.000000000
  py          1    0.029760616  0.029760616   0.059521232   0.000000000
  pz          1   -0.009768905 -0.009768905  -0.019537810   0.000000000
   sum over m      0.049694445  0.049694445   0.099388890   0.000000000
   sum over m+mul  1.381160673  1.381160673   2.762321345   0.000000000
  d3z^2-r^2   0    0.002825647  0.002825647   0.005651294   0.000000000
  dx^2-y^2    0    0.018897748  0.018897748   0.037795496   0.000000000
  dxy         0    0.018899364  0.018899364   0.037798727   0.000000000
  dxz         0    0.009673848  0.009673848   0.019347696   0.000000000
  dyz         0    0.009674985  0.009674985   0.019349970   0.000000000
   sum over m      0.059971591  0.059971591   0.119943183   0.000000000
   sum over m+mul  0.059971591  0.059971591   0.119943183   0.000000000

   11    C          Up spin      Down spin     Sum           Diff
            multiple
  s           0    0.544029466  0.544029466   1.088058932   0.000000000
   sum over m      0.544029466  0.544029466   1.088058932   0.000000000
  s           1    0.014838279  0.014838279   0.029676558   0.000000000
   sum over m      0.014838279  0.014838279   0.029676558   0.000000000
   sum over m+mul  0.558867745  0.558867745   1.117735490   0.000000000
  px          0    0.420486877  0.420486877   0.840973754   0.000000000
  py          0    0.420559304  0.420559304   0.841118608   0.000000000
  pz          0    0.490420023  0.490420023   0.980840046   0.000000000
   sum over m      1.331466204  1.331466204   2.662932409   0.000000000
  px          1    0.029702734  0.029702734   0.059405467   0.000000000
  py          1    0.029760617  0.029760617   0.059521235   0.000000000
  pz          1   -0.009768906 -0.009768906  -0.019537812   0.000000000
   sum over m      0.049694445  0.049694445   0.099388891   0.000000000
   sum over m+mul  1.381160650  1.381160650   2.762321299   0.000000000
  d3z^2-r^2   0    0.002825647  0.002825647   0.005651294   0.000000000
  dx^2-y^2    0    0.018897745  0.018897745   0.037795490   0.000000000
  dxy         0    0.018899365  0.018899365   0.037798730   0.000000000
  dxz         0    0.009673851  0.009673851   0.019347701   0.000000000
  dyz         0    0.009674995  0.009674995   0.019349989   0.000000000
   sum over m      0.059971602  0.059971602   0.119943203   0.000000000
   sum over m+mul  0.059971602  0.059971602   0.119943203   0.000000000

   12    C          Up spin      Down spin     Sum           Diff
            multiple
  s           0    0.544029424  0.544029424   1.088058848   0.000000000
   sum over m      0.544029424  0.544029424   1.088058848   0.000000000
  s           1    0.014838279  0.014838279   0.029676558   0.000000000
   sum over m      0.014838279  0.014838279   0.029676558   0.000000000
   sum over m+mul  0.558867703  0.558867703   1.117735406   0.000000000
  px          0    0.420486852  0.420486852   0.840973705   0.000000000
  py          0    0.420559276  0.420559276   0.841118552   0.000000000
  pz          0    0.490420153  0.490420153   0.980840306   0.000000000
   sum over m      1.331466281  1.331466281   2.662932562   0.000000000
  px          1    0.029702730  0.029702730   0.059405461   0.000000000
  py          1    0.029760615  0.029760615   0.059521230   0.000000000
  pz          1   -0.009768904 -0.009768904  -0.019537809   0.000000000
   sum over m      0.049694441  0.049694441   0.099388882   0.000000000
   sum over m+mul  1.381160722  1.381160722   2.762321445   0.000000000
  d3z^2-r^2   0    0.002825647  0.002825647   0.005651294   0.000000000
  dx^2-y^2    0    0.018897745  0.018897745   0.037795490   0.000000000
  dxy         0    0.018899365  0.018899365   0.037798729   0.000000000
  dxz         0    0.009673843  0.009673843   0.019347685   0.000000000
  dyz         0    0.009674988  0.009674988   0.019349975   0.000000000
   sum over m      0.059971587  0.059971587   0.119943175   0.000000000
   sum over m+mul  0.059971587  0.059971587   0.119943175   0.000000000

   13    C          Up spin      Down spin     Sum           Diff
            multiple
  s           0    0.544029467  0.544029467   1.088058934   0.000000000
   sum over m      0.544029467  0.544029467   1.088058934   0.000000000
  s           1    0.014838279  0.014838279   0.029676557   0.000000000
   sum over m      0.014838279  0.014838279   0.029676557   0.000000000
   sum over m+mul  0.558867746  0.558867746   1.117735491   0.000000000
  px          0    0.420486892  0.420486892   0.840973784   0.000000000
  py          0    0.420559290  0.420559290   0.841118580   0.000000000
  pz          0    0.490420023  0.490420023   0.980840046   0.000000000
   sum over m      1.331466205  1.331466205   2.662932410   0.000000000
  px          1    0.029702734  0.029702734   0.059405467   0.000000000
  py          1    0.029760618  0.029760618   0.059521235   0.000000000
  pz          1   -0.009768906 -0.009768906  -0.019537812   0.000000000
   sum over m      0.049694445  0.049694445   0.099388890   0.000000000
   sum over m+mul  1.381160650  1.381160650   2.762321300   0.000000000
  d3z^2-r^2   0    0.002825647  0.002825647   0.005651294   0.000000000
  dx^2-y^2    0    0.018897746  0.018897746   0.037795492   0.000000000
  dxy         0    0.018899364  0.018899364   0.037798727   0.000000000
  dxz         0    0.009673856  0.009673856   0.019347711   0.000000000
  dyz         0    0.009674989  0.009674989   0.019349979   0.000000000
   sum over m      0.059971602  0.059971602   0.119943203   0.000000000
   sum over m+mul  0.059971602  0.059971602   0.119943203   0.000000000

   14    C          Up spin      Down spin     Sum           Diff
            multiple
  s           0    0.544029448  0.544029448   1.088058896   0.000000000
   sum over m      0.544029448  0.544029448   1.088058896   0.000000000
  s           1    0.014838278  0.014838278   0.029676556   0.000000000
   sum over m      0.014838278  0.014838278   0.029676556   0.000000000
   sum over m+mul  0.558867726  0.558867726   1.117735452   0.000000000
  px          0    0.420486860  0.420486860   0.840973720   0.000000000
  py          0    0.420559291  0.420559291   0.841118583   0.000000000
  pz          0    0.490420075  0.490420075   0.980840150   0.000000000
   sum over m      1.331466226  1.331466226   2.662932453   0.000000000
  px          1    0.029702732  0.029702732   0.059405465   0.000000000
  py          1    0.029760618  0.029760618   0.059521236   0.000000000
  pz          1   -0.009768905 -0.009768905  -0.019537810   0.000000000
   sum over m      0.049694445  0.049694445   0.099388890   0.000000000
   sum over m+mul  1.381160672  1.381160672   2.762321343   0.000000000
  d3z^2-r^2   0    0.002825647  0.002825647   0.005651294   0.000000000
  dx^2-y^2    0    0.018897745  0.018897745   0.037795490   0.000000000
  dxy         0    0.018899367  0.018899367   0.037798733   0.000000000
  dxz         0    0.009673844  0.009673844   0.019347687   0.000000000
  dyz         0    0.009674989  0.009674989   0.019349979   0.000000000
   sum over m      0.059971592  0.059971592   0.119943183   0.000000000
   sum over m+mul  0.059971592  0.059971592   0.119943183   0.000000000

   15    C          Up spin      Down spin     Sum           Diff
            multiple
  s           0    0.544029466  0.544029466   1.088058931   0.000000000
   sum over m      0.544029466  0.544029466   1.088058931   0.000000000
  s           1    0.014838279  0.014838279   0.029676558   0.000000000
   sum over m      0.014838279  0.014838279   0.029676558   0.000000000
   sum over m+mul  0.558867745  0.558867745   1.117735489   0.000000000
  px          0    0.420486874  0.420486874   0.840973747   0.000000000
  py          0    0.420559308  0.420559308   0.841118615   0.000000000
  pz          0    0.490420023  0.490420023   0.980840046   0.000000000
   sum over m      1.331466204  1.331466204   2.662932408   0.000000000
  px          1    0.029702733  0.029702733   0.059405466   0.000000000
  py          1    0.029760618  0.029760618   0.059521236   0.000000000
  pz          1   -0.009768906 -0.009768906  -0.019537812   0.000000000
   sum over m      0.049694445  0.049694445   0.099388890   0.000000000
   sum over m+mul  1.381160649  1.381160649   2.762321298   0.000000000
  d3z^2-r^2   0    0.002825647  0.002825647   0.005651294   0.000000000
  dx^2-y^2    0    0.018897744  0.018897744   0.037795488   0.000000000
  dxy         0    0.018899365  0.018899365   0.037798731   0.000000000
  dxz         0    0.009673847  0.009673847   0.019347694   0.000000000
  dyz         0    0.009674998  0.009674998   0.019349996   0.000000000
   sum over m      0.059971602  0.059971602   0.119943203   0.000000000
   sum over m+mul  0.059971602  0.059971602   0.119943203   0.000000000

   16    C          Up spin      Down spin     Sum           Diff
            multiple
  s           0    0.544029411  0.544029411   1.088058821   0.000000000
   sum over m      0.544029411  0.544029411   1.088058821   0.000000000
  s           1    0.014838278  0.014838278   0.029676556   0.000000000
   sum over m      0.014838278  0.014838278   0.029676556   0.000000000
   sum over m+mul  0.558867689  0.558867689   1.117735377   0.000000000
  px          0    0.420486846  0.420486846   0.840973692   0.000000000
  py          0    0.420559269  0.420559269   0.841118538   0.000000000
  pz          0    0.490420180  0.490420180   0.980840360   0.000000000
   sum over m      1.331466295  1.331466295   2.662932591   0.000000000
  px          1    0.029702729  0.029702729   0.059405457   0.000000000
  py          1    0.029760614  0.029760614   0.059521228   0.000000000
  pz          1   -0.009768904 -0.009768904  -0.019537809   0.000000000
   sum over m      0.049694438  0.049694438   0.099388877   0.000000000
   sum over m+mul  1.381160734  1.381160734   2.762321467   0.000000000
  d3z^2-r^2   0    0.002825647  0.002825647   0.005651294   0.000000000
  dx^2-y^2    0    0.018897745  0.018897745   0.037795491   0.000000000
  dxy         0    0.018899365  0.018899365   0.037798731   0.000000000
  dxz         0    0.009673838  0.009673838   0.019347676   0.000000000
  dyz         0    0.009674987  0.009674987   0.019349973   0.000000000
   sum over m      0.059971582  0.059971582   0.119943165   0.000000000
   sum over m+mul  0.059971582  0.059971582   0.119943165   0.000000000

   17    C          Up spin      Down spin     Sum           Diff
            multiple
  s           0    0.544029472  0.544029472   1.088058945   0.000000000
   sum over m      0.544029472  0.544029472   1.088058945   0.000000000
  s           1    0.014838280  0.014838280   0.029676560   0.000000000
   sum over m      0.014838280  0.014838280   0.029676560   0.000000000
   sum over m+mul  0.558867752  0.558867752   1.117735505   0.000000000
  px          0    0.420486877  0.420486877   0.840973754   0.000000000
  py          0    0.420559306  0.420559306   0.841118612   0.000000000
  pz          0    0.490420012  0.490420012   0.980840025   0.000000000
   sum over m      1.331466195  1.331466195   2.662932391   0.000000000
  px          1    0.029702734  0.029702734   0.059405469   0.000000000
  py          1    0.029760621  0.029760621   0.059521241   0.000000000
  pz          1   -0.009768907 -0.009768907  -0.019537813   0.000000000
   sum over m      0.049694448  0.049694448   0.099388897   0.000000000
   sum over m+mul  1.381160644  1.381160644   2.762321287   0.000000000
  d3z^2-r^2   0    0.002825647  0.002825647   0.005651294   0.000000000
  dx^2-y^2    0    0.018897745  0.018897745   0.037795489   0.000000000
  dxy         0    0.018899368  0.018899368   0.037798735   0.000000000
  dxz         0    0.009673848  0.009673848   0.019347696   0.000000000
  dyz         0    0.009674994  0.009674994   0.019349988   0.000000000
   sum over m      0.059971601  0.059971601   0.119943203   0.000000000
   sum over m+mul  0.059971601  0.059971601   0.119943203   0.000000000

   18    C          Up spin      Down spin     Sum           Diff
            multiple
  s           0    0.544029431  0.544029431   1.088058862   0.000000000
   sum over m      0.544029431  0.544029431   1.088058862   0.000000000
  s           1    0.014838276  0.014838276   0.029676551   0.000000000
   sum over m      0.014838276  0.014838276   0.029676551   0.000000000
   sum over m+mul  0.558867707  0.558867707   1.117735414   0.000000000
  px          0    0.420486840  0.420486840   0.840973681   0.000000000
  py          0    0.420559272  0.420559272   0.841118543   0.000000000
  pz          0    0.490420142  0.490420142   0.980840284   0.000000000
   sum over m      1.331466254  1.331466254   2.662932508   0.000000000
  px          1    0.029702720  0.029702720   0.059405440   0.000000000
  py          1    0.029760581  0.029760581   0.059521162   0.000000000
  pz          1   -0.009768903 -0.009768903  -0.019537806   0.000000000
   sum over m      0.049694398  0.049694398   0.099388797   0.000000000
   sum over m+mul  1.381160652  1.381160652   2.762321305   0.000000000
  d3z^2-r^2   0    0.002825647  0.002825647   0.005651294   0.000000000
  dx^2-y^2    0    0.018897751  0.018897751   0.037795502   0.000000000
  dxy         0    0.018899371  0.018899371   0.037798742   0.000000000
  dxz         0    0.009673832  0.009673832   0.019347665   0.000000000
  dyz         0    0.009674990  0.009674990   0.019349979   0.000000000
   sum over m      0.059971591  0.059971591   0.119943182   0.000000000
   sum over m+mul  0.059971591  0.059971591   0.119943182   0.000000000

   19    C          Up spin      Down spin     Sum           Diff
            multiple
  s           0    0.544029567  0.544029567   1.088059135   0.000000000
   sum over m      0.544029567  0.544029567   1.088059135   0.000000000
  s           1    0.014838278  0.014838278   0.029676555   0.000000000
   sum over m      0.014838278  0.014838278   0.029676555   0.000000000
   sum over m+mul  0.558867845  0.558867845   1.117735690   0.000000000
  px          0    0.420486937  0.420486937   0.840973873   0.000000000
  py          0    0.420559338  0.420559338   0.841118677   0.000000000
  pz          0    0.490419709  0.490419709   0.980839419   0.000000000
   sum over m      1.331465984  1.331465984   2.662931969   0.000000000
  px          1    0.029702754  0.029702754   0.059405508   0.000000000
  py          1    0.029760626  0.029760626   0.059521252   0.000000000
  pz          1   -0.009768914 -0.009768914  -0.019537829   0.000000000
   sum over m      0.049694465  0.049694465   0.099388931   0.000000000
   sum over m+mul  1.381160450  1.381160450   2.762320899   0.000000000
  d3z^2-r^2   0    0.002825647  0.002825647   0.005651294   0.000000000
  dx^2-y^2    0    0.018897751  0.018897751   0.037795502   0.000000000
  dxy         0    0.018899365  0.018899365   0.037798730   0.000000000
  dxz         0    0.009673854  0.009673854   0.019347708   0.000000000
  dyz         0    0.009674999  0.009674999   0.019349998   0.000000000
   sum over m      0.059971616  0.059971616   0.119943232   0.000000000
   sum over m+mul  0.059971616  0.059971616   0.119943232   0.000000000

   20    C          Up spin      Down spin     Sum           Diff
            multiple
  s           0    0.544029395  0.544029395   1.088058790   0.000000000
   sum over m      0.544029395  0.544029395   1.088058790   0.000000000
  s           1    0.014838264  0.014838264   0.029676529   0.000000000
   sum over m      0.014838264  0.014838264   0.029676529   0.000000000
   sum over m+mul  0.558867660  0.558867660   1.117735319   0.000000000
  px          0    0.420486687  0.420486687   0.840973375   0.000000000
  py          0    0.420559207  0.420559207   0.841118414   0.000000000
  pz          0    0.490420285  0.490420285   0.980840569   0.000000000
   sum over m      1.331466179  1.331466179   2.662932358   0.000000000
  px          1    0.029702632  0.029702632   0.059405264   0.000000000
  py          1    0.029760588  0.029760588   0.059521176   0.000000000
  pz          1   -0.009768902 -0.009768902  -0.019537803   0.000000000
   sum over m      0.049694319  0.049694319   0.099388638   0.000000000
   sum over m+mul  1.381160498  1.381160498   2.762320996   0.000000000
  d3z^2-r^2   0    0.002825646  0.002825646   0.005651292   0.000000000
  dx^2-y^2    0    0.018897748  0.018897748   0.037795496   0.000000000
  dxy         0    0.018899365  0.018899365   0.037798730   0.000000000
  dxz         0    0.009673792  0.009673792   0.019347583   0.000000000
  dyz         0    0.009674976  0.009674976   0.019349952   0.000000000
   sum over m      0.059971526  0.059971526   0.119943053   0.000000000
   sum over m+mul  0.059971526  0.059971526   0.119943053   0.000000000

   21    C          Up spin      Down spin     Sum           Diff
            multiple
  s           0    0.544029567  0.544029567   1.088059135   0.000000000
   sum over m      0.544029567  0.544029567   1.088059135   0.000000000
  s           1    0.014838278  0.014838278   0.029676555   0.000000000
   sum over m      0.014838278  0.014838278   0.029676555   0.000000000
   sum over m+mul  0.558867845  0.558867845   1.117735690   0.000000000
  px          0    0.420486902  0.420486902   0.840973803   0.000000000
  py          0    0.420559373  0.420559373   0.841118747   0.000000000
  pz          0    0.490419711  0.490419711   0.980839421   0.000000000
   sum over m      1.331465986  1.331465986   2.662931971   0.000000000
  px          1    0.029702743  0.029702743   0.059405487   0.000000000
  py          1    0.029760637  0.029760637   0.059521274   0.000000000
  pz          1   -0.009768914 -0.009768914  -0.019537829   0.000000000
   sum over m      0.049694466  0.049694466   0.099388932   0.000000000
   sum over m+mul  1.381160452  1.381160452   2.762320903   0.000000000
  d3z^2-r^2   0    0.002825647  0.002825647   0.005651294   0.000000000
  dx^2-y^2    0    0.018897744  0.018897744   0.037795487   0.000000000
  dxy         0    0.018899373  0.018899373   0.037798745   0.000000000
  dxz         0    0.009673855  0.009673855   0.019347710   0.000000000
  dyz         0    0.009674998  0.009674998   0.019349995   0.000000000
   sum over m      0.059971616  0.059971616   0.119943232   0.000000000
   sum over m+mul  0.059971616  0.059971616   0.119943232   0.000000000

   22    C          Up spin      Down spin     Sum           Diff
            multiple
  s           0    0.544029428  0.544029428   1.088058857   0.000000000
   sum over m      0.544029428  0.544029428   1.088058857   0.000000000
  s           1    0.014838275  0.014838275   0.029676550   0.000000000
   sum over m      0.014838275  0.014838275   0.029676550   0.000000000
   sum over m+mul  0.558867703  0.558867703   1.117735407   0.000000000
  px          0    0.420486900  0.420486900   0.840973800   0.000000000
  py          0    0.420559216  0.420559216   0.841118432   0.000000000
  pz          0    0.490420141  0.490420141   0.980840281   0.000000000
   sum over m      1.331466257  1.331466257   2.662932514   0.000000000
  px          1    0.029702696  0.029702696   0.059405393   0.000000000
  py          1    0.029760611  0.029760611   0.059521222   0.000000000
  pz          1   -0.009768903 -0.009768903  -0.019537806   0.000000000
   sum over m      0.049694404  0.049694404   0.099388808   0.000000000
   sum over m+mul  1.381160661  1.381160661   2.762321322   0.000000000
  d3z^2-r^2   0    0.002825647  0.002825647   0.005651294   0.000000000
  dx^2-y^2    0    0.018897763  0.018897763   0.037795527   0.000000000
  dxy         0    0.018899359  0.018899359   0.037798717   0.000000000
  dxz         0    0.009673850  0.009673850   0.019347700   0.000000000
  dyz         0    0.009674972  0.009674972   0.019349944   0.000000000
   sum over m      0.059971591  0.059971591   0.119943182   0.000000000
   sum over m+mul  0.059971591  0.059971591   0.119943182   0.000000000

   23    C          Up spin      Down spin     Sum           Diff
            multiple
  s           0    0.544029472  0.544029472   1.088058945   0.000000000
   sum over m      0.544029472  0.544029472   1.088058945   0.000000000
  s           1    0.014838280  0.014838280   0.029676560   0.000000000
   sum over m      0.014838280  0.014838280   0.029676560   0.000000000
   sum over m+mul  0.558867752  0.558867752   1.117735505   0.000000000
  px          0    0.420486868  0.420486868   0.840973736   0.000000000
  py          0    0.420559316  0.420559316   0.841118632   0.000000000
  pz          0    0.490420012  0.490420012   0.980840025   0.000000000
   sum over m      1.331466196  1.331466196   2.662932393   0.000000000
  px          1    0.029702736  0.029702736   0.059405472   0.000000000
  py          1    0.029760619  0.029760619   0.059521238   0.000000000
  pz          1   -0.009768907 -0.009768907  -0.019537813   0.000000000
   sum over m      0.049694448  0.049694448   0.099388897   0.000000000
   sum over m+mul  1.381160645  1.381160645   2.762321290   0.000000000
  d3z^2-r^2   0    0.002825647  0.002825647   0.005651294   0.000000000
  dx^2-y^2    0    0.018897747  0.018897747   0.037795493   0.000000000
  dxy         0    0.018899366  0.018899366   0.037798731   0.000000000
  dxz         0    0.009673846  0.009673846   0.019347693   0.000000000
  dyz         0    0.009674995  0.009674995   0.019349991   0.000000000
   sum over m      0.059971601  0.059971601   0.119943202   0.000000000
   sum over m+mul  0.059971601  0.059971601   0.119943202   0.000000000

   24    C          Up spin      Down spin     Sum           Diff
            multiple
  s           0    0.544029411  0.544029411   1.088058823   0.000000000
   sum over m      0.544029411  0.544029411   1.088058823   0.000000000
  s           1    0.014838278  0.014838278   0.029676556   0.000000000
   sum over m      0.014838278  0.014838278   0.029676556   0.000000000
   sum over m+mul  0.558867689  0.558867689   1.117735379   0.000000000
  px          0    0.420486850  0.420486850   0.840973700   0.000000000
  py          0    0.420559265  0.420559265   0.841118531   0.000000000
  pz          0    0.490420180  0.490420180   0.980840361   0.000000000
   sum over m      1.331466296  1.331466296   2.662932591   0.000000000
  px          1    0.029702729  0.029702729   0.059405458   0.000000000
  py          1    0.029760614  0.029760614   0.059521227   0.000000000
  pz          1   -0.009768904 -0.009768904  -0.019537809   0.000000000
   sum over m      0.049694438  0.049694438   0.099388877   0.000000000
   sum over m+mul  1.381160734  1.381160734   2.762321468   0.000000000
  d3z^2-r^2   0    0.002825647  0.002825647   0.005651294   0.000000000
  dx^2-y^2    0    0.018897747  0.018897747   0.037795494   0.000000000
  dxy         0    0.018899364  0.018899364   0.037798727   0.000000000
  dxz         0    0.009673840  0.009673840   0.019347680   0.000000000
  dyz         0    0.009674985  0.009674985   0.019349970   0.000000000
   sum over m      0.059971582  0.059971582   0.119943165   0.000000000
   sum over m+mul  0.059971582  0.059971582   0.119943165   0.000000000

   25    C          Up spin      Down spin     Sum           Diff
            multiple
  s           0    0.544029465  0.544029465   1.088058930   0.000000000
   sum over m      0.544029465  0.544029465   1.088058930   0.000000000
  s           1    0.014838279  0.014838279   0.029676558   0.000000000
   sum over m      0.014838279  0.014838279   0.029676558   0.000000000
   sum over m+mul  0.558867744  0.558867744   1.117735488   0.000000000
  px          0    0.420486878  0.420486878   0.840973757   0.000000000
  py          0    0.420559303  0.420559303   0.841118607   0.000000000
  pz          0    0.490420023  0.490420023   0.980840046   0.000000000
   sum over m      1.331466205  1.331466205   2.662932410   0.000000000
  px          1    0.029702733  0.029702733   0.059405466   0.000000000
  py          1    0.029760617  0.029760617   0.059521234   0.000000000
  pz          1   -0.009768906 -0.009768906  -0.019537812   0.000000000
   sum over m      0.049694445  0.049694445   0.099388889   0.000000000
   sum over m+mul  1.381160649  1.381160649   2.762321299   0.000000000
  d3z^2-r^2   0    0.002825647  0.002825647   0.005651294   0.000000000
  dx^2-y^2    0    0.018897745  0.018897745   0.037795489   0.000000000
  dxy         0    0.018899365  0.018899365   0.037798730   0.000000000
  dxz         0    0.009673851  0.009673851   0.019347701   0.000000000
  dyz         0    0.009674994  0.009674994   0.019349989   0.000000000
   sum over m      0.059971602  0.059971602   0.119943203   0.000000000
   sum over m+mul  0.059971602  0.059971602   0.119943203   0.000000000

   26    C          Up spin      Down spin     Sum           Diff
            multiple
  s           0    0.544029425  0.544029425   1.088058850   0.000000000
   sum over m      0.544029425  0.544029425   1.088058850   0.000000000
  s           1    0.014838279  0.014838279   0.029676557   0.000000000
   sum over m      0.014838279  0.014838279   0.029676557   0.000000000
   sum over m+mul  0.558867703  0.558867703   1.117735407   0.000000000
  px          0    0.420486853  0.420486853   0.840973707   0.000000000
  py          0    0.420559275  0.420559275   0.841118551   0.000000000
  pz          0    0.490420153  0.490420153   0.980840307   0.000000000
   sum over m      1.331466282  1.331466282   2.662932564   0.000000000
  px          1    0.029702730  0.029702730   0.059405460   0.000000000
  py          1    0.029760615  0.029760615   0.059521230   0.000000000
  pz          1   -0.009768904 -0.009768904  -0.019537809   0.000000000
   sum over m      0.049694440  0.049694440   0.099388881   0.000000000
   sum over m+mul  1.381160722  1.381160722   2.762321445   0.000000000
  d3z^2-r^2   0    0.002825647  0.002825647   0.005651294   0.000000000
  dx^2-y^2    0    0.018897745  0.018897745   0.037795491   0.000000000
  dxy         0    0.018899365  0.018899365   0.037798730   0.000000000
  dxz         0    0.009673843  0.009673843   0.019347685   0.000000000
  dyz         0    0.009674988  0.009674988   0.019349975   0.000000000
   sum over m      0.059971587  0.059971587   0.119943175   0.000000000
   sum over m+mul  0.059971587  0.059971587   0.119943175   0.000000000

   27    C          Up spin      Down spin     Sum           Diff
            multiple
  s           0    0.544029488  0.544029488   1.088058977   0.000000000
   sum over m      0.544029488  0.544029488   1.088058977   0.000000000
  s           1    0.014838278  0.014838278   0.029676557   0.000000000
   sum over m      0.014838278  0.014838278   0.029676557   0.000000000
   sum over m+mul  0.558867767  0.558867767   1.117735534   0.000000000
  px          0    0.420486891  0.420486891   0.840973782   0.000000000
  py          0    0.420559310  0.420559310   0.841118619   0.000000000
  pz          0    0.490419957  0.490419957   0.980839914   0.000000000
   sum over m      1.331466157  1.331466157   2.662932315   0.000000000
  px          1    0.029702735  0.029702735   0.059405471   0.000000000
  py          1    0.029760620  0.029760620   0.059521239   0.000000000
  pz          1   -0.009768908 -0.009768908  -0.019537816   0.000000000
   sum over m      0.049694447  0.049694447   0.099388894   0.000000000
   sum over m+mul  1.381160604  1.381160604   2.762321209   0.000000000
  d3z^2-r^2   0    0.002825647  0.002825647   0.005651294   0.000000000
  dx^2-y^2    0    0.018897746  0.018897746   0.037795491   0.000000000
  dxy         0    0.018899365  0.018899365   0.037798731   0.000000000
  dxz         0    0.009673854  0.009673854   0.019347707   0.000000000
  dyz         0    0.009674996  0.009674996   0.019349992   0.000000000
   sum over m      0.059971608  0.059971608   0.119943215   0.000000000
   sum over m+mul  0.059971608  0.059971608   0.119943215   0.000000000

   28    C          Up spin      Down spin     Sum           Diff
            multiple
  s           0    0.544029423  0.544029423   1.088058846   0.000000000
   sum over m      0.544029423  0.544029423   1.088058846   0.000000000
  s           1    0.014838279  0.014838279   0.029676558   0.000000000
   sum over m      0.014838279  0.014838279   0.029676558   0.000000000
   sum over m+mul  0.558867702  0.558867702   1.117735404   0.000000000
  px          0    0.420486858  0.420486858   0.840973716   0.000000000
  py          0    0.420559272  0.420559272   0.841118544   0.000000000
  pz          0    0.490420153  0.490420153   0.980840307   0.000000000
   sum over m      1.331466283  1.331466283   2.662932566   0.000000000
  px          1    0.029702730  0.029702730   0.059405461   0.000000000
  py          1    0.029760615  0.029760615   0.059521229   0.000000000
  pz          1   -0.009768904 -0.009768904  -0.019537809   0.000000000
   sum over m      0.049694440  0.049694440   0.099388881   0.000000000
   sum over m+mul  1.381160724  1.381160724   2.762321447   0.000000000
  d3z^2-r^2   0    0.002825647  0.002825647   0.005651294   0.000000000
  dx^2-y^2    0    0.018897745  0.018897745   0.037795490   0.000000000
  dxy         0    0.018899365  0.018899365   0.037798730   0.000000000
  dxz         0    0.009673846  0.009673846   0.019347692   0.000000000
  dyz         0    0.009674984  0.009674984   0.019349969   0.000000000
   sum over m      0.059971587  0.059971587   0.119943174   0.000000000
   sum over m+mul  0.059971587  0.059971587   0.119943174   0.000000000

   29    C          Up spin      Down spin     Sum           Diff
            multiple
  s           0    0.544029467  0.544029467   1.088058934   0.000000000
   sum over m      0.544029467  0.544029467   1.088058934   0.000000000
  s           1    0.014838279  0.014838279   0.029676557   0.000000000
   sum over m      0.014838279  0.014838279   0.029676557   0.000000000
   sum over m+mul  0.558867746  0.558867746   1.117735491   0.000000000
  px          0    0.420486875  0.420486875   0.840973750   0.000000000
  py          0    0.420559307  0.420559307   0.841118615   0.000000000
  pz          0    0.490420023  0.490420023   0.980840045   0.000000000
   sum over m      1.331466205  1.331466205   2.662932411   0.000000000
  px          1    0.029702733  0.029702733   0.059405467   0.000000000
  py          1    0.029760618  0.029760618   0.059521235   0.000000000
  pz          1   -0.009768906 -0.009768906  -0.019537812   0.000000000
   sum over m      0.049694445  0.049694445   0.099388890   0.000000000
   sum over m+mul  1.381160650  1.381160650   2.762321300   0.000000000
  d3z^2-r^2   0    0.002825647  0.002825647   0.005651294   0.000000000
  dx^2-y^2    0    0.018897744  0.018897744   0.037795488   0.000000000
  dxy         0    0.018899365  0.018899365   0.037798731   0.000000000
  dxz         0    0.009673847  0.009673847   0.019347694   0.000000000
  dyz         0    0.009674998  0.009674998   0.019349996   0.000000000
   sum over m      0.059971602  0.059971602   0.119943203   0.000000000
   sum over m+mul  0.059971602  0.059971602   0.119943203   0.000000000

   30    C          Up spin      Down spin     Sum           Diff
            multiple
  s           0    0.544029413  0.544029413   1.088058826   0.000000000
   sum over m      0.544029413  0.544029413   1.088058826   0.000000000
  s           1    0.014838278  0.014838278   0.029676555   0.000000000
   sum over m      0.014838278  0.014838278   0.029676555   0.000000000
   sum over m+mul  0.558867691  0.558867691   1.117735381   0.000000000
  px          0    0.420486846  0.420486846   0.840973692   0.000000000
  py          0    0.420559268  0.420559268   0.841118536   0.000000000
  pz          0    0.490420180  0.490420180   0.980840359   0.000000000
   sum over m      1.331466294  1.331466294   2.662932587   0.000000000
  px          1    0.029702729  0.029702729   0.059405458   0.000000000
  py          1    0.029760614  0.029760614   0.059521228   0.000000000
  pz          1   -0.009768904 -0.009768904  -0.019537809   0.000000000
   sum over m      0.049694439  0.049694439   0.099388877   0.000000000
   sum over m+mul  1.381160732  1.381160732   2.762321464   0.000000000
  d3z^2-r^2   0    0.002825647  0.002825647   0.005651294   0.000000000
  dx^2-y^2    0    0.018897745  0.018897745   0.037795491   0.000000000
  dxy         0    0.018899365  0.018899365   0.037798731   0.000000000
  dxz         0    0.009673838  0.009673838   0.019347676   0.000000000
  dyz         0    0.009674987  0.009674987   0.019349974   0.000000000
   sum over m      0.059971583  0.059971583   0.119943165   0.000000000
   sum over m+mul  0.059971583  0.059971583   0.119943165   0.000000000

   31    C          Up spin      Down spin     Sum           Diff
            multiple
  s           0    0.544029522  0.544029522   1.088059045   0.000000000
   sum over m      0.544029522  0.544029522   1.088059045   0.000000000
  s           1    0.014838271  0.014838271   0.029676542   0.000000000
   sum over m      0.014838271  0.014838271   0.029676542   0.000000000
   sum over m+mul  0.558867793  0.558867793   1.117735586   0.000000000
  px          0    0.420486880  0.420486880   0.840973761   0.000000000
  py          0    0.420559349  0.420559349   0.841118699   0.000000000
  pz          0    0.490419805  0.490419805   0.980839610   0.000000000
   sum over m      1.331466035  1.331466035   2.662932070   0.000000000
  px          1    0.029702738  0.029702738   0.059405477   0.000000000
  py          1    0.029760611  0.029760611   0.059521222   0.000000000
  pz          1   -0.009768913 -0.009768913  -0.019537825   0.000000000
   sum over m      0.049694437  0.049694437   0.099388874   0.000000000
   sum over m+mul  1.381160472  1.381160472   2.762320944   0.000000000
  d3z^2-r^2   0    0.002825647  0.002825647   0.005651294   0.000000000
  dx^2-y^2    0    0.018897741  0.018897741   0.037795481   0.000000000
  dxy         0    0.018899370  0.018899370   0.037798741   0.000000000
  dxz         0    0.009673845  0.009673845   0.019347689   0.000000000
  dyz         0    0.009675021  0.009675021   0.019350042   0.000000000
   sum over m      0.059971624  0.059971624   0.119943247   0.000000000
   sum over m+mul  0.059971624  0.059971624   0.119943247   0.000000000

   32    C          Up spin      Down spin     Sum           Diff
            multiple
  s           0    0.544029297  0.544029297   1.088058595   0.000000000
   sum over m      0.544029297  0.544029297   1.088058595   0.000000000
  s           1    0.014838252  0.014838252   0.029676503   0.000000000
   sum over m      0.014838252  0.014838252   0.029676503   0.000000000
   sum over m+mul  0.558867549  0.558867549   1.117735098   0.000000000
  px          0    0.420486809  0.420486809   0.840973617   0.000000000
  py          0    0.420559038  0.420559038   0.841118075   0.000000000
  pz          0    0.490420526  0.490420526   0.980841051   0.000000000
   sum over m      1.331466372  1.331466372   2.662932744   0.000000000
  px          1    0.029702708  0.029702708   0.059405415   0.000000000
  py          1    0.029760446  0.029760446   0.059520893   0.000000000
  pz          1   -0.009768899 -0.009768899  -0.019537797   0.000000000
   sum over m      0.049694255  0.049694255   0.099388511   0.000000000
   sum over m+mul  1.381160627  1.381160627   2.762321255   0.000000000
  d3z^2-r^2   0    0.002825645  0.002825645   0.005651290   0.000000000
  dx^2-y^2    0    0.018897738  0.018897738   0.037795476   0.000000000
  dxy         0    0.018899364  0.018899364   0.037798728   0.000000000
  dxz         0    0.009673843  0.009673843   0.019347685   0.000000000
  dyz         0    0.009674968  0.009674968   0.019349936   0.000000000
   sum over m      0.059971558  0.059971558   0.119943115   0.000000000
   sum over m+mul  0.059971558  0.059971558   0.119943115   0.000000000

   33    C          Up spin      Down spin     Sum           Diff
            multiple
  s           0    0.544029585  0.544029585   1.088059171   0.000000000
   sum over m      0.544029585  0.544029585   1.088059171   0.000000000
  s           1    0.014838356  0.014838356   0.029676711   0.000000000
   sum over m      0.014838356  0.014838356   0.029676711   0.000000000
   sum over m+mul  0.558867941  0.558867941   1.117735882   0.000000000
  px          0    0.420486884  0.420486884   0.840973768   0.000000000
  py          0    0.420559505  0.420559505   0.841119009   0.000000000
  pz          0    0.490419581  0.490419581   0.980839162   0.000000000
   sum over m      1.331465970  1.331465970   2.662931940   0.000000000
  px          1    0.029702757  0.029702757   0.059405515   0.000000000
  py          1    0.029760803  0.029760803   0.059521606   0.000000000
  pz          1   -0.009768907 -0.009768907  -0.019537815   0.000000000
   sum over m      0.049694653  0.049694653   0.099389306   0.000000000
   sum over m+mul  1.381160623  1.381160623   2.762321246   0.000000000
  d3z^2-r^2   0    0.002825651  0.002825651   0.005651302   0.000000000
  dx^2-y^2    0    0.018897734  0.018897734   0.037795468   0.000000000
  dxy         0    0.018899403  0.018899403   0.037798807   0.000000000
  dxz         0    0.009673837  0.009673837   0.019347674   0.000000000
  dyz         0    0.009675054  0.009675054   0.019350108   0.000000000
   sum over m      0.059971679  0.059971679   0.119943358   0.000000000
   sum over m+mul  0.059971679  0.059971679   0.119943358   0.000000000

   34    C          Up spin      Down spin     Sum           Diff
            multiple
  s           0    0.544028183  0.544028183   1.088056367   0.000000000
   sum over m      0.544028183  0.544028183   1.088056367   0.000000000
  s           1    0.014838396  0.014838396   0.029676791   0.000000000
   sum over m      0.014838396  0.014838396   0.029676791   0.000000000
   sum over m+mul  0.558866579  0.558866579   1.117733158   0.000000000
  px          0    0.420486409  0.420486409   0.840972819   0.000000000
  py          0    0.420559222  0.420559222   0.841118444   0.000000000
  pz          0    0.490420803  0.490420803   0.980841606   0.000000000
   sum over m      1.331466435  1.331466435   2.662932870   0.000000000
  px          1    0.029703152  0.029703152   0.059406304   0.000000000
  py          1    0.029760833  0.029760833   0.059521667   0.000000000
  pz          1   -0.009768687 -0.009768687  -0.019537375   0.000000000
   sum over m      0.049695298  0.049695298   0.099390596   0.000000000
   sum over m+mul  1.381161733  1.381161733   2.762323465   0.000000000
  d3z^2-r^2   0    0.002825630  0.002825630   0.005651259   0.000000000
  dx^2-y^2    0    0.018897856  0.018897856   0.037795712   0.000000000
  dxy         0    0.018899471  0.018899471   0.037798941   0.000000000
  dxz         0    0.009673579  0.009673579   0.019347158   0.000000000
  dyz         0    0.009674949  0.009674949   0.019349897   0.000000000
   sum over m      0.059971484  0.059971484   0.119942968   0.000000000
   sum over m+mul  0.059971484  0.059971484   0.119942968   0.000000000

   35    C          Up spin      Down spin     Sum           Diff
            multiple
  s           0    0.544030690  0.544030690   1.088061381   0.000000000
   sum over m      0.544030690  0.544030690   1.088061381   0.000000000
  s           1    0.014838421  0.014838421   0.029676842   0.000000000
   sum over m      0.014838421  0.014838421   0.029676842   0.000000000
   sum over m+mul  0.558869111  0.558869111   1.117738223   0.000000000
  px          0    0.420487062  0.420487062   0.840974125   0.000000000
  py          0    0.420559354  0.420559354   0.841118708   0.000000000
  pz          0    0.490418161  0.490418161   0.980836322   0.000000000
   sum over m      1.331464577  1.331464577   2.662929154   0.000000000
  px          1    0.029702703  0.029702703   0.059405407   0.000000000
  py          1    0.029760374  0.029760374   0.059520748   0.000000000
  pz          1   -0.009768971 -0.009768971  -0.019537942   0.000000000
   sum over m      0.049694106  0.049694106   0.099388213   0.000000000
   sum over m+mul  1.381158683  1.381158683   2.762317367   0.000000000
  d3z^2-r^2   0    0.002825646  0.002825646   0.005651292   0.000000000
  dx^2-y^2    0    0.018897772  0.018897772   0.037795544   0.000000000
  dxy         0    0.018899396  0.018899396   0.037798793   0.000000000
  dxz         0    0.009673873  0.009673873   0.019347746   0.000000000
  dyz         0    0.009675055  0.009675055   0.019350109   0.000000000
   sum over m      0.059971742  0.059971742   0.119943484   0.000000000
   sum over m+mul  0.059971742  0.059971742   0.119943484   0.000000000

   36    C          Up spin      Down spin     Sum           Diff
            multiple
  s           0    0.544028270  0.544028270   1.088056539   0.000000000
   sum over m      0.544028270  0.544028270   1.088056539   0.000000000
  s           1    0.014838399  0.014838399   0.029676798   0.000000000
   sum over m      0.014838399  0.014838399   0.029676798   0.000000000
   sum over m+mul  0.558866668  0.558866668   1.117733337   0.000000000
  px          0    0.420486807  0.420486807   0.840973615   0.000000000
  py          0    0.420558709  0.420558709   0.841117418   0.000000000
  pz          0    0.490420790  0.490420790   0.980841581   0.000000000
   sum over m      1.331466307  1.331466307   2.662932614   0.000000000
  px          1    0.029703583  0.029703583   0.059407166   0.000000000
  py          1    0.029760433  0.029760433   0.059520867   0.000000000
  pz          1   -0.009768690 -0.009768690  -0.019537380   0.000000000
   sum over m      0.049695327  0.049695327   0.099390653   0.000000000
   sum over m+mul  1.381161634  1.381161634   2.762323267   0.000000000
  d3z^2-r^2   0    0.002825630  0.002825630   0.005651259   0.000000000
  dx^2-y^2    0    0.018897955  0.018897955   0.037795910   0.000000000
  dxy         0    0.018899387  0.018899387   0.037798775   0.000000000
  dxz         0    0.009673669  0.009673669   0.019347338   0.000000000
  dyz         0    0.009674859  0.009674859   0.019349718   0.000000000
   sum over m      0.059971500  0.059971500   0.119943000   0.000000000
   sum over m+mul  0.059971500  0.059971500   0.119943000   0.000000000

   37    C          Up spin      Down spin     Sum           Diff
            multiple
  s           0    0.544029591  0.544029591   1.088059181   0.000000000
   sum over m      0.544029591  0.544029591   1.088059181   0.000000000
  s           1    0.014838355  0.014838355   0.029676711   0.000000000
   sum over m      0.014838355  0.014838355   0.029676711   0.000000000
   sum over m+mul  0.558867946  0.558867946   1.117735892   0.000000000
  px          0    0.420487021  0.420487021   0.840974042   0.000000000
  py          0    0.420559385  0.420559385   0.841118769   0.000000000
  pz          0    0.490419579  0.490419579   0.980839158   0.000000000
   sum over m      1.331465984  1.331465984   2.662931969   0.000000000
  px          1    0.029702921  0.029702921   0.059405842   0.000000000
  py          1    0.029760644  0.029760644   0.059521289   0.000000000
  pz          1   -0.009768907 -0.009768907  -0.019537815   0.000000000
   sum over m      0.049694658  0.049694658   0.099389316   0.000000000
   sum over m+mul  1.381160642  1.381160642   2.762321284   0.000000000
  d3z^2-r^2   0    0.002825650  0.002825650   0.005651301   0.000000000
  dx^2-y^2    0    0.018897783  0.018897783   0.037795566   0.000000000
  dxy         0    0.018899360  0.018899360   0.037798721   0.000000000
  dxz         0    0.009673881  0.009673881   0.019347761   0.000000000
  dyz         0    0.009675010  0.009675010   0.019350019   0.000000000
   sum over m      0.059971684  0.059971684   0.119943368   0.000000000
   sum over m+mul  0.059971684  0.059971684   0.119943368   0.000000000

   38    C          Up spin      Down spin     Sum           Diff
            multiple
  s           0    0.544029297  0.544029297   1.088058593   0.000000000
   sum over m      0.544029297  0.544029297   1.088058593   0.000000000
  s           1    0.014838253  0.014838253   0.029676506   0.000000000
   sum over m      0.014838253  0.014838253   0.029676506   0.000000000
   sum over m+mul  0.558867550  0.558867550   1.117735099   0.000000000
  px          0    0.420486672  0.420486672   0.840973344   0.000000000
  py          0    0.420559183  0.420559183   0.841118365   0.000000000
  pz          0    0.490420524  0.490420524   0.980841047   0.000000000
   sum over m      1.331466378  1.331466378   2.662932756   0.000000000
  px          1    0.029702606  0.029702606   0.059405213   0.000000000
  py          1    0.029760558  0.029760558   0.059521116   0.000000000
  pz          1   -0.009768899 -0.009768899  -0.019537797   0.000000000
   sum over m      0.049694266  0.049694266   0.099388532   0.000000000
   sum over m+mul  1.381160644  1.381160644   2.762321288   0.000000000
  d3z^2-r^2   0    0.002825645  0.002825645   0.005651290   0.000000000
  dx^2-y^2    0    0.018897743  0.018897743   0.037795485   0.000000000
  dxy         0    0.018899360  0.018899360   0.037798719   0.000000000
  dxz         0    0.009673830  0.009673830   0.019347659   0.000000000
  dyz         0    0.009674981  0.009674981   0.019349962   0.000000000
   sum over m      0.059971558  0.059971558   0.119943116   0.000000000
   sum over m+mul  0.059971558  0.059971558   0.119943116   0.000000000

   39    C          Up spin      Down spin     Sum           Diff
            multiple
  s           0    0.544029521  0.544029521   1.088059041   0.000000000
   sum over m      0.544029521  0.544029521   1.088059041   0.000000000
  s           1    0.014838271  0.014838271   0.029676541   0.000000000
   sum over m      0.014838271  0.014838271   0.029676541   0.000000000
   sum over m+mul  0.558867791  0.558867791   1.117735583   0.000000000
  px          0    0.420486919  0.420486919   0.840973838   0.000000000
  py          0    0.420559311  0.420559311   0.841118622   0.000000000
  pz          0    0.490419804  0.490419804   0.980839608   0.000000000
   sum over m      1.331466034  1.331466034   2.662932068   0.000000000
  px          1    0.029702730  0.029702730   0.059405460   0.000000000
  py          1    0.029760620  0.029760620   0.059521240   0.000000000
  pz          1   -0.009768913 -0.009768913  -0.019537825   0.000000000
   sum over m      0.049694438  0.049694438   0.099388875   0.000000000
   sum over m+mul  1.381160472  1.381160472   2.762320943   0.000000000
  d3z^2-r^2   0    0.002825647  0.002825647   0.005651294   0.000000000
  dx^2-y^2    0    0.018897748  0.018897748   0.037795497   0.000000000
  dxy         0    0.018899363  0.018899363   0.037798726   0.000000000
  dxz         0    0.009673870  0.009673870   0.019347740   0.000000000
  dyz         0    0.009674996  0.009674996   0.019349991   0.000000000
   sum over m      0.059971624  0.059971624   0.119943247   0.000000000
   sum over m+mul  0.059971624  0.059971624   0.119943247   0.000000000

   40    C          Up spin      Down spin     Sum           Diff
            multiple
  s           0    0.544029414  0.544029414   1.088058827   0.000000000
   sum over m      0.544029414  0.544029414   1.088058827   0.000000000
  s           1    0.014838278  0.014838278   0.029676555   0.000000000
   sum over m      0.014838278  0.014838278   0.029676555   0.000000000
   sum over m+mul  0.558867691  0.558867691   1.117735383   0.000000000
  px          0    0.420486847  0.420486847   0.840973694   0.000000000
  py          0    0.420559269  0.420559269   0.841118537   0.000000000
  pz          0    0.490420180  0.490420180   0.980840359   0.000000000
   sum over m      1.331466295  1.331466295   2.662932590   0.000000000
  px          1    0.029702730  0.029702730   0.059405459   0.000000000
  py          1    0.029760613  0.029760613   0.059521226   0.000000000
  pz          1   -0.009768904 -0.009768904  -0.019537809   0.000000000
   sum over m      0.049694438  0.049694438   0.099388877   0.000000000
   sum over m+mul  1.381160734  1.381160734   2.762321467   0.000000000
  d3z^2-r^2   0    0.002825647  0.002825647   0.005651294   0.000000000
  dx^2-y^2    0    0.018897744  0.018897744   0.037795488   0.000000000
  dxy         0    0.018899367  0.018899367   0.037798733   0.000000000
  dxz         0    0.009673845  0.009673845   0.019347690   0.000000000
  dyz         0    0.009674980  0.009674980   0.019349959   0.000000000
   sum over m      0.059971582  0.059971582   0.119943165   0.000000000
   sum over m+mul  0.059971582  0.059971582   0.119943165   0.000000000

   41    C          Up spin      Down spin     Sum           Diff
            multiple
  s           0    0.544029466  0.544029466   1.088058932   0.000000000
   sum over m      0.544029466  0.544029466   1.088058932   0.000000000
  s           1    0.014838279  0.014838279   0.029676557   0.000000000
   sum over m      0.014838279  0.014838279   0.029676557   0.000000000
   sum over m+mul  0.558867745  0.558867745   1.117735490   0.000000000
  px          0    0.420486891  0.420486891   0.840973782   0.000000000
  py          0    0.420559290  0.420559290   0.841118581   0.000000000
  pz          0    0.490420023  0.490420023   0.980840046   0.000000000
   sum over m      1.331466204  1.331466204   2.662932409   0.000000000
  px          1    0.029702733  0.029702733   0.059405466   0.000000000
  py          1    0.029760617  0.029760617   0.059521235   0.000000000
  pz          1   -0.009768906 -0.009768906  -0.019537812   0.000000000
   sum over m      0.049694444  0.049694444   0.099388889   0.000000000
   sum over m+mul  1.381160649  1.381160649   2.762321297   0.000000000
  d3z^2-r^2   0    0.002825647  0.002825647   0.005651294   0.000000000
  dx^2-y^2    0    0.018897746  0.018897746   0.037795492   0.000000000
  dxy         0    0.018899364  0.018899364   0.037798727   0.000000000
  dxz         0    0.009673856  0.009673856   0.019347711   0.000000000
  dyz         0    0.009674989  0.009674989   0.019349979   0.000000000
   sum over m      0.059971602  0.059971602   0.119943203   0.000000000
   sum over m+mul  0.059971602  0.059971602   0.119943203   0.000000000

   42    C          Up spin      Down spin     Sum           Diff
            multiple
  s           0    0.544029447  0.544029447   1.088058895   0.000000000
   sum over m      0.544029447  0.544029447   1.088058895   0.000000000
  s           1    0.014838279  0.014838279   0.029676557   0.000000000
   sum over m      0.014838279  0.014838279   0.029676557   0.000000000
   sum over m+mul  0.558867726  0.558867726   1.117735452   0.000000000
  px          0    0.420486860  0.420486860   0.840973720   0.000000000
  py          0    0.420559291  0.420559291   0.841118583   0.000000000
  pz          0    0.490420075  0.490420075   0.980840149   0.000000000
   sum over m      1.331466226  1.331466226   2.662932453   0.000000000
  px          1    0.029702733  0.029702733   0.059405466   0.000000000
  py          1    0.029760618  0.029760618   0.059521236   0.000000000
  pz          1   -0.009768905 -0.009768905  -0.019537811   0.000000000
   sum over m      0.049694445  0.049694445   0.099388891   0.000000000
   sum over m+mul  1.381160672  1.381160672   2.762321343   0.000000000
  d3z^2-r^2   0    0.002825647  0.002825647   0.005651294   0.000000000
  dx^2-y^2    0    0.018897745  0.018897745   0.037795490   0.000000000
  dxy         0    0.018899367  0.018899367   0.037798733   0.000000000
  dxz         0    0.009673844  0.009673844   0.019347687   0.000000000
  dyz         0    0.009674989  0.009674989   0.019349978   0.000000000
   sum over m      0.059971591  0.059971591   0.119943183   0.000000000
   sum over m+mul  0.059971591  0.059971591   0.119943183   0.000000000

   43    C          Up spin      Down spin     Sum           Diff
            multiple
  s           0    0.544029476  0.544029476   1.088058952   0.000000000
   sum over m      0.544029476  0.544029476   1.088058952   0.000000000
  s           1    0.014838278  0.014838278   0.029676556   0.000000000
   sum over m      0.014838278  0.014838278   0.029676556   0.000000000
   sum over m+mul  0.558867754  0.558867754   1.117735508   0.000000000
  px          0    0.420486884  0.420486884   0.840973768   0.000000000
  py          0    0.420559296  0.420559296   0.841118591   0.000000000
  pz          0    0.490419996  0.490419996   0.980839993   0.000000000
   sum over m      1.331466176  1.331466176   2.662932352   0.000000000
  px          1    0.029702736  0.029702736   0.059405471   0.000000000
  py          1    0.029760621  0.029760621   0.059521242   0.000000000
  pz          1   -0.009768909 -0.009768909  -0.019537817   0.000000000
   sum over m      0.049694448  0.049694448   0.099388896   0.000000000
   sum over m+mul  1.381160624  1.381160624   2.762321247   0.000000000
  d3z^2-r^2   0    0.002825647  0.002825647   0.005651294   0.000000000
  dx^2-y^2    0    0.018897747  0.018897747   0.037795493   0.000000000
  dxy         0    0.018899366  0.018899366   0.037798731   0.000000000
  dxz         0    0.009673848  0.009673848   0.019347696   0.000000000
  dyz         0    0.009674989  0.009674989   0.019349979   0.000000000
   sum over m      0.059971597  0.059971597   0.119943194   0.000000000
   sum over m+mul  0.059971597  0.059971597   0.119943194   0.000000000

   44    C          Up spin      Down spin     Sum           Diff
            multiple
  s           0    0.544029452  0.544029452   1.088058903   0.000000000
   sum over m      0.544029452  0.544029452   1.088058903   0.000000000
  s           1    0.014838278  0.014838278   0.029676556   0.000000000
   sum over m      0.014838278  0.014838278   0.029676556   0.000000000
   sum over m+mul  0.558867729  0.558867729   1.117735459   0.000000000
  px          0    0.420486874  0.420486874   0.840973747   0.000000000
  py          0    0.420559288  0.420559288   0.841118576   0.000000000
  pz          0    0.490420066  0.490420066   0.980840132   0.000000000
   sum over m      1.331466227  1.331466227   2.662932455   0.000000000
  px          1    0.029702732  0.029702732   0.059405463   0.000000000
  py          1    0.029760615  0.029760615   0.059521229   0.000000000
  pz          1   -0.009768905 -0.009768905  -0.019537810   0.000000000
   sum over m      0.049694441  0.049694441   0.099388882   0.000000000
   sum over m+mul  1.381160668  1.381160668   2.762321337   0.000000000
  d3z^2-r^2   0    0.002825647  0.002825647   0.005651294   0.000000000
  dx^2-y^2    0    0.018897746  0.018897746   0.037795492   0.000000000
  dxy         0    0.018899366  0.018899366   0.037798731   0.000000000
  dxz         0    0.009673848  0.009673848   0.019347696   0.000000000
  dyz         0    0.009674987  0.009674987   0.019349974   0.000000000
   sum over m      0.059971594  0.059971594   0.119943188   0.000000000
   sum over m+mul  0.059971594  0.059971594   0.119943188   0.000000000

   45    C          Up spin      Down spin     Sum           Diff
            multiple
  s           0    0.544029473  0.544029473   1.088058945   0.000000000
   sum over m      0.544029473  0.544029473   1.088058945   0.000000000
  s           1    0.014838280  0.014838280   0.029676560   0.000000000
   sum over m      0.014838280  0.014838280   0.029676560   0.000000000
   sum over m+mul  0.558867752  0.558867752   1.117735505   0.000000000
  px          0    0.420486877  0.420486877   0.840973753   0.000000000
  py          0    0.420559305  0.420559305   0.841118611   0.000000000
  pz          0    0.490420013  0.490420013   0.980840026   0.000000000
   sum over m      1.331466195  1.331466195   2.662932390   0.000000000
  px          1    0.029702734  0.029702734   0.059405468   0.000000000
  py          1    0.029760620  0.029760620   0.059521240   0.000000000
  pz          1   -0.009768907 -0.009768907  -0.019537813   0.000000000
   sum over m      0.049694448  0.049694448   0.099388895   0.000000000
   sum over m+mul  1.381160643  1.381160643   2.762321285   0.000000000
  d3z^2-r^2   0    0.002825647  0.002825647   0.005651294   0.000000000
  dx^2-y^2    0    0.018897744  0.018897744   0.037795489   0.000000000
  dxy         0    0.018899368  0.018899368   0.037798735   0.000000000
  dxz         0    0.009673848  0.009673848   0.019347696   0.000000000
  dyz         0    0.009674994  0.009674994   0.019349988   0.000000000
   sum over m      0.059971601  0.059971601   0.119943202   0.000000000
   sum over m+mul  0.059971601  0.059971601   0.119943202   0.000000000

   46    C          Up spin      Down spin     Sum           Diff
            multiple
  s           0    0.544029434  0.544029434   1.088058867   0.000000000
   sum over m      0.544029434  0.544029434   1.088058867   0.000000000
  s           1    0.014838275  0.014838275   0.029676550   0.000000000
   sum over m      0.014838275  0.014838275   0.029676550   0.000000000
   sum over m+mul  0.558867709  0.558867709   1.117735418   0.000000000
  px          0    0.420486840  0.420486840   0.840973679   0.000000000
  py          0    0.420559270  0.420559270   0.841118541   0.000000000
  pz          0    0.490420143  0.490420143   0.980840285   0.000000000
   sum over m      1.331466253  1.331466253   2.662932505   0.000000000
  px          1    0.029702718  0.029702718   0.059405436   0.000000000
  py          1    0.029760584  0.029760584   0.059521168   0.000000000
  pz          1   -0.009768904 -0.009768904  -0.019537807   0.000000000
   sum over m      0.049694398  0.049694398   0.099388796   0.000000000
   sum over m+mul  1.381160651  1.381160651   2.762321302   0.000000000
  d3z^2-r^2   0    0.002825647  0.002825647   0.005651294   0.000000000
  dx^2-y^2    0    0.018897751  0.018897751   0.037795502   0.000000000
  dxy         0    0.018899372  0.018899372   0.037798743   0.000000000
  dxz         0    0.009673832  0.009673832   0.019347665   0.000000000
  dyz         0    0.009674990  0.009674990   0.019349980   0.000000000
   sum over m      0.059971592  0.059971592   0.119943184   0.000000000
   sum over m+mul  0.059971592  0.059971592   0.119943184   0.000000000

   47    C          Up spin      Down spin     Sum           Diff
            multiple
  s           0    0.544029564  0.544029564   1.088059129   0.000000000
   sum over m      0.544029564  0.544029564   1.088059129   0.000000000
  s           1    0.014838357  0.014838357   0.029676713   0.000000000
   sum over m      0.014838357  0.014838357   0.029676713   0.000000000
   sum over m+mul  0.558867921  0.558867921   1.117735842   0.000000000
  px          0    0.420486884  0.420486884   0.840973767   0.000000000
  py          0    0.420559491  0.420559491   0.841118983   0.000000000
  pz          0    0.490419582  0.490419582   0.980839165   0.000000000
   sum over m      1.331465958  1.331465958   2.662931915   0.000000000
  px          1    0.029702767  0.029702767   0.059405533   0.000000000
  py          1    0.029760804  0.029760804   0.059521609   0.000000000
  pz          1   -0.009768905 -0.009768905  -0.019537810   0.000000000
   sum over m      0.049694666  0.049694666   0.099389332   0.000000000
   sum over m+mul  1.381160624  1.381160624   2.762321247   0.000000000
  d3z^2-r^2   0    0.002825651  0.002825651   0.005651302   0.000000000
  dx^2-y^2    0    0.018897734  0.018897734   0.037795469   0.000000000
  dxy         0    0.018899406  0.018899406   0.037798812   0.000000000
  dxz         0    0.009673837  0.009673837   0.019347674   0.000000000
  dyz         0    0.009675054  0.009675054   0.019350109   0.000000000
   sum over m      0.059971683  0.059971683   0.119943365   0.000000000
   sum over m+mul  0.059971683  0.059971683   0.119943365   0.000000000

   48    C          Up spin      Down spin     Sum           Diff
            multiple
  s           0    0.544028142  0.544028142   1.088056284   0.000000000
   sum over m      0.544028142  0.544028142   1.088056284   0.000000000
  s           1    0.014838407  0.014838407   0.029676815   0.000000000
   sum over m      0.014838407  0.014838407   0.029676815   0.000000000
   sum over m+mul  0.558866549  0.558866549   1.117733098   0.000000000
  px          0    0.420486337  0.420486337   0.840972673   0.000000000
  py          0    0.420559287  0.420559287   0.841118575   0.000000000
  pz          0    0.490420784  0.490420784   0.980841567   0.000000000
   sum over m      1.331466408  1.331466408   2.662932815   0.000000000
  px          1    0.029703140  0.029703140   0.059406280   0.000000000
  py          1    0.029760775  0.029760775   0.059521549   0.000000000
  pz          1   -0.009768692 -0.009768692  -0.019537383   0.000000000
   sum over m      0.049695223  0.049695223   0.099390446   0.000000000
   sum over m+mul  1.381161631  1.381161631   2.762323262   0.000000000
  d3z^2-r^2   0    0.002825629  0.002825629   0.005651259   0.000000000
  dx^2-y^2    0    0.018897879  0.018897879   0.037795758   0.000000000
  dxy         0    0.018899475  0.018899475   0.037798949   0.000000000
  dxz         0    0.009673579  0.009673579   0.019347159   0.000000000
  dyz         0    0.009674949  0.009674949   0.019349898   0.000000000
   sum over m      0.059971512  0.059971512   0.119943023   0.000000000
   sum over m+mul  0.059971512  0.059971512   0.119943023   0.000000000

   49    C          Up spin      Down spin     Sum           Diff
            multiple
  s           0    0.544028928  0.544028928   1.088057855   0.000000000
   sum over m      0.544028928  0.544028928   1.088057855   0.000000000
  s           1    0.014836301  0.014836301   0.029672601   0.000000000
   sum over m      0.014836301  0.014836301   0.029672601   0.000000000
   sum over m+mul  0.558865228  0.558865228   1.117730456   0.000000000
  px          0    0.420488180  0.420488180   0.840976359   0.000000000
  py          0    0.420568806  0.420568806   0.841137613   0.000000000
  pz          0    0.490408788  0.490408788   0.980817576   0.000000000
   sum over m      1.331465774  1.331465774   2.662931548   0.000000000
  px          1    0.029700275  0.029700275   0.059400550   0.000000000
  py          1    0.029761897  0.029761897   0.059523794   0.000000000
  pz          1   -0.009769551 -0.009769551  -0.019539102   0.000000000
   sum over m      0.049692621  0.049692621   0.099385242   0.000000000
   sum over m+mul  1.381158395  1.381158395   2.762316790   0.000000000
  d3z^2-r^2   0    0.002826323  0.002826323   0.005652646   0.000000000
  dx^2-y^2    0    0.018897076  0.018897076   0.037794152   0.000000000
  dxy         0    0.018898804  0.018898804   0.037797609   0.000000000
  dxz         0    0.009674009  0.009674009   0.019348019   0.000000000
  dyz         0    0.009674653  0.009674653   0.019349306   0.000000000
   sum over m      0.059970866  0.059970866   0.119941731   0.000000000
   sum over m+mul  0.059970866  0.059970866   0.119941731   0.000000000

   50    C          Up spin      Down spin     Sum           Diff
            multiple
  s           0    0.544027718  0.544027718   1.088055436   0.000000000
   sum over m      0.544027718  0.544027718   1.088055436   0.000000000
  s           1    0.014832365  0.014832365   0.029664730   0.000000000
   sum over m      0.014832365  0.014832365   0.029664730   0.000000000
   sum over m+mul  0.558860083  0.558860083   1.117720166   0.000000000
  px          0    0.420507963  0.420507963   0.841015926   0.000000000
  py          0    0.420580520  0.420580520   0.841161040   0.000000000
  pz          0    0.490417399  0.490417399   0.980834798   0.000000000
   sum over m      1.331505882  1.331505882   2.663011764   0.000000000
  px          1    0.029698886  0.029698886   0.059397773   0.000000000
  py          1    0.029756784  0.029756784   0.059513569   0.000000000
  pz          1   -0.009768349 -0.009768349  -0.019536698   0.000000000
   sum over m      0.049687321  0.049687321   0.099374643   0.000000000
   sum over m+mul  1.381193203  1.381193203   2.762386407   0.000000000
  d3z^2-r^2   0    0.002827479  0.002827479   0.005654959   0.000000000
  dx^2-y^2    0    0.018895120  0.018895120   0.037790241   0.000000000
  dxy         0    0.018896741  0.018896741   0.037793482   0.000000000
  dxz         0    0.009673376  0.009673376   0.019346752   0.000000000
  dyz         0    0.009674518  0.009674518   0.019349036   0.000000000
   sum over m      0.059967235  0.059967235   0.119934470   0.000000000
   sum over m+mul  0.059967235  0.059967235   0.119934470   0.000000000

   51    C          Up spin      Down spin     Sum           Diff
            multiple
  s           0    0.544028948  0.544028948   1.088057896   0.000000000
   sum over m      0.544028948  0.544028948   1.088057896   0.000000000
  s           1    0.014836440  0.014836440   0.029672879   0.000000000
   sum over m      0.014836440  0.014836440   0.029672879   0.000000000
   sum over m+mul  0.558865387  0.558865387   1.117730775   0.000000000
  px          0    0.420494508  0.420494508   0.840989015   0.000000000
  py          0    0.420562750  0.420562750   0.841125499   0.000000000
  pz          0    0.490408815  0.490408815   0.980817630   0.000000000
   sum over m      1.331466073  1.331466073   2.662932145   0.000000000
  px          1    0.029702981  0.029702981   0.059405962   0.000000000
  py          1    0.029759120  0.029759120   0.059518239   0.000000000
  pz          1   -0.009769543 -0.009769543  -0.019539087   0.000000000
   sum over m      0.049692557  0.049692557   0.099385114   0.000000000
   sum over m+mul  1.381158630  1.381158630   2.762317259   0.000000000
  d3z^2-r^2   0    0.002826326  0.002826326   0.005652653   0.000000000
  dx^2-y^2    0    0.018897154  0.018897154   0.037794308   0.000000000
  dxy         0    0.018898725  0.018898725   0.037797450   0.000000000
  dxz         0    0.009673639  0.009673639   0.019347278   0.000000000
  dyz         0    0.009675029  0.009675029   0.019350057   0.000000000
   sum over m      0.059970873  0.059970873   0.119941746   0.000000000
   sum over m+mul  0.059970873  0.059970873   0.119941746   0.000000000

   52    C          Up spin      Down spin     Sum           Diff
            multiple
  s           0    0.544028271  0.544028271   1.088056541   0.000000000
   sum over m      0.544028271  0.544028271   1.088056541   0.000000000
  s           1    0.014838398  0.014838398   0.029676796   0.000000000
   sum over m      0.014838398  0.014838398   0.029676796   0.000000000
   sum over m+mul  0.558866669  0.558866669   1.117733338   0.000000000
  px          0    0.420486564  0.420486564   0.840973127   0.000000000
  py          0    0.420558955  0.420558955   0.841117910   0.000000000
  pz          0    0.490420790  0.490420790   0.980841581   0.000000000
   sum over m      1.331466309  1.331466309   2.662932618   0.000000000
  px          1    0.029702416  0.029702416   0.059404832   0.000000000
  py          1    0.029761598  0.029761598   0.059523196   0.000000000
  pz          1   -0.009768690 -0.009768690  -0.019537380   0.000000000
   sum over m      0.049695324  0.049695324   0.099390648   0.000000000
   sum over m+mul  1.381161633  1.381161633   2.762323266   0.000000000
  d3z^2-r^2   0    0.002825630  0.002825630   0.005651259   0.000000000
  dx^2-y^2    0    0.018897761  0.018897761   0.037795521   0.000000000
  dxy         0    0.018899582  0.018899582   0.037799164   0.000000000
  dxz         0    0.009673829  0.009673829   0.019347658   0.000000000
  dyz         0    0.009674699  0.009674699   0.019349398   0.000000000
   sum over m      0.059971500  0.059971500   0.119943001   0.000000000
   sum over m+mul  0.059971500  0.059971500   0.119943001   0.000000000

   53    C          Up spin      Down spin     Sum           Diff
            multiple
  s           0    0.544029591  0.544029591   1.088059182   0.000000000
   sum over m      0.544029591  0.544029591   1.088059182   0.000000000
  s           1    0.014838355  0.014838355   0.029676710   0.000000000
   sum over m      0.014838355  0.014838355   0.029676710   0.000000000
   sum over m+mul  0.558867946  0.558867946   1.117735892   0.000000000
  px          0    0.420487065  0.420487065   0.840974130   0.000000000
  py          0    0.420559340  0.420559340   0.841118680   0.000000000
  pz          0    0.490419579  0.490419579   0.980839159   0.000000000
   sum over m      1.331465984  1.331465984   2.662931969   0.000000000
  px          1    0.029702837  0.029702837   0.059405674   0.000000000
  py          1    0.029760728  0.029760728   0.059521455   0.000000000
  pz          1   -0.009768907 -0.009768907  -0.019537815   0.000000000
   sum over m      0.049694657  0.049694657   0.099389315   0.000000000
   sum over m+mul  1.381160642  1.381160642   2.762321284   0.000000000
  d3z^2-r^2   0    0.002825650  0.002825650   0.005651301   0.000000000
  dx^2-y^2    0    0.018897769  0.018897769   0.037795537   0.000000000
  dxy         0    0.018899375  0.018899375   0.037798749   0.000000000
  dxz         0    0.009673904  0.009673904   0.019347808   0.000000000
  dyz         0    0.009674986  0.009674986   0.019349973   0.000000000
   sum over m      0.059971684  0.059971684   0.119943368   0.000000000
   sum over m+mul  0.059971684  0.059971684   0.119943368   0.000000000

   54    C          Up spin      Down spin     Sum           Diff
            multiple
  s           0    0.544029431  0.544029431   1.088058861   0.000000000
   sum over m      0.544029431  0.544029431   1.088058861   0.000000000
  s           1    0.014838275  0.014838275   0.029676550   0.000000000
   sum over m      0.014838275  0.014838275   0.029676550   0.000000000
   sum over m+mul  0.558867706  0.558867706   1.117735411   0.000000000
  px          0    0.420486802  0.420486802   0.840973605   0.000000000
  py          0    0.420559314  0.420559314   0.841118627   0.000000000
  pz          0    0.490420141  0.490420141   0.980840282   0.000000000
   sum over m      1.331466257  1.331466257   2.662932514   0.000000000
  px          1    0.029702717  0.029702717   0.059405434   0.000000000
  py          1    0.029760589  0.029760589   0.059521178   0.000000000
  pz          1   -0.009768903 -0.009768903  -0.019537806   0.000000000
   sum over m      0.049694403  0.049694403   0.099388807   0.000000000
   sum over m+mul  1.381160660  1.381160660   2.762321321   0.000000000
  d3z^2-r^2   0    0.002825647  0.002825647   0.005651294   0.000000000
  dx^2-y^2    0    0.018897739  0.018897739   0.037795479   0.000000000
  dxy         0    0.018899382  0.018899382   0.037798765   0.000000000
  dxz         0    0.009673837  0.009673837   0.019347673   0.000000000
  dyz         0    0.009674985  0.009674985   0.019349971   0.000000000
   sum over m      0.059971591  0.059971591   0.119943182   0.000000000
   sum over m+mul  0.059971591  0.059971591   0.119943182   0.000000000

   55    C          Up spin      Down spin     Sum           Diff
            multiple
  s           0    0.544029474  0.544029474   1.088058947   0.000000000
   sum over m      0.544029474  0.544029474   1.088058947   0.000000000
  s           1    0.014838280  0.014838280   0.029676560   0.000000000
   sum over m      0.014838280  0.014838280   0.029676560   0.000000000
   sum over m+mul  0.558867754  0.558867754   1.117735507   0.000000000
  px          0    0.420486901  0.420486901   0.840973802   0.000000000
  py          0    0.420559282  0.420559282   0.841118564   0.000000000
  pz          0    0.490420012  0.490420012   0.980840025   0.000000000
   sum over m      1.331466195  1.331466195   2.662932391   0.000000000
  px          1    0.029702736  0.029702736   0.059405472   0.000000000
  py          1    0.029760619  0.029760619   0.059521238   0.000000000
  pz          1   -0.009768907 -0.009768907  -0.019537813   0.000000000
   sum over m      0.049694448  0.049694448   0.099388896   0.000000000
   sum over m+mul  1.381160643  1.381160643   2.762321287   0.000000000
  d3z^2-r^2   0    0.002825647  0.002825647   0.005651294   0.000000000
  dx^2-y^2    0    0.018897748  0.018897748   0.037795495   0.000000000
  dxy         0    0.018899364  0.018899364   0.037798729   0.000000000
  dxz         0    0.009673854  0.009673854   0.019347708   0.000000000
  dyz         0    0.009674987  0.009674987   0.019349975   0.000000000
   sum over m      0.059971601  0.059971601   0.119943202   0.000000000
   sum over m+mul  0.059971601  0.059971601   0.119943202   0.000000000

   56    C          Up spin      Down spin     Sum           Diff
            multiple
  s           0    0.544029453  0.544029453   1.088058906   0.000000000
   sum over m      0.544029453  0.544029453   1.088058906   0.000000000
  s           1    0.014838278  0.014838278   0.029676556   0.000000000
   sum over m      0.014838278  0.014838278   0.029676556   0.000000000
   sum over m+mul  0.558867731  0.558867731   1.117735462   0.000000000
  px          0    0.420486859  0.420486859   0.840973717   0.000000000
  py          0    0.420559301  0.420559301   0.841118602   0.000000000
  pz          0    0.490420066  0.490420066   0.980840133   0.000000000
   sum over m      1.331466226  1.331466226   2.662932452   0.000000000
  px          1    0.029702732  0.029702732   0.059405463   0.000000000
  py          1    0.029760614  0.029760614   0.059521228   0.000000000
  pz          1   -0.009768905 -0.009768905  -0.019537810   0.000000000
   sum over m      0.049694441  0.049694441   0.099388882   0.000000000
   sum over m+mul  1.381160667  1.381160667   2.762321334   0.000000000
  d3z^2-r^2   0    0.002825647  0.002825647   0.005651294   0.000000000
  dx^2-y^2    0    0.018897744  0.018897744   0.037795488   0.000000000
  dxy         0    0.018899368  0.018899368   0.037798736   0.000000000
  dxz         0    0.009673845  0.009673845   0.019347690   0.000000000
  dyz         0    0.009674990  0.009674990   0.019349980   0.000000000
   sum over m      0.059971594  0.059971594   0.119943188   0.000000000
   sum over m+mul  0.059971594  0.059971594   0.119943188   0.000000000

   57    C          Up spin      Down spin     Sum           Diff
            multiple
  s           0    0.544029445  0.544029445   1.088058889   0.000000000
   sum over m      0.544029445  0.544029445   1.088058889   0.000000000
  s           1    0.014838280  0.014838280   0.029676560   0.000000000
   sum over m      0.014838280  0.014838280   0.029676560   0.000000000
   sum over m+mul  0.558867724  0.558867724   1.117735449   0.000000000
  px          0    0.420486870  0.420486870   0.840973740   0.000000000
  py          0    0.420559284  0.420559284   0.841118568   0.000000000
  pz          0    0.490420091  0.490420091   0.980840183   0.000000000
   sum over m      1.331466245  1.331466245   2.662932490   0.000000000
  px          1    0.029702732  0.029702732   0.059405464   0.000000000
  py          1    0.029760616  0.029760616   0.059521233   0.000000000
  pz          1   -0.009768905 -0.009768905  -0.019537810   0.000000000
   sum over m      0.049694443  0.049694443   0.099388886   0.000000000
   sum over m+mul  1.381160688  1.381160688   2.762321377   0.000000000
  d3z^2-r^2   0    0.002825647  0.002825647   0.005651294   0.000000000
  dx^2-y^2    0    0.018897744  0.018897744   0.037795489   0.000000000
  dxy         0    0.018899364  0.018899364   0.037798728   0.000000000
  dxz         0    0.009673849  0.009673849   0.019347697   0.000000000
  dyz         0    0.009674990  0.009674990   0.019349980   0.000000000
   sum over m      0.059971594  0.059971594   0.119943188   0.000000000
   sum over m+mul  0.059971594  0.059971594   0.119943188   0.000000000

   58    C          Up spin      Down spin     Sum           Diff
            multiple
  s           0    0.544029444  0.544029444   1.088058888   0.000000000
   sum over m      0.544029444  0.544029444   1.088058888   0.000000000
  s           1    0.014838278  0.014838278   0.029676557   0.000000000
   sum over m      0.014838278  0.014838278   0.029676557   0.000000000
   sum over m+mul  0.558867722  0.558867722   1.117735445   0.000000000
  px          0    0.420486863  0.420486863   0.840973726   0.000000000
  py          0    0.420559296  0.420559296   0.841118593   0.000000000
  pz          0    0.490420081  0.490420081   0.980840162   0.000000000
   sum over m      1.331466240  1.331466240   2.662932480   0.000000000
  px          1    0.029702733  0.029702733   0.059405466   0.000000000
  py          1    0.029760617  0.029760617   0.059521234   0.000000000
  pz          1   -0.009768905 -0.009768905  -0.019537811   0.000000000
   sum over m      0.049694444  0.049694444   0.099388888   0.000000000
   sum over m+mul  1.381160684  1.381160684   2.762321368   0.000000000
  d3z^2-r^2   0    0.002825647  0.002825647   0.005651294   0.000000000
  dx^2-y^2    0    0.018897744  0.018897744   0.037795489   0.000000000
  dxy         0    0.018899366  0.018899366   0.037798731   0.000000000
  dxz         0    0.009673846  0.009673846   0.019347693   0.000000000
  dyz         0    0.009674993  0.009674993   0.019349985   0.000000000
   sum over m      0.059971596  0.059971596   0.119943192   0.000000000
   sum over m+mul  0.059971596  0.059971596   0.119943192   0.000000000

   59    C          Up spin      Down spin     Sum           Diff
            multiple
  s           0    0.544029444  0.544029444   1.088058888   0.000000000
   sum over m      0.544029444  0.544029444   1.088058888   0.000000000
  s           1    0.014838280  0.014838280   0.029676560   0.000000000
   sum over m      0.014838280  0.014838280   0.029676560   0.000000000
   sum over m+mul  0.558867724  0.558867724   1.117735448   0.000000000
  px          0    0.420486877  0.420486877   0.840973755   0.000000000
  py          0    0.420559277  0.420559277   0.841118553   0.000000000
  pz          0    0.490420092  0.490420092   0.980840184   0.000000000
   sum over m      1.331466246  1.331466246   2.662932492   0.000000000
  px          1    0.029702733  0.029702733   0.059405467   0.000000000
  py          1    0.029760616  0.029760616   0.059521232   0.000000000
  pz          1   -0.009768905 -0.009768905  -0.019537810   0.000000000
   sum over m      0.049694444  0.049694444   0.099388889   0.000000000
   sum over m+mul  1.381160690  1.381160690   2.762321380   0.000000000
  d3z^2-r^2   0    0.002825647  0.002825647   0.005651294   0.000000000
  dx^2-y^2    0    0.018897747  0.018897747   0.037795493   0.000000000
  dxy         0    0.018899362  0.018899362   0.037798724   0.000000000
  dxz         0    0.009673848  0.009673848   0.019347696   0.000000000
  dyz         0    0.009674990  0.009674990   0.019349981   0.000000000
   sum over m      0.059971594  0.059971594   0.119943188   0.000000000
   sum over m+mul  0.059971594  0.059971594   0.119943188   0.000000000

   60    C          Up spin      Down spin     Sum           Diff
            multiple
  s           0    0.544029419  0.544029419   1.088058838   0.000000000
   sum over m      0.544029419  0.544029419   1.088058838   0.000000000
  s           1    0.014838276  0.014838276   0.029676552   0.000000000
   sum over m      0.014838276  0.014838276   0.029676552   0.000000000
   sum over m+mul  0.558867695  0.558867695   1.117735390   0.000000000
  px          0    0.420486825  0.420486825   0.840973651   0.000000000
  py          0    0.420559299  0.420559299   0.841118598   0.000000000
  pz          0    0.490420154  0.490420154   0.980840308   0.000000000
   sum over m      1.331466278  1.331466278   2.662932557   0.000000000
  px          1    0.029702733  0.029702733   0.059405466   0.000000000
  py          1    0.029760618  0.029760618   0.059521236   0.000000000
  pz          1   -0.009768903 -0.009768903  -0.019537806   0.000000000
   sum over m      0.049694448  0.049694448   0.099388895   0.000000000
   sum over m+mul  1.381160726  1.381160726   2.762321452   0.000000000
  d3z^2-r^2   0    0.002825647  0.002825647   0.005651294   0.000000000
  dx^2-y^2    0    0.018897745  0.018897745   0.037795490   0.000000000
  dxy         0    0.018899369  0.018899369   0.037798738   0.000000000
  dxz         0    0.009673826  0.009673826   0.019347652   0.000000000
  dyz         0    0.009674994  0.009674994   0.019349989   0.000000000
   sum over m      0.059971581  0.059971581   0.119943162   0.000000000
   sum over m+mul  0.059971581  0.059971581   0.119943162   0.000000000

   61    C          Up spin      Down spin     Sum           Diff
            multiple
  s           0    0.544029568  0.544029568   1.088059136   0.000000000
   sum over m      0.544029568  0.544029568   1.088059136   0.000000000
  s           1    0.014838278  0.014838278   0.029676557   0.000000000
   sum over m      0.014838278  0.014838278   0.029676557   0.000000000
   sum over m+mul  0.558867847  0.558867847   1.117735693   0.000000000
  px          0    0.420486933  0.420486933   0.840973867   0.000000000
  py          0    0.420559338  0.420559338   0.841118676   0.000000000
  pz          0    0.490419711  0.490419711   0.980839422   0.000000000
   sum over m      1.331465982  1.331465982   2.662931965   0.000000000
  px          1    0.029702752  0.029702752   0.059405504   0.000000000
  py          1    0.029760629  0.029760629   0.059521257   0.000000000
  pz          1   -0.009768915 -0.009768915  -0.019537829   0.000000000
   sum over m      0.049694466  0.049694466   0.099388932   0.000000000
   sum over m+mul  1.381160448  1.381160448   2.762320897   0.000000000
  d3z^2-r^2   0    0.002825647  0.002825647   0.005651294   0.000000000
  dx^2-y^2    0    0.018897751  0.018897751   0.037795502   0.000000000
  dxy         0    0.018899365  0.018899365   0.037798729   0.000000000
  dxz         0    0.009673854  0.009673854   0.019347708   0.000000000
  dyz         0    0.009674999  0.009674999   0.019349997   0.000000000
   sum over m      0.059971615  0.059971615   0.119943230   0.000000000
   sum over m+mul  0.059971615  0.059971615   0.119943230   0.000000000

   62    C          Up spin      Down spin     Sum           Diff
            multiple
  s           0    0.544029394  0.544029394   1.088058788   0.000000000
   sum over m      0.544029394  0.544029394   1.088058788   0.000000000
  s           1    0.014838261  0.014838261   0.029676521   0.000000000
   sum over m      0.014838261  0.014838261   0.029676521   0.000000000
   sum over m+mul  0.558867655  0.558867655   1.117735309   0.000000000
  px          0    0.420486758  0.420486758   0.840973517   0.000000000
  py          0    0.420559222  0.420559222   0.841118444   0.000000000
  pz          0    0.490420288  0.490420288   0.980840577   0.000000000
   sum over m      1.331466269  1.331466269   2.662932538   0.000000000
  px          1    0.029702611  0.029702611   0.059405221   0.000000000
  py          1    0.029760576  0.029760576   0.059521153   0.000000000
  pz          1   -0.009768901 -0.009768901  -0.019537801   0.000000000
   sum over m      0.049694286  0.049694286   0.099388572   0.000000000
   sum over m+mul  1.381160555  1.381160555   2.762321110   0.000000000
  d3z^2-r^2   0    0.002825646  0.002825646   0.005651292   0.000000000
  dx^2-y^2    0    0.018897749  0.018897749   0.037795498   0.000000000
  dxy         0    0.018899366  0.018899366   0.037798732   0.000000000
  dxz         0    0.009673791  0.009673791   0.019347583   0.000000000
  dyz         0    0.009674976  0.009674976   0.019349953   0.000000000
   sum over m      0.059971529  0.059971529   0.119943057   0.000000000
   sum over m+mul  0.059971529  0.059971529   0.119943057   0.000000000

   63    C          Up spin      Down spin     Sum           Diff
            multiple
  s           0    0.544030607  0.544030607   1.088061215   0.000000000
   sum over m      0.544030607  0.544030607   1.088061215   0.000000000
  s           1    0.014838459  0.014838459   0.029676918   0.000000000
   sum over m      0.014838459  0.014838459   0.029676918   0.000000000
   sum over m+mul  0.558869066  0.558869066   1.117738132   0.000000000
  px          0    0.420487104  0.420487104   0.840974208   0.000000000
  py          0    0.420559375  0.420559375   0.841118749   0.000000000
  pz          0    0.490418170  0.490418170   0.980836340   0.000000000
   sum over m      1.331464649  1.331464649   2.662929298   0.000000000
  px          1    0.029702761  0.029702761   0.059405522   0.000000000
  py          1    0.029760373  0.029760373   0.059520745   0.000000000
  pz          1   -0.009768972 -0.009768972  -0.019537944   0.000000000
   sum over m      0.049694161  0.049694161   0.099388323   0.000000000
   sum over m+mul  1.381158810  1.381158810   2.762317621   0.000000000
  d3z^2-r^2   0    0.002825646  0.002825646   0.005651293   0.000000000
  dx^2-y^2    0    0.018897775  0.018897775   0.037795550   0.000000000
  dxy         0    0.018899401  0.018899401   0.037798802   0.000000000
  dxz         0    0.009673873  0.009673873   0.019347746   0.000000000
  dyz         0    0.009675055  0.009675055   0.019350109   0.000000000
   sum over m      0.059971750  0.059971750   0.119943499   0.000000000
   sum over m+mul  0.059971750  0.059971750   0.119943499   0.000000000

   64    C          Up spin      Down spin     Sum           Diff
            multiple
  s           0    0.544028144  0.544028144   1.088056287   0.000000000
   sum over m      0.544028144  0.544028144   1.088056287   0.000000000
  s           1    0.014838409  0.014838409   0.029676818   0.000000000
   sum over m      0.014838409  0.014838409   0.029676818   0.000000000
   sum over m+mul  0.558866553  0.558866553   1.117733105   0.000000000
  px          0    0.420486934  0.420486934   0.840973868   0.000000000
  py          0    0.420558699  0.420558699   0.841117397   0.000000000
  pz          0    0.490420783  0.490420783   0.980841566   0.000000000
   sum over m      1.331466416  1.331466416   2.662932831   0.000000000
  px          1    0.029703520  0.029703520   0.059407039   0.000000000
  py          1    0.029760400  0.029760400   0.059520799   0.000000000
  pz          1   -0.009768692 -0.009768692  -0.019537383   0.000000000
   sum over m      0.049695228  0.049695228   0.099390455   0.000000000
   sum over m+mul  1.381161643  1.381161643   2.762323286   0.000000000
  d3z^2-r^2   0    0.002825629  0.002825629   0.005651259   0.000000000
  dx^2-y^2    0    0.018897961  0.018897961   0.037795922   0.000000000
  dxy         0    0.018899392  0.018899392   0.037798785   0.000000000
  dxz         0    0.009673670  0.009673670   0.019347339   0.000000000
  dyz         0    0.009674859  0.009674859   0.019349718   0.000000000
   sum over m      0.059971511  0.059971511   0.119943022   0.000000000
   sum over m+mul  0.059971511  0.059971511   0.119943022   0.000000000

   65    C          Up spin      Down spin     Sum           Diff
            multiple
  s           0    0.544028963  0.544028963   1.088057926   0.000000000
   sum over m      0.544028963  0.544028963   1.088057926   0.000000000
  s           1    0.014836298  0.014836298   0.029672596   0.000000000
   sum over m      0.014836298  0.014836298   0.029672596   0.000000000
   sum over m+mul  0.558865261  0.558865261   1.117730522   0.000000000
  px          0    0.420494403  0.420494403   0.840988807   0.000000000
  py          0    0.420562617  0.420562617   0.841125234   0.000000000
  pz          0    0.490408789  0.490408789   0.980817578   0.000000000
   sum over m      1.331465809  1.331465809   2.662931618   0.000000000
  px          1    0.029703089  0.029703089   0.059406178   0.000000000
  py          1    0.029759073  0.029759073   0.059518146   0.000000000
  pz          1   -0.009769551 -0.009769551  -0.019539102   0.000000000
   sum over m      0.049692611  0.049692611   0.099385221   0.000000000
   sum over m+mul  1.381158420  1.381158420   2.762316839   0.000000000
  d3z^2-r^2   0    0.002826323  0.002826323   0.005652647   0.000000000
  dx^2-y^2    0    0.018897158  0.018897158   0.037794316   0.000000000
  dxy         0    0.018898722  0.018898722   0.037797444   0.000000000
  dxz         0    0.009673636  0.009673636   0.019347273   0.000000000
  dyz         0    0.009675026  0.009675026   0.019350052   0.000000000
   sum over m      0.059970865  0.059970865   0.119941731   0.000000000
   sum over m+mul  0.059970865  0.059970865   0.119941731   0.000000000

   66    C          Up spin      Down spin     Sum           Diff
            multiple
  s           0    0.544028184  0.544028184   1.088056369   0.000000000
   sum over m      0.544028184  0.544028184   1.088056369   0.000000000
  s           1    0.014838396  0.014838396   0.029676793   0.000000000
   sum over m      0.014838396  0.014838396   0.029676793   0.000000000
   sum over m+mul  0.558866581  0.558866581   1.117733162   0.000000000
  px          0    0.420486572  0.420486572   0.840973145   0.000000000
  py          0    0.420559062  0.420559062   0.841118125   0.000000000
  pz          0    0.490420803  0.490420803   0.980841606   0.000000000
   sum over m      1.331466438  1.331466438   2.662932875   0.000000000
  px          1    0.029702419  0.029702419   0.059404839   0.000000000
  py          1    0.029761571  0.029761571   0.059523142   0.000000000
  pz          1   -0.009768687 -0.009768687  -0.019537375   0.000000000
   sum over m      0.049695303  0.049695303   0.099390606   0.000000000
   sum over m+mul  1.381161741  1.381161741   2.762323481   0.000000000
  d3z^2-r^2   0    0.002825630  0.002825630   0.005651259   0.000000000
  dx^2-y^2    0    0.018897762  0.018897762   0.037795523   0.000000000
  dxy         0    0.018899565  0.018899565   0.037799129   0.000000000
  dxz         0    0.009673830  0.009673830   0.019347659   0.000000000
  dyz         0    0.009674698  0.009674698   0.019349396   0.000000000
   sum over m      0.059971484  0.059971484   0.119942967   0.000000000
   sum over m+mul  0.059971484  0.059971484   0.119942967   0.000000000

   67    C          Up spin      Down spin     Sum           Diff
            multiple
  s           0    0.544030690  0.544030690   1.088061379   0.000000000
   sum over m      0.544030690  0.544030690   1.088061379   0.000000000
  s           1    0.014838421  0.014838421   0.029676842   0.000000000
   sum over m      0.014838421  0.014838421   0.029676842   0.000000000
   sum over m+mul  0.558869111  0.558869111   1.117738221   0.000000000
  px          0    0.420486920  0.420486920   0.840973839   0.000000000
  py          0    0.420559497  0.420559497   0.841118994   0.000000000
  pz          0    0.490418161  0.490418161   0.980836322   0.000000000
   sum over m      1.331464578  1.331464578   2.662929155   0.000000000
  px          1    0.029702372  0.029702372   0.059404743   0.000000000
  py          1    0.029760707  0.029760707   0.059521413   0.000000000
  pz          1   -0.009768971 -0.009768971  -0.019537943   0.000000000
   sum over m      0.049694107  0.049694107   0.099388214   0.000000000
   sum over m+mul  1.381158685  1.381158685   2.762317369   0.000000000
  d3z^2-r^2   0    0.002825646  0.002825646   0.005651292   0.000000000
  dx^2-y^2    0    0.018897777  0.018897777   0.037795554   0.000000000
  dxy         0    0.018899391  0.018899391   0.037798782   0.000000000
  dxz         0    0.009673931  0.009673931   0.019347862   0.000000000
  dyz         0    0.009674996  0.009674996   0.019349993   0.000000000
   sum over m      0.059971742  0.059971742   0.119943484   0.000000000
   sum over m+mul  0.059971742  0.059971742   0.119943484   0.000000000

   68    C          Up spin      Down spin     Sum           Diff
            multiple
  s           0    0.544029397  0.544029397   1.088058793   0.000000000
   sum over m      0.544029397  0.544029397   1.088058793   0.000000000
  s           1    0.014838264  0.014838264   0.029676529   0.000000000
   sum over m      0.014838264  0.014838264   0.029676529   0.000000000
   sum over m+mul  0.558867661  0.558867661   1.117735322   0.000000000
  px          0    0.420486823  0.420486823   0.840973647   0.000000000
  py          0    0.420559069  0.420559069   0.841118139   0.000000000
  pz          0    0.490420285  0.490420285   0.980840569   0.000000000
   sum over m      1.331466178  1.331466178   2.662932355   0.000000000
  px          1    0.029702733  0.029702733   0.059405466   0.000000000
  py          1    0.029760487  0.029760487   0.059520974   0.000000000
  pz          1   -0.009768902 -0.009768902  -0.019537803   0.000000000
   sum over m      0.049694318  0.049694318   0.099388637   0.000000000
   sum over m+mul  1.381160496  1.381160496   2.762320992   0.000000000
  d3z^2-r^2   0    0.002825646  0.002825646   0.005651292   0.000000000
  dx^2-y^2    0    0.018897743  0.018897743   0.037795486   0.000000000
  dxy         0    0.018899370  0.018899370   0.037798740   0.000000000
  dxz         0    0.009673854  0.009673854   0.019347709   0.000000000
  dyz         0    0.009674913  0.009674913   0.019349827   0.000000000
   sum over m      0.059971526  0.059971526   0.119943052   0.000000000
   sum over m+mul  0.059971526  0.059971526   0.119943052   0.000000000

   69    C          Up spin      Down spin     Sum           Diff
            multiple
  s           0    0.544029568  0.544029568   1.088059135   0.000000000
   sum over m      0.544029568  0.544029568   1.088059135   0.000000000
  s           1    0.014838278  0.014838278   0.029676555   0.000000000
   sum over m      0.014838278  0.014838278   0.029676555   0.000000000
   sum over m+mul  0.558867845  0.558867845   1.117735691   0.000000000
  px          0    0.420486944  0.420486944   0.840973888   0.000000000
  py          0    0.420559330  0.420559330   0.841118660   0.000000000
  pz          0    0.490419710  0.490419710   0.980839420   0.000000000
   sum over m      1.331465985  1.331465985   2.662931969   0.000000000
  px          1    0.029702747  0.029702747   0.059405493   0.000000000
  py          1    0.029760633  0.029760633   0.059521266   0.000000000
  pz          1   -0.009768914 -0.009768914  -0.019537829   0.000000000
   sum over m      0.049694465  0.049694465   0.099388931   0.000000000
   sum over m+mul  1.381160450  1.381160450   2.762320900   0.000000000
  d3z^2-r^2   0    0.002825647  0.002825647   0.005651294   0.000000000
  dx^2-y^2    0    0.018897750  0.018897750   0.037795500   0.000000000
  dxy         0    0.018899366  0.018899366   0.037798732   0.000000000
  dxz         0    0.009673856  0.009673856   0.019347712   0.000000000
  dyz         0    0.009674997  0.009674997   0.019349994   0.000000000
   sum over m      0.059971616  0.059971616   0.119943232   0.000000000
   sum over m+mul  0.059971616  0.059971616   0.119943232   0.000000000

   70    C          Up spin      Down spin     Sum           Diff
            multiple
  s           0    0.544029418  0.544029418   1.088058836   0.000000000
   sum over m      0.544029418  0.544029418   1.088058836   0.000000000
  s           1    0.014838277  0.014838277   0.029676554   0.000000000
   sum over m      0.014838277  0.014838277   0.029676554   0.000000000
   sum over m+mul  0.558867695  0.558867695   1.117735389   0.000000000
  px          0    0.420486859  0.420486859   0.840973718   0.000000000
  py          0    0.420559264  0.420559264   0.841118527   0.000000000
  pz          0    0.490420155  0.490420155   0.980840309   0.000000000
   sum over m      1.331466277  1.331466277   2.662932554   0.000000000
  px          1    0.029702733  0.029702733   0.059405465   0.000000000
  py          1    0.029760620  0.029760620   0.059521239   0.000000000
  pz          1   -0.009768903 -0.009768903  -0.019537807   0.000000000
   sum over m      0.049694449  0.049694449   0.099388898   0.000000000
   sum over m+mul  1.381160726  1.381160726   2.762321452   0.000000000
  d3z^2-r^2   0    0.002825647  0.002825647   0.005651294   0.000000000
  dx^2-y^2    0    0.018897747  0.018897747   0.037795494   0.000000000
  dxy         0    0.018899367  0.018899367   0.037798733   0.000000000
  dxz         0    0.009673849  0.009673849   0.019347698   0.000000000
  dyz         0    0.009674971  0.009674971   0.019349943   0.000000000
   sum over m      0.059971581  0.059971581   0.119943162   0.000000000
   sum over m+mul  0.059971581  0.059971581   0.119943162   0.000000000

   71    C          Up spin      Down spin     Sum           Diff
            multiple
  s           0    0.544029529  0.544029529   1.088059058   0.000000000
   sum over m      0.544029529  0.544029529   1.088059058   0.000000000
  s           1    0.014838278  0.014838278   0.029676557   0.000000000
   sum over m      0.014838278  0.014838278   0.029676557   0.000000000
   sum over m+mul  0.558867807  0.558867807   1.117735614   0.000000000
  px          0    0.420486918  0.420486918   0.840973837   0.000000000
  py          0    0.420559330  0.420559330   0.841118661   0.000000000
  pz          0    0.490419787  0.490419787   0.980839574   0.000000000
   sum over m      1.331466035  1.331466035   2.662932071   0.000000000
  px          1    0.029702743  0.029702743   0.059405486   0.000000000
  py          1    0.029760627  0.029760627   0.059521254   0.000000000
  pz          1   -0.009768910 -0.009768910  -0.019537819   0.000000000
   sum over m      0.049694461  0.049694461   0.099388921   0.000000000
   sum over m+mul  1.381160496  1.381160496   2.762320992   0.000000000
  d3z^2-r^2   0    0.002825647  0.002825647   0.005651294   0.000000000
  dx^2-y^2    0    0.018897748  0.018897748   0.037795496   0.000000000
  dxy         0    0.018899367  0.018899367   0.037798733   0.000000000
  dxz         0    0.009673855  0.009673855   0.019347709   0.000000000
  dyz         0    0.009674995  0.009674995   0.019349991   0.000000000
   sum over m      0.059971612  0.059971612   0.119943224   0.000000000
   sum over m+mul  0.059971612  0.059971612   0.119943224   0.000000000

   72    C          Up spin      Down spin     Sum           Diff
            multiple
  s           0    0.544029428  0.544029428   1.088058855   0.000000000
   sum over m      0.544029428  0.544029428   1.088058855   0.000000000
  s           1    0.014838278  0.014838278   0.029676556   0.000000000
   sum over m      0.014838278  0.014838278   0.029676556   0.000000000
   sum over m+mul  0.558867705  0.558867705   1.117735411   0.000000000
  px          0    0.420486871  0.420486871   0.840973741   0.000000000
  py          0    0.420559260  0.420559260   0.841118520   0.000000000
  pz          0    0.490420126  0.490420126   0.980840253   0.000000000
   sum over m      1.331466257  1.331466257   2.662932514   0.000000000
  px          1    0.029702735  0.029702735   0.059405469   0.000000000
  py          1    0.029760617  0.029760617   0.059521234   0.000000000
  pz          1   -0.009768903 -0.009768903  -0.019537806   0.000000000
   sum over m      0.049694449  0.049694449   0.099388897   0.000000000
   sum over m+mul  1.381160706  1.381160706   2.762321411   0.000000000
  d3z^2-r^2   0    0.002825647  0.002825647   0.005651294   0.000000000
  dx^2-y^2    0    0.018897748  0.018897748   0.037795495   0.000000000
  dxy         0    0.018899365  0.018899365   0.037798729   0.000000000
  dxz         0    0.009673850  0.009673850   0.019347700   0.000000000
  dyz         0    0.009674972  0.009674972   0.019349945   0.000000000
   sum over m      0.059971581  0.059971581   0.119943163   0.000000000
   sum over m+mul  0.059971581  0.059971581   0.119943163   0.000000000

   73    C          Up spin      Down spin     Sum           Diff
            multiple
  s           0    0.544029466  0.544029466   1.088058931   0.000000000
   sum over m      0.544029466  0.544029466   1.088058931   0.000000000
  s           1    0.014838279  0.014838279   0.029676557   0.000000000
   sum over m      0.014838279  0.014838279   0.029676557   0.000000000
   sum over m+mul  0.558867744  0.558867744   1.117735489   0.000000000
  px          0    0.420486886  0.420486886   0.840973772   0.000000000
  py          0    0.420559297  0.420559297   0.841118594   0.000000000
  pz          0    0.490420010  0.490420010   0.980840021   0.000000000
   sum over m      1.331466193  1.331466193   2.662932387   0.000000000
  px          1    0.029702736  0.029702736   0.059405471   0.000000000
  py          1    0.029760618  0.029760618   0.059521236   0.000000000
  pz          1   -0.009768906 -0.009768906  -0.019537812   0.000000000
   sum over m      0.049694448  0.049694448   0.099388896   0.000000000
   sum over m+mul  1.381160641  1.381160641   2.762321282   0.000000000
  d3z^2-r^2   0    0.002825647  0.002825647   0.005651294   0.000000000
  dx^2-y^2    0    0.018897746  0.018897746   0.037795493   0.000000000
  dxy         0    0.018899364  0.018899364   0.037798728   0.000000000
  dxz         0    0.009673850  0.009673850   0.019347699   0.000000000
  dyz         0    0.009674992  0.009674992   0.019349984   0.000000000
   sum over m      0.059971599  0.059971599   0.119943198   0.000000000
   sum over m+mul  0.059971599  0.059971599   0.119943198   0.000000000

   74    C          Up spin      Down spin     Sum           Diff
            multiple
  s           0    0.544029428  0.544029428   1.088058855   0.000000000
   sum over m      0.544029428  0.544029428   1.088058855   0.000000000
  s           1    0.014838278  0.014838278   0.029676556   0.000000000
   sum over m      0.014838278  0.014838278   0.029676556   0.000000000
   sum over m+mul  0.558867706  0.558867706   1.117735411   0.000000000
  px          0    0.420486847  0.420486847   0.840973694   0.000000000
  py          0    0.420559283  0.420559283   0.841118566   0.000000000
  pz          0    0.490420127  0.490420127   0.980840253   0.000000000
   sum over m      1.331466257  1.331466257   2.662932513   0.000000000
  px          1    0.029702733  0.029702733   0.059405466   0.000000000
  py          1    0.029760619  0.029760619   0.059521237   0.000000000
  pz          1   -0.009768903 -0.009768903  -0.019537806   0.000000000
   sum over m      0.049694449  0.049694449   0.099388897   0.000000000
   sum over m+mul  1.381160705  1.381160705   2.762321411   0.000000000
  d3z^2-r^2   0    0.002825647  0.002825647   0.005651294   0.000000000
  dx^2-y^2    0    0.018897746  0.018897746   0.037795491   0.000000000
  dxy         0    0.018899366  0.018899366   0.037798733   0.000000000
  dxz         0    0.009673835  0.009673835   0.019347669   0.000000000
  dyz         0    0.009674988  0.009674988   0.019349975   0.000000000
   sum over m      0.059971581  0.059971581   0.119943163   0.000000000
   sum over m+mul  0.059971581  0.059971581   0.119943163   0.000000000

   75    C          Up spin      Down spin     Sum           Diff
            multiple
  s           0    0.544029529  0.544029529   1.088059058   0.000000000
   sum over m      0.544029529  0.544029529   1.088059058   0.000000000
  s           1    0.014838278  0.014838278   0.029676557   0.000000000
   sum over m      0.014838278  0.014838278   0.029676557   0.000000000
   sum over m+mul  0.558867807  0.558867807   1.117735615   0.000000000
  px          0    0.420486913  0.420486913   0.840973826   0.000000000
  py          0    0.420559334  0.420559334   0.841118668   0.000000000
  pz          0    0.490419787  0.490419787   0.980839574   0.000000000
   sum over m      1.331466034  1.331466034   2.662932068   0.000000000
  px          1    0.029702742  0.029702742   0.059405484   0.000000000
  py          1    0.029760627  0.029760627   0.059521254   0.000000000
  pz          1   -0.009768910 -0.009768910  -0.019537819   0.000000000
   sum over m      0.049694459  0.049694459   0.099388918   0.000000000
   sum over m+mul  1.381160493  1.381160493   2.762320986   0.000000000
  d3z^2-r^2   0    0.002825647  0.002825647   0.005651294   0.000000000
  dx^2-y^2    0    0.018897747  0.018897747   0.037795495   0.000000000
  dxy         0    0.018899368  0.018899368   0.037798735   0.000000000
  dxz         0    0.009673853  0.009673853   0.019347706   0.000000000
  dyz         0    0.009674997  0.009674997   0.019349994   0.000000000
   sum over m      0.059971612  0.059971612   0.119943224   0.000000000
   sum over m+mul  0.059971612  0.059971612   0.119943224   0.000000000

   76    C          Up spin      Down spin     Sum           Diff
            multiple
  s           0    0.544029419  0.544029419   1.088058837   0.000000000
   sum over m      0.544029419  0.544029419   1.088058837   0.000000000
  s           1    0.014838276  0.014838276   0.029676552   0.000000000
   sum over m      0.014838276  0.014838276   0.029676552   0.000000000
   sum over m+mul  0.558867695  0.558867695   1.117735390   0.000000000
  px          0    0.420486871  0.420486871   0.840973743   0.000000000
  py          0    0.420559251  0.420559251   0.841118503   0.000000000
  pz          0    0.490420154  0.490420154   0.980840309   0.000000000
   sum over m      1.331466277  1.331466277   2.662932554   0.000000000
  px          1    0.029702735  0.029702735   0.059405471   0.000000000
  py          1    0.029760616  0.029760616   0.059521233   0.000000000
  pz          1   -0.009768903 -0.009768903  -0.019537807   0.000000000
   sum over m      0.049694449  0.049694449   0.099388897   0.000000000
   sum over m+mul  1.381160726  1.381160726   2.762321452   0.000000000
  d3z^2-r^2   0    0.002825647  0.002825647   0.005651294   0.000000000
  dx^2-y^2    0    0.018897749  0.018897749   0.037795499   0.000000000
  dxy         0    0.018899365  0.018899365   0.037798729   0.000000000
  dxz         0    0.009673841  0.009673841   0.019347683   0.000000000
  dyz         0    0.009674979  0.009674979   0.019349958   0.000000000
   sum over m      0.059971581  0.059971581   0.119943162   0.000000000
   sum over m+mul  0.059971581  0.059971581   0.119943162   0.000000000

   77    C          Up spin      Down spin     Sum           Diff
            multiple
  s           0    0.544029568  0.544029568   1.088059137   0.000000000
   sum over m      0.544029568  0.544029568   1.088059137   0.000000000
  s           1    0.014838278  0.014838278   0.029676557   0.000000000
   sum over m      0.014838278  0.014838278   0.029676557   0.000000000
   sum over m+mul  0.558867847  0.558867847   1.117735694   0.000000000
  px          0    0.420486902  0.420486902   0.840973804   0.000000000
  py          0    0.420559371  0.420559371   0.841118743   0.000000000
  pz          0    0.490419710  0.490419710   0.980839420   0.000000000
   sum over m      1.331465983  1.331465983   2.662931967   0.000000000
  px          1    0.029702743  0.029702743   0.059405487   0.000000000
  py          1    0.029760638  0.029760638   0.059521276   0.000000000
  pz          1   -0.009768915 -0.009768915  -0.019537829   0.000000000
   sum over m      0.049694467  0.049694467   0.099388933   0.000000000
   sum over m+mul  1.381160450  1.381160450   2.762320900   0.000000000
  d3z^2-r^2   0    0.002825647  0.002825647   0.005651294   0.000000000
  dx^2-y^2    0    0.018897743  0.018897743   0.037795486   0.000000000
  dxy         0    0.018899372  0.018899372   0.037798745   0.000000000
  dxz         0    0.009673855  0.009673855   0.019347710   0.000000000
  dyz         0    0.009674998  0.009674998   0.019349995   0.000000000
   sum over m      0.059971615  0.059971615   0.119943231   0.000000000
   sum over m+mul  0.059971615  0.059971615   0.119943231   0.000000000

   78    C          Up spin      Down spin     Sum           Diff
            multiple
  s           0    0.544029432  0.544029432   1.088058863   0.000000000
   sum over m      0.544029432  0.544029432   1.088058863   0.000000000
  s           1    0.014838275  0.014838275   0.029676551   0.000000000
   sum over m      0.014838275  0.014838275   0.029676551   0.000000000
   sum over m+mul  0.558867707  0.558867707   1.117735414   0.000000000
  px          0    0.420486894  0.420486894   0.840973787   0.000000000
  py          0    0.420559216  0.420559216   0.841118431   0.000000000
  pz          0    0.490420143  0.490420143   0.980840286   0.000000000
   sum over m      1.331466252  1.331466252   2.662932504   0.000000000
  px          1    0.029702691  0.029702691   0.059405381   0.000000000
  py          1    0.029760612  0.029760612   0.059521223   0.000000000
  pz          1   -0.009768904 -0.009768904  -0.019537808   0.000000000
   sum over m      0.049694399  0.049694399   0.099388797   0.000000000
   sum over m+mul  1.381160651  1.381160651   2.762321301   0.000000000
  d3z^2-r^2   0    0.002825647  0.002825647   0.005651294   0.000000000
  dx^2-y^2    0    0.018897764  0.018897764   0.037795528   0.000000000
  dxy         0    0.018899359  0.018899359   0.037798717   0.000000000
  dxz         0    0.009673850  0.009673850   0.019347700   0.000000000
  dyz         0    0.009674972  0.009674972   0.019349944   0.000000000
   sum over m      0.059971592  0.059971592   0.119943183   0.000000000
   sum over m+mul  0.059971592  0.059971592   0.119943183   0.000000000

   79    C          Up spin      Down spin     Sum           Diff
            multiple
  s           0    0.544029564  0.544029564   1.088059129   0.000000000
   sum over m      0.544029564  0.544029564   1.088059129   0.000000000
  s           1    0.014838356  0.014838356   0.029676713   0.000000000
   sum over m      0.014838356  0.014838356   0.029676713   0.000000000
   sum over m+mul  0.558867921  0.558867921   1.117735842   0.000000000
  px          0    0.420487028  0.420487028   0.840974056   0.000000000
  py          0    0.420559349  0.420559349   0.841118697   0.000000000
  pz          0    0.490419583  0.490419583   0.980839166   0.000000000
   sum over m      1.331465960  1.331465960   2.662931919   0.000000000
  px          1    0.029702923  0.029702923   0.059405847   0.000000000
  py          1    0.029760648  0.029760648   0.059521295   0.000000000
  pz          1   -0.009768905 -0.009768905  -0.019537810   0.000000000
   sum over m      0.049694666  0.049694666   0.099389332   0.000000000
   sum over m+mul  1.381160626  1.381160626   2.762321252   0.000000000
  d3z^2-r^2   0    0.002825651  0.002825651   0.005651301   0.000000000
  dx^2-y^2    0    0.018897783  0.018897783   0.037795566   0.000000000
  dxy         0    0.018899358  0.018899358   0.037798715   0.000000000
  dxz         0    0.009673881  0.009673881   0.019347763   0.000000000
  dyz         0    0.009675010  0.009675010   0.019350020   0.000000000
   sum over m      0.059971683  0.059971683   0.119943365   0.000000000
   sum over m+mul  0.059971683  0.059971683   0.119943365   0.000000000

   80    C          Up spin      Down spin     Sum           Diff
            multiple
  s           0    0.544029296  0.544029296   1.088058591   0.000000000
   sum over m      0.544029296  0.544029296   1.088058591   0.000000000
  s           1    0.014838252  0.014838252   0.029676503   0.000000000
   sum over m      0.014838252  0.014838252   0.029676503   0.000000000
   sum over m+mul  0.558867547  0.558867547   1.117735095   0.000000000
  px          0    0.420486666  0.420486666   0.840973332   0.000000000
  py          0    0.420559180  0.420559180   0.841118360   0.000000000
  pz          0    0.490420525  0.490420525   0.980841050   0.000000000
   sum over m      1.331466371  1.331466371   2.662932742   0.000000000
  px          1    0.029702602  0.029702602   0.059405204   0.000000000
  py          1    0.029760552  0.029760552   0.059521105   0.000000000
  pz          1   -0.009768899 -0.009768899  -0.019537797   0.000000000
   sum over m      0.049694256  0.049694256   0.099388511   0.000000000
   sum over m+mul  1.381160627  1.381160627   2.762321253   0.000000000
  d3z^2-r^2   0    0.002825645  0.002825645   0.005651290   0.000000000
  dx^2-y^2    0    0.018897743  0.018897743   0.037795486   0.000000000
  dxy         0    0.018899358  0.018899358   0.037798717   0.000000000
  dxz         0    0.009673830  0.009673830   0.019347659   0.000000000
  dyz         0    0.009674981  0.009674981   0.019349962   0.000000000
   sum over m      0.059971558  0.059971558   0.119943115   0.000000000
   sum over m+mul  0.059971558  0.059971558   0.119943115   0.000000000

   81    C          Up spin      Down spin     Sum           Diff
            multiple
  s           0    0.544029585  0.544029585   1.088059170   0.000000000
   sum over m      0.544029585  0.544029585   1.088059170   0.000000000
  s           1    0.014838355  0.014838355   0.029676711   0.000000000
   sum over m      0.014838355  0.014838355   0.029676711   0.000000000
   sum over m+mul  0.558867940  0.558867940   1.117735881   0.000000000
  px          0    0.420487051  0.420487051   0.840974101   0.000000000
  py          0    0.420559340  0.420559340   0.841118679   0.000000000
  pz          0    0.490419581  0.490419581   0.980839163   0.000000000
   sum over m      1.331465972  1.331465972   2.662931944   0.000000000
  px          1    0.029702830  0.029702830   0.059405660   0.000000000
  py          1    0.029760731  0.029760731   0.059521462   0.000000000
  pz          1   -0.009768907 -0.009768907  -0.019537815   0.000000000
   sum over m      0.049694654  0.049694654   0.099389308   0.000000000
   sum over m+mul  1.381160626  1.381160626   2.762321251   0.000000000
  d3z^2-r^2   0    0.002825651  0.002825651   0.005651302   0.000000000
  dx^2-y^2    0    0.018897763  0.018897763   0.037795527   0.000000000
  dxy         0    0.018899374  0.018899374   0.037798748   0.000000000
  dxz         0    0.009673904  0.009673904   0.019347808   0.000000000
  dyz         0    0.009674987  0.009674987   0.019349973   0.000000000
   sum over m      0.059971679  0.059971679   0.119943358   0.000000000
   sum over m+mul  0.059971679  0.059971679   0.119943358   0.000000000

   82    C          Up spin      Down spin     Sum           Diff
            multiple
  s           0    0.544029431  0.544029431   1.088058862   0.000000000
   sum over m      0.544029431  0.544029431   1.088058862   0.000000000
  s           1    0.014838276  0.014838276   0.029676552   0.000000000
   sum over m      0.014838276  0.014838276   0.029676552   0.000000000
   sum over m+mul  0.558867707  0.558867707   1.117735414   0.000000000
  px          0    0.420486800  0.420486800   0.840973600   0.000000000
  py          0    0.420559312  0.420559312   0.841118623   0.000000000
  pz          0    0.490420142  0.490420142   0.980840284   0.000000000
   sum over m      1.331466254  1.331466254   2.662932507   0.000000000
  px          1    0.029702714  0.029702714   0.059405428   0.000000000
  py          1    0.029760587  0.029760587   0.059521174   0.000000000
  pz          1   -0.009768903 -0.009768903  -0.019537806   0.000000000
   sum over m      0.049694398  0.049694398   0.099388796   0.000000000
   sum over m+mul  1.381160652  1.381160652   2.762321303   0.000000000
  d3z^2-r^2   0    0.002825647  0.002825647   0.005651294   0.000000000
  dx^2-y^2    0    0.018897739  0.018897739   0.037795479   0.000000000
  dxy         0    0.018899382  0.018899382   0.037798765   0.000000000
  dxz         0    0.009673837  0.009673837   0.019347673   0.000000000
  dyz         0    0.009674985  0.009674985   0.019349971   0.000000000
   sum over m      0.059971591  0.059971591   0.119943182   0.000000000
   sum over m+mul  0.059971591  0.059971591   0.119943182   0.000000000

   83    C          Up spin      Down spin     Sum           Diff
            multiple
  s           0    0.544029568  0.544029568   1.088059137   0.000000000
   sum over m      0.544029568  0.544029568   1.088059137   0.000000000
  s           1    0.014838277  0.014838277   0.029676555   0.000000000
   sum over m      0.014838277  0.014838277   0.029676555   0.000000000
   sum over m+mul  0.558867846  0.558867846   1.117735692   0.000000000
  px          0    0.420486945  0.420486945   0.840973889   0.000000000
  py          0    0.420559330  0.420559330   0.841118660   0.000000000
  pz          0    0.490419710  0.490419710   0.980839419   0.000000000
   sum over m      1.331465984  1.331465984   2.662931969   0.000000000
  px          1    0.029702747  0.029702747   0.059405493   0.000000000
  py          1    0.029760633  0.029760633   0.059521266   0.000000000
  pz          1   -0.009768914 -0.009768914  -0.019537829   0.000000000
   sum over m      0.049694465  0.049694465   0.099388931   0.000000000
   sum over m+mul  1.381160450  1.381160450   2.762320900   0.000000000
  d3z^2-r^2   0    0.002825647  0.002825647   0.005651294   0.000000000
  dx^2-y^2    0    0.018897750  0.018897750   0.037795500   0.000000000
  dxy         0    0.018899366  0.018899366   0.037798732   0.000000000
  dxz         0    0.009673856  0.009673856   0.019347712   0.000000000
  dyz         0    0.009674997  0.009674997   0.019349994   0.000000000
   sum over m      0.059971616  0.059971616   0.119943232   0.000000000
   sum over m+mul  0.059971616  0.059971616   0.119943232   0.000000000

   84    C          Up spin      Down spin     Sum           Diff
            multiple
  s           0    0.544029418  0.544029418   1.088058836   0.000000000
   sum over m      0.544029418  0.544029418   1.088058836   0.000000000
  s           1    0.014838277  0.014838277   0.029676553   0.000000000
   sum over m      0.014838277  0.014838277   0.029676553   0.000000000
   sum over m+mul  0.558867695  0.558867695   1.117735390   0.000000000
  px          0    0.420486858  0.420486858   0.840973716   0.000000000
  py          0    0.420559264  0.420559264   0.841118528   0.000000000
  pz          0    0.490420154  0.490420154   0.980840309   0.000000000
   sum over m      1.331466276  1.331466276   2.662932552   0.000000000
  px          1    0.029702733  0.029702733   0.059405465   0.000000000
  py          1    0.029760620  0.029760620   0.059521240   0.000000000
  pz          1   -0.009768903 -0.009768903  -0.019537807   0.000000000
   sum over m      0.049694449  0.049694449   0.099388898   0.000000000
   sum over m+mul  1.381160725  1.381160725   2.762321451   0.000000000
  d3z^2-r^2   0    0.002825647  0.002825647   0.005651294   0.000000000
  dx^2-y^2    0    0.018897747  0.018897747   0.037795494   0.000000000
  dxy         0    0.018899367  0.018899367   0.037798733   0.000000000
  dxz         0    0.009673849  0.009673849   0.019347698   0.000000000
  dyz         0    0.009674971  0.009674971   0.019349943   0.000000000
   sum over m      0.059971581  0.059971581   0.119943162   0.000000000
   sum over m+mul  0.059971581  0.059971581   0.119943162   0.000000000

   85    C          Up spin      Down spin     Sum           Diff
            multiple
  s           0    0.544029443  0.544029443   1.088058887   0.000000000
   sum over m      0.544029443  0.544029443   1.088058887   0.000000000
  s           1    0.014838280  0.014838280   0.029676559   0.000000000
   sum over m      0.014838280  0.014838280   0.029676559   0.000000000
   sum over m+mul  0.558867723  0.558867723   1.117735446   0.000000000
  px          0    0.420486869  0.420486869   0.840973739   0.000000000
  py          0    0.420559284  0.420559284   0.841118568   0.000000000
  pz          0    0.490420092  0.490420092   0.980840183   0.000000000
   sum over m      1.331466245  1.331466245   2.662932490   0.000000000
  px          1    0.029702732  0.029702732   0.059405464   0.000000000
  py          1    0.029760616  0.029760616   0.059521233   0.000000000
  pz          1   -0.009768905 -0.009768905  -0.019537810   0.000000000
   sum over m      0.049694443  0.049694443   0.099388887   0.000000000
   sum over m+mul  1.381160688  1.381160688   2.762321377   0.000000000
  d3z^2-r^2   0    0.002825647  0.002825647   0.005651294   0.000000000
  dx^2-y^2    0    0.018897744  0.018897744   0.037795489   0.000000000
  dxy         0    0.018899364  0.018899364   0.037798728   0.000000000
  dxz         0    0.009673849  0.009673849   0.019347697   0.000000000
  dyz         0    0.009674990  0.009674990   0.019349980   0.000000000
   sum over m      0.059971594  0.059971594   0.119943188   0.000000000
   sum over m+mul  0.059971594  0.059971594   0.119943188   0.000000000

   86    C          Up spin      Down spin     Sum           Diff
            multiple
  s           0    0.544029446  0.544029446   1.088058893   0.000000000
   sum over m      0.544029446  0.544029446   1.088058893   0.000000000
  s           1    0.014838278  0.014838278   0.029676557   0.000000000
   sum over m      0.014838278  0.014838278   0.029676557   0.000000000
   sum over m+mul  0.558867725  0.558867725   1.117735449   0.000000000
  px          0    0.420486863  0.420486863   0.840973726   0.000000000
  py          0    0.420559296  0.420559296   0.841118592   0.000000000
  pz          0    0.490420081  0.490420081   0.980840162   0.000000000
   sum over m      1.331466240  1.331466240   2.662932479   0.000000000
  px          1    0.029702733  0.029702733   0.059405465   0.000000000
  py          1    0.029760617  0.029760617   0.059521234   0.000000000
  pz          1   -0.009768905 -0.009768905  -0.019537811   0.000000000
   sum over m      0.049694444  0.049694444   0.099388889   0.000000000
   sum over m+mul  1.381160684  1.381160684   2.762321368   0.000000000
  d3z^2-r^2   0    0.002825647  0.002825647   0.005651294   0.000000000
  dx^2-y^2    0    0.018897744  0.018897744   0.037795489   0.000000000
  dxy         0    0.018899366  0.018899366   0.037798731   0.000000000
  dxz         0    0.009673847  0.009673847   0.019347693   0.000000000
  dyz         0    0.009674993  0.009674993   0.019349985   0.000000000
   sum over m      0.059971596  0.059971596   0.119943192   0.000000000
   sum over m+mul  0.059971596  0.059971596   0.119943192   0.000000000

   87    C          Up spin      Down spin     Sum           Diff
            multiple
  s           0    0.544029466  0.544029466   1.088058933   0.000000000
   sum over m      0.544029466  0.544029466   1.088058933   0.000000000
  s           1    0.014838279  0.014838279   0.029676558   0.000000000
   sum over m      0.014838279  0.014838279   0.029676558   0.000000000
   sum over m+mul  0.558867745  0.558867745   1.117735491   0.000000000
  px          0    0.420486885  0.420486885   0.840973771   0.000000000
  py          0    0.420559296  0.420559296   0.841118593   0.000000000
  pz          0    0.490420010  0.490420010   0.980840020   0.000000000
   sum over m      1.331466192  1.331466192   2.662932384   0.000000000
  px          1    0.029702736  0.029702736   0.059405471   0.000000000
  py          1    0.029760618  0.029760618   0.059521236   0.000000000
  pz          1   -0.009768906 -0.009768906  -0.019537812   0.000000000
   sum over m      0.049694448  0.049694448   0.099388895   0.000000000
   sum over m+mul  1.381160640  1.381160640   2.762321279   0.000000000
  d3z^2-r^2   0    0.002825647  0.002825647   0.005651294   0.000000000
  dx^2-y^2    0    0.018897747  0.018897747   0.037795493   0.000000000
  dxy         0    0.018899364  0.018899364   0.037798728   0.000000000
  dxz         0    0.009673850  0.009673850   0.019347699   0.000000000
  dyz         0    0.009674992  0.009674992   0.019349984   0.000000000
   sum over m      0.059971599  0.059971599   0.119943199   0.000000000
   sum over m+mul  0.059971599  0.059971599   0.119943199   0.000000000

   88    C          Up spin      Down spin     Sum           Diff
            multiple
  s           0    0.544029430  0.544029430   1.088058859   0.000000000
   sum over m      0.544029430  0.544029430   1.088058859   0.000000000
  s           1    0.014838278  0.014838278   0.029676556   0.000000000
   sum over m      0.014838278  0.014838278   0.029676556   0.000000000
   sum over m+mul  0.558867708  0.558867708   1.117735415   0.000000000
  px          0    0.420486847  0.420486847   0.840973695   0.000000000
  py          0    0.420559282  0.420559282   0.841118563   0.000000000
  pz          0    0.490420126  0.490420126   0.980840253   0.000000000
   sum over m      1.331466255  1.331466255   2.662932511   0.000000000
  px          1    0.029702733  0.029702733   0.059405466   0.000000000
  py          1    0.029760619  0.029760619   0.059521237   0.000000000
  pz          1   -0.009768903 -0.009768903  -0.019537806   0.000000000
   sum over m      0.049694449  0.049694449   0.099388897   0.000000000
   sum over m+mul  1.381160704  1.381160704   2.762321408   0.000000000
  d3z^2-r^2   0    0.002825647  0.002825647   0.005651294   0.000000000
  dx^2-y^2    0    0.018897746  0.018897746   0.037795491   0.000000000
  dxy         0    0.018899367  0.018899367   0.037798733   0.000000000
  dxz         0    0.009673835  0.009673835   0.019347669   0.000000000
  dyz         0    0.009674988  0.009674988   0.019349975   0.000000000
   sum over m      0.059971581  0.059971581   0.119943163   0.000000000
   sum over m+mul  0.059971581  0.059971581   0.119943163   0.000000000

   89    C          Up spin      Down spin     Sum           Diff
            multiple
  s           0    0.544029467  0.544029467   1.088058935   0.000000000
   sum over m      0.544029467  0.544029467   1.088058935   0.000000000
  s           1    0.014838279  0.014838279   0.029676557   0.000000000
   sum over m      0.014838279  0.014838279   0.029676557   0.000000000
   sum over m+mul  0.558867746  0.558867746   1.117735492   0.000000000
  px          0    0.420486873  0.420486873   0.840973746   0.000000000
  py          0    0.420559309  0.420559309   0.841118618   0.000000000
  pz          0    0.490420010  0.490420010   0.980840020   0.000000000
   sum over m      1.331466192  1.331466192   2.662932384   0.000000000
  px          1    0.029702733  0.029702733   0.059405465   0.000000000
  py          1    0.029760620  0.029760620   0.059521240   0.000000000
  pz          1   -0.009768906 -0.009768906  -0.019537812   0.000000000
   sum over m      0.049694447  0.049694447   0.099388894   0.000000000
   sum over m+mul  1.381160639  1.381160639   2.762321278   0.000000000
  d3z^2-r^2   0    0.002825647  0.002825647   0.005651294   0.000000000
  dx^2-y^2    0    0.018897744  0.018897744   0.037795487   0.000000000
  dxy         0    0.018899367  0.018899367   0.037798734   0.000000000
  dxz         0    0.009673849  0.009673849   0.019347698   0.000000000
  dyz         0    0.009674992  0.009674992   0.019349985   0.000000000
   sum over m      0.059971599  0.059971599   0.119943198   0.000000000
   sum over m+mul  0.059971599  0.059971599   0.119943198   0.000000000

   90    C          Up spin      Down spin     Sum           Diff
            multiple
  s           0    0.544029447  0.544029447   1.088058893   0.000000000
   sum over m      0.544029447  0.544029447   1.088058893   0.000000000
  s           1    0.014838279  0.014838279   0.029676557   0.000000000
   sum over m      0.014838279  0.014838279   0.029676557   0.000000000
   sum over m+mul  0.558867725  0.558867725   1.117735450   0.000000000
  px          0    0.420486883  0.420486883   0.840973767   0.000000000
  py          0    0.420559275  0.420559275   0.841118550   0.000000000
  pz          0    0.490420081  0.490420081   0.980840162   0.000000000
   sum over m      1.331466239  1.331466239   2.662932479   0.000000000
  px          1    0.029702732  0.029702732   0.059405465   0.000000000
  py          1    0.029760617  0.029760617   0.059521234   0.000000000
  pz          1   -0.009768906 -0.009768906  -0.019537811   0.000000000
   sum over m      0.049694444  0.049694444   0.099388887   0.000000000
   sum over m+mul  1.381160683  1.381160683   2.762321366   0.000000000
  d3z^2-r^2   0    0.002825647  0.002825647   0.005651294   0.000000000
  dx^2-y^2    0    0.018897747  0.018897747   0.037795493   0.000000000
  dxy         0    0.018899363  0.018899363   0.037798726   0.000000000
  dxz         0    0.009673851  0.009673851   0.019347703   0.000000000
  dyz         0    0.009674988  0.009674988   0.019349975   0.000000000
   sum over m      0.059971596  0.059971596   0.119943192   0.000000000
   sum over m+mul  0.059971596  0.059971596   0.119943192   0.000000000

   91    C          Up spin      Down spin     Sum           Diff
            multiple
  s           0    0.544029444  0.544029444   1.088058888   0.000000000
   sum over m      0.544029444  0.544029444   1.088058888   0.000000000
  s           1    0.014838280  0.014838280   0.029676560   0.000000000
   sum over m      0.014838280  0.014838280   0.029676560   0.000000000
   sum over m+mul  0.558867724  0.558867724   1.117735448   0.000000000
  px          0    0.420486854  0.420486854   0.840973709   0.000000000
  py          0    0.420559298  0.420559298   0.841118596   0.000000000
  pz          0    0.490420091  0.490420091   0.980840183   0.000000000
   sum over m      1.331466244  1.331466244   2.662932488   0.000000000
  px          1    0.029702732  0.029702732   0.059405463   0.000000000
  py          1    0.029760617  0.029760617   0.059521235   0.000000000
  pz          1   -0.009768905 -0.009768905  -0.019537810   0.000000000
   sum over m      0.049694444  0.049694444   0.099388888   0.000000000
   sum over m+mul  1.381160688  1.381160688   2.762321376   0.000000000
  d3z^2-r^2   0    0.002825647  0.002825647   0.005651294   0.000000000
  dx^2-y^2    0    0.018897742  0.018897742   0.037795484   0.000000000
  dxy         0    0.018899366  0.018899366   0.037798732   0.000000000
  dxz         0    0.009673847  0.009673847   0.019347693   0.000000000
  dyz         0    0.009674992  0.009674992   0.019349983   0.000000000
   sum over m      0.059971594  0.059971594   0.119943188   0.000000000
   sum over m+mul  0.059971594  0.059971594   0.119943188   0.000000000

   92    C          Up spin      Down spin     Sum           Diff
            multiple
  s           0    0.544029449  0.544029449   1.088058898   0.000000000
   sum over m      0.544029449  0.544029449   1.088058898   0.000000000
  s           1    0.014838278  0.014838278   0.029676557   0.000000000
   sum over m      0.014838278  0.014838278   0.029676557   0.000000000
   sum over m+mul  0.558867727  0.558867727   1.117735454   0.000000000
  px          0    0.420486880  0.420486880   0.840973761   0.000000000
  py          0    0.420559281  0.420559281   0.841118563   0.000000000
  pz          0    0.490420067  0.490420067   0.980840135   0.000000000
   sum over m      1.331466229  1.331466229   2.662932458   0.000000000
  px          1    0.029702730  0.029702730   0.059405460   0.000000000
  py          1    0.029760617  0.029760617   0.059521233   0.000000000
  pz          1   -0.009768905 -0.009768905  -0.019537810   0.000000000
   sum over m      0.049694442  0.049694442   0.099388883   0.000000000
   sum over m+mul  1.381160671  1.381160671   2.762321341   0.000000000
  d3z^2-r^2   0    0.002825647  0.002825647   0.005651294   0.000000000
  dx^2-y^2    0    0.018897748  0.018897748   0.037795496   0.000000000
  dxy         0    0.018899364  0.018899364   0.037798727   0.000000000
  dxz         0    0.009673845  0.009673845   0.019347691   0.000000000
  dyz         0    0.009674990  0.009674990   0.019349979   0.000000000
   sum over m      0.059971594  0.059971594   0.119943188   0.000000000
   sum over m+mul  0.059971594  0.059971594   0.119943188   0.000000000

   93    C          Up spin      Down spin     Sum           Diff
            multiple
  s           0    0.544029473  0.544029473   1.088058946   0.000000000
   sum over m      0.544029473  0.544029473   1.088058946   0.000000000
  s           1    0.014838280  0.014838280   0.029676560   0.000000000
   sum over m      0.014838280  0.014838280   0.029676560   0.000000000
   sum over m+mul  0.558867753  0.558867753   1.117735506   0.000000000
  px          0    0.420486868  0.420486868   0.840973736   0.000000000
  py          0    0.420559315  0.420559315   0.841118631   0.000000000
  pz          0    0.490420013  0.490420013   0.980840025   0.000000000
   sum over m      1.331466196  1.331466196   2.662932392   0.000000000
  px          1    0.029702736  0.029702736   0.059405472   0.000000000
  py          1    0.029760619  0.029760619   0.059521237   0.000000000
  pz          1   -0.009768907 -0.009768907  -0.019537813   0.000000000
   sum over m      0.049694448  0.049694448   0.099388896   0.000000000
   sum over m+mul  1.381160644  1.381160644   2.762321288   0.000000000
  d3z^2-r^2   0    0.002825647  0.002825647   0.005651294   0.000000000
  dx^2-y^2    0    0.018897747  0.018897747   0.037795493   0.000000000
  dxy         0    0.018899366  0.018899366   0.037798731   0.000000000
  dxz         0    0.009673846  0.009673846   0.019347693   0.000000000
  dyz         0    0.009674995  0.009674995   0.019349991   0.000000000
   sum over m      0.059971601  0.059971601   0.119943202   0.000000000
   sum over m+mul  0.059971601  0.059971601   0.119943202   0.000000000

   94    C          Up spin      Down spin     Sum           Diff
            multiple
  s           0    0.544029413  0.544029413   1.088058825   0.000000000
   sum over m      0.544029413  0.544029413   1.088058825   0.000000000
  s           1    0.014838277  0.014838277   0.029676555   0.000000000
   sum over m      0.014838277  0.014838277   0.029676555   0.000000000
   sum over m+mul  0.558867690  0.558867690   1.117735380   0.000000000
  px          0    0.420486849  0.420486849   0.840973699   0.000000000
  py          0    0.420559265  0.420559265   0.841118530   0.000000000
  pz          0    0.490420179  0.490420179   0.980840359   0.000000000
   sum over m      1.331466294  1.331466294   2.662932587   0.000000000
  px          1    0.029702729  0.029702729   0.059405458   0.000000000
  py          1    0.029760614  0.029760614   0.059521228   0.000000000
  pz          1   -0.009768904 -0.009768904  -0.019537809   0.000000000
   sum over m      0.049694439  0.049694439   0.099388877   0.000000000
   sum over m+mul  1.381160732  1.381160732   2.762321465   0.000000000
  d3z^2-r^2   0    0.002825647  0.002825647   0.005651294   0.000000000
  dx^2-y^2    0    0.018897747  0.018897747   0.037795494   0.000000000
  dxy         0    0.018899364  0.018899364   0.037798727   0.000000000
  dxz         0    0.009673840  0.009673840   0.019347680   0.000000000
  dyz         0    0.009674985  0.009674985   0.019349970   0.000000000
   sum over m      0.059971582  0.059971582   0.119943165   0.000000000
   sum over m+mul  0.059971582  0.059971582   0.119943165   0.000000000

   95    C          Up spin      Down spin     Sum           Diff
            multiple
  s           0    0.544029522  0.544029522   1.088059044   0.000000000
   sum over m      0.544029522  0.544029522   1.088059044   0.000000000
  s           1    0.014838271  0.014838271   0.029676541   0.000000000
   sum over m      0.014838271  0.014838271   0.029676541   0.000000000
   sum over m+mul  0.558867792  0.558867792   1.117735585   0.000000000
  px          0    0.420486918  0.420486918   0.840973835   0.000000000
  py          0    0.420559312  0.420559312   0.841118624   0.000000000
  pz          0    0.490419805  0.490419805   0.980839610   0.000000000
   sum over m      1.331466035  1.331466035   2.662932069   0.000000000
  px          1    0.029702729  0.029702729   0.059405459   0.000000000
  py          1    0.029760620  0.029760620   0.059521240   0.000000000
  pz          1   -0.009768913 -0.009768913  -0.019537825   0.000000000
   sum over m      0.049694437  0.049694437   0.099388874   0.000000000
   sum over m+mul  1.381160471  1.381160471   2.762320943   0.000000000
  d3z^2-r^2   0    0.002825647  0.002825647   0.005651294   0.000000000
  dx^2-y^2    0    0.018897748  0.018897748   0.037795497   0.000000000
  dxy         0    0.018899363  0.018899363   0.037798726   0.000000000
  dxz         0    0.009673870  0.009673870   0.019347740   0.000000000
  dyz         0    0.009674996  0.009674996   0.019349992   0.000000000
   sum over m      0.059971624  0.059971624   0.119943248   0.000000000
   sum over m+mul  0.059971624  0.059971624   0.119943248   0.000000000

   96    C          Up spin      Down spin     Sum           Diff
            multiple
  s           0    0.544029413  0.544029413   1.088058827   0.000000000
   sum over m      0.544029413  0.544029413   1.088058827   0.000000000
  s           1    0.014838278  0.014838278   0.029676555   0.000000000
   sum over m      0.014838278  0.014838278   0.029676555   0.000000000
   sum over m+mul  0.558867691  0.558867691   1.117735382   0.000000000
  px          0    0.420486847  0.420486847   0.840973694   0.000000000
  py          0    0.420559268  0.420559268   0.841118536   0.000000000
  pz          0    0.490420180  0.490420180   0.980840360   0.000000000
   sum over m      1.331466295  1.331466295   2.662932590   0.000000000
  px          1    0.029702730  0.029702730   0.059405461   0.000000000
  py          1    0.029760613  0.029760613   0.059521226   0.000000000
  pz          1   -0.009768904 -0.009768904  -0.019537809   0.000000000
   sum over m      0.049694439  0.049694439   0.099388878   0.000000000
   sum over m+mul  1.381160734  1.381160734   2.762321468   0.000000000
  d3z^2-r^2   0    0.002825647  0.002825647   0.005651294   0.000000000
  dx^2-y^2    0    0.018897744  0.018897744   0.037795488   0.000000000
  dxy         0    0.018899367  0.018899367   0.037798733   0.000000000
  dxz         0    0.009673845  0.009673845   0.019347690   0.000000000
  dyz         0    0.009674980  0.009674980   0.019349959   0.000000000
   sum over m      0.059971582  0.059971582   0.119943165   0.000000000
   sum over m+mul  0.059971582  0.059971582   0.119943165   0.000000000

   97    C          Up spin      Down spin     Sum           Diff
            multiple
  s           0    0.544029472  0.544029472   1.088058943   0.000000000
   sum over m      0.544029472  0.544029472   1.088058943   0.000000000
  s           1    0.014838280  0.014838280   0.029676560   0.000000000
   sum over m      0.014838280  0.014838280   0.029676560   0.000000000
   sum over m+mul  0.558867752  0.558867752   1.117735504   0.000000000
  px          0    0.420486900  0.420486900   0.840973800   0.000000000
  py          0    0.420559282  0.420559282   0.841118565   0.000000000
  pz          0    0.490420013  0.490420013   0.980840026   0.000000000
   sum over m      1.331466195  1.331466195   2.662932391   0.000000000
  px          1    0.029702735  0.029702735   0.059405470   0.000000000
  py          1    0.029760619  0.029760619   0.059521238   0.000000000
  pz          1   -0.009768907 -0.009768907  -0.019537813   0.000000000
   sum over m      0.049694447  0.049694447   0.099388895   0.000000000
   sum over m+mul  1.381160643  1.381160643   2.762321286   0.000000000
  d3z^2-r^2   0    0.002825647  0.002825647   0.005651294   0.000000000
  dx^2-y^2    0    0.018897748  0.018897748   0.037795495   0.000000000
  dxy         0    0.018899364  0.018899364   0.037798729   0.000000000
  dxz         0    0.009673854  0.009673854   0.019347709   0.000000000
  dyz         0    0.009674987  0.009674987   0.019349975   0.000000000
   sum over m      0.059971601  0.059971601   0.119943202   0.000000000
   sum over m+mul  0.059971601  0.059971601   0.119943202   0.000000000

   98    C          Up spin      Down spin     Sum           Diff
            multiple
  s           0    0.544029452  0.544029452   1.088058904   0.000000000
   sum over m      0.544029452  0.544029452   1.088058904   0.000000000
  s           1    0.014838278  0.014838278   0.029676556   0.000000000
   sum over m      0.014838278  0.014838278   0.029676556   0.000000000
   sum over m+mul  0.558867730  0.558867730   1.117735460   0.000000000
  px          0    0.420486860  0.420486860   0.840973720   0.000000000
  py          0    0.420559301  0.420559301   0.841118603   0.000000000
  pz          0    0.490420066  0.490420066   0.980840132   0.000000000
   sum over m      1.331466228  1.331466228   2.662932455   0.000000000
  px          1    0.029702732  0.029702732   0.059405464   0.000000000
  py          1    0.029760614  0.029760614   0.059521228   0.000000000
  pz          1   -0.009768905 -0.009768905  -0.019537810   0.000000000
   sum over m      0.049694441  0.049694441   0.099388882   0.000000000
   sum over m+mul  1.381160668  1.381160668   2.762321337   0.000000000
  d3z^2-r^2   0    0.002825647  0.002825647   0.005651294   0.000000000
  dx^2-y^2    0    0.018897744  0.018897744   0.037795488   0.000000000
  dxy         0    0.018899368  0.018899368   0.037798736   0.000000000
  dxz         0    0.009673845  0.009673845   0.019347690   0.000000000
  dyz         0    0.009674990  0.009674990   0.019349980   0.000000000
   sum over m      0.059971594  0.059971594   0.119943188   0.000000000
   sum over m+mul  0.059971594  0.059971594   0.119943188   0.000000000

***********************************************************
***********************************************************
                    Dipole moment (Debye)                  
***********************************************************
***********************************************************

 Absolute D        0.00009478

                      Dx                Dy                Dz
 Total             -0.00002363       -0.00009176        0.00000217
 Core            6947.74256987    13370.93680992        0.19212827
 Electron       -6947.74259350   -13370.93690168       -0.19212610
 Back ground       -0.00000000       -0.00000000        0.00000000

***********************************************************
***********************************************************
       xyz-coordinates (Ang) and forces (Hartree/Bohr)  
***********************************************************
***********************************************************

<coordinates.forces
  98
    1     C     0.00000   0.00000   0.00000   0.000009426203 -0.000162113989  0.000001429841
    2     C     0.00000   1.42028   0.00000  -0.000009414555  0.000162121489  0.000000006297
    3     C    -1.23000   2.13042   0.00000   0.000009422307 -0.000162123848 -0.000000690337
    4     C    -1.23000   3.55070   0.00000  -0.000009395396  0.000162078819 -0.000001079545
    5     C    -2.46000   4.26084   0.00000   0.000009448806 -0.000162097522  0.000000587870
    6     C    -2.46000   5.68113   0.00000  -0.000009437229  0.000162153374 -0.000001079240
    7     C    -3.69000   6.39127   0.00000   0.000009412363 -0.000162106512 -0.000000689938
    8     C    -3.69000   7.81155   0.00000  -0.000009410280  0.000162114415  0.000000005283
    9     C    -4.92000   8.52169   0.00000   0.000009422210 -0.000162108536  0.000001429981
   10     C    -4.92000   9.94197   0.00000  -0.000009422571  0.000162131081  0.000000176568
   11     C    -6.15000  10.65211   0.00000   0.000009405946 -0.000162119131 -0.000001548759
   12     C    -6.15000  12.07239   0.00000  -0.000009410775  0.000162119206  0.000000116932
   13     C    -7.38000  12.78253   0.00000   0.000009408052 -0.000162123238 -0.000001550291
   14     C    -7.38000  14.20282   0.00000  -0.000009406450  0.000162102586  0.000000177202
   15     C     2.46000   0.00000   0.00000   0.000009424983 -0.000162093061 -0.000001550168
   16     C     2.46000   1.42028   0.00000  -0.000009433278  0.000162060779 -0.000001079073
   17     C     1.23000   2.13042   0.00000   0.000009396638 -0.000162125323  0.000004499735
   18     C     1.23000   3.55070   0.00000  -0.000009386472  0.000162017592 -0.000002273874
   19     C     0.00000   4.26084   0.00000   0.000009478427 -0.000162226195 -0.000001617599
   20     C     0.00000   5.68113   0.00000  -0.000009228552  0.000162224548  0.000013004352
   21     C    -1.23000   6.39127   0.00000   0.000009351718 -0.000162006556 -0.000001620091
   22     C    -1.23000   7.81155   0.00000  -0.000009487079  0.000162192636 -0.000002253629
   23     C    -2.46000   8.52169   0.00000   0.000009397760 -0.000162129067  0.000004499741
   24     C    -2.46000   9.94197   0.00000  -0.000009471549  0.000162129429 -0.000001079756
   25     C    -3.69000  10.65211   0.00000   0.000009440001 -0.000162119503 -0.000001550942
   26     C    -3.69000  12.07239   0.00000  -0.000009435354  0.000162119272  0.000000117337
   27     C    -4.92000  12.78253   0.00000   0.000009422712 -0.000162111616  0.000001207084
   28     C    -4.92000  14.20282   0.00000  -0.000009422548  0.000162097373  0.000000117047
   29     C     4.92000   0.00000   0.00000   0.000009420505 -0.000162094082 -0.000001549266
   30     C     4.92000   1.42028   0.00000  -0.000009412792  0.000162061787 -0.000001078886
   31     C     3.69000   2.13042   0.00000   0.000009422966 -0.000162020745  0.000012006239
   32     C     3.69000   3.55070   0.00000  -0.000009423515  0.000162022552  0.000013003546
   33     C     2.46000   4.26084   0.00000   0.000009304606 -0.000162240288 -0.000096687058
   34     C     2.46000   5.68113   0.00000  -0.000008992745  0.000161338472 -0.000081305588
   35     C     1.23000   6.39127   0.00000   0.000009193269 -0.000162239521  0.000071737951
   36     C     1.23000   7.81155   0.00000  -0.000009790858  0.000162852164 -0.000083719501
   37     C     0.00000   8.52169   0.00000   0.000009247777 -0.000162152271 -0.000096728522
   38     C     0.00000   9.94197   0.00000  -0.000009500656  0.000162156868  0.000013040565
   39     C    -1.23000  10.65211   0.00000   0.000009501008 -0.000162157651  0.000012014591
   40     C    -1.23000  12.07239   0.00000  -0.000009461990  0.000162146038 -0.000001079852
   41     C    -2.46000  12.78253   0.00000   0.000009437931 -0.000162122934 -0.000001551003
   42     C    -2.46000  14.20282   0.00000  -0.000009439676  0.000162102495  0.000000177143
   43     C     7.38000   0.00000   0.00000   0.000009419622 -0.000162113546  0.000001429813
   44     C     7.38000   1.42028   0.00000  -0.000009430257  0.000162121508  0.000000005424
   45     C     6.15000   2.13042   0.00000   0.000009449285 -0.000162125135  0.000004492346
   46     C     6.15000   3.55070   0.00000  -0.000009460422  0.000162017098 -0.000002253714
   47     C     4.92000   4.26084   0.00000   0.000009541944 -0.000162242526 -0.000096693406
   48     C     4.92000   5.68113   0.00000  -0.000009849857  0.000161340726 -0.000081822754
   49     C     3.69000   6.39127   0.00000   0.000009416005 -0.000145806963  0.001176949636
   50     C     3.69000   7.81155   0.01000   0.000000615979  0.000153734174 -0.002732879573
   51     C     2.46000   8.52169   0.00000   0.000021008615 -0.000168898796  0.001128154085
   52     C     2.46000   9.94197   0.00000  -0.000010261645  0.000162148875 -0.000081821448
   53     C     1.23000  10.65211   0.00000   0.000009370968 -0.000161940631 -0.000096728458
   54     C     1.23000  12.07239   0.00000  -0.000009524616  0.000162127162 -0.000002254203
   55     C     0.00000  12.78253   0.00000   0.000009424828 -0.000162082357  0.000004499571
   56     C     0.00000  14.20282   0.00000  -0.000009418641  0.000162100445  0.000000005544
   57     C     9.84000   0.00000   0.00000   0.000009413148 -0.000162105791 -0.000000690200
   58     C     9.84000   1.42028   0.00000  -0.000009439834  0.000162101770  0.000000177145
   59     C     8.61000   2.13042   0.00000   0.000009422829 -0.000162123585 -0.000000688881
   60     C     8.61000   3.55070   0.00000  -0.000009450639  0.000162079025 -0.000001079758
   61     C     7.38000   4.26084   0.00000   0.000009368306 -0.000162225195 -0.000001624607
   62     C     7.38000   5.68113   0.00000  -0.000009615086  0.000162222833  0.000013041244
   63     C     6.15000   6.39127   0.00000   0.000009650801 -0.000162238660  0.000071864655
   64     C     6.15000   7.81155   0.00000  -0.000009049580  0.000162835468 -0.000083721551
   65     C     4.92000   8.52169   0.00000  -0.000002282340 -0.000168959731  0.001128176215
   66     C     4.92000   9.94197   0.00000  -0.000008593292  0.000162160629 -0.000081306158
   67     C     3.69000  10.65211   0.00000   0.000009422903 -0.000161873189  0.000071662351
   68     C     3.69000  12.07239   0.00000  -0.000009423447  0.000161887591  0.000013004152
   69     C     2.46000  12.78253   0.00000   0.000009296400 -0.000162103359 -0.000001620007
   70     C     2.46000  14.20282   0.00000  -0.000009466212  0.000162104001 -0.000001079182
   71     C    12.30000   0.00000   0.00000   0.000009423245 -0.000162141390  0.000000587772
   72     C    12.30000   1.42028   0.00000  -0.000009422565  0.000162141433  0.000000117056
   73     C    11.07000   2.13042   0.00000   0.000009398361 -0.000162125914 -0.000000042808
   74     C    11.07000   3.55070   0.00000  -0.000009396797  0.000162096778  0.000000117231
   75     C     9.84000   4.26084   0.00000   0.000009396583 -0.000162097176  0.000000586982
   76     C     9.84000   5.68113   0.00000  -0.000009407300  0.000162152542 -0.000001079986
   77     C     8.61000   6.39127   0.00000   0.000009493724 -0.000162007455 -0.000001624535
   78     C     8.61000   7.81155   0.00000  -0.000009359587  0.000162190965 -0.000002253864
   79     C     7.38000   8.52169   0.00000   0.000009595301 -0.000162149783 -0.000096693813
   80     C     7.38000   9.94197   0.00000  -0.000009346028  0.000162157729  0.000013003720
   81     C     6.15000  10.65211   0.00000   0.000009474817 -0.000161945955 -0.000096687217
   82     C     6.15000  12.07239   0.00000  -0.000009322692  0.000162127555 -0.000002273982
   83     C     4.92000  12.78253   0.00000   0.000009549859 -0.000162102685 -0.000001617432
   84     C     4.92000  14.20282   0.00000  -0.000009380642  0.000162104873 -0.000001079390
   85     C    14.76000   0.00000   0.00000   0.000009432891 -0.000162105153 -0.000000690244
   86     C    14.76000   1.42028   0.00000  -0.000009406163  0.000162101848  0.000000177367
   87     C    13.53000   2.13042   0.00000   0.000009447541 -0.000162126028 -0.000000043114
   88     C    13.53000   3.55070   0.00000  -0.000009448570  0.000162097007  0.000000117560
   89     C    12.30000   4.26084   0.00000   0.000009422852 -0.000162084178 -0.000000042965
   90     C    12.30000   5.68113   0.00000  -0.000009422882  0.000162131850  0.000000176944
   91     C    11.07000   6.39127   0.00000   0.000009432924 -0.000162106829 -0.000000688982
   92     C    11.07000   7.81155   0.00000  -0.000009434868  0.000162114178  0.000000005258
   93     C     9.84000   8.52169   0.00000   0.000009447887 -0.000162127869  0.000004493018
   94     C     9.84000   9.94197   0.00000  -0.000009374249  0.000162128176 -0.000001079225
   95     C     8.61000  10.65211   0.00000   0.000009343710 -0.000162157495  0.000012006588
   96     C     8.61000  12.07239   0.00000  -0.000009384200  0.000162146150 -0.000001079155
   97     C     7.38000  12.78253   0.00000   0.000009420961 -0.000162082884  0.000004499811
   98     C     7.38000  14.20282   0.00000  -0.000009426556  0.000162100138  0.000000006719
coordinates.forces>

***********************************************************
***********************************************************
       Fractional coordinates of the final structure       
***********************************************************
***********************************************************

     1      C     0.00000000000000   0.00000000000000   0.00000000000000
     2      C     0.04761904761903   0.09523809523805   0.00000000000000
     3      C     0.00000000000000   0.14285714285714   0.00000000000000
     4      C     0.04761904761903   0.23809523809519   0.00000000000000
     5      C     0.00000000000000   0.28571428571429   0.00000000000000
     6      C     0.04761904761903   0.38095238095234   0.00000000000000
     7      C    -0.00000000000000   0.42857142857143   0.00000000000000
     8      C     0.04761904761903   0.52380952380948   0.00000000000000
     9      C     0.00000000000000   0.57142857142857   0.00000000000000
    10      C     0.04761904761903   0.66666666666662   0.00000000000000
    11      C    -0.00000000000000   0.71428571428571   0.00000000000000
    12      C     0.04761904761903   0.80952380952376   0.00000000000000
    13      C    -0.00000000000000   0.85714285714286   0.00000000000000
    14      C     0.04761904761903   0.95238095238091   0.00000000000000
    15      C     0.14285714285714   0.00000000000000   0.00000000000000
    16      C     0.19047619047617   0.09523809523805   0.00000000000000
    17      C     0.14285714285714   0.14285714285714   0.00000000000000
    18      C     0.19047619047617   0.23809523809519   0.00000000000000
    19      C     0.14285714285714   0.28571428571429   0.00000000000000
    20      C     0.19047619047617   0.38095238095234   0.00000000000000
    21      C     0.14285714285714   0.42857142857143   0.00000000000000
    22      C     0.19047619047617   0.52380952380948   0.00000000000000
    23      C     0.14285714285714   0.57142857142857   0.00000000000000
    24      C     0.19047619047617   0.66666666666662   0.00000000000000
    25      C     0.14285714285714   0.71428571428571   0.00000000000000
    26      C     0.19047619047617   0.80952380952376   0.00000000000000
    27      C     0.14285714285714   0.85714285714286   0.00000000000000
    28      C     0.19047619047617   0.95238095238091   0.00000000000000
    29      C     0.28571428571429   0.00000000000000   0.00000000000000
    30      C     0.33333333333331   0.09523809523805   0.00000000000000
    31      C     0.28571428571429   0.14285714285714   0.00000000000000
    32      C     0.33333333333331   0.23809523809519   0.00000000000000
    33      C     0.28571428571429   0.28571428571429   0.00000000000000
    34      C     0.33333333333331   0.38095238095234   0.00000000000000
    35      C     0.28571428571429   0.42857142857143   0.00000000000000
    36      C     0.33333333333331   0.52380952380948   0.00000000000000
    37      C     0.28571428571429   0.57142857142857   0.00000000000000
    38      C     0.33333333333331   0.66666666666662   0.00000000000000
    39      C     0.28571428571429   0.71428571428571   0.00000000000000
    40      C     0.33333333333331   0.80952380952376   0.00000000000000
    41      C     0.28571428571429   0.85714285714286   0.00000000000000
    42      C     0.33333333333331   0.95238095238091   0.00000000000000
    43      C     0.42857142857143   0.00000000000000   0.00000000000000
    44      C     0.47619047619045   0.09523809523805   0.00000000000000
    45      C     0.42857142857143   0.14285714285714   0.00000000000000
    46      C     0.47619047619045   0.23809523809519   0.00000000000000
    47      C     0.42857142857143   0.28571428571429   0.00000000000000
    48      C     0.47619047619045   0.38095238095234   0.00000000000000
    49      C     0.42857142857143   0.42857142857143   0.00000000000000
    50      C     0.47619047619045   0.52380952380948   0.00083333333333
    51      C     0.42857142857143   0.57142857142857   0.00000000000000
    52      C     0.47619047619045   0.66666666666662   0.00000000000000
    53      C     0.42857142857143   0.71428571428571   0.00000000000000
    54      C     0.47619047619045   0.80952380952376   0.00000000000000
    55      C     0.42857142857143   0.85714285714286   0.00000000000000
    56      C     0.47619047619045   0.95238095238091   0.00000000000000
    57      C     0.57142857142857   0.00000000000000   0.00000000000000
    58      C     0.61904761904760   0.09523809523805   0.00000000000000
    59      C     0.57142857142857   0.14285714285714   0.00000000000000
    60      C     0.61904761904760   0.23809523809519   0.00000000000000
    61      C     0.57142857142857   0.28571428571429   0.00000000000000
    62      C     0.61904761904760   0.38095238095234   0.00000000000000
    63      C     0.57142857142857   0.42857142857143   0.00000000000000
    64      C     0.61904761904760   0.52380952380948   0.00000000000000
    65      C     0.57142857142857   0.57142857142857   0.00000000000000
    66      C     0.61904761904760   0.66666666666662   0.00000000000000
    67      C     0.57142857142857   0.71428571428571   0.00000000000000
    68      C     0.61904761904760   0.80952380952376   0.00000000000000
    69      C     0.57142857142857   0.85714285714286   0.00000000000000
    70      C     0.61904761904760   0.95238095238091   0.00000000000000
    71      C     0.71428571428571   0.00000000000000   0.00000000000000
    72      C     0.76190476190474   0.09523809523805   0.00000000000000
    73      C     0.71428571428571   0.14285714285714   0.00000000000000
    74      C     0.76190476190474   0.23809523809519   0.00000000000000
    75      C     0.71428571428571   0.28571428571429   0.00000000000000
    76      C     0.76190476190474   0.38095238095234   0.00000000000000
    77      C     0.71428571428571   0.42857142857143   0.00000000000000
    78      C     0.76190476190474   0.52380952380948   0.00000000000000
    79      C     0.71428571428571   0.57142857142857   0.00000000000000
    80      C     0.76190476190474   0.66666666666662   0.00000000000000
    81      C     0.71428571428571   0.71428571428571   0.00000000000000
    82      C     0.76190476190474   0.80952380952376   0.00000000000000
    83      C     0.71428571428571   0.85714285714286   0.00000000000000
    84      C     0.76190476190474   0.95238095238091   0.00000000000000
    85      C     0.85714285714286   0.00000000000000   0.00000000000000
    86      C     0.90476190476188   0.09523809523805   0.00000000000000
    87      C     0.85714285714286   0.14285714285714   0.00000000000000
    88      C     0.90476190476188   0.23809523809519   0.00000000000000
    89      C     0.85714285714286   0.28571428571429   0.00000000000000
    90      C     0.90476190476188   0.38095238095234   0.00000000000000
    91      C     0.85714285714286   0.42857142857143   0.00000000000000
    92      C     0.90476190476188   0.52380952380948   0.00000000000000
    93      C     0.85714285714286   0.57142857142857   0.00000000000000
    94      C     0.90476190476188   0.66666666666662   0.00000000000000
    95      C     0.85714285714286   0.71428571428571   0.00000000000000
    96      C     0.90476190476188   0.80952380952376   0.00000000000000
    97      C     0.85714285714286   0.85714285714286   0.00000000000000
    98      C     0.90476190476188   0.95238095238091   0.00000000000000

***********************************************************
***********************************************************
               Computational Time (second)                 
***********************************************************
***********************************************************

   Elapsed.Time.        26.782

                               Min_ID   Min_Time       Max_ID   Max_Time
   Total Computational Time =    28       26.568          0       26.782
   readfile                 =    28        1.227          0        1.263
   truncation               =    25        0.904         15        0.935
   MD_pac                   =     0        0.136          8        0.149
   OutData                  =    18        0.000          0        0.008
   DFT                      =    15       22.816          0       22.856

*** In DFT ***

   Set_OLP_Kin              =     5        0.822         15        1.138
   Set_Nonlocal             =    15        1.672          5        1.987
   Set_ProExpn_VNA          =     0        0.000          0        0.000
   Set_Hamiltonian          =     6        6.170         23        6.170
   Poisson                  =    26        0.120         21        0.120
   Diagonalization          =     1        7.067         26        7.068
   Mixing_DM                =     6        0.044         26        0.044
   Force                    =    16        0.721         25        0.721
   Total_Energy             =     6        1.125          0        1.136
   Set_Aden_Grid            =     8        0.036         30        0.039
   Set_Orbitals_Grid        =    19        0.343         31        0.451
   Set_Density_Grid         =     7        3.824         14        3.873
   RestartFileDFT           =    22        0.189         31        0.251
   Mulliken_Charge          =     5        0.091         30        0.091
   FFT(2D)_Density          =     0        0.000          0        0.000
   Others                   =    31        0.084          6        0.292
