***********************************************************
***********************************************************

  This calculation was performed by OpenMX Ver. 3.9.9
  using 32 MPI processes and 1 OpenMP threads.

  Sun Jun  1 17:39:20 2025

***********************************************************
***********************************************************

#
# File Name
#

System.CurrrentDirectory         ./    # default=./
System.Name                      openmx
level.of.stdout                   1    # default=1 (1-3)
level.of.fileout                  0    # default=1 (0-2)

#
# Definition of Atomic Species
#

Species.Number       1
<Definition.of.Atomic.Species
 C     C6.0-s2p2d1        C_PBE19
Definition.of.Atomic.Species>

#
# Atoms
#
Atoms.Number     98
Atoms.SpeciesAndCoordinates.Unit   Ang # Ang|AU
<Atoms.SpeciesAndCoordinates
  1   C    0.000000000000    0.000000000000    0.000000000000  2.0  2.0  off
  2   C    0.000000000000    1.420281662206    0.000000000000  2.0  2.0  off
  3   C   -1.230000000000    2.130422493310    0.000000000000  2.0  2.0  off
  4   C   -1.230000000000    3.550704155516    0.000000000000  2.0  2.0  off
  5   C   -2.460000000000    4.260844986620    0.000000000000  2.0  2.0  off
  6   C   -2.460000000000    5.681126648826    0.000000000000  2.0  2.0  off
  7   C   -3.690000000000    6.391267479930    0.000000000000  2.0  2.0  off
  8   C   -3.690000000000    7.811549142136    0.000000000000  2.0  2.0  off
  9   C   -4.920000000000    8.521689973240    0.000000000000  2.0  2.0  off
 10   C   -4.920000000000    9.941971635446    0.000000000000  2.0  2.0  off
 11   C   -6.150000000000   10.652112466550    0.000000000000  2.0  2.0  off
 12   C   -6.150000000000   12.072394128756    0.000000000000  2.0  2.0  off
 13   C   -7.380000000000   12.782534959860    0.000000000000  2.0  2.0  off
 14   C   -7.380000000000   14.202816622066    0.000000000000  2.0  2.0  off
 15   C    2.460000000000    0.000000000000    0.000000000000  2.0  2.0  off
 16   C    2.460000000000    1.420281662206    0.000000000000  2.0  2.0  off
 17   C    1.230000000000    2.130422493310    0.000000000000  2.0  2.0  off
 18   C    1.230000000000    3.550704155516    0.000000000000  2.0  2.0  off
 19   C    0.000000000000    4.260844986620    0.000000000000  2.0  2.0  off
 20   C    0.000000000000    5.681126648826    0.000000000000  2.0  2.0  off
 21   C   -1.230000000000    6.391267479930    0.000000000000  2.0  2.0  off
 22   C   -1.230000000000    7.811549142136    0.000000000000  2.0  2.0  off
 23   C   -2.460000000000    8.521689973240    0.000000000000  2.0  2.0  off
 24   C   -2.460000000000    9.941971635446    0.000000000000  2.0  2.0  off
 25   C   -3.690000000000   10.652112466550    0.000000000000  2.0  2.0  off
 26   C   -3.690000000000   12.072394128756    0.000000000000  2.0  2.0  off
 27   C   -4.920000000000   12.782534959860    0.000000000000  2.0  2.0  off
 28   C   -4.920000000000   14.202816622066    0.000000000000  2.0  2.0  off
 29   C    4.920000000000    0.000000000000    0.000000000000  2.0  2.0  off
 30   C    4.920000000000    1.420281662206    0.000000000000  2.0  2.0  off
 31   C    3.690000000000    2.130422493310    0.000000000000  2.0  2.0  off
 32   C    3.690000000000    3.550704155516    0.000000000000  2.0  2.0  off
 33   C    2.460000000000    4.260844986620    0.000000000000  2.0  2.0  off
 34   C    2.460000000000    5.681126648826    0.000000000000  2.0  2.0  off
 35   C    1.230000000000    6.391267479930    0.000000000000  2.0  2.0  off
 36   C    1.230000000000    7.811549142136    0.000000000000  2.0  2.0  off
 37   C    0.000000000000    8.521689973240    0.000000000000  2.0  2.0  off
 38   C    0.000000000000    9.941971635446    0.000000000000  2.0  2.0  off
 39   C   -1.230000000000   10.652112466550    0.000000000000  2.0  2.0  off
 40   C   -1.230000000000   12.072394128756    0.000000000000  2.0  2.0  off
 41   C   -2.460000000000   12.782534959860    0.000000000000  2.0  2.0  off
 42   C   -2.460000000000   14.202816622066    0.000000000000  2.0  2.0  off
 43   C    7.380000000000    0.000000000000    0.000000000000  2.0  2.0  off
 44   C    7.380000000000    1.420281662206    0.000000000000  2.0  2.0  off
 45   C    6.150000000000    2.130422493310    0.000000000000  2.0  2.0  off
 46   C    6.150000000000    3.550704155516    0.000000000000  2.0  2.0  off
 47   C    4.920000000000    4.260844986620    0.000000000000  2.0  2.0  off
 48   C    4.920000000000    5.681126648826    0.000000000000  2.0  2.0  off
 49   C    3.700000000000    6.391267479930    0.000000000000  2.0  2.0  off
 50   C    3.690000000000    7.811549142136    0.000000000000  2.0  2.0  off
 51   C    2.460000000000    8.521689973240    0.000000000000  2.0  2.0  off
 52   C    2.460000000000    9.941971635446    0.000000000000  2.0  2.0  off
 53   C    1.230000000000   10.652112466550    0.000000000000  2.0  2.0  off
 54   C    1.230000000000   12.072394128756    0.000000000000  2.0  2.0  off
 55   C    0.000000000000   12.782534959860    0.000000000000  2.0  2.0  off
 56   C    0.000000000000   14.202816622066    0.000000000000  2.0  2.0  off
 57   C    9.840000000000    0.000000000000    0.000000000000  2.0  2.0  off
 58   C    9.840000000000    1.420281662206    0.000000000000  2.0  2.0  off
 59   C    8.610000000000    2.130422493310    0.000000000000  2.0  2.0  off
 60   C    8.610000000000    3.550704155516    0.000000000000  2.0  2.0  off
 61   C    7.380000000000    4.260844986620    0.000000000000  2.0  2.0  off
 62   C    7.380000000000    5.681126648826    0.000000000000  2.0  2.0  off
 63   C    6.150000000000    6.391267479930    0.000000000000  2.0  2.0  off
 64   C    6.150000000000    7.811549142136    0.000000000000  2.0  2.0  off
 65   C    4.920000000000    8.521689973240    0.000000000000  2.0  2.0  off
 66   C    4.920000000000    9.941971635446    0.000000000000  2.0  2.0  off
 67   C    3.690000000000   10.652112466550    0.000000000000  2.0  2.0  off
 68   C    3.690000000000   12.072394128756    0.000000000000  2.0  2.0  off
 69   C    2.460000000000   12.782534959860    0.000000000000  2.0  2.0  off
 70   C    2.460000000000   14.202816622066    0.000000000000  2.0  2.0  off
 71   C   12.300000000000    0.000000000000    0.000000000000  2.0  2.0  off
 72   C   12.300000000000    1.420281662206    0.000000000000  2.0  2.0  off
 73   C   11.070000000000    2.130422493310    0.000000000000  2.0  2.0  off
 74   C   11.070000000000    3.550704155516    0.000000000000  2.0  2.0  off
 75   C    9.840000000000    4.260844986620    0.000000000000  2.0  2.0  off
 76   C    9.840000000000    5.681126648826    0.000000000000  2.0  2.0  off
 77   C    8.610000000000    6.391267479930    0.000000000000  2.0  2.0  off
 78   C    8.610000000000    7.811549142136    0.000000000000  2.0  2.0  off
 79   C    7.380000000000    8.521689973240    0.000000000000  2.0  2.0  off
 80   C    7.380000000000    9.941971635446    0.000000000000  2.0  2.0  off
 81   C    6.150000000000   10.652112466550    0.000000000000  2.0  2.0  off
 82   C    6.150000000000   12.072394128756    0.000000000000  2.0  2.0  off
 83   C    4.920000000000   12.782534959860    0.000000000000  2.0  2.0  off
 84   C    4.920000000000   14.202816622066    0.000000000000  2.0  2.0  off
 85   C   14.760000000000    0.000000000000    0.000000000000  2.0  2.0  off
 86   C   14.760000000000    1.420281662206    0.000000000000  2.0  2.0  off
 87   C   13.530000000000    2.130422493310    0.000000000000  2.0  2.0  off
 88   C   13.530000000000    3.550704155516    0.000000000000  2.0  2.0  off
 89   C   12.300000000000    4.260844986620    0.000000000000  2.0  2.0  off
 90   C   12.300000000000    5.681126648826    0.000000000000  2.0  2.0  off
 91   C   11.070000000000    6.391267479930    0.000000000000  2.0  2.0  off
 92   C   11.070000000000    7.811549142136    0.000000000000  2.0  2.0  off
 93   C    9.840000000000    8.521689973240    0.000000000000  2.0  2.0  off
 94   C    9.840000000000    9.941971635446    0.000000000000  2.0  2.0  off
 95   C    8.610000000000   10.652112466550    0.000000000000  2.0  2.0  off
 96   C    8.610000000000   12.072394128756    0.000000000000  2.0  2.0  off
 97   C    7.380000000000   12.782534959860    0.000000000000  2.0  2.0  off
 98   C    7.380000000000   14.202816622066    0.000000000000  2.0  2.0  off
Atoms.SpeciesAndCoordinates>
Atoms.UnitVectors.Unit             Ang # Ang|AU
<Atoms.UnitVectors
   17.220000000000    0.000000000000    0.000000000000
   -8.610000000000   14.912957453170    0.000000000000
    0.000000000000    0.000000000000   12.000000000000
Atoms.UnitVectors>
#
# SCF or Electronic System
#

scf.XcType                 GGA-PBE     # LDA|LSDA-CA|LSDA-PW|GGA-PBE
scf.SpinPolarization        off        # On|Off|NC
scf.ElectronicTemperature  300.0       # default=300 (K)
scf.energycutoff           250.0       # default=150 (Ry)
scf.maxIter                1000        # default=40
scf.EigenvalueSolver       Cluster        # DC|Cluster|Band
scf.Kgrid                  1 1 1       # means n1 x n2 x n3
scf.Mixing.Type           rmm-diis    # Simple|Rmm-Diis|Gr-Pulay|Kerker|Rmm-Diisk
scf.Init.Mixing.Weight     0.30        # default=0.30
scf.Min.Mixing.Weight      0.001       # default=0.001
scf.Max.Mixing.Weight      0.400       # default=0.40
scf.Mixing.History          20         # default=5
scf.Mixing.StartPulay       10         # default=6
scf.criterion             1.0e-9      # default=1.0e-6 (Hartree)
scf.partialCoreCorrection   ON

## 1DFFT ##
1DFFT.NumGridK                    900
1DFFT.NumGridR                    900
1DFFT.EnergyCutoff                3600.0

## Others ##
scf.ProExpn.VNA                   Off

# DFT+U
#scf.Hubbard.U             on
#scf.DFTU.Type             1             # 1:Simplified(Dudarev)|2:General, default=1
#scf.Hubbard.Occupation      dual        # onsite|full|dual
#<Hubbard.U.values                       # eV
#  He  1s 0.0 2s 0.0 1p 0.0
#  Li  1s 0.0 2s 0.0 1p 0.0
#  Ti  1s 0.0 2s 0.0 3s 0.0 1p 0.0 2p 0.0 1d 4.1
#  O   1s 0.0 2s 0.0 1p 0.0 2p 0.0 1d 0.0
#  H   1s 0.0 2s 0.0 1p 0.0
#  C   1s 0.0 2s 0.0 1p 0.0 2p 0.0 1d 0.0
#Hubbard.U.values>

#<Hund.J.values                       # eV
#H0  1s 0.0 2s 0.0 1p 0.0
#H1  1s 0.0 2s 0.0 1p 0.0
#Ti  1s 0.0 2s 0.0 3s 0.0 1p 0.0 2p 0.0 1d 0.0
#O   1s 0.0 2s 0.0 1p 0.0 2p 0.0 1d 0.0
#H   1s 0.0 2s 0.0 1p 0.0
#C   1s 0.0 2s 0.0 1p 0.0 2p 0.0 1d 0.0
#Hund.J.values>

# Output of molecular orbitals
#MO.fileout   ON
#<MO.kpoint
#  0.0 0.0 0.0
#MO.kpoint>

#Dos.fileout  on
#Dos.Erange  -10.0 10.0
#Dos.Kgrid   1 1 1

#Band.dispersion             on        # on|off, default=off
#Band.Nkpath                  3
#<Band.kpath
#100   0.0000000000   0.0000000000   0.0000000000     0.3333333333   0.6666666666   0.0000000000 Γ K
#100   0.3333333333   0.6666666666   0.0000000000     0.5000000000   0.5000000000   0.0000000000 K M
#100   0.5000000000   0.5000000000   0.0000000000     0.0000000000   0.0000000000   0.0000000000 M Γ
#Band.kpath>
#120   0.0000000000   0.0000000000   0.0000000000     0.3333333333   0.3333333333   0.0000000000 Γ K
##80   0.3333333333   0.3333333333   0.0000000000     0.5000000000   0.0000000000   0.0000000000 K M
##120   0.5000000000   0.0000000000   0.0000000000     0.0000000000   0.0000000000   0.0000000000 M Γ

# VDW DFT-D2
#scf.dftD            on         # on|off, default=off
#DFTD.Unit           Ang        # Ang|AU
#DFTD.rcut_dftD      50.0       # default=100 (DFTD.Unit)
#DFTD.d              20.0       # default=20
#DFTD.scale6         0.75       # default=0.75
#DFTD.IntDirection   1 1 1      # default=1 1 1 (1:on 0:off)

#
# MD or Geometry Optimization
#

#<MD.Fixed.Cell.Vectors
# 0 0 0
# 0 0 0
# 1 1 1
#MD.Fixed.Cell.Vectors>

MD.Type                     nomd #OptC2       # Nomd|Opt|NVE|NVT_VS|NVT_NH
                                     # Constraint_Opt|DIIS
#MD.maxIter                    500        # default=1
#MD.TimeStep                 1.0        # default=0.5 (fs)
#MD.Opt.criterion         1.0e-6        # default=1.0e-4 (Hartree/Bohr)

DATA.PATH     /home/huangdq_group/tuyouyou/data/opt/openmx3.9-amd/DFT_DATA19
HS.fileout    On
scf.fixed.grid    -1.104072408827   -0.570337923238  -11.237120610657


***********************************************************
***********************************************************

  Required cutoff energy (Ryd) for 3D-grids = 250.0000
      Used cutoff energy (Ryd) for 3D-grids = 243.5738, 243.5738, 240.7552
  Num. of grids of a-, b-, and c-axes = 140, 140, 112

  Num.Grid1.   140
  Num.Grid2.   140
  Num.Grid3.   112


  Cell_Volume =  20795.754379419846 (Bohr^3)
  GridVol     =      0.009473284612 (Bohr^3)
  Cell vectors (bohr) of the grid cell (gtv)
    gtv_a =  0.232436296595,  0.000000000000,  0.000000000000
    gtv_b = -0.116218148298,  0.201295737613,  0.000000000000
    gtv_c =  0.000000000000,  0.000000000000,  0.202470641633
    |gtv_a| =  0.232436296595
    |gtv_b| =  0.232436296595
    |gtv_c| =  0.202470641633

***********************************************************
***********************************************************


***********************************************************
***********************************************************
                  SCF history at MD= 1                    
***********************************************************
***********************************************************

   SCF=   1  NormRD=  1.000000000000  Uele= -159.188912124451
   SCF=   2  NormRD=  0.507128554045  Uele= -175.798549680554
   SCF=   3  NormRD=  0.192020388126  Uele= -182.202586781599
   SCF=   4  NormRD=  0.071740200500  Uele= -184.643550854208
   SCF=   5  NormRD=  0.025696605891  Uele= -185.539195286188
   SCF=   6  NormRD=  0.104835884959  Uele= -186.298669337018
   SCF=   7  NormRD=  0.117516399117  Uele= -186.856994684790
   SCF=   8  NormRD=  0.115948569798  Uele= -186.842731130685
   SCF=   9  NormRD=  0.057725645048  Uele= -186.312512731292
   SCF=  10  NormRD=  0.027947689135  Uele= -186.063651601508
   SCF=  11  NormRD=  0.014004133759  Uele= -185.960787198482
   SCF=  12  NormRD=  0.004994763943  Uele= -185.893523486137
   SCF=  13  NormRD=  0.001853786061  Uele= -185.898165372380
   SCF=  14  NormRD=  0.000384933495  Uele= -185.888739723177
   SCF=  15  NormRD=  0.000022552151  Uele= -185.888708764497
   SCF=  16  NormRD=  0.000018157728  Uele= -185.888873294051
   SCF=  17  NormRD=  0.000001996818  Uele= -185.888879618961
   SCF=  18  NormRD=  0.000001788028  Uele= -185.888882068829
   SCF=  19  NormRD=  0.000000733952  Uele= -185.888884478730
   SCF=  20  NormRD=  0.000000048644  Uele= -185.888884655332
   SCF=  21  NormRD=  0.000000041475  Uele= -185.888884649284
   SCF=  22  NormRD=  0.000000033914  Uele= -185.888884645161
   SCF=  23  NormRD=  0.000000028466  Uele= -185.888884643341
   SCF=  24  NormRD=  0.000000022057  Uele= -185.888884643460

*******************************************************
        Total energy (Hartree) at MD = 1        
*******************************************************

  Uele.       -185.888884643460

  Ukin.        409.923049540423
  UH0.       -5638.648179912800
  UH1.           1.331779246493
  Una.        -288.504281116645
  Unl.         -52.634606786213
  Uxc0.        -95.138616724740
  Uxc1.        -95.138616724740
  Ucore.      5186.233487859172
  Uhub.          0.000000000000
  Ucs.           0.000000000000
  Uzs.           0.000000000000
  Uzo.           0.000000000000
  Uef.           0.000000000000
  UvdW.          0.000000000000
  Uch.           0.000000000000
  Utot.       -572.575984619049

  UpV.           0.000000000000
  Enpy.       -572.575984619049
  Note:

  Utot = Ukin+UH0+UH1+Una+Unl+Uxc0+Uxc1+Ucore+Uhub+Ucs+Uzs+Uzo+Uef+UvdW+Uch

  Uele:   band energy
  Ukin:   kinetic energy
  UH0:    electric part of screened Coulomb energy
  UH1:    difference electron-electron Coulomb energy
  Una:    neutral atom potential energy
  Unl:    non-local potential energy
  Uxc0:   exchange-correlation energy for alpha spin
  Uxc1:   exchange-correlation energy for beta spin
  Ucore:  core-core Coulomb energy
  Uhub:   LDA+U energy
  Ucs:    constraint energy for spin orientation
  Uzs:    Zeeman term for spin magnetic moment
  Uzo:    Zeeman term for orbital magnetic moment
  Uef:    electric energy by electric field
  UvdW:   semi-empirical vdW energy
  Uch:    penalty term to create a core hole

  UpV:    pressure times volume
  Enpy:   Enthalpy = Utot + UpV
  (see also PRB 72, 045121(2005) for the energy contributions)



  Chemical potential (Hartree)      -0.137199954852

***********************************************************
***********************************************************
            Eigenvalues (Hartree) for SCF KS-eq.           
***********************************************************
***********************************************************

   Chemical Potential (Hartree) =  -0.13719995485189
   Number of States             = 392.00000000000000
   HOMO = 196
   Eigenvalues
                Up-spin            Down-spin
          1  -0.85629606166676  -0.85629606166676
          2  -0.83866918643406  -0.83866918643406
          3  -0.83858736296014  -0.83858736296014
          4  -0.83858554985564  -0.83858554985564
          5  -0.83858475884417  -0.83858475884417
          6  -0.83858313918240  -0.83858313918240
          7  -0.83850563896703  -0.83850563896703
          8  -0.80354657856089  -0.80354657856089
          9  -0.80342612524211  -0.80342612524211
         10  -0.80342072466102  -0.80342072466102
         11  -0.80341669041447  -0.80341669041447
         12  -0.80341035022609  -0.80341035022609
         13  -0.80329597162802  -0.80329597162802
         14  -0.78610634873063  -0.78610634873063
         15  -0.78598071258283  -0.78598071258283
         16  -0.78597089251219  -0.78597089251219
         17  -0.78597055681911  -0.78597055681911
         18  -0.78596066895371  -0.78596066895371
         19  -0.78583732080555  -0.78583732080555
         20  -0.73493985567869  -0.73493985567869
         21  -0.73467726772755  -0.73467726772755
         22  -0.73464482252068  -0.73464482252068
         23  -0.73464185090468  -0.73464185090468
         24  -0.73464115026645  -0.73464115026645
         25  -0.73463998352236  -0.73463998352236
         26  -0.73463932700038  -0.73463932700038
         27  -0.73463647120106  -0.73463647120106
         28  -0.73463578453452  -0.73463578453452
         29  -0.73463394705321  -0.73463394705321
         30  -0.73460061318672  -0.73460061318672
         31  -0.73434433809469  -0.73434433809469
         32  -0.70171988968439  -0.70171988968439
         33  -0.70159535542116  -0.70159535542116
         34  -0.70157054428299  -0.70157054428299
         35  -0.70156959714432  -0.70156959714432
         36  -0.70154415220353  -0.70154415220353
         37  -0.70142110974713  -0.70142110974713
         38  -0.65429674225131  -0.65429674225131
         39  -0.65415788540987  -0.65415788540987
         40  -0.65413713730237  -0.65413713730237
         41  -0.65413531845118  -0.65413531845118
         42  -0.65411114411890  -0.65411114411890
         43  -0.65399145487955  -0.65399145487955
         44  -0.65151251675916  -0.65151251675916
         45  -0.65139345751072  -0.65139345751072
         46  -0.65138113753233  -0.65138113753233
         47  -0.65137263056201  -0.65137263056201
         48  -0.65136794155874  -0.65136794155874
         49  -0.65122725756686  -0.65122725756686
         50  -0.61439381312783  -0.61439381312783
         51  -0.61430280964625  -0.61430280964625
         52  -0.61428525898598  -0.61428525898598
         53  -0.61425900323749  -0.61425900323749
         54  -0.61424959245227  -0.61424959245227
         55  -0.61414591810624  -0.61414591810624
         56  -0.58011526632250  -0.58011526632250
         57  -0.58002894509674  -0.58002894509674
         58  -0.57997685658851  -0.57997685658851
         59  -0.57997496827005  -0.57997496827005
         60  -0.57992526223004  -0.57992526223004
         61  -0.57983908541483  -0.57983908541483
         62  -0.56119072883301  -0.56119072883301
         63  -0.56105508805186  -0.56105508805186
         64  -0.56104237917628  -0.56104237917628
         65  -0.56104137842972  -0.56104137842972
         66  -0.56102775829387  -0.56102775829387
         67  -0.56088713377747  -0.56088713377747
         68  -0.50898167056860  -0.50898167056860
         69  -0.50876044601801  -0.50876044601801
         70  -0.50868944428428  -0.50868944428428
         71  -0.50867979338938  -0.50867979338938
         72  -0.50867805448778  -0.50867805448778
         73  -0.50867356280991  -0.50867356280991
         74  -0.50866873907491  -0.50866873907491
         75  -0.50866523432451  -0.50866523432451
         76  -0.50866208456743  -0.50866208456743
         77  -0.50865184728586  -0.50865184728586
         78  -0.50858475155320  -0.50858475155320
         79  -0.50837052434186  -0.50837052434186
         80  -0.50180353844542  -0.50180353844542
         81  -0.50178536894224  -0.50178536894224
         82  -0.50174330668426  -0.50174330668426
         83  -0.50173046983384  -0.50173046983384
         84  -0.50168430877964  -0.50168430877964
         85  -0.50166555489289  -0.50166555489289
         86  -0.44628435517650  -0.44628435517650
         87  -0.44615803203586  -0.44615803203586
         88  -0.44610753076376  -0.44610753076376
         89  -0.44610623589832  -0.44610623589832
         90  -0.44605878834631  -0.44605878834631
         91  -0.44593691901368  -0.44593691901368
         92  -0.42604410998065  -0.42604410998065
         93  -0.42595891197140  -0.42595891197140
         94  -0.42593044053699  -0.42593044053699
         95  -0.42591965327623  -0.42591965327623
         96  -0.42589231649904  -0.42589231649904
         97  -0.42580962545714  -0.42580962545714
         98  -0.41706412118867  -0.41706412118867
         99  -0.40719343345509  -0.40719343345509
        100  -0.40700179562003  -0.40700179562003
        101  -0.40692062155067  -0.40692062155067
        102  -0.40691139820520  -0.40691139820520
        103  -0.40691042421009  -0.40691042421009
        104  -0.40690632807014  -0.40690632807014
        105  -0.40690599561275  -0.40690599561275
        106  -0.40690453539088  -0.40690453539088
        107  -0.40690194908822  -0.40690194908822
        108  -0.40689355598565  -0.40689355598565
        109  -0.40681346339212  -0.40681346339212
        110  -0.40662665310335  -0.40662665310335
        111  -0.39612753714203  -0.39612753714203
        112  -0.39606076691895  -0.39606076691895
        113  -0.39605876062620  -0.39605876062620
        114  -0.39605826190037  -0.39605826190037
        115  -0.39605638401744  -0.39605638401744
        116  -0.39599266387077  -0.39599266387077
        117  -0.39168905692601  -0.39168905692601
        118  -0.39150189876583  -0.39150189876583
        119  -0.39149054495190  -0.39149054495190
        120  -0.39147882227068  -0.39147882227068
        121  -0.39146854931896  -0.39146854931896
        122  -0.39127442934049  -0.39127442934049
        123  -0.37028095115481  -0.37028095115481
        124  -0.37013824553988  -0.37013824553988
        125  -0.37012984322903  -0.37012984322903
        126  -0.37012931512044  -0.37012931512044
        127  -0.37012044156900  -0.37012044156900
        128  -0.36997613026541  -0.36997613026541
        129  -0.35496062980264  -0.35496062980264
        130  -0.35485893058630  -0.35485893058630
        131  -0.35485572236932  -0.35485572236932
        132  -0.35485453926288  -0.35485453926288
        133  -0.35485038625419  -0.35485038625419
        134  -0.35475351973686  -0.35475351973686
        135  -0.34753252553235  -0.34753252553235
        136  -0.34738834051014  -0.34738834051014
        137  -0.34733152498044  -0.34733152498044
        138  -0.34732889768431  -0.34732889768431
        139  -0.34727800850139  -0.34727800850139
        140  -0.34713373486882  -0.34713373486882
        141  -0.33699486150174  -0.33699486150174
        142  -0.33682098557975  -0.33682098557975
        143  -0.33678984541999  -0.33678984541999
        144  -0.33678900908847  -0.33678900908847
        145  -0.33675926415893  -0.33675926415893
        146  -0.33657596509764  -0.33657596509764
        147  -0.33506888491978  -0.33506888491978
        148  -0.33495969488672  -0.33495969488672
        149  -0.33495576584919  -0.33495576584919
        150  -0.33495438655131  -0.33495438655131
        151  -0.33495017671690  -0.33495017671690
        152  -0.33484402774448  -0.33484402774448
        153  -0.31490674371432  -0.31490674371432
        154  -0.31467869387897  -0.31467869387897
        155  -0.31464837870122  -0.31464837870122
        156  -0.31464769021121  -0.31464769021121
        157  -0.31461911824181  -0.31461911824181
        158  -0.31437786319011  -0.31437786319011
        159  -0.28309583102500  -0.28309583102500
        160  -0.28284420178548  -0.28284420178548
        161  -0.28281513908169  -0.28281513908169
        162  -0.28281216662653  -0.28281216662653
        163  -0.28278908605850  -0.28278908605850
        164  -0.28252008749959  -0.28252008749959
        165  -0.27764009450742  -0.27764009450742
        166  -0.27738311766301  -0.27738311766301
        167  -0.27737642285204  -0.27737642285204
        168  -0.27737584941136  -0.27737584941136
        169  -0.27737474648318  -0.27737474648318
        170  -0.27737347246508  -0.27737347246508
        171  -0.27737286571607  -0.27737286571607
        172  -0.27737170930937  -0.27737170930937
        173  -0.27737146332570  -0.27737146332570
        174  -0.27737078514930  -0.27737078514930
        175  -0.27736196258181  -0.27736196258181
        176  -0.27711292572098  -0.27711292572098
        177  -0.25053980494168  -0.25053980494168
        178  -0.25033234793833  -0.25033234793833
        179  -0.24778065805335  -0.24778065805335
        180  -0.24765580208185  -0.24765580208185
        181  -0.24764692173853  -0.24764692173853
        182  -0.24764493252029  -0.24764493252029
        183  -0.24763937618521  -0.24763937618521
        184  -0.24751514144831  -0.24751514144831
        185  -0.20733596983041  -0.20733596983041
        186  -0.20721638276736  -0.20721638276736
        187  -0.20720546839156  -0.20720546839156
        188  -0.20719933338812  -0.20719933338812
        189  -0.20719830508689  -0.20719830508689
        190  -0.20707593018473  -0.20707593018473
        191  -0.19196060945158  -0.19196060945158
        192  -0.19181869068620  -0.19181869068620
        193  -0.19181640881066  -0.19181640881066
        194  -0.19181022172915  -0.19181022172915
        195  -0.19180684861986  -0.19180684861986
        196  -0.19166405386568  -0.19166405386568
        197  -0.08058371593504  -0.08058371593504
        198  -0.08042792013306  -0.08042792013306
        199  -0.08041483610227  -0.08041483610227
        200  -0.08040748190907  -0.08040748190907
        201  -0.08040211365463  -0.08040211365463
        202  -0.08026845636156  -0.08026845636156
        203  -0.07845543742969  -0.07845543742969
        204  -0.07832379259115  -0.07832379259115
        205  -0.07831999565013  -0.07831999565013
        206  -0.07830418300101  -0.07830418300101
        207  -0.07828010736963  -0.07828010736963
        208  -0.07812232554692  -0.07812232554692
        209  -0.04103828654389  -0.04103828654389
        210  -0.04088946627869  -0.04088946627869
        211  -0.04087993243204  -0.04087993243204
        212  -0.04086833798632  -0.04086833798632
        213  -0.04085344074216  -0.04085344074216
        214  -0.04069795159969  -0.04069795159969
        215   0.01363823781840   0.01363823781840
        216   0.01395059741451   0.01395059741451
        217   0.01395646166352   0.01395646166352
        218   0.01395800726645   0.01395800726645
        219   0.01396586322961   0.01396586322961
        220   0.01396910976852   0.01396910976852
        221   0.01397876034511   0.01397876034511
        222   0.01398009169259   0.01398009169259
        223   0.01398776742337   0.01398776742337
        224   0.01399098597165   0.01399098597165
        225   0.01399587578065   0.01399587578065
        226   0.01431862220312   0.01431862220312
        227   0.10058244767368   0.10058244767368
        228   0.10072797756143   0.10072797756143
        229   0.10073965933214   0.10073965933214
        230   0.10074681224189   0.10074681224189
        231   0.10075848622493   0.10075848622493
        232   0.10091081960916   0.10091081960916
        233   0.14486578978845   0.14486578978845
        234   0.14499914324123   0.14499914324123
        235   0.14500904833002   0.14500904833002
        236   0.14501522263577   0.14501522263577
        237   0.14502388713669   0.14502388713669
        238   0.14516549372782   0.14516549372782
        239   0.14831125742966   0.14831125742966
        240   0.14853544933962   0.14853544933962
        241   0.14855399016301   0.14855399016301
        242   0.14855813409442   0.14855813409442
        243   0.14857159209904   0.14857159209904
        244   0.14875826048792   0.14875826048792
        245   0.16081261249111   0.16081261249111
        246   0.16106658622501   0.16106658622501
        247   0.16111349114145   0.16111349114145
        248   0.16112114127340   0.16112114127340
        249   0.16116080410362   0.16116080410362
        250   0.16138296203590   0.16138296203590
        251   0.17130754212874   0.17130754212874
        252   0.17155218558562   0.17155218558562
        253   0.17447546173249   0.17447546173249
        254   0.17478823582120   0.17478823582120
        255   0.17483066088282   0.17483066088282
        256   0.17484404420840   0.17484404420840
        257   0.17488005249563   0.17488005249563
        258   0.17522739021925   0.17522739021925
        259   0.21549368937374   0.21549368937374
        260   0.21579235253070   0.21579235253070
        261   0.21589185794690   0.21589185794690
        262   0.21589590997103   0.21589590997103
        263   0.21597075671586   0.21597075671586
        264   0.21610086276053   0.21610086276053
        265   0.21674718042644   0.21674718042644
        266   0.21684598524465   0.21684598524465
        267   0.21690413640879   0.21690413640879
        268   0.21695300838282   0.21695300838282
        269   0.21702366033978   0.21702366033978
        270   0.21720610791076   0.21720610791076
        271   0.22328475281339   0.22328475281339
        272   0.22357857798836   0.22357857798836
        273   0.22372700302353   0.22372700302353
        274   0.22376531448797   0.22376531448797
        275   0.22376912530477   0.22376912530477
        276   0.22377304487211   0.22377304487211
        277   0.22377658201188   0.22377658201188
        278   0.22377873839074   0.22377873839074
        279   0.22378300122359   0.22378300122359
        280   0.22382031048765   0.22382031048765
        281   0.22397413388680   0.22397413388680
        282   0.22431208701836   0.22431208701836
        283   0.23708967319300   0.23708967319300
        284   0.23719007323546   0.23719007323546
        285   0.23719541790040   0.23719541790040
        286   0.23719756109417   0.23719756109417
        287   0.23720255121235   0.23720255121235
        288   0.23730792272228   0.23730792272228
        289   0.24299265366852   0.24299265366852
        290   0.24333294218670   0.24333294218670
        291   0.24338763571096   0.24338763571096
        292   0.24339073315976   0.24339073315976
        293   0.24344377452852   0.24344377452852
        294   0.24381690547273   0.24381690547273
        295   0.28133563700677   0.28133563700677
        296   0.28161002814201   0.28161002814201
        297   0.28163851832984   0.28163851832984
        298   0.28166211644604   0.28166211644604
        299   0.28168912764067   0.28168912764067
        300   0.28195442984727   0.28195442984727
        301   0.28881325777452   0.28881325777452
        302   0.29549233720242   0.29549233720242
        303   0.29598041721942   0.29598041721942
        304   0.29602042041116   0.29602042041116
        305   0.29602250194882   0.29602250194882
        306   0.29603492206967   0.29603492206967
        307   0.29604843484857   0.29604843484857
        308   0.29608784996730   0.29608784996730
        309   0.33705711556055   0.33705711556055
        310   0.34056433052862   0.34056433052862
        311   0.34061689141694   0.34061689141694
        312   0.34062826249924   0.34062826249924
        313   0.34066571370349   0.34066571370349
        314   0.34067233381726   0.34067233381726
        315   0.34073233256211   0.34073233256211
        316   0.34374322794654   0.34374322794654
        317   0.35700531996213   0.35700531996213
        318   0.35703414701443   0.35703414701443
        319   0.35703709142887   0.35703709142887
        320   0.35703803011412   0.35703803011412
        321   0.35704141759946   0.35704141759946
        322   0.35706750197250   0.35706750197250
        323   0.36129997164572   0.36129997164572
        324   0.36138274941582   0.36138274941582
        325   0.36140324882064   0.36140324882064
        326   0.36140902794414   0.36140902794414
        327   0.36142189360203   0.36142189360203
        328   0.36148754563270   0.36148754563270
        329   0.36213498960141   0.36213498960141
        330   0.36244546633406   0.36244546633406
        331   0.36245232976721   0.36245232976721
        332   0.36247939745988   0.36247939745988
        333   0.36249600193971   0.36249600193971
        334   0.36272058041382   0.36272058041382
        335   0.36459101941535   0.36459101941535
        336   0.36465062079172   0.36465062079172
        337   0.36477199264390   0.36477199264390
        338   0.36480406776622   0.36480406776622
        339   0.36493107938378   0.36493107938378
        340   0.36502682702954   0.36502682702954
        341   0.37162649653192   0.37162649653192
        342   0.37182779966614   0.37182779966614
        343   0.37185165153020   0.37185165153020
        344   0.37185301119592   0.37185301119592
        345   0.37187961573816   0.37187961573816
        346   0.37207518650886   0.37207518650886
        347   0.38370943939446   0.38370943939446
        348   0.38375106118133   0.38375106118133
        349   0.38375353417214   0.38375353417214
        350   0.38376056451303   0.38376056451303
        351   0.38376485680298   0.38376485680298
        352   0.38380192888087   0.38380192888087
        353   0.38538505696433   0.38538505696433
        354   0.38572355372874   0.38572355372874
        355   0.38585861502932   0.38585861502932
        356   0.38590024060924   0.38590024060924
        357   0.38591086270392   0.38591086270392
        358   0.38591380148477   0.38591380148477
        359   0.38591755162747   0.38591755162747
        360   0.38592078668622   0.38592078668622
        361   0.38592964740189   0.38592964740189
        362   0.38597646073833   0.38597646073833
        363   0.38610914191682   0.38610914191682
        364   0.38647387238694   0.38647387238694
        365   0.40251459294100   0.40251459294100
        366   0.40254548477487   0.40254548477487
        367   0.40255161985093   0.40255161985093
        368   0.40255457936904   0.40255457936904
        369   0.40256098412268   0.40256098412268
        370   0.40258967119152   0.40258967119152
        371   0.40772132490444   0.40772132490444
        372   0.40801907985384   0.40801907985384
        373   0.40809915747884   0.40809915747884
        374   0.40810118746057   0.40810118746057
        375   0.40818046617976   0.40818046617976
        376   0.40850874487927   0.40850874487927
        377   0.43868656082771   0.43868656082771
        378   0.43886803670052   0.43886803670052
        379   0.43890079208365   0.43890079208365
        380   0.43891373459010   0.43891373459010
        381   0.43892435789589   0.43892435789589
        382   0.43892980105528   0.43892980105528
        383   0.43893243901041   0.43893243901041
        384   0.43893427487377   0.43893427487377
        385   0.43894182705100   0.43894182705100
        386   0.43895634863367   0.43895634863367
        387   0.43898421466084   0.43898421466084
        388   0.43916430056140   0.43916430056140
        389   0.44408810328704   0.44408810328704
        390   0.44417514108393   0.44417514108393
        391   0.44421189273103   0.44421189273103
        392   0.44421724937884   0.44421724937884
        393   0.44421814863735   0.44421814863735
        394   0.44422278648005   0.44422278648005
        395   0.44422613273656   0.44422613273656
        396   0.44422929054694   0.44422929054694
        397   0.44422982659558   0.44422982659558
        398   0.44423515426467   0.44423515426467
        399   0.44427328405964   0.44427328405964
        400   0.44435382230449   0.44435382230449
        401   0.45683945292353   0.45683945292353
        402   0.45701721985379   0.45701721985379
        403   0.45704205478124   0.45704205478124
        404   0.45706793964385   0.45706793964385
        405   0.45709202619789   0.45709202619789
        406   0.45724857709866   0.45724857709866
        407   0.46296545621596   0.46296545621596
        408   0.46323656196658   0.46323656196658
        409   0.46330563118925   0.46330563118925
        410   0.46330671929524   0.46330671929524
        411   0.46337728998650   0.46337728998650
        412   0.46360392066960   0.46360392066960
        413   0.46608054579119   0.46608054579119
        414   0.46618443492852   0.46618443492852
        415   0.46620574244568   0.46620574244568
        416   0.46621184141456   0.46621184141456
        417   0.46623077265005   0.46623077265005
        418   0.46634835644547   0.46634835644547
        419   0.46873002911494   0.46873002911494
        420   0.46890069125571   0.46890069125571
        421   0.46900314332339   0.46900314332339
        422   0.46902800590802   0.46902800590802
        423   0.46913742195182   0.46913742195182
        424   0.46937467726575   0.46937467726575
        425   0.47710456247037   0.47710456247037
        426   0.47726004399271   0.47726004399271
        427   0.47728215422552   0.47728215422552
        428   0.47729640663437   0.47729640663437
        429   0.47732154349441   0.47732154349441
        430   0.47751054113588   0.47751054113588
        431   0.49034833095015   0.49034833095015
        432   0.49036304709226   0.49036304709226
        433   0.49038156282450   0.49038156282450
        434   0.49038368480941   0.49038368480941
        435   0.49039992864769   0.49039992864769
        436   0.49041294673548   0.49041294673548
        437   0.50561235471192   0.50561235471192
        438   0.50580086642438   0.50580086642438
        439   0.50581962899750   0.50581962899750
        440   0.50583431262217   0.50583431262217
        441   0.50585039453845   0.50585039453845
        442   0.50604149221320   0.50604149221320
        443   0.50699982377126   0.50699982377126
        444   0.50710779565939   0.50710779565939
        445   0.50714354563335   0.50714354563335
        446   0.50714761333033   0.50714761333033
        447   0.50718179458318   0.50718179458318
        448   0.50728987323123   0.50728987323123
        449   0.51953624482630   0.51953624482630
        450   0.51957268250742   0.51957268250742
        451   0.51963730406756   0.51963730406756
        452   0.51964262946016   0.51964262946016
        453   0.51967534488759   0.51967534488759
        454   0.51970714746080   0.51970714746080
        455   0.51974524014050   0.51974524014050
        456   0.51986975998537   0.51986975998537
        457   0.51990443290036   0.51990443290036
        458   0.51990914618124   0.51990914618124
        459   0.51993502919028   0.51993502919028
        460   0.52015123935275   0.52015123935275
        461   0.57644058421554   0.57644058421554
        462   0.57676788319667   0.57676788319667
        463   0.57680957761636   0.57680957761636
        464   0.57682043680619   0.57682043680619
        465   0.57685866330553   0.57685866330553
        466   0.57719962115453   0.57719962115453
        467   0.60664215981721   0.60664215981721
        468   0.60687904878725   0.60687904878725
        469   0.60709976323593   0.60709976323593
        470   0.60712949021804   0.60712949021804
        471   0.60713108489828   0.60713108489828
        472   0.60714708768919   0.60714708768919
        473   0.60715166793589   0.60715166793589
        474   0.60715496436608   0.60715496436608
        475   0.60715705494196   0.60715705494196
        476   0.60718908281113   0.60718908281113
        477   0.60741748367791   0.60741748367791
        478   0.60769332945313   0.60769332945313
        479   0.60947559762016   0.60947559762016
        480   0.60951438089076   0.60951438089076
        481   0.60951865479100   0.60951865479100
        482   0.60951968493947   0.60951968493947
        483   0.60952378869110   0.60952378869110
        484   0.60956042975374   0.60956042975374
        485   0.65315479181197   0.65315479181197
        486   0.65324715303674   0.65324715303674
        487   0.65326173847110   0.65326173847110
        488   0.65326392615272   0.65326392615272
        489   0.65327775534494   0.65327775534494
        490   0.65336720094207   0.65336720094207
        491   0.66236188442852   0.66236188442852
        492   0.66238381998992   0.66238381998992
        493   0.66240792495460   0.66240792495460
        494   0.66240886134710   0.66240886134710
        495   0.66243435793181   0.66243435793181
        496   0.66245816292920   0.66245816292920
        497   0.66444896512387   0.66444896512387
        498   0.66468355937296   0.66468355937296
        499   0.66471554293216   0.66471554293216
        500   0.66473352121491   0.66473352121491
        501   0.66476310676467   0.66476310676467
        502   0.66501939080728   0.66501939080728
        503   0.70118147548820   0.70118147548820
        504   0.70137283315334   0.70137283315334
        505   0.70146283962262   0.70146283962262
        506   0.70147348634876   0.70147348634876
        507   0.70147670992456   0.70147670992456
        508   0.70147779760023   0.70147779760023
        509   0.70148279348503   0.70148279348503
        510   0.70149165474775   0.70149165474775
        511   0.70149451416748   0.70149451416748
        512   0.70150685430058   0.70150685430058
        513   0.70159206740909   0.70159206740909
        514   0.70178992556009   0.70178992556009
        515   0.74316387034364   0.74316387034364
        516   0.74332842420281   0.74332842420281
        517   0.74338317733041   0.74338317733041
        518   0.74338622873375   0.74338622873375
        519   0.74343961524490   0.74343961524490
        520   0.74361442782433   0.74361442782433
        521   0.77605098013812   0.77605098013812
        522   0.77609882446614   0.77609882446614
        523   0.77610448228261   0.77610448228261
        524   0.77611056611127   0.77611056611127
        525   0.77612471040012   0.77612471040012
        526   0.77614863925477   0.77614863925477
        527   0.77852956014104   0.77852956014104
        528   0.77863530495283   0.77863530495283
        529   0.77864341634915   0.77864341634915
        530   0.77864561925090   0.77864561925090
        531   0.77865237253111   0.77865237253111
        532   0.77877577393968   0.77877577393968
        533   0.79515777671239   0.79515777671239
        534   0.79515985486303   0.79515985486303
        535   0.79518408036078   0.79518408036078
        536   0.79518854898086   0.79518854898086
        537   0.79520781917257   0.79520781917257
        538   0.79521421368537   0.79521421368537
        539   0.81699375213823   0.81699375213823
        540   0.81704479726321   0.81704479726321
        541   0.81711563362616   0.81711563362616
        542   0.81714029097269   0.81714029097269
        543   0.81720254113920   0.81720254113920
        544   0.81726000986381   0.81726000986381
        545   0.82128884713610   0.82128884713610
        546   0.82146317946431   0.82146317946431
        547   0.82148042330947   0.82148042330947
        548   0.82151255959938   0.82151255959938
        549   0.82153050564577   0.82153050564577
        550   0.82169337307531   0.82169337307531
        551   0.84936480205972   0.84936480205972
        552   0.84938089152641   0.84938089152641
        553   0.84943979096934   0.84943979096934
        554   0.84944346306813   0.84944346306813
        555   0.84949791425781   0.84949791425781
        556   0.84951753112105   0.84951753112105
        557   0.86148353684146   0.86148353684146
        558   0.86185730055704   0.86185730055704
        559   0.86186621705769   0.86186621705769
        560   0.86187076863398   0.86187076863398
        561   0.86188339921786   0.86188339921786
        562   0.86220310116801   0.86220310116801
        563   0.87155528750653   0.87155528750653
        564   0.87192526179387   0.87192526179387
        565   0.87193760174083   0.87193760174083
        566   0.87193926908104   0.87193926908104
        567   0.87194480033627   0.87194480033627
        568   0.87224442485402   0.87224442485402
        569   0.87522221738384   0.87522221738384
        570   0.87554172850611   0.87554172850611
        571   0.87560331577119   0.87560331577119
        572   0.87561025844958   0.87561025844958
        573   0.87562791284683   0.87562791284683
        574   0.87563402597613   0.87563402597613
        575   0.87563800142023   0.87563800142023
        576   0.87564545180624   0.87564545180624
        577   0.87564814919837   0.87564814919837
        578   0.87566332890106   0.87566332890106
        579   0.87572192690622   0.87572192690622
        580   0.87615719153173   0.87615719153173
        581   0.89192407141858   0.89192407141858
        582   0.89205433237532   0.89205433237532
        583   0.89211324959275   0.89211324959275
        584   0.89211688249622   0.89211688249622
        585   0.89217519138359   0.89217519138359
        586   0.89232730656627   0.89232730656627
        587   0.90135477608375   0.90135477608375
        588   0.90152175494837   0.90152175494837
        589   0.90156535189640   0.90156535189640
        590   0.90156697259754   0.90156697259754
        591   0.90160834304272   0.90160834304272
        592   0.90176888896236   0.90176888896236
        593   0.90758170100647   0.90758170100647
        594   0.90775737462050   0.90775737462050
        595   0.90780928787885   0.90780928787885
        596   0.90781892024715   0.90781892024715

***********************************************************
***********************************************************
                   Mulliken populations                    
***********************************************************
***********************************************************

  Total spin moment (muB)   0.000000000

                    Up spin      Down spin     Sum           Diff
      1    C      1.999999956  1.999999956   3.999999912   0.000000000
      2    C      1.999998597  1.999998597   3.999997194   0.000000000
      3    C      1.999999162  1.999999162   3.999998325   0.000000000
      4    C      1.999994758  1.999994758   3.999989516   0.000000000
      5    C      2.000002566  2.000002566   4.000005132   0.000000000
      6    C      1.999998144  1.999998144   3.999996289   0.000000000
      7    C      1.999998375  1.999998375   3.999996750   0.000000000
      8    C      2.000000294  2.000000294   4.000000588   0.000000000
      9    C      1.999999989  1.999999989   3.999999979   0.000000000
     10    C      2.000000021  2.000000021   4.000000043   0.000000000
     11    C      2.000001078  2.000001078   4.000002156   0.000000000
     12    C      2.000003838  2.000003838   4.000007676   0.000000000
     13    C      2.000001211  2.000001211   4.000002421   0.000000000
     14    C      2.000001150  2.000001150   4.000002300   0.000000000
     15    C      2.000002623  2.000002623   4.000005245   0.000000000
     16    C      2.000011707  2.000011707   4.000023414   0.000000000
     17    C      2.000002575  2.000002575   4.000005151   0.000000000
     18    C      1.999972298  1.999972298   3.999944596   0.000000000
     19    C      1.999980936  1.999980936   3.999961872   0.000000000
     20    C      1.999969800  1.999969800   3.999939601   0.000000000
     21    C      2.000000016  2.000000016   4.000000031   0.000000000
     22    C      2.000002886  2.000002886   4.000005772   0.000000000
     23    C      2.000002957  2.000002957   4.000005915   0.000000000
     24    C      1.999997014  1.999997014   3.999994029   0.000000000
     25    C      1.999998935  1.999998935   3.999997871   0.000000000
     26    C      1.999996130  1.999996130   3.999992260   0.000000000
     27    C      2.000000001  2.000000001   4.000000003   0.000000000
     28    C      1.999999948  1.999999948   3.999999896   0.000000000
     29    C      1.999997346  1.999997346   3.999994693   0.000000000
     30    C      1.999988103  1.999988103   3.999976207   0.000000000
     31    C      2.000000081  2.000000081   4.000000163   0.000000000
     32    C      1.999999216  1.999999216   3.999998431   0.000000000
     33    C      1.999616343  1.999616343   3.999232685   0.000000000
     34    C      2.001424076  2.001424076   4.002848152   0.000000000
     35    C      1.999646039  1.999646039   3.999292078   0.000000000
     36    C      1.999968938  1.999968938   3.999937877   0.000000000
     37    C      2.000008252  2.000008252   4.000016504   0.000000000
     38    C      1.999991132  1.999991132   3.999982263   0.000000000
     39    C      2.000000387  2.000000387   4.000000775   0.000000000
     40    C      1.999999148  1.999999148   3.999998296   0.000000000
     41    C      1.999998789  1.999998789   3.999997578   0.000000000
     42    C      1.999998850  1.999998850   3.999997700   0.000000000
     43    C      2.000000077  2.000000077   4.000000153   0.000000000
     44    C      2.000001548  2.000001548   4.000003097   0.000000000
     45    C      1.999997613  1.999997613   3.999995226   0.000000000
     46    C      2.000026800  2.000026800   4.000053600   0.000000000
     47    C      2.000394474  2.000394474   4.000788947   0.000000000
     48    C      1.998575162  1.998575162   3.997150324   0.000000000
     49    C      1.999982501  1.999982501   3.999965001   0.000000000
     50    C      2.000008869  2.000008869   4.000017737   0.000000000
     51    C      2.000022888  2.000022888   4.000045776   0.000000000
     52    C      1.999997353  1.999997353   3.999994705   0.000000000
     53    C      1.999997659  1.999997659   3.999995318   0.000000000
     54    C      1.999999595  1.999999595   3.999999190   0.000000000
     55    C      1.999998439  1.999998439   3.999996878   0.000000000
     56    C      1.999998199  1.999998199   3.999996398   0.000000000
     57    C      1.999999655  1.999999655   3.999999310   0.000000000
     58    C      2.000000750  2.000000750   4.000001501   0.000000000
     59    C      2.000000783  2.000000783   4.000001567   0.000000000
     60    C      2.000005411  2.000005411   4.000010822   0.000000000
     61    C      2.000020228  2.000020228   4.000040456   0.000000000
     62    C      2.000033386  2.000033386   4.000066771   0.000000000
     63    C      2.000354548  2.000354548   4.000709096   0.000000000
     64    C      2.000011170  2.000011170   4.000022340   0.000000000
     65    C      1.999955364  1.999955364   3.999910729   0.000000000
     66    C      2.000006880  2.000006880   4.000013761   0.000000000
     67    C      1.999999674  1.999999674   3.999999347   0.000000000
     68    C      1.999999961  1.999999961   3.999999922   0.000000000
     69    C      2.000003376  2.000003376   4.000006752   0.000000000
     70    C      1.999999861  1.999999861   3.999999722   0.000000000
     71    C      2.000000000  2.000000000   3.999999999   0.000000000
     72    C      2.000000000  2.000000000   4.000000000   0.000000000
     73    C      1.999998190  1.999998190   3.999996381   0.000000000
     74    C      2.000000887  2.000000887   4.000001774   0.000000000
     75    C      1.999997401  1.999997401   3.999994803   0.000000000
     76    C      2.000002002  2.000002002   4.000004004   0.000000000
     77    C      2.000001880  2.000001880   4.000003760   0.000000000
     78    C      1.999997301  1.999997301   3.999994603   0.000000000
     79    C      2.000020164  2.000020164   4.000040327   0.000000000
     80    C      2.000009142  2.000009142   4.000018283   0.000000000
     81    C      2.000004434  2.000004434   4.000008867   0.000000000
     82    C      2.000000459  2.000000459   4.000000919   0.000000000
     83    C      1.999996603  1.999996603   3.999993206   0.000000000
     84    C      2.000000137  2.000000137   4.000000274   0.000000000
     85    C      2.000000338  2.000000338   4.000000676   0.000000000
     86    C      1.999999270  1.999999270   3.999998540   0.000000000
     87    C      2.000001827  2.000001827   4.000003655   0.000000000
     88    C      1.999999126  1.999999126   3.999998253   0.000000000
     89    C      1.999999999  1.999999999   3.999999998   0.000000000
     90    C      1.999999994  1.999999994   3.999999988   0.000000000
     91    C      2.000001665  2.000001665   4.000003330   0.000000000
     92    C      1.999999694  1.999999694   3.999999387   0.000000000
     93    C      1.999996903  1.999996903   3.999993807   0.000000000
     94    C      2.000002838  2.000002838   4.000005675   0.000000000
     95    C      1.999999595  1.999999595   3.999999190   0.000000000
     96    C      2.000000840  2.000000840   4.000001680   0.000000000
     97    C      2.000001605  2.000001605   4.000003209   0.000000000
     98    C      2.000001815  2.000001815   4.000003630   0.000000000

 Sum of MulP: up   =   196.00000 down          =   196.00000
              total=   392.00000 ideal(neutral)=   392.00000


  Decomposed Mulliken populations

    1    C          Up spin      Down spin     Sum           Diff
            multiple
  s           0    0.544029454  0.544029454   1.088058907   0.000000000
   sum over m      0.544029454  0.544029454   1.088058907   0.000000000
  s           1    0.014838283  0.014838283   0.029676566   0.000000000
   sum over m      0.014838283  0.014838283   0.029676566   0.000000000
   sum over m+mul  0.558867736  0.558867736   1.117735473   0.000000000
  px          0    0.420486699  0.420486699   0.840973398   0.000000000
  py          0    0.420560726  0.420560726   0.841121452   0.000000000
  pz          0    0.490418503  0.490418503   0.980837006   0.000000000
   sum over m      1.331465928  1.331465928   2.662931856   0.000000000
  px          1    0.029702721  0.029702721   0.059405443   0.000000000
  py          1    0.029760591  0.029760591   0.059521182   0.000000000
  pz          1   -0.009768729 -0.009768729  -0.019537459   0.000000000
   sum over m      0.049694583  0.049694583   0.099389166   0.000000000
   sum over m+mul  1.381160511  1.381160511   2.762321022   0.000000000
  d3z^2-r^2   0    0.002825645  0.002825645   0.005651290   0.000000000
  dx^2-y^2    0    0.018897651  0.018897651   0.037795302   0.000000000
  dxy         0    0.018899584  0.018899584   0.037799167   0.000000000
  dxz         0    0.009673995  0.009673995   0.019347990   0.000000000
  dyz         0    0.009674834  0.009674834   0.019349669   0.000000000
   sum over m      0.059971709  0.059971709   0.119943417   0.000000000
   sum over m+mul  0.059971709  0.059971709   0.119943417   0.000000000

    2    C          Up spin      Down spin     Sum           Diff
            multiple
  s           0    0.544029710  0.544029710   1.088059420   0.000000000
   sum over m      0.544029710  0.544029710   1.088059420   0.000000000
  s           1    0.014838283  0.014838283   0.029676566   0.000000000
   sum over m      0.014838283  0.014838283   0.029676566   0.000000000
   sum over m+mul  0.558867993  0.558867993   1.117735986   0.000000000
  px          0    0.420488005  0.420488005   0.840976009   0.000000000
  py          0    0.420558711  0.420558711   0.841117422   0.000000000
  pz          0    0.490419153  0.490419153   0.980838307   0.000000000
   sum over m      1.331465869  1.331465869   2.662931738   0.000000000
  px          1    0.029703157  0.029703157   0.059406313   0.000000000
  py          1    0.029760459  0.029760459   0.059520918   0.000000000
  pz          1   -0.009769592 -0.009769592  -0.019539183   0.000000000
   sum over m      0.049694024  0.049694024   0.099388048   0.000000000
   sum over m+mul  1.381159893  1.381159893   2.762319786   0.000000000
  d3z^2-r^2   0    0.002825643  0.002825643   0.005651287   0.000000000
  dx^2-y^2    0    0.018898230  0.018898230   0.037796459   0.000000000
  dxy         0    0.018899422  0.018899422   0.037798845   0.000000000
  dxz         0    0.009672715  0.009672715   0.019345430   0.000000000
  dyz         0    0.009674701  0.009674701   0.019349402   0.000000000
   sum over m      0.059970711  0.059970711   0.119941423   0.000000000
   sum over m+mul  0.059970711  0.059970711   0.119941423   0.000000000

    3    C          Up spin      Down spin     Sum           Diff
            multiple
  s           0    0.544030130  0.544030130   1.088060261   0.000000000
   sum over m      0.544030130  0.544030130   1.088060261   0.000000000
  s           1    0.014838300  0.014838300   0.029676600   0.000000000
   sum over m      0.014838300  0.014838300   0.029676600   0.000000000
   sum over m+mul  0.558868430  0.558868430   1.117736861   0.000000000
  px          0    0.420485002  0.420485002   0.840970004   0.000000000
  py          0    0.420560205  0.420560205   0.841120410   0.000000000
  pz          0    0.490419326  0.490419326   0.980838651   0.000000000
   sum over m      1.331464533  1.331464533   2.662929066   0.000000000
  px          1    0.029703018  0.029703018   0.059406037   0.000000000
  py          1    0.029760862  0.029760862   0.059521725   0.000000000
  pz          1   -0.009768606 -0.009768606  -0.019537212   0.000000000
   sum over m      0.049695275  0.049695275   0.099390550   0.000000000
   sum over m+mul  1.381159808  1.381159808   2.762319616   0.000000000
  d3z^2-r^2   0    0.002825638  0.002825638   0.005651276   0.000000000
  dx^2-y^2    0    0.018897420  0.018897420   0.037794839   0.000000000
  dxy         0    0.018899705  0.018899705   0.037799410   0.000000000
  dxz         0    0.009673689  0.009673689   0.019347378   0.000000000
  dyz         0    0.009674472  0.009674472   0.019348944   0.000000000
   sum over m      0.059970924  0.059970924   0.119941848   0.000000000
   sum over m+mul  0.059970924  0.059970924   0.119941848   0.000000000

    4    C          Up spin      Down spin     Sum           Diff
            multiple
  s           0    0.544031956  0.544031956   1.088063911   0.000000000
   sum over m      0.544031956  0.544031956   1.088063911   0.000000000
  s           1    0.014837916  0.014837916   0.029675832   0.000000000
   sum over m      0.014837916  0.014837916   0.029675832   0.000000000
   sum over m+mul  0.558869872  0.558869872   1.117739744   0.000000000
  px          0    0.420489034  0.420489034   0.840978069   0.000000000
  py          0    0.420561085  0.420561085   0.841122169   0.000000000
  pz          0    0.490406715  0.490406715   0.980813431   0.000000000
   sum over m      1.331456834  1.331456834   2.662913669   0.000000000
  px          1    0.029702704  0.029702704   0.059405409   0.000000000
  py          1    0.029760373  0.029760373   0.059520746   0.000000000
  pz          1   -0.009767340 -0.009767340  -0.019534680   0.000000000
   sum over m      0.049695737  0.049695737   0.099391475   0.000000000
   sum over m+mul  1.381152572  1.381152572   2.762305143   0.000000000
  d3z^2-r^2   0    0.002825611  0.002825611   0.005651223   0.000000000
  dx^2-y^2    0    0.018897538  0.018897538   0.037795076   0.000000000
  dxy         0    0.018899471  0.018899471   0.037798943   0.000000000
  dxz         0    0.009674840  0.009674840   0.019349680   0.000000000
  dyz         0    0.009674854  0.009674854   0.019349708   0.000000000
   sum over m      0.059972315  0.059972315   0.119944629   0.000000000
   sum over m+mul  0.059972315  0.059972315   0.119944629   0.000000000

    5    C          Up spin      Down spin     Sum           Diff
            multiple
  s           0    0.544026596  0.544026596   1.088053192   0.000000000
   sum over m      0.544026596  0.544026596   1.088053192   0.000000000
  s           1    0.014838176  0.014838176   0.029676352   0.000000000
   sum over m      0.014838176  0.014838176   0.029676352   0.000000000
   sum over m+mul  0.558864772  0.558864772   1.117729545   0.000000000
  px          0    0.420486742  0.420486742   0.840973485   0.000000000
  py          0    0.420556123  0.420556123   0.841112246   0.000000000
  pz          0    0.490429145  0.490429145   0.980858291   0.000000000
   sum over m      1.331472011  1.331472011   2.662944022   0.000000000
  px          1    0.029703106  0.029703106   0.059406211   0.000000000
  py          1    0.029760107  0.029760107   0.059520215   0.000000000
  pz          1   -0.009768579 -0.009768579  -0.019537158   0.000000000
   sum over m      0.049694634  0.049694634   0.099389268   0.000000000
   sum over m+mul  1.381166645  1.381166645   2.762333290   0.000000000
  d3z^2-r^2   0    0.002825668  0.002825668   0.005651336   0.000000000
  dx^2-y^2    0    0.018898027  0.018898027   0.037796053   0.000000000
  dxy         0    0.018898878  0.018898878   0.037797757   0.000000000
  dxz         0    0.009673375  0.009673375   0.019346750   0.000000000
  dyz         0    0.009675200  0.009675200   0.019350401   0.000000000
   sum over m      0.059971149  0.059971149   0.119942297   0.000000000
   sum over m+mul  0.059971149  0.059971149   0.119942297   0.000000000

    6    C          Up spin      Down spin     Sum           Diff
            multiple
  s           0    0.544028277  0.544028277   1.088056555   0.000000000
   sum over m      0.544028277  0.544028277   1.088056555   0.000000000
  s           1    0.014837892  0.014837892   0.029675784   0.000000000
   sum over m      0.014837892  0.014837892   0.029675784   0.000000000
   sum over m+mul  0.558866169  0.558866169   1.117732339   0.000000000
  px          0    0.420482181  0.420482181   0.840964362   0.000000000
  py          0    0.420560216  0.420560216   0.841120433   0.000000000
  pz          0    0.490425799  0.490425799   0.980851599   0.000000000
   sum over m      1.331468197  1.331468197   2.662936394   0.000000000
  px          1    0.029700738  0.029700738   0.059401476   0.000000000
  py          1    0.029761231  0.029761231   0.059522462   0.000000000
  pz          1   -0.009769289 -0.009769289  -0.019538578   0.000000000
   sum over m      0.049692680  0.049692680   0.099385360   0.000000000
   sum over m+mul  1.381160877  1.381160877   2.762321753   0.000000000
  d3z^2-r^2   0    0.002825652  0.002825652   0.005651304   0.000000000
  dx^2-y^2    0    0.018897180  0.018897180   0.037794360   0.000000000
  dxy         0    0.018899484  0.018899484   0.037798968   0.000000000
  dxz         0    0.009673507  0.009673507   0.019347015   0.000000000
  dyz         0    0.009675275  0.009675275   0.019350550   0.000000000
   sum over m      0.059971098  0.059971098   0.119942197   0.000000000
   sum over m+mul  0.059971098  0.059971098   0.119942197   0.000000000

    7    C          Up spin      Down spin     Sum           Diff
            multiple
  s           0    0.544030062  0.544030062   1.088060124   0.000000000
   sum over m      0.544030062  0.544030062   1.088060124   0.000000000
  s           1    0.014838186  0.014838186   0.029676372   0.000000000
   sum over m      0.014838186  0.014838186   0.029676372   0.000000000
   sum over m+mul  0.558868248  0.558868248   1.117736496   0.000000000
  px          0    0.420487189  0.420487189   0.840974379   0.000000000
  py          0    0.420559295  0.420559295   0.841118590   0.000000000
  pz          0    0.490417422  0.490417422   0.980834845   0.000000000
   sum over m      1.331463907  1.331463907   2.662927814   0.000000000
  px          1    0.029702268  0.029702268   0.059404535   0.000000000
  py          1    0.029760781  0.029760781   0.059521562   0.000000000
  pz          1   -0.009768656 -0.009768656  -0.019537311   0.000000000
   sum over m      0.049694393  0.049694393   0.099388786   0.000000000
   sum over m+mul  1.381158300  1.381158300   2.762316600   0.000000000
  d3z^2-r^2   0    0.002825639  0.002825639   0.005651278   0.000000000
  dx^2-y^2    0    0.018897643  0.018897643   0.037795286   0.000000000
  dxy         0    0.018899369  0.018899369   0.037798739   0.000000000
  dxz         0    0.009674083  0.009674083   0.019348166   0.000000000
  dyz         0    0.009675092  0.009675092   0.019350185   0.000000000
   sum over m      0.059971827  0.059971827   0.119943654   0.000000000
   sum over m+mul  0.059971827  0.059971827   0.119943654   0.000000000

    8    C          Up spin      Down spin     Sum           Diff
            multiple
  s           0    0.544028919  0.544028919   1.088057839   0.000000000
   sum over m      0.544028919  0.544028919   1.088057839   0.000000000
  s           1    0.014838314  0.014838314   0.029676628   0.000000000
   sum over m      0.014838314  0.014838314   0.029676628   0.000000000
   sum over m+mul  0.558867233  0.558867233   1.117734467   0.000000000
  px          0    0.420486448  0.420486448   0.840972896   0.000000000
  py          0    0.420559293  0.420559293   0.841118586   0.000000000
  pz          0    0.490421605  0.490421605   0.980843210   0.000000000
   sum over m      1.331467345  1.331467345   2.662934691   0.000000000
  px          1    0.029702755  0.029702755   0.059405510   0.000000000
  py          1    0.029760578  0.029760578   0.059521156   0.000000000
  pz          1   -0.009768950 -0.009768950  -0.019537901   0.000000000
   sum over m      0.049694383  0.049694383   0.099388765   0.000000000
   sum over m+mul  1.381161728  1.381161728   2.762323456   0.000000000
  d3z^2-r^2   0    0.002825653  0.002825653   0.005651306   0.000000000
  dx^2-y^2    0    0.018897623  0.018897623   0.037795246   0.000000000
  dxy         0    0.018899428  0.018899428   0.037798857   0.000000000
  dxz         0    0.009673941  0.009673941   0.019347882   0.000000000
  dyz         0    0.009674687  0.009674687   0.019349374   0.000000000
   sum over m      0.059971333  0.059971333   0.119942665   0.000000000
   sum over m+mul  0.059971333  0.059971333   0.119942665   0.000000000

    9    C          Up spin      Down spin     Sum           Diff
            multiple
  s           0    0.544029455  0.544029455   1.088058909   0.000000000
   sum over m      0.544029455  0.544029455   1.088058909   0.000000000
  s           1    0.014838279  0.014838279   0.029676558   0.000000000
   sum over m      0.014838279  0.014838279   0.029676558   0.000000000
   sum over m+mul  0.558867733  0.558867733   1.117735467   0.000000000
  px          0    0.420486875  0.420486875   0.840973751   0.000000000
  py          0    0.420559298  0.420559298   0.841118595   0.000000000
  pz          0    0.490420048  0.490420048   0.980840097   0.000000000
   sum over m      1.331466221  1.331466221   2.662932443   0.000000000
  px          1    0.029702725  0.029702725   0.059405451   0.000000000
  py          1    0.029760616  0.029760616   0.059521232   0.000000000
  pz          1   -0.009768902 -0.009768902  -0.019537804   0.000000000
   sum over m      0.049694440  0.049694440   0.099388879   0.000000000
   sum over m+mul  1.381160661  1.381160661   2.762321322   0.000000000
  d3z^2-r^2   0    0.002825646  0.002825646   0.005651293   0.000000000
  dx^2-y^2    0    0.018897744  0.018897744   0.037795489   0.000000000
  dxy         0    0.018899367  0.018899367   0.037798733   0.000000000
  dxz         0    0.009673846  0.009673846   0.019347692   0.000000000
  dyz         0    0.009674992  0.009674992   0.019349984   0.000000000
   sum over m      0.059971595  0.059971595   0.119943190   0.000000000
   sum over m+mul  0.059971595  0.059971595   0.119943190   0.000000000

   10    C          Up spin      Down spin     Sum           Diff
            multiple
  s           0    0.544029426  0.544029426   1.088058852   0.000000000
   sum over m      0.544029426  0.544029426   1.088058852   0.000000000
  s           1    0.014838279  0.014838279   0.029676559   0.000000000
   sum over m      0.014838279  0.014838279   0.029676559   0.000000000
   sum over m+mul  0.558867705  0.558867705   1.117735411   0.000000000
  px          0    0.420486850  0.420486850   0.840973700   0.000000000
  py          0    0.420559285  0.420559285   0.841118570   0.000000000
  pz          0    0.490420164  0.490420164   0.980840328   0.000000000
   sum over m      1.331466299  1.331466299   2.662932598   0.000000000
  px          1    0.029702724  0.029702724   0.059405449   0.000000000
  py          1    0.029760612  0.029760612   0.059521224   0.000000000
  pz          1   -0.009768904 -0.009768904  -0.019537809   0.000000000
   sum over m      0.049694432  0.049694432   0.099388864   0.000000000
   sum over m+mul  1.381160731  1.381160731   2.762321462   0.000000000
  d3z^2-r^2   0    0.002825647  0.002825647   0.005651294   0.000000000
  dx^2-y^2    0    0.018897744  0.018897744   0.037795488   0.000000000
  dxy         0    0.018899365  0.018899365   0.037798730   0.000000000
  dxz         0    0.009673843  0.009673843   0.019347685   0.000000000
  dyz         0    0.009674986  0.009674986   0.019349973   0.000000000
   sum over m      0.059971585  0.059971585   0.119943170   0.000000000
   sum over m+mul  0.059971585  0.059971585   0.119943170   0.000000000

   11    C          Up spin      Down spin     Sum           Diff
            multiple
  s           0    0.544029943  0.544029943   1.088059887   0.000000000
   sum over m      0.544029943  0.544029943   1.088059887   0.000000000
  s           1    0.014838351  0.014838351   0.029676702   0.000000000
   sum over m      0.014838351  0.014838351   0.029676702   0.000000000
   sum over m+mul  0.558868295  0.558868295   1.117736589   0.000000000
  px          0    0.420487074  0.420487074   0.840974149   0.000000000
  py          0    0.420560281  0.420560281   0.841120561   0.000000000
  pz          0    0.490419072  0.490419072   0.980838144   0.000000000
   sum over m      1.331466427  1.331466427   2.662932854   0.000000000
  px          1    0.029702635  0.029702635   0.059405269   0.000000000
  py          1    0.029760557  0.029760557   0.059521114   0.000000000
  pz          1   -0.009768921 -0.009768921  -0.019537843   0.000000000
   sum over m      0.049694270  0.049694270   0.099388541   0.000000000
   sum over m+mul  1.381160697  1.381160697   2.762321395   0.000000000
  d3z^2-r^2   0    0.002825645  0.002825645   0.005651291   0.000000000
  dx^2-y^2    0    0.018897614  0.018897614   0.037795228   0.000000000
  dxy         0    0.018899359  0.018899359   0.037798718   0.000000000
  dxz         0    0.009673992  0.009673992   0.019347984   0.000000000
  dyz         0    0.009675475  0.009675475   0.019350950   0.000000000
   sum over m      0.059972086  0.059972086   0.119944172   0.000000000
   sum over m+mul  0.059972086  0.059972086   0.119944172   0.000000000

   12    C          Up spin      Down spin     Sum           Diff
            multiple
  s           0    0.544026487  0.544026487   1.088052973   0.000000000
   sum over m      0.544026487  0.544026487   1.088052973   0.000000000
  s           1    0.014838306  0.014838306   0.029676611   0.000000000
   sum over m      0.014838306  0.014838306   0.029676611   0.000000000
   sum over m+mul  0.558864792  0.558864792   1.117729584   0.000000000
  px          0    0.420485017  0.420485017   0.840970034   0.000000000
  py          0    0.420558739  0.420558739   0.841117477   0.000000000
  pz          0    0.490430013  0.490430013   0.980860025   0.000000000
   sum over m      1.331473768  1.331473768   2.662947536   0.000000000
  px          1    0.029702342  0.029702342   0.059404685   0.000000000
  py          1    0.029760273  0.029760273   0.059520546   0.000000000
  pz          1   -0.009768860 -0.009768860  -0.019537720   0.000000000
   sum over m      0.049693755  0.049693755   0.099387511   0.000000000
   sum over m+mul  1.381167524  1.381167524   2.762335047   0.000000000
  d3z^2-r^2   0    0.002825654  0.002825654   0.005651309   0.000000000
  dx^2-y^2    0    0.018897529  0.018897529   0.037795059   0.000000000
  dxy         0    0.018899395  0.018899395   0.037798790   0.000000000
  dxz         0    0.009673800  0.009673800   0.019347599   0.000000000
  dyz         0    0.009675144  0.009675144   0.019350288   0.000000000
   sum over m      0.059971522  0.059971522   0.119943044   0.000000000
   sum over m+mul  0.059971522  0.059971522   0.119943044   0.000000000

   13    C          Up spin      Down spin     Sum           Diff
            multiple
  s           0    0.544030614  0.544030614   1.088061227   0.000000000
   sum over m      0.544030614  0.544030614   1.088061227   0.000000000
  s           1    0.014838308  0.014838308   0.029676615   0.000000000
   sum over m      0.014838308  0.014838308   0.029676615   0.000000000
   sum over m+mul  0.558868921  0.558868921   1.117737842   0.000000000
  px          0    0.420487829  0.420487829   0.840975659   0.000000000
  py          0    0.420560181  0.420560181   0.841120361   0.000000000
  pz          0    0.490418101  0.490418101   0.980836201   0.000000000
   sum over m      1.331466111  1.331466111   2.662932221   0.000000000
  px          1    0.029702805  0.029702805   0.059405610   0.000000000
  py          1    0.029760695  0.029760695   0.059521390   0.000000000
  pz          1   -0.009769340 -0.009769340  -0.019538681   0.000000000
   sum over m      0.049694160  0.049694160   0.099388319   0.000000000
   sum over m+mul  1.381160270  1.381160270   2.762320541   0.000000000
  d3z^2-r^2   0    0.002825646  0.002825646   0.005651292   0.000000000
  dx^2-y^2    0    0.018897730  0.018897730   0.037795460   0.000000000
  dxy         0    0.018899382  0.018899382   0.037798764   0.000000000
  dxz         0    0.009674089  0.009674089   0.019348177   0.000000000
  dyz         0    0.009675173  0.009675173   0.019350346   0.000000000
   sum over m      0.059972019  0.059972019   0.119944039   0.000000000
   sum over m+mul  0.059972019  0.059972019   0.119944039   0.000000000

   14    C          Up spin      Down spin     Sum           Diff
            multiple
  s           0    0.544028597  0.544028597   1.088057195   0.000000000
   sum over m      0.544028597  0.544028597   1.088057195   0.000000000
  s           1    0.014838315  0.014838315   0.029676629   0.000000000
   sum over m      0.014838315  0.014838315   0.029676629   0.000000000
   sum over m+mul  0.558866912  0.558866912   1.117733824   0.000000000
  px          0    0.420486685  0.420486685   0.840973370   0.000000000
  py          0    0.420558790  0.420558790   0.841117580   0.000000000
  pz          0    0.490423219  0.490423219   0.980846437   0.000000000
   sum over m      1.331468694  1.331468694   2.662937387   0.000000000
  px          1    0.029702699  0.029702699   0.059405398   0.000000000
  py          1    0.029760570  0.029760570   0.059521141   0.000000000
  pz          1   -0.009768994 -0.009768994  -0.019537989   0.000000000
   sum over m      0.049694275  0.049694275   0.099388550   0.000000000
   sum over m+mul  1.381162969  1.381162969   2.762325938   0.000000000
  d3z^2-r^2   0    0.002825642  0.002825642   0.005651285   0.000000000
  dx^2-y^2    0    0.018897759  0.018897759   0.037795517   0.000000000
  dxy         0    0.018899366  0.018899366   0.037798732   0.000000000
  dxz         0    0.009673623  0.009673623   0.019347246   0.000000000
  dyz         0    0.009674879  0.009674879   0.019349759   0.000000000
   sum over m      0.059971269  0.059971269   0.119942538   0.000000000
   sum over m+mul  0.059971269  0.059971269   0.119942538   0.000000000

   15    C          Up spin      Down spin     Sum           Diff
            multiple
  s           0    0.544029535  0.544029535   1.088059069   0.000000000
   sum over m      0.544029535  0.544029535   1.088059069   0.000000000
  s           1    0.014838419  0.014838419   0.029676837   0.000000000
   sum over m      0.014838419  0.014838419   0.029676837   0.000000000
   sum over m+mul  0.558867953  0.558867953   1.117735907   0.000000000
  px          0    0.420485177  0.420485177   0.840970355   0.000000000
  py          0    0.420561576  0.420561576   0.841123152   0.000000000
  pz          0    0.490422112  0.490422112   0.980844224   0.000000000
   sum over m      1.331468865  1.331468865   2.662937730   0.000000000
  px          1    0.029702672  0.029702672   0.059405345   0.000000000
  py          1    0.029760951  0.029760951   0.059521903   0.000000000
  pz          1   -0.009769503 -0.009769503  -0.019539006   0.000000000
   sum over m      0.049694121  0.049694121   0.099388241   0.000000000
   sum over m+mul  1.381162986  1.381162986   2.762325971   0.000000000
  d3z^2-r^2   0    0.002825654  0.002825654   0.005651309   0.000000000
  dx^2-y^2    0    0.018897320  0.018897320   0.037794640   0.000000000
  dxy         0    0.018899652  0.018899652   0.037799304   0.000000000
  dxz         0    0.009673504  0.009673504   0.019347007   0.000000000
  dyz         0    0.009675553  0.009675553   0.019351107   0.000000000
   sum over m      0.059971683  0.059971683   0.119943367   0.000000000
   sum over m+mul  0.059971683  0.059971683   0.119943367   0.000000000

   16    C          Up spin      Down spin     Sum           Diff
            multiple
  s           0    0.544022458  0.544022458   1.088044917   0.000000000
   sum over m      0.544022458  0.544022458   1.088044917   0.000000000
  s           1    0.014838368  0.014838368   0.029676736   0.000000000
   sum over m      0.014838368  0.014838368   0.029676736   0.000000000
   sum over m+mul  0.558860826  0.558860826   1.117721653   0.000000000
  px          0    0.420485216  0.420485216   0.840970432   0.000000000
  py          0    0.420559233  0.420559233   0.841118467   0.000000000
  pz          0    0.490442017  0.490442017   0.980884034   0.000000000
   sum over m      1.331486467  1.331486467   2.662972933   0.000000000
  px          1    0.029702427  0.029702427   0.059404854   0.000000000
  py          1    0.029759967  0.029759967   0.059519934   0.000000000
  pz          1   -0.009770213 -0.009770213  -0.019540426   0.000000000
   sum over m      0.049692181  0.049692181   0.099384362   0.000000000
   sum over m+mul  1.381178648  1.381178648   2.762357295   0.000000000
  d3z^2-r^2   0    0.002825667  0.002825667   0.005651333   0.000000000
  dx^2-y^2    0    0.018897508  0.018897508   0.037795016   0.000000000
  dxy         0    0.018899440  0.018899440   0.037798880   0.000000000
  dxz         0    0.009673902  0.009673902   0.019347803   0.000000000
  dyz         0    0.009675717  0.009675717   0.019351434   0.000000000
   sum over m      0.059972233  0.059972233   0.119944466   0.000000000
   sum over m+mul  0.059972233  0.059972233   0.119944466   0.000000000

   17    C          Up spin      Down spin     Sum           Diff
            multiple
  s           0    0.544032720  0.544032720   1.088065440   0.000000000
   sum over m      0.544032720  0.544032720   1.088065440   0.000000000
  s           1    0.014837596  0.014837596   0.029675192   0.000000000
   sum over m      0.014837596  0.014837596   0.029675192   0.000000000
   sum over m+mul  0.558870316  0.558870316   1.117740633   0.000000000
  px          0    0.420485999  0.420485999   0.840971999   0.000000000
  py          0    0.420572807  0.420572807   0.841145613   0.000000000
  pz          0    0.490407167  0.490407167   0.980814335   0.000000000
   sum over m      1.331465974  1.331465974   2.662931947   0.000000000
  px          1    0.029702161  0.029702161   0.059404323   0.000000000
  py          1    0.029758450  0.029758450   0.059516899   0.000000000
  pz          1   -0.009769654 -0.009769654  -0.019539309   0.000000000
   sum over m      0.049690957  0.049690957   0.099381913   0.000000000
   sum over m+mul  1.381156930  1.381156930   2.762313860   0.000000000
  d3z^2-r^2   0    0.002825616  0.002825616   0.005651232   0.000000000
  dx^2-y^2    0    0.018896663  0.018896663   0.037793326   0.000000000
  dxy         0    0.018901169  0.018901169   0.037802339   0.000000000
  dxz         0    0.009674826  0.009674826   0.019349652   0.000000000
  dyz         0    0.009677055  0.009677055   0.019354109   0.000000000
   sum over m      0.059975329  0.059975329   0.119950658   0.000000000
   sum over m+mul  0.059975329  0.059975329   0.119950658   0.000000000

   18    C          Up spin      Down spin     Sum           Diff
            multiple
  s           0    0.544025290  0.544025290   1.088050579   0.000000000
   sum over m      0.544025290  0.544025290   1.088050579   0.000000000
  s           1    0.014837514  0.014837514   0.029675028   0.000000000
   sum over m      0.014837514  0.014837514   0.029675028   0.000000000
   sum over m+mul  0.558862803  0.558862803   1.117725607   0.000000000
  px          0    0.420485698  0.420485698   0.840971395   0.000000000
  py          0    0.420547296  0.420547296   0.841094591   0.000000000
  pz          0    0.490413777  0.490413777   0.980827554   0.000000000
   sum over m      1.331446770  1.331446770   2.662893540   0.000000000
  px          1    0.029697641  0.029697641   0.059395281   0.000000000
  py          1    0.029760638  0.029760638   0.059521277   0.000000000
  pz          1   -0.009765867 -0.009765867  -0.019531733   0.000000000
   sum over m      0.049692412  0.049692412   0.099384825   0.000000000
   sum over m+mul  1.381139183  1.381139183   2.762278365   0.000000000
  d3z^2-r^2   0    0.002825749  0.002825749   0.005651498   0.000000000
  dx^2-y^2    0    0.018901914  0.018901914   0.037803828   0.000000000
  dxy         0    0.018901477  0.018901477   0.037802954   0.000000000
  dxz         0    0.009667659  0.009667659   0.019335318   0.000000000
  dyz         0    0.009673513  0.009673513   0.019347026   0.000000000
   sum over m      0.059970312  0.059970312   0.119940624   0.000000000
   sum over m+mul  0.059970312  0.059970312   0.119940624   0.000000000

   19    C          Up spin      Down spin     Sum           Diff
            multiple
  s           0    0.544029630  0.544029630   1.088059260   0.000000000
   sum over m      0.544029630  0.544029630   1.088059260   0.000000000
  s           1    0.014837346  0.014837346   0.029674693   0.000000000
   sum over m      0.014837346  0.014837346   0.029674693   0.000000000
   sum over m+mul  0.558866977  0.558866977   1.117733953   0.000000000
  px          0    0.420486028  0.420486028   0.840972056   0.000000000
  py          0    0.420549255  0.420549255   0.841098510   0.000000000
  pz          0    0.490417169  0.490417169   0.980834338   0.000000000
   sum over m      1.331452452  1.331452452   2.662904904   0.000000000
  px          1    0.029702060  0.029702060   0.059404120   0.000000000
  py          1    0.029757734  0.029757734   0.059515468   0.000000000
  pz          1   -0.009765449 -0.009765449  -0.019530898   0.000000000
   sum over m      0.049694345  0.049694345   0.099388691   0.000000000
   sum over m+mul  1.381146797  1.381146797   2.762293595   0.000000000
  d3z^2-r^2   0    0.002825668  0.002825668   0.005651337   0.000000000
  dx^2-y^2    0    0.018898270  0.018898270   0.037796540   0.000000000
  dxy         0    0.018897780  0.018897780   0.037795561   0.000000000
  dxz         0    0.009671583  0.009671583   0.019343166   0.000000000
  dyz         0    0.009673860  0.009673860   0.019347720   0.000000000
   sum over m      0.059967162  0.059967162   0.119934324   0.000000000
   sum over m+mul  0.059967162  0.059967162   0.119934324   0.000000000

   20    C          Up spin      Down spin     Sum           Diff
            multiple
  s           0    0.544038827  0.544038827   1.088077654   0.000000000
   sum over m      0.544038827  0.544038827   1.088077654   0.000000000
  s           1    0.014834829  0.014834829   0.029669657   0.000000000
   sum over m      0.014834829  0.014834829   0.029669657   0.000000000
   sum over m+mul  0.558873656  0.558873656   1.117747312   0.000000000
  px          0    0.420457180  0.420457180   0.840914359   0.000000000
  py          0    0.420552389  0.420552389   0.841104778   0.000000000
  pz          0    0.490432492  0.490432492   0.980864985   0.000000000
   sum over m      1.331442061  1.331442061   2.662884122   0.000000000
  px          1    0.029687225  0.029687225   0.059374450   0.000000000
  py          1    0.029761614  0.029761614   0.059523229   0.000000000
  pz          1   -0.009765423 -0.009765423  -0.019530847   0.000000000
   sum over m      0.049683416  0.049683416   0.099366832   0.000000000
   sum over m+mul  1.381125477  1.381125477   2.762250954   0.000000000
  d3z^2-r^2   0    0.002825945  0.002825945   0.005651890   0.000000000
  dx^2-y^2    0    0.018894166  0.018894166   0.037788332   0.000000000
  dxy         0    0.018901199  0.018901199   0.037802398   0.000000000
  dxz         0    0.009676191  0.009676191   0.019352383   0.000000000
  dyz         0    0.009673166  0.009673166   0.019346333   0.000000000
   sum over m      0.059970668  0.059970668   0.119941336   0.000000000
   sum over m+mul  0.059970668  0.059970668   0.119941336   0.000000000

   21    C          Up spin      Down spin     Sum           Diff
            multiple
  s           0    0.544029460  0.544029460   1.088058920   0.000000000
   sum over m      0.544029460  0.544029460   1.088058920   0.000000000
  s           1    0.014836817  0.014836817   0.029673634   0.000000000
   sum over m      0.014836817  0.014836817   0.029673634   0.000000000
   sum over m+mul  0.558866277  0.558866277   1.117732554   0.000000000
  px          0    0.420481379  0.420481379   0.840962758   0.000000000
  py          0    0.420558548  0.420558548   0.841117095   0.000000000
  pz          0    0.490430964  0.490430964   0.980861928   0.000000000
   sum over m      1.331470891  1.331470891   2.662941782   0.000000000
  px          1    0.029696429  0.029696429   0.059392857   0.000000000
  py          1    0.029762348  0.029762348   0.059524697   0.000000000
  pz          1   -0.009768714 -0.009768714  -0.019537428   0.000000000
   sum over m      0.049690063  0.049690063   0.099380126   0.000000000
   sum over m+mul  1.381160954  1.381160954   2.762321907   0.000000000
  d3z^2-r^2   0    0.002825598  0.002825598   0.005651196   0.000000000
  dx^2-y^2    0    0.018896511  0.018896511   0.037793022   0.000000000
  dxy         0    0.018898963  0.018898963   0.037797925   0.000000000
  dxz         0    0.009675407  0.009675407   0.019350815   0.000000000
  dyz         0    0.009676306  0.009676306   0.019352612   0.000000000
   sum over m      0.059972785  0.059972785   0.119945570   0.000000000
   sum over m+mul  0.059972785  0.059972785   0.119945570   0.000000000

   22    C          Up spin      Down spin     Sum           Diff
            multiple
  s           0    0.544028624  0.544028624   1.088057248   0.000000000
   sum over m      0.544028624  0.544028624   1.088057248   0.000000000
  s           1    0.014838256  0.014838256   0.029676513   0.000000000
   sum over m      0.014838256  0.014838256   0.029676513   0.000000000
   sum over m+mul  0.558866880  0.558866880   1.117733760   0.000000000
  px          0    0.420490076  0.420490076   0.840980153   0.000000000
  py          0    0.420560249  0.420560249   0.841120498   0.000000000
  pz          0    0.490418933  0.490418933   0.980837867   0.000000000
   sum over m      1.331469259  1.331469259   2.662938517   0.000000000
  px          1    0.029702840  0.029702840   0.059405680   0.000000000
  py          1    0.029761320  0.029761320   0.059522639   0.000000000
  pz          1   -0.009770533 -0.009770533  -0.019541065   0.000000000
   sum over m      0.049693627  0.049693627   0.099387254   0.000000000
   sum over m+mul  1.381162886  1.381162886   2.762325772   0.000000000
  d3z^2-r^2   0    0.002825705  0.002825705   0.005651410   0.000000000
  dx^2-y^2    0    0.018897741  0.018897741   0.037795483   0.000000000
  dxy         0    0.018899435  0.018899435   0.037798871   0.000000000
  dxz         0    0.009674751  0.009674751   0.019349501   0.000000000
  dyz         0    0.009675488  0.009675488   0.019350975   0.000000000
   sum over m      0.059973120  0.059973120   0.119946240   0.000000000
   sum over m+mul  0.059973120  0.059973120   0.119946240   0.000000000

   23    C          Up spin      Down spin     Sum           Diff
            multiple
  s           0    0.544027351  0.544027351   1.088054702   0.000000000
   sum over m      0.544027351  0.544027351   1.088054702   0.000000000
  s           1    0.014838329  0.014838329   0.029676657   0.000000000
   sum over m      0.014838329  0.014838329   0.029676657   0.000000000
   sum over m+mul  0.558865680  0.558865680   1.117731359   0.000000000
  px          0    0.420487459  0.420487459   0.840974918   0.000000000
  py          0    0.420556681  0.420556681   0.841113363   0.000000000
  pz          0    0.490427963  0.490427963   0.980855927   0.000000000
   sum over m      1.331472104  1.331472104   2.662944208   0.000000000
  px          1    0.029702666  0.029702666   0.059405332   0.000000000
  py          1    0.029760710  0.029760710   0.059521419   0.000000000
  pz          1   -0.009769338 -0.009769338  -0.019538676   0.000000000
   sum over m      0.049694038  0.049694038   0.099388075   0.000000000
   sum over m+mul  1.381166142  1.381166142   2.762332283   0.000000000
  d3z^2-r^2   0    0.002825656  0.002825656   0.005651313   0.000000000
  dx^2-y^2    0    0.018897993  0.018897993   0.037795986   0.000000000
  dxy         0    0.018899094  0.018899094   0.037798189   0.000000000
  dxz         0    0.009673937  0.009673937   0.019347874   0.000000000
  dyz         0    0.009674456  0.009674456   0.019348912   0.000000000
   sum over m      0.059971136  0.059971136   0.119942272   0.000000000
   sum over m+mul  0.059971136  0.059971136   0.119942272   0.000000000

   24    C          Up spin      Down spin     Sum           Diff
            multiple
  s           0    0.544032412  0.544032412   1.088064824   0.000000000
   sum over m      0.544032412  0.544032412   1.088064824   0.000000000
  s           1    0.014838221  0.014838221   0.029676443   0.000000000
   sum over m      0.014838221  0.014838221   0.029676443   0.000000000
   sum over m+mul  0.558870633  0.558870633   1.117741266   0.000000000
  px          0    0.420488904  0.420488904   0.840977809   0.000000000
  py          0    0.420560979  0.420560979   0.841121958   0.000000000
  pz          0    0.490409041  0.490409041   0.980818082   0.000000000
   sum over m      1.331458924  1.331458924   2.662917848   0.000000000
  px          1    0.029702809  0.029702809   0.059405619   0.000000000
  py          1    0.029761037  0.029761037   0.059522075   0.000000000
  pz          1   -0.009769207 -0.009769207  -0.019538415   0.000000000
   sum over m      0.049694639  0.049694639   0.099389279   0.000000000
   sum over m+mul  1.381153564  1.381153564   2.762307127   0.000000000
  d3z^2-r^2   0    0.002825645  0.002825645   0.005651289   0.000000000
  dx^2-y^2    0    0.018897884  0.018897884   0.037795768   0.000000000
  dxy         0    0.018899352  0.018899352   0.037798703   0.000000000
  dxz         0    0.009674213  0.009674213   0.019348427   0.000000000
  dyz         0    0.009675724  0.009675724   0.019351447   0.000000000
   sum over m      0.059972818  0.059972818   0.119945635   0.000000000
   sum over m+mul  0.059972818  0.059972818   0.119945635   0.000000000

   25    C          Up spin      Down spin     Sum           Diff
            multiple
  s           0    0.544028993  0.544028993   1.088057986   0.000000000
   sum over m      0.544028993  0.544028993   1.088057986   0.000000000
  s           1    0.014838205  0.014838205   0.029676411   0.000000000
   sum over m      0.014838205  0.014838205   0.029676411   0.000000000
   sum over m+mul  0.558867198  0.558867198   1.117734396   0.000000000
  px          0    0.420486745  0.420486745   0.840973489   0.000000000
  py          0    0.420558276  0.420558276   0.841116552   0.000000000
  pz          0    0.490420976  0.490420976   0.980841952   0.000000000
   sum over m      1.331465997  1.331465997   2.662931994   0.000000000
  px          1    0.029702833  0.029702833   0.059405667   0.000000000
  py          1    0.029760676  0.029760676   0.059521352   0.000000000
  pz          1   -0.009768888 -0.009768888  -0.019537776   0.000000000
   sum over m      0.049694621  0.049694621   0.099389243   0.000000000
   sum over m+mul  1.381160618  1.381160618   2.762321237   0.000000000
  d3z^2-r^2   0    0.002825648  0.002825648   0.005651297   0.000000000
  dx^2-y^2    0    0.018897882  0.018897882   0.037795764   0.000000000
  dxy         0    0.018899364  0.018899364   0.037798729   0.000000000
  dxz         0    0.009673729  0.009673729   0.019347457   0.000000000
  dyz         0    0.009674496  0.009674496   0.019348992   0.000000000
   sum over m      0.059971119  0.059971119   0.119942238   0.000000000
   sum over m+mul  0.059971119  0.059971119   0.119942238   0.000000000

   26    C          Up spin      Down spin     Sum           Diff
            multiple
  s           0    0.544032437  0.544032437   1.088064874   0.000000000
   sum over m      0.544032437  0.544032437   1.088064874   0.000000000
  s           1    0.014838250  0.014838250   0.029676501   0.000000000
   sum over m      0.014838250  0.014838250   0.029676501   0.000000000
   sum over m+mul  0.558870687  0.558870687   1.117741374   0.000000000
  px          0    0.420488713  0.420488713   0.840977426   0.000000000
  py          0    0.420559876  0.420559876   0.841119752   0.000000000
  pz          0    0.490410053  0.490410053   0.980820106   0.000000000
   sum over m      1.331458642  1.331458642   2.662917284   0.000000000
  px          1    0.029703117  0.029703117   0.059406234   0.000000000
  py          1    0.029760964  0.029760964   0.059521929   0.000000000
  pz          1   -0.009768954 -0.009768954  -0.019537907   0.000000000
   sum over m      0.049695127  0.049695127   0.099390255   0.000000000
   sum over m+mul  1.381153769  1.381153769   2.762307539   0.000000000
  d3z^2-r^2   0    0.002825639  0.002825639   0.005651279   0.000000000
  dx^2-y^2    0    0.018897958  0.018897958   0.037795917   0.000000000
  dxy         0    0.018899340  0.018899340   0.037798681   0.000000000
  dxz         0    0.009673899  0.009673899   0.019347797   0.000000000
  dyz         0    0.009674837  0.009674837   0.019349674   0.000000000
   sum over m      0.059971674  0.059971674   0.119943347   0.000000000
   sum over m+mul  0.059971674  0.059971674   0.119943347   0.000000000

   27    C          Up spin      Down spin     Sum           Diff
            multiple
  s           0    0.544029443  0.544029443   1.088058886   0.000000000
   sum over m      0.544029443  0.544029443   1.088058886   0.000000000
  s           1    0.014838278  0.014838278   0.029676556   0.000000000
   sum over m      0.014838278  0.014838278   0.029676556   0.000000000
   sum over m+mul  0.558867721  0.558867721   1.117735442   0.000000000
  px          0    0.420486890  0.420486890   0.840973781   0.000000000
  py          0    0.420559259  0.420559259   0.841118518   0.000000000
  pz          0    0.490420095  0.490420095   0.980840189   0.000000000
   sum over m      1.331466244  1.331466244   2.662932488   0.000000000
  px          1    0.029702733  0.029702733   0.059405467   0.000000000
  py          1    0.029760617  0.029760617   0.059521235   0.000000000
  pz          1   -0.009768904 -0.009768904  -0.019537809   0.000000000
   sum over m      0.049694446  0.049694446   0.099388893   0.000000000
   sum over m+mul  1.381160690  1.381160690   2.762321381   0.000000000
  d3z^2-r^2   0    0.002825647  0.002825647   0.005651294   0.000000000
  dx^2-y^2    0    0.018897750  0.018897750   0.037795499   0.000000000
  dxy         0    0.018899362  0.018899362   0.037798724   0.000000000
  dxz         0    0.009673850  0.009673850   0.019347701   0.000000000
  dyz         0    0.009674981  0.009674981   0.019349961   0.000000000
   sum over m      0.059971590  0.059971590   0.119943180   0.000000000
   sum over m+mul  0.059971590  0.059971590   0.119943180   0.000000000

   28    C          Up spin      Down spin     Sum           Diff
            multiple
  s           0    0.544029493  0.544029493   1.088058987   0.000000000
   sum over m      0.544029493  0.544029493   1.088058987   0.000000000
  s           1    0.014838278  0.014838278   0.029676556   0.000000000
   sum over m      0.014838278  0.014838278   0.029676556   0.000000000
   sum over m+mul  0.558867771  0.558867771   1.117735543   0.000000000
  px          0    0.420486883  0.420486883   0.840973766   0.000000000
  py          0    0.420559317  0.420559317   0.841118634   0.000000000
  pz          0    0.490419922  0.490419922   0.980839844   0.000000000
   sum over m      1.331466122  1.331466122   2.662932243   0.000000000
  px          1    0.029702738  0.029702738   0.059405476   0.000000000
  py          1    0.029760621  0.029760621   0.059521242   0.000000000
  pz          1   -0.009768907 -0.009768907  -0.019537813   0.000000000
   sum over m      0.049694453  0.049694453   0.099388905   0.000000000
   sum over m+mul  1.381160574  1.381160574   2.762321149   0.000000000
  d3z^2-r^2   0    0.002825647  0.002825647   0.005651294   0.000000000
  dx^2-y^2    0    0.018897746  0.018897746   0.037795491   0.000000000
  dxy         0    0.018899367  0.018899367   0.037798734   0.000000000
  dxz         0    0.009673851  0.009673851   0.019347702   0.000000000
  dyz         0    0.009674992  0.009674992   0.019349984   0.000000000
   sum over m      0.059971602  0.059971602   0.119943204   0.000000000
   sum over m+mul  0.059971602  0.059971602   0.119943204   0.000000000

   29    C          Up spin      Down spin     Sum           Diff
            multiple
  s           0    0.544029330  0.544029330   1.088058660   0.000000000
   sum over m      0.544029330  0.544029330   1.088058660   0.000000000
  s           1    0.014838137  0.014838137   0.029676274   0.000000000
   sum over m      0.014838137  0.014838137   0.029676274   0.000000000
   sum over m+mul  0.558867467  0.558867467   1.117734934   0.000000000
  px          0    0.420488577  0.420488577   0.840977154   0.000000000
  py          0    0.420556924  0.420556924   0.841113848   0.000000000
  pz          0    0.490418125  0.490418125   0.980836250   0.000000000
   sum over m      1.331463626  1.331463626   2.662927252   0.000000000
  px          1    0.029702795  0.029702795   0.059405591   0.000000000
  py          1    0.029760277  0.029760277   0.059520553   0.000000000
  pz          1   -0.009768303 -0.009768303  -0.019536606   0.000000000
   sum over m      0.049694769  0.049694769   0.099389538   0.000000000
   sum over m+mul  1.381158395  1.381158395   2.762316790   0.000000000
  d3z^2-r^2   0    0.002825640  0.002825640   0.005651279   0.000000000
  dx^2-y^2    0    0.018898180  0.018898180   0.037796359   0.000000000
  dxy         0    0.018899077  0.018899077   0.037798153   0.000000000
  dxz         0    0.009674196  0.009674196   0.019348392   0.000000000
  dyz         0    0.009674393  0.009674393   0.019348785   0.000000000
   sum over m      0.059971485  0.059971485   0.119942969   0.000000000
   sum over m+mul  0.059971485  0.059971485   0.119942969   0.000000000

   30    C          Up spin      Down spin     Sum           Diff
            multiple
  s           0    0.544036647  0.544036647   1.088073294   0.000000000
   sum over m      0.544036647  0.544036647   1.088073294   0.000000000
  s           1    0.014838181  0.014838181   0.029676361   0.000000000
   sum over m      0.014838181  0.014838181   0.029676361   0.000000000
   sum over m+mul  0.558874828  0.558874828   1.117749656   0.000000000
  px          0    0.420488668  0.420488668   0.840977336   0.000000000
  py          0    0.420559404  0.420559404   0.841118809   0.000000000
  pz          0    0.490397489  0.490397489   0.980794978   0.000000000
   sum over m      1.331445562  1.331445562   2.662891123   0.000000000
  px          1    0.029703051  0.029703051   0.059406101   0.000000000
  py          1    0.029761284  0.029761284   0.059522569   0.000000000
  pz          1   -0.009767601 -0.009767601  -0.019535201   0.000000000
   sum over m      0.049696734  0.049696734   0.099393468   0.000000000
   sum over m+mul  1.381142296  1.381142296   2.762284591   0.000000000
  d3z^2-r^2   0    0.002825627  0.002825627   0.005651254   0.000000000
  dx^2-y^2    0    0.018897980  0.018897980   0.037795960   0.000000000
  dxy         0    0.018899285  0.018899285   0.037798569   0.000000000
  dxz         0    0.009673819  0.009673819   0.019347638   0.000000000
  dyz         0    0.009674269  0.009674269   0.019348538   0.000000000
   sum over m      0.059970980  0.059970980   0.119941960   0.000000000
   sum over m+mul  0.059970980  0.059970980   0.119941960   0.000000000

   31    C          Up spin      Down spin     Sum           Diff
            multiple
  s           0    0.544029443  0.544029443   1.088058886   0.000000000
   sum over m      0.544029443  0.544029443   1.088058886   0.000000000
  s           1    0.014838262  0.014838262   0.029676525   0.000000000
   sum over m      0.014838262  0.014838262   0.029676525   0.000000000
   sum over m+mul  0.558867705  0.558867705   1.117735411   0.000000000
  px          0    0.420486850  0.420486850   0.840973700   0.000000000
  py          0    0.420559154  0.420559154   0.841118307   0.000000000
  pz          0    0.490420379  0.490420379   0.980840759   0.000000000
   sum over m      1.331466383  1.331466383   2.662932766   0.000000000
  px          1    0.029702746  0.029702746   0.059405493   0.000000000
  py          1    0.029760601  0.029760601   0.059521202   0.000000000
  pz          1   -0.009768895 -0.009768895  -0.019537790   0.000000000
   sum over m      0.049694452  0.049694452   0.099388905   0.000000000
   sum over m+mul  1.381160835  1.381160835   2.762321671   0.000000000
  d3z^2-r^2   0    0.002825647  0.002825647   0.005651295   0.000000000
  dx^2-y^2    0    0.018897756  0.018897756   0.037795511   0.000000000
  dxy         0    0.018899387  0.018899387   0.037798773   0.000000000
  dxz         0    0.009673848  0.009673848   0.019347697   0.000000000
  dyz         0    0.009674902  0.009674902   0.019349805   0.000000000
   sum over m      0.059971541  0.059971541   0.119943081   0.000000000
   sum over m+mul  0.059971541  0.059971541   0.119943081   0.000000000

   32    C          Up spin      Down spin     Sum           Diff
            multiple
  s           0    0.544029719  0.544029719   1.088059438   0.000000000
   sum over m      0.544029719  0.544029719   1.088059438   0.000000000
  s           1    0.014838309  0.014838309   0.029676618   0.000000000
   sum over m      0.014838309  0.014838309   0.029676618   0.000000000
   sum over m+mul  0.558868028  0.558868028   1.117736056   0.000000000
  px          0    0.420487393  0.420487393   0.840974786   0.000000000
  py          0    0.420558976  0.420558976   0.841117952   0.000000000
  pz          0    0.490418671  0.490418671   0.980837342   0.000000000
   sum over m      1.331465040  1.331465040   2.662930080   0.000000000
  px          1    0.029703151  0.029703151   0.059406302   0.000000000
  py          1    0.029760464  0.029760464   0.059520928   0.000000000
  pz          1   -0.009769061 -0.009769061  -0.019538121   0.000000000
   sum over m      0.049694555  0.049694555   0.099389109   0.000000000
   sum over m+mul  1.381159595  1.381159595   2.762319189   0.000000000
  d3z^2-r^2   0    0.002825638  0.002825638   0.005651276   0.000000000
  dx^2-y^2    0    0.018897769  0.018897769   0.037795537   0.000000000
  dxy         0    0.018899246  0.018899246   0.037798493   0.000000000
  dxz         0    0.009673943  0.009673943   0.019347886   0.000000000
  dyz         0    0.009674997  0.009674997   0.019349995   0.000000000
   sum over m      0.059971593  0.059971593   0.119943186   0.000000000
   sum over m+mul  0.059971593  0.059971593   0.119943186   0.000000000

   33    C          Up spin      Down spin     Sum           Diff
            multiple
  s           0    0.543895833  0.543895833   1.087791666   0.000000000
   sum over m      0.543895833  0.543895833   1.087791666   0.000000000
  s           1    0.014823204  0.014823204   0.029646408   0.000000000
   sum over m      0.014823204  0.014823204   0.029646408   0.000000000
   sum over m+mul  0.558719037  0.558719037   1.117438074   0.000000000
  px          0    0.420430627  0.420430627   0.840861254   0.000000000
  py          0    0.420506110  0.420506110   0.841012221   0.000000000
  pz          0    0.490309407  0.490309407   0.980618815   0.000000000
   sum over m      1.331246145  1.331246145   2.662492290   0.000000000
  px          1    0.029649211  0.029649211   0.059298423   0.000000000
  py          1    0.029814102  0.029814102   0.059628203   0.000000000
  pz          1   -0.009790214 -0.009790214  -0.019580428   0.000000000
   sum over m      0.049673099  0.049673099   0.099346198   0.000000000
   sum over m+mul  1.380919244  1.380919244   2.761838488   0.000000000
  d3z^2-r^2   0    0.002824542  0.002824542   0.005649083   0.000000000
  dx^2-y^2    0    0.018886491  0.018886491   0.037772981   0.000000000
  dxy         0    0.018921674  0.018921674   0.037843348   0.000000000
  dxz         0    0.009671470  0.009671470   0.019342940   0.000000000
  dyz         0    0.009673885  0.009673885   0.019347771   0.000000000
   sum over m      0.059978062  0.059978062   0.119956123   0.000000000
   sum over m+mul  0.059978062  0.059978062   0.119956123   0.000000000

   34    C          Up spin      Down spin     Sum           Diff
            multiple
  s           0    0.545693408  0.545693408   1.091386816   0.000000000
   sum over m      0.545693408  0.545693408   1.091386816   0.000000000
  s           1    0.014652251  0.014652251   0.029304502   0.000000000
   sum over m      0.014652251  0.014652251   0.029304502   0.000000000
   sum over m+mul  0.560345659  0.560345659   1.120691318   0.000000000
  px          0    0.420937456  0.420937456   0.841874911   0.000000000
  py          0    0.421239226  0.421239226   0.842478453   0.000000000
  pz          0    0.490388462  0.490388462   0.980776923   0.000000000
   sum over m      1.332565144  1.332565144   2.665130288   0.000000000
  px          1    0.029197516  0.029197516   0.058395031   0.000000000
  py          1    0.029468927  0.029468927   0.058937853   0.000000000
  pz          1   -0.009731841 -0.009731841  -0.019463682   0.000000000
   sum over m      0.048934602  0.048934602   0.097869203   0.000000000
   sum over m+mul  1.381499746  1.381499746   2.762999491   0.000000000
  d3z^2-r^2   0    0.002828213  0.002828213   0.005656426   0.000000000
  dx^2-y^2    0    0.018768009  0.018768009   0.037536018   0.000000000
  dxy         0    0.018802480  0.018802480   0.037604960   0.000000000
  dxz         0    0.009573667  0.009573667   0.019147334   0.000000000
  dyz         0    0.009606303  0.009606303   0.019212605   0.000000000
   sum over m      0.059578671  0.059578671   0.119157343   0.000000000
   sum over m+mul  0.059578671  0.059578671   0.119157343   0.000000000

   35    C          Up spin      Down spin     Sum           Diff
            multiple
  s           0    0.543923476  0.543923476   1.087846953   0.000000000
   sum over m      0.543923476  0.543923476   1.087846953   0.000000000
  s           1    0.014798053  0.014798053   0.029596106   0.000000000
   sum over m      0.014798053  0.014798053   0.029596106   0.000000000
   sum over m+mul  0.558721529  0.558721529   1.117443058   0.000000000
  px          0    0.420359454  0.420359454   0.840718908   0.000000000
  py          0    0.420513312  0.420513312   0.841026625   0.000000000
  pz          0    0.490502719  0.490502719   0.981005438   0.000000000
   sum over m      1.331375485  1.331375485   2.662750970   0.000000000
  px          1    0.029595588  0.029595588   0.059191176   0.000000000
  py          1    0.029773995  0.029773995   0.059547989   0.000000000
  pz          1   -0.009785099 -0.009785099  -0.019570199   0.000000000
   sum over m      0.049584483  0.049584483   0.099168967   0.000000000
   sum over m+mul  1.380959968  1.380959968   2.761919937   0.000000000
  d3z^2-r^2   0    0.002822949  0.002822949   0.005645899   0.000000000
  dx^2-y^2    0    0.018899260  0.018899260   0.037798520   0.000000000
  dxy         0    0.018898003  0.018898003   0.037796005   0.000000000
  dxz         0    0.009664326  0.009664326   0.019328653   0.000000000
  dyz         0    0.009680003  0.009680003   0.019360007   0.000000000
   sum over m      0.059964542  0.059964542   0.119929083   0.000000000
   sum over m+mul  0.059964542  0.059964542   0.119929083   0.000000000

   36    C          Up spin      Down spin     Sum           Diff
            multiple
  s           0    0.544039961  0.544039961   1.088079923   0.000000000
   sum over m      0.544039961  0.544039961   1.088079923   0.000000000
  s           1    0.014838596  0.014838596   0.029677193   0.000000000
   sum over m      0.014838596  0.014838596   0.029677193   0.000000000
   sum over m+mul  0.558878558  0.558878558   1.117757116   0.000000000
  px          0    0.420515106  0.420515106   0.841030213   0.000000000
  py          0    0.420567540  0.420567540   0.841135080   0.000000000
  pz          0    0.490347000  0.490347000   0.980694000   0.000000000
   sum over m      1.331429647  1.331429647   2.662859293   0.000000000
  px          1    0.029689182  0.029689182   0.059378363   0.000000000
  py          1    0.029760820  0.029760820   0.059521641   0.000000000
  pz          1   -0.009776967 -0.009776967  -0.019553935   0.000000000
   sum over m      0.049673035  0.049673035   0.099346070   0.000000000
   sum over m+mul  1.381102682  1.381102682   2.762205363   0.000000000
  d3z^2-r^2   0    0.002825861  0.002825861   0.005651722   0.000000000
  dx^2-y^2    0    0.018898073  0.018898073   0.037796145   0.000000000
  dxy         0    0.018904050  0.018904050   0.037808099   0.000000000
  dxz         0    0.009677057  0.009677057   0.019354113   0.000000000
  dyz         0    0.009682659  0.009682659   0.019365318   0.000000000
   sum over m      0.059987699  0.059987699   0.119975398   0.000000000
   sum over m+mul  0.059987699  0.059987699   0.119975398   0.000000000

   37    C          Up spin      Down spin     Sum           Diff
            multiple
  s           0    0.544023017  0.544023017   1.088046033   0.000000000
   sum over m      0.544023017  0.544023017   1.088046033   0.000000000
  s           1    0.014836678  0.014836678   0.029673357   0.000000000
   sum over m      0.014836678  0.014836678   0.029673357   0.000000000
   sum over m+mul  0.558859695  0.558859695   1.117719390   0.000000000
  px          0    0.420496792  0.420496792   0.840993585   0.000000000
  py          0    0.420558443  0.420558443   0.841116887   0.000000000
  pz          0    0.490433677  0.490433677   0.980867354   0.000000000
   sum over m      1.331488913  1.331488913   2.662977826   0.000000000
  px          1    0.029700063  0.029700063   0.059400126   0.000000000
  py          1    0.029759074  0.029759074   0.059518148   0.000000000
  pz          1   -0.009769546 -0.009769546  -0.019539092   0.000000000
   sum over m      0.049689591  0.049689591   0.099379182   0.000000000
   sum over m+mul  1.381178504  1.381178504   2.762357008   0.000000000
  d3z^2-r^2   0    0.002825741  0.002825741   0.005651481   0.000000000
  dx^2-y^2    0    0.018898654  0.018898654   0.037797309   0.000000000
  dxy         0    0.018899225  0.018899225   0.037798449   0.000000000
  dxz         0    0.009673172  0.009673172   0.019346344   0.000000000
  dyz         0    0.009673261  0.009673261   0.019346523   0.000000000
   sum over m      0.059970053  0.059970053   0.119940106   0.000000000
   sum over m+mul  0.059970053  0.059970053   0.119940106   0.000000000

   38    C          Up spin      Down spin     Sum           Diff
            multiple
  s           0    0.544035678  0.544035678   1.088071355   0.000000000
   sum over m      0.544035678  0.544035678   1.088071355   0.000000000
  s           1    0.014838151  0.014838151   0.029676302   0.000000000
   sum over m      0.014838151  0.014838151   0.029676302   0.000000000
   sum over m+mul  0.558873829  0.558873829   1.117747657   0.000000000
  px          0    0.420488737  0.420488737   0.840977474   0.000000000
  py          0    0.420563401  0.420563401   0.841126802   0.000000000
  pz          0    0.490396751  0.490396751   0.980793502   0.000000000
   sum over m      1.331448889  1.331448889   2.662897778   0.000000000
  px          1    0.029702540  0.029702540   0.059405079   0.000000000
  py          1    0.029762594  0.029762594   0.059525188   0.000000000
  pz          1   -0.009769247 -0.009769247  -0.019538493   0.000000000
   sum over m      0.049695887  0.049695887   0.099391774   0.000000000
   sum over m+mul  1.381144776  1.381144776   2.762289551   0.000000000
  d3z^2-r^2   0    0.002825686  0.002825686   0.005651373   0.000000000
  dx^2-y^2    0    0.018897753  0.018897753   0.037795505   0.000000000
  dxy         0    0.018899588  0.018899588   0.037799176   0.000000000
  dxz         0    0.009674306  0.009674306   0.019348612   0.000000000
  dyz         0    0.009675194  0.009675194   0.019350389   0.000000000
   sum over m      0.059972527  0.059972527   0.119945055   0.000000000
   sum over m+mul  0.059972527  0.059972527   0.119945055   0.000000000

   39    C          Up spin      Down spin     Sum           Diff
            multiple
  s           0    0.544027246  0.544027246   1.088054491   0.000000000
   sum over m      0.544027246  0.544027246   1.088054491   0.000000000
  s           1    0.014838191  0.014838191   0.029676382   0.000000000
   sum over m      0.014838191  0.014838191   0.029676382   0.000000000
   sum over m+mul  0.558865437  0.558865437   1.117730873   0.000000000
  px          0    0.420484458  0.420484458   0.840968917   0.000000000
  py          0    0.420559065  0.420559065   0.841118130   0.000000000
  pz          0    0.490426027  0.490426027   0.980852055   0.000000000
   sum over m      1.331469550  1.331469550   2.662939101   0.000000000
  px          1    0.029702601  0.029702601   0.059405203   0.000000000
  py          1    0.029760512  0.029760512   0.059521025   0.000000000
  pz          1   -0.009768748 -0.009768748  -0.019537496   0.000000000
   sum over m      0.049694366  0.049694366   0.099388732   0.000000000
   sum over m+mul  1.381163916  1.381163916   2.762327832   0.000000000
  d3z^2-r^2   0    0.002825649  0.002825649   0.005651298   0.000000000
  dx^2-y^2    0    0.018897653  0.018897653   0.037795307   0.000000000
  dxy         0    0.018899576  0.018899576   0.037799152   0.000000000
  dxz         0    0.009673099  0.009673099   0.019346199   0.000000000
  dyz         0    0.009675057  0.009675057   0.019350114   0.000000000
   sum over m      0.059971035  0.059971035   0.119942069   0.000000000
   sum over m+mul  0.059971035  0.059971035   0.119942069   0.000000000

   40    C          Up spin      Down spin     Sum           Diff
            multiple
  s           0    0.544029780  0.544029780   1.088059560   0.000000000
   sum over m      0.544029780  0.544029780   1.088059560   0.000000000
  s           1    0.014838280  0.014838280   0.029676559   0.000000000
   sum over m      0.014838280  0.014838280   0.029676559   0.000000000
   sum over m+mul  0.558868060  0.558868060   1.117736120   0.000000000
  px          0    0.420487307  0.420487307   0.840974615   0.000000000
  py          0    0.420559124  0.420559124   0.841118248   0.000000000
  pz          0    0.490418440  0.490418440   0.980836881   0.000000000
   sum over m      1.331464872  1.331464872   2.662929744   0.000000000
  px          1    0.029702734  0.029702734   0.059405468   0.000000000
  py          1    0.029760683  0.029760683   0.059521366   0.000000000
  pz          1   -0.009768862 -0.009768862  -0.019537724   0.000000000
   sum over m      0.049694555  0.049694555   0.099389110   0.000000000
   sum over m+mul  1.381159427  1.381159427   2.762318855   0.000000000
  d3z^2-r^2   0    0.002825658  0.002825658   0.005651316   0.000000000
  dx^2-y^2    0    0.018897773  0.018897773   0.037795546   0.000000000
  dxy         0    0.018899264  0.018899264   0.037798527   0.000000000
  dxz         0    0.009673794  0.009673794   0.019347589   0.000000000
  dyz         0    0.009675172  0.009675172   0.019350345   0.000000000
   sum over m      0.059971661  0.059971661   0.119943322   0.000000000
   sum over m+mul  0.059971661  0.059971661   0.119943322   0.000000000

   41    C          Up spin      Down spin     Sum           Diff
            multiple
  s           0    0.544028286  0.544028286   1.088056572   0.000000000
   sum over m      0.544028286  0.544028286   1.088056572   0.000000000
  s           1    0.014838248  0.014838248   0.029676497   0.000000000
   sum over m      0.014838248  0.014838248   0.029676497   0.000000000
   sum over m+mul  0.558866534  0.558866534   1.117733068   0.000000000
  px          0    0.420485935  0.420485935   0.840971869   0.000000000
  py          0    0.420558383  0.420558383   0.841116766   0.000000000
  pz          0    0.490422048  0.490422048   0.980844096   0.000000000
   sum over m      1.331466366  1.331466366   2.662932731   0.000000000
  px          1    0.029702657  0.029702657   0.059405314   0.000000000
  py          1    0.029760535  0.029760535   0.059521071   0.000000000
  pz          1   -0.009768473 -0.009768473  -0.019536945   0.000000000
   sum over m      0.049694720  0.049694720   0.099389439   0.000000000
   sum over m+mul  1.381161085  1.381161085   2.762322170   0.000000000
  d3z^2-r^2   0    0.002825647  0.002825647   0.005651295   0.000000000
  dx^2-y^2    0    0.018897767  0.018897767   0.037795534   0.000000000
  dxy         0    0.018899344  0.018899344   0.037798689   0.000000000
  dxz         0    0.009673609  0.009673609   0.019347218   0.000000000
  dyz         0    0.009674802  0.009674802   0.019349604   0.000000000
   sum over m      0.059971170  0.059971170   0.119942339   0.000000000
   sum over m+mul  0.059971170  0.059971170   0.119942339   0.000000000

   42    C          Up spin      Down spin     Sum           Diff
            multiple
  s           0    0.544030314  0.544030314   1.088060629   0.000000000
   sum over m      0.544030314  0.544030314   1.088060629   0.000000000
  s           1    0.014838244  0.014838244   0.029676487   0.000000000
   sum over m      0.014838244  0.014838244   0.029676487   0.000000000
   sum over m+mul  0.558868558  0.558868558   1.117737116   0.000000000
  px          0    0.420487051  0.420487051   0.840974103   0.000000000
  py          0    0.420559806  0.420559806   0.841119612   0.000000000
  pz          0    0.490416885  0.490416885   0.980833771   0.000000000
   sum over m      1.331463743  1.331463743   2.662927486   0.000000000
  px          1    0.029702766  0.029702766   0.059405533   0.000000000
  py          1    0.029760671  0.029760671   0.059521342   0.000000000
  pz          1   -0.009768815 -0.009768815  -0.019537631   0.000000000
   sum over m      0.049694622  0.049694622   0.099389244   0.000000000
   sum over m+mul  1.381158365  1.381158365   2.762316730   0.000000000
  d3z^2-r^2   0    0.002825652  0.002825652   0.005651303   0.000000000
  dx^2-y^2    0    0.018897730  0.018897730   0.037795460   0.000000000
  dxy         0    0.018899367  0.018899367   0.037798734   0.000000000
  dxz         0    0.009674075  0.009674075   0.019348149   0.000000000
  dyz         0    0.009675104  0.009675104   0.019350208   0.000000000
   sum over m      0.059971927  0.059971927   0.119943854   0.000000000
   sum over m+mul  0.059971927  0.059971927   0.119943854   0.000000000

   43    C          Up spin      Down spin     Sum           Diff
            multiple
  s           0    0.544029452  0.544029452   1.088058904   0.000000000
   sum over m      0.544029452  0.544029452   1.088058904   0.000000000
  s           1    0.014838276  0.014838276   0.029676552   0.000000000
   sum over m      0.014838276  0.014838276   0.029676552   0.000000000
   sum over m+mul  0.558867728  0.558867728   1.117735455   0.000000000
  px          0    0.420487048  0.420487048   0.840974095   0.000000000
  py          0    0.420557842  0.420557842   0.841115683   0.000000000
  pz          0    0.490421656  0.490421656   0.980843312   0.000000000
   sum over m      1.331466545  1.331466545   2.662933090   0.000000000
  px          1    0.029702743  0.029702743   0.059405486   0.000000000
  py          1    0.029760665  0.029760665   0.059521330   0.000000000
  pz          1   -0.009769085 -0.009769085  -0.019538170   0.000000000
   sum over m      0.049694323  0.049694323   0.099388646   0.000000000
   sum over m+mul  1.381160868  1.381160868   2.762321736   0.000000000
  d3z^2-r^2   0    0.002825649  0.002825649   0.005651298   0.000000000
  dx^2-y^2    0    0.018897840  0.018897840   0.037795680   0.000000000
  dxy         0    0.018899147  0.018899147   0.037798295   0.000000000
  dxz         0    0.009673700  0.009673700   0.019347400   0.000000000
  dyz         0    0.009675145  0.009675145   0.019350289   0.000000000
   sum over m      0.059971481  0.059971481   0.119942962   0.000000000
   sum over m+mul  0.059971481  0.059971481   0.119942962   0.000000000

   44    C          Up spin      Down spin     Sum           Diff
            multiple
  s           0    0.544029222  0.544029222   1.088058444   0.000000000
   sum over m      0.544029222  0.544029222   1.088058444   0.000000000
  s           1    0.014838280  0.014838280   0.029676560   0.000000000
   sum over m      0.014838280  0.014838280   0.029676560   0.000000000
   sum over m+mul  0.558867502  0.558867502   1.117735004   0.000000000
  px          0    0.420485773  0.420485773   0.840971546   0.000000000
  py          0    0.420559885  0.420559885   0.841119770   0.000000000
  pz          0    0.490420989  0.490420989   0.980841979   0.000000000
   sum over m      1.331466647  1.331466647   2.662933295   0.000000000
  px          1    0.029702303  0.029702303   0.059404606   0.000000000
  py          1    0.029760812  0.029760812   0.059521624   0.000000000
  pz          1   -0.009768218 -0.009768218  -0.019536436   0.000000000
   sum over m      0.049694898  0.049694898   0.099389795   0.000000000
   sum over m+mul  1.381161545  1.381161545   2.762323090   0.000000000
  d3z^2-r^2   0    0.002825652  0.002825652   0.005651304   0.000000000
  dx^2-y^2    0    0.018897263  0.018897263   0.037794525   0.000000000
  dxy         0    0.018899310  0.018899310   0.037798620   0.000000000
  dxz         0    0.009674996  0.009674996   0.019349992   0.000000000
  dyz         0    0.009675281  0.009675281   0.019350563   0.000000000
   sum over m      0.059972502  0.059972502   0.119945003   0.000000000
   sum over m+mul  0.059972502  0.059972502   0.119945003   0.000000000

   45    C          Up spin      Down spin     Sum           Diff
            multiple
  s           0    0.544026117  0.544026117   1.088052233   0.000000000
   sum over m      0.544026117  0.544026117   1.088052233   0.000000000
  s           1    0.014838909  0.014838909   0.029677818   0.000000000
   sum over m      0.014838909  0.014838909   0.029677818   0.000000000
   sum over m+mul  0.558865025  0.558865025   1.117730051   0.000000000
  px          0    0.420487656  0.420487656   0.840975313   0.000000000
  py          0    0.420545784  0.420545784   0.841091568   0.000000000
  pz          0    0.490433179  0.490433179   0.980866359   0.000000000
   sum over m      1.331466619  1.331466619   2.662933239   0.000000000
  px          1    0.029703353  0.029703353   0.059406705   0.000000000
  py          1    0.029762959  0.029762959   0.059525918   0.000000000
  pz          1   -0.009768175 -0.009768175  -0.019536350   0.000000000
   sum over m      0.049698137  0.049698137   0.099396274   0.000000000
   sum over m+mul  1.381164756  1.381164756   2.762329513   0.000000000
  d3z^2-r^2   0    0.002825682  0.002825682   0.005651365   0.000000000
  dx^2-y^2    0    0.018898832  0.018898832   0.037797663   0.000000000
  dxy         0    0.018897582  0.018897582   0.037795164   0.000000000
  dxz         0    0.009672862  0.009672862   0.019345724   0.000000000
  dyz         0    0.009672873  0.009672873   0.019345746   0.000000000
   sum over m      0.059967831  0.059967831   0.119935662   0.000000000
   sum over m+mul  0.059967831  0.059967831   0.119935662   0.000000000

   46    C          Up spin      Down spin     Sum           Diff
            multiple
  s           0    0.544034455  0.544034455   1.088068910   0.000000000
   sum over m      0.544034455  0.544034455   1.088068910   0.000000000
  s           1    0.014838906  0.014838906   0.029677813   0.000000000
   sum over m      0.014838906  0.014838906   0.029677813   0.000000000
   sum over m+mul  0.558873361  0.558873361   1.117746723   0.000000000
  px          0    0.420487813  0.420487813   0.840975626   0.000000000
  py          0    0.420570215  0.420570215   0.841140431   0.000000000
  pz          0    0.490425731  0.490425731   0.980851461   0.000000000
   sum over m      1.331483759  1.331483759   2.662967518   0.000000000
  px          1    0.029707879  0.029707879   0.059415758   0.000000000
  py          1    0.029760616  0.029760616   0.059521231   0.000000000
  pz          1   -0.009772033 -0.009772033  -0.019544066   0.000000000
   sum over m      0.049696462  0.049696462   0.099392923   0.000000000
   sum over m+mul  1.381180221  1.381180221   2.762360442   0.000000000
  d3z^2-r^2   0    0.002825563  0.002825563   0.005651125   0.000000000
  dx^2-y^2    0    0.018893640  0.018893640   0.037787280   0.000000000
  dxy         0    0.018897368  0.018897368   0.037794736   0.000000000
  dxz         0    0.009680152  0.009680152   0.019360305   0.000000000
  dyz         0    0.009676495  0.009676495   0.019352989   0.000000000
   sum over m      0.059973218  0.059973218   0.119946435   0.000000000
   sum over m+mul  0.059973218  0.059973218   0.119946435   0.000000000

   47    C          Up spin      Down spin     Sum           Diff
            multiple
  s           0    0.544167047  0.544167047   1.088334095   0.000000000
   sum over m      0.544167047  0.544167047   1.088334095   0.000000000
  s           1    0.014855180  0.014855180   0.029710361   0.000000000
   sum over m      0.014855180  0.014855180   0.029710361   0.000000000
   sum over m+mul  0.559022228  0.559022228   1.118044455   0.000000000
  px          0    0.420542669  0.420542669   0.841085338   0.000000000
  py          0    0.420612077  0.420612077   0.841224155   0.000000000
  pz          0    0.490533040  0.490533040   0.981066080   0.000000000
   sum over m      1.331687786  1.331687786   2.663375573   0.000000000
  px          1    0.029755767  0.029755767   0.059511535   0.000000000
  py          1    0.029710409  0.029710409   0.059420817   0.000000000
  pz          1   -0.009747171 -0.009747171  -0.019494343   0.000000000
   sum over m      0.049719005  0.049719005   0.099438009   0.000000000
   sum over m+mul  1.381406791  1.381406791   2.762813582   0.000000000
  d3z^2-r^2   0    0.002826807  0.002826807   0.005653615   0.000000000
  dx^2-y^2    0    0.018909206  0.018909206   0.037818412   0.000000000
  dxy         0    0.018877690  0.018877690   0.037755380   0.000000000
  dxz         0    0.009676204  0.009676204   0.019352408   0.000000000
  dyz         0    0.009675548  0.009675548   0.019351096   0.000000000
   sum over m      0.059965455  0.059965455   0.119930910   0.000000000
   sum over m+mul  0.059965455  0.059965455   0.119930910   0.000000000

   48    C          Up spin      Down spin     Sum           Diff
            multiple
  s           0    0.542341701  0.542341701   1.084683402   0.000000000
   sum over m      0.542341701  0.542341701   1.084683402   0.000000000
  s           1    0.015033344  0.015033344   0.030066688   0.000000000
   sum over m      0.015033344  0.015033344   0.030066688   0.000000000
   sum over m+mul  0.557375045  0.557375045   1.114750091   0.000000000
  px          0    0.420048815  0.420048815   0.840097630   0.000000000
  py          0    0.419868301  0.419868301   0.839736603   0.000000000
  pz          0    0.490437980  0.490437980   0.980875960   0.000000000
   sum over m      1.330355096  1.330355096   2.660710192   0.000000000
  px          1    0.030215116  0.030215116   0.060430233   0.000000000
  py          1    0.030061420  0.030061420   0.060122839   0.000000000
  pz          1   -0.009802903 -0.009802903  -0.019605805   0.000000000
   sum over m      0.050473633  0.050473633   0.100947267   0.000000000
   sum over m+mul  1.380828729  1.380828729   2.761657458   0.000000000
  d3z^2-r^2   0    0.002822682  0.002822682   0.005645363   0.000000000
  dx^2-y^2    0    0.019031974  0.019031974   0.038063947   0.000000000
  dxy         0    0.018996835  0.018996835   0.037993670   0.000000000
  dxz         0    0.009774445  0.009774445   0.019548890   0.000000000
  dyz         0    0.009745452  0.009745452   0.019490904   0.000000000
   sum over m      0.060371387  0.060371387   0.120742775   0.000000000
   sum over m+mul  0.060371387  0.060371387   0.120742775   0.000000000

   49    C          Up spin      Down spin     Sum           Diff
            multiple
  s           0    0.543999584  0.543999584   1.087999168   0.000000000
   sum over m      0.543999584  0.543999584   1.087999168   0.000000000
  s           1    0.014850721  0.014850721   0.029701443   0.000000000
   sum over m      0.014850721  0.014850721   0.029701443   0.000000000
   sum over m+mul  0.558850306  0.558850306   1.117700611   0.000000000
  px          0    0.420470843  0.420470843   0.840941686   0.000000000
  py          0    0.420549768  0.420549768   0.841099536   0.000000000
  pz          0    0.490417050  0.490417050   0.980834101   0.000000000
   sum over m      1.331437661  1.331437661   2.662875322   0.000000000
  px          1    0.029715954  0.029715954   0.059431907   0.000000000
  py          1    0.029768873  0.029768873   0.059537746   0.000000000
  pz          1   -0.009767377 -0.009767377  -0.019534753   0.000000000
   sum over m      0.049717450  0.049717450   0.099434900   0.000000000
   sum over m+mul  1.381155111  1.381155111   2.762310222   0.000000000
  d3z^2-r^2   0    0.002825507  0.002825507   0.005651014   0.000000000
  dx^2-y^2    0    0.018902989  0.018902989   0.037805979   0.000000000
  dxy         0    0.018897315  0.018897315   0.037794631   0.000000000
  dxz         0    0.009674925  0.009674925   0.019349850   0.000000000
  dyz         0    0.009676347  0.009676347   0.019352695   0.000000000
   sum over m      0.059977084  0.059977084   0.119954168   0.000000000
   sum over m+mul  0.059977084  0.059977084   0.119954168   0.000000000

   50    C          Up spin      Down spin     Sum           Diff
            multiple
  s           0    0.544034723  0.544034723   1.088069445   0.000000000
   sum over m      0.544034723  0.544034723   1.088069445   0.000000000
  s           1    0.014837170  0.014837170   0.029674340   0.000000000
   sum over m      0.014837170  0.014837170   0.029674340   0.000000000
   sum over m+mul  0.558871893  0.558871893   1.117743785   0.000000000
  px          0    0.420487640  0.420487640   0.840975279   0.000000000
  py          0    0.420560191  0.420560191   0.841120383   0.000000000
  pz          0    0.490425164  0.490425164   0.980850327   0.000000000
   sum over m      1.331472995  1.331472995   2.662945989   0.000000000
  px          1    0.029705163  0.029705163   0.059410326   0.000000000
  py          1    0.029753596  0.029753596   0.059507191   0.000000000
  pz          1   -0.009767991 -0.009767991  -0.019535982   0.000000000
   sum over m      0.049690768  0.049690768   0.099381536   0.000000000
   sum over m+mul  1.381163763  1.381163763   2.762327525   0.000000000
  d3z^2-r^2   0    0.002825741  0.002825741   0.005651482   0.000000000
  dx^2-y^2    0    0.018898424  0.018898424   0.037796847   0.000000000
  dxy         0    0.018901054  0.018901054   0.037802109   0.000000000
  dxz         0    0.009674157  0.009674157   0.019348314   0.000000000
  dyz         0    0.009673838  0.009673838   0.019347675   0.000000000
   sum over m      0.059973213  0.059973213   0.119946427   0.000000000
   sum over m+mul  0.059973213  0.059973213   0.119946427   0.000000000

   51    C          Up spin      Down spin     Sum           Diff
            multiple
  s           0    0.544057029  0.544057029   1.088114057   0.000000000
   sum over m      0.544057029  0.544057029   1.088114057   0.000000000
  s           1    0.014812606  0.014812606   0.029625211   0.000000000
   sum over m      0.014812606  0.014812606   0.029625211   0.000000000
   sum over m+mul  0.558869634  0.558869634   1.117739268   0.000000000
  px          0    0.420432647  0.420432647   0.840865294   0.000000000
  py          0    0.420544963  0.420544963   0.841089927   0.000000000
  pz          0    0.490613710  0.490613710   0.981227421   0.000000000
   sum over m      1.331591321  1.331591321   2.663182642   0.000000000
  px          1    0.029638194  0.029638194   0.059276388   0.000000000
  py          1    0.029729712  0.029729712   0.059459423   0.000000000
  pz          1   -0.009763945 -0.009763945  -0.019527889   0.000000000
   sum over m      0.049603961  0.049603961   0.099207922   0.000000000
   sum over m+mul  1.381195282  1.381195282   2.762390564   0.000000000
  d3z^2-r^2   0    0.002824054  0.002824054   0.005648109   0.000000000
  dx^2-y^2    0    0.018885314  0.018885314   0.037770627   0.000000000
  dxy         0    0.018900945  0.018900945   0.037801890   0.000000000
  dxz         0    0.009676297  0.009676297   0.019352595   0.000000000
  dyz         0    0.009671361  0.009671361   0.019342723   0.000000000
   sum over m      0.059957972  0.059957972   0.119915944   0.000000000
   sum over m+mul  0.059957972  0.059957972   0.119915944   0.000000000

   52    C          Up spin      Down spin     Sum           Diff
            multiple
  s           0    0.544043531  0.544043531   1.088087062   0.000000000
   sum over m      0.544043531  0.544043531   1.088087062   0.000000000
  s           1    0.014835457  0.014835457   0.029670914   0.000000000
   sum over m      0.014835457  0.014835457   0.029670914   0.000000000
   sum over m+mul  0.558878988  0.558878988   1.117757975   0.000000000
  px          0    0.420500418  0.420500418   0.841000836   0.000000000
  py          0    0.420522230  0.420522230   0.841044459   0.000000000
  pz          0    0.490438564  0.490438564   0.980877128   0.000000000
   sum over m      1.331461211  1.331461211   2.662922422   0.000000000
  px          1    0.029710063  0.029710063   0.059420127   0.000000000
  py          1    0.029743616  0.029743616   0.059487232   0.000000000
  pz          1   -0.009768475 -0.009768475  -0.019536951   0.000000000
   sum over m      0.049685204  0.049685204   0.099370408   0.000000000
   sum over m+mul  1.381146415  1.381146415   2.762292830   0.000000000
  d3z^2-r^2   0    0.002825843  0.002825843   0.005651685   0.000000000
  dx^2-y^2    0    0.018900946  0.018900946   0.037801893   0.000000000
  dxy         0    0.018888162  0.018888162   0.037776325   0.000000000
  dxz         0    0.009674187  0.009674187   0.019348375   0.000000000
  dyz         0    0.009682811  0.009682811   0.019365622   0.000000000
   sum over m      0.059971950  0.059971950   0.119943900   0.000000000
   sum over m+mul  0.059971950  0.059971950   0.119943900   0.000000000

   53    C          Up spin      Down spin     Sum           Diff
            multiple
  s           0    0.544026163  0.544026163   1.088052325   0.000000000
   sum over m      0.544026163  0.544026163   1.088052325   0.000000000
  s           1    0.014837479  0.014837479   0.029674957   0.000000000
   sum over m      0.014837479  0.014837479   0.029674957   0.000000000
   sum over m+mul  0.558863641  0.558863641   1.117727282   0.000000000
  px          0    0.420468980  0.420468980   0.840937960   0.000000000
  py          0    0.420558294  0.420558294   0.841116587   0.000000000
  pz          0    0.490444034  0.490444034   0.980888067   0.000000000
   sum over m      1.331471307  1.331471307   2.662942615   0.000000000
  px          1    0.029701570  0.029701570   0.059403140   0.000000000
  py          1    0.029760074  0.029760074   0.059520147   0.000000000
  pz          1   -0.009767982 -0.009767982  -0.019535963   0.000000000
   sum over m      0.049693662  0.049693662   0.099387324   0.000000000
   sum over m+mul  1.381164969  1.381164969   2.762329938   0.000000000
  d3z^2-r^2   0    0.002825631  0.002825631   0.005651262   0.000000000
  dx^2-y^2    0    0.018895535  0.018895535   0.037791070   0.000000000
  dxy         0    0.018899208  0.018899208   0.037798415   0.000000000
  dxz         0    0.009672943  0.009672943   0.019345886   0.000000000
  dyz         0    0.009675732  0.009675732   0.019351464   0.000000000
   sum over m      0.059969049  0.059969049   0.119938097   0.000000000
   sum over m+mul  0.059969049  0.059969049   0.119938097   0.000000000

   54    C          Up spin      Down spin     Sum           Diff
            multiple
  s           0    0.544028016  0.544028016   1.088056033   0.000000000
   sum over m      0.544028016  0.544028016   1.088056033   0.000000000
  s           1    0.014837886  0.014837886   0.029675773   0.000000000
   sum over m      0.014837886  0.014837886   0.029675773   0.000000000
   sum over m+mul  0.558865903  0.558865903   1.117731806   0.000000000
  px          0    0.420490097  0.420490097   0.840980195   0.000000000
  py          0    0.420551720  0.420551720   0.841103440   0.000000000
  pz          0    0.490426799  0.490426799   0.980853599   0.000000000
   sum over m      1.331468617  1.331468617   2.662937233   0.000000000
  px          1    0.029703047  0.029703047   0.059406094   0.000000000
  py          1    0.029758656  0.029758656   0.059517312   0.000000000
  pz          1   -0.009768609 -0.009768609  -0.019537218   0.000000000
   sum over m      0.049693094  0.049693094   0.099386188   0.000000000
   sum over m+mul  1.381161711  1.381161711   2.762323421   0.000000000
  d3z^2-r^2   0    0.002825656  0.002825656   0.005651312   0.000000000
  dx^2-y^2    0    0.018898318  0.018898318   0.037796636   0.000000000
  dxy         0    0.018897807  0.018897807   0.037795613   0.000000000
  dxz         0    0.009674075  0.009674075   0.019348150   0.000000000
  dyz         0    0.009676126  0.009676126   0.019352251   0.000000000
   sum over m      0.059971981  0.059971981   0.119943963   0.000000000
   sum over m+mul  0.059971981  0.059971981   0.119943963   0.000000000

   55    C          Up spin      Down spin     Sum           Diff
            multiple
  s           0    0.544030065  0.544030065   1.088060130   0.000000000
   sum over m      0.544030065  0.544030065   1.088060130   0.000000000
  s           1    0.014838183  0.014838183   0.029676366   0.000000000
   sum over m      0.014838183  0.014838183   0.029676366   0.000000000
   sum over m+mul  0.558868248  0.558868248   1.117736496   0.000000000
  px          0    0.420485740  0.420485740   0.840971479   0.000000000
  py          0    0.420559480  0.420559480   0.841118959   0.000000000
  pz          0    0.490418999  0.490418999   0.980837997   0.000000000
   sum over m      1.331464218  1.331464218   2.662928436   0.000000000
  px          1    0.029702698  0.029702698   0.059405396   0.000000000
  py          1    0.029760390  0.029760390   0.059520781   0.000000000
  pz          1   -0.009768832 -0.009768832  -0.019537665   0.000000000
   sum over m      0.049694256  0.049694256   0.099388512   0.000000000
   sum over m+mul  1.381158474  1.381158474   2.762316947   0.000000000
  d3z^2-r^2   0    0.002825642  0.002825642   0.005651283   0.000000000
  dx^2-y^2    0    0.018897569  0.018897569   0.037795137   0.000000000
  dxy         0    0.018899321  0.018899321   0.037798642   0.000000000
  dxz         0    0.009674111  0.009674111   0.019348221   0.000000000
  dyz         0    0.009675076  0.009675076   0.019350151   0.000000000
   sum over m      0.059971717  0.059971717   0.119943435   0.000000000
   sum over m+mul  0.059971717  0.059971717   0.119943435   0.000000000

   56    C          Up spin      Down spin     Sum           Diff
            multiple
  s           0    0.544029708  0.544029708   1.088059416   0.000000000
   sum over m      0.544029708  0.544029708   1.088059416   0.000000000
  s           1    0.014838233  0.014838233   0.029676466   0.000000000
   sum over m      0.014838233  0.014838233   0.029676466   0.000000000
   sum over m+mul  0.558867941  0.558867941   1.117735881   0.000000000
  px          0    0.420487451  0.420487451   0.840974902   0.000000000
  py          0    0.420557790  0.420557790   0.841115581   0.000000000
  pz          0    0.490418793  0.490418793   0.980837586   0.000000000
   sum over m      1.331464035  1.331464035   2.662928069   0.000000000
  px          1    0.029702771  0.029702771   0.059405542   0.000000000
  py          1    0.029760467  0.029760467   0.059520933   0.000000000
  pz          1   -0.009768556 -0.009768556  -0.019537111   0.000000000
   sum over m      0.049694682  0.049694682   0.099389364   0.000000000
   sum over m+mul  1.381158717  1.381158717   2.762317433   0.000000000
  d3z^2-r^2   0    0.002825645  0.002825645   0.005651291   0.000000000
  dx^2-y^2    0    0.018897862  0.018897862   0.037795724   0.000000000
  dxy         0    0.018899148  0.018899148   0.037798296   0.000000000
  dxz         0    0.009674011  0.009674011   0.019348022   0.000000000
  dyz         0    0.009674875  0.009674875   0.019349751   0.000000000
   sum over m      0.059971542  0.059971542   0.119943084   0.000000000
   sum over m+mul  0.059971542  0.059971542   0.119943084   0.000000000

   57    C          Up spin      Down spin     Sum           Diff
            multiple
  s           0    0.544029158  0.544029158   1.088058316   0.000000000
   sum over m      0.544029158  0.544029158   1.088058316   0.000000000
  s           1    0.014838293  0.014838293   0.029676587   0.000000000
   sum over m      0.014838293  0.014838293   0.029676587   0.000000000
   sum over m+mul  0.558867451  0.558867451   1.117734903   0.000000000
  px          0    0.420486717  0.420486717   0.840973435   0.000000000
  py          0    0.420558642  0.420558642   0.841117285   0.000000000
  pz          0    0.490421286  0.490421286   0.980842572   0.000000000
   sum over m      1.331466646  1.331466646   2.662933291   0.000000000
  px          1    0.029702714  0.029702714   0.059405427   0.000000000
  py          1    0.029760603  0.029760603   0.059521206   0.000000000
  pz          1   -0.009768839 -0.009768839  -0.019537679   0.000000000
   sum over m      0.049694477  0.049694477   0.099388955   0.000000000
   sum over m+mul  1.381161123  1.381161123   2.762322246   0.000000000
  d3z^2-r^2   0    0.002825646  0.002825646   0.005651293   0.000000000
  dx^2-y^2    0    0.018897788  0.018897788   0.037795576   0.000000000
  dxy         0    0.018899282  0.018899282   0.037798565   0.000000000
  dxz         0    0.009673496  0.009673496   0.019346993   0.000000000
  dyz         0    0.009674867  0.009674867   0.019349735   0.000000000
   sum over m      0.059971081  0.059971081   0.119942161   0.000000000
   sum over m+mul  0.059971081  0.059971081   0.119942161   0.000000000

   58    C          Up spin      Down spin     Sum           Diff
            multiple
  s           0    0.544028920  0.544028920   1.088057839   0.000000000
   sum over m      0.544028920  0.544028920   1.088057839   0.000000000
  s           1    0.014838296  0.014838296   0.029676592   0.000000000
   sum over m      0.014838296  0.014838296   0.029676592   0.000000000
   sum over m+mul  0.558867216  0.558867216   1.117734431   0.000000000
  px          0    0.420485929  0.420485929   0.840971858   0.000000000
  py          0    0.420559634  0.420559634   0.841119267   0.000000000
  pz          0    0.490421966  0.490421966   0.980843932   0.000000000
   sum over m      1.331467529  1.331467529   2.662935057   0.000000000
  px          1    0.029702783  0.029702783   0.059405567   0.000000000
  py          1    0.029760623  0.029760623   0.059521246   0.000000000
  pz          1   -0.009769087 -0.009769087  -0.019538173   0.000000000
   sum over m      0.049694320  0.049694320   0.099388640   0.000000000
   sum over m+mul  1.381161848  1.381161848   2.762323697   0.000000000
  d3z^2-r^2   0    0.002825650  0.002825650   0.005651299   0.000000000
  dx^2-y^2    0    0.018897664  0.018897664   0.037795328   0.000000000
  dxy         0    0.018899435  0.018899435   0.037798871   0.000000000
  dxz         0    0.009673761  0.009673761   0.019347523   0.000000000
  dyz         0    0.009675176  0.009675176   0.019350351   0.000000000
   sum over m      0.059971686  0.059971686   0.119943372   0.000000000
   sum over m+mul  0.059971686  0.059971686   0.119943372   0.000000000

   59    C          Up spin      Down spin     Sum           Diff
            multiple
  s           0    0.544028740  0.544028740   1.088057479   0.000000000
   sum over m      0.544028740  0.544028740   1.088057479   0.000000000
  s           1    0.014838247  0.014838247   0.029676495   0.000000000
   sum over m      0.014838247  0.014838247   0.029676495   0.000000000
   sum over m+mul  0.558866987  0.558866987   1.117733974   0.000000000
  px          0    0.420488727  0.420488727   0.840977454   0.000000000
  py          0    0.420558367  0.420558367   0.841116734   0.000000000
  pz          0    0.490420873  0.490420873   0.980841746   0.000000000
   sum over m      1.331467967  1.331467967   2.662935934   0.000000000
  px          1    0.029702439  0.029702439   0.059404878   0.000000000
  py          1    0.029760338  0.029760338   0.059520677   0.000000000
  pz          1   -0.009769216 -0.009769216  -0.019538433   0.000000000
   sum over m      0.049693561  0.049693561   0.099387122   0.000000000
   sum over m+mul  1.381161528  1.381161528   2.762323056   0.000000000
  d3z^2-r^2   0    0.002825656  0.002825656   0.005651311   0.000000000
  dx^2-y^2    0    0.018898071  0.018898071   0.037796143   0.000000000
  dxy         0    0.018899029  0.018899029   0.037798059   0.000000000
  dxz         0    0.009674006  0.009674006   0.019348012   0.000000000
  dyz         0    0.009675506  0.009675506   0.019351012   0.000000000
   sum over m      0.059972268  0.059972268   0.119944537   0.000000000
   sum over m+mul  0.059972268  0.059972268   0.119944537   0.000000000

   60    C          Up spin      Down spin     Sum           Diff
            multiple
  s           0    0.544026832  0.544026832   1.088053664   0.000000000
   sum over m      0.544026832  0.544026832   1.088053664   0.000000000
  s           1    0.014838730  0.014838730   0.029677460   0.000000000
   sum over m      0.014838730  0.014838730   0.029677460   0.000000000
   sum over m+mul  0.558865562  0.558865562   1.117731124   0.000000000
  px          0    0.420484649  0.420484649   0.840969299   0.000000000
  py          0    0.420557445  0.420557445   0.841114890   0.000000000
  pz          0    0.490433409  0.490433409   0.980866819   0.000000000
   sum over m      1.331475504  1.331475504   2.662951007   0.000000000
  px          1    0.029702986  0.029702986   0.059405972   0.000000000
  py          1    0.029760937  0.029760937   0.059521874   0.000000000
  pz          1   -0.009770484 -0.009770484  -0.019540967   0.000000000
   sum over m      0.049693439  0.049693439   0.099386878   0.000000000
   sum over m+mul  1.381168943  1.381168943   2.762337885   0.000000000
  d3z^2-r^2   0    0.002825684  0.002825684   0.005651367   0.000000000
  dx^2-y^2    0    0.018897954  0.018897954   0.037795908   0.000000000
  dxy         0    0.018899259  0.018899259   0.037798518   0.000000000
  dxz         0    0.009672876  0.009672876   0.019345751   0.000000000
  dyz         0    0.009675134  0.009675134   0.019350268   0.000000000
   sum over m      0.059970906  0.059970906   0.119941812   0.000000000
   sum over m+mul  0.059970906  0.059970906   0.119941812   0.000000000

   61    C          Up spin      Down spin     Sum           Diff
            multiple
  s           0    0.544029245  0.544029245   1.088058490   0.000000000
   sum over m      0.544029245  0.544029245   1.088058490   0.000000000
  s           1    0.014839210  0.014839210   0.029678420   0.000000000
   sum over m      0.014839210  0.014839210   0.029678420   0.000000000
   sum over m+mul  0.558868455  0.558868455   1.117736910   0.000000000
  px          0    0.420488682  0.420488682   0.840977364   0.000000000
  py          0    0.420569673  0.420569673   0.841139346   0.000000000
  pz          0    0.490423216  0.490423216   0.980846433   0.000000000
   sum over m      1.331481572  1.331481572   2.662963143   0.000000000
  px          1    0.029703390  0.029703390   0.059406780   0.000000000
  py          1    0.029763239  0.029763239   0.059526478   0.000000000
  pz          1   -0.009772401 -0.009772401  -0.019544801   0.000000000
   sum over m      0.049694229  0.049694229   0.099388457   0.000000000
   sum over m+mul  1.381175800  1.381175800   2.762351600   0.000000000
  d3z^2-r^2   0    0.002825617  0.002825617   0.005651235   0.000000000
  dx^2-y^2    0    0.018897239  0.018897239   0.037794477   0.000000000
  dxy         0    0.018900880  0.018900880   0.037801761   0.000000000
  dxz         0    0.009676106  0.009676106   0.019352213   0.000000000
  dyz         0    0.009676130  0.009676130   0.019352260   0.000000000
   sum over m      0.059975973  0.059975973   0.119951946   0.000000000
   sum over m+mul  0.059975973  0.059975973   0.119951946   0.000000000

   62    C          Up spin      Down spin     Sum           Diff
            multiple
  s           0    0.544019834  0.544019834   1.088039668   0.000000000
   sum over m      0.544019834  0.544019834   1.088039668   0.000000000
  s           1    0.014841566  0.014841566   0.029683131   0.000000000
   sum over m      0.014841566  0.014841566   0.029683131   0.000000000
   sum over m+mul  0.558861400  0.558861400   1.117722799   0.000000000
  px          0    0.420516125  0.420516125   0.841032250   0.000000000
  py          0    0.420566765  0.420566765   0.841133530   0.000000000
  pz          0    0.490407567  0.490407567   0.980815133   0.000000000
   sum over m      1.331490457  1.331490457   2.662980913   0.000000000
  px          1    0.029717930  0.029717930   0.059435860   0.000000000
  py          1    0.029762893  0.029762893   0.059525786   0.000000000
  pz          1   -0.009772430 -0.009772430  -0.019544860   0.000000000
   sum over m      0.049708393  0.049708393   0.099416786   0.000000000
   sum over m+mul  1.381198849  1.381198849   2.762397699   0.000000000
  d3z^2-r^2   0    0.002825358  0.002825358   0.005650716   0.000000000
  dx^2-y^2    0    0.018901858  0.018901858   0.037803715   0.000000000
  dxy         0    0.018897533  0.018897533   0.037795066   0.000000000
  dxz         0    0.009671530  0.009671530   0.019343060   0.000000000
  dyz         0    0.009676858  0.009676858   0.019353716   0.000000000
   sum over m      0.059973137  0.059973137   0.119946273   0.000000000
   sum over m+mul  0.059973137  0.059973137   0.119946273   0.000000000

   63    C          Up spin      Down spin     Sum           Diff
            multiple
  s           0    0.544145841  0.544145841   1.088291681   0.000000000
   sum over m      0.544145841  0.544145841   1.088291681   0.000000000
  s           1    0.014887472  0.014887472   0.029774944   0.000000000
   sum over m      0.014887472  0.014887472   0.029774944   0.000000000
   sum over m+mul  0.559033313  0.559033313   1.118066625   0.000000000
  px          0    0.420608421  0.420608421   0.841216842   0.000000000
  py          0    0.420596554  0.420596554   0.841193108   0.000000000
  pz          0    0.490337697  0.490337697   0.980675395   0.000000000
   sum over m      1.331542672  1.331542672   2.663085345   0.000000000
  px          1    0.029807889  0.029807889   0.059615778   0.000000000
  py          1    0.029738396  0.029738396   0.059476792   0.000000000
  pz          1   -0.009752482 -0.009752482  -0.019504964   0.000000000
   sum over m      0.049793803  0.049793803   0.099587607   0.000000000
   sum over m+mul  1.381336476  1.381336476   2.762672952   0.000000000
  d3z^2-r^2   0    0.002828565  0.002828565   0.005657129   0.000000000
  dx^2-y^2    0    0.018900066  0.018900066   0.037800132   0.000000000
  dxy         0    0.018902545  0.018902545   0.037805090   0.000000000
  dxz         0    0.009683647  0.009683647   0.019367294   0.000000000
  dyz         0    0.009669938  0.009669938   0.019339875   0.000000000
   sum over m      0.059984759  0.059984759   0.119969519   0.000000000
   sum over m+mul  0.059984759  0.059984759   0.119969519   0.000000000

   64    C          Up spin      Down spin     Sum           Diff
            multiple
  s           0    0.543971744  0.543971744   1.087943488   0.000000000
   sum over m      0.543971744  0.543971744   1.087943488   0.000000000
  s           1    0.014840461  0.014840461   0.029680923   0.000000000
   sum over m      0.014840461  0.014840461   0.029680923   0.000000000
   sum over m+mul  0.558812206  0.558812206   1.117624411   0.000000000
  px          0    0.420481474  0.420481474   0.840962948   0.000000000
  py          0    0.420558446  0.420558446   0.841116892   0.000000000
  pz          0    0.490495791  0.490495791   0.980991582   0.000000000
   sum over m      1.331535711  1.331535711   2.663071421   0.000000000
  px          1    0.029708516  0.029708516   0.059417032   0.000000000
  py          1    0.029758833  0.029758833   0.059517666   0.000000000
  pz          1   -0.009760689 -0.009760689  -0.019521378   0.000000000
   sum over m      0.049706660  0.049706660   0.099413320   0.000000000
   sum over m+mul  1.381242371  1.381242371   2.762484741   0.000000000
  d3z^2-r^2   0    0.002825588  0.002825588   0.005651177   0.000000000
  dx^2-y^2    0    0.018897680  0.018897680   0.037795359   0.000000000
  dxy         0    0.018895421  0.018895421   0.037790841   0.000000000
  dxz         0    0.009670616  0.009670616   0.019341232   0.000000000
  dyz         0    0.009667289  0.009667289   0.019334578   0.000000000
   sum over m      0.059956594  0.059956594   0.119913187   0.000000000
   sum over m+mul  0.059956594  0.059956594   0.119913187   0.000000000

   65    C          Up spin      Down spin     Sum           Diff
            multiple
  s           0    0.544008427  0.544008427   1.088016854   0.000000000
   sum over m      0.544008427  0.544008427   1.088016854   0.000000000
  s           1    0.014869840  0.014869840   0.029739681   0.000000000
   sum over m      0.014869840  0.014869840   0.029739681   0.000000000
   sum over m+mul  0.558878267  0.558878267   1.117756535   0.000000000
  px          0    0.420519795  0.420519795   0.841039590   0.000000000
  py          0    0.420573126  0.420573126   0.841146253   0.000000000
  pz          0    0.490225559  0.490225559   0.980451117   0.000000000
   sum over m      1.331318480  1.331318480   2.662636960   0.000000000
  px          1    0.029747391  0.029747391   0.059494781   0.000000000
  py          1    0.029794655  0.029794655   0.059589309   0.000000000
  pz          1   -0.009774348 -0.009774348  -0.019548696   0.000000000
   sum over m      0.049767697  0.049767697   0.099535395   0.000000000
   sum over m+mul  1.381086177  1.381086177   2.762172355   0.000000000
  d3z^2-r^2   0    0.002827382  0.002827382   0.005654765   0.000000000
  dx^2-y^2    0    0.018915037  0.018915037   0.037830074   0.000000000
  dxy         0    0.018897970  0.018897970   0.037795941   0.000000000
  dxz         0    0.009671789  0.009671789   0.019343577   0.000000000
  dyz         0    0.009678741  0.009678741   0.019357483   0.000000000
   sum over m      0.059990920  0.059990920   0.119981839   0.000000000
   sum over m+mul  0.059990920  0.059990920   0.119981839   0.000000000

   66    C          Up spin      Down spin     Sum           Diff
            multiple
  s           0    0.544015585  0.544015585   1.088031171   0.000000000
   sum over m      0.544015585  0.544015585   1.088031171   0.000000000
  s           1    0.014840896  0.014840896   0.029681792   0.000000000
   sum over m      0.014840896  0.014840896   0.029681792   0.000000000
   sum over m+mul  0.558856481  0.558856481   1.117712962   0.000000000
  px          0    0.420475064  0.420475064   0.840950128   0.000000000
  py          0    0.420596164  0.420596164   0.841192327   0.000000000
  pz          0    0.490401521  0.490401521   0.980803042   0.000000000
   sum over m      1.331472749  1.331472749   2.662945498   0.000000000
  px          1    0.029698086  0.029698086   0.059396172   0.000000000
  py          1    0.029777361  0.029777361   0.059554722   0.000000000
  pz          1   -0.009769323 -0.009769323  -0.019538646   0.000000000
   sum over m      0.049706124  0.049706124   0.099412247   0.000000000
   sum over m+mul  1.381178873  1.381178873   2.762357745   0.000000000
  d3z^2-r^2   0    0.002825437  0.002825437   0.005650874   0.000000000
  dx^2-y^2    0    0.018894557  0.018894557   0.037789115   0.000000000
  dxy         0    0.018910967  0.018910967   0.037821934   0.000000000
  dxz         0    0.009673488  0.009673488   0.019346977   0.000000000
  dyz         0    0.009667077  0.009667077   0.019334154   0.000000000
   sum over m      0.059971527  0.059971527   0.119943053   0.000000000
   sum over m+mul  0.059971527  0.059971527   0.119943053   0.000000000

   67    C          Up spin      Down spin     Sum           Diff
            multiple
  s           0    0.544029677  0.544029677   1.088059353   0.000000000
   sum over m      0.544029677  0.544029677   1.088059353   0.000000000
  s           1    0.014838278  0.014838278   0.029676556   0.000000000
   sum over m      0.014838278  0.014838278   0.029676556   0.000000000
   sum over m+mul  0.558867955  0.558867955   1.117735909   0.000000000
  px          0    0.420486955  0.420486955   0.840973909   0.000000000
  py          0    0.420559176  0.420559176   0.841118351   0.000000000
  pz          0    0.490419681  0.490419681   0.980839362   0.000000000
   sum over m      1.331465811  1.331465811   2.662931622   0.000000000
  px          1    0.029702660  0.029702660   0.059405320   0.000000000
  py          1    0.029760575  0.029760575   0.059521150   0.000000000
  pz          1   -0.009768888 -0.009768888  -0.019537775   0.000000000
   sum over m      0.049694347  0.049694347   0.099388695   0.000000000
   sum over m+mul  1.381160159  1.381160159   2.762320317   0.000000000
  d3z^2-r^2   0    0.002825644  0.002825644   0.005651287   0.000000000
  dx^2-y^2    0    0.018897727  0.018897727   0.037795453   0.000000000
  dxy         0    0.018899364  0.018899364   0.037798729   0.000000000
  dxz         0    0.009673845  0.009673845   0.019347690   0.000000000
  dyz         0    0.009674980  0.009674980   0.019349960   0.000000000
   sum over m      0.059971560  0.059971560   0.119943121   0.000000000
   sum over m+mul  0.059971560  0.059971560   0.119943121   0.000000000

   68    C          Up spin      Down spin     Sum           Diff
            multiple
  s           0    0.544029415  0.544029415   1.088058831   0.000000000
   sum over m      0.544029415  0.544029415   1.088058831   0.000000000
  s           1    0.014838284  0.014838284   0.029676567   0.000000000
   sum over m      0.014838284  0.014838284   0.029676567   0.000000000
   sum over m+mul  0.558867699  0.558867699   1.117735398   0.000000000
  px          0    0.420486876  0.420486876   0.840973751   0.000000000
  py          0    0.420559233  0.420559233   0.841118466   0.000000000
  pz          0    0.490420134  0.490420134   0.980840267   0.000000000
   sum over m      1.331466242  1.331466242   2.662932485   0.000000000
  px          1    0.029702728  0.029702728   0.059405456   0.000000000
  py          1    0.029760609  0.029760609   0.059521218   0.000000000
  pz          1   -0.009768892 -0.009768892  -0.019537784   0.000000000
   sum over m      0.049694445  0.049694445   0.099388890   0.000000000
   sum over m+mul  1.381160687  1.381160687   2.762321375   0.000000000
  d3z^2-r^2   0    0.002825647  0.002825647   0.005651294   0.000000000
  dx^2-y^2    0    0.018897751  0.018897751   0.037795502   0.000000000
  dxy         0    0.018899357  0.018899357   0.037798714   0.000000000
  dxz         0    0.009673847  0.009673847   0.019347694   0.000000000
  dyz         0    0.009674972  0.009674972   0.019349944   0.000000000
   sum over m      0.059971575  0.059971575   0.119943149   0.000000000
   sum over m+mul  0.059971575  0.059971575   0.119943149   0.000000000

   69    C          Up spin      Down spin     Sum           Diff
            multiple
  s           0    0.544025928  0.544025928   1.088051856   0.000000000
   sum over m      0.544025928  0.544025928   1.088051856   0.000000000
  s           1    0.014838149  0.014838149   0.029676298   0.000000000
   sum over m      0.014838149  0.014838149   0.029676298   0.000000000
   sum over m+mul  0.558864077  0.558864077   1.117728154   0.000000000
  px          0    0.420484904  0.420484904   0.840969807   0.000000000
  py          0    0.420558936  0.420558936   0.841117873   0.000000000
  pz          0    0.490429841  0.490429841   0.980859681   0.000000000
   sum over m      1.331473681  1.331473681   2.662947362   0.000000000
  px          1    0.029702214  0.029702214   0.059404428   0.000000000
  py          1    0.029760457  0.029760457   0.059520915   0.000000000
  pz          1   -0.009768879 -0.009768879  -0.019537759   0.000000000
   sum over m      0.049693792  0.049693792   0.099387584   0.000000000
   sum over m+mul  1.381167473  1.381167473   2.762334946   0.000000000
  d3z^2-r^2   0    0.002825677  0.002825677   0.005651354   0.000000000
  dx^2-y^2    0    0.018897530  0.018897530   0.037795060   0.000000000
  dxy         0    0.018899362  0.018899362   0.037798723   0.000000000
  dxz         0    0.009674135  0.009674135   0.019348270   0.000000000
  dyz         0    0.009675122  0.009675122   0.019350245   0.000000000
   sum over m      0.059971826  0.059971826   0.119943652   0.000000000
   sum over m+mul  0.059971826  0.059971826   0.119943652   0.000000000

   70    C          Up spin      Down spin     Sum           Diff
            multiple
  s           0    0.544029836  0.544029836   1.088059672   0.000000000
   sum over m      0.544029836  0.544029836   1.088059672   0.000000000
  s           1    0.014838326  0.014838326   0.029676653   0.000000000
   sum over m      0.014838326  0.014838326   0.029676653   0.000000000
   sum over m+mul  0.558868162  0.558868162   1.117736324   0.000000000
  px          0    0.420486615  0.420486615   0.840973231   0.000000000
  py          0    0.420560093  0.420560093   0.841120186   0.000000000
  pz          0    0.490418422  0.490418422   0.980836844   0.000000000
   sum over m      1.331465131  1.331465131   2.662930261   0.000000000
  px          1    0.029702690  0.029702690   0.059405380   0.000000000
  py          1    0.029760714  0.029760714   0.059521429   0.000000000
  pz          1   -0.009768861 -0.009768861  -0.019537721   0.000000000
   sum over m      0.049694544  0.049694544   0.099389088   0.000000000
   sum over m+mul  1.381159674  1.381159674   2.762319349   0.000000000
  d3z^2-r^2   0    0.002825645  0.002825645   0.005651290   0.000000000
  dx^2-y^2    0    0.018897656  0.018897656   0.037795311   0.000000000
  dxy         0    0.018899369  0.018899369   0.037798737   0.000000000
  dxz         0    0.009673773  0.009673773   0.019347546   0.000000000
  dyz         0    0.009675582  0.009675582   0.019351164   0.000000000
   sum over m      0.059972025  0.059972025   0.119944049   0.000000000
   sum over m+mul  0.059972025  0.059972025   0.119944049   0.000000000

   71    C          Up spin      Down spin     Sum           Diff
            multiple
  s           0    0.544029451  0.544029451   1.088058902   0.000000000
   sum over m      0.544029451  0.544029451   1.088058902   0.000000000
  s           1    0.014838279  0.014838279   0.029676559   0.000000000
   sum over m      0.014838279  0.014838279   0.029676559   0.000000000
   sum over m+mul  0.558867730  0.558867730   1.117735461   0.000000000
  px          0    0.420486872  0.420486872   0.840973744   0.000000000
  py          0    0.420559287  0.420559287   0.841118574   0.000000000
  pz          0    0.490420073  0.490420073   0.980840145   0.000000000
   sum over m      1.331466232  1.331466232   2.662932463   0.000000000
  px          1    0.029702731  0.029702731   0.059405463   0.000000000
  py          1    0.029760619  0.029760619   0.059521238   0.000000000
  pz          1   -0.009768905 -0.009768905  -0.019537809   0.000000000
   sum over m      0.049694446  0.049694446   0.099388892   0.000000000
   sum over m+mul  1.381160677  1.381160677   2.762321355   0.000000000
  d3z^2-r^2   0    0.002825647  0.002825647   0.005651294   0.000000000
  dx^2-y^2    0    0.018897746  0.018897746   0.037795491   0.000000000
  dxy         0    0.018899365  0.018899365   0.037798730   0.000000000
  dxz         0    0.009673848  0.009673848   0.019347696   0.000000000
  dyz         0    0.009674987  0.009674987   0.019349973   0.000000000
   sum over m      0.059971592  0.059971592   0.119943184   0.000000000
   sum over m+mul  0.059971592  0.059971592   0.119943184   0.000000000

   72    C          Up spin      Down spin     Sum           Diff
            multiple
  s           0    0.544029454  0.544029454   1.088058909   0.000000000
   sum over m      0.544029454  0.544029454   1.088058909   0.000000000
  s           1    0.014838278  0.014838278   0.029676557   0.000000000
   sum over m      0.014838278  0.014838278   0.029676557   0.000000000
   sum over m+mul  0.558867733  0.558867733   1.117735466   0.000000000
  px          0    0.420486881  0.420486881   0.840973762   0.000000000
  py          0    0.420559288  0.420559288   0.841118577   0.000000000
  pz          0    0.490420055  0.490420055   0.980840110   0.000000000
   sum over m      1.331466224  1.331466224   2.662932448   0.000000000
  px          1    0.029702732  0.029702732   0.059405465   0.000000000
  py          1    0.029760617  0.029760617   0.059521234   0.000000000
  pz          1   -0.009768904 -0.009768904  -0.019537809   0.000000000
   sum over m      0.049694445  0.049694445   0.099388890   0.000000000
   sum over m+mul  1.381160669  1.381160669   2.762321338   0.000000000
  d3z^2-r^2   0    0.002825647  0.002825647   0.005651294   0.000000000
  dx^2-y^2    0    0.018897746  0.018897746   0.037795493   0.000000000
  dxy         0    0.018899364  0.018899364   0.037798728   0.000000000
  dxz         0    0.009673851  0.009673851   0.019347701   0.000000000
  dyz         0    0.009674990  0.009674990   0.019349980   0.000000000
   sum over m      0.059971598  0.059971598   0.119943196   0.000000000
   sum over m+mul  0.059971598  0.059971598   0.119943196   0.000000000

   73    C          Up spin      Down spin     Sum           Diff
            multiple
  s           0    0.544031310  0.544031310   1.088062621   0.000000000
   sum over m      0.544031310  0.544031310   1.088062621   0.000000000
  s           1    0.014838208  0.014838208   0.029676417   0.000000000
   sum over m      0.014838208  0.014838208   0.029676417   0.000000000
   sum over m+mul  0.558869519  0.558869519   1.117739038   0.000000000
  px          0    0.420488437  0.420488437   0.840976875   0.000000000
  py          0    0.420560004  0.420560004   0.841120007   0.000000000
  pz          0    0.490413178  0.490413178   0.980826355   0.000000000
   sum over m      1.331461619  1.331461619   2.662923237   0.000000000
  px          1    0.029702890  0.029702890   0.059405781   0.000000000
  py          1    0.029760830  0.029760830   0.059521659   0.000000000
  pz          1   -0.009769122 -0.009769122  -0.019538243   0.000000000
   sum over m      0.049694598  0.049694598   0.099389197   0.000000000
   sum over m+mul  1.381156217  1.381156217   2.762312434   0.000000000
  d3z^2-r^2   0    0.002825647  0.002825647   0.005651293   0.000000000
  dx^2-y^2    0    0.018897916  0.018897916   0.037795832   0.000000000
  dxy         0    0.018899337  0.018899337   0.037798675   0.000000000
  dxz         0    0.009674184  0.009674184   0.019348368   0.000000000
  dyz         0    0.009675371  0.009675371   0.019350741   0.000000000
   sum over m      0.059972455  0.059972455   0.119944909   0.000000000
   sum over m+mul  0.059972455  0.059972455   0.119944909   0.000000000

   74    C          Up spin      Down spin     Sum           Diff
            multiple
  s           0    0.544028532  0.544028532   1.088057065   0.000000000
   sum over m      0.544028532  0.544028532   1.088057065   0.000000000
  s           1    0.014838248  0.014838248   0.029676496   0.000000000
   sum over m      0.014838248  0.014838248   0.029676496   0.000000000
   sum over m+mul  0.558866780  0.558866780   1.117733561   0.000000000
  px          0    0.420486919  0.420486919   0.840973838   0.000000000
  py          0    0.420558090  0.420558090   0.841116180   0.000000000
  pz          0    0.490423618  0.490423618   0.980847237   0.000000000
   sum over m      1.331468627  1.331468627   2.662937254   0.000000000
  px          1    0.029702676  0.029702676   0.059405352   0.000000000
  py          1    0.029760677  0.029760677   0.059521354   0.000000000
  pz          1   -0.009769128 -0.009769128  -0.019538256   0.000000000
   sum over m      0.049694225  0.049694225   0.099388450   0.000000000
   sum over m+mul  1.381162852  1.381162852   2.762325705   0.000000000
  d3z^2-r^2   0    0.002825652  0.002825652   0.005651303   0.000000000
  dx^2-y^2    0    0.018897892  0.018897892   0.037795784   0.000000000
  dxy         0    0.018899294  0.018899294   0.037798589   0.000000000
  dxz         0    0.009673680  0.009673680   0.019347359   0.000000000
  dyz         0    0.009674737  0.009674737   0.019349473   0.000000000
   sum over m      0.059971254  0.059971254   0.119942508   0.000000000
   sum over m+mul  0.059971254  0.059971254   0.119942508   0.000000000

   75    C          Up spin      Down spin     Sum           Diff
            multiple
  s           0    0.544032269  0.544032269   1.088064539   0.000000000
   sum over m      0.544032269  0.544032269   1.088064539   0.000000000
  s           1    0.014838389  0.014838389   0.029676777   0.000000000
   sum over m      0.014838389  0.014838389   0.029676777   0.000000000
   sum over m+mul  0.558870658  0.558870658   1.117741316   0.000000000
  px          0    0.420486952  0.420486952   0.840973904   0.000000000
  py          0    0.420562474  0.420562474   0.841124948   0.000000000
  pz          0    0.490411044  0.490411044   0.980822089   0.000000000
   sum over m      1.331460471  1.331460471   2.662920941   0.000000000
  px          1    0.029702352  0.029702352   0.059404703   0.000000000
  py          1    0.029761120  0.029761120   0.059522240   0.000000000
  pz          1   -0.009769239 -0.009769239  -0.019538479   0.000000000
   sum over m      0.049694232  0.049694232   0.099388465   0.000000000
   sum over m+mul  1.381154703  1.381154703   2.762309406   0.000000000
  d3z^2-r^2   0    0.002825625  0.002825625   0.005651250   0.000000000
  dx^2-y^2    0    0.018897465  0.018897465   0.037794930   0.000000000
  dxy         0    0.018899855  0.018899855   0.037799710   0.000000000
  dxz         0    0.009674320  0.009674320   0.019348640   0.000000000
  dyz         0    0.009674775  0.009674775   0.019349550   0.000000000
   sum over m      0.059972040  0.059972040   0.119944080   0.000000000
   sum over m+mul  0.059972040  0.059972040   0.119944080   0.000000000

   76    C          Up spin      Down spin     Sum           Diff
            multiple
  s           0    0.544030680  0.544030680   1.088061359   0.000000000
   sum over m      0.544030680  0.544030680   1.088061359   0.000000000
  s           1    0.014838677  0.014838677   0.029677354   0.000000000
   sum over m      0.014838677  0.014838677   0.029677354   0.000000000
   sum over m+mul  0.558869356  0.558869356   1.117738713   0.000000000
  px          0    0.420491657  0.420491657   0.840983314   0.000000000
  py          0    0.420558360  0.420558360   0.841116719   0.000000000
  pz          0    0.490414220  0.490414220   0.980828439   0.000000000
   sum over m      1.331464236  1.331464236   2.662928473   0.000000000
  px          1    0.029704829  0.029704829   0.059409658   0.000000000
  py          1    0.029759987  0.029759987   0.059519974   0.000000000
  pz          1   -0.009768517 -0.009768517  -0.019537033   0.000000000
   sum over m      0.049696300  0.049696300   0.099392599   0.000000000
   sum over m+mul  1.381160536  1.381160536   2.762321072   0.000000000
  d3z^2-r^2   0    0.002825643  0.002825643   0.005651286   0.000000000
  dx^2-y^2    0    0.018898320  0.018898320   0.037796639   0.000000000
  dxy         0    0.018899241  0.018899241   0.037798481   0.000000000
  dxz         0    0.009674195  0.009674195   0.019348389   0.000000000
  dyz         0    0.009674711  0.009674711   0.019349423   0.000000000
   sum over m      0.059972109  0.059972109   0.119944219   0.000000000
   sum over m+mul  0.059972109  0.059972109   0.119944219   0.000000000

   77    C          Up spin      Down spin     Sum           Diff
            multiple
  s           0    0.544029511  0.544029511   1.088059023   0.000000000
   sum over m      0.544029511  0.544029511   1.088059023   0.000000000
  s           1    0.014839453  0.014839453   0.029678906   0.000000000
   sum over m      0.014839453  0.014839453   0.029678906   0.000000000
   sum over m+mul  0.558868965  0.558868965   1.117737929   0.000000000
  px          0    0.420492831  0.420492831   0.840985662   0.000000000
  py          0    0.420559944  0.420559944   0.841119888   0.000000000
  pz          0    0.490409050  0.490409050   0.980818099   0.000000000
   sum over m      1.331461825  1.331461825   2.662923650   0.000000000
  px          1    0.029710302  0.029710302   0.059420604   0.000000000
  py          1    0.029759397  0.029759397   0.059518794   0.000000000
  pz          1   -0.009769085 -0.009769085  -0.019538170   0.000000000
   sum over m      0.049700614  0.049700614   0.099401229   0.000000000
   sum over m+mul  1.381162439  1.381162439   2.762324878   0.000000000
  d3z^2-r^2   0    0.002825715  0.002825715   0.005651430   0.000000000
  dx^2-y^2    0    0.018899044  0.018899044   0.037798087   0.000000000
  dxy         0    0.018899772  0.018899772   0.037799544   0.000000000
  dxz         0    0.009672272  0.009672272   0.019344544   0.000000000
  dyz         0    0.009673674  0.009673674   0.019347347   0.000000000
   sum over m      0.059970476  0.059970476   0.119940953   0.000000000
   sum over m+mul  0.059970476  0.059970476   0.119940953   0.000000000

   78    C          Up spin      Down spin     Sum           Diff
            multiple
  s           0    0.544030170  0.544030170   1.088060341   0.000000000
   sum over m      0.544030170  0.544030170   1.088060341   0.000000000
  s           1    0.014838495  0.014838495   0.029676989   0.000000000
   sum over m      0.014838495  0.014838495   0.029676989   0.000000000
   sum over m+mul  0.558868665  0.558868665   1.117737330   0.000000000
  px          0    0.420483675  0.420483675   0.840967351   0.000000000
  py          0    0.420558124  0.420558124   0.841116248   0.000000000
  pz          0    0.490421530  0.490421530   0.980843060   0.000000000
   sum over m      1.331463329  1.331463329   2.662926658   0.000000000
  px          1    0.029702632  0.029702632   0.059405264   0.000000000
  py          1    0.029760057  0.029760057   0.059520114   0.000000000
  pz          1   -0.009767247 -0.009767247  -0.019534495   0.000000000
   sum over m      0.049695442  0.049695442   0.099390883   0.000000000
   sum over m+mul  1.381158771  1.381158771   2.762317542   0.000000000
  d3z^2-r^2   0    0.002825620  0.002825620   0.005651240   0.000000000
  dx^2-y^2    0    0.018897576  0.018897576   0.037795152   0.000000000
  dxy         0    0.018899281  0.018899281   0.037798562   0.000000000
  dxz         0    0.009672917  0.009672917   0.019345835   0.000000000
  dyz         0    0.009674472  0.009674472   0.019348943   0.000000000
   sum over m      0.059969866  0.059969866   0.119939732   0.000000000
   sum over m+mul  0.059969866  0.059969866   0.119939732   0.000000000

   79    C          Up spin      Down spin     Sum           Diff
            multiple
  s           0    0.544034170  0.544034170   1.088068340   0.000000000
   sum over m      0.544034170  0.544034170   1.088068340   0.000000000
  s           1    0.014839827  0.014839827   0.029679654   0.000000000
   sum over m      0.014839827  0.014839827   0.029679654   0.000000000
   sum over m+mul  0.558873997  0.558873997   1.117747994   0.000000000
  px          0    0.420502330  0.420502330   0.841004660   0.000000000
  py          0    0.420568626  0.420568626   0.841137251   0.000000000
  pz          0    0.490405861  0.490405861   0.980811722   0.000000000
   sum over m      1.331476817  1.331476817   2.662953634   0.000000000
  px          1    0.029702466  0.029702466   0.059404932   0.000000000
  py          1    0.029761070  0.029761070   0.059522140   0.000000000
  pz          1   -0.009768322 -0.009768322  -0.019536645   0.000000000
   sum over m      0.049695214  0.049695214   0.099390427   0.000000000
   sum over m+mul  1.381172030  1.381172030   2.762344061   0.000000000
  d3z^2-r^2   0    0.002825689  0.002825689   0.005651379   0.000000000
  dx^2-y^2    0    0.018897026  0.018897026   0.037794053   0.000000000
  dxy         0    0.018900095  0.018900095   0.037800189   0.000000000
  dxz         0    0.009674574  0.009674574   0.019349148   0.000000000
  dyz         0    0.009676752  0.009676752   0.019353504   0.000000000
   sum over m      0.059974136  0.059974136   0.119948272   0.000000000
   sum over m+mul  0.059974136  0.059974136   0.119948272   0.000000000

   80    C          Up spin      Down spin     Sum           Diff
            multiple
  s           0    0.544023058  0.544023058   1.088046117   0.000000000
   sum over m      0.544023058  0.544023058   1.088046117   0.000000000
  s           1    0.014838596  0.014838596   0.029677193   0.000000000
   sum over m      0.014838596  0.014838596   0.029677193   0.000000000
   sum over m+mul  0.558861655  0.558861655   1.117723309   0.000000000
  px          0    0.420484443  0.420484443   0.840968887   0.000000000
  py          0    0.420555547  0.420555547   0.841111095   0.000000000
  pz          0    0.490443836  0.490443836   0.980887671   0.000000000
   sum over m      1.331483826  1.331483826   2.662967653   0.000000000
  px          1    0.029702239  0.029702239   0.059404479   0.000000000
  py          1    0.029759473  0.029759473   0.059518946   0.000000000
  pz          1   -0.009768574 -0.009768574  -0.019537148   0.000000000
   sum over m      0.049693138  0.049693138   0.099386276   0.000000000
   sum over m+mul  1.381176964  1.381176964   2.762353929   0.000000000
  d3z^2-r^2   0    0.002825640  0.002825640   0.005651279   0.000000000
  dx^2-y^2    0    0.018897738  0.018897738   0.037795476   0.000000000
  dxy         0    0.018898964  0.018898964   0.037797928   0.000000000
  dxz         0    0.009673397  0.009673397   0.019346795   0.000000000
  dyz         0    0.009674783  0.009674783   0.019349566   0.000000000
   sum over m      0.059970523  0.059970523   0.119941045   0.000000000
   sum over m+mul  0.059970523  0.059970523   0.119941045   0.000000000

   81    C          Up spin      Down spin     Sum           Diff
            multiple
  s           0    0.544032827  0.544032827   1.088065655   0.000000000
   sum over m      0.544032827  0.544032827   1.088065655   0.000000000
  s           1    0.014838813  0.014838813   0.029677625   0.000000000
   sum over m      0.014838813  0.014838813   0.029677625   0.000000000
   sum over m+mul  0.558871640  0.558871640   1.117743280   0.000000000
  px          0    0.420504811  0.420504811   0.841009622   0.000000000
  py          0    0.420560728  0.420560728   0.841121457   0.000000000
  pz          0    0.490396133  0.490396133   0.980792266   0.000000000
   sum over m      1.331461673  1.331461673   2.662923346   0.000000000
  px          1    0.029703825  0.029703825   0.059407650   0.000000000
  py          1    0.029762899  0.029762899   0.059525798   0.000000000
  pz          1   -0.009769830 -0.009769830  -0.019539660   0.000000000
   sum over m      0.049696894  0.049696894   0.099393788   0.000000000
   sum over m+mul  1.381158567  1.381158567   2.762317133   0.000000000
  d3z^2-r^2   0    0.002825681  0.002825681   0.005651362   0.000000000
  dx^2-y^2    0    0.018899951  0.018899951   0.037799902   0.000000000
  dxy         0    0.018899546  0.018899546   0.037799092   0.000000000
  dxz         0    0.009674796  0.009674796   0.019349591   0.000000000
  dyz         0    0.009674253  0.009674253   0.019348506   0.000000000
   sum over m      0.059974227  0.059974227   0.119948454   0.000000000
   sum over m+mul  0.059974227  0.059974227   0.119948454   0.000000000

   82    C          Up spin      Down spin     Sum           Diff
            multiple
  s           0    0.544030899  0.544030899   1.088061798   0.000000000
   sum over m      0.544030899  0.544030899   1.088061798   0.000000000
  s           1    0.014838673  0.014838673   0.029677346   0.000000000
   sum over m      0.014838673  0.014838673   0.029677346   0.000000000
   sum over m+mul  0.558869572  0.558869572   1.117739144   0.000000000
  px          0    0.420483620  0.420483620   0.840967240   0.000000000
  py          0    0.420566865  0.420566865   0.841133731   0.000000000
  pz          0    0.490413377  0.490413377   0.980826755   0.000000000
   sum over m      1.331463863  1.331463863   2.662927725   0.000000000
  px          1    0.029702414  0.029702414   0.059404827   0.000000000
  py          1    0.029762620  0.029762620   0.059525240   0.000000000
  pz          1   -0.009769210 -0.009769210  -0.019538421   0.000000000
   sum over m      0.049695823  0.049695823   0.099391646   0.000000000
   sum over m+mul  1.381159686  1.381159686   2.762319371   0.000000000
  d3z^2-r^2   0    0.002825638  0.002825638   0.005651277   0.000000000
  dx^2-y^2    0    0.018897170  0.018897170   0.037794339   0.000000000
  dxy         0    0.018900931  0.018900931   0.037801861   0.000000000
  dxz         0    0.009673614  0.009673614   0.019347228   0.000000000
  dyz         0    0.009673850  0.009673850   0.019347699   0.000000000
   sum over m      0.059971202  0.059971202   0.119942404   0.000000000
   sum over m+mul  0.059971202  0.059971202   0.119942404   0.000000000

   83    C          Up spin      Down spin     Sum           Diff
            multiple
  s           0    0.544033000  0.544033000   1.088066001   0.000000000
   sum over m      0.544033000  0.544033000   1.088066001   0.000000000
  s           1    0.014838414  0.014838414   0.029676829   0.000000000
   sum over m      0.014838414  0.014838414   0.029676829   0.000000000
   sum over m+mul  0.558871415  0.558871415   1.117742829   0.000000000
  px          0    0.420488873  0.420488873   0.840977746   0.000000000
  py          0    0.420559648  0.420559648   0.841119296   0.000000000
  pz          0    0.490410189  0.490410189   0.980820379   0.000000000
   sum over m      1.331458710  1.331458710   2.662917421   0.000000000
  px          1    0.029703247  0.029703247   0.059406494   0.000000000
  py          1    0.029760786  0.029760786   0.059521572   0.000000000
  pz          1   -0.009768928 -0.009768928  -0.019537855   0.000000000
   sum over m      0.049695105  0.049695105   0.099390211   0.000000000
   sum over m+mul  1.381153816  1.381153816   2.762307631   0.000000000
  d3z^2-r^2   0    0.002825616  0.002825616   0.005651233   0.000000000
  dx^2-y^2    0    0.018897962  0.018897962   0.037795923   0.000000000
  dxy         0    0.018899368  0.018899368   0.037798737   0.000000000
  dxz         0    0.009673573  0.009673573   0.019347146   0.000000000
  dyz         0    0.009674853  0.009674853   0.019349707   0.000000000
   sum over m      0.059971373  0.059971373   0.119942745   0.000000000
   sum over m+mul  0.059971373  0.059971373   0.119942745   0.000000000

   84    C          Up spin      Down spin     Sum           Diff
            multiple
  s           0    0.544029065  0.544029065   1.088058131   0.000000000
   sum over m      0.544029065  0.544029065   1.088058131   0.000000000
  s           1    0.014838230  0.014838230   0.029676461   0.000000000
   sum over m      0.014838230  0.014838230   0.029676461   0.000000000
   sum over m+mul  0.558867296  0.558867296   1.117734591   0.000000000
  px          0    0.420487134  0.420487134   0.840974268   0.000000000
  py          0    0.420558472  0.420558472   0.841116944   0.000000000
  pz          0    0.490421726  0.490421726   0.980843453   0.000000000
   sum over m      1.331467332  1.331467332   2.662934665   0.000000000
  px          1    0.029702774  0.029702774   0.059405548   0.000000000
  py          1    0.029760522  0.029760522   0.059521044   0.000000000
  pz          1   -0.009768947 -0.009768947  -0.019537894   0.000000000
   sum over m      0.049694349  0.049694349   0.099388698   0.000000000
   sum over m+mul  1.381161681  1.381161681   2.762323362   0.000000000
  d3z^2-r^2   0    0.002825649  0.002825649   0.005651297   0.000000000
  dx^2-y^2    0    0.018897837  0.018897837   0.037795674   0.000000000
  dxy         0    0.018899360  0.018899360   0.037798720   0.000000000
  dxz         0    0.009673922  0.009673922   0.019347844   0.000000000
  dyz         0    0.009674392  0.009674392   0.019348784   0.000000000
   sum over m      0.059971160  0.059971160   0.119942320   0.000000000
   sum over m+mul  0.059971160  0.059971160   0.119942320   0.000000000

   85    C          Up spin      Down spin     Sum           Diff
            multiple
  s           0    0.544029744  0.544029744   1.088059488   0.000000000
   sum over m      0.544029744  0.544029744   1.088059488   0.000000000
  s           1    0.014838264  0.014838264   0.029676527   0.000000000
   sum over m      0.014838264  0.014838264   0.029676527   0.000000000
   sum over m+mul  0.558868008  0.558868008   1.117736015   0.000000000
  px          0    0.420487023  0.420487023   0.840974047   0.000000000
  py          0    0.420559943  0.420559943   0.841119887   0.000000000
  pz          0    0.490418842  0.490418842   0.980837684   0.000000000
   sum over m      1.331465809  1.331465809   2.662931617   0.000000000
  px          1    0.029702751  0.029702751   0.059405501   0.000000000
  py          1    0.029760630  0.029760630   0.059521261   0.000000000
  pz          1   -0.009768972 -0.009768972  -0.019537944   0.000000000
   sum over m      0.049694409  0.049694409   0.099388819   0.000000000
   sum over m+mul  1.381160218  1.381160218   2.762320436   0.000000000
  d3z^2-r^2   0    0.002825647  0.002825647   0.005651295   0.000000000
  dx^2-y^2    0    0.018897702  0.018897702   0.037795405   0.000000000
  dxy         0    0.018899449  0.018899449   0.037798897   0.000000000
  dxz         0    0.009674203  0.009674203   0.019348405   0.000000000
  dyz         0    0.009675111  0.009675111   0.019350223   0.000000000
   sum over m      0.059972112  0.059972112   0.119944225   0.000000000
   sum over m+mul  0.059972112  0.059972112   0.119944225   0.000000000

   86    C          Up spin      Down spin     Sum           Diff
            multiple
  s           0    0.544029992  0.544029992   1.088059985   0.000000000
   sum over m      0.544029992  0.544029992   1.088059985   0.000000000
  s           1    0.014838262  0.014838262   0.029676523   0.000000000
   sum over m      0.014838262  0.014838262   0.029676523   0.000000000
   sum over m+mul  0.558868254  0.558868254   1.117736508   0.000000000
  px          0    0.420487831  0.420487831   0.840975661   0.000000000
  py          0    0.420558954  0.420558954   0.841117907   0.000000000
  pz          0    0.490418155  0.490418155   0.980836310   0.000000000
   sum over m      1.331464940  1.331464940   2.662929879   0.000000000
  px          1    0.029702683  0.029702683   0.059405365   0.000000000
  py          1    0.029760609  0.029760609   0.059521218   0.000000000
  pz          1   -0.009768727 -0.009768727  -0.019537454   0.000000000
   sum over m      0.049694564  0.049694564   0.099389129   0.000000000
   sum over m+mul  1.381159504  1.381159504   2.762319008   0.000000000
  d3z^2-r^2   0    0.002825644  0.002825644   0.005651288   0.000000000
  dx^2-y^2    0    0.018897826  0.018897826   0.037795652   0.000000000
  dxy         0    0.018899294  0.018899294   0.037798588   0.000000000
  dxz         0    0.009673944  0.009673944   0.019347888   0.000000000
  dyz         0    0.009674804  0.009674804   0.019349607   0.000000000
   sum over m      0.059971512  0.059971512   0.119943024   0.000000000
   sum over m+mul  0.059971512  0.059971512   0.119943024   0.000000000

   87    C          Up spin      Down spin     Sum           Diff
            multiple
  s           0    0.544027576  0.544027576   1.088055152   0.000000000
   sum over m      0.544027576  0.544027576   1.088055152   0.000000000
  s           1    0.014838350  0.014838350   0.029676701   0.000000000
   sum over m      0.014838350  0.014838350   0.029676701   0.000000000
   sum over m+mul  0.558865926  0.558865926   1.117731852   0.000000000
  px          0    0.420485296  0.420485296   0.840970592   0.000000000
  py          0    0.420558580  0.420558580   0.841117160   0.000000000
  pz          0    0.490427004  0.490427004   0.980854009   0.000000000
   sum over m      1.331470881  1.331470881   2.662941761   0.000000000
  px          1    0.029702576  0.029702576   0.059405152   0.000000000
  py          1    0.029760404  0.029760404   0.059520808   0.000000000
  pz          1   -0.009768695 -0.009768695  -0.019537390   0.000000000
   sum over m      0.049694285  0.049694285   0.099388570   0.000000000
   sum over m+mul  1.381165166  1.381165166   2.762330331   0.000000000
  d3z^2-r^2   0    0.002825647  0.002825647   0.005651295   0.000000000
  dx^2-y^2    0    0.018897574  0.018897574   0.037795148   0.000000000
  dxy         0    0.018899394  0.018899394   0.037798787   0.000000000
  dxz         0    0.009673512  0.009673512   0.019347023   0.000000000
  dyz         0    0.009674609  0.009674609   0.019349217   0.000000000
   sum over m      0.059970736  0.059970736   0.119941471   0.000000000
   sum over m+mul  0.059970736  0.059970736   0.119941471   0.000000000

   88    C          Up spin      Down spin     Sum           Diff
            multiple
  s           0    0.544030374  0.544030374   1.088060748   0.000000000
   sum over m      0.544030374  0.544030374   1.088060748   0.000000000
  s           1    0.014838309  0.014838309   0.029676619   0.000000000
   sum over m      0.014838309  0.014838309   0.029676619   0.000000000
   sum over m+mul  0.558868683  0.558868683   1.117737367   0.000000000
  px          0    0.420486846  0.420486846   0.840973693   0.000000000
  py          0    0.420560489  0.420560489   0.841120978   0.000000000
  pz          0    0.490416499  0.490416499   0.980832999   0.000000000
   sum over m      1.331463835  1.331463835   2.662927670   0.000000000
  px          1    0.029702787  0.029702787   0.059405574   0.000000000
  py          1    0.029760559  0.029760559   0.059521118   0.000000000
  pz          1   -0.009768682 -0.009768682  -0.019537364   0.000000000
   sum over m      0.049694664  0.049694664   0.099389327   0.000000000
   sum over m+mul  1.381158498  1.381158498   2.762316997   0.000000000
  d3z^2-r^2   0    0.002825642  0.002825642   0.005651285   0.000000000
  dx^2-y^2    0    0.018897601  0.018897601   0.037795201   0.000000000
  dxy         0    0.018899434  0.018899434   0.037798868   0.000000000
  dxz         0    0.009674020  0.009674020   0.019348041   0.000000000
  dyz         0    0.009675247  0.009675247   0.019350495   0.000000000
   sum over m      0.059971945  0.059971945   0.119943889   0.000000000
   sum over m+mul  0.059971945  0.059971945   0.119943889   0.000000000

   89    C          Up spin      Down spin     Sum           Diff
            multiple
  s           0    0.544029448  0.544029448   1.088058895   0.000000000
   sum over m      0.544029448  0.544029448   1.088058895   0.000000000
  s           1    0.014838279  0.014838279   0.029676558   0.000000000
   sum over m      0.014838279  0.014838279   0.029676558   0.000000000
   sum over m+mul  0.558867727  0.558867727   1.117735453   0.000000000
  px          0    0.420486861  0.420486861   0.840973723   0.000000000
  py          0    0.420559297  0.420559297   0.841118594   0.000000000
  pz          0    0.490420080  0.490420080   0.980840161   0.000000000
   sum over m      1.331466239  1.331466239   2.662932477   0.000000000
  px          1    0.029702731  0.029702731   0.059405462   0.000000000
  py          1    0.029760617  0.029760617   0.059521234   0.000000000
  pz          1   -0.009768905 -0.009768905  -0.019537810   0.000000000
   sum over m      0.049694443  0.049694443   0.099388886   0.000000000
   sum over m+mul  1.381160682  1.381160682   2.762321364   0.000000000
  d3z^2-r^2   0    0.002825647  0.002825647   0.005651294   0.000000000
  dx^2-y^2    0    0.018897744  0.018897744   0.037795489   0.000000000
  dxy         0    0.018899366  0.018899366   0.037798732   0.000000000
  dxz         0    0.009673845  0.009673845   0.019347690   0.000000000
  dyz         0    0.009674988  0.009674988   0.019349977   0.000000000
   sum over m      0.059971591  0.059971591   0.119943181   0.000000000
   sum over m+mul  0.059971591  0.059971591   0.119943181   0.000000000

   90    C          Up spin      Down spin     Sum           Diff
            multiple
  s           0    0.544029450  0.544029450   1.088058900   0.000000000
   sum over m      0.544029450  0.544029450   1.088058900   0.000000000
  s           1    0.014838278  0.014838278   0.029676556   0.000000000
   sum over m      0.014838278  0.014838278   0.029676556   0.000000000
   sum over m+mul  0.558867728  0.558867728   1.117735456   0.000000000
  px          0    0.420486878  0.420486878   0.840973755   0.000000000
  py          0    0.420559288  0.420559288   0.841118575   0.000000000
  pz          0    0.490420054  0.490420054   0.980840108   0.000000000
   sum over m      1.331466219  1.331466219   2.662932438   0.000000000
  px          1    0.029702740  0.029702740   0.059405481   0.000000000
  py          1    0.029760615  0.029760615   0.059521230   0.000000000
  pz          1   -0.009768901 -0.009768901  -0.019537803   0.000000000
   sum over m      0.049694454  0.049694454   0.099388908   0.000000000
   sum over m+mul  1.381160673  1.381160673   2.762321347   0.000000000
  d3z^2-r^2   0    0.002825647  0.002825647   0.005651294   0.000000000
  dx^2-y^2    0    0.018897745  0.018897745   0.037795489   0.000000000
  dxy         0    0.018899365  0.018899365   0.037798731   0.000000000
  dxz         0    0.009673847  0.009673847   0.019347693   0.000000000
  dyz         0    0.009674990  0.009674990   0.019349979   0.000000000
   sum over m      0.059971593  0.059971593   0.119943186   0.000000000
   sum over m+mul  0.059971593  0.059971593   0.119943186   0.000000000

   91    C          Up spin      Down spin     Sum           Diff
            multiple
  s           0    0.544028838  0.544028838   1.088057677   0.000000000
   sum over m      0.544028838  0.544028838   1.088057677   0.000000000
  s           1    0.014838375  0.014838375   0.029676749   0.000000000
   sum over m      0.014838375  0.014838375   0.029676749   0.000000000
   sum over m+mul  0.558867213  0.558867213   1.117734426   0.000000000
  px          0    0.420486558  0.420486558   0.840973115   0.000000000
  py          0    0.420559290  0.420559290   0.841118580   0.000000000
  pz          0    0.490422700  0.490422700   0.980845400   0.000000000
   sum over m      1.331468548  1.331468548   2.662937095   0.000000000
  px          1    0.029703240  0.029703240   0.059406480   0.000000000
  py          1    0.029760462  0.029760462   0.059520925   0.000000000
  pz          1   -0.009769156 -0.009769156  -0.019538312   0.000000000
   sum over m      0.049694546  0.049694546   0.099389093   0.000000000
   sum over m+mul  1.381163094  1.381163094   2.762326188   0.000000000
  d3z^2-r^2   0    0.002825655  0.002825655   0.005651310   0.000000000
  dx^2-y^2    0    0.018897849  0.018897849   0.037795698   0.000000000
  dxy         0    0.018899363  0.018899363   0.037798725   0.000000000
  dxz         0    0.009673605  0.009673605   0.019347210   0.000000000
  dyz         0    0.009674886  0.009674886   0.019349773   0.000000000
   sum over m      0.059971358  0.059971358   0.119942716   0.000000000
   sum over m+mul  0.059971358  0.059971358   0.119942716   0.000000000

   92    C          Up spin      Down spin     Sum           Diff
            multiple
  s           0    0.544029983  0.544029983   1.088059966   0.000000000
   sum over m      0.544029983  0.544029983   1.088059966   0.000000000
  s           1    0.014838242  0.014838242   0.029676485   0.000000000
   sum over m      0.014838242  0.014838242   0.029676485   0.000000000
   sum over m+mul  0.558868226  0.558868226   1.117736451   0.000000000
  px          0    0.420487287  0.420487287   0.840974574   0.000000000
  py          0    0.420559272  0.420559272   0.841118545   0.000000000
  pz          0    0.490418532  0.490418532   0.980837065   0.000000000
   sum over m      1.331465092  1.331465092   2.662930183   0.000000000
  px          1    0.029702734  0.029702734   0.059405468   0.000000000
  py          1    0.029760656  0.029760656   0.059521312   0.000000000
  pz          1   -0.009768859 -0.009768859  -0.019537718   0.000000000
   sum over m      0.049694531  0.049694531   0.099389062   0.000000000
   sum over m+mul  1.381159623  1.381159623   2.762319245   0.000000000
  d3z^2-r^2   0    0.002825641  0.002825641   0.005651281   0.000000000
  dx^2-y^2    0    0.018897867  0.018897867   0.037795733   0.000000000
  dxy         0    0.018899297  0.018899297   0.037798594   0.000000000
  dxz         0    0.009673751  0.009673751   0.019347502   0.000000000
  dyz         0    0.009675291  0.009675291   0.019350582   0.000000000
   sum over m      0.059971846  0.059971846   0.119943691   0.000000000
   sum over m+mul  0.059971846  0.059971846   0.119943691   0.000000000

   93    C          Up spin      Down spin     Sum           Diff
            multiple
  s           0    0.544031541  0.544031541   1.088063082   0.000000000
   sum over m      0.544031541  0.544031541   1.088063082   0.000000000
  s           1    0.014838246  0.014838246   0.029676492   0.000000000
   sum over m      0.014838246  0.014838246   0.029676492   0.000000000
   sum over m+mul  0.558869787  0.558869787   1.117739574   0.000000000
  px          0    0.420486438  0.420486438   0.840972877   0.000000000
  py          0    0.420562008  0.420562008   0.841124016   0.000000000
  pz          0    0.490411999  0.490411999   0.980823998   0.000000000
   sum over m      1.331460446  1.331460446   2.662920891   0.000000000
  px          1    0.029702563  0.029702563   0.059405127   0.000000000
  py          1    0.029760487  0.029760487   0.059520975   0.000000000
  pz          1   -0.009768464 -0.009768464  -0.019536928   0.000000000
   sum over m      0.049694587  0.049694587   0.099389173   0.000000000
   sum over m+mul  1.381155032  1.381155032   2.762310065   0.000000000
  d3z^2-r^2   0    0.002825629  0.002825629   0.005651258   0.000000000
  dx^2-y^2    0    0.018897492  0.018897492   0.037794985   0.000000000
  dxy         0    0.018899651  0.018899651   0.037799301   0.000000000
  dxz         0    0.009673774  0.009673774   0.019347548   0.000000000
  dyz         0    0.009675538  0.009675538   0.019351076   0.000000000
   sum over m      0.059972084  0.059972084   0.119944168   0.000000000
   sum over m+mul  0.059972084  0.059972084   0.119944168   0.000000000

   94    C          Up spin      Down spin     Sum           Diff
            multiple
  s           0    0.544026422  0.544026422   1.088052843   0.000000000
   sum over m      0.544026422  0.544026422   1.088052843   0.000000000
  s           1    0.014838303  0.014838303   0.029676606   0.000000000
   sum over m      0.014838303  0.014838303   0.029676606   0.000000000
   sum over m+mul  0.558864724  0.558864724   1.117729449   0.000000000
  px          0    0.420484779  0.420484779   0.840969559   0.000000000
  py          0    0.420557581  0.420557581   0.841115162   0.000000000
  pz          0    0.490431361  0.490431361   0.980862723   0.000000000
   sum over m      1.331473722  1.331473722   2.662947444   0.000000000
  px          1    0.029702500  0.029702500   0.059404999   0.000000000
  py          1    0.029760139  0.029760139   0.059520277   0.000000000
  pz          1   -0.009768604 -0.009768604  -0.019537209   0.000000000
   sum over m      0.049694034  0.049694034   0.099388068   0.000000000
   sum over m+mul  1.381167756  1.381167756   2.762335511   0.000000000
  d3z^2-r^2   0    0.002825647  0.002825647   0.005651294   0.000000000
  dx^2-y^2    0    0.018897602  0.018897602   0.037795203   0.000000000
  dxy         0    0.018899382  0.018899382   0.037798764   0.000000000
  dxz         0    0.009673477  0.009673477   0.019346954   0.000000000
  dyz         0    0.009674249  0.009674249   0.019348499   0.000000000
   sum over m      0.059970357  0.059970357   0.119940715   0.000000000
   sum over m+mul  0.059970357  0.059970357   0.119940715   0.000000000

   95    C          Up spin      Down spin     Sum           Diff
            multiple
  s           0    0.544031640  0.544031640   1.088063280   0.000000000
   sum over m      0.544031640  0.544031640   1.088063280   0.000000000
  s           1    0.014838389  0.014838389   0.029676778   0.000000000
   sum over m      0.014838389  0.014838389   0.029676778   0.000000000
   sum over m+mul  0.558870029  0.558870029   1.117740059   0.000000000
  px          0    0.420489556  0.420489556   0.840979112   0.000000000
  py          0    0.420559513  0.420559513   0.841119025   0.000000000
  pz          0    0.490414056  0.490414056   0.980828112   0.000000000
   sum over m      1.331463125  1.331463125   2.662926250   0.000000000
  px          1    0.029702720  0.029702720   0.059405439   0.000000000
  py          1    0.029760615  0.029760615   0.059521230   0.000000000
  pz          1   -0.009769073 -0.009769073  -0.019538146   0.000000000
   sum over m      0.049694262  0.049694262   0.099388524   0.000000000
   sum over m+mul  1.381157387  1.381157387   2.762314774   0.000000000
  d3z^2-r^2   0    0.002825637  0.002825637   0.005651273   0.000000000
  dx^2-y^2    0    0.018897880  0.018897880   0.037795760   0.000000000
  dxy         0    0.018899120  0.018899120   0.037798240   0.000000000
  dxz         0    0.009674624  0.009674624   0.019349248   0.000000000
  dyz         0    0.009674918  0.009674918   0.019349836   0.000000000
   sum over m      0.059972179  0.059972179   0.119944357   0.000000000
   sum over m+mul  0.059972179  0.059972179   0.119944357   0.000000000

   96    C          Up spin      Down spin     Sum           Diff
            multiple
  s           0    0.544029128  0.544029128   1.088058256   0.000000000
   sum over m      0.544029128  0.544029128   1.088058256   0.000000000
  s           1    0.014838278  0.014838278   0.029676557   0.000000000
   sum over m      0.014838278  0.014838278   0.029676557   0.000000000
   sum over m+mul  0.558867406  0.558867406   1.117734813   0.000000000
  px          0    0.420486409  0.420486409   0.840972818   0.000000000
  py          0    0.420559460  0.420559460   0.841118919   0.000000000
  pz          0    0.490421694  0.490421694   0.980843388   0.000000000
   sum over m      1.331467563  1.331467563   2.662935125   0.000000000
  px          1    0.029702729  0.029702729   0.059405457   0.000000000
  py          1    0.029760576  0.029760576   0.059521151   0.000000000
  pz          1   -0.009768950 -0.009768950  -0.019537900   0.000000000
   sum over m      0.049694354  0.049694354   0.099388709   0.000000000
   sum over m+mul  1.381161917  1.381161917   2.762323834   0.000000000
  d3z^2-r^2   0    0.002825636  0.002825636   0.005651272   0.000000000
  dx^2-y^2    0    0.018897717  0.018897717   0.037795434   0.000000000
  dxy         0    0.018899460  0.018899460   0.037798919   0.000000000
  dxz         0    0.009673898  0.009673898   0.019347795   0.000000000
  dyz         0    0.009674806  0.009674806   0.019349613   0.000000000
   sum over m      0.059971517  0.059971517   0.119943033   0.000000000
   sum over m+mul  0.059971517  0.059971517   0.119943033   0.000000000

   97    C          Up spin      Down spin     Sum           Diff
            multiple
  s           0    0.544028848  0.544028848   1.088057696   0.000000000
   sum over m      0.544028848  0.544028848   1.088057696   0.000000000
  s           1    0.014838377  0.014838377   0.029676754   0.000000000
   sum over m      0.014838377  0.014838377   0.029676754   0.000000000
   sum over m+mul  0.558867225  0.558867225   1.117734449   0.000000000
  px          0    0.420488033  0.420488033   0.840976067   0.000000000
  py          0    0.420559086  0.420559086   0.841118172   0.000000000
  pz          0    0.490421125  0.490421125   0.980842250   0.000000000
   sum over m      1.331468244  1.331468244   2.662936488   0.000000000
  px          1    0.029702753  0.029702753   0.059405506   0.000000000
  py          1    0.029760884  0.029760884   0.059521769   0.000000000
  pz          1   -0.009768977 -0.009768977  -0.019537954   0.000000000
   sum over m      0.049694660  0.049694660   0.099389320   0.000000000
   sum over m+mul  1.381162904  1.381162904   2.762325808   0.000000000
  d3z^2-r^2   0    0.002825653  0.002825653   0.005651305   0.000000000
  dx^2-y^2    0    0.018897925  0.018897925   0.037795849   0.000000000
  dxy         0    0.018899411  0.018899411   0.037798822   0.000000000
  dxz         0    0.009673585  0.009673585   0.019347170   0.000000000
  dyz         0    0.009674903  0.009674903   0.019349805   0.000000000
   sum over m      0.059971476  0.059971476   0.119942951   0.000000000
   sum over m+mul  0.059971476  0.059971476   0.119942951   0.000000000

   98    C          Up spin      Down spin     Sum           Diff
            multiple
  s           0    0.544029200  0.544029200   1.088058400   0.000000000
   sum over m      0.544029200  0.544029200   1.088058400   0.000000000
  s           1    0.014838324  0.014838324   0.029676648   0.000000000
   sum over m      0.014838324  0.014838324   0.029676648   0.000000000
   sum over m+mul  0.558867524  0.558867524   1.117735048   0.000000000
  px          0    0.420486290  0.420486290   0.840972580   0.000000000
  py          0    0.420560799  0.420560799   0.841121597   0.000000000
  pz          0    0.490421346  0.490421346   0.980842692   0.000000000
   sum over m      1.331468435  1.331468435   2.662936869   0.000000000
  px          1    0.029702693  0.029702693   0.059405386   0.000000000
  py          1    0.029760773  0.029760773   0.059521546   0.000000000
  pz          1   -0.009769258 -0.009769258  -0.019538515   0.000000000
   sum over m      0.049694208  0.049694208   0.099388417   0.000000000
   sum over m+mul  1.381162643  1.381162643   2.762325286   0.000000000
  d3z^2-r^2   0    0.002825648  0.002825648   0.005651297   0.000000000
  dx^2-y^2    0    0.018897628  0.018897628   0.037795257   0.000000000
  dxy         0    0.018899583  0.018899583   0.037799166   0.000000000
  dxz         0    0.009673682  0.009673682   0.019347365   0.000000000
  dyz         0    0.009675105  0.009675105   0.019350211   0.000000000
   sum over m      0.059971648  0.059971648   0.119943296   0.000000000
   sum over m+mul  0.059971648  0.059971648   0.119943296   0.000000000

***********************************************************
***********************************************************
                    Dipole moment (Debye)                  
***********************************************************
***********************************************************

 Absolute D        0.00112626

                      Dx                Dy                Dz
 Total              0.00112399       -0.00007138       -0.00000000
 Core            6947.93469814    13370.93680992        0.00000000
 Electron       -6947.93357415   -13370.93688130       -0.00000000
 Back ground       -0.00000000       -0.00000000        0.00000000

***********************************************************
***********************************************************
       xyz-coordinates (Ang) and forces (Hartree/Bohr)  
***********************************************************
***********************************************************

<coordinates.forces
  98
    1     C     0.00000   0.00000   0.00000   0.000010307979 -0.000159667191 -0.000000000161
    2     C     0.00000   1.42028   0.00000   0.000010419130  0.000156302404  0.000000000008
    3     C    -1.23000   2.13042   0.00000   0.000006293037 -0.000123428257  0.000000000312
    4     C    -1.23000   3.55070   0.00000  -0.000071780349  0.000123132798  0.000000000123
    5     C    -2.46000   4.26084   0.00000   0.000030474012 -0.000179344957  0.000000000126
    6     C    -2.46000   5.68113   0.00000  -0.000008935294  0.000167239713 -0.000000000149
    7     C    -3.69000   6.39127   0.00000   0.000021805636 -0.000158011278 -0.000000000232
    8     C    -3.69000   7.81155   0.00000  -0.000014001216  0.000158416372  0.000000000266
    9     C    -4.92000   8.52169   0.00000   0.000011332401 -0.000162075436  0.000000000005
   10     C    -4.92000   9.94197   0.00000  -0.000018753736  0.000162094555 -0.000000000019
   11     C    -6.15000  10.65211   0.00000   0.000023825465 -0.000152833846 -0.000000000210
   12     C    -6.15000  12.07239   0.00000  -0.000003444826  0.000153324660  0.000000000124
   13     C    -7.38000  12.78253   0.00000   0.000005079778 -0.000158527161 -0.000000000016
   14     C    -7.38000  14.20282   0.00000  -0.000013267810  0.000157978733  0.000000000155
   15     C     2.46000   0.00000   0.00000  -0.000000028703 -0.000127147958  0.000000000111
   16     C     2.46000   1.42028   0.00000   0.000013641808  0.000128370889  0.000000000130
   17     C     1.23000   2.13042   0.00000  -0.000031388338 -0.000127724895  0.000000000005
   18     C     1.23000   3.55070   0.00000  -0.000136027511  0.000072747626 -0.000000000051
   19     C     0.00000   4.26084   0.00000   0.000086667923 -0.000125256877 -0.000000000062
   20     C     0.00000   5.68113   0.00000  -0.000045704645  0.000020288619  0.000000000016
   21     C    -1.23000   6.39127   0.00000   0.000028416887 -0.000161755413 -0.000000000075
   22     C    -1.23000   7.81155   0.00000  -0.000049327477  0.000164065223 -0.000000000064
   23     C    -2.46000   8.52169   0.00000   0.000030615995 -0.000186737236 -0.000000000008
   24     C    -2.46000   9.94197   0.00000  -0.000014692010  0.000182102633 -0.000000000037
   25     C    -3.69000  10.65211   0.00000   0.000023920070 -0.000171487779 -0.000000000168
   26     C    -3.69000  12.07239   0.00000  -0.000003572231  0.000170943125  0.000000000110
   27     C    -4.92000  12.78253   0.00000   0.000007728213 -0.000162269564  0.000000000094
   28     C    -4.92000  14.20282   0.00000   0.000020254041  0.000162257026 -0.000000000056
   29     C     4.92000   0.00000   0.00000  -0.000000034118 -0.000197356946  0.000000000135
   30     C     4.92000   1.42028   0.00000   0.000013297106  0.000196238485 -0.000000000026
   31     C     3.69000   2.13042   0.00000   0.000023089586 -0.000162710323 -0.000000000301
   32     C     3.69000   3.55070   0.00000   0.000387346246  0.000163926457 -0.000000000290
   33     C     2.46000   4.26084   0.00000  -0.000163779738  0.000518943474 -0.000000000108
   34     C     2.46000   5.68113   0.00000   0.004390652111  0.001501864154  0.000000000142
   35     C     1.23000   6.39127   0.00000   0.000906694323 -0.000221111918  0.000000000074
   36     C     1.23000   7.81155   0.00000  -0.000026400750  0.000398439163  0.000000000061
   37     C     0.00000   8.52169   0.00000   0.000087695288 -0.000199580470 -0.000000000088
   38     C     0.00000   9.94197   0.00000   0.000009357799  0.000198482771  0.000000000211
   39     C    -1.23000  10.65211   0.00000   0.000006623378 -0.000158916045  0.000000000038
   40     C    -1.23000  12.07239   0.00000  -0.000006878605  0.000162572365 -0.000000000284
   41     C    -2.46000  12.78253   0.00000   0.000005182718 -0.000165692013 -0.000000000429
   42     C    -2.46000  14.20282   0.00000  -0.000013329971  0.000166250570  0.000000000333
   43     C     7.38000   0.00000   0.00000   0.000010425788 -0.000164639458 -0.000000000111
   44     C     7.38000   1.42028   0.00000   0.000010230876  0.000168022449 -0.000000000155
   45     C     6.15000   2.13042   0.00000  -0.000031117701 -0.000196819267  0.000000000104
   46     C     6.15000   3.55070   0.00000  -0.000138039688  0.000252154586  0.000000000061
   47     C     4.92000   4.26084   0.00000  -0.000164494621 -0.000849573054  0.000000000222
   48     C     4.92000   5.68113   0.00000   0.004628276468 -0.001343466194 -0.000000000055
   49     C     3.70000   6.39127   0.00000  -0.012781838133  0.000074685462  0.000000000138
   50     C     3.69000   7.81155   0.00000   0.002086097506  0.000146760292 -0.000000000116
   51     C     2.46000   8.52169   0.00000  -0.000161966177 -0.000725317319 -0.000000000035
   52     C     2.46000   9.94197   0.00000   0.000109869287  0.000110543683 -0.000000000321
   53     C     1.23000  10.65211   0.00000  -0.000031085020 -0.000196643911  0.000000000209
   54     C     1.23000  12.07239   0.00000   0.000001252428  0.000173141300 -0.000000000051
   55     C     0.00000  12.78253   0.00000   0.000010382979 -0.000172852088  0.000000000158
   56     C     0.00000  14.20282   0.00000  -0.000006893784  0.000169999620  0.000000000094
   57     C     9.84000   0.00000   0.00000   0.000005181451 -0.000165684623 -0.000000000272
   58     C     9.84000   1.42028   0.00000  -0.000025337076  0.000165983225  0.000000000103
   59     C     8.61000   2.13042   0.00000   0.000006426826 -0.000201005525  0.000000000059
   60     C     8.61000   3.55070   0.00000  -0.000072656582  0.000201429536 -0.000000000266
   61     C     7.38000   4.26084   0.00000   0.000088001221 -0.000199411880 -0.000000000169
   62     C     7.38000   5.68113   0.00000  -0.000045630810  0.000305341276 -0.000000000001
   63     C     6.15000   6.39127   0.00000   0.000926647627 -0.000100545025  0.000000000259
   64     C     6.15000   7.81155   0.00000  -0.000022540205 -0.000076637744 -0.000000000009
   65     C     4.92000   8.52169   0.00000  -0.000166463853  0.000401645055  0.000000000069
   66     C     4.92000   9.94197   0.00000   0.000109821049  0.000215878047  0.000000000262
   67     C     3.69000  10.65211   0.00000   0.000023093889 -0.000162774331  0.000000000173
   68     C     3.69000  12.07239   0.00000  -0.000004425988  0.000162678680  0.000000000044
   69     C     2.46000  12.78253   0.00000   0.000000160213 -0.000155252745  0.000000000010
   70     C     2.46000  14.20282   0.00000  -0.000009075661  0.000156748308  0.000000000019
   71     C    12.30000   0.00000   0.00000   0.000007728284 -0.000162205779  0.000000000054
   72     C    12.30000   1.42028   0.00000  -0.000030802673  0.000162217760  0.000000000021
   73     C    11.07000   2.13042   0.00000   0.000023936976 -0.000171461611 -0.000000000003
   74     C    11.07000   3.55070   0.00000  -0.000015859590  0.000171515590  0.000000000006
   75     C     9.84000   4.26084   0.00000   0.000030930414 -0.000144646000  0.000000000307
   76     C     9.84000   5.68113   0.00000  -0.000008749704  0.000156838830 -0.000000000176
   77     C     8.61000   6.39127   0.00000   0.000028802513 -0.000161829077  0.000000000015
   78     C     8.61000   7.81155   0.00000  -0.000049126998  0.000159611632 -0.000000000235
   79     C     7.38000   8.52169   0.00000   0.000086943872 -0.000125367141  0.000000000222
   80     C     7.38000   9.94197   0.00000   0.000009843276  0.000126081808  0.000000000012
   81     C     6.15000  10.65211   0.00000  -0.000031428370 -0.000127404019 -0.000000000124
   82     C     6.15000  12.07239   0.00000   0.000001395022  0.000150999280 -0.000000000515
   83     C     4.92000  12.78253   0.00000  -0.000000224379 -0.000169202326 -0.000000000351
   84     C     4.92000  14.20282   0.00000  -0.000009086367  0.000167688878  0.000000000303
   85     C    14.76000   0.00000   0.00000   0.000005079667 -0.000158519241 -0.000000000095
   86     C    14.76000   1.42028   0.00000  -0.000025191626  0.000158231210 -0.000000000228
   87     C    13.53000   2.13042   0.00000   0.000023804437 -0.000152822567  0.000000000228
   88     C    13.53000   3.55070   0.00000  -0.000015719558  0.000152833511 -0.000000000352
   89     C    12.30000   4.26084   0.00000   0.000011332061 -0.000162061168 -0.000000000031
   90     C    12.30000   5.68113   0.00000  -0.000020427110  0.000162069046  0.000000000062
   91     C    11.07000   6.39127   0.00000   0.000021782365 -0.000166226044  0.000000000115
   92     C    11.07000   7.81155   0.00000  -0.000014037990  0.000165843659  0.000000000325
   93     C     9.84000   8.52169   0.00000   0.000030785860 -0.000137291101 -0.000000000004
   94     C     9.84000   9.94197   0.00000  -0.000014408790  0.000141920011 -0.000000000268
   95     C     8.61000  10.65211   0.00000   0.000006095725 -0.000165491443 -0.000000000045
   96     C     8.61000  12.07239   0.00000  -0.000006841699  0.000161736123  0.000000000181
   97     C     7.38000  12.78253   0.00000   0.000010348598 -0.000151437303  0.000000000366
   98     C     7.38000  14.20282   0.00000  -0.000006760298  0.000154287956 -0.000000000226
coordinates.forces>

***********************************************************
***********************************************************
       Fractional coordinates of the final structure       
***********************************************************
***********************************************************

     1      C     0.00000000000000   0.00000000000000   0.00000000000000
     2      C     0.04761904761903   0.09523809523805   0.00000000000000
     3      C     0.00000000000000   0.14285714285714   0.00000000000000
     4      C     0.04761904761903   0.23809523809519   0.00000000000000
     5      C     0.00000000000000   0.28571428571429   0.00000000000000
     6      C     0.04761904761903   0.38095238095234   0.00000000000000
     7      C    -0.00000000000000   0.42857142857143   0.00000000000000
     8      C     0.04761904761903   0.52380952380948   0.00000000000000
     9      C     0.00000000000000   0.57142857142857   0.00000000000000
    10      C     0.04761904761903   0.66666666666662   0.00000000000000
    11      C    -0.00000000000000   0.71428571428571   0.00000000000000
    12      C     0.04761904761903   0.80952380952376   0.00000000000000
    13      C    -0.00000000000000   0.85714285714286   0.00000000000000
    14      C     0.04761904761903   0.95238095238091   0.00000000000000
    15      C     0.14285714285714   0.00000000000000   0.00000000000000
    16      C     0.19047619047617   0.09523809523805   0.00000000000000
    17      C     0.14285714285714   0.14285714285714   0.00000000000000
    18      C     0.19047619047617   0.23809523809519   0.00000000000000
    19      C     0.14285714285714   0.28571428571429   0.00000000000000
    20      C     0.19047619047617   0.38095238095234   0.00000000000000
    21      C     0.14285714285714   0.42857142857143   0.00000000000000
    22      C     0.19047619047617   0.52380952380948   0.00000000000000
    23      C     0.14285714285714   0.57142857142857   0.00000000000000
    24      C     0.19047619047617   0.66666666666662   0.00000000000000
    25      C     0.14285714285714   0.71428571428571   0.00000000000000
    26      C     0.19047619047617   0.80952380952376   0.00000000000000
    27      C     0.14285714285714   0.85714285714286   0.00000000000000
    28      C     0.19047619047617   0.95238095238091   0.00000000000000
    29      C     0.28571428571429   0.00000000000000   0.00000000000000
    30      C     0.33333333333331   0.09523809523805   0.00000000000000
    31      C     0.28571428571429   0.14285714285714   0.00000000000000
    32      C     0.33333333333331   0.23809523809519   0.00000000000000
    33      C     0.28571428571429   0.28571428571429   0.00000000000000
    34      C     0.33333333333331   0.38095238095234   0.00000000000000
    35      C     0.28571428571429   0.42857142857143   0.00000000000000
    36      C     0.33333333333331   0.52380952380948   0.00000000000000
    37      C     0.28571428571429   0.57142857142857   0.00000000000000
    38      C     0.33333333333331   0.66666666666662   0.00000000000000
    39      C     0.28571428571429   0.71428571428571   0.00000000000000
    40      C     0.33333333333331   0.80952380952376   0.00000000000000
    41      C     0.28571428571429   0.85714285714286   0.00000000000000
    42      C     0.33333333333331   0.95238095238091   0.00000000000000
    43      C     0.42857142857143   0.00000000000000   0.00000000000000
    44      C     0.47619047619045   0.09523809523805   0.00000000000000
    45      C     0.42857142857143   0.14285714285714   0.00000000000000
    46      C     0.47619047619045   0.23809523809519   0.00000000000000
    47      C     0.42857142857143   0.28571428571429   0.00000000000000
    48      C     0.47619047619045   0.38095238095234   0.00000000000000
    49      C     0.42915214866434   0.42857142857143   0.00000000000000
    50      C     0.47619047619045   0.52380952380948   0.00000000000000
    51      C     0.42857142857143   0.57142857142857   0.00000000000000
    52      C     0.47619047619045   0.66666666666662   0.00000000000000
    53      C     0.42857142857143   0.71428571428571   0.00000000000000
    54      C     0.47619047619045   0.80952380952376   0.00000000000000
    55      C     0.42857142857143   0.85714285714286   0.00000000000000
    56      C     0.47619047619045   0.95238095238091   0.00000000000000
    57      C     0.57142857142857   0.00000000000000   0.00000000000000
    58      C     0.61904761904760   0.09523809523805   0.00000000000000
    59      C     0.57142857142857   0.14285714285714   0.00000000000000
    60      C     0.61904761904760   0.23809523809519   0.00000000000000
    61      C     0.57142857142857   0.28571428571429   0.00000000000000
    62      C     0.61904761904760   0.38095238095234   0.00000000000000
    63      C     0.57142857142857   0.42857142857143   0.00000000000000
    64      C     0.61904761904760   0.52380952380948   0.00000000000000
    65      C     0.57142857142857   0.57142857142857   0.00000000000000
    66      C     0.61904761904760   0.66666666666662   0.00000000000000
    67      C     0.57142857142857   0.71428571428571   0.00000000000000
    68      C     0.61904761904760   0.80952380952376   0.00000000000000
    69      C     0.57142857142857   0.85714285714286   0.00000000000000
    70      C     0.61904761904760   0.95238095238091   0.00000000000000
    71      C     0.71428571428571   0.00000000000000   0.00000000000000
    72      C     0.76190476190474   0.09523809523805   0.00000000000000
    73      C     0.71428571428571   0.14285714285714   0.00000000000000
    74      C     0.76190476190474   0.23809523809519   0.00000000000000
    75      C     0.71428571428571   0.28571428571429   0.00000000000000
    76      C     0.76190476190474   0.38095238095234   0.00000000000000
    77      C     0.71428571428571   0.42857142857143   0.00000000000000
    78      C     0.76190476190474   0.52380952380948   0.00000000000000
    79      C     0.71428571428571   0.57142857142857   0.00000000000000
    80      C     0.76190476190474   0.66666666666662   0.00000000000000
    81      C     0.71428571428571   0.71428571428571   0.00000000000000
    82      C     0.76190476190474   0.80952380952376   0.00000000000000
    83      C     0.71428571428571   0.85714285714286   0.00000000000000
    84      C     0.76190476190474   0.95238095238091   0.00000000000000
    85      C     0.85714285714286   0.00000000000000   0.00000000000000
    86      C     0.90476190476188   0.09523809523805   0.00000000000000
    87      C     0.85714285714286   0.14285714285714   0.00000000000000
    88      C     0.90476190476188   0.23809523809519   0.00000000000000
    89      C     0.85714285714286   0.28571428571429   0.00000000000000
    90      C     0.90476190476188   0.38095238095234   0.00000000000000
    91      C     0.85714285714286   0.42857142857143   0.00000000000000
    92      C     0.90476190476188   0.52380952380948   0.00000000000000
    93      C     0.85714285714286   0.57142857142857   0.00000000000000
    94      C     0.90476190476188   0.66666666666662   0.00000000000000
    95      C     0.85714285714286   0.71428571428571   0.00000000000000
    96      C     0.90476190476188   0.80952380952376   0.00000000000000
    97      C     0.85714285714286   0.85714285714286   0.00000000000000
    98      C     0.90476190476188   0.95238095238091   0.00000000000000

***********************************************************
***********************************************************
               Computational Time (second)                 
***********************************************************
***********************************************************

   Elapsed.Time.        22.345

                               Min_ID   Min_Time       Max_ID   Max_Time
   Total Computational Time =    17       22.142          0       22.345
   readfile                 =    19        1.218          0        1.249
   truncation               =     0        0.902         31        0.936
   MD_pac                   =     0        0.035         14        0.122
   OutData                  =    16        0.000          0        0.060
   DFT                      =    31       18.303          0       18.353

*** In DFT ***

   Set_OLP_Kin              =     0        0.824         31        1.109
   Set_Nonlocal             =    31        1.676         26        1.960
   Set_ProExpn_VNA          =     0        0.000          0        0.000
   Set_Hamiltonian          =    16        6.179          9        6.179
   Poisson                  =    16        0.098         22        0.099
   Diagonalization          =    28        2.400         15        2.400
   Mixing_DM                =     6        0.043         31        0.043
   Force                    =    14        0.714          3        0.714
   Total_Energy             =    21        1.137          0        1.154
   Set_Aden_Grid            =     7        0.037         15        0.038
   Set_Orbitals_Grid        =    18        0.343         31        0.442
   Set_Density_Grid         =    13        2.946         29        3.877
   RestartFileDFT           =    16        0.291         20        0.426
   Mulliken_Charge          =     0        0.095         10        0.095
   FFT(2D)_Density          =     0        0.000          0        0.000
   Others                   =    15        0.086         13        1.238
