***********************************************************
***********************************************************

  This calculation was performed by OpenMX Ver. 3.9.9
  using 32 MPI processes and 1 OpenMP threads.

  Sun Jun  1 17:43:32 2025

***********************************************************
***********************************************************

#
# File Name
#

System.CurrrentDirectory         ./    # default=./
System.Name                      openmx
level.of.stdout                   1    # default=1 (1-3)
level.of.fileout                  0    # default=1 (0-2)

#
# Definition of Atomic Species
#

Species.Number       1
<Definition.of.Atomic.Species
 C     C6.0-s2p2d1        C_PBE19
Definition.of.Atomic.Species>

#
# Atoms
#
Atoms.Number     98
Atoms.SpeciesAndCoordinates.Unit   Ang # Ang|AU
<Atoms.SpeciesAndCoordinates
  1   C    0.000000000000    0.000000000000    0.000000000000  2.0  2.0  off
  2   C    0.000000000000    1.420281662206    0.000000000000  2.0  2.0  off
  3   C   -1.230000000000    2.130422493310    0.000000000000  2.0  2.0  off
  4   C   -1.230000000000    3.550704155516    0.000000000000  2.0  2.0  off
  5   C   -2.460000000000    4.260844986620    0.000000000000  2.0  2.0  off
  6   C   -2.460000000000    5.681126648826    0.000000000000  2.0  2.0  off
  7   C   -3.690000000000    6.391267479930    0.000000000000  2.0  2.0  off
  8   C   -3.690000000000    7.811549142136    0.000000000000  2.0  2.0  off
  9   C   -4.920000000000    8.521689973240    0.000000000000  2.0  2.0  off
 10   C   -4.920000000000    9.941971635446    0.000000000000  2.0  2.0  off
 11   C   -6.150000000000   10.652112466550    0.000000000000  2.0  2.0  off
 12   C   -6.150000000000   12.072394128756    0.000000000000  2.0  2.0  off
 13   C   -7.380000000000   12.782534959860    0.000000000000  2.0  2.0  off
 14   C   -7.380000000000   14.202816622066    0.000000000000  2.0  2.0  off
 15   C    2.460000000000    0.000000000000    0.000000000000  2.0  2.0  off
 16   C    2.460000000000    1.420281662206    0.000000000000  2.0  2.0  off
 17   C    1.230000000000    2.130422493310    0.000000000000  2.0  2.0  off
 18   C    1.230000000000    3.550704155516    0.000000000000  2.0  2.0  off
 19   C    0.000000000000    4.260844986620    0.000000000000  2.0  2.0  off
 20   C    0.000000000000    5.681126648826    0.000000000000  2.0  2.0  off
 21   C   -1.230000000000    6.391267479930    0.000000000000  2.0  2.0  off
 22   C   -1.230000000000    7.811549142136    0.000000000000  2.0  2.0  off
 23   C   -2.460000000000    8.521689973240    0.000000000000  2.0  2.0  off
 24   C   -2.460000000000    9.941971635446    0.000000000000  2.0  2.0  off
 25   C   -3.690000000000   10.652112466550    0.000000000000  2.0  2.0  off
 26   C   -3.690000000000   12.072394128756    0.000000000000  2.0  2.0  off
 27   C   -4.920000000000   12.782534959860    0.000000000000  2.0  2.0  off
 28   C   -4.920000000000   14.202816622066    0.000000000000  2.0  2.0  off
 29   C    4.920000000000    0.000000000000    0.000000000000  2.0  2.0  off
 30   C    4.920000000000    1.420281662206    0.000000000000  2.0  2.0  off
 31   C    3.690000000000    2.130422493310    0.000000000000  2.0  2.0  off
 32   C    3.690000000000    3.550704155516    0.000000000000  2.0  2.0  off
 33   C    2.460000000000    4.260844986620    0.000000000000  2.0  2.0  off
 34   C    2.460000000000    5.681126648826    0.000000000000  2.0  2.0  off
 35   C    1.230000000000    6.391267479930    0.000000000000  2.0  2.0  off
 36   C    1.230000000000    7.811549142136    0.000000000000  2.0  2.0  off
 37   C    0.000000000000    8.521689973240    0.000000000000  2.0  2.0  off
 38   C    0.000000000000    9.941971635446    0.000000000000  2.0  2.0  off
 39   C   -1.230000000000   10.652112466550    0.000000000000  2.0  2.0  off
 40   C   -1.230000000000   12.072394128756    0.000000000000  2.0  2.0  off
 41   C   -2.460000000000   12.782534959860    0.000000000000  2.0  2.0  off
 42   C   -2.460000000000   14.202816622066    0.000000000000  2.0  2.0  off
 43   C    7.380000000000    0.000000000000    0.000000000000  2.0  2.0  off
 44   C    7.380000000000    1.420281662206    0.000000000000  2.0  2.0  off
 45   C    6.150000000000    2.130422493310    0.000000000000  2.0  2.0  off
 46   C    6.150000000000    3.550704155516    0.000000000000  2.0  2.0  off
 47   C    4.920000000000    4.260844986620    0.000000000000  2.0  2.0  off
 48   C    4.920000000000    5.681126648826    0.000000000000  2.0  2.0  off
 49   C    3.690000000000    6.391267479930    0.000000000000  2.0  2.0  off
 50   C    3.690000000000    7.811549142136    0.000000000000  2.0  2.0  off
 51   C    2.460000000000    8.521689973240    0.000000000000  2.0  2.0  off
 52   C    2.460000000000    9.941971635446    0.000000000000  2.0  2.0  off
 53   C    1.230000000000   10.652112466550    0.000000000000  2.0  2.0  off
 54   C    1.230000000000   12.072394128756    0.000000000000  2.0  2.0  off
 55   C    0.000000000000   12.782534959860    0.000000000000  2.0  2.0  off
 56   C    0.000000000000   14.202816622066    0.000000000000  2.0  2.0  off
 57   C    9.840000000000    0.000000000000    0.000000000000  2.0  2.0  off
 58   C    9.840000000000    1.420281662206    0.000000000000  2.0  2.0  off
 59   C    8.610000000000    2.130422493310    0.000000000000  2.0  2.0  off
 60   C    8.610000000000    3.550704155516    0.000000000000  2.0  2.0  off
 61   C    7.380000000000    4.260844986620    0.000000000000  2.0  2.0  off
 62   C    7.380000000000    5.681126648826    0.000000000000  2.0  2.0  off
 63   C    6.150000000000    6.391267479930    0.000000000000  2.0  2.0  off
 64   C    6.150000000000    7.811549142136    0.000000000000  2.0  2.0  off
 65   C    4.920000000000    8.521689973240    0.000000000000  2.0  2.0  off
 66   C    4.920000000000    9.941971635446    0.000000000000  2.0  2.0  off
 67   C    3.690000000000   10.652112466550    0.000000000000  2.0  2.0  off
 68   C    3.690000000000   12.072394128756    0.000000000000  2.0  2.0  off
 69   C    2.460000000000   12.782534959860    0.000000000000  2.0  2.0  off
 70   C    2.460000000000   14.202816622066    0.000000000000  2.0  2.0  off
 71   C   12.300000000000    0.000000000000    0.000000000000  2.0  2.0  off
 72   C   12.300000000000    1.420281662206    0.000000000000  2.0  2.0  off
 73   C   11.070000000000    2.130422493310    0.000000000000  2.0  2.0  off
 74   C   11.070000000000    3.550704155516    0.000000000000  2.0  2.0  off
 75   C    9.840000000000    4.260844986620    0.000000000000  2.0  2.0  off
 76   C    9.840000000000    5.681126648826    0.000000000000  2.0  2.0  off
 77   C    8.610000000000    6.391267479930    0.000000000000  2.0  2.0  off
 78   C    8.610000000000    7.811549142136    0.000000000000  2.0  2.0  off
 79   C    7.380000000000    8.521689973240    0.000000000000  2.0  2.0  off
 80   C    7.380000000000    9.941971635446    0.000000000000  2.0  2.0  off
 81   C    6.150000000000   10.652112466550    0.000000000000  2.0  2.0  off
 82   C    6.150000000000   12.072394128756    0.000000000000  2.0  2.0  off
 83   C    4.920000000000   12.782534959860    0.000000000000  2.0  2.0  off
 84   C    4.920000000000   14.202816622066    0.000000000000  2.0  2.0  off
 85   C   14.760000000000    0.000000000000    0.000000000000  2.0  2.0  off
 86   C   14.760000000000    1.420281662206    0.000000000000  2.0  2.0  off
 87   C   13.530000000000    2.130422493310    0.000000000000  2.0  2.0  off
 88   C   13.530000000000    3.550704155516    0.000000000000  2.0  2.0  off
 89   C   12.300000000000    4.260844986620    0.000000000000  2.0  2.0  off
 90   C   12.300000000000    5.681126648826    0.000000000000  2.0  2.0  off
 91   C   11.070000000000    6.391267479930    0.000000000000  2.0  2.0  off
 92   C   11.070000000000    7.811549142136    0.000000000000  2.0  2.0  off
 93   C    9.840000000000    8.521689973240    0.000000000000  2.0  2.0  off
 94   C    9.840000000000    9.941971635446    0.000000000000  2.0  2.0  off
 95   C    8.610000000000   10.652112466550    0.000000000000  2.0  2.0  off
 96   C    8.610000000000   12.072394128756    0.000000000000  2.0  2.0  off
 97   C    7.380000000000   12.782534959860    0.000000000000  2.0  2.0  off
 98   C    7.380000000000   14.202816622066    0.000000000000  2.0  2.0  off
Atoms.SpeciesAndCoordinates>
Atoms.UnitVectors.Unit             Ang # Ang|AU
<Atoms.UnitVectors
   17.220000000000    0.000000000000    0.000000000000
   -8.610000000000   14.912957453170    0.000000000000
    0.000000000000    0.000000000000   12.000000000000
Atoms.UnitVectors>
#
# SCF or Electronic System
#

scf.XcType                 GGA-PBE     # LDA|LSDA-CA|LSDA-PW|GGA-PBE
scf.SpinPolarization        off        # On|Off|NC
scf.ElectronicTemperature  300.0       # default=300 (K)
scf.energycutoff           250.0       # default=150 (Ry)
scf.maxIter                1000        # default=40
scf.EigenvalueSolver       Cluster        # DC|Cluster|Band
scf.Kgrid                  1 1 1       # means n1 x n2 x n3
scf.Mixing.Type           rmm-diis    # Simple|Rmm-Diis|Gr-Pulay|Kerker|Rmm-Diisk
scf.Init.Mixing.Weight     0.30        # default=0.30
scf.Min.Mixing.Weight      0.001       # default=0.001
scf.Max.Mixing.Weight      0.400       # default=0.40
scf.Mixing.History          20         # default=5
scf.Mixing.StartPulay       10         # default=6
scf.criterion             1.0e-9      # default=1.0e-6 (Hartree)
scf.partialCoreCorrection   ON

## 1DFFT ##
1DFFT.NumGridK                    900
1DFFT.NumGridR                    900
1DFFT.EnergyCutoff                3600.0

## Others ##
scf.ProExpn.VNA                   Off

# DFT+U
#scf.Hubbard.U             on
#scf.DFTU.Type             1             # 1:Simplified(Dudarev)|2:General, default=1
#scf.Hubbard.Occupation      dual        # onsite|full|dual
#<Hubbard.U.values                       # eV
#  He  1s 0.0 2s 0.0 1p 0.0
#  Li  1s 0.0 2s 0.0 1p 0.0
#  Ti  1s 0.0 2s 0.0 3s 0.0 1p 0.0 2p 0.0 1d 4.1
#  O   1s 0.0 2s 0.0 1p 0.0 2p 0.0 1d 0.0
#  H   1s 0.0 2s 0.0 1p 0.0
#  C   1s 0.0 2s 0.0 1p 0.0 2p 0.0 1d 0.0
#Hubbard.U.values>

#<Hund.J.values                       # eV
#H0  1s 0.0 2s 0.0 1p 0.0
#H1  1s 0.0 2s 0.0 1p 0.0
#Ti  1s 0.0 2s 0.0 3s 0.0 1p 0.0 2p 0.0 1d 0.0
#O   1s 0.0 2s 0.0 1p 0.0 2p 0.0 1d 0.0
#H   1s 0.0 2s 0.0 1p 0.0
#C   1s 0.0 2s 0.0 1p 0.0 2p 0.0 1d 0.0
#Hund.J.values>

# Output of molecular orbitals
#MO.fileout   ON
#<MO.kpoint
#  0.0 0.0 0.0
#MO.kpoint>

#Dos.fileout  on
#Dos.Erange  -10.0 10.0
#Dos.Kgrid   1 1 1

#Band.dispersion             on        # on|off, default=off
#Band.Nkpath                  3
#<Band.kpath
#100   0.0000000000   0.0000000000   0.0000000000     0.3333333333   0.6666666666   0.0000000000 Γ K
#100   0.3333333333   0.6666666666   0.0000000000     0.5000000000   0.5000000000   0.0000000000 K M
#100   0.5000000000   0.5000000000   0.0000000000     0.0000000000   0.0000000000   0.0000000000 M Γ
#Band.kpath>
#120   0.0000000000   0.0000000000   0.0000000000     0.3333333333   0.3333333333   0.0000000000 Γ K
##80   0.3333333333   0.3333333333   0.0000000000     0.5000000000   0.0000000000   0.0000000000 K M
##120   0.5000000000   0.0000000000   0.0000000000     0.0000000000   0.0000000000   0.0000000000 M Γ

# VDW DFT-D2
#scf.dftD            on         # on|off, default=off
#DFTD.Unit           Ang        # Ang|AU
#DFTD.rcut_dftD      50.0       # default=100 (DFTD.Unit)
#DFTD.d              20.0       # default=20
#DFTD.scale6         0.75       # default=0.75
#DFTD.IntDirection   1 1 1      # default=1 1 1 (1:on 0:off)

#
# MD or Geometry Optimization
#

#<MD.Fixed.Cell.Vectors
# 0 0 0
# 0 0 0
# 1 1 1
#MD.Fixed.Cell.Vectors>

MD.Type                     nomd #OptC2       # Nomd|Opt|NVE|NVT_VS|NVT_NH
                                     # Constraint_Opt|DIIS
#MD.maxIter                    500        # default=1
#MD.TimeStep                 1.0        # default=0.5 (fs)
#MD.Opt.criterion         1.0e-6        # default=1.0e-4 (Hartree/Bohr)

DATA.PATH     /home/huangdq_group/tuyouyou/data/opt/openmx3.9-amd/DFT_DATA19
HS.fileout    On
scf.fixed.grid    -1.104072408827   -0.570337923238  -11.237120610657


***********************************************************
***********************************************************

  Required cutoff energy (Ryd) for 3D-grids = 250.0000
      Used cutoff energy (Ryd) for 3D-grids = 243.5738, 243.5738, 240.7552
  Num. of grids of a-, b-, and c-axes = 140, 140, 112

  Num.Grid1.   140
  Num.Grid2.   140
  Num.Grid3.   112


  Cell_Volume =  20795.754379419846 (Bohr^3)
  GridVol     =      0.009473284612 (Bohr^3)
  Cell vectors (bohr) of the grid cell (gtv)
    gtv_a =  0.232436296595,  0.000000000000,  0.000000000000
    gtv_b = -0.116218148298,  0.201295737613,  0.000000000000
    gtv_c =  0.000000000000,  0.000000000000,  0.202470641633
    |gtv_a| =  0.232436296595
    |gtv_b| =  0.232436296595
    |gtv_c| =  0.202470641633

***********************************************************
***********************************************************


***********************************************************
***********************************************************
                  SCF history at MD= 1                    
***********************************************************
***********************************************************

   SCF=   1  NormRD=  1.000000000000  Uele= -159.188797906102
   SCF=   2  NormRD=  0.507130427628  Uele= -175.798509405739
   SCF=   3  NormRD=  0.192020608624  Uele= -182.202565414744
   SCF=   4  NormRD=  0.071740117701  Uele= -184.643539660910
   SCF=   5  NormRD=  0.025695801025  Uele= -185.539186874486
   SCF=   6  NormRD=  0.104835391692  Uele= -186.298665726026
   SCF=   7  NormRD=  0.117513636421  Uele= -186.856991584094
   SCF=   8  NormRD=  0.115946105782  Uele= -186.842728457040
   SCF=   9  NormRD=  0.057714276832  Uele= -186.312437385417
   SCF=  10  NormRD=  0.027937543922  Uele= -186.063616048455
   SCF=  11  NormRD=  0.013991016123  Uele= -185.960769999096
   SCF=  12  NormRD=  0.000780585800  Uele= -185.893694162464
   SCF=  13  NormRD=  0.000019414252  Uele= -185.888595718332
   SCF=  14  NormRD=  0.000003926035  Uele= -185.888868822344
   SCF=  15  NormRD=  0.000003346431  Uele= -185.888872805313
   SCF=  16  NormRD=  0.000000338751  Uele= -185.888878943970
   SCF=  17  NormRD=  0.000000163452  Uele= -185.888879002502
   SCF=  18  NormRD=  0.000000142154  Uele= -185.888879012774
   SCF=  19  NormRD=  0.000000133807  Uele= -185.888879016122
   SCF=  20  NormRD=  0.000000127982  Uele= -185.888879018475
   SCF=  21  NormRD=  0.000000123332  Uele= -185.888879018945

*******************************************************
        Total energy (Hartree) at MD = 1        
*******************************************************

  Uele.       -185.888879018945

  Ukin.        409.922803494925
  UH0.       -5638.648005245265
  UH1.           1.331778401089
  Una.        -288.503987706372
  Unl.         -52.634591631777
  Uxc0.        -95.138593690319
  Uxc1.        -95.138593690319
  Ucore.      5186.233083898417
  Uhub.          0.000000000000
  Ucs.           0.000000000000
  Uzs.           0.000000000000
  Uzo.           0.000000000000
  Uef.           0.000000000000
  UvdW.          0.000000000000
  Uch.           0.000000000000
  Utot.       -572.576106169621

  UpV.           0.000000000000
  Enpy.       -572.576106169621
  Note:

  Utot = Ukin+UH0+UH1+Una+Unl+Uxc0+Uxc1+Ucore+Uhub+Ucs+Uzs+Uzo+Uef+UvdW+Uch

  Uele:   band energy
  Ukin:   kinetic energy
  UH0:    electric part of screened Coulomb energy
  UH1:    difference electron-electron Coulomb energy
  Una:    neutral atom potential energy
  Unl:    non-local potential energy
  Uxc0:   exchange-correlation energy for alpha spin
  Uxc1:   exchange-correlation energy for beta spin
  Ucore:  core-core Coulomb energy
  Uhub:   LDA+U energy
  Ucs:    constraint energy for spin orientation
  Uzs:    Zeeman term for spin magnetic moment
  Uzo:    Zeeman term for orbital magnetic moment
  Uef:    electric energy by electric field
  UvdW:   semi-empirical vdW energy
  Uch:    penalty term to create a core hole

  UpV:    pressure times volume
  Enpy:   Enthalpy = Utot + UpV
  (see also PRB 72, 045121(2005) for the energy contributions)



  Chemical potential (Hartree)      -0.137199507660

***********************************************************
***********************************************************
            Eigenvalues (Hartree) for SCF KS-eq.           
***********************************************************
***********************************************************

   Chemical Potential (Hartree) =  -0.13719950766017
   Number of States             = 392.00000000000000
   HOMO = 196
   Eigenvalues
                Up-spin            Down-spin
          1  -0.85629542964445  -0.85629542964445
          2  -0.83858637472355  -0.83858637472355
          3  -0.83858637461482  -0.83858637461482
          4  -0.83858469037929  -0.83858469037929
          5  -0.83858469005386  -0.83858469005386
          6  -0.83858468990480  -0.83858468990480
          7  -0.83858468952937  -0.83858468952937
          8  -0.80341940942633  -0.80341940942633
          9  -0.80341940930564  -0.80341940930564
         10  -0.80341940887898  -0.80341940887898
         11  -0.80341940871962  -0.80341940871962
         12  -0.80341688728439  -0.80341688728439
         13  -0.80341688722048  -0.80341688722048
         14  -0.78597151061117  -0.78597151061117
         15  -0.78597151048077  -0.78597151048077
         16  -0.78597037031730  -0.78597037031730
         17  -0.78597036978254  -0.78597036978254
         18  -0.78597036954007  -0.78597036954007
         19  -0.78597036935225  -0.78597036935225
         20  -0.73464050365586  -0.73464050365586
         21  -0.73464050328114  -0.73464050328114
         22  -0.73464050303629  -0.73464050303629
         23  -0.73464050283838  -0.73464050283838
         24  -0.73463931860137  -0.73463931860137
         25  -0.73463931835452  -0.73463931835452
         26  -0.73463931827983  -0.73463931827983
         27  -0.73463931813016  -0.73463931813016
         28  -0.73463761753634  -0.73463761753634
         29  -0.73463761688856  -0.73463761688856
         30  -0.73463761659528  -0.73463761659528
         31  -0.73463761646899  -0.73463761646899
         32  -0.70157377759184  -0.70157377759184
         33  -0.70157377748795  -0.70157377748795
         34  -0.70156809692097  -0.70156809692097
         35  -0.70156809678353  -0.70156809678353
         36  -0.70156809651821  -0.70156809651821
         37  -0.70156809623395  -0.70156809623395
         38  -0.65413767072509  -0.65413767072509
         39  -0.65413767029453  -0.65413767029453
         40  -0.65413767015950  -0.65413767015950
         41  -0.65413766924872  -0.65413766924872
         42  -0.65413070883131  -0.65413070883131
         43  -0.65413070854026  -0.65413070854026
         44  -0.65139346638204  -0.65139346638204
         45  -0.65139346591591  -0.65139346591591
         46  -0.65137056370122  -0.65137056370122
         47  -0.65137056367039  -0.65137056367039
         48  -0.65137056252272  -0.65137056252272
         49  -0.65137056189923  -0.65137056189923
         50  -0.61428183141422  -0.61428183141422
         51  -0.61428183085133  -0.61428183085133
         52  -0.61428182942785  -0.61428182942785
         53  -0.61428182911588  -0.61428182911588
         54  -0.61425481585717  -0.61425481585717
         55  -0.61425481509411  -0.61425481509411
         56  -0.57997965851920  -0.57997965851920
         57  -0.57997965820850  -0.57997965820850
         58  -0.57997965748063  -0.57997965748063
         59  -0.57997965729315  -0.57997965729315
         60  -0.57996985941877  -0.57996985941877
         61  -0.57996985924321  -0.57996985924321
         62  -0.56105491339128  -0.56105491339128
         63  -0.56105491306954  -0.56105491306954
         64  -0.56103391197441  -0.56103391197441
         65  -0.56103391176842  -0.56103391176842
         66  -0.56103391050837  -0.56103391050837
         67  -0.56103391041377  -0.56103391041377
         68  -0.50867855288185  -0.50867855288185
         69  -0.50867855272064  -0.50867855272064
         70  -0.50867855219142  -0.50867855219142
         71  -0.50867855202896  -0.50867855202896
         72  -0.50866965610312  -0.50866965610312
         73  -0.50866965557032  -0.50866965557032
         74  -0.50866965540282  -0.50866965540282
         75  -0.50866965504602  -0.50866965504602
         76  -0.50866540116053  -0.50866540116053
         77  -0.50866540081752  -0.50866540081752
         78  -0.50866540050100  -0.50866540050100
         79  -0.50866539982999  -0.50866539982999
         80  -0.50174160744601  -0.50174160744601
         81  -0.50174160710862  -0.50174160710862
         82  -0.50174160629785  -0.50174160629785
         83  -0.50174160462407  -0.50174160462407
         84  -0.50172807184963  -0.50172807184963
         85  -0.50172807147797  -0.50172807147797
         86  -0.44611026671538  -0.44611026671538
         87  -0.44611026649752  -0.44611026649752
         88  -0.44611026635412  -0.44611026635412
         89  -0.44611026613198  -0.44611026613198
         90  -0.44610263563813  -0.44610263563813
         91  -0.44610263544601  -0.44610263544601
         92  -0.42592601837731  -0.42592601837731
         93  -0.42592601790088  -0.42592601790088
         94  -0.42592491779170  -0.42592491779170
         95  -0.42592491750809  -0.42592491750809
         96  -0.42592491731550  -0.42592491731550
         97  -0.42592491687683  -0.42592491687683
         98  -0.41706366791484  -0.41706366791484
         99  -0.40690968433787  -0.40690968433787
        100  -0.40690968379544  -0.40690968379544
        101  -0.40690968331917  -0.40690968331917
        102  -0.40690968317376  -0.40690968317376
        103  -0.40690945515418  -0.40690945515418
        104  -0.40690945491948  -0.40690945491948
        105  -0.40690945459817  -0.40690945459817
        106  -0.40690945435559  -0.40690945435559
        107  -0.40690185720832  -0.40690185720832
        108  -0.40690185690570  -0.40690185690570
        109  -0.40690185658105  -0.40690185658105
        110  -0.40690185598859  -0.40690185598859
        111  -0.39605923683825  -0.39605923683825
        112  -0.39605923584242  -0.39605923584242
        113  -0.39605824867424  -0.39605824867424
        114  -0.39605824862075  -0.39605824862075
        115  -0.39605824825080  -0.39605824825080
        116  -0.39605824802011  -0.39605824802011
        117  -0.39149884761755  -0.39149884761755
        118  -0.39149884718531  -0.39149884718531
        119  -0.39147790668884  -0.39147790668884
        120  -0.39147790609083  -0.39147790609083
        121  -0.39147790546471  -0.39147790546471
        122  -0.39147790523980  -0.39147790523980
        123  -0.37013007160829  -0.37013007160829
        124  -0.37013007121241  -0.37013007121241
        125  -0.37013007065465  -0.37013007065465
        126  -0.37013007027057  -0.37013007027057
        127  -0.37012817623611  -0.37012817623611
        128  -0.37012817593214  -0.37012817593214
        129  -0.35485602280238  -0.35485602280238
        130  -0.35485602227199  -0.35485602227199
        131  -0.35485602179992  -0.35485602179992
        132  -0.35485602145258  -0.35485602145258
        133  -0.35485302990830  -0.35485302990830
        134  -0.35485302906940  -0.35485302906940
        135  -0.34733804263810  -0.34733804263810
        136  -0.34733804240607  -0.34733804240607
        137  -0.34733804194758  -0.34733804194758
        138  -0.34733804190629  -0.34733804190629
        139  -0.34731893402816  -0.34731893402816
        140  -0.34731893380101  -0.34731893380101
        141  -0.33679150931248  -0.33679150931248
        142  -0.33679150871572  -0.33679150871572
        143  -0.33678906308953  -0.33678906308953
        144  -0.33678906296472  -0.33678906296472
        145  -0.33678906243213  -0.33678906243213
        146  -0.33678906206661  -0.33678906206661
        147  -0.33495796524323  -0.33495796524323
        148  -0.33495796513425  -0.33495796513425
        149  -0.33495379907152  -0.33495379907152
        150  -0.33495379883848  -0.33495379883848
        151  -0.33495379862916  -0.33495379862916
        152  -0.33495379822040  -0.33495379822040
        153  -0.31465291204368  -0.31465291204368
        154  -0.31465291165845  -0.31465291165845
        155  -0.31465291066308  -0.31465291066308
        156  -0.31465291022519  -0.31465291022519
        157  -0.31464001257986  -0.31464001257986
        158  -0.31464001238034  -0.31464001238034
        159  -0.28282236692625  -0.28282236692625
        160  -0.28282236690777  -0.28282236690777
        161  -0.28281160033342  -0.28281160033342
        162  -0.28281159998521  -0.28281159998521
        163  -0.28281159894044  -0.28281159894044
        164  -0.28281159879947  -0.28281159879947
        165  -0.27737767009635  -0.27737767009635
        166  -0.27737766988611  -0.27737766988611
        167  -0.27737766954031  -0.27737766954031
        168  -0.27737766912654  -0.27737766912654
        169  -0.27737375689690  -0.27737375689690
        170  -0.27737375654227  -0.27737375654227
        171  -0.27737375622026  -0.27737375622026
        172  -0.27737375583918  -0.27737375583918
        173  -0.27736866944156  -0.27736866944156
        174  -0.27736866898175  -0.27736866898175
        175  -0.27736866875638  -0.27736866875638
        176  -0.27736866853984  -0.27736866853984
        177  -0.25045130842206  -0.25045130842206
        178  -0.25042750635135  -0.25042750635135
        179  -0.24765588465039  -0.24765588465039
        180  -0.24765588446784  -0.24765588446784
        181  -0.24764277166432  -0.24764277166432
        182  -0.24764277152884  -0.24764277152884
        183  -0.24764277143827  -0.24764277143827
        184  -0.24764277113102  -0.24764277113102
        185  -0.20721829942298  -0.20721829942298
        186  -0.20721829887846  -0.20721829887846
        187  -0.20719825865465  -0.20719825865465
        188  -0.20719825835784  -0.20719825835784
        189  -0.20719825817857  -0.20719825817857
        190  -0.20719825776768  -0.20719825776768
        191  -0.19181812087104  -0.19181812087104
        192  -0.19181812077505  -0.19181812077505
        193  -0.19181812071055  -0.19181812071055
        194  -0.19181812049204  -0.19181812049204
        195  -0.19180362649667  -0.19180362649667
        196  -0.19180362636804  -0.19180362636804
        197  -0.08042713011186  -0.08042713011186
        198  -0.08042712988961  -0.08042712988961
        199  -0.08040511862293  -0.08040511862293
        200  -0.08040511824914  -0.08040511824914
        201  -0.08040511801387  -0.08040511801387
        202  -0.08040511799191  -0.08040511799191
        203  -0.07831665623055  -0.07831665623055
        204  -0.07831665587964  -0.07831665587964
        205  -0.07831665540059  -0.07831665540059
        206  -0.07831665529826  -0.07831665529826
        207  -0.07828364072101  -0.07828364072101
        208  -0.07828364026808  -0.07828364026808
        209  -0.04088104750499  -0.04088104750499
        210  -0.04088104718813  -0.04088104718813
        211  -0.04088104698879  -0.04088104698879
        212  -0.04088104673149  -0.04088104673149
        213  -0.04085296753673  -0.04085296753673
        214  -0.04085296699419  -0.04085296699419
        215   0.01396050094617   0.01396050094617
        216   0.01396050113378   0.01396050113378
        217   0.01396050127002   0.01396050127002
        218   0.01396050148216   0.01396050148216
        219   0.01397443332894   0.01397443332894
        220   0.01397443368701   0.01397443368701
        221   0.01397443413324   0.01397443413324
        222   0.01397443419609   0.01397443419609
        223   0.01398587156844   0.01398587156844
        224   0.01398587190896   0.01398587190896
        225   0.01398587219045   0.01398587219045
        226   0.01398587226372   0.01398587226372
        227   0.10073799998999   0.10073799998999
        228   0.10073800010590   0.10073800010590
        229   0.10073800029430   0.10073800029430
        230   0.10073800055135   0.10073800055135
        231   0.10075546248852   0.10075546248852
        232   0.10075546251490   0.10075546251490
        233   0.14500265144392   0.14500265144392
        234   0.14500265167479   0.14500265167479
        235   0.14501711107816   0.14501711107816
        236   0.14501711117461   0.14501711117461
        237   0.14501711142657   0.14501711142657
        238   0.14501711201077   0.14501711201077
        239   0.14855031258170   0.14855031258170
        240   0.14855031298405   0.14855031298405
        241   0.14855823901285   0.14855823901285
        242   0.14855823929929   0.14855823929929
        243   0.14855823951035   0.14855823951035
        244   0.14855824000764   0.14855824000764
        245   0.16110389258546   0.16110389258546
        246   0.16110389287613   0.16110389287613
        247   0.16112277760845   0.16112277760845
        248   0.16112277827844   0.16112277827844
        249   0.16112278000521   0.16112278000521
        250   0.16112278050127   0.16112278050127
        251   0.17141141914833   0.17141141914833
        252   0.17148268609985   0.17148268609985
        253   0.17481019469315   0.17481019469315
        254   0.17481019544829   0.17481019544829
        255   0.17484978055356   0.17484978055356
        256   0.17484978092230   0.17484978092230
        257   0.17484978420304   0.17484978420304
        258   0.17484978441254   0.17484978441254
        259   0.21587444586417   0.21587444586417
        260   0.21587444669604   0.21587444669604
        261   0.21587444823229   0.21587444823229
        262   0.21587444880714   0.21587444880714
        263   0.21593770355693   0.21593770355693
        264   0.21593770365285   0.21593770365285
        265   0.21692678536101   0.21692678536101
        266   0.21692678573682   0.21692678573682
        267   0.21692678590592   0.21692678590592
        268   0.21692678619991   0.21692678619991
        269   0.21692988433294   0.21692988433294
        270   0.21692988451382   0.21692988451382
        271   0.22376806072856   0.22376806072856
        272   0.22376806138065   0.22376806138065
        273   0.22376806279849   0.22376806279849
        274   0.22376806321471   0.22376806321471
        275   0.22377071668579   0.22377071668579
        276   0.22377071725570   0.22377071725570
        277   0.22377071802691   0.22377071802691
        278   0.22377071844873   0.22377071844873
        279   0.22378370652161   0.22378370652161
        280   0.22378370686960   0.22378370686960
        281   0.22378370842015   0.22378370842015
        282   0.22378370914672   0.22378370914672
        283   0.23719450306179   0.23719450306179
        284   0.23719450321980   0.23719450321980
        285   0.23719450379115   0.23719450379115
        286   0.23719450411684   0.23719450411684
        287   0.23720055379279   0.23720055379279
        288   0.23720055431564   0.23720055431564
        289   0.24337534879417   0.24337534879417
        290   0.24337534885191   0.24337534885191
        291   0.24337535084678   0.24337535084678
        292   0.24337535122351   0.24337535122351
        293   0.24341339948792   0.24341339948792
        294   0.24341339969102   0.24341339969102
        295   0.28160592884337   0.28160592884337
        296   0.28160592893822   0.28160592893822
        297   0.28166835146065   0.28166835146065
        298   0.28166835154515   0.28166835154515
        299   0.28166835268449   0.28166835268449
        300   0.28166835343482   0.28166835343482
        301   0.28881355837090   0.28881355837090
        302   0.29549168016391   0.29549168016391
        303   0.29602270238152   0.29602270238152
        304   0.29602270259969   0.29602270259969
        305   0.29602270302976   0.29602270302976
        306   0.29602270334937   0.29602270334937
        307   0.29605237221327   0.29605237221327
        308   0.29605237243097   0.29605237243097
        309   0.33706502024572   0.33706502024572
        310   0.34061578380091   0.34061578380091
        311   0.34061578421052   0.34061578421052
        312   0.34066297763736   0.34066297763736
        313   0.34066297776364   0.34066297776364
        314   0.34066297921250   0.34066297921250
        315   0.34066298037770   0.34066298037770
        316   0.34374374460940   0.34374374460940
        317   0.35703716298145   0.35703716298145
        318   0.35703716421800   0.35703716421800
        319   0.35703716459987   0.35703716459987
        320   0.35703716492157   0.35703716492157
        321   0.35703895752384   0.35703895752384
        322   0.35703895842783   0.35703895842783
        323   0.36139686105509   0.36139686105509
        324   0.36139686184479   0.36139686184479
        325   0.36139686363115   0.36139686363115
        326   0.36139686395491   0.36139686395491
        327   0.36142601626530   0.36142601626530
        328   0.36142601650578   0.36142601650578
        329   0.36243677838232   0.36243677838232
        330   0.36243677943360   0.36243677943360
        331   0.36248591284975   0.36248591284975
        332   0.36248591365121   0.36248591365121
        333   0.36248591393276   0.36248591393276
        334   0.36248591500638   0.36248591500638
        335   0.36477265500351   0.36477265500351
        336   0.36477265844119   0.36477265844119
        337   0.36477266053067   0.36477266053067
        338   0.36477266352960   0.36477266352960
        339   0.36482308496407   0.36482308496407
        340   0.36482308532057   0.36482308532057
        341   0.37185123955463   0.37185123955463
        342   0.37185123981839   0.37185123981839
        343   0.37185124077857   0.37185124077857
        344   0.37185124305204   0.37185124305204
        345   0.37185601382363   0.37185601382363
        346   0.37185601410580   0.37185601410580
        347   0.38375457647309   0.38375457647309
        348   0.38375457686822   0.38375457686822
        349   0.38375880848494   0.38375880848494
        350   0.38375880999115   0.38375880999115
        351   0.38375881056684   0.38375881056684
        352   0.38375881070547   0.38375881070547
        353   0.38590674820108   0.38590674820108
        354   0.38590674968404   0.38590674968404
        355   0.38590675389601   0.38590675389601
        356   0.38590675520022   0.38590675520022
        357   0.38591290678836   0.38591290678836
        358   0.38591290844020   0.38591290844020
        359   0.38591291044912   0.38591291044912
        360   0.38591291204221   0.38591291204221
        361   0.38592762548043   0.38592762548043
        362   0.38592762564882   0.38592762564882
        363   0.38592762654301   0.38592762654301
        364   0.38592762799864   0.38592762799864
        365   0.40255071039042   0.40255071039042
        366   0.40255071149092   0.40255071149092
        367   0.40255071189909   0.40255071189909
        368   0.40255071268780   0.40255071268780
        369   0.40255853077144   0.40255853077144
        370   0.40255853166947   0.40255853166947
        371   0.40809907657483   0.40809907657483
        372   0.40809907988919   0.40809907988919
        373   0.40809908433083   0.40809908433083
        374   0.40809908507729   0.40809908507729
        375   0.40809940194942   0.40809940194942
        376   0.40809940226925   0.40809940226925
        377   0.43891944868534   0.43891944868534
        378   0.43891944925456   0.43891944925456
        379   0.43891944970157   0.43891944970157
        380   0.43891945059458   0.43891945059458
        381   0.43893244410110   0.43893244410110
        382   0.43893244601372   0.43893244601372
        383   0.43893244692209   0.43893244692209
        384   0.43893244773626   0.43893244773626
        385   0.43893469743751   0.43893469743751
        386   0.43893469779824   0.43893469779824
        387   0.43893469879410   0.43893469879410
        388   0.43893469899429   0.43893469899429
        389   0.44421873776311   0.44421873776311
        390   0.44421873946662   0.44421873946662
        391   0.44421874003351   0.44421874003351
        392   0.44421874055429   0.44421874055429
        393   0.44422463255953   0.44422463255953
        394   0.44422463351108   0.44422463351108
        395   0.44422463447451   0.44422463447451
        396   0.44422463811777   0.44422463811777
        397   0.44422820596182   0.44422820596182
        398   0.44422820713849   0.44422820713849
        399   0.44422820787596   0.44422820787596
        400   0.44422820831844   0.44422820831844
        401   0.45705299635513   0.45705299635513
        402   0.45705299772501   0.45705299772501
        403   0.45705678478307   0.45705678478307
        404   0.45705678508722   0.45705678508722
        405   0.45705678755142   0.45705678755142
        406   0.45705678835262   0.45705678835262
        407   0.46330487623441   0.46330487623441
        408   0.46330487797276   0.46330487797276
        409   0.46330487877708   0.46330487877708
        410   0.46330488058253   0.46330488058253
        411   0.46331047549280   0.46331047549280
        412   0.46331047589886   0.46331047589886
        413   0.46620090644440   0.46620090644440
        414   0.46620090719705   0.46620090719705
        415   0.46620090785947   0.46620090785947
        416   0.46620090967229   0.46620090967229
        417   0.46622351828519   0.46622351828519
        418   0.46622351858864   0.46622351858864
        419   0.46900519957461   0.46900519957461
        420   0.46900520018132   0.46900520018132
        421   0.46902132089489   0.46902132089489
        422   0.46902132197701   0.46902132197701
        423   0.46902132397424   0.46902132397424
        424   0.46902132513351   0.46902132513351
        425   0.47728804789165   0.47728804789165
        426   0.47728804802901   0.47728804802901
        427   0.47728804987253   0.47728804987253
        428   0.47728805165155   0.47728805165155
        429   0.47728954032140   0.47728954032140
        430   0.47728954125308   0.47728954125308
        431   0.49037957188691   0.49037957188691
        432   0.49037957281288   0.49037957281288
        433   0.49037957319435   0.49037957319435
        434   0.49037957375210   0.49037957375210
        435   0.49038788110770   0.49038788110770
        436   0.49038788119158   0.49038788119158
        437   0.50580839916687   0.50580839916687
        438   0.50580840013304   0.50580840013304
        439   0.50583178201467   0.50583178201467
        440   0.50583178260356   0.50583178260356
        441   0.50583178450271   0.50583178450271
        442   0.50583178606476   0.50583178606476
        443   0.50714293944073   0.50714293944073
        444   0.50714293991489   0.50714293991489
        445   0.50714652038356   0.50714652038356
        446   0.50714652077193   0.50714652077193
        447   0.50714652121796   0.50714652121796
        448   0.50714652220622   0.50714652220622
        449   0.51963936616019   0.51963936616019
        450   0.51963936652337   0.51963936652337
        451   0.51964011086150   0.51964011086150
        452   0.51964011087348   0.51964011087348
        453   0.51964011107178   0.51964011107178
        454   0.51964011205278   0.51964011205278
        455   0.51989503349942   0.51989503349942
        456   0.51989503369469   0.51989503369469
        457   0.51990702690904   0.51990702690904
        458   0.51990702771492   0.51990702771492
        459   0.51990703136503   0.51990703136503
        460   0.51990703155003   0.51990703155003
        461   0.57677653296514   0.57677653296514
        462   0.57677653320893   0.57677653320893
        463   0.57683313469177   0.57683313469177
        464   0.57683313534644   0.57683313534644
        465   0.57683314437688   0.57683314437688
        466   0.57683314524932   0.57683314524932
        467   0.60713540051214   0.60713540051214
        468   0.60713540091625   0.60713540091625
        469   0.60713540419046   0.60713540419046
        470   0.60713540553826   0.60713540553826
        471   0.60714665526222   0.60714665526222
        472   0.60714665624260   0.60714665624260
        473   0.60714666224659   0.60714666224659
        474   0.60714666402426   0.60714666402426
        475   0.60715329121789   0.60715329121789
        476   0.60715329166035   0.60715329166035
        477   0.60715329805979   0.60715329805979
        478   0.60715329864916   0.60715329864916
        479   0.60951822264908   0.60951822264908
        480   0.60951822320342   0.60951822320342
        481   0.60951983818389   0.60951983818389
        482   0.60951983927488   0.60951983927488
        483   0.60951983960586   0.60951983960586
        484   0.60951984035508   0.60951984035508
        485   0.65326209496031   0.65326209496031
        486   0.65326209532986   0.65326209532986
        487   0.65326306388384   0.65326306388384
        488   0.65326306417493   0.65326306417493
        489   0.65326306476705   0.65326306476705
        490   0.65326306688052   0.65326306688052
        491   0.66240366625855   0.66240366625855
        492   0.66240366660880   0.66240366660880
        493   0.66241275932882   0.66241275932882
        494   0.66241275953747   0.66241275953747
        495   0.66241275977903   0.66241275977903
        496   0.66241276052619   0.66241276052619
        497   0.66470934119120   0.66470934119120
        498   0.66470934137075   0.66470934137075
        499   0.66473121275162   0.66473121275162
        500   0.66473121332703   0.66473121332703
        501   0.66473122152302   0.66473122152302
        502   0.66473122330735   0.66473122330735
        503   0.70147582797574   0.70147582797574
        504   0.70147582859856   0.70147582859856
        505   0.70147582922555   0.70147582922555
        506   0.70147583006928   0.70147583006928
        507   0.70147871476720   0.70147871476720
        508   0.70147871593520   0.70147871593520
        509   0.70147871637475   0.70147871637475
        510   0.70147871721938   0.70147871721938
        511   0.70149469213820   0.70149469213820
        512   0.70149469239585   0.70149469239585
        513   0.70149469319600   0.70149469319600
        514   0.70149469364986   0.70149469364986
        515   0.74336512786226   0.74336512786226
        516   0.74336512833676   0.74336512833676
        517   0.74339270375388   0.74339270375388
        518   0.74339270403703   0.74339270403703
        519   0.74339271390742   0.74339271390742
        520   0.74339271437058   0.74339271437058
        521   0.77610349035957   0.77610349035957
        522   0.77610349199580   0.77610349199580
        523   0.77610349214330   0.77610349214330
        524   0.77610349262847   0.77610349262847
        525   0.77612361334779   0.77612361334779
        526   0.77612361339736   0.77612361339736
        527   0.77863759784508   0.77863759784508
        528   0.77863759813227   0.77863759813227
        529   0.77864734072225   0.77864734072225
        530   0.77864734186531   0.77864734186531
        531   0.77864734250465   0.77864734250465
        532   0.77864734312774   0.77864734312774
        533   0.79517427153106   0.79517427153106
        534   0.79517427191845   0.79517427191845
        535   0.79518820779506   0.79518820779506
        536   0.79518820827709   0.79518820827709
        537   0.79518820854384   0.79518820854384
        538   0.79518820950753   0.79518820950753
        539   0.81711567786554   0.81711567786554
        540   0.81711567886526   0.81711567886526
        541   0.81711567938025   0.81711567938025
        542   0.81711567954885   0.81711567954885
        543   0.81714421668768   0.81714421668768
        544   0.81714421752805   0.81714421752805
        545   0.82149514998316   0.82149514998316
        546   0.82149515210111   0.82149515210111
        547   0.82149515291536   0.82149515291536
        548   0.82149515417897   0.82149515417897
        549   0.82149875576361   0.82149875576361
        550   0.82149875631114   0.82149875631114
        551   0.84942740594320   0.84942740594320
        552   0.84942740660168   0.84942740660168
        553   0.84944593837756   0.84944593837756
        554   0.84944593913970   0.84944593913970
        555   0.84944594032314   0.84944594032314
        556   0.84944594102885   0.84944594102885
        557   0.86185994407028   0.86185994407028
        558   0.86185994468299   0.86185994468299
        559   0.86187259240727   0.86187259240727
        560   0.86187259523391   0.86187259523391
        561   0.86187260383985   0.86187260383985
        562   0.86187260569520   0.86187260569520
        563   0.87192702107422   0.87192702107422
        564   0.87192702158605   0.87192702158605
        565   0.87194000682251   0.87194000682251
        566   0.87194000803162   0.87194000803162
        567   0.87194001324676   0.87194001324676
        568   0.87194001338930   0.87194001338930
        569   0.87561856895133   0.87561856895133
        570   0.87561857030698   0.87561857030698
        571   0.87561857154476   0.87561857154476
        572   0.87561857461040   0.87561857461040
        573   0.87563336629514   0.87563336629514
        574   0.87563336763120   0.87563336763120
        575   0.87563337045853   0.87563337045853
        576   0.87563337098676   0.87563337098676
        577   0.87564811883864   0.87564811883864
        578   0.87564811952754   0.87564811952754
        579   0.87564812033033   0.87564812033033
        580   0.87564812202187   0.87564812202187
        581   0.89211332873857   0.89211332873857
        582   0.89211333031682   0.89211333031682
        583   0.89211334110315   0.89211334110315
        584   0.89211334154923   0.89211334154923
        585   0.89211544641738   0.89211544641738
        586   0.89211544648944   0.89211544648944
        587   0.90156299731850   0.90156299731850
        588   0.90156299783763   0.90156299783763
        589   0.90156679413889   0.90156679413889
        590   0.90156679454389   0.90156679454389
        591   0.90156679527515   0.90156679527515
        592   0.90156679577054   0.90156679577054
        593   0.90781807501587   0.90781807501587
        594   0.90781807574341   0.90781807574341
        595   0.90781807644201   0.90781807644201
        596   0.90781807776934   0.90781807776934

***********************************************************
***********************************************************
                   Mulliken populations                    
***********************************************************
***********************************************************

  Total spin moment (muB)   0.000000000

                    Up spin      Down spin     Sum           Diff
      1    C      2.000000000  2.000000000   4.000000000   0.000000000
      2    C      2.000000000  2.000000000   4.000000000   0.000000000
      3    C      1.999999999  1.999999999   3.999999998   0.000000000
      4    C      2.000000001  2.000000001   4.000000002   0.000000000
      5    C      2.000000000  2.000000000   4.000000000   0.000000000
      6    C      2.000000000  2.000000000   4.000000001   0.000000000
      7    C      2.000000000  2.000000000   4.000000001   0.000000000
      8    C      2.000000000  2.000000000   4.000000000   0.000000000
      9    C      2.000000000  2.000000000   4.000000000   0.000000000
     10    C      2.000000000  2.000000000   4.000000000   0.000000000
     11    C      2.000000000  2.000000000   4.000000000   0.000000000
     12    C      2.000000001  2.000000001   4.000000001   0.000000000
     13    C      1.999999999  1.999999999   3.999999999   0.000000000
     14    C      2.000000000  2.000000000   4.000000001   0.000000000
     15    C      2.000000000  2.000000000   4.000000001   0.000000000
     16    C      1.999999998  1.999999998   3.999999996   0.000000000
     17    C      2.000000001  2.000000001   4.000000002   0.000000000
     18    C      2.000000001  2.000000001   4.000000001   0.000000000
     19    C      2.000000001  2.000000001   4.000000002   0.000000000
     20    C      1.999999999  1.999999999   3.999999998   0.000000000
     21    C      2.000000001  2.000000001   4.000000002   0.000000000
     22    C      1.999999999  1.999999999   3.999999998   0.000000000
     23    C      2.000000000  2.000000000   3.999999999   0.000000000
     24    C      2.000000001  2.000000001   4.000000002   0.000000000
     25    C      1.999999999  1.999999999   3.999999999   0.000000000
     26    C      2.000000000  2.000000000   4.000000001   0.000000000
     27    C      1.999999999  1.999999999   3.999999998   0.000000000
     28    C      1.999999999  1.999999999   3.999999998   0.000000000
     29    C      2.000000002  2.000000002   4.000000005   0.000000000
     30    C      1.999999999  1.999999999   3.999999999   0.000000000
     31    C      2.000000000  2.000000000   4.000000001   0.000000000
     32    C      1.999999999  1.999999999   3.999999999   0.000000000
     33    C      2.000000000  2.000000000   4.000000000   0.000000000
     34    C      2.000000002  2.000000002   4.000000003   0.000000000
     35    C      2.000000001  2.000000001   4.000000002   0.000000000
     36    C      1.999999998  1.999999998   3.999999996   0.000000000
     37    C      2.000000001  2.000000001   4.000000002   0.000000000
     38    C      1.999999999  1.999999999   3.999999998   0.000000000
     39    C      1.999999999  1.999999999   3.999999997   0.000000000
     40    C      2.000000000  2.000000000   3.999999999   0.000000000
     41    C      2.000000001  2.000000001   4.000000001   0.000000000
     42    C      2.000000000  2.000000000   4.000000000   0.000000000
     43    C      2.000000001  2.000000001   4.000000002   0.000000000
     44    C      1.999999999  1.999999999   3.999999998   0.000000000
     45    C      2.000000002  2.000000002   4.000000005   0.000000000
     46    C      1.999999999  1.999999999   3.999999997   0.000000000
     47    C      2.000000001  2.000000001   4.000000001   0.000000000
     48    C      1.999999999  1.999999999   3.999999998   0.000000000
     49    C      1.999999999  1.999999999   3.999999998   0.000000000
     50    C      2.000000001  2.000000001   4.000000003   0.000000000
     51    C      1.999999999  1.999999999   3.999999998   0.000000000
     52    C      2.000000001  2.000000001   4.000000002   0.000000000
     53    C      1.999999999  1.999999999   3.999999999   0.000000000
     54    C      2.000000001  2.000000001   4.000000001   0.000000000
     55    C      2.000000001  2.000000001   4.000000002   0.000000000
     56    C      1.999999998  1.999999998   3.999999996   0.000000000
     57    C      2.000000000  2.000000000   4.000000000   0.000000000
     58    C      2.000000001  2.000000001   4.000000002   0.000000000
     59    C      1.999999999  1.999999999   3.999999998   0.000000000
     60    C      2.000000002  2.000000002   4.000000004   0.000000000
     61    C      2.000000000  2.000000000   4.000000000   0.000000000
     62    C      1.999999998  1.999999998   3.999999997   0.000000000
     63    C      1.999999999  1.999999999   3.999999998   0.000000000
     64    C      1.999999999  1.999999999   3.999999999   0.000000000
     65    C      1.999999998  1.999999998   3.999999997   0.000000000
     66    C      2.000000002  2.000000002   4.000000004   0.000000000
     67    C      2.000000000  2.000000000   4.000000000   0.000000000
     68    C      2.000000000  2.000000000   3.999999999   0.000000000
     69    C      2.000000000  2.000000000   3.999999999   0.000000000
     70    C      1.999999999  1.999999999   3.999999998   0.000000000
     71    C      1.999999999  1.999999999   3.999999999   0.000000000
     72    C      2.000000001  2.000000001   4.000000002   0.000000000
     73    C      2.000000002  2.000000002   4.000000003   0.000000000
     74    C      1.999999997  1.999999997   3.999999994   0.000000000
     75    C      1.999999998  1.999999998   3.999999996   0.000000000
     76    C      2.000000000  2.000000000   4.000000000   0.000000000
     77    C      2.000000000  2.000000000   3.999999999   0.000000000
     78    C      2.000000001  2.000000001   4.000000002   0.000000000
     79    C      2.000000001  2.000000001   4.000000002   0.000000000
     80    C      1.999999997  1.999999997   3.999999995   0.000000000
     81    C      2.000000000  2.000000000   4.000000001   0.000000000
     82    C      1.999999999  1.999999999   3.999999997   0.000000000
     83    C      2.000000000  2.000000000   4.000000001   0.000000000
     84    C      1.999999999  1.999999999   3.999999998   0.000000000
     85    C      2.000000000  2.000000000   4.000000000   0.000000000
     86    C      2.000000001  2.000000001   4.000000002   0.000000000
     87    C      1.999999999  1.999999999   3.999999997   0.000000000
     88    C      2.000000002  2.000000002   4.000000005   0.000000000
     89    C      2.000000002  2.000000002   4.000000003   0.000000000
     90    C      1.999999998  1.999999998   3.999999996   0.000000000
     91    C      2.000000000  2.000000000   4.000000000   0.000000000
     92    C      2.000000000  2.000000000   4.000000000   0.000000000
     93    C      1.999999999  1.999999999   3.999999999   0.000000000
     94    C      2.000000003  2.000000003   4.000000005   0.000000000
     95    C      2.000000003  2.000000003   4.000000006   0.000000000
     96    C      1.999999998  1.999999998   3.999999997   0.000000000
     97    C      2.000000002  2.000000002   4.000000004   0.000000000
     98    C      2.000000000  2.000000000   4.000000000   0.000000000

 Sum of MulP: up   =   196.00000 down          =   196.00000
              total=   392.00000 ideal(neutral)=   392.00000


  Decomposed Mulliken populations

    1    C          Up spin      Down spin     Sum           Diff
            multiple
  s           0    0.544029451  0.544029451   1.088058902   0.000000000
   sum over m      0.544029451  0.544029451   1.088058902   0.000000000
  s           1    0.014838278  0.014838278   0.029676557   0.000000000
   sum over m      0.014838278  0.014838278   0.029676557   0.000000000
   sum over m+mul  0.558867730  0.558867730   1.117735459   0.000000000
  px          0    0.420486872  0.420486872   0.840973743   0.000000000
  py          0    0.420559291  0.420559291   0.841118582   0.000000000
  pz          0    0.490420068  0.490420068   0.980840136   0.000000000
   sum over m      1.331466231  1.331466231   2.662932461   0.000000000
  px          1    0.029702733  0.029702733   0.059405466   0.000000000
  py          1    0.029760617  0.029760617   0.059521235   0.000000000
  pz          1   -0.009768905 -0.009768905  -0.019537810   0.000000000
   sum over m      0.049694445  0.049694445   0.099388891   0.000000000
   sum over m+mul  1.381160676  1.381160676   2.762321352   0.000000000
  d3z^2-r^2   0    0.002825647  0.002825647   0.005651294   0.000000000
  dx^2-y^2    0    0.018897745  0.018897745   0.037795491   0.000000000
  dxy         0    0.018899365  0.018899365   0.037798730   0.000000000
  dxz         0    0.009673847  0.009673847   0.019347694   0.000000000
  dyz         0    0.009674990  0.009674990   0.019349980   0.000000000
   sum over m      0.059971594  0.059971594   0.119943189   0.000000000
   sum over m+mul  0.059971594  0.059971594   0.119943189   0.000000000

    2    C          Up spin      Down spin     Sum           Diff
            multiple
  s           0    0.544029452  0.544029452   1.088058904   0.000000000
   sum over m      0.544029452  0.544029452   1.088058904   0.000000000
  s           1    0.014838278  0.014838278   0.029676557   0.000000000
   sum over m      0.014838278  0.014838278   0.029676557   0.000000000
   sum over m+mul  0.558867730  0.558867730   1.117735461   0.000000000
  px          0    0.420486871  0.420486871   0.840973742   0.000000000
  py          0    0.420559291  0.420559291   0.841118581   0.000000000
  pz          0    0.490420068  0.490420068   0.980840136   0.000000000
   sum over m      1.331466230  1.331466230   2.662932460   0.000000000
  px          1    0.029702733  0.029702733   0.059405466   0.000000000
  py          1    0.029760617  0.029760617   0.059521235   0.000000000
  pz          1   -0.009768905 -0.009768905  -0.019537810   0.000000000
   sum over m      0.049694445  0.049694445   0.099388891   0.000000000
   sum over m+mul  1.381160675  1.381160675   2.762321350   0.000000000
  d3z^2-r^2   0    0.002825647  0.002825647   0.005651294   0.000000000
  dx^2-y^2    0    0.018897745  0.018897745   0.037795491   0.000000000
  dxy         0    0.018899365  0.018899365   0.037798730   0.000000000
  dxz         0    0.009673847  0.009673847   0.019347694   0.000000000
  dyz         0    0.009674990  0.009674990   0.019349980   0.000000000
   sum over m      0.059971594  0.059971594   0.119943189   0.000000000
   sum over m+mul  0.059971594  0.059971594   0.119943189   0.000000000

    3    C          Up spin      Down spin     Sum           Diff
            multiple
  s           0    0.544029452  0.544029452   1.088058904   0.000000000
   sum over m      0.544029452  0.544029452   1.088058904   0.000000000
  s           1    0.014838278  0.014838278   0.029676556   0.000000000
   sum over m      0.014838278  0.014838278   0.029676556   0.000000000
   sum over m+mul  0.558867730  0.558867730   1.117735460   0.000000000
  px          0    0.420486871  0.420486871   0.840973742   0.000000000
  py          0    0.420559291  0.420559291   0.841118581   0.000000000
  pz          0    0.490420068  0.490420068   0.980840136   0.000000000
   sum over m      1.331466229  1.331466229   2.662932458   0.000000000
  px          1    0.029702733  0.029702733   0.059405466   0.000000000
  py          1    0.029760617  0.029760617   0.059521234   0.000000000
  pz          1   -0.009768905 -0.009768905  -0.019537810   0.000000000
   sum over m      0.049694445  0.049694445   0.099388890   0.000000000
   sum over m+mul  1.381160674  1.381160674   2.762321348   0.000000000
  d3z^2-r^2   0    0.002825647  0.002825647   0.005651294   0.000000000
  dx^2-y^2    0    0.018897745  0.018897745   0.037795491   0.000000000
  dxy         0    0.018899365  0.018899365   0.037798730   0.000000000
  dxz         0    0.009673847  0.009673847   0.019347694   0.000000000
  dyz         0    0.009674990  0.009674990   0.019349980   0.000000000
   sum over m      0.059971594  0.059971594   0.119943189   0.000000000
   sum over m+mul  0.059971594  0.059971594   0.119943189   0.000000000

    4    C          Up spin      Down spin     Sum           Diff
            multiple
  s           0    0.544029453  0.544029453   1.088058905   0.000000000
   sum over m      0.544029453  0.544029453   1.088058905   0.000000000
  s           1    0.014838279  0.014838279   0.029676557   0.000000000
   sum over m      0.014838279  0.014838279   0.029676557   0.000000000
   sum over m+mul  0.558867731  0.558867731   1.117735462   0.000000000
  px          0    0.420486871  0.420486871   0.840973742   0.000000000
  py          0    0.420559291  0.420559291   0.841118582   0.000000000
  pz          0    0.490420068  0.490420068   0.980840137   0.000000000
   sum over m      1.331466230  1.331466230   2.662932461   0.000000000
  px          1    0.029702733  0.029702733   0.059405466   0.000000000
  py          1    0.029760617  0.029760617   0.059521235   0.000000000
  pz          1   -0.009768905 -0.009768905  -0.019537810   0.000000000
   sum over m      0.049694445  0.049694445   0.099388891   0.000000000
   sum over m+mul  1.381160676  1.381160676   2.762321352   0.000000000
  d3z^2-r^2   0    0.002825647  0.002825647   0.005651294   0.000000000
  dx^2-y^2    0    0.018897745  0.018897745   0.037795491   0.000000000
  dxy         0    0.018899365  0.018899365   0.037798730   0.000000000
  dxz         0    0.009673847  0.009673847   0.019347694   0.000000000
  dyz         0    0.009674990  0.009674990   0.019349980   0.000000000
   sum over m      0.059971594  0.059971594   0.119943189   0.000000000
   sum over m+mul  0.059971594  0.059971594   0.119943189   0.000000000

    5    C          Up spin      Down spin     Sum           Diff
            multiple
  s           0    0.544029452  0.544029452   1.088058904   0.000000000
   sum over m      0.544029452  0.544029452   1.088058904   0.000000000
  s           1    0.014838278  0.014838278   0.029676557   0.000000000
   sum over m      0.014838278  0.014838278   0.029676557   0.000000000
   sum over m+mul  0.558867730  0.558867730   1.117735460   0.000000000
  px          0    0.420486871  0.420486871   0.840973742   0.000000000
  py          0    0.420559291  0.420559291   0.841118582   0.000000000
  pz          0    0.490420068  0.490420068   0.980840137   0.000000000
   sum over m      1.331466231  1.331466231   2.662932461   0.000000000
  px          1    0.029702733  0.029702733   0.059405465   0.000000000
  py          1    0.029760617  0.029760617   0.059521234   0.000000000
  pz          1   -0.009768905 -0.009768905  -0.019537810   0.000000000
   sum over m      0.049694445  0.049694445   0.099388889   0.000000000
   sum over m+mul  1.381160675  1.381160675   2.762321350   0.000000000
  d3z^2-r^2   0    0.002825647  0.002825647   0.005651294   0.000000000
  dx^2-y^2    0    0.018897745  0.018897745   0.037795491   0.000000000
  dxy         0    0.018899365  0.018899365   0.037798730   0.000000000
  dxz         0    0.009673847  0.009673847   0.019347694   0.000000000
  dyz         0    0.009674990  0.009674990   0.019349980   0.000000000
   sum over m      0.059971594  0.059971594   0.119943189   0.000000000
   sum over m+mul  0.059971594  0.059971594   0.119943189   0.000000000

    6    C          Up spin      Down spin     Sum           Diff
            multiple
  s           0    0.544029452  0.544029452   1.088058904   0.000000000
   sum over m      0.544029452  0.544029452   1.088058904   0.000000000
  s           1    0.014838279  0.014838279   0.029676557   0.000000000
   sum over m      0.014838279  0.014838279   0.029676557   0.000000000
   sum over m+mul  0.558867730  0.558867730   1.117735461   0.000000000
  px          0    0.420486871  0.420486871   0.840973743   0.000000000
  py          0    0.420559291  0.420559291   0.841118582   0.000000000
  pz          0    0.490420068  0.490420068   0.980840136   0.000000000
   sum over m      1.331466230  1.331466230   2.662932461   0.000000000
  px          1    0.029702733  0.029702733   0.059405466   0.000000000
  py          1    0.029760617  0.029760617   0.059521235   0.000000000
  pz          1   -0.009768905 -0.009768905  -0.019537810   0.000000000
   sum over m      0.049694445  0.049694445   0.099388891   0.000000000
   sum over m+mul  1.381160676  1.381160676   2.762321351   0.000000000
  d3z^2-r^2   0    0.002825647  0.002825647   0.005651294   0.000000000
  dx^2-y^2    0    0.018897745  0.018897745   0.037795491   0.000000000
  dxy         0    0.018899365  0.018899365   0.037798730   0.000000000
  dxz         0    0.009673847  0.009673847   0.019347694   0.000000000
  dyz         0    0.009674990  0.009674990   0.019349980   0.000000000
   sum over m      0.059971594  0.059971594   0.119943188   0.000000000
   sum over m+mul  0.059971594  0.059971594   0.119943188   0.000000000

    7    C          Up spin      Down spin     Sum           Diff
            multiple
  s           0    0.544029453  0.544029453   1.088058905   0.000000000
   sum over m      0.544029453  0.544029453   1.088058905   0.000000000
  s           1    0.014838278  0.014838278   0.029676557   0.000000000
   sum over m      0.014838278  0.014838278   0.029676557   0.000000000
   sum over m+mul  0.558867731  0.558867731   1.117735462   0.000000000
  px          0    0.420486871  0.420486871   0.840973742   0.000000000
  py          0    0.420559291  0.420559291   0.841118582   0.000000000
  pz          0    0.490420068  0.490420068   0.980840136   0.000000000
   sum over m      1.331466230  1.331466230   2.662932460   0.000000000
  px          1    0.029702733  0.029702733   0.059405466   0.000000000
  py          1    0.029760617  0.029760617   0.059521235   0.000000000
  pz          1   -0.009768905 -0.009768905  -0.019537810   0.000000000
   sum over m      0.049694445  0.049694445   0.099388890   0.000000000
   sum over m+mul  1.381160675  1.381160675   2.762321350   0.000000000
  d3z^2-r^2   0    0.002825647  0.002825647   0.005651294   0.000000000
  dx^2-y^2    0    0.018897745  0.018897745   0.037795491   0.000000000
  dxy         0    0.018899365  0.018899365   0.037798730   0.000000000
  dxz         0    0.009673847  0.009673847   0.019347694   0.000000000
  dyz         0    0.009674990  0.009674990   0.019349980   0.000000000
   sum over m      0.059971594  0.059971594   0.119943189   0.000000000
   sum over m+mul  0.059971594  0.059971594   0.119943189   0.000000000

    8    C          Up spin      Down spin     Sum           Diff
            multiple
  s           0    0.544029451  0.544029451   1.088058903   0.000000000
   sum over m      0.544029451  0.544029451   1.088058903   0.000000000
  s           1    0.014838278  0.014838278   0.029676557   0.000000000
   sum over m      0.014838278  0.014838278   0.029676557   0.000000000
   sum over m+mul  0.558867730  0.558867730   1.117735460   0.000000000
  px          0    0.420486872  0.420486872   0.840973744   0.000000000
  py          0    0.420559291  0.420559291   0.841118581   0.000000000
  pz          0    0.490420068  0.490420068   0.980840136   0.000000000
   sum over m      1.331466230  1.331466230   2.662932461   0.000000000
  px          1    0.029702733  0.029702733   0.059405466   0.000000000
  py          1    0.029760617  0.029760617   0.059521234   0.000000000
  pz          1   -0.009768905 -0.009768905  -0.019537810   0.000000000
   sum over m      0.049694445  0.049694445   0.099388891   0.000000000
   sum over m+mul  1.381160676  1.381160676   2.762321352   0.000000000
  d3z^2-r^2   0    0.002825647  0.002825647   0.005651294   0.000000000
  dx^2-y^2    0    0.018897745  0.018897745   0.037795491   0.000000000
  dxy         0    0.018899365  0.018899365   0.037798730   0.000000000
  dxz         0    0.009673847  0.009673847   0.019347694   0.000000000
  dyz         0    0.009674990  0.009674990   0.019349980   0.000000000
   sum over m      0.059971594  0.059971594   0.119943189   0.000000000
   sum over m+mul  0.059971594  0.059971594   0.119943189   0.000000000

    9    C          Up spin      Down spin     Sum           Diff
            multiple
  s           0    0.544029451  0.544029451   1.088058903   0.000000000
   sum over m      0.544029451  0.544029451   1.088058903   0.000000000
  s           1    0.014838279  0.014838279   0.029676557   0.000000000
   sum over m      0.014838279  0.014838279   0.029676557   0.000000000
   sum over m+mul  0.558867730  0.558867730   1.117735460   0.000000000
  px          0    0.420486872  0.420486872   0.840973744   0.000000000
  py          0    0.420559291  0.420559291   0.841118581   0.000000000
  pz          0    0.490420068  0.490420068   0.980840136   0.000000000
   sum over m      1.331466230  1.331466230   2.662932461   0.000000000
  px          1    0.029702733  0.029702733   0.059405466   0.000000000
  py          1    0.029760617  0.029760617   0.059521235   0.000000000
  pz          1   -0.009768905 -0.009768905  -0.019537810   0.000000000
   sum over m      0.049694445  0.049694445   0.099388891   0.000000000
   sum over m+mul  1.381160676  1.381160676   2.762321352   0.000000000
  d3z^2-r^2   0    0.002825647  0.002825647   0.005651294   0.000000000
  dx^2-y^2    0    0.018897745  0.018897745   0.037795491   0.000000000
  dxy         0    0.018899365  0.018899365   0.037798730   0.000000000
  dxz         0    0.009673847  0.009673847   0.019347694   0.000000000
  dyz         0    0.009674990  0.009674990   0.019349980   0.000000000
   sum over m      0.059971594  0.059971594   0.119943189   0.000000000
   sum over m+mul  0.059971594  0.059971594   0.119943189   0.000000000

   10    C          Up spin      Down spin     Sum           Diff
            multiple
  s           0    0.544029451  0.544029451   1.088058903   0.000000000
   sum over m      0.544029451  0.544029451   1.088058903   0.000000000
  s           1    0.014838279  0.014838279   0.029676557   0.000000000
   sum over m      0.014838279  0.014838279   0.029676557   0.000000000
   sum over m+mul  0.558867730  0.558867730   1.117735460   0.000000000
  px          0    0.420486871  0.420486871   0.840973743   0.000000000
  py          0    0.420559291  0.420559291   0.841118583   0.000000000
  pz          0    0.490420068  0.490420068   0.980840136   0.000000000
   sum over m      1.331466231  1.331466231   2.662932461   0.000000000
  px          1    0.029702733  0.029702733   0.059405466   0.000000000
  py          1    0.029760617  0.029760617   0.059521234   0.000000000
  pz          1   -0.009768905 -0.009768905  -0.019537810   0.000000000
   sum over m      0.049694445  0.049694445   0.099388890   0.000000000
   sum over m+mul  1.381160676  1.381160676   2.762321352   0.000000000
  d3z^2-r^2   0    0.002825647  0.002825647   0.005651294   0.000000000
  dx^2-y^2    0    0.018897745  0.018897745   0.037795491   0.000000000
  dxy         0    0.018899365  0.018899365   0.037798730   0.000000000
  dxz         0    0.009673847  0.009673847   0.019347694   0.000000000
  dyz         0    0.009674990  0.009674990   0.019349980   0.000000000
   sum over m      0.059971594  0.059971594   0.119943189   0.000000000
   sum over m+mul  0.059971594  0.059971594   0.119943189   0.000000000

   11    C          Up spin      Down spin     Sum           Diff
            multiple
  s           0    0.544029451  0.544029451   1.088058902   0.000000000
   sum over m      0.544029451  0.544029451   1.088058902   0.000000000
  s           1    0.014838279  0.014838279   0.029676557   0.000000000
   sum over m      0.014838279  0.014838279   0.029676557   0.000000000
   sum over m+mul  0.558867730  0.558867730   1.117735459   0.000000000
  px          0    0.420486872  0.420486872   0.840973743   0.000000000
  py          0    0.420559291  0.420559291   0.841118582   0.000000000
  pz          0    0.490420068  0.490420068   0.980840136   0.000000000
   sum over m      1.331466231  1.331466231   2.662932462   0.000000000
  px          1    0.029702733  0.029702733   0.059405466   0.000000000
  py          1    0.029760617  0.029760617   0.059521234   0.000000000
  pz          1   -0.009768905 -0.009768905  -0.019537810   0.000000000
   sum over m      0.049694445  0.049694445   0.099388890   0.000000000
   sum over m+mul  1.381160676  1.381160676   2.762321352   0.000000000
  d3z^2-r^2   0    0.002825647  0.002825647   0.005651294   0.000000000
  dx^2-y^2    0    0.018897745  0.018897745   0.037795491   0.000000000
  dxy         0    0.018899365  0.018899365   0.037798730   0.000000000
  dxz         0    0.009673847  0.009673847   0.019347694   0.000000000
  dyz         0    0.009674990  0.009674990   0.019349980   0.000000000
   sum over m      0.059971594  0.059971594   0.119943189   0.000000000
   sum over m+mul  0.059971594  0.059971594   0.119943189   0.000000000

   12    C          Up spin      Down spin     Sum           Diff
            multiple
  s           0    0.544029452  0.544029452   1.088058905   0.000000000
   sum over m      0.544029452  0.544029452   1.088058905   0.000000000
  s           1    0.014838278  0.014838278   0.029676557   0.000000000
   sum over m      0.014838278  0.014838278   0.029676557   0.000000000
   sum over m+mul  0.558867731  0.558867731   1.117735462   0.000000000
  px          0    0.420486872  0.420486872   0.840973743   0.000000000
  py          0    0.420559291  0.420559291   0.841118581   0.000000000
  pz          0    0.490420068  0.490420068   0.980840136   0.000000000
   sum over m      1.331466230  1.331466230   2.662932461   0.000000000
  px          1    0.029702733  0.029702733   0.059405466   0.000000000
  py          1    0.029760617  0.029760617   0.059521235   0.000000000
  pz          1   -0.009768905 -0.009768905  -0.019537810   0.000000000
   sum over m      0.049694445  0.049694445   0.099388890   0.000000000
   sum over m+mul  1.381160675  1.381160675   2.762321351   0.000000000
  d3z^2-r^2   0    0.002825647  0.002825647   0.005651294   0.000000000
  dx^2-y^2    0    0.018897745  0.018897745   0.037795491   0.000000000
  dxy         0    0.018899365  0.018899365   0.037798730   0.000000000
  dxz         0    0.009673847  0.009673847   0.019347694   0.000000000
  dyz         0    0.009674990  0.009674990   0.019349980   0.000000000
   sum over m      0.059971594  0.059971594   0.119943189   0.000000000
   sum over m+mul  0.059971594  0.059971594   0.119943189   0.000000000

   13    C          Up spin      Down spin     Sum           Diff
            multiple
  s           0    0.544029452  0.544029452   1.088058903   0.000000000
   sum over m      0.544029452  0.544029452   1.088058903   0.000000000
  s           1    0.014838279  0.014838279   0.029676558   0.000000000
   sum over m      0.014838279  0.014838279   0.029676558   0.000000000
   sum over m+mul  0.558867730  0.558867730   1.117735461   0.000000000
  px          0    0.420486871  0.420486871   0.840973742   0.000000000
  py          0    0.420559290  0.420559290   0.841118581   0.000000000
  pz          0    0.490420068  0.490420068   0.980840136   0.000000000
   sum over m      1.331466229  1.331466229   2.662932459   0.000000000
  px          1    0.029702733  0.029702733   0.059405466   0.000000000
  py          1    0.029760617  0.029760617   0.059521235   0.000000000
  pz          1   -0.009768905 -0.009768905  -0.019537810   0.000000000
   sum over m      0.049694445  0.049694445   0.099388890   0.000000000
   sum over m+mul  1.381160675  1.381160675   2.762321349   0.000000000
  d3z^2-r^2   0    0.002825647  0.002825647   0.005651294   0.000000000
  dx^2-y^2    0    0.018897745  0.018897745   0.037795491   0.000000000
  dxy         0    0.018899365  0.018899365   0.037798730   0.000000000
  dxz         0    0.009673847  0.009673847   0.019347694   0.000000000
  dyz         0    0.009674990  0.009674990   0.019349980   0.000000000
   sum over m      0.059971594  0.059971594   0.119943189   0.000000000
   sum over m+mul  0.059971594  0.059971594   0.119943189   0.000000000

   14    C          Up spin      Down spin     Sum           Diff
            multiple
  s           0    0.544029451  0.544029451   1.088058903   0.000000000
   sum over m      0.544029451  0.544029451   1.088058903   0.000000000
  s           1    0.014838278  0.014838278   0.029676557   0.000000000
   sum over m      0.014838278  0.014838278   0.029676557   0.000000000
   sum over m+mul  0.558867730  0.558867730   1.117735460   0.000000000
  px          0    0.420486872  0.420486872   0.840973743   0.000000000
  py          0    0.420559291  0.420559291   0.841118582   0.000000000
  pz          0    0.490420068  0.490420068   0.980840136   0.000000000
   sum over m      1.331466231  1.331466231   2.662932461   0.000000000
  px          1    0.029702733  0.029702733   0.059405467   0.000000000
  py          1    0.029760617  0.029760617   0.059521234   0.000000000
  pz          1   -0.009768905 -0.009768905  -0.019537810   0.000000000
   sum over m      0.049694446  0.049694446   0.099388891   0.000000000
   sum over m+mul  1.381160676  1.381160676   2.762321352   0.000000000
  d3z^2-r^2   0    0.002825647  0.002825647   0.005651294   0.000000000
  dx^2-y^2    0    0.018897745  0.018897745   0.037795491   0.000000000
  dxy         0    0.018899365  0.018899365   0.037798730   0.000000000
  dxz         0    0.009673847  0.009673847   0.019347694   0.000000000
  dyz         0    0.009674990  0.009674990   0.019349980   0.000000000
   sum over m      0.059971594  0.059971594   0.119943189   0.000000000
   sum over m+mul  0.059971594  0.059971594   0.119943189   0.000000000

   15    C          Up spin      Down spin     Sum           Diff
            multiple
  s           0    0.544029453  0.544029453   1.088058905   0.000000000
   sum over m      0.544029453  0.544029453   1.088058905   0.000000000
  s           1    0.014838278  0.014838278   0.029676557   0.000000000
   sum over m      0.014838278  0.014838278   0.029676557   0.000000000
   sum over m+mul  0.558867731  0.558867731   1.117735462   0.000000000
  px          0    0.420486872  0.420486872   0.840973743   0.000000000
  py          0    0.420559291  0.420559291   0.841118581   0.000000000
  pz          0    0.490420068  0.490420068   0.980840136   0.000000000
   sum over m      1.331466230  1.331466230   2.662932460   0.000000000
  px          1    0.029702733  0.029702733   0.059405466   0.000000000
  py          1    0.029760617  0.029760617   0.059521234   0.000000000
  pz          1   -0.009768905 -0.009768905  -0.019537810   0.000000000
   sum over m      0.049694445  0.049694445   0.099388890   0.000000000
   sum over m+mul  1.381160675  1.381160675   2.762321350   0.000000000
  d3z^2-r^2   0    0.002825647  0.002825647   0.005651294   0.000000000
  dx^2-y^2    0    0.018897745  0.018897745   0.037795491   0.000000000
  dxy         0    0.018899365  0.018899365   0.037798730   0.000000000
  dxz         0    0.009673847  0.009673847   0.019347694   0.000000000
  dyz         0    0.009674990  0.009674990   0.019349980   0.000000000
   sum over m      0.059971594  0.059971594   0.119943189   0.000000000
   sum over m+mul  0.059971594  0.059971594   0.119943189   0.000000000

   16    C          Up spin      Down spin     Sum           Diff
            multiple
  s           0    0.544029451  0.544029451   1.088058902   0.000000000
   sum over m      0.544029451  0.544029451   1.088058902   0.000000000
  s           1    0.014838278  0.014838278   0.029676557   0.000000000
   sum over m      0.014838278  0.014838278   0.029676557   0.000000000
   sum over m+mul  0.558867730  0.558867730   1.117735459   0.000000000
  px          0    0.420486871  0.420486871   0.840973743   0.000000000
  py          0    0.420559290  0.420559290   0.841118581   0.000000000
  pz          0    0.490420068  0.490420068   0.980840136   0.000000000
   sum over m      1.331466229  1.331466229   2.662932459   0.000000000
  px          1    0.029702733  0.029702733   0.059405466   0.000000000
  py          1    0.029760617  0.029760617   0.059521234   0.000000000
  pz          1   -0.009768905 -0.009768905  -0.019537810   0.000000000
   sum over m      0.049694445  0.049694445   0.099388890   0.000000000
   sum over m+mul  1.381160674  1.381160674   2.762321348   0.000000000
  d3z^2-r^2   0    0.002825647  0.002825647   0.005651294   0.000000000
  dx^2-y^2    0    0.018897745  0.018897745   0.037795491   0.000000000
  dxy         0    0.018899365  0.018899365   0.037798730   0.000000000
  dxz         0    0.009673847  0.009673847   0.019347694   0.000000000
  dyz         0    0.009674990  0.009674990   0.019349980   0.000000000
   sum over m      0.059971594  0.059971594   0.119943189   0.000000000
   sum over m+mul  0.059971594  0.059971594   0.119943189   0.000000000

   17    C          Up spin      Down spin     Sum           Diff
            multiple
  s           0    0.544029452  0.544029452   1.088058903   0.000000000
   sum over m      0.544029452  0.544029452   1.088058903   0.000000000
  s           1    0.014838278  0.014838278   0.029676557   0.000000000
   sum over m      0.014838278  0.014838278   0.029676557   0.000000000
   sum over m+mul  0.558867730  0.558867730   1.117735460   0.000000000
  px          0    0.420486872  0.420486872   0.840973745   0.000000000
  py          0    0.420559291  0.420559291   0.841118581   0.000000000
  pz          0    0.490420068  0.490420068   0.980840136   0.000000000
   sum over m      1.331466231  1.331466231   2.662932463   0.000000000
  px          1    0.029702733  0.029702733   0.059405466   0.000000000
  py          1    0.029760617  0.029760617   0.059521235   0.000000000
  pz          1   -0.009768905 -0.009768905  -0.019537810   0.000000000
   sum over m      0.049694445  0.049694445   0.099388891   0.000000000
   sum over m+mul  1.381160677  1.381160677   2.762321354   0.000000000
  d3z^2-r^2   0    0.002825647  0.002825647   0.005651294   0.000000000
  dx^2-y^2    0    0.018897745  0.018897745   0.037795491   0.000000000
  dxy         0    0.018899365  0.018899365   0.037798730   0.000000000
  dxz         0    0.009673847  0.009673847   0.019347694   0.000000000
  dyz         0    0.009674990  0.009674990   0.019349980   0.000000000
   sum over m      0.059971594  0.059971594   0.119943189   0.000000000
   sum over m+mul  0.059971594  0.059971594   0.119943189   0.000000000

   18    C          Up spin      Down spin     Sum           Diff
            multiple
  s           0    0.544029453  0.544029453   1.088058905   0.000000000
   sum over m      0.544029453  0.544029453   1.088058905   0.000000000
  s           1    0.014838279  0.014838279   0.029676557   0.000000000
   sum over m      0.014838279  0.014838279   0.029676557   0.000000000
   sum over m+mul  0.558867731  0.558867731   1.117735463   0.000000000
  px          0    0.420486871  0.420486871   0.840973741   0.000000000
  py          0    0.420559291  0.420559291   0.841118582   0.000000000
  pz          0    0.490420068  0.490420068   0.980840136   0.000000000
   sum over m      1.331466230  1.331466230   2.662932460   0.000000000
  px          1    0.029702733  0.029702733   0.059405466   0.000000000
  py          1    0.029760617  0.029760617   0.059521235   0.000000000
  pz          1   -0.009768905 -0.009768905  -0.019537810   0.000000000
   sum over m      0.049694445  0.049694445   0.099388890   0.000000000
   sum over m+mul  1.381160675  1.381160675   2.762321350   0.000000000
  d3z^2-r^2   0    0.002825647  0.002825647   0.005651294   0.000000000
  dx^2-y^2    0    0.018897745  0.018897745   0.037795491   0.000000000
  dxy         0    0.018899365  0.018899365   0.037798730   0.000000000
  dxz         0    0.009673847  0.009673847   0.019347694   0.000000000
  dyz         0    0.009674990  0.009674990   0.019349980   0.000000000
   sum over m      0.059971594  0.059971594   0.119943189   0.000000000
   sum over m+mul  0.059971594  0.059971594   0.119943189   0.000000000

   19    C          Up spin      Down spin     Sum           Diff
            multiple
  s           0    0.544029453  0.544029453   1.088058906   0.000000000
   sum over m      0.544029453  0.544029453   1.088058906   0.000000000
  s           1    0.014838279  0.014838279   0.029676557   0.000000000
   sum over m      0.014838279  0.014838279   0.029676557   0.000000000
   sum over m+mul  0.558867732  0.558867732   1.117735463   0.000000000
  px          0    0.420486871  0.420486871   0.840973743   0.000000000
  py          0    0.420559291  0.420559291   0.841118582   0.000000000
  pz          0    0.490420068  0.490420068   0.980840136   0.000000000
   sum over m      1.331466230  1.331466230   2.662932460   0.000000000
  px          1    0.029702733  0.029702733   0.059405466   0.000000000
  py          1    0.029760617  0.029760617   0.059521234   0.000000000
  pz          1   -0.009768905 -0.009768905  -0.019537810   0.000000000
   sum over m      0.049694445  0.049694445   0.099388890   0.000000000
   sum over m+mul  1.381160675  1.381160675   2.762321350   0.000000000
  d3z^2-r^2   0    0.002825647  0.002825647   0.005651294   0.000000000
  dx^2-y^2    0    0.018897745  0.018897745   0.037795491   0.000000000
  dxy         0    0.018899365  0.018899365   0.037798730   0.000000000
  dxz         0    0.009673847  0.009673847   0.019347694   0.000000000
  dyz         0    0.009674990  0.009674990   0.019349980   0.000000000
   sum over m      0.059971594  0.059971594   0.119943189   0.000000000
   sum over m+mul  0.059971594  0.059971594   0.119943189   0.000000000

   20    C          Up spin      Down spin     Sum           Diff
            multiple
  s           0    0.544029452  0.544029452   1.088058904   0.000000000
   sum over m      0.544029452  0.544029452   1.088058904   0.000000000
  s           1    0.014838278  0.014838278   0.029676557   0.000000000
   sum over m      0.014838278  0.014838278   0.029676557   0.000000000
   sum over m+mul  0.558867730  0.558867730   1.117735461   0.000000000
  px          0    0.420486871  0.420486871   0.840973741   0.000000000
  py          0    0.420559290  0.420559290   0.841118581   0.000000000
  pz          0    0.490420068  0.490420068   0.980840136   0.000000000
   sum over m      1.331466229  1.331466229   2.662932459   0.000000000
  px          1    0.029702733  0.029702733   0.059405466   0.000000000
  py          1    0.029760617  0.029760617   0.059521234   0.000000000
  pz          1   -0.009768905 -0.009768905  -0.019537810   0.000000000
   sum over m      0.049694445  0.049694445   0.099388889   0.000000000
   sum over m+mul  1.381160674  1.381160674   2.762321348   0.000000000
  d3z^2-r^2   0    0.002825647  0.002825647   0.005651294   0.000000000
  dx^2-y^2    0    0.018897745  0.018897745   0.037795491   0.000000000
  dxy         0    0.018899365  0.018899365   0.037798730   0.000000000
  dxz         0    0.009673847  0.009673847   0.019347694   0.000000000
  dyz         0    0.009674990  0.009674990   0.019349980   0.000000000
   sum over m      0.059971594  0.059971594   0.119943189   0.000000000
   sum over m+mul  0.059971594  0.059971594   0.119943189   0.000000000

   21    C          Up spin      Down spin     Sum           Diff
            multiple
  s           0    0.544029452  0.544029452   1.088058905   0.000000000
   sum over m      0.544029452  0.544029452   1.088058905   0.000000000
  s           1    0.014838278  0.014838278   0.029676557   0.000000000
   sum over m      0.014838278  0.014838278   0.029676557   0.000000000
   sum over m+mul  0.558867731  0.558867731   1.117735462   0.000000000
  px          0    0.420486871  0.420486871   0.840973743   0.000000000
  py          0    0.420559291  0.420559291   0.841118582   0.000000000
  pz          0    0.490420068  0.490420068   0.980840137   0.000000000
   sum over m      1.331466231  1.331466231   2.662932461   0.000000000
  px          1    0.029702733  0.029702733   0.059405465   0.000000000
  py          1    0.029760617  0.029760617   0.059521235   0.000000000
  pz          1   -0.009768905 -0.009768905  -0.019537810   0.000000000
   sum over m      0.049694445  0.049694445   0.099388890   0.000000000
   sum over m+mul  1.381160676  1.381160676   2.762321351   0.000000000
  d3z^2-r^2   0    0.002825647  0.002825647   0.005651294   0.000000000
  dx^2-y^2    0    0.018897745  0.018897745   0.037795491   0.000000000
  dxy         0    0.018899365  0.018899365   0.037798730   0.000000000
  dxz         0    0.009673847  0.009673847   0.019347694   0.000000000
  dyz         0    0.009674990  0.009674990   0.019349980   0.000000000
   sum over m      0.059971594  0.059971594   0.119943189   0.000000000
   sum over m+mul  0.059971594  0.059971594   0.119943189   0.000000000

   22    C          Up spin      Down spin     Sum           Diff
            multiple
  s           0    0.544029451  0.544029451   1.088058901   0.000000000
   sum over m      0.544029451  0.544029451   1.088058901   0.000000000
  s           1    0.014838278  0.014838278   0.029676557   0.000000000
   sum over m      0.014838278  0.014838278   0.029676557   0.000000000
   sum over m+mul  0.558867729  0.558867729   1.117735458   0.000000000
  px          0    0.420486871  0.420486871   0.840973743   0.000000000
  py          0    0.420559291  0.420559291   0.841118581   0.000000000
  pz          0    0.490420068  0.490420068   0.980840136   0.000000000
   sum over m      1.331466230  1.331466230   2.662932461   0.000000000
  px          1    0.029702733  0.029702733   0.059405466   0.000000000
  py          1    0.029760617  0.029760617   0.059521234   0.000000000
  pz          1   -0.009768905 -0.009768905  -0.019537810   0.000000000
   sum over m      0.049694445  0.049694445   0.099388890   0.000000000
   sum over m+mul  1.381160675  1.381160675   2.762321351   0.000000000
  d3z^2-r^2   0    0.002825647  0.002825647   0.005651294   0.000000000
  dx^2-y^2    0    0.018897745  0.018897745   0.037795491   0.000000000
  dxy         0    0.018899365  0.018899365   0.037798730   0.000000000
  dxz         0    0.009673847  0.009673847   0.019347694   0.000000000
  dyz         0    0.009674990  0.009674990   0.019349980   0.000000000
   sum over m      0.059971594  0.059971594   0.119943189   0.000000000
   sum over m+mul  0.059971594  0.059971594   0.119943189   0.000000000

   23    C          Up spin      Down spin     Sum           Diff
            multiple
  s           0    0.544029451  0.544029451   1.088058901   0.000000000
   sum over m      0.544029451  0.544029451   1.088058901   0.000000000
  s           1    0.014838279  0.014838279   0.029676557   0.000000000
   sum over m      0.014838279  0.014838279   0.029676557   0.000000000
   sum over m+mul  0.558867729  0.558867729   1.117735458   0.000000000
  px          0    0.420486872  0.420486872   0.840973743   0.000000000
  py          0    0.420559291  0.420559291   0.841118583   0.000000000
  pz          0    0.490420068  0.490420068   0.980840136   0.000000000
   sum over m      1.331466231  1.331466231   2.662932462   0.000000000
  px          1    0.029702733  0.029702733   0.059405466   0.000000000
  py          1    0.029760617  0.029760617   0.059521235   0.000000000
  pz          1   -0.009768905 -0.009768905  -0.019537810   0.000000000
   sum over m      0.049694445  0.049694445   0.099388890   0.000000000
   sum over m+mul  1.381160676  1.381160676   2.762321352   0.000000000
  d3z^2-r^2   0    0.002825647  0.002825647   0.005651294   0.000000000
  dx^2-y^2    0    0.018897745  0.018897745   0.037795491   0.000000000
  dxy         0    0.018899365  0.018899365   0.037798730   0.000000000
  dxz         0    0.009673847  0.009673847   0.019347694   0.000000000
  dyz         0    0.009674990  0.009674990   0.019349980   0.000000000
   sum over m      0.059971594  0.059971594   0.119943189   0.000000000
   sum over m+mul  0.059971594  0.059971594   0.119943189   0.000000000

   24    C          Up spin      Down spin     Sum           Diff
            multiple
  s           0    0.544029452  0.544029452   1.088058904   0.000000000
   sum over m      0.544029452  0.544029452   1.088058904   0.000000000
  s           1    0.014838279  0.014838279   0.029676557   0.000000000
   sum over m      0.014838279  0.014838279   0.029676557   0.000000000
   sum over m+mul  0.558867731  0.558867731   1.117735461   0.000000000
  px          0    0.420486871  0.420486871   0.840973743   0.000000000
  py          0    0.420559291  0.420559291   0.841118583   0.000000000
  pz          0    0.490420068  0.490420068   0.980840136   0.000000000
   sum over m      1.331466230  1.331466230   2.662932461   0.000000000
  px          1    0.029702733  0.029702733   0.059405466   0.000000000
  py          1    0.029760618  0.029760618   0.059521235   0.000000000
  pz          1   -0.009768905 -0.009768905  -0.019537810   0.000000000
   sum over m      0.049694446  0.049694446   0.099388891   0.000000000
   sum over m+mul  1.381160676  1.381160676   2.762321352   0.000000000
  d3z^2-r^2   0    0.002825647  0.002825647   0.005651294   0.000000000
  dx^2-y^2    0    0.018897745  0.018897745   0.037795491   0.000000000
  dxy         0    0.018899365  0.018899365   0.037798730   0.000000000
  dxz         0    0.009673847  0.009673847   0.019347694   0.000000000
  dyz         0    0.009674990  0.009674990   0.019349980   0.000000000
   sum over m      0.059971594  0.059971594   0.119943189   0.000000000
   sum over m+mul  0.059971594  0.059971594   0.119943189   0.000000000

   25    C          Up spin      Down spin     Sum           Diff
            multiple
  s           0    0.544029451  0.544029451   1.088058901   0.000000000
   sum over m      0.544029451  0.544029451   1.088058901   0.000000000
  s           1    0.014838278  0.014838278   0.029676557   0.000000000
   sum over m      0.014838278  0.014838278   0.029676557   0.000000000
   sum over m+mul  0.558867729  0.558867729   1.117735458   0.000000000
  px          0    0.420486872  0.420486872   0.840973743   0.000000000
  py          0    0.420559291  0.420559291   0.841118582   0.000000000
  pz          0    0.490420068  0.490420068   0.980840137   0.000000000
   sum over m      1.331466231  1.331466231   2.662932461   0.000000000
  px          1    0.029702733  0.029702733   0.059405466   0.000000000
  py          1    0.029760618  0.029760618   0.059521235   0.000000000
  pz          1   -0.009768905 -0.009768905  -0.019537810   0.000000000
   sum over m      0.049694445  0.049694445   0.099388891   0.000000000
   sum over m+mul  1.381160676  1.381160676   2.762321352   0.000000000
  d3z^2-r^2   0    0.002825647  0.002825647   0.005651294   0.000000000
  dx^2-y^2    0    0.018897745  0.018897745   0.037795491   0.000000000
  dxy         0    0.018899365  0.018899365   0.037798730   0.000000000
  dxz         0    0.009673847  0.009673847   0.019347694   0.000000000
  dyz         0    0.009674990  0.009674990   0.019349980   0.000000000
   sum over m      0.059971594  0.059971594   0.119943189   0.000000000
   sum over m+mul  0.059971594  0.059971594   0.119943189   0.000000000

   26    C          Up spin      Down spin     Sum           Diff
            multiple
  s           0    0.544029452  0.544029452   1.088058903   0.000000000
   sum over m      0.544029452  0.544029452   1.088058903   0.000000000
  s           1    0.014838279  0.014838279   0.029676557   0.000000000
   sum over m      0.014838279  0.014838279   0.029676557   0.000000000
   sum over m+mul  0.558867730  0.558867730   1.117735460   0.000000000
  px          0    0.420486870  0.420486870   0.840973741   0.000000000
  py          0    0.420559292  0.420559292   0.841118584   0.000000000
  pz          0    0.490420068  0.490420068   0.980840136   0.000000000
   sum over m      1.331466230  1.331466230   2.662932461   0.000000000
  px          1    0.029702733  0.029702733   0.059405466   0.000000000
  py          1    0.029760617  0.029760617   0.059521235   0.000000000
  pz          1   -0.009768905 -0.009768905  -0.019537810   0.000000000
   sum over m      0.049694446  0.049694446   0.099388891   0.000000000
   sum over m+mul  1.381160676  1.381160676   2.762321352   0.000000000
  d3z^2-r^2   0    0.002825647  0.002825647   0.005651294   0.000000000
  dx^2-y^2    0    0.018897745  0.018897745   0.037795491   0.000000000
  dxy         0    0.018899365  0.018899365   0.037798730   0.000000000
  dxz         0    0.009673847  0.009673847   0.019347694   0.000000000
  dyz         0    0.009674990  0.009674990   0.019349980   0.000000000
   sum over m      0.059971594  0.059971594   0.119943189   0.000000000
   sum over m+mul  0.059971594  0.059971594   0.119943189   0.000000000

   27    C          Up spin      Down spin     Sum           Diff
            multiple
  s           0    0.544029451  0.544029451   1.088058903   0.000000000
   sum over m      0.544029451  0.544029451   1.088058903   0.000000000
  s           1    0.014838279  0.014838279   0.029676557   0.000000000
   sum over m      0.014838279  0.014838279   0.029676557   0.000000000
   sum over m+mul  0.558867730  0.558867730   1.117735460   0.000000000
  px          0    0.420486871  0.420486871   0.840973742   0.000000000
  py          0    0.420559291  0.420559291   0.841118581   0.000000000
  pz          0    0.490420068  0.490420068   0.980840136   0.000000000
   sum over m      1.331466229  1.331466229   2.662932459   0.000000000
  px          1    0.029702733  0.029702733   0.059405465   0.000000000
  py          1    0.029760617  0.029760617   0.059521235   0.000000000
  pz          1   -0.009768905 -0.009768905  -0.019537810   0.000000000
   sum over m      0.049694445  0.049694445   0.099388890   0.000000000
   sum over m+mul  1.381160674  1.381160674   2.762321349   0.000000000
  d3z^2-r^2   0    0.002825647  0.002825647   0.005651294   0.000000000
  dx^2-y^2    0    0.018897745  0.018897745   0.037795491   0.000000000
  dxy         0    0.018899365  0.018899365   0.037798730   0.000000000
  dxz         0    0.009673847  0.009673847   0.019347694   0.000000000
  dyz         0    0.009674990  0.009674990   0.019349980   0.000000000
   sum over m      0.059971594  0.059971594   0.119943189   0.000000000
   sum over m+mul  0.059971594  0.059971594   0.119943189   0.000000000

   28    C          Up spin      Down spin     Sum           Diff
            multiple
  s           0    0.544029451  0.544029451   1.088058903   0.000000000
   sum over m      0.544029451  0.544029451   1.088058903   0.000000000
  s           1    0.014838278  0.014838278   0.029676557   0.000000000
   sum over m      0.014838278  0.014838278   0.029676557   0.000000000
   sum over m+mul  0.558867730  0.558867730   1.117735459   0.000000000
  px          0    0.420486871  0.420486871   0.840973742   0.000000000
  py          0    0.420559291  0.420559291   0.841118582   0.000000000
  pz          0    0.490420068  0.490420068   0.980840136   0.000000000
   sum over m      1.331466230  1.331466230   2.662932460   0.000000000
  px          1    0.029702733  0.029702733   0.059405466   0.000000000
  py          1    0.029760617  0.029760617   0.059521234   0.000000000
  pz          1   -0.009768905 -0.009768905  -0.019537810   0.000000000
   sum over m      0.049694445  0.049694445   0.099388890   0.000000000
   sum over m+mul  1.381160675  1.381160675   2.762321350   0.000000000
  d3z^2-r^2   0    0.002825647  0.002825647   0.005651294   0.000000000
  dx^2-y^2    0    0.018897745  0.018897745   0.037795491   0.000000000
  dxy         0    0.018899365  0.018899365   0.037798730   0.000000000
  dxz         0    0.009673847  0.009673847   0.019347694   0.000000000
  dyz         0    0.009674990  0.009674990   0.019349980   0.000000000
   sum over m      0.059971594  0.059971594   0.119943189   0.000000000
   sum over m+mul  0.059971594  0.059971594   0.119943189   0.000000000

   29    C          Up spin      Down spin     Sum           Diff
            multiple
  s           0    0.544029452  0.544029452   1.088058905   0.000000000
   sum over m      0.544029452  0.544029452   1.088058905   0.000000000
  s           1    0.014838278  0.014838278   0.029676557   0.000000000
   sum over m      0.014838278  0.014838278   0.029676557   0.000000000
   sum over m+mul  0.558867731  0.558867731   1.117735462   0.000000000
  px          0    0.420486872  0.420486872   0.840973744   0.000000000
  py          0    0.420559291  0.420559291   0.841118583   0.000000000
  pz          0    0.490420068  0.490420068   0.980840137   0.000000000
   sum over m      1.331466232  1.331466232   2.662932464   0.000000000
  px          1    0.029702733  0.029702733   0.059405466   0.000000000
  py          1    0.029760617  0.029760617   0.059521234   0.000000000
  pz          1   -0.009768905 -0.009768905  -0.019537810   0.000000000
   sum over m      0.049694445  0.049694445   0.099388891   0.000000000
   sum over m+mul  1.381160677  1.381160677   2.762321354   0.000000000
  d3z^2-r^2   0    0.002825647  0.002825647   0.005651294   0.000000000
  dx^2-y^2    0    0.018897745  0.018897745   0.037795491   0.000000000
  dxy         0    0.018899365  0.018899365   0.037798730   0.000000000
  dxz         0    0.009673847  0.009673847   0.019347694   0.000000000
  dyz         0    0.009674990  0.009674990   0.019349980   0.000000000
   sum over m      0.059971594  0.059971594   0.119943189   0.000000000
   sum over m+mul  0.059971594  0.059971594   0.119943189   0.000000000

   30    C          Up spin      Down spin     Sum           Diff
            multiple
  s           0    0.544029451  0.544029451   1.088058902   0.000000000
   sum over m      0.544029451  0.544029451   1.088058902   0.000000000
  s           1    0.014838279  0.014838279   0.029676557   0.000000000
   sum over m      0.014838279  0.014838279   0.029676557   0.000000000
   sum over m+mul  0.558867730  0.558867730   1.117735459   0.000000000
  px          0    0.420486872  0.420486872   0.840973743   0.000000000
  py          0    0.420559290  0.420559290   0.841118581   0.000000000
  pz          0    0.490420068  0.490420068   0.980840136   0.000000000
   sum over m      1.331466230  1.331466230   2.662932460   0.000000000
  px          1    0.029702733  0.029702733   0.059405466   0.000000000
  py          1    0.029760617  0.029760617   0.059521235   0.000000000
  pz          1   -0.009768905 -0.009768905  -0.019537810   0.000000000
   sum over m      0.049694445  0.049694445   0.099388890   0.000000000
   sum over m+mul  1.381160675  1.381160675   2.762321351   0.000000000
  d3z^2-r^2   0    0.002825647  0.002825647   0.005651294   0.000000000
  dx^2-y^2    0    0.018897745  0.018897745   0.037795491   0.000000000
  dxy         0    0.018899365  0.018899365   0.037798730   0.000000000
  dxz         0    0.009673847  0.009673847   0.019347694   0.000000000
  dyz         0    0.009674990  0.009674990   0.019349980   0.000000000
   sum over m      0.059971594  0.059971594   0.119943189   0.000000000
   sum over m+mul  0.059971594  0.059971594   0.119943189   0.000000000

   31    C          Up spin      Down spin     Sum           Diff
            multiple
  s           0    0.544029452  0.544029452   1.088058903   0.000000000
   sum over m      0.544029452  0.544029452   1.088058903   0.000000000
  s           1    0.014838278  0.014838278   0.029676557   0.000000000
   sum over m      0.014838278  0.014838278   0.029676557   0.000000000
   sum over m+mul  0.558867730  0.558867730   1.117735460   0.000000000
  px          0    0.420486872  0.420486872   0.840973743   0.000000000
  py          0    0.420559291  0.420559291   0.841118581   0.000000000
  pz          0    0.490420068  0.490420068   0.980840137   0.000000000
   sum over m      1.331466231  1.331466231   2.662932461   0.000000000
  px          1    0.029702733  0.029702733   0.059405466   0.000000000
  py          1    0.029760617  0.029760617   0.059521235   0.000000000
  pz          1   -0.009768905 -0.009768905  -0.019537810   0.000000000
   sum over m      0.049694445  0.049694445   0.099388890   0.000000000
   sum over m+mul  1.381160676  1.381160676   2.762321352   0.000000000
  d3z^2-r^2   0    0.002825647  0.002825647   0.005651294   0.000000000
  dx^2-y^2    0    0.018897745  0.018897745   0.037795491   0.000000000
  dxy         0    0.018899365  0.018899365   0.037798730   0.000000000
  dxz         0    0.009673847  0.009673847   0.019347694   0.000000000
  dyz         0    0.009674990  0.009674990   0.019349980   0.000000000
   sum over m      0.059971594  0.059971594   0.119943189   0.000000000
   sum over m+mul  0.059971594  0.059971594   0.119943189   0.000000000

   32    C          Up spin      Down spin     Sum           Diff
            multiple
  s           0    0.544029451  0.544029451   1.088058902   0.000000000
   sum over m      0.544029451  0.544029451   1.088058902   0.000000000
  s           1    0.014838279  0.014838279   0.029676557   0.000000000
   sum over m      0.014838279  0.014838279   0.029676557   0.000000000
   sum over m+mul  0.558867729  0.558867729   1.117735459   0.000000000
  px          0    0.420486871  0.420486871   0.840973741   0.000000000
  py          0    0.420559292  0.420559292   0.841118583   0.000000000
  pz          0    0.490420068  0.490420068   0.980840136   0.000000000
   sum over m      1.331466230  1.331466230   2.662932460   0.000000000
  px          1    0.029702733  0.029702733   0.059405466   0.000000000
  py          1    0.029760617  0.029760617   0.059521235   0.000000000
  pz          1   -0.009768905 -0.009768905  -0.019537810   0.000000000
   sum over m      0.049694445  0.049694445   0.099388891   0.000000000
   sum over m+mul  1.381160676  1.381160676   2.762321351   0.000000000
  d3z^2-r^2   0    0.002825647  0.002825647   0.005651294   0.000000000
  dx^2-y^2    0    0.018897745  0.018897745   0.037795491   0.000000000
  dxy         0    0.018899365  0.018899365   0.037798730   0.000000000
  dxz         0    0.009673847  0.009673847   0.019347694   0.000000000
  dyz         0    0.009674990  0.009674990   0.019349980   0.000000000
   sum over m      0.059971594  0.059971594   0.119943189   0.000000000
   sum over m+mul  0.059971594  0.059971594   0.119943189   0.000000000

   33    C          Up spin      Down spin     Sum           Diff
            multiple
  s           0    0.544029452  0.544029452   1.088058903   0.000000000
   sum over m      0.544029452  0.544029452   1.088058903   0.000000000
  s           1    0.014838279  0.014838279   0.029676557   0.000000000
   sum over m      0.014838279  0.014838279   0.029676557   0.000000000
   sum over m+mul  0.558867730  0.558867730   1.117735461   0.000000000
  px          0    0.420486871  0.420486871   0.840973742   0.000000000
  py          0    0.420559291  0.420559291   0.841118582   0.000000000
  pz          0    0.490420068  0.490420068   0.980840136   0.000000000
   sum over m      1.331466230  1.331466230   2.662932461   0.000000000
  px          1    0.029702733  0.029702733   0.059405466   0.000000000
  py          1    0.029760617  0.029760617   0.059521235   0.000000000
  pz          1   -0.009768905 -0.009768905  -0.019537810   0.000000000
   sum over m      0.049694445  0.049694445   0.099388890   0.000000000
   sum over m+mul  1.381160675  1.381160675   2.762321351   0.000000000
  d3z^2-r^2   0    0.002825647  0.002825647   0.005651294   0.000000000
  dx^2-y^2    0    0.018897745  0.018897745   0.037795491   0.000000000
  dxy         0    0.018899365  0.018899365   0.037798730   0.000000000
  dxz         0    0.009673847  0.009673847   0.019347694   0.000000000
  dyz         0    0.009674990  0.009674990   0.019349980   0.000000000
   sum over m      0.059971594  0.059971594   0.119943189   0.000000000
   sum over m+mul  0.059971594  0.059971594   0.119943189   0.000000000

   34    C          Up spin      Down spin     Sum           Diff
            multiple
  s           0    0.544029453  0.544029453   1.088058906   0.000000000
   sum over m      0.544029453  0.544029453   1.088058906   0.000000000
  s           1    0.014838278  0.014838278   0.029676557   0.000000000
   sum over m      0.014838278  0.014838278   0.029676557   0.000000000
   sum over m+mul  0.558867731  0.558867731   1.117735463   0.000000000
  px          0    0.420486872  0.420486872   0.840973743   0.000000000
  py          0    0.420559291  0.420559291   0.841118582   0.000000000
  pz          0    0.490420068  0.490420068   0.980840136   0.000000000
   sum over m      1.331466230  1.331466230   2.662932461   0.000000000
  px          1    0.029702733  0.029702733   0.059405467   0.000000000
  py          1    0.029760617  0.029760617   0.059521235   0.000000000
  pz          1   -0.009768905 -0.009768905  -0.019537810   0.000000000
   sum over m      0.049694446  0.049694446   0.099388891   0.000000000
   sum over m+mul  1.381160676  1.381160676   2.762321352   0.000000000
  d3z^2-r^2   0    0.002825647  0.002825647   0.005651294   0.000000000
  dx^2-y^2    0    0.018897745  0.018897745   0.037795491   0.000000000
  dxy         0    0.018899365  0.018899365   0.037798730   0.000000000
  dxz         0    0.009673847  0.009673847   0.019347694   0.000000000
  dyz         0    0.009674990  0.009674990   0.019349980   0.000000000
   sum over m      0.059971594  0.059971594   0.119943189   0.000000000
   sum over m+mul  0.059971594  0.059971594   0.119943189   0.000000000

   35    C          Up spin      Down spin     Sum           Diff
            multiple
  s           0    0.544029453  0.544029453   1.088058907   0.000000000
   sum over m      0.544029453  0.544029453   1.088058907   0.000000000
  s           1    0.014838278  0.014838278   0.029676557   0.000000000
   sum over m      0.014838278  0.014838278   0.029676557   0.000000000
   sum over m+mul  0.558867732  0.558867732   1.117735463   0.000000000
  px          0    0.420486871  0.420486871   0.840973742   0.000000000
  py          0    0.420559291  0.420559291   0.841118581   0.000000000
  pz          0    0.490420068  0.490420068   0.980840137   0.000000000
   sum over m      1.331466230  1.331466230   2.662932460   0.000000000
  px          1    0.029702733  0.029702733   0.059405466   0.000000000
  py          1    0.029760617  0.029760617   0.059521234   0.000000000
  pz          1   -0.009768905 -0.009768905  -0.019537810   0.000000000
   sum over m      0.049694445  0.049694445   0.099388890   0.000000000
   sum over m+mul  1.381160675  1.381160675   2.762321351   0.000000000
  d3z^2-r^2   0    0.002825647  0.002825647   0.005651294   0.000000000
  dx^2-y^2    0    0.018897745  0.018897745   0.037795491   0.000000000
  dxy         0    0.018899365  0.018899365   0.037798730   0.000000000
  dxz         0    0.009673847  0.009673847   0.019347694   0.000000000
  dyz         0    0.009674990  0.009674990   0.019349980   0.000000000
   sum over m      0.059971594  0.059971594   0.119943188   0.000000000
   sum over m+mul  0.059971594  0.059971594   0.119943188   0.000000000

   36    C          Up spin      Down spin     Sum           Diff
            multiple
  s           0    0.544029450  0.544029450   1.088058900   0.000000000
   sum over m      0.544029450  0.544029450   1.088058900   0.000000000
  s           1    0.014838278  0.014838278   0.029676557   0.000000000
   sum over m      0.014838278  0.014838278   0.029676557   0.000000000
   sum over m+mul  0.558867728  0.558867728   1.117735457   0.000000000
  px          0    0.420486871  0.420486871   0.840973742   0.000000000
  py          0    0.420559291  0.420559291   0.841118582   0.000000000
  pz          0    0.490420068  0.490420068   0.980840136   0.000000000
   sum over m      1.331466230  1.331466230   2.662932460   0.000000000
  px          1    0.029702733  0.029702733   0.059405466   0.000000000
  py          1    0.029760617  0.029760617   0.059521234   0.000000000
  pz          1   -0.009768905 -0.009768905  -0.019537810   0.000000000
   sum over m      0.049694445  0.049694445   0.099388891   0.000000000
   sum over m+mul  1.381160675  1.381160675   2.762321351   0.000000000
  d3z^2-r^2   0    0.002825647  0.002825647   0.005651294   0.000000000
  dx^2-y^2    0    0.018897745  0.018897745   0.037795491   0.000000000
  dxy         0    0.018899365  0.018899365   0.037798730   0.000000000
  dxz         0    0.009673847  0.009673847   0.019347694   0.000000000
  dyz         0    0.009674990  0.009674990   0.019349980   0.000000000
   sum over m      0.059971594  0.059971594   0.119943188   0.000000000
   sum over m+mul  0.059971594  0.059971594   0.119943188   0.000000000

   37    C          Up spin      Down spin     Sum           Diff
            multiple
  s           0    0.544029451  0.544029451   1.088058903   0.000000000
   sum over m      0.544029451  0.544029451   1.088058903   0.000000000
  s           1    0.014838279  0.014838279   0.029676557   0.000000000
   sum over m      0.014838279  0.014838279   0.029676557   0.000000000
   sum over m+mul  0.558867730  0.558867730   1.117735460   0.000000000
  px          0    0.420486872  0.420486872   0.840973744   0.000000000
  py          0    0.420559291  0.420559291   0.841118582   0.000000000
  pz          0    0.490420068  0.490420068   0.980840136   0.000000000
   sum over m      1.331466231  1.331466231   2.662932463   0.000000000
  px          1    0.029702733  0.029702733   0.059405467   0.000000000
  py          1    0.029760617  0.029760617   0.059521235   0.000000000
  pz          1   -0.009768905 -0.009768905  -0.019537810   0.000000000
   sum over m      0.049694446  0.049694446   0.099388891   0.000000000
   sum over m+mul  1.381160677  1.381160677   2.762321354   0.000000000
  d3z^2-r^2   0    0.002825647  0.002825647   0.005651294   0.000000000
  dx^2-y^2    0    0.018897745  0.018897745   0.037795491   0.000000000
  dxy         0    0.018899365  0.018899365   0.037798730   0.000000000
  dxz         0    0.009673847  0.009673847   0.019347694   0.000000000
  dyz         0    0.009674990  0.009674990   0.019349980   0.000000000
   sum over m      0.059971594  0.059971594   0.119943189   0.000000000
   sum over m+mul  0.059971594  0.059971594   0.119943189   0.000000000

   38    C          Up spin      Down spin     Sum           Diff
            multiple
  s           0    0.544029451  0.544029451   1.088058902   0.000000000
   sum over m      0.544029451  0.544029451   1.088058902   0.000000000
  s           1    0.014838278  0.014838278   0.029676557   0.000000000
   sum over m      0.014838278  0.014838278   0.029676557   0.000000000
   sum over m+mul  0.558867729  0.558867729   1.117735459   0.000000000
  px          0    0.420486871  0.420486871   0.840973742   0.000000000
  py          0    0.420559291  0.420559291   0.841118582   0.000000000
  pz          0    0.490420068  0.490420068   0.980840136   0.000000000
   sum over m      1.331466230  1.331466230   2.662932460   0.000000000
  px          1    0.029702733  0.029702733   0.059405465   0.000000000
  py          1    0.029760617  0.029760617   0.059521235   0.000000000
  pz          1   -0.009768905 -0.009768905  -0.019537810   0.000000000
   sum over m      0.049694445  0.049694445   0.099388890   0.000000000
   sum over m+mul  1.381160675  1.381160675   2.762321350   0.000000000
  d3z^2-r^2   0    0.002825647  0.002825647   0.005651294   0.000000000
  dx^2-y^2    0    0.018897745  0.018897745   0.037795491   0.000000000
  dxy         0    0.018899365  0.018899365   0.037798730   0.000000000
  dxz         0    0.009673847  0.009673847   0.019347694   0.000000000
  dyz         0    0.009674990  0.009674990   0.019349980   0.000000000
   sum over m      0.059971594  0.059971594   0.119943189   0.000000000
   sum over m+mul  0.059971594  0.059971594   0.119943189   0.000000000

   39    C          Up spin      Down spin     Sum           Diff
            multiple
  s           0    0.544029451  0.544029451   1.088058901   0.000000000
   sum over m      0.544029451  0.544029451   1.088058901   0.000000000
  s           1    0.014838279  0.014838279   0.029676557   0.000000000
   sum over m      0.014838279  0.014838279   0.029676557   0.000000000
   sum over m+mul  0.558867729  0.558867729   1.117735459   0.000000000
  px          0    0.420486872  0.420486872   0.840973743   0.000000000
  py          0    0.420559290  0.420559290   0.841118581   0.000000000
  pz          0    0.490420068  0.490420068   0.980840136   0.000000000
   sum over m      1.331466230  1.331466230   2.662932460   0.000000000
  px          1    0.029702733  0.029702733   0.059405466   0.000000000
  py          1    0.029760617  0.029760617   0.059521234   0.000000000
  pz          1   -0.009768905 -0.009768905  -0.019537810   0.000000000
   sum over m      0.049694445  0.049694445   0.099388890   0.000000000
   sum over m+mul  1.381160675  1.381160675   2.762321350   0.000000000
  d3z^2-r^2   0    0.002825647  0.002825647   0.005651294   0.000000000
  dx^2-y^2    0    0.018897745  0.018897745   0.037795491   0.000000000
  dxy         0    0.018899365  0.018899365   0.037798730   0.000000000
  dxz         0    0.009673847  0.009673847   0.019347694   0.000000000
  dyz         0    0.009674990  0.009674990   0.019349980   0.000000000
   sum over m      0.059971594  0.059971594   0.119943189   0.000000000
   sum over m+mul  0.059971594  0.059971594   0.119943189   0.000000000

   40    C          Up spin      Down spin     Sum           Diff
            multiple
  s           0    0.544029452  0.544029452   1.088058904   0.000000000
   sum over m      0.544029452  0.544029452   1.088058904   0.000000000
  s           1    0.014838279  0.014838279   0.029676557   0.000000000
   sum over m      0.014838279  0.014838279   0.029676557   0.000000000
   sum over m+mul  0.558867730  0.558867730   1.117735461   0.000000000
  px          0    0.420486871  0.420486871   0.840973742   0.000000000
  py          0    0.420559291  0.420559291   0.841118582   0.000000000
  pz          0    0.490420068  0.490420068   0.980840136   0.000000000
   sum over m      1.331466230  1.331466230   2.662932460   0.000000000
  px          1    0.029702733  0.029702733   0.059405466   0.000000000
  py          1    0.029760617  0.029760617   0.059521234   0.000000000
  pz          1   -0.009768905 -0.009768905  -0.019537810   0.000000000
   sum over m      0.049694445  0.049694445   0.099388890   0.000000000
   sum over m+mul  1.381160675  1.381160675   2.762321350   0.000000000
  d3z^2-r^2   0    0.002825647  0.002825647   0.005651294   0.000000000
  dx^2-y^2    0    0.018897745  0.018897745   0.037795491   0.000000000
  dxy         0    0.018899365  0.018899365   0.037798730   0.000000000
  dxz         0    0.009673847  0.009673847   0.019347694   0.000000000
  dyz         0    0.009674990  0.009674990   0.019349980   0.000000000
   sum over m      0.059971594  0.059971594   0.119943189   0.000000000
   sum over m+mul  0.059971594  0.059971594   0.119943189   0.000000000

   41    C          Up spin      Down spin     Sum           Diff
            multiple
  s           0    0.544029452  0.544029452   1.088058904   0.000000000
   sum over m      0.544029452  0.544029452   1.088058904   0.000000000
  s           1    0.014838278  0.014838278   0.029676557   0.000000000
   sum over m      0.014838278  0.014838278   0.029676557   0.000000000
   sum over m+mul  0.558867730  0.558867730   1.117735461   0.000000000
  px          0    0.420486872  0.420486872   0.840973743   0.000000000
  py          0    0.420559291  0.420559291   0.841118582   0.000000000
  pz          0    0.490420068  0.490420068   0.980840136   0.000000000
   sum over m      1.331466231  1.331466231   2.662932461   0.000000000
  px          1    0.029702733  0.029702733   0.059405466   0.000000000
  py          1    0.029760617  0.029760617   0.059521234   0.000000000
  pz          1   -0.009768905 -0.009768905  -0.019537810   0.000000000
   sum over m      0.049694445  0.049694445   0.099388890   0.000000000
   sum over m+mul  1.381160676  1.381160676   2.762321352   0.000000000
  d3z^2-r^2   0    0.002825647  0.002825647   0.005651294   0.000000000
  dx^2-y^2    0    0.018897745  0.018897745   0.037795491   0.000000000
  dxy         0    0.018899365  0.018899365   0.037798730   0.000000000
  dxz         0    0.009673847  0.009673847   0.019347694   0.000000000
  dyz         0    0.009674990  0.009674990   0.019349980   0.000000000
   sum over m      0.059971594  0.059971594   0.119943189   0.000000000
   sum over m+mul  0.059971594  0.059971594   0.119943189   0.000000000

   42    C          Up spin      Down spin     Sum           Diff
            multiple
  s           0    0.544029452  0.544029452   1.088058903   0.000000000
   sum over m      0.544029452  0.544029452   1.088058903   0.000000000
  s           1    0.014838279  0.014838279   0.029676557   0.000000000
   sum over m      0.014838279  0.014838279   0.029676557   0.000000000
   sum over m+mul  0.558867730  0.558867730   1.117735460   0.000000000
  px          0    0.420486871  0.420486871   0.840973743   0.000000000
  py          0    0.420559291  0.420559291   0.841118581   0.000000000
  pz          0    0.490420068  0.490420068   0.980840136   0.000000000
   sum over m      1.331466230  1.331466230   2.662932460   0.000000000
  px          1    0.029702733  0.029702733   0.059405466   0.000000000
  py          1    0.029760617  0.029760617   0.059521235   0.000000000
  pz          1   -0.009768905 -0.009768905  -0.019537810   0.000000000
   sum over m      0.049694445  0.049694445   0.099388891   0.000000000
   sum over m+mul  1.381160675  1.381160675   2.762321351   0.000000000
  d3z^2-r^2   0    0.002825647  0.002825647   0.005651294   0.000000000
  dx^2-y^2    0    0.018897745  0.018897745   0.037795491   0.000000000
  dxy         0    0.018899365  0.018899365   0.037798730   0.000000000
  dxz         0    0.009673847  0.009673847   0.019347694   0.000000000
  dyz         0    0.009674990  0.009674990   0.019349980   0.000000000
   sum over m      0.059971594  0.059971594   0.119943189   0.000000000
   sum over m+mul  0.059971594  0.059971594   0.119943189   0.000000000

   43    C          Up spin      Down spin     Sum           Diff
            multiple
  s           0    0.544029451  0.544029451   1.088058903   0.000000000
   sum over m      0.544029451  0.544029451   1.088058903   0.000000000
  s           1    0.014838278  0.014838278   0.029676556   0.000000000
   sum over m      0.014838278  0.014838278   0.029676556   0.000000000
   sum over m+mul  0.558867730  0.558867730   1.117735459   0.000000000
  px          0    0.420486872  0.420486872   0.840973744   0.000000000
  py          0    0.420559291  0.420559291   0.841118581   0.000000000
  pz          0    0.490420068  0.490420068   0.980840136   0.000000000
   sum over m      1.331466231  1.331466231   2.662932462   0.000000000
  px          1    0.029702733  0.029702733   0.059405466   0.000000000
  py          1    0.029760618  0.029760618   0.059521236   0.000000000
  pz          1   -0.009768905 -0.009768905  -0.019537810   0.000000000
   sum over m      0.049694446  0.049694446   0.099388892   0.000000000
   sum over m+mul  1.381160677  1.381160677   2.762321354   0.000000000
  d3z^2-r^2   0    0.002825647  0.002825647   0.005651294   0.000000000
  dx^2-y^2    0    0.018897745  0.018897745   0.037795491   0.000000000
  dxy         0    0.018899365  0.018899365   0.037798730   0.000000000
  dxz         0    0.009673847  0.009673847   0.019347694   0.000000000
  dyz         0    0.009674990  0.009674990   0.019349980   0.000000000
   sum over m      0.059971594  0.059971594   0.119943189   0.000000000
   sum over m+mul  0.059971594  0.059971594   0.119943189   0.000000000

   44    C          Up spin      Down spin     Sum           Diff
            multiple
  s           0    0.544029450  0.544029450   1.088058901   0.000000000
   sum over m      0.544029450  0.544029450   1.088058901   0.000000000
  s           1    0.014838278  0.014838278   0.029676557   0.000000000
   sum over m      0.014838278  0.014838278   0.029676557   0.000000000
   sum over m+mul  0.558867729  0.558867729   1.117735457   0.000000000
  px          0    0.420486870  0.420486870   0.840973741   0.000000000
  py          0    0.420559291  0.420559291   0.841118583   0.000000000
  pz          0    0.490420068  0.490420068   0.980840137   0.000000000
   sum over m      1.331466230  1.331466230   2.662932461   0.000000000
  px          1    0.029702733  0.029702733   0.059405466   0.000000000
  py          1    0.029760617  0.029760617   0.059521235   0.000000000
  pz          1   -0.009768905 -0.009768905  -0.019537810   0.000000000
   sum over m      0.049694445  0.049694445   0.099388891   0.000000000
   sum over m+mul  1.381160676  1.381160676   2.762321351   0.000000000
  d3z^2-r^2   0    0.002825647  0.002825647   0.005651294   0.000000000
  dx^2-y^2    0    0.018897745  0.018897745   0.037795491   0.000000000
  dxy         0    0.018899365  0.018899365   0.037798730   0.000000000
  dxz         0    0.009673847  0.009673847   0.019347694   0.000000000
  dyz         0    0.009674990  0.009674990   0.019349980   0.000000000
   sum over m      0.059971594  0.059971594   0.119943189   0.000000000
   sum over m+mul  0.059971594  0.059971594   0.119943189   0.000000000

   45    C          Up spin      Down spin     Sum           Diff
            multiple
  s           0    0.544029452  0.544029452   1.088058903   0.000000000
   sum over m      0.544029452  0.544029452   1.088058903   0.000000000
  s           1    0.014838279  0.014838279   0.029676557   0.000000000
   sum over m      0.014838279  0.014838279   0.029676557   0.000000000
   sum over m+mul  0.558867730  0.558867730   1.117735461   0.000000000
  px          0    0.420486872  0.420486872   0.840973744   0.000000000
  py          0    0.420559292  0.420559292   0.841118583   0.000000000
  pz          0    0.490420068  0.490420068   0.980840136   0.000000000
   sum over m      1.331466232  1.331466232   2.662932464   0.000000000
  px          1    0.029702733  0.029702733   0.059405466   0.000000000
  py          1    0.029760618  0.029760618   0.059521235   0.000000000
  pz          1   -0.009768905 -0.009768905  -0.019537810   0.000000000
   sum over m      0.049694446  0.049694446   0.099388892   0.000000000
   sum over m+mul  1.381160678  1.381160678   2.762321355   0.000000000
  d3z^2-r^2   0    0.002825647  0.002825647   0.005651294   0.000000000
  dx^2-y^2    0    0.018897745  0.018897745   0.037795491   0.000000000
  dxy         0    0.018899365  0.018899365   0.037798730   0.000000000
  dxz         0    0.009673847  0.009673847   0.019347694   0.000000000
  dyz         0    0.009674990  0.009674990   0.019349980   0.000000000
   sum over m      0.059971594  0.059971594   0.119943189   0.000000000
   sum over m+mul  0.059971594  0.059971594   0.119943189   0.000000000

   46    C          Up spin      Down spin     Sum           Diff
            multiple
  s           0    0.544029450  0.544029450   1.088058901   0.000000000
   sum over m      0.544029450  0.544029450   1.088058901   0.000000000
  s           1    0.014838278  0.014838278   0.029676557   0.000000000
   sum over m      0.014838278  0.014838278   0.029676557   0.000000000
   sum over m+mul  0.558867729  0.558867729   1.117735458   0.000000000
  px          0    0.420486871  0.420486871   0.840973742   0.000000000
  py          0    0.420559291  0.420559291   0.841118581   0.000000000
  pz          0    0.490420069  0.490420069   0.980840137   0.000000000
   sum over m      1.331466230  1.331466230   2.662932461   0.000000000
  px          1    0.029702733  0.029702733   0.059405466   0.000000000
  py          1    0.029760617  0.029760617   0.059521234   0.000000000
  pz          1   -0.009768905 -0.009768905  -0.019537810   0.000000000
   sum over m      0.049694445  0.049694445   0.099388890   0.000000000
   sum over m+mul  1.381160675  1.381160675   2.762321351   0.000000000
  d3z^2-r^2   0    0.002825647  0.002825647   0.005651294   0.000000000
  dx^2-y^2    0    0.018897745  0.018897745   0.037795491   0.000000000
  dxy         0    0.018899365  0.018899365   0.037798730   0.000000000
  dxz         0    0.009673847  0.009673847   0.019347694   0.000000000
  dyz         0    0.009674990  0.009674990   0.019349980   0.000000000
   sum over m      0.059971594  0.059971594   0.119943189   0.000000000
   sum over m+mul  0.059971594  0.059971594   0.119943189   0.000000000

   47    C          Up spin      Down spin     Sum           Diff
            multiple
  s           0    0.544029453  0.544029453   1.088058906   0.000000000
   sum over m      0.544029453  0.544029453   1.088058906   0.000000000
  s           1    0.014838278  0.014838278   0.029676557   0.000000000
   sum over m      0.014838278  0.014838278   0.029676557   0.000000000
   sum over m+mul  0.558867731  0.558867731   1.117735463   0.000000000
  px          0    0.420486871  0.420486871   0.840973742   0.000000000
  py          0    0.420559291  0.420559291   0.841118582   0.000000000
  pz          0    0.490420068  0.490420068   0.980840136   0.000000000
   sum over m      1.331466230  1.331466230   2.662932459   0.000000000
  px          1    0.029702733  0.029702733   0.059405466   0.000000000
  py          1    0.029760617  0.029760617   0.059521234   0.000000000
  pz          1   -0.009768905 -0.009768905  -0.019537810   0.000000000
   sum over m      0.049694445  0.049694445   0.099388890   0.000000000
   sum over m+mul  1.381160675  1.381160675   2.762321350   0.000000000
  d3z^2-r^2   0    0.002825647  0.002825647   0.005651294   0.000000000
  dx^2-y^2    0    0.018897745  0.018897745   0.037795491   0.000000000
  dxy         0    0.018899365  0.018899365   0.037798730   0.000000000
  dxz         0    0.009673847  0.009673847   0.019347694   0.000000000
  dyz         0    0.009674990  0.009674990   0.019349980   0.000000000
   sum over m      0.059971594  0.059971594   0.119943189   0.000000000
   sum over m+mul  0.059971594  0.059971594   0.119943189   0.000000000

   48    C          Up spin      Down spin     Sum           Diff
            multiple
  s           0    0.544029451  0.544029451   1.088058901   0.000000000
   sum over m      0.544029451  0.544029451   1.088058901   0.000000000
  s           1    0.014838278  0.014838278   0.029676557   0.000000000
   sum over m      0.014838278  0.014838278   0.029676557   0.000000000
   sum over m+mul  0.558867729  0.558867729   1.117735458   0.000000000
  px          0    0.420486872  0.420486872   0.840973744   0.000000000
  py          0    0.420559290  0.420559290   0.841118581   0.000000000
  pz          0    0.490420068  0.490420068   0.980840136   0.000000000
   sum over m      1.331466230  1.331466230   2.662932460   0.000000000
  px          1    0.029702733  0.029702733   0.059405466   0.000000000
  py          1    0.029760617  0.029760617   0.059521234   0.000000000
  pz          1   -0.009768905 -0.009768905  -0.019537810   0.000000000
   sum over m      0.049694445  0.049694445   0.099388891   0.000000000
   sum over m+mul  1.381160675  1.381160675   2.762321351   0.000000000
  d3z^2-r^2   0    0.002825647  0.002825647   0.005651294   0.000000000
  dx^2-y^2    0    0.018897745  0.018897745   0.037795491   0.000000000
  dxy         0    0.018899365  0.018899365   0.037798730   0.000000000
  dxz         0    0.009673847  0.009673847   0.019347694   0.000000000
  dyz         0    0.009674990  0.009674990   0.019349980   0.000000000
   sum over m      0.059971594  0.059971594   0.119943189   0.000000000
   sum over m+mul  0.059971594  0.059971594   0.119943189   0.000000000

   49    C          Up spin      Down spin     Sum           Diff
            multiple
  s           0    0.544029451  0.544029451   1.088058903   0.000000000
   sum over m      0.544029451  0.544029451   1.088058903   0.000000000
  s           1    0.014838278  0.014838278   0.029676556   0.000000000
   sum over m      0.014838278  0.014838278   0.029676556   0.000000000
   sum over m+mul  0.558867730  0.558867730   1.117735459   0.000000000
  px          0    0.420486871  0.420486871   0.840973742   0.000000000
  py          0    0.420559291  0.420559291   0.841118582   0.000000000
  pz          0    0.490420068  0.490420068   0.980840137   0.000000000
   sum over m      1.331466230  1.331466230   2.662932461   0.000000000
  px          1    0.029702733  0.029702733   0.059405466   0.000000000
  py          1    0.029760617  0.029760617   0.059521234   0.000000000
  pz          1   -0.009768905 -0.009768905  -0.019537810   0.000000000
   sum over m      0.049694445  0.049694445   0.099388890   0.000000000
   sum over m+mul  1.381160675  1.381160675   2.762321350   0.000000000
  d3z^2-r^2   0    0.002825647  0.002825647   0.005651294   0.000000000
  dx^2-y^2    0    0.018897745  0.018897745   0.037795491   0.000000000
  dxy         0    0.018899365  0.018899365   0.037798730   0.000000000
  dxz         0    0.009673847  0.009673847   0.019347694   0.000000000
  dyz         0    0.009674990  0.009674990   0.019349980   0.000000000
   sum over m      0.059971594  0.059971594   0.119943189   0.000000000
   sum over m+mul  0.059971594  0.059971594   0.119943189   0.000000000

   50    C          Up spin      Down spin     Sum           Diff
            multiple
  s           0    0.544029452  0.544029452   1.088058904   0.000000000
   sum over m      0.544029452  0.544029452   1.088058904   0.000000000
  s           1    0.014838279  0.014838279   0.029676557   0.000000000
   sum over m      0.014838279  0.014838279   0.029676557   0.000000000
   sum over m+mul  0.558867731  0.558867731   1.117735461   0.000000000
  px          0    0.420486872  0.420486872   0.840973744   0.000000000
  py          0    0.420559290  0.420559290   0.841118581   0.000000000
  pz          0    0.490420068  0.490420068   0.980840136   0.000000000
   sum over m      1.331466231  1.331466231   2.662932461   0.000000000
  px          1    0.029702733  0.029702733   0.059405467   0.000000000
  py          1    0.029760618  0.029760618   0.059521235   0.000000000
  pz          1   -0.009768905 -0.009768905  -0.019537810   0.000000000
   sum over m      0.049694446  0.049694446   0.099388892   0.000000000
   sum over m+mul  1.381160677  1.381160677   2.762321353   0.000000000
  d3z^2-r^2   0    0.002825647  0.002825647   0.005651294   0.000000000
  dx^2-y^2    0    0.018897745  0.018897745   0.037795491   0.000000000
  dxy         0    0.018899365  0.018899365   0.037798730   0.000000000
  dxz         0    0.009673847  0.009673847   0.019347694   0.000000000
  dyz         0    0.009674990  0.009674990   0.019349980   0.000000000
   sum over m      0.059971594  0.059971594   0.119943189   0.000000000
   sum over m+mul  0.059971594  0.059971594   0.119943189   0.000000000

   51    C          Up spin      Down spin     Sum           Diff
            multiple
  s           0    0.544029451  0.544029451   1.088058901   0.000000000
   sum over m      0.544029451  0.544029451   1.088058901   0.000000000
  s           1    0.014838278  0.014838278   0.029676557   0.000000000
   sum over m      0.014838278  0.014838278   0.029676557   0.000000000
   sum over m+mul  0.558867729  0.558867729   1.117735458   0.000000000
  px          0    0.420486871  0.420486871   0.840973743   0.000000000
  py          0    0.420559292  0.420559292   0.841118583   0.000000000
  pz          0    0.490420068  0.490420068   0.980840136   0.000000000
   sum over m      1.331466231  1.331466231   2.662932461   0.000000000
  px          1    0.029702733  0.029702733   0.059405466   0.000000000
  py          1    0.029760617  0.029760617   0.059521235   0.000000000
  pz          1   -0.009768905 -0.009768905  -0.019537810   0.000000000
   sum over m      0.049694445  0.049694445   0.099388890   0.000000000
   sum over m+mul  1.381160676  1.381160676   2.762321352   0.000000000
  d3z^2-r^2   0    0.002825647  0.002825647   0.005651294   0.000000000
  dx^2-y^2    0    0.018897745  0.018897745   0.037795491   0.000000000
  dxy         0    0.018899365  0.018899365   0.037798730   0.000000000
  dxz         0    0.009673847  0.009673847   0.019347694   0.000000000
  dyz         0    0.009674990  0.009674990   0.019349980   0.000000000
   sum over m      0.059971594  0.059971594   0.119943189   0.000000000
   sum over m+mul  0.059971594  0.059971594   0.119943189   0.000000000

   52    C          Up spin      Down spin     Sum           Diff
            multiple
  s           0    0.544029451  0.544029451   1.088058902   0.000000000
   sum over m      0.544029451  0.544029451   1.088058902   0.000000000
  s           1    0.014838279  0.014838279   0.029676557   0.000000000
   sum over m      0.014838279  0.014838279   0.029676557   0.000000000
   sum over m+mul  0.558867729  0.558867729   1.117735459   0.000000000
  px          0    0.420486872  0.420486872   0.840973745   0.000000000
  py          0    0.420559291  0.420559291   0.841118582   0.000000000
  pz          0    0.490420068  0.490420068   0.980840136   0.000000000
   sum over m      1.331466231  1.331466231   2.662932463   0.000000000
  px          1    0.029702733  0.029702733   0.059405466   0.000000000
  py          1    0.029760618  0.029760618   0.059521236   0.000000000
  pz          1   -0.009768905 -0.009768905  -0.019537810   0.000000000
   sum over m      0.049694446  0.049694446   0.099388891   0.000000000
   sum over m+mul  1.381160677  1.381160677   2.762321354   0.000000000
  d3z^2-r^2   0    0.002825647  0.002825647   0.005651294   0.000000000
  dx^2-y^2    0    0.018897745  0.018897745   0.037795491   0.000000000
  dxy         0    0.018899365  0.018899365   0.037798730   0.000000000
  dxz         0    0.009673847  0.009673847   0.019347694   0.000000000
  dyz         0    0.009674990  0.009674990   0.019349980   0.000000000
   sum over m      0.059971594  0.059971594   0.119943189   0.000000000
   sum over m+mul  0.059971594  0.059971594   0.119943189   0.000000000

   53    C          Up spin      Down spin     Sum           Diff
            multiple
  s           0    0.544029452  0.544029452   1.088058903   0.000000000
   sum over m      0.544029452  0.544029452   1.088058903   0.000000000
  s           1    0.014838278  0.014838278   0.029676557   0.000000000
   sum over m      0.014838278  0.014838278   0.029676557   0.000000000
   sum over m+mul  0.558867730  0.558867730   1.117735460   0.000000000
  px          0    0.420486871  0.420486871   0.840973742   0.000000000
  py          0    0.420559291  0.420559291   0.841118582   0.000000000
  pz          0    0.490420068  0.490420068   0.980840136   0.000000000
   sum over m      1.331466230  1.331466230   2.662932459   0.000000000
  px          1    0.029702733  0.029702733   0.059405466   0.000000000
  py          1    0.029760617  0.029760617   0.059521234   0.000000000
  pz          1   -0.009768905 -0.009768905  -0.019537810   0.000000000
   sum over m      0.049694445  0.049694445   0.099388890   0.000000000
   sum over m+mul  1.381160675  1.381160675   2.762321350   0.000000000
  d3z^2-r^2   0    0.002825647  0.002825647   0.005651294   0.000000000
  dx^2-y^2    0    0.018897745  0.018897745   0.037795491   0.000000000
  dxy         0    0.018899365  0.018899365   0.037798730   0.000000000
  dxz         0    0.009673847  0.009673847   0.019347694   0.000000000
  dyz         0    0.009674990  0.009674990   0.019349980   0.000000000
   sum over m      0.059971594  0.059971594   0.119943189   0.000000000
   sum over m+mul  0.059971594  0.059971594   0.119943189   0.000000000

   54    C          Up spin      Down spin     Sum           Diff
            multiple
  s           0    0.544029452  0.544029452   1.088058904   0.000000000
   sum over m      0.544029452  0.544029452   1.088058904   0.000000000
  s           1    0.014838278  0.014838278   0.029676557   0.000000000
   sum over m      0.014838278  0.014838278   0.029676557   0.000000000
   sum over m+mul  0.558867730  0.558867730   1.117735460   0.000000000
  px          0    0.420486872  0.420486872   0.840973743   0.000000000
  py          0    0.420559291  0.420559291   0.841118581   0.000000000
  pz          0    0.490420068  0.490420068   0.980840136   0.000000000
   sum over m      1.331466231  1.331466231   2.662932461   0.000000000
  px          1    0.029702733  0.029702733   0.059405466   0.000000000
  py          1    0.029760617  0.029760617   0.059521235   0.000000000
  pz          1   -0.009768905 -0.009768905  -0.019537810   0.000000000
   sum over m      0.049694446  0.049694446   0.099388891   0.000000000
   sum over m+mul  1.381160676  1.381160676   2.762321352   0.000000000
  d3z^2-r^2   0    0.002825647  0.002825647   0.005651294   0.000000000
  dx^2-y^2    0    0.018897745  0.018897745   0.037795491   0.000000000
  dxy         0    0.018899365  0.018899365   0.037798730   0.000000000
  dxz         0    0.009673847  0.009673847   0.019347694   0.000000000
  dyz         0    0.009674990  0.009674990   0.019349980   0.000000000
   sum over m      0.059971594  0.059971594   0.119943188   0.000000000
   sum over m+mul  0.059971594  0.059971594   0.119943188   0.000000000

   55    C          Up spin      Down spin     Sum           Diff
            multiple
  s           0    0.544029451  0.544029451   1.088058903   0.000000000
   sum over m      0.544029451  0.544029451   1.088058903   0.000000000
  s           1    0.014838279  0.014838279   0.029676557   0.000000000
   sum over m      0.014838279  0.014838279   0.029676557   0.000000000
   sum over m+mul  0.558867730  0.558867730   1.117735460   0.000000000
  px          0    0.420486872  0.420486872   0.840973743   0.000000000
  py          0    0.420559292  0.420559292   0.841118584   0.000000000
  pz          0    0.490420068  0.490420068   0.980840136   0.000000000
   sum over m      1.331466232  1.331466232   2.662932463   0.000000000
  px          1    0.029702733  0.029702733   0.059405466   0.000000000
  py          1    0.029760617  0.029760617   0.059521235   0.000000000
  pz          1   -0.009768905 -0.009768905  -0.019537810   0.000000000
   sum over m      0.049694445  0.049694445   0.099388891   0.000000000
   sum over m+mul  1.381160677  1.381160677   2.762321354   0.000000000
  d3z^2-r^2   0    0.002825647  0.002825647   0.005651294   0.000000000
  dx^2-y^2    0    0.018897745  0.018897745   0.037795491   0.000000000
  dxy         0    0.018899365  0.018899365   0.037798730   0.000000000
  dxz         0    0.009673847  0.009673847   0.019347694   0.000000000
  dyz         0    0.009674990  0.009674990   0.019349980   0.000000000
   sum over m      0.059971594  0.059971594   0.119943189   0.000000000
   sum over m+mul  0.059971594  0.059971594   0.119943189   0.000000000

   56    C          Up spin      Down spin     Sum           Diff
            multiple
  s           0    0.544029450  0.544029450   1.088058900   0.000000000
   sum over m      0.544029450  0.544029450   1.088058900   0.000000000
  s           1    0.014838279  0.014838279   0.029676557   0.000000000
   sum over m      0.014838279  0.014838279   0.029676557   0.000000000
   sum over m+mul  0.558867728  0.558867728   1.117735457   0.000000000
  px          0    0.420486871  0.420486871   0.840973741   0.000000000
  py          0    0.420559291  0.420559291   0.841118582   0.000000000
  pz          0    0.490420068  0.490420068   0.980840137   0.000000000
   sum over m      1.331466230  1.331466230   2.662932460   0.000000000
  px          1    0.029702733  0.029702733   0.059405465   0.000000000
  py          1    0.029760618  0.029760618   0.059521235   0.000000000
  pz          1   -0.009768905 -0.009768905  -0.019537810   0.000000000
   sum over m      0.049694445  0.049694445   0.099388891   0.000000000
   sum over m+mul  1.381160675  1.381160675   2.762321351   0.000000000
  d3z^2-r^2   0    0.002825647  0.002825647   0.005651294   0.000000000
  dx^2-y^2    0    0.018897745  0.018897745   0.037795491   0.000000000
  dxy         0    0.018899365  0.018899365   0.037798730   0.000000000
  dxz         0    0.009673847  0.009673847   0.019347694   0.000000000
  dyz         0    0.009674990  0.009674990   0.019349980   0.000000000
   sum over m      0.059971594  0.059971594   0.119943189   0.000000000
   sum over m+mul  0.059971594  0.059971594   0.119943189   0.000000000

   57    C          Up spin      Down spin     Sum           Diff
            multiple
  s           0    0.544029452  0.544029452   1.088058904   0.000000000
   sum over m      0.544029452  0.544029452   1.088058904   0.000000000
  s           1    0.014838278  0.014838278   0.029676557   0.000000000
   sum over m      0.014838278  0.014838278   0.029676557   0.000000000
   sum over m+mul  0.558867730  0.558867730   1.117735461   0.000000000
  px          0    0.420486871  0.420486871   0.840973743   0.000000000
  py          0    0.420559290  0.420559290   0.841118581   0.000000000
  pz          0    0.490420068  0.490420068   0.980840136   0.000000000
   sum over m      1.331466230  1.331466230   2.662932460   0.000000000
  px          1    0.029702733  0.029702733   0.059405466   0.000000000
  py          1    0.029760617  0.029760617   0.059521234   0.000000000
  pz          1   -0.009768905 -0.009768905  -0.019537810   0.000000000
   sum over m      0.049694445  0.049694445   0.099388891   0.000000000
   sum over m+mul  1.381160675  1.381160675   2.762321350   0.000000000
  d3z^2-r^2   0    0.002825647  0.002825647   0.005651294   0.000000000
  dx^2-y^2    0    0.018897745  0.018897745   0.037795491   0.000000000
  dxy         0    0.018899365  0.018899365   0.037798730   0.000000000
  dxz         0    0.009673847  0.009673847   0.019347694   0.000000000
  dyz         0    0.009674990  0.009674990   0.019349980   0.000000000
   sum over m      0.059971595  0.059971595   0.119943189   0.000000000
   sum over m+mul  0.059971595  0.059971595   0.119943189   0.000000000

   58    C          Up spin      Down spin     Sum           Diff
            multiple
  s           0    0.544029451  0.544029451   1.088058903   0.000000000
   sum over m      0.544029451  0.544029451   1.088058903   0.000000000
  s           1    0.014838278  0.014838278   0.029676557   0.000000000
   sum over m      0.014838278  0.014838278   0.029676557   0.000000000
   sum over m+mul  0.558867730  0.558867730   1.117735460   0.000000000
  px          0    0.420486872  0.420486872   0.840973745   0.000000000
  py          0    0.420559291  0.420559291   0.841118582   0.000000000
  pz          0    0.490420068  0.490420068   0.980840137   0.000000000
   sum over m      1.331466231  1.331466231   2.662932463   0.000000000
  px          1    0.029702733  0.029702733   0.059405466   0.000000000
  py          1    0.029760617  0.029760617   0.059521234   0.000000000
  pz          1   -0.009768905 -0.009768905  -0.019537810   0.000000000
   sum over m      0.049694445  0.049694445   0.099388891   0.000000000
   sum over m+mul  1.381160677  1.381160677   2.762321353   0.000000000
  d3z^2-r^2   0    0.002825647  0.002825647   0.005651294   0.000000000
  dx^2-y^2    0    0.018897745  0.018897745   0.037795491   0.000000000
  dxy         0    0.018899365  0.018899365   0.037798730   0.000000000
  dxz         0    0.009673847  0.009673847   0.019347694   0.000000000
  dyz         0    0.009674990  0.009674990   0.019349980   0.000000000
   sum over m      0.059971594  0.059971594   0.119943189   0.000000000
   sum over m+mul  0.059971594  0.059971594   0.119943189   0.000000000

   59    C          Up spin      Down spin     Sum           Diff
            multiple
  s           0    0.544029451  0.544029451   1.088058902   0.000000000
   sum over m      0.544029451  0.544029451   1.088058902   0.000000000
  s           1    0.014838278  0.014838278   0.029676557   0.000000000
   sum over m      0.014838278  0.014838278   0.029676557   0.000000000
   sum over m+mul  0.558867730  0.558867730   1.117735459   0.000000000
  px          0    0.420486871  0.420486871   0.840973743   0.000000000
  py          0    0.420559290  0.420559290   0.841118581   0.000000000
  pz          0    0.490420068  0.490420068   0.980840137   0.000000000
   sum over m      1.331466230  1.331466230   2.662932461   0.000000000
  px          1    0.029702733  0.029702733   0.059405465   0.000000000
  py          1    0.029760617  0.029760617   0.059521234   0.000000000
  pz          1   -0.009768905 -0.009768905  -0.019537810   0.000000000
   sum over m      0.049694445  0.049694445   0.099388890   0.000000000
   sum over m+mul  1.381160675  1.381160675   2.762321350   0.000000000
  d3z^2-r^2   0    0.002825647  0.002825647   0.005651294   0.000000000
  dx^2-y^2    0    0.018897745  0.018897745   0.037795491   0.000000000
  dxy         0    0.018899365  0.018899365   0.037798730   0.000000000
  dxz         0    0.009673847  0.009673847   0.019347694   0.000000000
  dyz         0    0.009674990  0.009674990   0.019349980   0.000000000
   sum over m      0.059971594  0.059971594   0.119943189   0.000000000
   sum over m+mul  0.059971594  0.059971594   0.119943189   0.000000000

   60    C          Up spin      Down spin     Sum           Diff
            multiple
  s           0    0.544029452  0.544029452   1.088058905   0.000000000
   sum over m      0.544029452  0.544029452   1.088058905   0.000000000
  s           1    0.014838279  0.014838279   0.029676557   0.000000000
   sum over m      0.014838279  0.014838279   0.029676557   0.000000000
   sum over m+mul  0.558867731  0.558867731   1.117735462   0.000000000
  px          0    0.420486872  0.420486872   0.840973744   0.000000000
  py          0    0.420559291  0.420559291   0.841118582   0.000000000
  pz          0    0.490420068  0.490420068   0.980840136   0.000000000
   sum over m      1.331466231  1.331466231   2.662932463   0.000000000
  px          1    0.029702733  0.029702733   0.059405466   0.000000000
  py          1    0.029760617  0.029760617   0.059521235   0.000000000
  pz          1   -0.009768905 -0.009768905  -0.019537810   0.000000000
   sum over m      0.049694445  0.049694445   0.099388890   0.000000000
   sum over m+mul  1.381160677  1.381160677   2.762321353   0.000000000
  d3z^2-r^2   0    0.002825647  0.002825647   0.005651294   0.000000000
  dx^2-y^2    0    0.018897745  0.018897745   0.037795491   0.000000000
  dxy         0    0.018899365  0.018899365   0.037798730   0.000000000
  dxz         0    0.009673847  0.009673847   0.019347694   0.000000000
  dyz         0    0.009674990  0.009674990   0.019349980   0.000000000
   sum over m      0.059971594  0.059971594   0.119943189   0.000000000
   sum over m+mul  0.059971594  0.059971594   0.119943189   0.000000000

   61    C          Up spin      Down spin     Sum           Diff
            multiple
  s           0    0.544029452  0.544029452   1.088058904   0.000000000
   sum over m      0.544029452  0.544029452   1.088058904   0.000000000
  s           1    0.014838279  0.014838279   0.029676557   0.000000000
   sum over m      0.014838279  0.014838279   0.029676557   0.000000000
   sum over m+mul  0.558867730  0.558867730   1.117735461   0.000000000
  px          0    0.420486871  0.420486871   0.840973742   0.000000000
  py          0    0.420559291  0.420559291   0.841118583   0.000000000
  pz          0    0.490420068  0.490420068   0.980840136   0.000000000
   sum over m      1.331466230  1.331466230   2.662932461   0.000000000
  px          1    0.029702733  0.029702733   0.059405466   0.000000000
  py          1    0.029760617  0.029760617   0.059521234   0.000000000
  pz          1   -0.009768905 -0.009768905  -0.019537810   0.000000000
   sum over m      0.049694445  0.049694445   0.099388890   0.000000000
   sum over m+mul  1.381160675  1.381160675   2.762321351   0.000000000
  d3z^2-r^2   0    0.002825647  0.002825647   0.005651294   0.000000000
  dx^2-y^2    0    0.018897745  0.018897745   0.037795491   0.000000000
  dxy         0    0.018899365  0.018899365   0.037798730   0.000000000
  dxz         0    0.009673847  0.009673847   0.019347694   0.000000000
  dyz         0    0.009674990  0.009674990   0.019349980   0.000000000
   sum over m      0.059971594  0.059971594   0.119943189   0.000000000
   sum over m+mul  0.059971594  0.059971594   0.119943189   0.000000000

   62    C          Up spin      Down spin     Sum           Diff
            multiple
  s           0    0.544029451  0.544029451   1.088058903   0.000000000
   sum over m      0.544029451  0.544029451   1.088058903   0.000000000
  s           1    0.014838278  0.014838278   0.029676557   0.000000000
   sum over m      0.014838278  0.014838278   0.029676557   0.000000000
   sum over m+mul  0.558867730  0.558867730   1.117735460   0.000000000
  px          0    0.420486871  0.420486871   0.840973742   0.000000000
  py          0    0.420559290  0.420559290   0.841118581   0.000000000
  pz          0    0.490420068  0.490420068   0.980840136   0.000000000
   sum over m      1.331466229  1.331466229   2.662932458   0.000000000
  px          1    0.029702733  0.029702733   0.059405466   0.000000000
  py          1    0.029760617  0.029760617   0.059521234   0.000000000
  pz          1   -0.009768905 -0.009768905  -0.019537810   0.000000000
   sum over m      0.049694445  0.049694445   0.099388890   0.000000000
   sum over m+mul  1.381160674  1.381160674   2.762321349   0.000000000
  d3z^2-r^2   0    0.002825647  0.002825647   0.005651294   0.000000000
  dx^2-y^2    0    0.018897745  0.018897745   0.037795491   0.000000000
  dxy         0    0.018899365  0.018899365   0.037798730   0.000000000
  dxz         0    0.009673847  0.009673847   0.019347694   0.000000000
  dyz         0    0.009674990  0.009674990   0.019349980   0.000000000
   sum over m      0.059971594  0.059971594   0.119943189   0.000000000
   sum over m+mul  0.059971594  0.059971594   0.119943189   0.000000000

   63    C          Up spin      Down spin     Sum           Diff
            multiple
  s           0    0.544029451  0.544029451   1.088058903   0.000000000
   sum over m      0.544029451  0.544029451   1.088058903   0.000000000
  s           1    0.014838278  0.014838278   0.029676557   0.000000000
   sum over m      0.014838278  0.014838278   0.029676557   0.000000000
   sum over m+mul  0.558867730  0.558867730   1.117735460   0.000000000
  px          0    0.420486871  0.420486871   0.840973742   0.000000000
  py          0    0.420559291  0.420559291   0.841118582   0.000000000
  pz          0    0.490420068  0.490420068   0.980840136   0.000000000
   sum over m      1.331466230  1.331466230   2.662932460   0.000000000
  px          1    0.029702733  0.029702733   0.059405466   0.000000000
  py          1    0.029760617  0.029760617   0.059521234   0.000000000
  pz          1   -0.009768905 -0.009768905  -0.019537810   0.000000000
   sum over m      0.049694445  0.049694445   0.099388890   0.000000000
   sum over m+mul  1.381160675  1.381160675   2.762321350   0.000000000
  d3z^2-r^2   0    0.002825647  0.002825647   0.005651294   0.000000000
  dx^2-y^2    0    0.018897745  0.018897745   0.037795491   0.000000000
  dxy         0    0.018899365  0.018899365   0.037798730   0.000000000
  dxz         0    0.009673847  0.009673847   0.019347694   0.000000000
  dyz         0    0.009674990  0.009674990   0.019349980   0.000000000
   sum over m      0.059971594  0.059971594   0.119943189   0.000000000
   sum over m+mul  0.059971594  0.059971594   0.119943189   0.000000000

   64    C          Up spin      Down spin     Sum           Diff
            multiple
  s           0    0.544029452  0.544029452   1.088058904   0.000000000
   sum over m      0.544029452  0.544029452   1.088058904   0.000000000
  s           1    0.014838278  0.014838278   0.029676556   0.000000000
   sum over m      0.014838278  0.014838278   0.029676556   0.000000000
   sum over m+mul  0.558867730  0.558867730   1.117735460   0.000000000
  px          0    0.420486871  0.420486871   0.840973743   0.000000000
  py          0    0.420559291  0.420559291   0.841118581   0.000000000
  pz          0    0.490420068  0.490420068   0.980840136   0.000000000
   sum over m      1.331466230  1.331466230   2.662932460   0.000000000
  px          1    0.029702733  0.029702733   0.059405466   0.000000000
  py          1    0.029760617  0.029760617   0.059521235   0.000000000
  pz          1   -0.009768905 -0.009768905  -0.019537810   0.000000000
   sum over m      0.049694445  0.049694445   0.099388890   0.000000000
   sum over m+mul  1.381160675  1.381160675   2.762321350   0.000000000
  d3z^2-r^2   0    0.002825647  0.002825647   0.005651294   0.000000000
  dx^2-y^2    0    0.018897745  0.018897745   0.037795491   0.000000000
  dxy         0    0.018899365  0.018899365   0.037798730   0.000000000
  dxz         0    0.009673847  0.009673847   0.019347694   0.000000000
  dyz         0    0.009674990  0.009674990   0.019349980   0.000000000
   sum over m      0.059971594  0.059971594   0.119943189   0.000000000
   sum over m+mul  0.059971594  0.059971594   0.119943189   0.000000000

   65    C          Up spin      Down spin     Sum           Diff
            multiple
  s           0    0.544029452  0.544029452   1.088058904   0.000000000
   sum over m      0.544029452  0.544029452   1.088058904   0.000000000
  s           1    0.014838278  0.014838278   0.029676557   0.000000000
   sum over m      0.014838278  0.014838278   0.029676557   0.000000000
   sum over m+mul  0.558867730  0.558867730   1.117735460   0.000000000
  px          0    0.420486871  0.420486871   0.840973743   0.000000000
  py          0    0.420559290  0.420559290   0.841118580   0.000000000
  pz          0    0.490420068  0.490420068   0.980840136   0.000000000
   sum over m      1.331466229  1.331466229   2.662932458   0.000000000
  px          1    0.029702733  0.029702733   0.059405466   0.000000000
  py          1    0.029760617  0.029760617   0.059521234   0.000000000
  pz          1   -0.009768905 -0.009768905  -0.019537810   0.000000000
   sum over m      0.049694445  0.049694445   0.099388890   0.000000000
   sum over m+mul  1.381160674  1.381160674   2.762321348   0.000000000
  d3z^2-r^2   0    0.002825647  0.002825647   0.005651294   0.000000000
  dx^2-y^2    0    0.018897745  0.018897745   0.037795491   0.000000000
  dxy         0    0.018899365  0.018899365   0.037798730   0.000000000
  dxz         0    0.009673847  0.009673847   0.019347694   0.000000000
  dyz         0    0.009674990  0.009674990   0.019349980   0.000000000
   sum over m      0.059971594  0.059971594   0.119943188   0.000000000
   sum over m+mul  0.059971594  0.059971594   0.119943188   0.000000000

   66    C          Up spin      Down spin     Sum           Diff
            multiple
  s           0    0.544029453  0.544029453   1.088058907   0.000000000
   sum over m      0.544029453  0.544029453   1.088058907   0.000000000
  s           1    0.014838279  0.014838279   0.029676557   0.000000000
   sum over m      0.014838279  0.014838279   0.029676557   0.000000000
   sum over m+mul  0.558867732  0.558867732   1.117735464   0.000000000
  px          0    0.420486871  0.420486871   0.840973743   0.000000000
  py          0    0.420559291  0.420559291   0.841118582   0.000000000
  pz          0    0.490420068  0.490420068   0.980840136   0.000000000
   sum over m      1.331466231  1.331466231   2.662932461   0.000000000
  px          1    0.029702733  0.029702733   0.059405467   0.000000000
  py          1    0.029760617  0.029760617   0.059521234   0.000000000
  pz          1   -0.009768905 -0.009768905  -0.019537810   0.000000000
   sum over m      0.049694445  0.049694445   0.099388890   0.000000000
   sum over m+mul  1.381160676  1.381160676   2.762321351   0.000000000
  d3z^2-r^2   0    0.002825647  0.002825647   0.005651294   0.000000000
  dx^2-y^2    0    0.018897745  0.018897745   0.037795491   0.000000000
  dxy         0    0.018899365  0.018899365   0.037798730   0.000000000
  dxz         0    0.009673847  0.009673847   0.019347694   0.000000000
  dyz         0    0.009674990  0.009674990   0.019349980   0.000000000
   sum over m      0.059971594  0.059971594   0.119943189   0.000000000
   sum over m+mul  0.059971594  0.059971594   0.119943189   0.000000000

   67    C          Up spin      Down spin     Sum           Diff
            multiple
  s           0    0.544029452  0.544029452   1.088058903   0.000000000
   sum over m      0.544029452  0.544029452   1.088058903   0.000000000
  s           1    0.014838279  0.014838279   0.029676557   0.000000000
   sum over m      0.014838279  0.014838279   0.029676557   0.000000000
   sum over m+mul  0.558867730  0.558867730   1.117735460   0.000000000
  px          0    0.420486872  0.420486872   0.840973743   0.000000000
  py          0    0.420559291  0.420559291   0.841118581   0.000000000
  pz          0    0.490420068  0.490420068   0.980840136   0.000000000
   sum over m      1.331466230  1.331466230   2.662932461   0.000000000
  px          1    0.029702733  0.029702733   0.059405466   0.000000000
  py          1    0.029760617  0.029760617   0.059521234   0.000000000
  pz          1   -0.009768905 -0.009768905  -0.019537810   0.000000000
   sum over m      0.049694445  0.049694445   0.099388890   0.000000000
   sum over m+mul  1.381160675  1.381160675   2.762321351   0.000000000
  d3z^2-r^2   0    0.002825647  0.002825647   0.005651294   0.000000000
  dx^2-y^2    0    0.018897745  0.018897745   0.037795491   0.000000000
  dxy         0    0.018899365  0.018899365   0.037798730   0.000000000
  dxz         0    0.009673847  0.009673847   0.019347694   0.000000000
  dyz         0    0.009674990  0.009674990   0.019349980   0.000000000
   sum over m      0.059971594  0.059971594   0.119943189   0.000000000
   sum over m+mul  0.059971594  0.059971594   0.119943189   0.000000000

   68    C          Up spin      Down spin     Sum           Diff
            multiple
  s           0    0.544029451  0.544029451   1.088058902   0.000000000
   sum over m      0.544029451  0.544029451   1.088058902   0.000000000
  s           1    0.014838279  0.014838279   0.029676557   0.000000000
   sum over m      0.014838279  0.014838279   0.029676557   0.000000000
   sum over m+mul  0.558867730  0.558867730   1.117735459   0.000000000
  px          0    0.420486871  0.420486871   0.840973742   0.000000000
  py          0    0.420559291  0.420559291   0.841118582   0.000000000
  pz          0    0.490420068  0.490420068   0.980840136   0.000000000
   sum over m      1.331466230  1.331466230   2.662932461   0.000000000
  px          1    0.029702733  0.029702733   0.059405466   0.000000000
  py          1    0.029760617  0.029760617   0.059521235   0.000000000
  pz          1   -0.009768905 -0.009768905  -0.019537810   0.000000000
   sum over m      0.049694445  0.049694445   0.099388891   0.000000000
   sum over m+mul  1.381160676  1.381160676   2.762321351   0.000000000
  d3z^2-r^2   0    0.002825647  0.002825647   0.005651294   0.000000000
  dx^2-y^2    0    0.018897745  0.018897745   0.037795491   0.000000000
  dxy         0    0.018899365  0.018899365   0.037798730   0.000000000
  dxz         0    0.009673847  0.009673847   0.019347694   0.000000000
  dyz         0    0.009674990  0.009674990   0.019349980   0.000000000
   sum over m      0.059971594  0.059971594   0.119943189   0.000000000
   sum over m+mul  0.059971594  0.059971594   0.119943189   0.000000000

   69    C          Up spin      Down spin     Sum           Diff
            multiple
  s           0    0.544029452  0.544029452   1.088058903   0.000000000
   sum over m      0.544029452  0.544029452   1.088058903   0.000000000
  s           1    0.014838278  0.014838278   0.029676557   0.000000000
   sum over m      0.014838278  0.014838278   0.029676557   0.000000000
   sum over m+mul  0.558867730  0.558867730   1.117735460   0.000000000
  px          0    0.420486871  0.420486871   0.840973742   0.000000000
  py          0    0.420559292  0.420559292   0.841118583   0.000000000
  pz          0    0.490420068  0.490420068   0.980840136   0.000000000
   sum over m      1.331466230  1.331466230   2.662932461   0.000000000
  px          1    0.029702733  0.029702733   0.059405465   0.000000000
  py          1    0.029760617  0.029760617   0.059521235   0.000000000
  pz          1   -0.009768905 -0.009768905  -0.019537810   0.000000000
   sum over m      0.049694445  0.049694445   0.099388890   0.000000000
   sum over m+mul  1.381160675  1.381160675   2.762321351   0.000000000
  d3z^2-r^2   0    0.002825647  0.002825647   0.005651294   0.000000000
  dx^2-y^2    0    0.018897745  0.018897745   0.037795491   0.000000000
  dxy         0    0.018899365  0.018899365   0.037798730   0.000000000
  dxz         0    0.009673847  0.009673847   0.019347694   0.000000000
  dyz         0    0.009674990  0.009674990   0.019349980   0.000000000
   sum over m      0.059971594  0.059971594   0.119943189   0.000000000
   sum over m+mul  0.059971594  0.059971594   0.119943189   0.000000000

   70    C          Up spin      Down spin     Sum           Diff
            multiple
  s           0    0.544029450  0.544029450   1.088058900   0.000000000
   sum over m      0.544029450  0.544029450   1.088058900   0.000000000
  s           1    0.014838279  0.014838279   0.029676557   0.000000000
   sum over m      0.014838279  0.014838279   0.029676557   0.000000000
   sum over m+mul  0.558867728  0.558867728   1.117735457   0.000000000
  px          0    0.420486872  0.420486872   0.840973743   0.000000000
  py          0    0.420559291  0.420559291   0.841118582   0.000000000
  pz          0    0.490420068  0.490420068   0.980840137   0.000000000
   sum over m      1.331466231  1.331466231   2.662932461   0.000000000
  px          1    0.029702733  0.029702733   0.059405466   0.000000000
  py          1    0.029760618  0.029760618   0.059521236   0.000000000
  pz          1   -0.009768905 -0.009768905  -0.019537810   0.000000000
   sum over m      0.049694446  0.049694446   0.099388891   0.000000000
   sum over m+mul  1.381160676  1.381160676   2.762321353   0.000000000
  d3z^2-r^2   0    0.002825647  0.002825647   0.005651294   0.000000000
  dx^2-y^2    0    0.018897745  0.018897745   0.037795491   0.000000000
  dxy         0    0.018899365  0.018899365   0.037798730   0.000000000
  dxz         0    0.009673847  0.009673847   0.019347694   0.000000000
  dyz         0    0.009674990  0.009674990   0.019349980   0.000000000
   sum over m      0.059971594  0.059971594   0.119943189   0.000000000
   sum over m+mul  0.059971594  0.059971594   0.119943189   0.000000000

   71    C          Up spin      Down spin     Sum           Diff
            multiple
  s           0    0.544029451  0.544029451   1.088058902   0.000000000
   sum over m      0.544029451  0.544029451   1.088058902   0.000000000
  s           1    0.014838278  0.014838278   0.029676557   0.000000000
   sum over m      0.014838278  0.014838278   0.029676557   0.000000000
   sum over m+mul  0.558867730  0.558867730   1.117735459   0.000000000
  px          0    0.420486872  0.420486872   0.840973743   0.000000000
  py          0    0.420559290  0.420559290   0.841118581   0.000000000
  pz          0    0.490420068  0.490420068   0.980840136   0.000000000
   sum over m      1.331466230  1.331466230   2.662932460   0.000000000
  px          1    0.029702733  0.029702733   0.059405466   0.000000000
  py          1    0.029760618  0.029760618   0.059521235   0.000000000
  pz          1   -0.009768905 -0.009768905  -0.019537810   0.000000000
   sum over m      0.049694445  0.049694445   0.099388891   0.000000000
   sum over m+mul  1.381160675  1.381160675   2.762321351   0.000000000
  d3z^2-r^2   0    0.002825647  0.002825647   0.005651294   0.000000000
  dx^2-y^2    0    0.018897745  0.018897745   0.037795491   0.000000000
  dxy         0    0.018899365  0.018899365   0.037798730   0.000000000
  dxz         0    0.009673847  0.009673847   0.019347694   0.000000000
  dyz         0    0.009674990  0.009674990   0.019349980   0.000000000
   sum over m      0.059971594  0.059971594   0.119943189   0.000000000
   sum over m+mul  0.059971594  0.059971594   0.119943189   0.000000000

   72    C          Up spin      Down spin     Sum           Diff
            multiple
  s           0    0.544029452  0.544029452   1.088058903   0.000000000
   sum over m      0.544029452  0.544029452   1.088058903   0.000000000
  s           1    0.014838279  0.014838279   0.029676557   0.000000000
   sum over m      0.014838279  0.014838279   0.029676557   0.000000000
   sum over m+mul  0.558867730  0.558867730   1.117735460   0.000000000
  px          0    0.420486872  0.420486872   0.840973743   0.000000000
  py          0    0.420559292  0.420559292   0.841118583   0.000000000
  pz          0    0.490420068  0.490420068   0.980840137   0.000000000
   sum over m      1.331466231  1.331466231   2.662932463   0.000000000
  px          1    0.029702733  0.029702733   0.059405465   0.000000000
  py          1    0.029760617  0.029760617   0.059521235   0.000000000
  pz          1   -0.009768905 -0.009768905  -0.019537810   0.000000000
   sum over m      0.049694445  0.049694445   0.099388890   0.000000000
   sum over m+mul  1.381160677  1.381160677   2.762321353   0.000000000
  d3z^2-r^2   0    0.002825647  0.002825647   0.005651294   0.000000000
  dx^2-y^2    0    0.018897745  0.018897745   0.037795491   0.000000000
  dxy         0    0.018899365  0.018899365   0.037798730   0.000000000
  dxz         0    0.009673847  0.009673847   0.019347694   0.000000000
  dyz         0    0.009674990  0.009674990   0.019349980   0.000000000
   sum over m      0.059971594  0.059971594   0.119943188   0.000000000
   sum over m+mul  0.059971594  0.059971594   0.119943188   0.000000000

   73    C          Up spin      Down spin     Sum           Diff
            multiple
  s           0    0.544029453  0.544029453   1.088058905   0.000000000
   sum over m      0.544029453  0.544029453   1.088058905   0.000000000
  s           1    0.014838279  0.014838279   0.029676557   0.000000000
   sum over m      0.014838279  0.014838279   0.029676557   0.000000000
   sum over m+mul  0.558867731  0.558867731   1.117735462   0.000000000
  px          0    0.420486871  0.420486871   0.840973742   0.000000000
  py          0    0.420559292  0.420559292   0.841118584   0.000000000
  pz          0    0.490420068  0.490420068   0.980840136   0.000000000
   sum over m      1.331466231  1.331466231   2.662932462   0.000000000
  px          1    0.029702733  0.029702733   0.059405466   0.000000000
  py          1    0.029760617  0.029760617   0.059521234   0.000000000
  pz          1   -0.009768905 -0.009768905  -0.019537810   0.000000000
   sum over m      0.049694445  0.049694445   0.099388891   0.000000000
   sum over m+mul  1.381160676  1.381160676   2.762321352   0.000000000
  d3z^2-r^2   0    0.002825647  0.002825647   0.005651294   0.000000000
  dx^2-y^2    0    0.018897745  0.018897745   0.037795491   0.000000000
  dxy         0    0.018899365  0.018899365   0.037798730   0.000000000
  dxz         0    0.009673847  0.009673847   0.019347694   0.000000000
  dyz         0    0.009674990  0.009674990   0.019349980   0.000000000
   sum over m      0.059971594  0.059971594   0.119943189   0.000000000
   sum over m+mul  0.059971594  0.059971594   0.119943189   0.000000000

   74    C          Up spin      Down spin     Sum           Diff
            multiple
  s           0    0.544029451  0.544029451   1.088058901   0.000000000
   sum over m      0.544029451  0.544029451   1.088058901   0.000000000
  s           1    0.014838279  0.014838279   0.029676557   0.000000000
   sum over m      0.014838279  0.014838279   0.029676557   0.000000000
   sum over m+mul  0.558867729  0.558867729   1.117735459   0.000000000
  px          0    0.420486871  0.420486871   0.840973741   0.000000000
  py          0    0.420559290  0.420559290   0.841118579   0.000000000
  pz          0    0.490420068  0.490420068   0.980840136   0.000000000
   sum over m      1.331466228  1.331466228   2.662932457   0.000000000
  px          1    0.029702733  0.029702733   0.059405465   0.000000000
  py          1    0.029760617  0.029760617   0.059521234   0.000000000
  pz          1   -0.009768905 -0.009768905  -0.019537810   0.000000000
   sum over m      0.049694445  0.049694445   0.099388889   0.000000000
   sum over m+mul  1.381160673  1.381160673   2.762321346   0.000000000
  d3z^2-r^2   0    0.002825647  0.002825647   0.005651294   0.000000000
  dx^2-y^2    0    0.018897745  0.018897745   0.037795491   0.000000000
  dxy         0    0.018899365  0.018899365   0.037798730   0.000000000
  dxz         0    0.009673847  0.009673847   0.019347694   0.000000000
  dyz         0    0.009674990  0.009674990   0.019349980   0.000000000
   sum over m      0.059971594  0.059971594   0.119943189   0.000000000
   sum over m+mul  0.059971594  0.059971594   0.119943189   0.000000000

   75    C          Up spin      Down spin     Sum           Diff
            multiple
  s           0    0.544029452  0.544029452   1.088058903   0.000000000
   sum over m      0.544029452  0.544029452   1.088058903   0.000000000
  s           1    0.014838279  0.014838279   0.029676557   0.000000000
   sum over m      0.014838279  0.014838279   0.029676557   0.000000000
   sum over m+mul  0.558867730  0.558867730   1.117735460   0.000000000
  px          0    0.420486871  0.420486871   0.840973742   0.000000000
  py          0    0.420559290  0.420559290   0.841118580   0.000000000
  pz          0    0.490420068  0.490420068   0.980840135   0.000000000
   sum over m      1.331466229  1.331466229   2.662932458   0.000000000
  px          1    0.029702733  0.029702733   0.059405465   0.000000000
  py          1    0.029760617  0.029760617   0.059521234   0.000000000
  pz          1   -0.009768905 -0.009768905  -0.019537810   0.000000000
   sum over m      0.049694445  0.049694445   0.099388890   0.000000000
   sum over m+mul  1.381160674  1.381160674   2.762321348   0.000000000
  d3z^2-r^2   0    0.002825647  0.002825647   0.005651294   0.000000000
  dx^2-y^2    0    0.018897745  0.018897745   0.037795491   0.000000000
  dxy         0    0.018899365  0.018899365   0.037798730   0.000000000
  dxz         0    0.009673847  0.009673847   0.019347694   0.000000000
  dyz         0    0.009674990  0.009674990   0.019349980   0.000000000
   sum over m      0.059971594  0.059971594   0.119943189   0.000000000
   sum over m+mul  0.059971594  0.059971594   0.119943189   0.000000000

   76    C          Up spin      Down spin     Sum           Diff
            multiple
  s           0    0.544029451  0.544029451   1.088058902   0.000000000
   sum over m      0.544029451  0.544029451   1.088058902   0.000000000
  s           1    0.014838278  0.014838278   0.029676557   0.000000000
   sum over m      0.014838278  0.014838278   0.029676557   0.000000000
   sum over m+mul  0.558867729  0.558867729   1.117735459   0.000000000
  px          0    0.420486872  0.420486872   0.840973743   0.000000000
  py          0    0.420559291  0.420559291   0.841118582   0.000000000
  pz          0    0.490420068  0.490420068   0.980840136   0.000000000
   sum over m      1.331466231  1.331466231   2.662932461   0.000000000
  px          1    0.029702733  0.029702733   0.059405467   0.000000000
  py          1    0.029760617  0.029760617   0.059521235   0.000000000
  pz          1   -0.009768905 -0.009768905  -0.019537810   0.000000000
   sum over m      0.049694446  0.049694446   0.099388891   0.000000000
   sum over m+mul  1.381160676  1.381160676   2.762321352   0.000000000
  d3z^2-r^2   0    0.002825647  0.002825647   0.005651294   0.000000000
  dx^2-y^2    0    0.018897745  0.018897745   0.037795491   0.000000000
  dxy         0    0.018899365  0.018899365   0.037798730   0.000000000
  dxz         0    0.009673847  0.009673847   0.019347694   0.000000000
  dyz         0    0.009674990  0.009674990   0.019349980   0.000000000
   sum over m      0.059971594  0.059971594   0.119943189   0.000000000
   sum over m+mul  0.059971594  0.059971594   0.119943189   0.000000000

   77    C          Up spin      Down spin     Sum           Diff
            multiple
  s           0    0.544029452  0.544029452   1.088058904   0.000000000
   sum over m      0.544029452  0.544029452   1.088058904   0.000000000
  s           1    0.014838278  0.014838278   0.029676557   0.000000000
   sum over m      0.014838278  0.014838278   0.029676557   0.000000000
   sum over m+mul  0.558867730  0.558867730   1.117735460   0.000000000
  px          0    0.420486871  0.420486871   0.840973743   0.000000000
  py          0    0.420559291  0.420559291   0.841118581   0.000000000
  pz          0    0.490420068  0.490420068   0.980840135   0.000000000
   sum over m      1.331466230  1.331466230   2.662932459   0.000000000
  px          1    0.029702733  0.029702733   0.059405466   0.000000000
  py          1    0.029760617  0.029760617   0.059521234   0.000000000
  pz          1   -0.009768905 -0.009768905  -0.019537810   0.000000000
   sum over m      0.049694445  0.049694445   0.099388891   0.000000000
   sum over m+mul  1.381160675  1.381160675   2.762321350   0.000000000
  d3z^2-r^2   0    0.002825647  0.002825647   0.005651294   0.000000000
  dx^2-y^2    0    0.018897745  0.018897745   0.037795491   0.000000000
  dxy         0    0.018899365  0.018899365   0.037798730   0.000000000
  dxz         0    0.009673847  0.009673847   0.019347694   0.000000000
  dyz         0    0.009674990  0.009674990   0.019349980   0.000000000
   sum over m      0.059971594  0.059971594   0.119943189   0.000000000
   sum over m+mul  0.059971594  0.059971594   0.119943189   0.000000000

   78    C          Up spin      Down spin     Sum           Diff
            multiple
  s           0    0.544029452  0.544029452   1.088058905   0.000000000
   sum over m      0.544029452  0.544029452   1.088058905   0.000000000
  s           1    0.014838278  0.014838278   0.029676557   0.000000000
   sum over m      0.014838278  0.014838278   0.029676557   0.000000000
   sum over m+mul  0.558867731  0.558867731   1.117735462   0.000000000
  px          0    0.420486871  0.420486871   0.840973743   0.000000000
  py          0    0.420559291  0.420559291   0.841118582   0.000000000
  pz          0    0.490420068  0.490420068   0.980840136   0.000000000
   sum over m      1.331466230  1.331466230   2.662932461   0.000000000
  px          1    0.029702733  0.029702733   0.059405467   0.000000000
  py          1    0.029760617  0.029760617   0.059521234   0.000000000
  pz          1   -0.009768905 -0.009768905  -0.019537810   0.000000000
   sum over m      0.049694445  0.049694445   0.099388891   0.000000000
   sum over m+mul  1.381160676  1.381160676   2.762321351   0.000000000
  d3z^2-r^2   0    0.002825647  0.002825647   0.005651294   0.000000000
  dx^2-y^2    0    0.018897745  0.018897745   0.037795491   0.000000000
  dxy         0    0.018899365  0.018899365   0.037798730   0.000000000
  dxz         0    0.009673847  0.009673847   0.019347694   0.000000000
  dyz         0    0.009674990  0.009674990   0.019349980   0.000000000
   sum over m      0.059971594  0.059971594   0.119943189   0.000000000
   sum over m+mul  0.059971594  0.059971594   0.119943189   0.000000000

   79    C          Up spin      Down spin     Sum           Diff
            multiple
  s           0    0.544029452  0.544029452   1.088058904   0.000000000
   sum over m      0.544029452  0.544029452   1.088058904   0.000000000
  s           1    0.014838278  0.014838278   0.029676556   0.000000000
   sum over m      0.014838278  0.014838278   0.029676556   0.000000000
   sum over m+mul  0.558867730  0.558867730   1.117735461   0.000000000
  px          0    0.420486871  0.420486871   0.840973743   0.000000000
  py          0    0.420559291  0.420559291   0.841118582   0.000000000
  pz          0    0.490420068  0.490420068   0.980840137   0.000000000
   sum over m      1.331466231  1.331466231   2.662932461   0.000000000
  px          1    0.029702733  0.029702733   0.059405466   0.000000000
  py          1    0.029760617  0.029760617   0.059521235   0.000000000
  pz          1   -0.009768905 -0.009768905  -0.019537810   0.000000000
   sum over m      0.049694445  0.049694445   0.099388891   0.000000000
   sum over m+mul  1.381160676  1.381160676   2.762321352   0.000000000
  d3z^2-r^2   0    0.002825647  0.002825647   0.005651294   0.000000000
  dx^2-y^2    0    0.018897745  0.018897745   0.037795491   0.000000000
  dxy         0    0.018899365  0.018899365   0.037798730   0.000000000
  dxz         0    0.009673847  0.009673847   0.019347694   0.000000000
  dyz         0    0.009674990  0.009674990   0.019349980   0.000000000
   sum over m      0.059971594  0.059971594   0.119943189   0.000000000
   sum over m+mul  0.059971594  0.059971594   0.119943189   0.000000000

   80    C          Up spin      Down spin     Sum           Diff
            multiple
  s           0    0.544029451  0.544029451   1.088058901   0.000000000
   sum over m      0.544029451  0.544029451   1.088058901   0.000000000
  s           1    0.014838278  0.014838278   0.029676557   0.000000000
   sum over m      0.014838278  0.014838278   0.029676557   0.000000000
   sum over m+mul  0.558867729  0.558867729   1.117735458   0.000000000
  px          0    0.420486871  0.420486871   0.840973741   0.000000000
  py          0    0.420559290  0.420559290   0.841118580   0.000000000
  pz          0    0.490420068  0.490420068   0.980840137   0.000000000
   sum over m      1.331466229  1.331466229   2.662932458   0.000000000
  px          1    0.029702733  0.029702733   0.059405466   0.000000000
  py          1    0.029760617  0.029760617   0.059521234   0.000000000
  pz          1   -0.009768905 -0.009768905  -0.019537810   0.000000000
   sum over m      0.049694445  0.049694445   0.099388890   0.000000000
   sum over m+mul  1.381160674  1.381160674   2.762321348   0.000000000
  d3z^2-r^2   0    0.002825647  0.002825647   0.005651294   0.000000000
  dx^2-y^2    0    0.018897745  0.018897745   0.037795491   0.000000000
  dxy         0    0.018899365  0.018899365   0.037798730   0.000000000
  dxz         0    0.009673847  0.009673847   0.019347694   0.000000000
  dyz         0    0.009674990  0.009674990   0.019349980   0.000000000
   sum over m      0.059971594  0.059971594   0.119943189   0.000000000
   sum over m+mul  0.059971594  0.059971594   0.119943189   0.000000000

   81    C          Up spin      Down spin     Sum           Diff
            multiple
  s           0    0.544029453  0.544029453   1.088058905   0.000000000
   sum over m      0.544029453  0.544029453   1.088058905   0.000000000
  s           1    0.014838278  0.014838278   0.029676557   0.000000000
   sum over m      0.014838278  0.014838278   0.029676557   0.000000000
   sum over m+mul  0.558867731  0.558867731   1.117735462   0.000000000
  px          0    0.420486871  0.420486871   0.840973743   0.000000000
  py          0    0.420559290  0.420559290   0.841118581   0.000000000
  pz          0    0.490420068  0.490420068   0.980840137   0.000000000
   sum over m      1.331466230  1.331466230   2.662932460   0.000000000
  px          1    0.029702733  0.029702733   0.059405465   0.000000000
  py          1    0.029760617  0.029760617   0.059521235   0.000000000
  pz          1   -0.009768905 -0.009768905  -0.019537810   0.000000000
   sum over m      0.049694445  0.049694445   0.099388890   0.000000000
   sum over m+mul  1.381160675  1.381160675   2.762321350   0.000000000
  d3z^2-r^2   0    0.002825647  0.002825647   0.005651294   0.000000000
  dx^2-y^2    0    0.018897746  0.018897746   0.037795491   0.000000000
  dxy         0    0.018899365  0.018899365   0.037798730   0.000000000
  dxz         0    0.009673847  0.009673847   0.019347694   0.000000000
  dyz         0    0.009674990  0.009674990   0.019349980   0.000000000
   sum over m      0.059971594  0.059971594   0.119943189   0.000000000
   sum over m+mul  0.059971594  0.059971594   0.119943189   0.000000000

   82    C          Up spin      Down spin     Sum           Diff
            multiple
  s           0    0.544029450  0.544029450   1.088058901   0.000000000
   sum over m      0.544029450  0.544029450   1.088058901   0.000000000
  s           1    0.014838279  0.014838279   0.029676557   0.000000000
   sum over m      0.014838279  0.014838279   0.029676557   0.000000000
   sum over m+mul  0.558867729  0.558867729   1.117735458   0.000000000
  px          0    0.420486871  0.420486871   0.840973743   0.000000000
  py          0    0.420559291  0.420559291   0.841118582   0.000000000
  pz          0    0.490420068  0.490420068   0.980840136   0.000000000
   sum over m      1.331466230  1.331466230   2.662932461   0.000000000
  px          1    0.029702733  0.029702733   0.059405466   0.000000000
  py          1    0.029760617  0.029760617   0.059521234   0.000000000
  pz          1   -0.009768905 -0.009768905  -0.019537810   0.000000000
   sum over m      0.049694445  0.049694445   0.099388890   0.000000000
   sum over m+mul  1.381160675  1.381160675   2.762321351   0.000000000
  d3z^2-r^2   0    0.002825647  0.002825647   0.005651294   0.000000000
  dx^2-y^2    0    0.018897745  0.018897745   0.037795491   0.000000000
  dxy         0    0.018899365  0.018899365   0.037798730   0.000000000
  dxz         0    0.009673847  0.009673847   0.019347694   0.000000000
  dyz         0    0.009674990  0.009674990   0.019349980   0.000000000
   sum over m      0.059971594  0.059971594   0.119943189   0.000000000
   sum over m+mul  0.059971594  0.059971594   0.119943189   0.000000000

   83    C          Up spin      Down spin     Sum           Diff
            multiple
  s           0    0.544029451  0.544029451   1.088058903   0.000000000
   sum over m      0.544029451  0.544029451   1.088058903   0.000000000
  s           1    0.014838278  0.014838278   0.029676557   0.000000000
   sum over m      0.014838278  0.014838278   0.029676557   0.000000000
   sum over m+mul  0.558867730  0.558867730   1.117735459   0.000000000
  px          0    0.420486872  0.420486872   0.840973744   0.000000000
  py          0    0.420559291  0.420559291   0.841118581   0.000000000
  pz          0    0.490420068  0.490420068   0.980840137   0.000000000
   sum over m      1.331466231  1.331466231   2.662932461   0.000000000
  px          1    0.029702733  0.029702733   0.059405466   0.000000000
  py          1    0.029760617  0.029760617   0.059521235   0.000000000
  pz          1   -0.009768905 -0.009768905  -0.019537810   0.000000000
   sum over m      0.049694445  0.049694445   0.099388891   0.000000000
   sum over m+mul  1.381160676  1.381160676   2.762321352   0.000000000
  d3z^2-r^2   0    0.002825647  0.002825647   0.005651294   0.000000000
  dx^2-y^2    0    0.018897745  0.018897745   0.037795491   0.000000000
  dxy         0    0.018899365  0.018899365   0.037798730   0.000000000
  dxz         0    0.009673847  0.009673847   0.019347694   0.000000000
  dyz         0    0.009674990  0.009674990   0.019349980   0.000000000
   sum over m      0.059971594  0.059971594   0.119943189   0.000000000
   sum over m+mul  0.059971594  0.059971594   0.119943189   0.000000000

   84    C          Up spin      Down spin     Sum           Diff
            multiple
  s           0    0.544029451  0.544029451   1.088058902   0.000000000
   sum over m      0.544029451  0.544029451   1.088058902   0.000000000
  s           1    0.014838278  0.014838278   0.029676557   0.000000000
   sum over m      0.014838278  0.014838278   0.029676557   0.000000000
   sum over m+mul  0.558867729  0.558867729   1.117735458   0.000000000
  px          0    0.420486871  0.420486871   0.840973743   0.000000000
  py          0    0.420559291  0.420559291   0.841118582   0.000000000
  pz          0    0.490420068  0.490420068   0.980840137   0.000000000
   sum over m      1.331466231  1.331466231   2.662932461   0.000000000
  px          1    0.029702733  0.029702733   0.059405466   0.000000000
  py          1    0.029760617  0.029760617   0.059521234   0.000000000
  pz          1   -0.009768905 -0.009768905  -0.019537810   0.000000000
   sum over m      0.049694445  0.049694445   0.099388890   0.000000000
   sum over m+mul  1.381160676  1.381160676   2.762321351   0.000000000
  d3z^2-r^2   0    0.002825647  0.002825647   0.005651294   0.000000000
  dx^2-y^2    0    0.018897745  0.018897745   0.037795491   0.000000000
  dxy         0    0.018899365  0.018899365   0.037798730   0.000000000
  dxz         0    0.009673847  0.009673847   0.019347694   0.000000000
  dyz         0    0.009674990  0.009674990   0.019349980   0.000000000
   sum over m      0.059971594  0.059971594   0.119943189   0.000000000
   sum over m+mul  0.059971594  0.059971594   0.119943189   0.000000000

   85    C          Up spin      Down spin     Sum           Diff
            multiple
  s           0    0.544029451  0.544029451   1.088058902   0.000000000
   sum over m      0.544029451  0.544029451   1.088058902   0.000000000
  s           1    0.014838278  0.014838278   0.029676557   0.000000000
   sum over m      0.014838278  0.014838278   0.029676557   0.000000000
   sum over m+mul  0.558867729  0.558867729   1.117735459   0.000000000
  px          0    0.420486872  0.420486872   0.840973745   0.000000000
  py          0    0.420559290  0.420559290   0.841118581   0.000000000
  pz          0    0.490420068  0.490420068   0.980840136   0.000000000
   sum over m      1.331466231  1.331466231   2.662932462   0.000000000
  px          1    0.029702733  0.029702733   0.059405467   0.000000000
  py          1    0.029760617  0.029760617   0.059521234   0.000000000
  pz          1   -0.009768905 -0.009768905  -0.019537810   0.000000000
   sum over m      0.049694445  0.049694445   0.099388891   0.000000000
   sum over m+mul  1.381160676  1.381160676   2.762321353   0.000000000
  d3z^2-r^2   0    0.002825647  0.002825647   0.005651294   0.000000000
  dx^2-y^2    0    0.018897745  0.018897745   0.037795491   0.000000000
  dxy         0    0.018899365  0.018899365   0.037798730   0.000000000
  dxz         0    0.009673847  0.009673847   0.019347694   0.000000000
  dyz         0    0.009674990  0.009674990   0.019349980   0.000000000
   sum over m      0.059971594  0.059971594   0.119943189   0.000000000
   sum over m+mul  0.059971594  0.059971594   0.119943189   0.000000000

   86    C          Up spin      Down spin     Sum           Diff
            multiple
  s           0    0.544029453  0.544029453   1.088058906   0.000000000
   sum over m      0.544029453  0.544029453   1.088058906   0.000000000
  s           1    0.014838278  0.014838278   0.029676557   0.000000000
   sum over m      0.014838278  0.014838278   0.029676557   0.000000000
   sum over m+mul  0.558867731  0.558867731   1.117735463   0.000000000
  px          0    0.420486871  0.420486871   0.840973742   0.000000000
  py          0    0.420559291  0.420559291   0.841118582   0.000000000
  pz          0    0.490420068  0.490420068   0.980840137   0.000000000
   sum over m      1.331466230  1.331466230   2.662932460   0.000000000
  px          1    0.029702733  0.029702733   0.059405466   0.000000000
  py          1    0.029760617  0.029760617   0.059521235   0.000000000
  pz          1   -0.009768905 -0.009768905  -0.019537810   0.000000000
   sum over m      0.049694445  0.049694445   0.099388891   0.000000000
   sum over m+mul  1.381160675  1.381160675   2.762321351   0.000000000
  d3z^2-r^2   0    0.002825647  0.002825647   0.005651294   0.000000000
  dx^2-y^2    0    0.018897745  0.018897745   0.037795491   0.000000000
  dxy         0    0.018899365  0.018899365   0.037798730   0.000000000
  dxz         0    0.009673847  0.009673847   0.019347694   0.000000000
  dyz         0    0.009674990  0.009674990   0.019349980   0.000000000
   sum over m      0.059971594  0.059971594   0.119943189   0.000000000
   sum over m+mul  0.059971594  0.059971594   0.119943189   0.000000000

   87    C          Up spin      Down spin     Sum           Diff
            multiple
  s           0    0.544029451  0.544029451   1.088058903   0.000000000
   sum over m      0.544029451  0.544029451   1.088058903   0.000000000
  s           1    0.014838278  0.014838278   0.029676556   0.000000000
   sum over m      0.014838278  0.014838278   0.029676556   0.000000000
   sum over m+mul  0.558867730  0.558867730   1.117735459   0.000000000
  px          0    0.420486872  0.420486872   0.840973744   0.000000000
  py          0    0.420559290  0.420559290   0.841118580   0.000000000
  pz          0    0.490420068  0.490420068   0.980840136   0.000000000
   sum over m      1.331466230  1.331466230   2.662932459   0.000000000
  px          1    0.029702733  0.029702733   0.059405466   0.000000000
  py          1    0.029760617  0.029760617   0.059521234   0.000000000
  pz          1   -0.009768905 -0.009768905  -0.019537810   0.000000000
   sum over m      0.049694445  0.049694445   0.099388890   0.000000000
   sum over m+mul  1.381160675  1.381160675   2.762321350   0.000000000
  d3z^2-r^2   0    0.002825647  0.002825647   0.005651294   0.000000000
  dx^2-y^2    0    0.018897745  0.018897745   0.037795491   0.000000000
  dxy         0    0.018899365  0.018899365   0.037798730   0.000000000
  dxz         0    0.009673847  0.009673847   0.019347694   0.000000000
  dyz         0    0.009674990  0.009674990   0.019349980   0.000000000
   sum over m      0.059971594  0.059971594   0.119943189   0.000000000
   sum over m+mul  0.059971594  0.059971594   0.119943189   0.000000000

   88    C          Up spin      Down spin     Sum           Diff
            multiple
  s           0    0.544029453  0.544029453   1.088058907   0.000000000
   sum over m      0.544029453  0.544029453   1.088058907   0.000000000
  s           1    0.014838279  0.014838279   0.029676557   0.000000000
   sum over m      0.014838279  0.014838279   0.029676557   0.000000000
   sum over m+mul  0.558867732  0.558867732   1.117735464   0.000000000
  px          0    0.420486871  0.420486871   0.840973743   0.000000000
  py          0    0.420559291  0.420559291   0.841118583   0.000000000
  pz          0    0.490420068  0.490420068   0.980840136   0.000000000
   sum over m      1.331466231  1.331466231   2.662932461   0.000000000
  px          1    0.029702733  0.029702733   0.059405466   0.000000000
  py          1    0.029760617  0.029760617   0.059521235   0.000000000
  pz          1   -0.009768905 -0.009768905  -0.019537810   0.000000000
   sum over m      0.049694445  0.049694445   0.099388891   0.000000000
   sum over m+mul  1.381160676  1.381160676   2.762321352   0.000000000
  d3z^2-r^2   0    0.002825647  0.002825647   0.005651294   0.000000000
  dx^2-y^2    0    0.018897745  0.018897745   0.037795491   0.000000000
  dxy         0    0.018899365  0.018899365   0.037798730   0.000000000
  dxz         0    0.009673847  0.009673847   0.019347694   0.000000000
  dyz         0    0.009674990  0.009674990   0.019349980   0.000000000
   sum over m      0.059971594  0.059971594   0.119943189   0.000000000
   sum over m+mul  0.059971594  0.059971594   0.119943189   0.000000000

   89    C          Up spin      Down spin     Sum           Diff
            multiple
  s           0    0.544029453  0.544029453   1.088058905   0.000000000
   sum over m      0.544029453  0.544029453   1.088058905   0.000000000
  s           1    0.014838279  0.014838279   0.029676557   0.000000000
   sum over m      0.014838279  0.014838279   0.029676557   0.000000000
   sum over m+mul  0.558867731  0.558867731   1.117735463   0.000000000
  px          0    0.420486872  0.420486872   0.840973743   0.000000000
  py          0    0.420559291  0.420559291   0.841118582   0.000000000
  pz          0    0.490420068  0.490420068   0.980840136   0.000000000
   sum over m      1.331466231  1.331466231   2.662932461   0.000000000
  px          1    0.029702733  0.029702733   0.059405466   0.000000000
  py          1    0.029760618  0.029760618   0.059521235   0.000000000
  pz          1   -0.009768905 -0.009768905  -0.019537810   0.000000000
   sum over m      0.049694445  0.049694445   0.099388891   0.000000000
   sum over m+mul  1.381160676  1.381160676   2.762321352   0.000000000
  d3z^2-r^2   0    0.002825647  0.002825647   0.005651294   0.000000000
  dx^2-y^2    0    0.018897745  0.018897745   0.037795491   0.000000000
  dxy         0    0.018899365  0.018899365   0.037798730   0.000000000
  dxz         0    0.009673847  0.009673847   0.019347694   0.000000000
  dyz         0    0.009674990  0.009674990   0.019349980   0.000000000
   sum over m      0.059971594  0.059971594   0.119943189   0.000000000
   sum over m+mul  0.059971594  0.059971594   0.119943189   0.000000000

   90    C          Up spin      Down spin     Sum           Diff
            multiple
  s           0    0.544029450  0.544029450   1.088058900   0.000000000
   sum over m      0.544029450  0.544029450   1.088058900   0.000000000
  s           1    0.014838278  0.014838278   0.029676557   0.000000000
   sum over m      0.014838278  0.014838278   0.029676557   0.000000000
   sum over m+mul  0.558867729  0.558867729   1.117735457   0.000000000
  px          0    0.420486871  0.420486871   0.840973742   0.000000000
  py          0    0.420559291  0.420559291   0.841118582   0.000000000
  pz          0    0.490420068  0.490420068   0.980840136   0.000000000
   sum over m      1.331466230  1.331466230   2.662932460   0.000000000
  px          1    0.029702733  0.029702733   0.059405467   0.000000000
  py          1    0.029760617  0.029760617   0.059521234   0.000000000
  pz          1   -0.009768905 -0.009768905  -0.019537810   0.000000000
   sum over m      0.049694445  0.049694445   0.099388891   0.000000000
   sum over m+mul  1.381160675  1.381160675   2.762321351   0.000000000
  d3z^2-r^2   0    0.002825647  0.002825647   0.005651294   0.000000000
  dx^2-y^2    0    0.018897745  0.018897745   0.037795491   0.000000000
  dxy         0    0.018899365  0.018899365   0.037798730   0.000000000
  dxz         0    0.009673847  0.009673847   0.019347694   0.000000000
  dyz         0    0.009674990  0.009674990   0.019349980   0.000000000
   sum over m      0.059971594  0.059971594   0.119943189   0.000000000
   sum over m+mul  0.059971594  0.059971594   0.119943189   0.000000000

   91    C          Up spin      Down spin     Sum           Diff
            multiple
  s           0    0.544029450  0.544029450   1.088058900   0.000000000
   sum over m      0.544029450  0.544029450   1.088058900   0.000000000
  s           1    0.014838278  0.014838278   0.029676557   0.000000000
   sum over m      0.014838278  0.014838278   0.029676557   0.000000000
   sum over m+mul  0.558867729  0.558867729   1.117735457   0.000000000
  px          0    0.420486872  0.420486872   0.840973745   0.000000000
  py          0    0.420559291  0.420559291   0.841118582   0.000000000
  pz          0    0.490420068  0.490420068   0.980840137   0.000000000
   sum over m      1.331466232  1.331466232   2.662932463   0.000000000
  px          1    0.029702733  0.029702733   0.059405466   0.000000000
  py          1    0.029760617  0.029760617   0.059521235   0.000000000
  pz          1   -0.009768905 -0.009768905  -0.019537810   0.000000000
   sum over m      0.049694445  0.049694445   0.099388891   0.000000000
   sum over m+mul  1.381160677  1.381160677   2.762321354   0.000000000
  d3z^2-r^2   0    0.002825647  0.002825647   0.005651294   0.000000000
  dx^2-y^2    0    0.018897745  0.018897745   0.037795491   0.000000000
  dxy         0    0.018899365  0.018899365   0.037798730   0.000000000
  dxz         0    0.009673847  0.009673847   0.019347694   0.000000000
  dyz         0    0.009674990  0.009674990   0.019349980   0.000000000
   sum over m      0.059971594  0.059971594   0.119943189   0.000000000
   sum over m+mul  0.059971594  0.059971594   0.119943189   0.000000000

   92    C          Up spin      Down spin     Sum           Diff
            multiple
  s           0    0.544029452  0.544029452   1.088058904   0.000000000
   sum over m      0.544029452  0.544029452   1.088058904   0.000000000
  s           1    0.014838279  0.014838279   0.029676557   0.000000000
   sum over m      0.014838279  0.014838279   0.029676557   0.000000000
   sum over m+mul  0.558867731  0.558867731   1.117735461   0.000000000
  px          0    0.420486871  0.420486871   0.840973742   0.000000000
  py          0    0.420559291  0.420559291   0.841118583   0.000000000
  pz          0    0.490420068  0.490420068   0.980840136   0.000000000
   sum over m      1.331466230  1.331466230   2.662932460   0.000000000
  px          1    0.029702732  0.029702732   0.059405465   0.000000000
  py          1    0.029760618  0.029760618   0.059521235   0.000000000
  pz          1   -0.009768905 -0.009768905  -0.019537810   0.000000000
   sum over m      0.049694445  0.049694445   0.099388890   0.000000000
   sum over m+mul  1.381160675  1.381160675   2.762321350   0.000000000
  d3z^2-r^2   0    0.002825647  0.002825647   0.005651294   0.000000000
  dx^2-y^2    0    0.018897745  0.018897745   0.037795491   0.000000000
  dxy         0    0.018899365  0.018899365   0.037798730   0.000000000
  dxz         0    0.009673847  0.009673847   0.019347694   0.000000000
  dyz         0    0.009674990  0.009674990   0.019349980   0.000000000
   sum over m      0.059971594  0.059971594   0.119943189   0.000000000
   sum over m+mul  0.059971594  0.059971594   0.119943189   0.000000000

   93    C          Up spin      Down spin     Sum           Diff
            multiple
  s           0    0.544029451  0.544029451   1.088058903   0.000000000
   sum over m      0.544029451  0.544029451   1.088058903   0.000000000
  s           1    0.014838279  0.014838279   0.029676557   0.000000000
   sum over m      0.014838279  0.014838279   0.029676557   0.000000000
   sum over m+mul  0.558867730  0.558867730   1.117735460   0.000000000
  px          0    0.420486871  0.420486871   0.840973742   0.000000000
  py          0    0.420559291  0.420559291   0.841118582   0.000000000
  pz          0    0.490420068  0.490420068   0.980840136   0.000000000
   sum over m      1.331466230  1.331466230   2.662932460   0.000000000
  px          1    0.029702733  0.029702733   0.059405466   0.000000000
  py          1    0.029760617  0.029760617   0.059521234   0.000000000
  pz          1   -0.009768905 -0.009768905  -0.019537810   0.000000000
   sum over m      0.049694445  0.049694445   0.099388890   0.000000000
   sum over m+mul  1.381160675  1.381160675   2.762321350   0.000000000
  d3z^2-r^2   0    0.002825647  0.002825647   0.005651294   0.000000000
  dx^2-y^2    0    0.018897745  0.018897745   0.037795491   0.000000000
  dxy         0    0.018899365  0.018899365   0.037798730   0.000000000
  dxz         0    0.009673847  0.009673847   0.019347694   0.000000000
  dyz         0    0.009674990  0.009674990   0.019349980   0.000000000
   sum over m      0.059971594  0.059971594   0.119943189   0.000000000
   sum over m+mul  0.059971594  0.059971594   0.119943189   0.000000000

   94    C          Up spin      Down spin     Sum           Diff
            multiple
  s           0    0.544029452  0.544029452   1.088058905   0.000000000
   sum over m      0.544029452  0.544029452   1.088058905   0.000000000
  s           1    0.014838278  0.014838278   0.029676557   0.000000000
   sum over m      0.014838278  0.014838278   0.029676557   0.000000000
   sum over m+mul  0.558867731  0.558867731   1.117735462   0.000000000
  px          0    0.420486872  0.420486872   0.840973744   0.000000000
  py          0    0.420559291  0.420559291   0.841118582   0.000000000
  pz          0    0.490420069  0.490420069   0.980840137   0.000000000
   sum over m      1.331466232  1.331466232   2.662932463   0.000000000
  px          1    0.029702733  0.029702733   0.059405466   0.000000000
  py          1    0.029760617  0.029760617   0.059521235   0.000000000
  pz          1   -0.009768905 -0.009768905  -0.019537810   0.000000000
   sum over m      0.049694446  0.049694446   0.099388891   0.000000000
   sum over m+mul  1.381160677  1.381160677   2.762321355   0.000000000
  d3z^2-r^2   0    0.002825647  0.002825647   0.005651294   0.000000000
  dx^2-y^2    0    0.018897745  0.018897745   0.037795491   0.000000000
  dxy         0    0.018899365  0.018899365   0.037798730   0.000000000
  dxz         0    0.009673847  0.009673847   0.019347694   0.000000000
  dyz         0    0.009674990  0.009674990   0.019349980   0.000000000
   sum over m      0.059971594  0.059971594   0.119943189   0.000000000
   sum over m+mul  0.059971594  0.059971594   0.119943189   0.000000000

   95    C          Up spin      Down spin     Sum           Diff
            multiple
  s           0    0.544029452  0.544029452   1.088058905   0.000000000
   sum over m      0.544029452  0.544029452   1.088058905   0.000000000
  s           1    0.014838278  0.014838278   0.029676557   0.000000000
   sum over m      0.014838278  0.014838278   0.029676557   0.000000000
   sum over m+mul  0.558867731  0.558867731   1.117735462   0.000000000
  px          0    0.420486872  0.420486872   0.840973745   0.000000000
  py          0    0.420559291  0.420559291   0.841118583   0.000000000
  pz          0    0.490420069  0.490420069   0.980840137   0.000000000
   sum over m      1.331466232  1.331466232   2.662932465   0.000000000
  px          1    0.029702733  0.029702733   0.059405466   0.000000000
  py          1    0.029760617  0.029760617   0.059521235   0.000000000
  pz          1   -0.009768905 -0.009768905  -0.019537810   0.000000000
   sum over m      0.049694445  0.049694445   0.099388891   0.000000000
   sum over m+mul  1.381160678  1.381160678   2.762321356   0.000000000
  d3z^2-r^2   0    0.002825647  0.002825647   0.005651294   0.000000000
  dx^2-y^2    0    0.018897745  0.018897745   0.037795491   0.000000000
  dxy         0    0.018899365  0.018899365   0.037798730   0.000000000
  dxz         0    0.009673847  0.009673847   0.019347694   0.000000000
  dyz         0    0.009674990  0.009674990   0.019349980   0.000000000
   sum over m      0.059971594  0.059971594   0.119943189   0.000000000
   sum over m+mul  0.059971594  0.059971594   0.119943189   0.000000000

   96    C          Up spin      Down spin     Sum           Diff
            multiple
  s           0    0.544029450  0.544029450   1.088058900   0.000000000
   sum over m      0.544029450  0.544029450   1.088058900   0.000000000
  s           1    0.014838278  0.014838278   0.029676557   0.000000000
   sum over m      0.014838278  0.014838278   0.029676557   0.000000000
   sum over m+mul  0.558867729  0.558867729   1.117735457   0.000000000
  px          0    0.420486871  0.420486871   0.840973742   0.000000000
  py          0    0.420559291  0.420559291   0.841118582   0.000000000
  pz          0    0.490420068  0.490420068   0.980840136   0.000000000
   sum over m      1.331466230  1.331466230   2.662932460   0.000000000
  px          1    0.029702733  0.029702733   0.059405466   0.000000000
  py          1    0.029760618  0.029760618   0.059521236   0.000000000
  pz          1   -0.009768905 -0.009768905  -0.019537810   0.000000000
   sum over m      0.049694446  0.049694446   0.099388891   0.000000000
   sum over m+mul  1.381160675  1.381160675   2.762321351   0.000000000
  d3z^2-r^2   0    0.002825647  0.002825647   0.005651294   0.000000000
  dx^2-y^2    0    0.018897745  0.018897745   0.037795491   0.000000000
  dxy         0    0.018899365  0.018899365   0.037798730   0.000000000
  dxz         0    0.009673847  0.009673847   0.019347694   0.000000000
  dyz         0    0.009674990  0.009674990   0.019349980   0.000000000
   sum over m      0.059971594  0.059971594   0.119943189   0.000000000
   sum over m+mul  0.059971594  0.059971594   0.119943189   0.000000000

   97    C          Up spin      Down spin     Sum           Diff
            multiple
  s           0    0.544029452  0.544029452   1.088058904   0.000000000
   sum over m      0.544029452  0.544029452   1.088058904   0.000000000
  s           1    0.014838278  0.014838278   0.029676557   0.000000000
   sum over m      0.014838278  0.014838278   0.029676557   0.000000000
   sum over m+mul  0.558867731  0.558867731   1.117735461   0.000000000
  px          0    0.420486872  0.420486872   0.840973744   0.000000000
  py          0    0.420559292  0.420559292   0.841118584   0.000000000
  pz          0    0.490420068  0.490420068   0.980840136   0.000000000
   sum over m      1.331466232  1.331466232   2.662932464   0.000000000
  px          1    0.029702733  0.029702733   0.059405466   0.000000000
  py          1    0.029760617  0.029760617   0.059521235   0.000000000
  pz          1   -0.009768905 -0.009768905  -0.019537810   0.000000000
   sum over m      0.049694445  0.049694445   0.099388890   0.000000000
   sum over m+mul  1.381160677  1.381160677   2.762321354   0.000000000
  d3z^2-r^2   0    0.002825647  0.002825647   0.005651294   0.000000000
  dx^2-y^2    0    0.018897745  0.018897745   0.037795491   0.000000000
  dxy         0    0.018899365  0.018899365   0.037798730   0.000000000
  dxz         0    0.009673847  0.009673847   0.019347694   0.000000000
  dyz         0    0.009674990  0.009674990   0.019349980   0.000000000
   sum over m      0.059971594  0.059971594   0.119943189   0.000000000
   sum over m+mul  0.059971594  0.059971594   0.119943189   0.000000000

   98    C          Up spin      Down spin     Sum           Diff
            multiple
  s           0    0.544029451  0.544029451   1.088058902   0.000000000
   sum over m      0.544029451  0.544029451   1.088058902   0.000000000
  s           1    0.014838279  0.014838279   0.029676557   0.000000000
   sum over m      0.014838279  0.014838279   0.029676557   0.000000000
   sum over m+mul  0.558867729  0.558867729   1.117735459   0.000000000
  px          0    0.420486871  0.420486871   0.840973743   0.000000000
  py          0    0.420559291  0.420559291   0.841118582   0.000000000
  pz          0    0.490420068  0.490420068   0.980840136   0.000000000
   sum over m      1.331466230  1.331466230   2.662932461   0.000000000
  px          1    0.029702733  0.029702733   0.059405466   0.000000000
  py          1    0.029760618  0.029760618   0.059521236   0.000000000
  pz          1   -0.009768905 -0.009768905  -0.019537810   0.000000000
   sum over m      0.049694446  0.049694446   0.099388892   0.000000000
   sum over m+mul  1.381160676  1.381160676   2.762321352   0.000000000
  d3z^2-r^2   0    0.002825647  0.002825647   0.005651294   0.000000000
  dx^2-y^2    0    0.018897745  0.018897745   0.037795491   0.000000000
  dxy         0    0.018899365  0.018899365   0.037798730   0.000000000
  dxz         0    0.009673847  0.009673847   0.019347694   0.000000000
  dyz         0    0.009674990  0.009674990   0.019349980   0.000000000
   sum over m      0.059971594  0.059971594   0.119943189   0.000000000
   sum over m+mul  0.059971594  0.059971594   0.119943189   0.000000000

***********************************************************
***********************************************************
                    Dipole moment (Debye)                  
***********************************************************
***********************************************************

 Absolute D        0.00007453

                      Dx                Dy                Dz
 Total             -0.00003452       -0.00006605        0.00000001
 Core            6947.74256987    13370.93680992        0.00000000
 Electron       -6947.74260439   -13370.93687597        0.00000001
 Back ground       -0.00000000       -0.00000000        0.00000000

***********************************************************
***********************************************************
       xyz-coordinates (Ang) and forces (Hartree/Bohr)  
***********************************************************
***********************************************************

<coordinates.forces
  98
    1     C     0.00000   0.00000   0.00000   0.000009424271 -0.000162112871  0.000000000349
    2     C     0.00000   1.42028   0.00000  -0.000009423968  0.000162111890 -0.000000000097
    3     C    -1.23000   2.13042   0.00000   0.000009423887 -0.000162112372 -0.000000000016
    4     C    -1.23000   3.55070   0.00000  -0.000009422151  0.000162112452 -0.000000000109
    5     C    -2.46000   4.26084   0.00000   0.000009421673 -0.000162111033 -0.000000000878
    6     C    -2.46000   5.68113   0.00000  -0.000009423587  0.000162110754  0.000000000202
    7     C    -3.69000   6.39127   0.00000   0.000009420662 -0.000162111678 -0.000000000644
    8     C    -3.69000   7.81155   0.00000  -0.000009421158  0.000162111242 -0.000000000721
    9     C    -4.92000   8.52169   0.00000   0.000009421641 -0.000162110829  0.000000000199
   10     C    -4.92000   9.94197   0.00000  -0.000009422355  0.000162111444 -0.000000000072
   11     C    -6.15000  10.65211   0.00000   0.000009422672 -0.000162113799  0.000000000213
   12     C    -6.15000  12.07239   0.00000  -0.000009423999  0.000162113600  0.000000000184
   13     C    -7.38000  12.78253   0.00000   0.000009424024 -0.000162112940  0.000000000846
   14     C    -7.38000  14.20282   0.00000  -0.000009424622  0.000162112917 -0.000000000797
   15     C     2.46000   0.00000   0.00000   0.000009422755 -0.000162111733  0.000000000547
   16     C     2.46000   1.42028   0.00000  -0.000009423183  0.000162111537 -0.000000000367
   17     C     1.23000   2.13042   0.00000   0.000009423383 -0.000162111826 -0.000000000179
   18     C     1.23000   3.55070   0.00000  -0.000009422415  0.000162112208  0.000000000513
   19     C     0.00000   4.26084   0.00000   0.000009422476 -0.000162112518  0.000000000398
   20     C     0.00000   5.68113   0.00000  -0.000009422981  0.000162112536 -0.000000000345
   21     C    -1.23000   6.39127   0.00000   0.000009422411 -0.000162112233 -0.000000000100
   22     C    -1.23000   7.81155   0.00000  -0.000009423619  0.000162113010  0.000000000281
   23     C    -2.46000   8.52169   0.00000   0.000009423907 -0.000162111690 -0.000000000394
   24     C    -2.46000   9.94197   0.00000  -0.000009423740  0.000162111524  0.000000000357
   25     C    -3.69000  10.65211   0.00000   0.000009423278 -0.000162112014  0.000000000243
   26     C    -3.69000  12.07239   0.00000  -0.000009421334  0.000162111001  0.000000000506
   27     C    -4.92000  12.78253   0.00000   0.000009421764 -0.000162110594 -0.000000000356
   28     C    -4.92000  14.20282   0.00000  -0.000009422037  0.000162111399  0.000000000013
   29     C     4.92000   0.00000   0.00000   0.000009421821 -0.000162110771  0.000000000389
   30     C     4.92000   1.42028   0.00000  -0.000009422601  0.000162111914  0.000000000683
   31     C     3.69000   2.13042   0.00000   0.000009422716 -0.000162111094  0.000000000019
   32     C     3.69000   3.55070   0.00000  -0.000009423296  0.000162112107 -0.000000001091
   33     C     2.46000   4.26084   0.00000   0.000009423037 -0.000162112428 -0.000000000143
   34     C     2.46000   5.68113   0.00000  -0.000009422608  0.000162112839  0.000000000505
   35     C     1.23000   6.39127   0.00000   0.000009423325 -0.000162110431  0.000000000217
   36     C     1.23000   7.81155   0.00000  -0.000009422713  0.000162111464  0.000000000654
   37     C     0.00000   8.52169   0.00000   0.000009423197 -0.000162111854  0.000000000186
   38     C     0.00000   9.94197   0.00000  -0.000009423777  0.000162110538  0.000000000046
   39     C    -1.23000  10.65211   0.00000   0.000009422977 -0.000162110052  0.000000000302
   40     C    -1.23000  12.07239   0.00000  -0.000009422112  0.000162110052  0.000000000386
   41     C    -2.46000  12.78253   0.00000   0.000009421462 -0.000162112183 -0.000000000572
   42     C    -2.46000  14.20282   0.00000  -0.000009422345  0.000162110996  0.000000000041
   43     C     7.38000   0.00000   0.00000   0.000009422622 -0.000162111643 -0.000000000066
   44     C     7.38000   1.42028   0.00000  -0.000009422450  0.000162112105 -0.000000000167
   45     C     6.15000   2.13042   0.00000   0.000009422173 -0.000162111489 -0.000000000639
   46     C     6.15000   3.55070   0.00000  -0.000009422014  0.000162111207  0.000000000771
   47     C     4.92000   4.26084   0.00000   0.000009422931 -0.000162112055  0.000000000084
   48     C     4.92000   5.68113   0.00000  -0.000009423444  0.000162111964  0.000000000943
   49     C     3.69000   6.39127   0.00000   0.000009423418 -0.000162112920 -0.000000000259
   50     C     3.69000   7.81155   0.00000  -0.000009422171  0.000162111907 -0.000000000358
   51     C     2.46000   8.52169   0.00000   0.000009422832 -0.000162111378  0.000000000079
   52     C     2.46000   9.94197   0.00000  -0.000009423790  0.000162111026 -0.000000000150
   53     C     1.23000  10.65211   0.00000   0.000009425037 -0.000162111199  0.000000000858
   54     C     1.23000  12.07239   0.00000  -0.000009422800  0.000162111333 -0.000000001294
   55     C     0.00000  12.78253   0.00000   0.000009421355 -0.000162111208 -0.000000000853
   56     C     0.00000  14.20282   0.00000  -0.000009422703  0.000162111420  0.000000001021
   57     C     9.84000   0.00000   0.00000   0.000009422836 -0.000162110872  0.000000000333
   58     C     9.84000   1.42028   0.00000  -0.000009424004  0.000162111243 -0.000000000164
   59     C     8.61000   2.13042   0.00000   0.000009422662 -0.000162111862  0.000000000567
   60     C     8.61000   3.55070   0.00000  -0.000009422366  0.000162111939  0.000000000113
   61     C     7.38000   4.26084   0.00000   0.000009423758 -0.000162112568 -0.000000000150
   62     C     7.38000   5.68113   0.00000  -0.000009424417  0.000162113436 -0.000000000408
   63     C     6.15000   6.39127   0.00000   0.000009423657 -0.000162113352 -0.000000000227
   64     C     6.15000   7.81155   0.00000  -0.000009422879  0.000162113440 -0.000000000135
   65     C     4.92000   8.52169   0.00000   0.000009423508 -0.000162112492 -0.000000000294
   66     C     4.92000   9.94197   0.00000  -0.000009422530  0.000162112277  0.000000000019
   67     C     3.69000  10.65211   0.00000   0.000009422663 -0.000162111035  0.000000000155
   68     C     3.69000  12.07239   0.00000  -0.000009422155  0.000162111477 -0.000000000140
   69     C     2.46000  12.78253   0.00000   0.000009421804 -0.000162112572  0.000000000009
   70     C     2.46000  14.20282   0.00000  -0.000009422496  0.000162111215 -0.000000000438
   71     C    12.30000   0.00000   0.00000   0.000009422520 -0.000162112600  0.000000001139
   72     C    12.30000   1.42028   0.00000  -0.000009423460  0.000162112400 -0.000000000513
   73     C    11.07000   2.13042   0.00000   0.000009424355 -0.000162112181  0.000000000398
   74     C    11.07000   3.55070   0.00000  -0.000009422707  0.000162111706  0.000000000222
   75     C     9.84000   4.26084   0.00000   0.000009423265 -0.000162112334 -0.000000000024
   76     C     9.84000   5.68113   0.00000  -0.000009423324  0.000162111416  0.000000000321
   77     C     8.61000   6.39127   0.00000   0.000009423409 -0.000162113772  0.000000000211
   78     C     8.61000   7.81155   0.00000  -0.000009423152  0.000162112978 -0.000000000526
   79     C     7.38000   8.52169   0.00000   0.000009423317 -0.000162111915 -0.000000000337
   80     C     7.38000   9.94197   0.00000  -0.000009423504  0.000162110837 -0.000000000501
   81     C     6.15000  10.65211   0.00000   0.000009422523 -0.000162112320 -0.000000000131
   82     C     6.15000  12.07239   0.00000  -0.000009423515  0.000162113102  0.000000000289
   83     C     4.92000  12.78253   0.00000   0.000009422291 -0.000162114318  0.000000000238
   84     C     4.92000  14.20282   0.00000  -0.000009421178  0.000162114398 -0.000000000788
   85     C    14.76000   0.00000   0.00000   0.000009422412 -0.000162111691 -0.000000000415
   86     C    14.76000   1.42028   0.00000  -0.000009423233  0.000162112061  0.000000000220
   87     C    13.53000   2.13042   0.00000   0.000009422048 -0.000162112645 -0.000000000269
   88     C    13.53000   3.55070   0.00000  -0.000009421085  0.000162111788  0.000000000513
   89     C    12.30000   4.26084   0.00000   0.000009420515 -0.000162110956 -0.000000000139
   90     C    12.30000   5.68113   0.00000  -0.000009420086  0.000162111751 -0.000000000933
   91     C    11.07000   6.39127   0.00000   0.000009422615 -0.000162111088 -0.000000000006
   92     C    11.07000   7.81155   0.00000  -0.000009423249  0.000162112012  0.000000000624
   93     C     9.84000   8.52169   0.00000   0.000009422675 -0.000162112861 -0.000000000152
   94     C     9.84000   9.94197   0.00000  -0.000009421998  0.000162112242  0.000000000327
   95     C     8.61000  10.65211   0.00000   0.000009423754 -0.000162111461 -0.000000001014
   96     C     8.61000  12.07239   0.00000  -0.000009422974  0.000162112326  0.000000000761
   97     C     7.38000  12.78253   0.00000   0.000009422632 -0.000162111145 -0.000000000580
   98     C     7.38000  14.20282   0.00000  -0.000009422388  0.000162111999  0.000000000156
coordinates.forces>

***********************************************************
***********************************************************
       Fractional coordinates of the final structure       
***********************************************************
***********************************************************

     1      C     0.00000000000000   0.00000000000000   0.00000000000000
     2      C     0.04761904761903   0.09523809523805   0.00000000000000
     3      C     0.00000000000000   0.14285714285714   0.00000000000000
     4      C     0.04761904761903   0.23809523809519   0.00000000000000
     5      C     0.00000000000000   0.28571428571429   0.00000000000000
     6      C     0.04761904761903   0.38095238095234   0.00000000000000
     7      C    -0.00000000000000   0.42857142857143   0.00000000000000
     8      C     0.04761904761903   0.52380952380948   0.00000000000000
     9      C     0.00000000000000   0.57142857142857   0.00000000000000
    10      C     0.04761904761903   0.66666666666662   0.00000000000000
    11      C    -0.00000000000000   0.71428571428571   0.00000000000000
    12      C     0.04761904761903   0.80952380952376   0.00000000000000
    13      C    -0.00000000000000   0.85714285714286   0.00000000000000
    14      C     0.04761904761903   0.95238095238091   0.00000000000000
    15      C     0.14285714285714   0.00000000000000   0.00000000000000
    16      C     0.19047619047617   0.09523809523805   0.00000000000000
    17      C     0.14285714285714   0.14285714285714   0.00000000000000
    18      C     0.19047619047617   0.23809523809519   0.00000000000000
    19      C     0.14285714285714   0.28571428571429   0.00000000000000
    20      C     0.19047619047617   0.38095238095234   0.00000000000000
    21      C     0.14285714285714   0.42857142857143   0.00000000000000
    22      C     0.19047619047617   0.52380952380948   0.00000000000000
    23      C     0.14285714285714   0.57142857142857   0.00000000000000
    24      C     0.19047619047617   0.66666666666662   0.00000000000000
    25      C     0.14285714285714   0.71428571428571   0.00000000000000
    26      C     0.19047619047617   0.80952380952376   0.00000000000000
    27      C     0.14285714285714   0.85714285714286   0.00000000000000
    28      C     0.19047619047617   0.95238095238091   0.00000000000000
    29      C     0.28571428571429   0.00000000000000   0.00000000000000
    30      C     0.33333333333331   0.09523809523805   0.00000000000000
    31      C     0.28571428571429   0.14285714285714   0.00000000000000
    32      C     0.33333333333331   0.23809523809519   0.00000000000000
    33      C     0.28571428571429   0.28571428571429   0.00000000000000
    34      C     0.33333333333331   0.38095238095234   0.00000000000000
    35      C     0.28571428571429   0.42857142857143   0.00000000000000
    36      C     0.33333333333331   0.52380952380948   0.00000000000000
    37      C     0.28571428571429   0.57142857142857   0.00000000000000
    38      C     0.33333333333331   0.66666666666662   0.00000000000000
    39      C     0.28571428571429   0.71428571428571   0.00000000000000
    40      C     0.33333333333331   0.80952380952376   0.00000000000000
    41      C     0.28571428571429   0.85714285714286   0.00000000000000
    42      C     0.33333333333331   0.95238095238091   0.00000000000000
    43      C     0.42857142857143   0.00000000000000   0.00000000000000
    44      C     0.47619047619045   0.09523809523805   0.00000000000000
    45      C     0.42857142857143   0.14285714285714   0.00000000000000
    46      C     0.47619047619045   0.23809523809519   0.00000000000000
    47      C     0.42857142857143   0.28571428571429   0.00000000000000
    48      C     0.47619047619045   0.38095238095234   0.00000000000000
    49      C     0.42857142857143   0.42857142857143   0.00000000000000
    50      C     0.47619047619045   0.52380952380948   0.00000000000000
    51      C     0.42857142857143   0.57142857142857   0.00000000000000
    52      C     0.47619047619045   0.66666666666662   0.00000000000000
    53      C     0.42857142857143   0.71428571428571   0.00000000000000
    54      C     0.47619047619045   0.80952380952376   0.00000000000000
    55      C     0.42857142857143   0.85714285714286   0.00000000000000
    56      C     0.47619047619045   0.95238095238091   0.00000000000000
    57      C     0.57142857142857   0.00000000000000   0.00000000000000
    58      C     0.61904761904760   0.09523809523805   0.00000000000000
    59      C     0.57142857142857   0.14285714285714   0.00000000000000
    60      C     0.61904761904760   0.23809523809519   0.00000000000000
    61      C     0.57142857142857   0.28571428571429   0.00000000000000
    62      C     0.61904761904760   0.38095238095234   0.00000000000000
    63      C     0.57142857142857   0.42857142857143   0.00000000000000
    64      C     0.61904761904760   0.52380952380948   0.00000000000000
    65      C     0.57142857142857   0.57142857142857   0.00000000000000
    66      C     0.61904761904760   0.66666666666662   0.00000000000000
    67      C     0.57142857142857   0.71428571428571   0.00000000000000
    68      C     0.61904761904760   0.80952380952376   0.00000000000000
    69      C     0.57142857142857   0.85714285714286   0.00000000000000
    70      C     0.61904761904760   0.95238095238091   0.00000000000000
    71      C     0.71428571428571   0.00000000000000   0.00000000000000
    72      C     0.76190476190474   0.09523809523805   0.00000000000000
    73      C     0.71428571428571   0.14285714285714   0.00000000000000
    74      C     0.76190476190474   0.23809523809519   0.00000000000000
    75      C     0.71428571428571   0.28571428571429   0.00000000000000
    76      C     0.76190476190474   0.38095238095234   0.00000000000000
    77      C     0.71428571428571   0.42857142857143   0.00000000000000
    78      C     0.76190476190474   0.52380952380948   0.00000000000000
    79      C     0.71428571428571   0.57142857142857   0.00000000000000
    80      C     0.76190476190474   0.66666666666662   0.00000000000000
    81      C     0.71428571428571   0.71428571428571   0.00000000000000
    82      C     0.76190476190474   0.80952380952376   0.00000000000000
    83      C     0.71428571428571   0.85714285714286   0.00000000000000
    84      C     0.76190476190474   0.95238095238091   0.00000000000000
    85      C     0.85714285714286   0.00000000000000   0.00000000000000
    86      C     0.90476190476188   0.09523809523805   0.00000000000000
    87      C     0.85714285714286   0.14285714285714   0.00000000000000
    88      C     0.90476190476188   0.23809523809519   0.00000000000000
    89      C     0.85714285714286   0.28571428571429   0.00000000000000
    90      C     0.90476190476188   0.38095238095234   0.00000000000000
    91      C     0.85714285714286   0.42857142857143   0.00000000000000
    92      C     0.90476190476188   0.52380952380948   0.00000000000000
    93      C     0.85714285714286   0.57142857142857   0.00000000000000
    94      C     0.90476190476188   0.66666666666662   0.00000000000000
    95      C     0.85714285714286   0.71428571428571   0.00000000000000
    96      C     0.90476190476188   0.80952380952376   0.00000000000000
    97      C     0.85714285714286   0.85714285714286   0.00000000000000
    98      C     0.90476190476188   0.95238095238091   0.00000000000000

***********************************************************
***********************************************************
               Computational Time (second)                 
***********************************************************
***********************************************************

   Elapsed.Time.        25.158

                               Min_ID   Min_Time       Max_ID   Max_Time
   Total Computational Time =    13       24.925          0       25.158
   readfile                 =    13        1.235          0        1.253
   truncation               =    26        0.912         15        0.949
   MD_pac                   =     0        0.015         29        0.021
   OutData                  =    16        0.000          0        0.108
   DFT                      =    15       21.144          0       21.254

*** In DFT ***

   Set_OLP_Kin              =     9        0.824         31        1.090
   Set_Nonlocal             =    31        1.673          9        1.940
   Set_ProExpn_VNA          =     0        0.000          0        0.000
   Set_Hamiltonian          =    16        5.680          5        5.680
   Poisson                  =    16        0.095          3        0.095
   Diagonalization          =     3        6.454         26        6.454
   Mixing_DM                =     4        0.028         31        0.028
   Force                    =     6        0.719         25        0.719
   Total_Energy             =    24        1.125          0        1.207
   Set_Aden_Grid            =     9        0.037          6        0.039
   Set_Orbitals_Grid        =     0        0.343         31        0.442
   Set_Density_Grid         =    13        2.606         21        3.397
   RestartFileDFT           =    14        0.093         21        0.247
   Mulliken_Charge          =    21        0.083         25        0.083
   FFT(2D)_Density          =     0        0.000          0        0.000
   Others                   =    15        0.188         13        1.120
