============================================================
Currently Loaded Modulefiles:
 1) intel/oneapi/2023.2.0  
MKLROOT=/apps/support/intel_spr_rocky8.9/oneapi/2023.2.0/mkl/2023.2.0
============================================================
Job ID: tyy
Job name: tyy
Number of nodes: 8
Number of processors: 256
Task is running on the following nodes:
qhcn[106-113]
OMP_NUM_THREADS = 2
============================================================


The number of threads in each node for OpenMP parallelization is 2.


*******************************************************
*******************************************************
 Welcome to OpenMX   Ver. 3.9.9                           
 Copyright (C), 2002-2019, T. Ozaki                    
 OpenMX comes with ABSOLUTELY NO WARRANTY.             
 This is free software, and you are welcome to         
 redistribute it under the constitution of the GNU-GPL.
*******************************************************
*******************************************************

Failure of reading .//openmx_rst/openmx.crst_check
Failure of reading .//openmx_rst/openmx.crst_check
Failure of reading .//openmx_rst/openmx.crst_check
Failure of reading .//openmx_rst/openmx.crst_check
Failure of reading .//openmx_rst/openmx.crst_check
Failure of reading .//openmx_rst/openmx.crst_check
Failure of reading .//openmx_rst/openmx.crst_check
Failure of reading .//openmx_rst/openmx.crst_check
Failure of reading .//openmx_rst/openmx.crst_check
Failure of reading .//openmx_rst/openmx.crst_check
Failure of reading .//openmx_rst/openmx.crst_check
Failure of reading .//openmx_rst/openmx.crst_check
Failure of reading .//openmx_rst/openmx.crst_check
Failure of reading .//openmx_rst/openmx.crst_check
Failure of reading .//openmx_rst/openmx.crst_check
Failure of reading .//openmx_rst/openmx.crst_check
Failure of reading .//openmx_rst/openmx.crst_check
Failure of reading .//openmx_rst/openmx.crst_check
Failure of reading .//openmx_rst/openmx.crst_check
Failure of reading .//openmx_rst/openmx.crst_check
Failure of reading .//openmx_rst/openmx.crst_check
Failure of reading .//openmx_rst/openmx.crst_check
Failure of reading .//openmx_rst/openmx.crst_check
Failure of reading .//openmx_rst/openmx.crst_check
Failure of reading .//openmx_rst/openmx.crst_check
Failure of reading .//openmx_rst/openmx.crst_check
Failure of reading .//openmx_rst/openmx.crst_check
Failure of reading .//openmx_rst/openmx.crst_check
Failure of reading .//openmx_rst/openmx.crst_check
Failure of reading .//openmx_rst/openmx.crst_check
Failure of reading .//openmx_rst/openmx.crst_check
Failure of reading .//openmx_rst/openmx.crst_check
Failure of reading .//openmx_rst/openmx.crst_check
Failure of reading .//openmx_rst/openmx.crst_check
Failure of reading .//openmx_rst/openmx.crst_check
Failure of reading .//openmx_rst/openmx.crst_check
Failure of reading .//openmx_rst/openmx.crst_check
Failure of reading .//openmx_rst/openmx.crst_check
Failure of reading .//openmx_rst/openmx.crst_check
Failure of reading .//openmx_rst/openmx.crst_check
Failure of reading .//openmx_rst/openmx.crst_check
Failure of reading .//openmx_rst/openmx.crst_check
Failure of reading .//openmx_rst/openmx.crst_check
Failure of reading .//openmx_rst/openmx.crst_check
Failure of reading .//openmx_rst/openmx.crst_check
Failure of reading .//openmx_rst/openmx.crst_check
Failure of reading .//openmx_rst/openmx.crst_check
Failure of reading .//openmx_rst/openmx.crst_check
Failure of reading .//openmx_rst/openmx.crst_check
Failure of reading .//openmx_rst/openmx.crst_check
Failure of reading .//openmx_rst/openmx.crst_check
Failure of reading .//openmx_rst/openmx.crst_check
Failure of reading .//openmx_rst/openmx.crst_check
Failure of reading .//openmx_rst/openmx.crst_check
Failure of reading .//openmx_rst/openmx.crst_check
Failure of reading .//openmx_rst/openmx.crst_check
Failure of reading .//openmx_rst/openmx.crst_check
Failure of reading .//openmx_rst/openmx.crst_check
Failure of reading .//openmx_rst/openmx.crst_check
Failure of reading .//openmx_rst/openmx.crst_check
Failure of reading .//openmx_rst/openmx.crst_check
Failure of reading .//openmx_rst/openmx.crst_check
Failure of reading .//openmx_rst/openmx.crst_check
Failure of reading .//openmx_rst/openmx.crst_check
Failure of reading .//openmx_rst/openmx.crst_check
Failure of reading .//openmx_rst/openmx.crst_check
Failure of reading .//openmx_rst/openmx.crst_check
Failure of reading .//openmx_rst/openmx.crst_check
Failure of reading .//openmx_rst/openmx.crst_check
Failure of reading .//openmx_rst/openmx.crst_check
Failure of reading .//openmx_rst/openmx.crst_check
Failure of reading .//openmx_rst/openmx.crst_check
Failure of reading .//openmx_rst/openmx.crst_check
Failure of reading .//openmx_rst/openmx.crst_check
Failure of reading .//openmx_rst/openmx.crst_check
Failure of reading .//openmx_rst/openmx.crst_check
Failure of reading .//openmx_rst/openmx.crst_check
Failure of reading .//openmx_rst/openmx.crst_check
Failure of reading .//openmx_rst/openmx.crst_check
Failure of reading .//openmx_rst/openmx.crst_check
Failure of reading .//openmx_rst/openmx.crst_check
Failure of reading .//openmx_rst/openmx.crst_check
Failure of reading .//openmx_rst/openmx.crst_check
Failure of reading .//openmx_rst/openmx.crst_check
Failure of reading .//openmx_rst/openmx.crst_check
Failure of reading .//openmx_rst/openmx.crst_check
Failure of reading .//openmx_rst/openmx.crst_check
Failure of reading .//openmx_rst/openmx.crst_check
Failure of reading .//openmx_rst/openmx.crst_check
Failure of reading .//openmx_rst/openmx.crst_check
Failure of reading .//openmx_rst/openmx.crst_check
Failure of reading .//openmx_rst/openmx.crst_check
Failure of reading .//openmx_rst/openmx.crst_check
Failure of reading .//openmx_rst/openmx.crst_check
Failure of reading .//openmx_rst/openmx.crst_check
Failure of reading .//openmx_rst/openmx.crst_check
Failure of reading .//openmx_rst/openmx.crst_check
Failure of reading .//openmx_rst/openmx.crst_check
Failure of reading .//openmx_rst/openmx.crst_check
Failure of reading .//openmx_rst/openmx.crst_check
Failure of reading .//openmx_rst/openmx.crst_check
Failure of reading .//openmx_rst/openmx.crst_check
Failure of reading .//openmx_rst/openmx.crst_check
Failure of reading .//openmx_rst/openmx.crst_check
Failure of reading .//openmx_rst/openmx.crst_check
Failure of reading .//openmx_rst/openmx.crst_check
Failure of reading .//openmx_rst/openmx.crst_check
Failure of reading .//openmx_rst/openmx.crst_check
Failure of reading .//openmx_rst/openmx.crst_check
Failure of reading .//openmx_rst/openmx.crst_check
Failure of reading .//openmx_rst/openmx.crst_check
Failure of reading .//openmx_rst/openmx.crst_check
Failure of reading .//openmx_rst/openmx.crst_check
Failure of reading .//openmx_rst/openmx.crst_check
Failure of reading .//openmx_rst/openmx.crst_check
Failure of reading .//openmx_rst/openmx.crst_check
Failure of reading .//openmx_rst/openmx.crst_check
Failure of reading .//openmx_rst/openmx.crst_check
Failure of reading .//openmx_rst/openmx.crst_check
Failure of reading .//openmx_rst/openmx.crst_check
Failure of reading .//openmx_rst/openmx.crst_check
Failure of reading .//openmx_rst/openmx.crst_check
Failure of reading .//openmx_rst/openmx.crst_check
Failure of reading .//openmx_rst/openmx.crst_check
Failure of reading .//openmx_rst/openmx.crst_check
Failure of reading .//openmx_rst/openmx.crst_check
Failure of reading .//openmx_rst/openmx.crst_check
Failure of reading .//openmx_rst/openmx.crst_check
Failure of reading .//openmx_rst/openmx.crst_check
Failure of reading .//openmx_rst/openmx.crst_check
Failure of reading .//openmx_rst/openmx.crst_check
Failure of reading .//openmx_rst/openmx.crst_check
Failure of reading .//openmx_rst/openmx.crst_check
Failure of reading .//openmx_rst/openmx.crst_check
Failure of reading .//openmx_rst/openmx.crst_check
Failure of reading .//openmx_rst/openmx.crst_check
Failure of reading .//openmx_rst/openmx.crst_check
Failure of reading .//openmx_rst/openmx.crst_check
Failure of reading .//openmx_rst/openmx.crst_check
Failure of reading .//openmx_rst/openmx.crst_check
Failure of reading .//openmx_rst/openmx.crst_check
Failure of reading .//openmx_rst/openmx.crst_check
Failure of reading .//openmx_rst/openmx.crst_check
Failure of reading .//openmx_rst/openmx.crst_check
Failure of reading .//openmx_rst/openmx.crst_check
Failure of reading .//openmx_rst/openmx.crst_check
Failure of reading .//openmx_rst/openmx.crst_check
Failure of reading .//openmx_rst/openmx.crst_check
Failure of reading .//openmx_rst/openmx.crst_check
Failure of reading .//openmx_rst/openmx.crst_check
Failure of reading .//openmx_rst/openmx.crst_check
Failure of reading .//openmx_rst/openmx.crst_check
Failure of reading .//openmx_rst/openmx.crst_check
Failure of reading .//openmx_rst/openmx.crst_check
Failure of reading .//openmx_rst/openmx.crst_check
Failure of reading .//openmx_rst/openmx.crst_check
Failure of reading .//openmx_rst/openmx.crst_check
Failure of reading .//openmx_rst/openmx.crst_check
Failure of reading .//openmx_rst/openmx.crst_check
Failure of reading .//openmx_rst/openmx.crst_check
Failure of reading .//openmx_rst/openmx.crst_check
Failure of reading .//openmx_rst/openmx.crst_check
Failure of reading .//openmx_rst/openmx.crst_check
Failure of reading .//openmx_rst/openmx.crst_check
Failure of reading .//openmx_rst/openmx.crst_check
Failure of reading .//openmx_rst/openmx.crst_check
Failure of reading .//openmx_rst/openmx.crst_check
Failure of reading .//openmx_rst/openmx.crst_check
Failure of reading .//openmx_rst/openmx.crst_check
Failure of reading .//openmx_rst/openmx.crst_check
Failure of reading .//openmx_rst/openmx.crst_check
Failure of reading .//openmx_rst/openmx.crst_check
Failure of reading .//openmx_rst/openmx.crst_check
Failure of reading .//openmx_rst/openmx.crst_check
Failure of reading .//openmx_rst/openmx.crst_check
Failure of reading .//openmx_rst/openmx.crst_check
Failure of reading .//openmx_rst/openmx.crst_check
Failure of reading .//openmx_rst/openmx.crst_check
Failure of reading .//openmx_rst/openmx.crst_check
Failure of reading .//openmx_rst/openmx.crst_check
Failure of reading .//openmx_rst/openmx.crst_check
Failure of reading .//openmx_rst/openmx.crst_check
Failure of reading .//openmx_rst/openmx.crst_check
Failure of reading .//openmx_rst/openmx.crst_check
Failure of reading .//openmx_rst/openmx.crst_check
Failure of reading .//openmx_rst/openmx.crst_check
Failure of reading .//openmx_rst/openmx.crst_check
Failure of reading .//openmx_rst/openmx.crst_check
Failure of reading .//openmx_rst/openmx.crst_check
Failure of reading .//openmx_rst/openmx.crst_check
Failure of reading .//openmx_rst/openmx.crst_check
Failure of reading .//openmx_rst/openmx.crst_check
Failure of reading .//openmx_rst/openmx.crst_check
Failure of reading .//openmx_rst/openmx.crst_check
Failure of reading .//openmx_rst/openmx.crst_check
Failure of reading .//openmx_rst/openmx.crst_check
Failure of reading .//openmx_rst/openmx.crst_check
Failure of reading .//openmx_rst/openmx.crst_check
Failure of reading .//openmx_rst/openmx.crst_check
Failure of reading .//openmx_rst/openmx.crst_check
Failure of reading .//openmx_rst/openmx.crst_check
Failure of reading .//openmx_rst/openmx.crst_check
Failure of reading .//openmx_rst/openmx.crst_check
Failure of reading .//openmx_rst/openmx.crst_check
Failure of reading .//openmx_rst/openmx.crst_check
Failure of reading .//openmx_rst/openmx.crst_check
Failure of reading .//openmx_rst/openmx.crst_check
Failure of reading .//openmx_rst/openmx.crst_check
Failure of reading .//openmx_rst/openmx.crst_check
Failure of reading .//openmx_rst/openmx.crst_check
Failure of reading .//openmx_rst/openmx.crst_check
Failure of reading .//openmx_rst/openmx.crst_check
Failure of reading .//openmx_rst/openmx.crst_check
Failure of reading .//openmx_rst/openmx.crst_check
Failure of reading .//openmx_rst/openmx.crst_check
Failure of reading .//openmx_rst/openmx.crst_check
Failure of reading .//openmx_rst/openmx.crst_check
Failure of reading .//openmx_rst/openmx.crst_check
Failure of reading .//openmx_rst/openmx.crst_check
Failure of reading .//openmx_rst/openmx.crst_check
Failure of reading .//openmx_rst/openmx.crst_check
Failure of reading .//openmx_rst/openmx.crst_check
Failure of reading .//openmx_rst/openmx.crst_check
Failure of reading .//openmx_rst/openmx.crst_check
Failure of reading .//openmx_rst/openmx.crst_check
Failure of reading .//openmx_rst/openmx.crst_check
Failure of reading .//openmx_rst/openmx.crst_check
Failure of reading .//openmx_rst/openmx.crst_check
Failure of reading .//openmx_rst/openmx.crst_check
Failure of reading .//openmx_rst/openmx.crst_check
Failure of reading .//openmx_rst/openmx.crst_check
Failure of reading .//openmx_rst/openmx.crst_check
Failure of reading .//openmx_rst/openmx.crst_check
Failure of reading .//openmx_rst/openmx.crst_check
Failure of reading .//openmx_rst/openmx.crst_check
Failure of reading .//openmx_rst/openmx.crst_check
Failure of reading .//openmx_rst/openmx.crst_check
Failure of reading .//openmx_rst/openmx.crst_check
Failure of reading .//openmx_rst/openmx.crst_check
Failure of reading .//openmx_rst/openmx.crst_check
Failure of reading .//openmx_rst/openmx.crst_check
Failure of reading .//openmx_rst/openmx.crst_check
Failure of reading .//openmx_rst/openmx.crst_check
Failure of reading .//openmx_rst/openmx.crst_check
Failure of reading .//openmx_rst/openmx.crst_check
Failure of reading .//openmx_rst/openmx.crst_check
Failure of reading .//openmx_rst/openmx.crst_check
Failure of reading .//openmx_rst/openmx.crst_check
Failure of reading .//openmx_rst/openmx.crst_check
Failure of reading .//openmx_rst/openmx.crst_check
Failure of reading .//openmx_rst/openmx.crst_check
Failure of reading .//openmx_rst/openmx.crst_check
Failure of reading .//openmx_rst/openmx.crst_check
Failure of reading .//openmx_rst/openmx.crst_check
Failure of reading .//openmx_rst/openmx.crst_check
Failure of reading .//openmx_rst/openmx.crst_check


<Input_std>  Your input file was normally read.
<Input_std>  The system includes 1 species and 343 atoms.

*******************************************************
                     PAO and VPS                       
*******************************************************

<SetPara_DFT>  PAOs of species Ni were normally found.
<SetPara_DFT>  VPSs of species Ni were normally found.
               Ni_PBE19H.vps is j-dependent.

*******************************************************
     Fourier transform of PAO and projectors of VNL    
*******************************************************

<FT_PAO>          Fourier transform of pseudo atomic orbitals
<FT_NLP>          Fourier transform of non-local projectors

*******************************************************
  Allocation of atoms to processors at MD_iter=    1     
*******************************************************

 proc =   0  # of atoms=   1  estimated weight=         1.00000
 proc =   1  # of atoms=   1  estimated weight=         1.00000
 proc =   2  # of atoms=   1  estimated weight=         1.00000
 proc =   3  # of atoms=   2  estimated weight=         2.00000
 proc =   4  # of atoms=   1  estimated weight=         1.00000
 proc =   5  # of atoms=   1  estimated weight=         1.00000
 proc =   6  # of atoms=   1  estimated weight=         1.00000
 proc =   7  # of atoms=   2  estimated weight=         2.00000
 proc =   8  # of atoms=   1  estimated weight=         1.00000
 proc =   9  # of atoms=   1  estimated weight=         1.00000
 proc =  10  # of atoms=   1  estimated weight=         1.00000
 proc =  11  # of atoms=   2  estimated weight=         2.00000
 proc =  12  # of atoms=   1  estimated weight=         1.00000
 proc =  13  # of atoms=   2  estimated weight=         2.00000
 proc =  14  # of atoms=   1  estimated weight=         1.00000
 proc =  15  # of atoms=   2  estimated weight=         2.00000
 proc =  16  # of atoms=   1  estimated weight=         1.00000
 proc =  17  # of atoms=   1  estimated weight=         1.00000
 proc =  18  # of atoms=   1  estimated weight=         1.00000
 proc =  19  # of atoms=   2  estimated weight=         2.00000
 proc =  20  # of atoms=   1  estimated weight=         1.00000
 proc =  21  # of atoms=   1  estimated weight=         1.00000
 proc =  22  # of atoms=   1  estimated weight=         1.00000
 proc =  23  # of atoms=   2  estimated weight=         2.00000
 proc =  24  # of atoms=   1  estimated weight=         1.00000
 proc =  25  # of atoms=   1  estimated weight=         1.00000
 proc =  26  # of atoms=   1  estimated weight=         1.00000
 proc =  27  # of atoms=   2  estimated weight=         2.00000
 proc =  28  # of atoms=   1  estimated weight=         1.00000
 proc =  29  # of atoms=   2  estimated weight=         2.00000
 proc =  30  # of atoms=   1  estimated weight=         1.00000
 proc =  31  # of atoms=   2  estimated weight=         2.00000
 proc =  32  # of atoms=   1  estimated weight=         1.00000
 proc =  33  # of atoms=   1  estimated weight=         1.00000
 proc =  34  # of atoms=   1  estimated weight=         1.00000
 proc =  35  # of atoms=   2  estimated weight=         2.00000
 proc =  36  # of atoms=   1  estimated weight=         1.00000
 proc =  37  # of atoms=   1  estimated weight=         1.00000
 proc =  38  # of atoms=   1  estimated weight=         1.00000
 proc =  39  # of atoms=   2  estimated weight=         2.00000
 proc =  40  # of atoms=   1  estimated weight=         1.00000
 proc =  41  # of atoms=   1  estimated weight=         1.00000
 proc =  42  # of atoms=   1  estimated weight=         1.00000
 proc =  43  # of atoms=   2  estimated weight=         2.00000
 proc =  44  # of atoms=   1  estimated weight=         1.00000
 proc =  45  # of atoms=   2  estimated weight=         2.00000
 proc =  46  # of atoms=   1  estimated weight=         1.00000
 proc =  47  # of atoms=   2  estimated weight=         2.00000
 proc =  48  # of atoms=   1  estimated weight=         1.00000
 proc =  49  # of atoms=   1  estimated weight=         1.00000
 proc =  50  # of atoms=   1  estimated weight=         1.00000
 proc =  51  # of atoms=   2  estimated weight=         2.00000
 proc =  52  # of atoms=   1  estimated weight=         1.00000
 proc =  53  # of atoms=   2  estimated weight=         2.00000
 proc =  54  # of atoms=   1  estimated weight=         1.00000
 proc =  55  # of atoms=   2  estimated weight=         2.00000
 proc =  56  # of atoms=   1  estimated weight=         1.00000
 proc =  57  # of atoms=   1  estimated weight=         1.00000
 proc =  58  # of atoms=   1  estimated weight=         1.00000
 proc =  59  # of atoms=   2  estimated weight=         2.00000
 proc =  60  # of atoms=   1  estimated weight=         1.00000
 proc =  61  # of atoms=   2  estimated weight=         2.00000
 proc =  62  # of atoms=   1  estimated weight=         1.00000
 proc =  63  # of atoms=   2  estimated weight=         2.00000
 proc =  64  # of atoms=   1  estimated weight=         1.00000
 proc =  65  # of atoms=   1  estimated weight=         1.00000
 proc =  66  # of atoms=   1  estimated weight=         1.00000
 proc =  67  # of atoms=   2  estimated weight=         2.00000
 proc =  68  # of atoms=   1  estimated weight=         1.00000
 proc =  69  # of atoms=   1  estimated weight=         1.00000
 proc =  70  # of atoms=   1  estimated weight=         1.00000
 proc =  71  # of atoms=   2  estimated weight=         2.00000
 proc =  72  # of atoms=   1  estimated weight=         1.00000
 proc =  73  # of atoms=   1  estimated weight=         1.00000
 proc =  74  # of atoms=   1  estimated weight=         1.00000
 proc =  75  # of atoms=   2  estimated weight=         2.00000
 proc =  76  # of atoms=   1  estimated weight=         1.00000
 proc =  77  # of atoms=   2  estimated weight=         2.00000
 proc =  78  # of atoms=   1  estimated weight=         1.00000
 proc =  79  # of atoms=   2  estimated weight=         2.00000
 proc =  80  # of atoms=   1  estimated weight=         1.00000
 proc =  81  # of atoms=   1  estimated weight=         1.00000
 proc =  82  # of atoms=   1  estimated weight=         1.00000
 proc =  83  # of atoms=   2  estimated weight=         2.00000
 proc =  84  # of atoms=   1  estimated weight=         1.00000
 proc =  85  # of atoms=   2  estimated weight=         2.00000
 proc =  86  # of atoms=   1  estimated weight=         1.00000
 proc =  87  # of atoms=   2  estimated weight=         2.00000
 proc =  88  # of atoms=   1  estimated weight=         1.00000
 proc =  89  # of atoms=   1  estimated weight=         1.00000
 proc =  90  # of atoms=   1  estimated weight=         1.00000
 proc =  91  # of atoms=   2  estimated weight=         2.00000
 proc =  92  # of atoms=   1  estimated weight=         1.00000
 proc =  93  # of atoms=   2  estimated weight=         2.00000
 proc =  94  # of atoms=   1  estimated weight=         1.00000
 proc =  95  # of atoms=   2  estimated weight=         2.00000
 proc =  96  # of atoms=   1  estimated weight=         1.00000
 proc =  97  # of atoms=   1  estimated weight=         1.00000
 proc =  98  # of atoms=   1  estimated weight=         1.00000
 proc =  99  # of atoms=   2  estimated weight=         2.00000
 proc = 100  # of atoms=   1  estimated weight=         1.00000
 proc = 101  # of atoms=   1  estimated weight=         1.00000
 proc = 102  # of atoms=   1  estimated weight=         1.00000
 proc = 103  # of atoms=   2  estimated weight=         2.00000
 proc = 104  # of atoms=   1  estimated weight=         1.00000
 proc = 105  # of atoms=   1  estimated weight=         1.00000
 proc = 106  # of atoms=   1  estimated weight=         1.00000
 proc = 107  # of atoms=   2  estimated weight=         2.00000
 proc = 108  # of atoms=   1  estimated weight=         1.00000
 proc = 109  # of atoms=   2  estimated weight=         2.00000
 proc = 110  # of atoms=   1  estimated weight=         1.00000
 proc = 111  # of atoms=   2  estimated weight=         2.00000
 proc = 112  # of atoms=   1  estimated weight=         1.00000
 proc = 113  # of atoms=   1  estimated weight=         1.00000
 proc = 114  # of atoms=   1  estimated weight=         1.00000
 proc = 115  # of atoms=   2  estimated weight=         2.00000
 proc = 116  # of atoms=   1  estimated weight=         1.00000
 proc = 117  # of atoms=   2  estimated weight=         2.00000
 proc = 118  # of atoms=   1  estimated weight=         1.00000
 proc = 119  # of atoms=   2  estimated weight=         2.00000
 proc = 120  # of atoms=   1  estimated weight=         1.00000
 proc = 121  # of atoms=   1  estimated weight=         1.00000
 proc = 122  # of atoms=   1  estimated weight=         1.00000
 proc = 123  # of atoms=   2  estimated weight=         2.00000
 proc = 124  # of atoms=   1  estimated weight=         1.00000
 proc = 125  # of atoms=   2  estimated weight=         2.00000
 proc = 126  # of atoms=   1  estimated weight=         1.00000
 proc = 127  # of atoms=   2  estimated weight=         2.00000
 proc = 128  # of atoms=   1  estimated weight=         1.00000
 proc = 129  # of atoms=   1  estimated weight=         1.00000
 proc = 130  # of atoms=   1  estimated weight=         1.00000
 proc = 131  # of atoms=   2  estimated weight=         2.00000
 proc = 132  # of atoms=   1  estimated weight=         1.00000
 proc = 133  # of atoms=   1  estimated weight=         1.00000
 proc = 134  # of atoms=   1  estimated weight=         1.00000
 proc = 135  # of atoms=   2  estimated weight=         2.00000
 proc = 136  # of atoms=   1  estimated weight=         1.00000
 proc = 137  # of atoms=   1  estimated weight=         1.00000
 proc = 138  # of atoms=   1  estimated weight=         1.00000
 proc = 139  # of atoms=   2  estimated weight=         2.00000
 proc = 140  # of atoms=   1  estimated weight=         1.00000
 proc = 141  # of atoms=   2  estimated weight=         2.00000
 proc = 142  # of atoms=   1  estimated weight=         1.00000
 proc = 143  # of atoms=   2  estimated weight=         2.00000
 proc = 144  # of atoms=   1  estimated weight=         1.00000
 proc = 145  # of atoms=   1  estimated weight=         1.00000
 proc = 146  # of atoms=   1  estimated weight=         1.00000
 proc = 147  # of atoms=   2  estimated weight=         2.00000
 proc = 148  # of atoms=   1  estimated weight=         1.00000
 proc = 149  # of atoms=   2  estimated weight=         2.00000
 proc = 150  # of atoms=   1  estimated weight=         1.00000
 proc = 151  # of atoms=   2  estimated weight=         2.00000
 proc = 152  # of atoms=   1  estimated weight=         1.00000
 proc = 153  # of atoms=   1  estimated weight=         1.00000
 proc = 154  # of atoms=   1  estimated weight=         1.00000
 proc = 155  # of atoms=   2  estimated weight=         2.00000
 proc = 156  # of atoms=   1  estimated weight=         1.00000
 proc = 157  # of atoms=   2  estimated weight=         2.00000
 proc = 158  # of atoms=   1  estimated weight=         1.00000
 proc = 159  # of atoms=   2  estimated weight=         2.00000
 proc = 160  # of atoms=   1  estimated weight=         1.00000
 proc = 161  # of atoms=   1  estimated weight=         1.00000
 proc = 162  # of atoms=   1  estimated weight=         1.00000
 proc = 163  # of atoms=   2  estimated weight=         2.00000
 proc = 164  # of atoms=   1  estimated weight=         1.00000
 proc = 165  # of atoms=   1  estimated weight=         1.00000
 proc = 166  # of atoms=   1  estimated weight=         1.00000
 proc = 167  # of atoms=   2  estimated weight=         2.00000
 proc = 168  # of atoms=   1  estimated weight=         1.00000
 proc = 169  # of atoms=   1  estimated weight=         1.00000
 proc = 170  # of atoms=   1  estimated weight=         1.00000
 proc = 171  # of atoms=   2  estimated weight=         2.00000
 proc = 172  # of atoms=   1  estimated weight=         1.00000
 proc = 173  # of atoms=   2  estimated weight=         2.00000
 proc = 174  # of atoms=   1  estimated weight=         1.00000
 proc = 175  # of atoms=   2  estimated weight=         2.00000
 proc = 176  # of atoms=   1  estimated weight=         1.00000
 proc = 177  # of atoms=   1  estimated weight=         1.00000
 proc = 178  # of atoms=   1  estimated weight=         1.00000
 proc = 179  # of atoms=   2  estimated weight=         2.00000
 proc = 180  # of atoms=   1  estimated weight=         1.00000
 proc = 181  # of atoms=   2  estimated weight=         2.00000
 proc = 182  # of atoms=   1  estimated weight=         1.00000
 proc = 183  # of atoms=   2  estimated weight=         2.00000
 proc = 184  # of atoms=   1  estimated weight=         1.00000
 proc = 185  # of atoms=   1  estimated weight=         1.00000
 proc = 186  # of atoms=   1  estimated weight=         1.00000
 proc = 187  # of atoms=   2  estimated weight=         2.00000
 proc = 188  # of atoms=   1  estimated weight=         1.00000
 proc = 189  # of atoms=   2  estimated weight=         2.00000
 proc = 190  # of atoms=   1  estimated weight=         1.00000
 proc = 191  # of atoms=   2  estimated weight=         2.00000
 proc = 192  # of atoms=   1  estimated weight=         1.00000
 proc = 193  # of atoms=   1  estimated weight=         1.00000
 proc = 194  # of atoms=   1  estimated weight=         1.00000
 proc = 195  # of atoms=   2  estimated weight=         2.00000
 proc = 196  # of atoms=   1  estimated weight=         1.00000
 proc = 197  # of atoms=   1  estimated weight=         1.00000
 proc = 198  # of atoms=   1  estimated weight=         1.00000
 proc = 199  # of atoms=   2  estimated weight=         2.00000
 proc = 200  # of atoms=   1  estimated weight=         1.00000
 proc = 201  # of atoms=   1  estimated weight=         1.00000
 proc = 202  # of atoms=   1  estimated weight=         1.00000
 proc = 203  # of atoms=   2  estimated weight=         2.00000
 proc = 204  # of atoms=   1  estimated weight=         1.00000
 proc = 205  # of atoms=   2  estimated weight=         2.00000
 proc = 206  # of atoms=   1  estimated weight=         1.00000
 proc = 207  # of atoms=   2  estimated weight=         2.00000
 proc = 208  # of atoms=   1  estimated weight=         1.00000
 proc = 209  # of atoms=   1  estimated weight=         1.00000
 proc = 210  # of atoms=   1  estimated weight=         1.00000
 proc = 211  # of atoms=   2  estimated weight=         2.00000
 proc = 212  # of atoms=   1  estimated weight=         1.00000
 proc = 213  # of atoms=   2  estimated weight=         2.00000
 proc = 214  # of atoms=   1  estimated weight=         1.00000
 proc = 215  # of atoms=   2  estimated weight=         2.00000
 proc = 216  # of atoms=   1  estimated weight=         1.00000
 proc = 217  # of atoms=   1  estimated weight=         1.00000
 proc = 218  # of atoms=   1  estimated weight=         1.00000
 proc = 219  # of atoms=   2  estimated weight=         2.00000
 proc = 220  # of atoms=   1  estimated weight=         1.00000
 proc = 221  # of atoms=   2  estimated weight=         2.00000
 proc = 222  # of atoms=   1  estimated weight=         1.00000
 proc = 223  # of atoms=   2  estimated weight=         2.00000
 proc = 224  # of atoms=   1  estimated weight=         1.00000
 proc = 225  # of atoms=   1  estimated weight=         1.00000
 proc = 226  # of atoms=   1  estimated weight=         1.00000
 proc = 227  # of atoms=   2  estimated weight=         2.00000
 proc = 228  # of atoms=   1  estimated weight=         1.00000
 proc = 229  # of atoms=   1  estimated weight=         1.00000
 proc = 230  # of atoms=   1  estimated weight=         1.00000
 proc = 231  # of atoms=   2  estimated weight=         2.00000
 proc = 232  # of atoms=   1  estimated weight=         1.00000
 proc = 233  # of atoms=   1  estimated weight=         1.00000
 proc = 234  # of atoms=   1  estimated weight=         1.00000
 proc = 235  # of atoms=   2  estimated weight=         2.00000
 proc = 236  # of atoms=   1  estimated weight=         1.00000
 proc = 237  # of atoms=   2  estimated weight=         2.00000
 proc = 238  # of atoms=   1  estimated weight=         1.00000
 proc = 239  # of atoms=   2  estimated weight=         2.00000
 proc = 240  # of atoms=   1  estimated weight=         1.00000
 proc = 241  # of atoms=   1  estimated weight=         1.00000
 proc = 242  # of atoms=   1  estimated weight=         1.00000
 proc = 243  # of atoms=   2  estimated weight=         2.00000
 proc = 244  # of atoms=   1  estimated weight=         1.00000
 proc = 245  # of atoms=   2  estimated weight=         2.00000
 proc = 246  # of atoms=   1  estimated weight=         1.00000
 proc = 247  # of atoms=   2  estimated weight=         2.00000
 proc = 248  # of atoms=   1  estimated weight=         1.00000
 proc = 249  # of atoms=   1  estimated weight=         1.00000
 proc = 250  # of atoms=   1  estimated weight=         1.00000
 proc = 251  # of atoms=   2  estimated weight=         2.00000
 proc = 252  # of atoms=   1  estimated weight=         1.00000
 proc = 253  # of atoms=   2  estimated weight=         2.00000
 proc = 254  # of atoms=   1  estimated weight=         1.00000
 proc = 255  # of atoms=   2  estimated weight=         2.00000




*******************************************************
        Analysis of neighbors and setting of grids        
*******************************************************

TFNAN=   29498   Average FNAN=  86.00000
TSNAN=       0   Average SNAN=   0.00000
<truncation> CpyCell= 1 ct_AN=   1 FNAN SNAN  86   0
<truncation> CpyCell= 1 ct_AN=   2 FNAN SNAN  86   0
<truncation> CpyCell= 1 ct_AN=   3 FNAN SNAN  86   0
<truncation> CpyCell= 1 ct_AN=   4 FNAN SNAN  86   0
<truncation> CpyCell= 1 ct_AN=   5 FNAN SNAN  86   0
<truncation> CpyCell= 1 ct_AN=   6 FNAN SNAN  86   0
<truncation> CpyCell= 1 ct_AN=   7 FNAN SNAN  86   0
<truncation> CpyCell= 1 ct_AN=   8 FNAN SNAN  86   0
<truncation> CpyCell= 1 ct_AN=   9 FNAN SNAN  86   0
<truncation> CpyCell= 1 ct_AN=  10 FNAN SNAN  86   0
<truncation> CpyCell= 1 ct_AN=  11 FNAN SNAN  86   0
<truncation> CpyCell= 1 ct_AN=  12 FNAN SNAN  86   0
<truncation> CpyCell= 1 ct_AN=  13 FNAN SNAN  86   0
<truncation> CpyCell= 1 ct_AN=  14 FNAN SNAN  86   0
<truncation> CpyCell= 1 ct_AN=  15 FNAN SNAN  86   0
<truncation> CpyCell= 1 ct_AN=  16 FNAN SNAN  86   0
<truncation> CpyCell= 1 ct_AN=  17 FNAN SNAN  86   0
<truncation> CpyCell= 1 ct_AN=  18 FNAN SNAN  86   0
<truncation> CpyCell= 1 ct_AN=  19 FNAN SNAN  86   0
<truncation> CpyCell= 1 ct_AN=  20 FNAN SNAN  86   0
     ..........
     ......

TFNAN=   29498   Average FNAN=  86.00000
TSNAN=       0   Average SNAN=   0.00000
<truncation> CpyCell= 2 ct_AN=   1 FNAN SNAN  86   0
<truncation> CpyCell= 2 ct_AN=   2 FNAN SNAN  86   0
<truncation> CpyCell= 2 ct_AN=   3 FNAN SNAN  86   0
<truncation> CpyCell= 2 ct_AN=   4 FNAN SNAN  86   0
<truncation> CpyCell= 2 ct_AN=   5 FNAN SNAN  86   0
<truncation> CpyCell= 2 ct_AN=   6 FNAN SNAN  86   0
<truncation> CpyCell= 2 ct_AN=   7 FNAN SNAN  86   0
<truncation> CpyCell= 2 ct_AN=   8 FNAN SNAN  86   0
<truncation> CpyCell= 2 ct_AN=   9 FNAN SNAN  86   0
<truncation> CpyCell= 2 ct_AN=  10 FNAN SNAN  86   0
<truncation> CpyCell= 2 ct_AN=  11 FNAN SNAN  86   0
<truncation> CpyCell= 2 ct_AN=  12 FNAN SNAN  86   0
<truncation> CpyCell= 2 ct_AN=  13 FNAN SNAN  86   0
<truncation> CpyCell= 2 ct_AN=  14 FNAN SNAN  86   0
<truncation> CpyCell= 2 ct_AN=  15 FNAN SNAN  86   0
<truncation> CpyCell= 2 ct_AN=  16 FNAN SNAN  86   0
<truncation> CpyCell= 2 ct_AN=  17 FNAN SNAN  86   0
<truncation> CpyCell= 2 ct_AN=  18 FNAN SNAN  86   0
<truncation> CpyCell= 2 ct_AN=  19 FNAN SNAN  86   0
<truncation> CpyCell= 2 ct_AN=  20 FNAN SNAN  86   0
     ..........
     ......

TFNAN=   29498   Average FNAN=  86.00000
TSNAN=       0   Average SNAN=   0.00000
<truncation> CpyCell= 2 ct_AN=   1 FNAN SNAN  86   0
<truncation> CpyCell= 2 ct_AN=   2 FNAN SNAN  86   0
<truncation> CpyCell= 2 ct_AN=   3 FNAN SNAN  86   0
<truncation> CpyCell= 2 ct_AN=   4 FNAN SNAN  86   0
<truncation> CpyCell= 2 ct_AN=   5 FNAN SNAN  86   0
<truncation> CpyCell= 2 ct_AN=   6 FNAN SNAN  86   0
<truncation> CpyCell= 2 ct_AN=   7 FNAN SNAN  86   0
<truncation> CpyCell= 2 ct_AN=   8 FNAN SNAN  86   0
<truncation> CpyCell= 2 ct_AN=   9 FNAN SNAN  86   0
<truncation> CpyCell= 2 ct_AN=  10 FNAN SNAN  86   0
<truncation> CpyCell= 2 ct_AN=  11 FNAN SNAN  86   0
<truncation> CpyCell= 2 ct_AN=  12 FNAN SNAN  86   0
<truncation> CpyCell= 2 ct_AN=  13 FNAN SNAN  86   0
<truncation> CpyCell= 2 ct_AN=  14 FNAN SNAN  86   0
<truncation> CpyCell= 2 ct_AN=  15 FNAN SNAN  86   0
<truncation> CpyCell= 2 ct_AN=  16 FNAN SNAN  86   0
<truncation> CpyCell= 2 ct_AN=  17 FNAN SNAN  86   0
<truncation> CpyCell= 2 ct_AN=  18 FNAN SNAN  86   0
<truncation> CpyCell= 2 ct_AN=  19 FNAN SNAN  86   0
<truncation> CpyCell= 2 ct_AN=  20 FNAN SNAN  86   0
     ..........
     ......

<Check_System> The system is bulk.
lattice vectors (bohr)
A  =  0.000000000000, 23.645855749169, 23.645855749169
B  = 23.645855749169,  0.000000000000, 23.645855749169
C  = 23.645855749169, 23.645855749169,  0.000000000000
reciprocal lattice vectors (bohr^-1)
RA = -0.132860180106,  0.132860180106,  0.132860180106
RB =  0.132860180106, -0.132860180106,  0.132860180106
RC =  0.132860180106,  0.132860180106, -0.132860180106
Grid_Origin -3.265380079647 -3.265380079647 -3.265380079647
Cell_Volume =  26442.048850550826 (Bohr^3)
GridVol     =      0.002855204497 (Bohr^3)
Grid_Origin -3.265380079647 -3.265380079647 -3.265380079647
Cell_Volume =  26442.048850550826 (Bohr^3)
GridVol     =      0.002855204497 (Bohr^3)
<UCell_Box> Info. of cutoff energy and num. of grids
lattice vectors (bohr)
A  =  0.000000000000, 23.645855749169, 23.645855749169
B  = 23.645855749169,  0.000000000000, 23.645855749169
C  = 23.645855749169, 23.645855749169,  0.000000000000
reciprocal lattice vectors (bohr^-1)
RA = -0.132860180106,  0.132860180106,  0.132860180106
RB =  0.132860180106, -0.132860180106,  0.132860180106
RC =  0.132860180106,  0.132860180106, -0.132860180106
Required cutoff energy (Ryd) for 3D-grids = 600.0000
    Used cutoff energy (Ryd) for 3D-grids = 583.8342, 583.8342, 583.8342
Num. of grids of a-, b-, and c-axes = 210, 210, 210
Grid_Origin -3.265380079647 -3.265380079647 -3.265380079647
Cell_Volume =  26442.048850550826 (Bohr^3)
GridVol     =      0.002855204497 (Bohr^3)
Cell vectors (bohr) of the grid cell (gtv)
  gtv_a =  0.000000000000,  0.112599313091,  0.112599313091
  gtv_b =  0.112599313091,  0.000000000000,  0.112599313091
  gtv_c =  0.112599313091,  0.112599313091,  0.000000000000
  |gtv_a| =  0.159239475688
  |gtv_b| =  0.159239475688
  |gtv_c| =  0.159239475688
Num. of grids overlapping with atom    1 = 316866
Num. of grids overlapping with atom    2 = 316866
Num. of grids overlapping with atom    3 = 316866
Num. of grids overlapping with atom    4 = 316866
Num. of grids overlapping with atom    5 = 316866
Num. of grids overlapping with atom    6 = 316866
Num. of grids overlapping with atom    7 = 316866
Num. of grids overlapping with atom    8 = 316866
Num. of grids overlapping with atom    9 = 316866
Num. of grids overlapping with atom   10 = 316866
Num. of grids overlapping with atom   11 = 316866
Num. of grids overlapping with atom   12 = 316866
Num. of grids overlapping with atom   13 = 316866
Num. of grids overlapping with atom   14 = 316866
Num. of grids overlapping with atom   15 = 316866
Num. of grids overlapping with atom   16 = 316866
Num. of grids overlapping with atom   17 = 316866
Num. of grids overlapping with atom   18 = 316866
Num. of grids overlapping with atom   19 = 316866
Num. of grids overlapping with atom   20 = 316866
     ..........
     ......


*******************************************************
             SCF calculation at MD = 1                
*******************************************************

<MD= 1>  Calculation of the overlap matrix
<MD= 1>  Calculation of the nonlocal matrix

******************* MD= 1  SCF= 1 *******************
Failed (2) in reading the restart file .//openmx_rst/openmx.rst191
Failed (2) in reading the restart file .//openmx_rst/openmx.rst203
Failed (2) in reading the restart file .//openmx_rst/openmx.rst226
Failed (2) in reading the restart file .//openmx_rst/openmx.rst118
Failed (2) in reading the restart file .//openmx_rst/openmx.rst233
Failed (2) in reading the restart file .//openmx_rst/openmx.rst173
Failed (2) in reading the restart file .//openmx_rst/openmx.rst243
Failed (2) in reading the restart file .//openmx_rst/openmx.rst165
Failed (2) in reading the restart file .//openmx_rst/openmx.rst183
Failed (2) in reading the restart file .//openmx_rst/openmx.rst185
Failed (2) in reading the restart file .//openmx_rst/openmx.rst280
Failed (2) in reading the restart file .//openmx_rst/openmx.rst194
Failed (2) in reading the restart file .//openmx_rst/openmx.rst77
Failed (2) in reading the restart file .//openmx_rst/openmx.rst282
Failed (2) in reading the restart file .//openmx_rst/openmx.rst174
Failed (2) in reading the restart file .//openmx_rst/openmx.rst207
Failed (2) in reading the restart file .//openmx_rst/openmx.rst281
Failed (2) in reading the restart file .//openmx_rst/openmx.rst236
Failed (2) in reading the restart file .//openmx_rst/openmx.rst84
Failed (2) in reading the restart file .//openmx_rst/openmx.rst329
Failed (2) in reading the restart file .//openmx_rst/openmx.rst209
Failed (2) in reading the restart file .//openmx_rst/openmx.rst137
Failed (2) in reading the restart file .//openmx_rst/openmx.rst293
Failed (2) in reading the restart file .//openmx_rst/openmx.rst96
Failed (2) in reading the restart file .//openmx_rst/openmx.rst186
Failed (2) in reading the restart file .//openmx_rst/openmx.rst151
Failed (2) in reading the restart file .//openmx_rst/openmx.rst88
Failed (2) in reading the restart file .//openmx_rst/openmx.rst260
Failed (2) in reading the restart file .//openmx_rst/openmx.rst35
Failed (2) in reading the restart file .//openmx_rst/openmx.rst240
Failed (2) in reading the restart file .//openmx_rst/openmx.rst322
Failed (2) in reading the restart file .//openmx_rst/openmx.rst201
Failed (2) in reading the restart file .//openmx_rst/openmx.rst138
Failed (2) in reading the restart file .//openmx_rst/openmx.rst164
Failed (2) in reading the restart file .//openmx_rst/openmx.rst94
Failed (2) in reading the restart file .//openmx_rst/openmx.rst154
Failed (2) in reading the restart file .//openmx_rst/openmx.rst220
Failed (2) in reading the restart file .//openmx_rst/openmx.rst7
Failed (2) in reading the restart file .//openmx_rst/openmx.rst104
Failed (2) in reading the restart file .//openmx_rst/openmx.rst296
Failed (2) in reading the restart file .//openmx_rst/openmx.rst182
Failed (2) in reading the restart file .//openmx_rst/openmx.rst247
Failed (2) in reading the restart file .//openmx_rst/openmx.rst309
Failed (2) in reading the restart file .//openmx_rst/openmx.rst305
Failed (2) in reading the restart file .//openmx_rst/openmx.rst181
Failed (2) in reading the restart file .//openmx_rst/openmx.rst80
Failed (2) in reading the restart file .//openmx_rst/openmx.rst161
Failed (2) in reading the restart file .//openmx_rst/openmx.rst175
Failed (2) in reading the restart file .//openmx_rst/openmx.rst169
Failed (2) in reading the restart file .//openmx_rst/openmx.rst66
Failed (2) in reading the restart file .//openmx_rst/openmx.rst103
Failed (2) in reading the restart file .//openmx_rst/openmx.rst52
Failed (2) in reading the restart file .//openmx_rst/openmx.rst324
Failed (2) in reading the restart file .//openmx_rst/openmx.rst22
Failed (2) in reading the restart file .//openmx_rst/openmx.rst270
Failed (2) in reading the restart file .//openmx_rst/openmx.rst89
Failed (2) in reading the restart file .//openmx_rst/openmx.rst218
Failed (2) in reading the restart file .//openmx_rst/openmx.rst86
Failed (2) in reading the restart file .//openmx_rst/openmx.rst71
Failed (2) in reading the restart file .//openmx_rst/openmx.rst124
Failed (2) in reading the restart file .//openmx_rst/openmx.rst198
Failed (2) in reading the restart file .//openmx_rst/openmx.rst264
Failed (2) in reading the restart file .//openmx_rst/openmx.rst157
Failed (2) in reading the restart file .//openmx_rst/openmx.rst127
Failed (2) in reading the restart file .//openmx_rst/openmx.rst85
Failed (2) in reading the restart file .//openmx_rst/openmx.rst29
Failed (2) in reading the restart file .//openmx_rst/openmx.rst58
Failed (2) in reading the restart file .//openmx_rst/openmx.rst68
Failed (2) in reading the restart file .//openmx_rst/openmx.rst258
Failed (2) in reading the restart file .//openmx_rst/openmx.rst13
Failed (2) in reading the restart file .//openmx_rst/openmx.rst53
Failed (2) in reading the restart file .//openmx_rst/openmx.rst251
Failed (2) in reading the restart file .//openmx_rst/openmx.rst319
Failed (2) in reading the restart file .//openmx_rst/openmx.rst48
Failed (2) in reading the restart file .//openmx_rst/openmx.rst229
Failed (2) in reading the restart file .//openmx_rst/openmx.rst47
Failed (2) in reading the restart file .//openmx_rst/openmx.rst325
Failed (2) in reading the restart file .//openmx_rst/openmx.rst210
Failed (2) in reading the restart file .//openmx_rst/openmx.rst284
Failed (2) in reading the restart file .//openmx_rst/openmx.rst150
Failed (2) in reading the restart file .//openmx_rst/openmx.rst5
Failed (2) in reading the restart file .//openmx_rst/openmx.rst295
Failed (2) in reading the restart file .//openmx_rst/openmx.rst136
Failed (2) in reading the restart file .//openmx_rst/openmx.rst166
Failed (2) in reading the restart file .//openmx_rst/openmx.rst1
Failed (2) in reading the restart file .//openmx_rst/openmx.rst99
Failed (2) in reading the restart file .//openmx_rst/openmx.rst326
Failed (2) in reading the restart file .//openmx_rst/openmx.rst262
Failed (2) in reading the restart file .//openmx_rst/openmx.rst271
Failed (2) in reading the restart file .//openmx_rst/openmx.rst311
Failed (2) in reading the restart file .//openmx_rst/openmx.rst223
Failed (2) in reading the restart file .//openmx_rst/openmx.rst128
Failed (2) in reading the restart file .//openmx_rst/openmx.rst102
Failed (2) in reading the restart file .//openmx_rst/openmx.rst114
Failed (2) in reading the restart file .//openmx_rst/openmx.rst74
Failed (2) in reading the restart file .//openmx_rst/openmx.rst333
Failed (2) in reading the restart file .//openmx_rst/openmx.rst300
Failed (2) in reading the restart file .//openmx_rst/openmx.rst197
Failed (2) in reading the restart file .//openmx_rst/openmx.rst249
Failed (2) in reading the restart file .//openmx_rst/openmx.rst33
Failed (2) in reading the restart file .//openmx_rst/openmx.rst51
Failed (2) in reading the restart file .//openmx_rst/openmx.rst327
Failed (2) in reading the restart file .//openmx_rst/openmx.rst277
Failed (2) in reading the restart file .//openmx_rst/openmx.rst20
Failed (2) in reading the restart file .//openmx_rst/openmx.rst6
Failed (2) in reading the restart file .//openmx_rst/openmx.rst98
Failed (2) in reading the restart file .//openmx_rst/openmx.rst23
Failed (2) in reading the restart file .//openmx_rst/openmx.rst312
Failed (2) in reading the restart file .//openmx_rst/openmx.rst199
Failed (2) in reading the restart file .//openmx_rst/openmx.rst50
Failed (2) in reading the restart file .//openmx_rst/openmx.rst253
Failed (2) in reading the restart file .//openmx_rst/openmx.rst211
Failed (2) in reading the restart file .//openmx_rst/openmx.rst130
Failed (2) in reading the restart file .//openmx_rst/openmx.rst176
Failed (2) in reading the restart file .//openmx_rst/openmx.rst100
Failed (2) in reading the restart file .//openmx_rst/openmx.rst34
Failed (2) in reading the restart file .//openmx_rst/openmx.rst254
Failed (2) in reading the restart file .//openmx_rst/openmx.rst83
Failed (2) in reading the restart file .//openmx_rst/openmx.rst336
Failed (2) in reading the restart file .//openmx_rst/openmx.rst255
Failed (2) in reading the restart file .//openmx_rst/openmx.rst177
Failed (2) in reading the restart file .//openmx_rst/openmx.rst343
Failed (2) in reading the restart file .//openmx_rst/openmx.rst225
Failed (2) in reading the restart file .//openmx_rst/openmx.rst142
Failed (2) in reading the restart file .//openmx_rst/openmx.rst184
Failed (2) in reading the restart file .//openmx_rst/openmx.rst288
Failed (2) in reading the restart file .//openmx_rst/openmx.rst178
Failed (2) in reading the restart file .//openmx_rst/openmx.rst337
Failed (2) in reading the restart file .//openmx_rst/openmx.rst227
Failed (2) in reading the restart file .//openmx_rst/openmx.rst261
Failed (2) in reading the restart file .//openmx_rst/openmx.rst110
Failed (2) in reading the restart file .//openmx_rst/openmx.rst310
Failed (2) in reading the restart file .//openmx_rst/openmx.rst111
Failed (2) in reading the restart file .//openmx_rst/openmx.rst19
Failed (2) in reading the restart file .//openmx_rst/openmx.rst61
Failed (2) in reading the restart file .//openmx_rst/openmx.rst60
Failed (2) in reading the restart file .//openmx_rst/openmx.rst108
Failed (2) in reading the restart file .//openmx_rst/openmx.rst242
Failed (2) in reading the restart file .//openmx_rst/openmx.rst290
Failed (2) in reading the restart file .//openmx_rst/openmx.rst267
Failed (2) in reading the restart file .//openmx_rst/openmx.rst316
Failed (2) in reading the restart file .//openmx_rst/openmx.rst116
Failed (2) in reading the restart file .//openmx_rst/openmx.rst117
Failed (2) in reading the restart file .//openmx_rst/openmx.rst40
Failed (2) in reading the restart file .//openmx_rst/openmx.rst14
Failed (2) in reading the restart file .//openmx_rst/openmx.rst46
Failed (2) in reading the restart file .//openmx_rst/openmx.rst63
Failed (2) in reading the restart file .//openmx_rst/openmx.rst139
Failed (2) in reading the restart file .//openmx_rst/openmx.rst187
Failed (2) in reading the restart file .//openmx_rst/openmx.rst92
Failed (2) in reading the restart file .//openmx_rst/openmx.rst134
Failed (2) in reading the restart file .//openmx_rst/openmx.rst122
Failed (2) in reading the restart file .//openmx_rst/openmx.rst129
Failed (2) in reading the restart file .//openmx_rst/openmx.rst298
Failed (2) in reading the restart file .//openmx_rst/openmx.rst304
Failed (2) in reading the restart file .//openmx_rst/openmx.rst132
Failed (2) in reading the restart file .//openmx_rst/openmx.rst180
Failed (2) in reading the restart file .//openmx_rst/openmx.rst215
Failed (2) in reading the restart file .//openmx_rst/openmx.rst65
Failed (2) in reading the restart file .//openmx_rst/openmx.rst257
Failed (2) in reading the restart file .//openmx_rst/openmx.rst55
Failed (2) in reading the restart file .//openmx_rst/openmx.rst113
Failed (2) in reading the restart file .//openmx_rst/openmx.rst56
Failed (2) in reading the restart file .//openmx_rst/openmx.rst45
Failed (2) in reading the restart file .//openmx_rst/openmx.rst93
Failed (2) in reading the restart file .//openmx_rst/openmx.rst265
Failed (2) in reading the restart file .//openmx_rst/openmx.rst313
Failed (2) in reading the restart file .//openmx_rst/openmx.rst105
Failed (2) in reading the restart file .//openmx_rst/openmx.rst112
Failed (2) in reading the restart file .//openmx_rst/openmx.rst36
Failed (2) in reading the restart file .//openmx_rst/openmx.rst79
Failed (2) in reading the restart file .//openmx_rst/openmx.rst140
Failed (2) in reading the restart file .//openmx_rst/openmx.rst245
Failed (2) in reading the restart file .//openmx_rst/openmx.rst190
Failed (2) in reading the restart file .//openmx_rst/openmx.rst214
Failed (2) in reading the restart file .//openmx_rst/openmx.rst231
Failed (2) in reading the restart file .//openmx_rst/openmx.rst294
Failed (2) in reading the restart file .//openmx_rst/openmx.rst21
Failed (2) in reading the restart file .//openmx_rst/openmx.rst202
Failed (2) in reading the restart file .//openmx_rst/openmx.rst299
Failed (2) in reading the restart file .//openmx_rst/openmx.rst160
Failed (2) in reading the restart file .//openmx_rst/openmx.rst303
Failed (2) in reading the restart file .//openmx_rst/openmx.rst172
Failed (2) in reading the restart file .//openmx_rst/openmx.rst159
Failed (2) in reading the restart file .//openmx_rst/openmx.rst109
Failed (2) in reading the restart file .//openmx_rst/openmx.rst317
Failed (2) in reading the restart file .//openmx_rst/openmx.rst107
Failed (2) in reading the restart file .//openmx_rst/openmx.rst152
Failed (2) in reading the restart file .//openmx_rst/openmx.rst332
Failed (2) in reading the restart file .//openmx_rst/openmx.rst87
Failed (2) in reading the restart file .//openmx_rst/openmx.rst331
Failed (2) in reading the restart file .//openmx_rst/openmx.rst217
Failed (2) in reading the restart file .//openmx_rst/openmx.rst4
Failed (2) in reading the restart file .//openmx_rst/openmx.rst339
Failed (2) in reading the restart file .//openmx_rst/openmx.rst31
Failed (2) in reading the restart file .//openmx_rst/openmx.rst3
Failed (2) in reading the restart file .//openmx_rst/openmx.rst244
Failed (2) in reading the restart file .//openmx_rst/openmx.rst301
Failed (2) in reading the restart file .//openmx_rst/openmx.rst330
Failed (2) in reading the restart file .//openmx_rst/openmx.rst149
Failed (2) in reading the restart file .//openmx_rst/openmx.rst62
Failed (2) in reading the restart file .//openmx_rst/openmx.rst315
Failed (2) in reading the restart file .//openmx_rst/openmx.rst268
Failed (2) in reading the restart file .//openmx_rst/openmx.rst302
Failed (2) in reading the restart file .//openmx_rst/openmx.rst250
Failed (2) in reading the restart file .//openmx_rst/openmx.rst18
Failed (2) in reading the restart file .//openmx_rst/openmx.rst297
Failed (2) in reading the restart file .//openmx_rst/openmx.rst67
Failed (2) in reading the restart file .//openmx_rst/openmx.rst148
Failed (2) in reading the restart file .//openmx_rst/openmx.rst76
Failed (2) in reading the restart file .//openmx_rst/openmx.rst252
Failed (2) in reading the restart file .//openmx_rst/openmx.rst314
Failed (3) in reading the restart files
Failed (2) in reading the restart file .//openmx_rst/openmx.rst171
Failed (2) in reading the restart file .//openmx_rst/openmx.rst269
Failed (2) in reading the restart file .//openmx_rst/openmx.rst153
Failed (2) in reading the restart file .//openmx_rst/openmx.rst179
Failed (2) in reading the restart file .//openmx_rst/openmx.rst162
Failed (2) in reading the restart file .//openmx_rst/openmx.rst54
Failed (2) in reading the restart file .//openmx_rst/openmx.rst323
Failed (2) in reading the restart file .//openmx_rst/openmx.rst338
Failed (2) in reading the restart file .//openmx_rst/openmx.rst308
Failed (2) in reading the restart file .//openmx_rst/openmx.rst287
Failed (2) in reading the restart file .//openmx_rst/openmx.rst321
Failed (2) in reading the restart file .//openmx_rst/openmx.rst123
Failed (2) in reading the restart file .//openmx_rst/openmx.rst340
Failed (2) in reading the restart file .//openmx_rst/openmx.rst146
Failed (2) in reading the restart file .//openmx_rst/openmx.rst147
Failed (2) in reading the restart file .//openmx_rst/openmx.rst274
Failed (2) in reading the restart file .//openmx_rst/openmx.rst275
Failed (2) in reading the restart file .//openmx_rst/openmx.rst292
Failed (2) in reading the restart file .//openmx_rst/openmx.rst232
Failed (2) in reading the restart file .//openmx_rst/openmx.rst341
Failed (2) in reading the restart file .//openmx_rst/openmx.rst239
Failed (2) in reading the restart file .//openmx_rst/openmx.rst241
Failed (2) in reading the restart file .//openmx_rst/openmx.rst289
Failed (2) in reading the restart file .//openmx_rst/openmx.rst192
Failed (2) in reading the restart file .//openmx_rst/openmx.rst279
Failed (2) in reading the restart file .//openmx_rst/openmx.rst73
Failed (2) in reading the restart file .//openmx_rst/openmx.rst234
Failed (2) in reading the restart file .//openmx_rst/openmx.rst286
Failed (2) in reading the restart file .//openmx_rst/openmx.rst115
Failed (2) in reading the restart file .//openmx_rst/openmx.rst158
Failed (2) in reading the restart file .//openmx_rst/openmx.rst328
Failed (2) in reading the restart file .//openmx_rst/openmx.rst168
Failed (2) in reading the restart file .//openmx_rst/openmx.rst216
Failed (2) in reading the restart file .//openmx_rst/openmx.rst200
Failed (2) in reading the restart file .//openmx_rst/openmx.rst334
Failed (2) in reading the restart file .//openmx_rst/openmx.rst24
Failed (2) in reading the restart file .//openmx_rst/openmx.rst25
Failed (2) in reading the restart file .//openmx_rst/openmx.rst27
Failed (2) in reading the restart file .//openmx_rst/openmx.rst39
Failed (2) in reading the restart file .//openmx_rst/openmx.rst28
Failed (2) in reading the restart file .//openmx_rst/openmx.rst32
Failed (2) in reading the restart file .//openmx_rst/openmx.rst38
Failed (2) in reading the restart file .//openmx_rst/openmx.rst81
Failed (2) in reading the restart file .//openmx_rst/openmx.rst26
Failed (2) in reading the restart file .//openmx_rst/openmx.rst75
Failed (2) in reading the restart file .//openmx_rst/openmx.rst155
Failed (2) in reading the restart file .//openmx_rst/openmx.rst156
Failed (2) in reading the restart file .//openmx_rst/openmx.rst204
Failed (2) in reading the restart file .//openmx_rst/openmx.rst9
Failed (2) in reading the restart file .//openmx_rst/openmx.rst246
Failed (2) in reading the restart file .//openmx_rst/openmx.rst10
Failed (2) in reading the restart file .//openmx_rst/openmx.rst135
Failed (2) in reading the restart file .//openmx_rst/openmx.rst141
Failed (2) in reading the restart file .//openmx_rst/openmx.rst335
Failed (2) in reading the restart file .//openmx_rst/openmx.rst342
Failed (2) in reading the restart file .//openmx_rst/openmx.rst195
Failed (2) in reading the restart file .//openmx_rst/openmx.rst237
Failed (2) in reading the restart file .//openmx_rst/openmx.rst221
Failed (2) in reading the restart file .//openmx_rst/openmx.rst228
Failed (2) in reading the restart file .//openmx_rst/openmx.rst72
Failed (2) in reading the restart file .//openmx_rst/openmx.rst119
Failed (2) in reading the restart file .//openmx_rst/openmx.rst167
Failed (2) in reading the restart file .//openmx_rst/openmx.rst78
Failed (2) in reading the restart file .//openmx_rst/openmx.rst15
Failed (2) in reading the restart file .//openmx_rst/openmx.rst64
Failed (2) in reading the restart file .//openmx_rst/openmx.rst125
Failed (2) in reading the restart file .//openmx_rst/openmx.rst126
Failed (2) in reading the restart file .//openmx_rst/openmx.rst11
Failed (2) in reading the restart file .//openmx_rst/openmx.rst12
Failed (2) in reading the restart file .//openmx_rst/openmx.rst276
Failed (2) in reading the restart file .//openmx_rst/openmx.rst318
Failed (2) in reading the restart file .//openmx_rst/openmx.rst120
Failed (2) in reading the restart file .//openmx_rst/openmx.rst121
Failed (2) in reading the restart file .//openmx_rst/openmx.rst259
Failed (2) in reading the restart file .//openmx_rst/openmx.rst266
Failed (2) in reading the restart file .//openmx_rst/openmx.rst224
Failed (2) in reading the restart file .//openmx_rst/openmx.rst273
Failed (2) in reading the restart file .//openmx_rst/openmx.rst91
Failed (2) in reading the restart file .//openmx_rst/openmx.rst278
Failed (2) in reading the restart file .//openmx_rst/openmx.rst133
Failed (2) in reading the restart file .//openmx_rst/openmx.rst320
Failed (2) in reading the restart file .//openmx_rst/openmx.rst170
Failed (2) in reading the restart file .//openmx_rst/openmx.rst219
Failed (2) in reading the restart file .//openmx_rst/openmx.rst230
Failed (2) in reading the restart file .//openmx_rst/openmx.rst16
Failed (2) in reading the restart file .//openmx_rst/openmx.rst272
Failed (2) in reading the restart file .//openmx_rst/openmx.rst57
Failed (2) in reading the restart file .//openmx_rst/openmx.rst41
Failed (2) in reading the restart file .//openmx_rst/openmx.rst17
Failed (2) in reading the restart file .//openmx_rst/openmx.rst106
Failed (2) in reading the restart file .//openmx_rst/openmx.rst90
Failed (2) in reading the restart file .//openmx_rst/openmx.rst306
Failed (2) in reading the restart file .//openmx_rst/openmx.rst307
Failed (2) in reading the restart file .//openmx_rst/openmx.rst196
Failed (2) in reading the restart file .//openmx_rst/openmx.rst238
Failed (2) in reading the restart file .//openmx_rst/openmx.rst82
Failed (2) in reading the restart file .//openmx_rst/openmx.rst131
Failed (2) in reading the restart file .//openmx_rst/openmx.rst235
Failed (2) in reading the restart file .//openmx_rst/openmx.rst283
Failed (2) in reading the restart file .//openmx_rst/openmx.rst43
Failed (2) in reading the restart file .//openmx_rst/openmx.rst163
Failed (2) in reading the restart file .//openmx_rst/openmx.rst44
Failed (2) in reading the restart file .//openmx_rst/openmx.rst205
Failed (2) in reading the restart file .//openmx_rst/openmx.rst97
Failed (2) in reading the restart file .//openmx_rst/openmx.rst145
Failed (2) in reading the restart file .//openmx_rst/openmx.rst212
Failed (2) in reading the restart file .//openmx_rst/openmx.rst213
Failed (2) in reading the restart file .//openmx_rst/openmx.rst206
Failed (2) in reading the restart file .//openmx_rst/openmx.rst248
Failed (2) in reading the restart file .//openmx_rst/openmx.rst59
Failed (2) in reading the restart file .//openmx_rst/openmx.rst101
Failed (2) in reading the restart file .//openmx_rst/openmx.rst69
Failed (2) in reading the restart file .//openmx_rst/openmx.rst70
Failed (2) in reading the restart file .//openmx_rst/openmx.rst95
Failed (2) in reading the restart file .//openmx_rst/openmx.rst143
Failed (2) in reading the restart file .//openmx_rst/openmx.rst188
Failed (2) in reading the restart file .//openmx_rst/openmx.rst189
Failed (2) in reading the restart file .//openmx_rst/openmx.rst208
Failed (2) in reading the restart file .//openmx_rst/openmx.rst256
Failed (2) in reading the restart file .//openmx_rst/openmx.rst222
Failed (2) in reading the restart file .//openmx_rst/openmx.rst263
Failed (2) in reading the restart file .//openmx_rst/openmx.rst2
Failed (2) in reading the restart file .//openmx_rst/openmx.rst8
Failed (2) in reading the restart file .//openmx_rst/openmx.rst285
Failed (2) in reading the restart file .//openmx_rst/openmx.rst291
Failed (2) in reading the restart file .//openmx_rst/openmx.rst30
Failed (2) in reading the restart file .//openmx_rst/openmx.rst37
Failed (2) in reading the restart file .//openmx_rst/openmx.rst42
Failed (2) in reading the restart file .//openmx_rst/openmx.rst49
Failed (2) in reading the restart file .//openmx_rst/openmx.rst144
Failed (2) in reading the restart file .//openmx_rst/openmx.rst193
<Restart>  Could not find restart files
<Band>  Solving the eigenvalue problem...
 KGrids1:  -0.33333   0.00000   0.33333 
 KGrids2:  -0.33333  -0.00000   0.33333 
 KGrids3:  -0.33333   0.00000   0.33334 
<Band_DFT>  Eigen, time=136.906735
<Band_DFT>  DM, time=0.000013
    1   Ni  MulP 9.42 8.58 sum 18.00 diff  0.84 (  0.00  36.51)  Ml 0.07 (  0.12 225.00)  Ml+s 0.92 (  0.01 225.01)
    2   Ni  MulP 9.42 8.58 sum 18.00 diff  0.84 (  0.00  34.91)  Ml 0.07 (  0.12 225.00)  Ml+s 0.92 (  0.01 225.02)
    3   Ni  MulP 9.42 8.58 sum 18.00 diff  0.84 (  0.00  52.26)  Ml 0.07 (  0.12 225.00)  Ml+s 0.92 (  0.01 224.99)
    4   Ni  MulP 9.42 8.58 sum 18.00 diff  0.84 (  0.00  49.08)  Ml 0.07 (  0.12 225.00)  Ml+s 0.92 (  0.01 225.00)
    5   Ni  MulP 9.42 8.58 sum 18.00 diff  0.84 (  0.00  41.24)  Ml 0.07 (  0.12 225.00)  Ml+s 0.92 (  0.01 225.00)
    6   Ni  MulP 9.42 8.58 sum 18.00 diff  0.84 (  0.00  63.58)  Ml 0.07 (  0.12 225.00)  Ml+s 0.92 (  0.01 224.98)
    7   Ni  MulP 9.42 8.58 sum 18.00 diff  0.84 (  0.00  57.17)  Ml 0.07 (  0.12 225.00)  Ml+s 0.92 (  0.01 224.99)
    8   Ni  MulP 9.42 8.58 sum 18.00 diff  0.84 (  0.00  33.37)  Ml 0.07 (  0.12 225.00)  Ml+s 0.92 (  0.01 225.02)
    9   Ni  MulP 9.42 8.58 sum 18.00 diff  0.84 (  0.00  41.41)  Ml 0.07 (  0.12 225.00)  Ml+s 0.92 (  0.01 225.00)
   10   Ni  MulP 9.42 8.58 sum 18.00 diff  0.84 (  0.00  45.05)  Ml 0.07 (  0.12 225.00)  Ml+s 0.92 (  0.01 225.00)
   11   Ni  MulP 9.42 8.58 sum 18.00 diff  0.84 (  0.00  44.78)  Ml 0.07 (  0.12 225.00)  Ml+s 0.92 (  0.01 225.00)
   12   Ni  MulP 9.42 8.58 sum 18.00 diff  0.84 (  0.00  52.14)  Ml 0.07 (  0.12 225.00)  Ml+s 0.92 (  0.01 224.99)
   13   Ni  MulP 9.42 8.58 sum 18.00 diff  0.84 (  0.00  61.68)  Ml 0.07 (  0.12 225.00)  Ml+s 0.92 (  0.01 224.98)
   14   Ni  MulP 9.42 8.58 sum 18.00 diff  0.84 (  0.00  55.56)  Ml 0.07 (  0.12 225.00)  Ml+s 0.92 (  0.01 224.99)
   15   Ni  MulP 9.42 8.58 sum 18.00 diff  0.84 (  0.00  60.30)  Ml 0.07 (  0.12 225.00)  Ml+s 0.92 (  0.01 224.98)
   16   Ni  MulP 9.42 8.58 sum 18.00 diff  0.84 (  0.00  53.75)  Ml 0.07 (  0.12 225.00)  Ml+s 0.92 (  0.01 224.99)
   17   Ni  MulP 9.42 8.58 sum 18.00 diff  0.84 (  0.00  52.46)  Ml 0.07 (  0.12 225.00)  Ml+s 0.92 (  0.01 224.99)
   18   Ni  MulP 9.42 8.58 sum 18.00 diff  0.84 (  0.00  44.78)  Ml 0.07 (  0.12 225.00)  Ml+s 0.92 (  0.01 225.00)
   19   Ni  MulP 9.42 8.58 sum 18.00 diff  0.84 (  0.00  46.17)  Ml 0.07 (  0.12 225.00)  Ml+s 0.92 (  0.01 225.00)
   20   Ni  MulP 9.42 8.58 sum 18.00 diff  0.84 (  0.00  52.41)  Ml 0.07 (  0.12 225.00)  Ml+s 0.92 (  0.01 224.99)
     ..........
     ......

 Sum of MulP: up   =  3231.80262 down          =  2942.19738
              total=  6174.00000 ideal(neutral)=  6174.00000
<DFT>  Total Spin Moment    (muB) 289.605242708   Angles    0.000011359    44.568933713
<DFT>  Total Orbital Moment (muB) 25.354458958   Angles    0.115382225   225.000032481
<DFT>  Total Moment         (muB) 314.959654385   Angles    0.009277895   225.000517774
<DFT>  Mixing_weight= 0.010000000000
<DFT>  Uele   =-9276.053300693206  dUele     =   1.000000000000
<DFT>  NormRD =    1.000000000000  Criterion =   0.010000000000

******************* MD= 1  SCF= 2 *******************
<Poisson>  Poisson's equation using FFT...
<Set_Hamiltonian>  Hamiltonian matrix for VNA+dVH+Vxc...
<Band>  Solving the eigenvalue problem...
 KGrids1:  -0.33333   0.00000   0.33333 
 KGrids2:  -0.33333  -0.00000   0.33333 
 KGrids3:  -0.33333   0.00000   0.33334 
<Band_DFT>  Eigen, time=126.307716
<Band_DFT>  DM, time=0.000001
    1   Ni  MulP 9.42 8.58 sum 18.00 diff  0.84 (  0.00 -31.16)  Ml 0.07 (  0.11 225.00)  Ml+s 0.92 (  0.01 225.01)
    2   Ni  MulP 9.42 8.58 sum 18.00 diff  0.84 (  0.00 -23.62)  Ml 0.07 (  0.11 225.00)  Ml+s 0.92 (  0.01 225.01)
    3   Ni  MulP 9.42 8.58 sum 18.00 diff  0.84 (  0.00 200.23)  Ml 0.07 (  0.11 225.00)  Ml+s 0.92 (  0.01 224.99)
    4   Ni  MulP 9.42 8.58 sum 18.00 diff  0.84 (  0.00 206.42)  Ml 0.07 (  0.11 225.00)  Ml+s 0.92 (  0.01 225.00)
    5   Ni  MulP 9.42 8.58 sum 18.00 diff  0.84 (  0.00 -86.23)  Ml 0.07 (  0.11 225.00)  Ml+s 0.92 (  0.01 225.00)
    6   Ni  MulP 9.42 8.58 sum 18.00 diff  0.84 (  0.00 191.72)  Ml 0.07 (  0.11 225.00)  Ml+s 0.92 (  0.01 224.98)
    7   Ni  MulP 9.42 8.58 sum 18.00 diff  0.84 (  0.00 195.19)  Ml 0.07 (  0.11 225.00)  Ml+s 0.92 (  0.01 224.99)
    8   Ni  MulP 9.42 8.58 sum 18.00 diff  0.84 (  0.00 -18.78)  Ml 0.07 (  0.11 225.00)  Ml+s 0.92 (  0.01 225.02)
    9   Ni  MulP 9.42 8.58 sum 18.00 diff  0.84 (  0.00 -89.84)  Ml 0.07 (  0.11 225.00)  Ml+s 0.92 (  0.01 225.00)
   10   Ni  MulP 9.42 8.58 sum 18.00 diff  0.84 (  0.00 224.50)  Ml 0.07 (  0.11 225.00)  Ml+s 0.92 (  0.01 225.00)
   11   Ni  MulP 9.42 8.58 sum 18.00 diff  0.84 (  0.00 226.37)  Ml 0.07 (  0.11 225.00)  Ml+s 0.92 (  0.01 225.00)
   12   Ni  MulP 9.42 8.58 sum 18.00 diff  0.84 (  0.00 200.43)  Ml 0.07 (  0.11 225.00)  Ml+s 0.92 (  0.01 224.99)
   13   Ni  MulP 9.42 8.58 sum 18.00 diff  0.84 (  0.00 192.59)  Ml 0.07 (  0.11 225.00)  Ml+s 0.92 (  0.01 224.98)
   14   Ni  MulP 9.42 8.58 sum 18.00 diff  0.84 (  0.00 196.55)  Ml 0.07 (  0.11 225.00)  Ml+s 0.92 (  0.01 224.99)
   15   Ni  MulP 9.42 8.58 sum 18.00 diff  0.84 (  0.00 193.27)  Ml 0.07 (  0.11 225.00)  Ml+s 0.92 (  0.01 224.99)
   16   Ni  MulP 9.42 8.58 sum 18.00 diff  0.84 (  0.00 198.36)  Ml 0.07 (  0.11 225.00)  Ml+s 0.92 (  0.01 224.99)
   17   Ni  MulP 9.42 8.58 sum 18.00 diff  0.84 (  0.00 199.99)  Ml 0.07 (  0.11 225.00)  Ml+s 0.92 (  0.01 224.99)
   18   Ni  MulP 9.42 8.58 sum 18.00 diff  0.84 (  0.00 226.53)  Ml 0.07 (  0.11 225.00)  Ml+s 0.92 (  0.01 225.00)
   19   Ni  MulP 9.42 8.58 sum 18.00 diff  0.84 (  0.00 217.67)  Ml 0.07 (  0.11 225.00)  Ml+s 0.92 (  0.01 225.00)
   20   Ni  MulP 9.42 8.58 sum 18.00 diff  0.84 (  0.00 200.13)  Ml 0.07 (  0.11 225.00)  Ml+s 0.92 (  0.01 224.99)
     ..........
     ......

 Sum of MulP: up   =  3231.67694 down          =  2942.32306
              total=  6174.00000 ideal(neutral)=  6174.00000
<DFT>  Total Spin Moment    (muB) 289.353877150   Angles    0.000001207   227.566682627
<DFT>  Total Orbital Moment (muB) 25.316354322   Angles    0.114853462   225.000029883
<DFT>  Total Moment         (muB) 314.670184701   Angles    0.009241479   225.000338139
<DFT>  Mixing_weight= 0.010801103130
<DFT>  Uele   =-9272.503812392011  dUele     =   3.549488301194
<DFT>  NormRD =    0.272339200271  Criterion =   0.010000000000

******************* MD= 1  SCF= 3 *******************
<Poisson>  Poisson's equation using FFT...
<Set_Hamiltonian>  Hamiltonian matrix for VNA+dVH+Vxc...
<Band>  Solving the eigenvalue problem...
 KGrids1:  -0.33333   0.00000   0.33333 
 KGrids2:  -0.33333  -0.00000   0.33333 
 KGrids3:  -0.33333   0.00000   0.33334 
<Band_DFT>  Eigen, time=126.385164
<Band_DFT>  DM, time=0.000001
    1   Ni  MulP 9.41 8.59 sum 18.00 diff  0.82 (  0.00 225.21)  Ml 0.07 (  0.12 225.00)  Ml+s 0.89 (  0.01 225.01)
    2   Ni  MulP 9.41 8.59 sum 18.00 diff  0.82 (  0.00 225.27)  Ml 0.07 (  0.12 225.00)  Ml+s 0.89 (  0.01 225.01)
    3   Ni  MulP 9.41 8.59 sum 18.00 diff  0.82 (  0.00 224.86)  Ml 0.07 (  0.12 225.00)  Ml+s 0.89 (  0.01 224.99)
    4   Ni  MulP 9.41 8.59 sum 18.00 diff  0.82 (  0.00 224.92)  Ml 0.07 (  0.12 225.00)  Ml+s 0.89 (  0.01 225.00)
    5   Ni  MulP 9.41 8.59 sum 18.00 diff  0.82 (  0.00 225.08)  Ml 0.07 (  0.12 225.00)  Ml+s 0.89 (  0.01 225.00)
    6   Ni  MulP 9.41 8.59 sum 18.00 diff  0.82 (  0.00 224.70)  Ml 0.07 (  0.12 225.00)  Ml+s 0.89 (  0.01 224.98)
    7   Ni  MulP 9.41 8.59 sum 18.00 diff  0.82 (  0.00 224.79)  Ml 0.07 (  0.12 225.00)  Ml+s 0.89 (  0.01 224.99)
    8   Ni  MulP 9.41 8.59 sum 18.00 diff  0.82 (  0.00 225.31)  Ml 0.07 (  0.12 225.00)  Ml+s 0.89 (  0.01 225.02)
    9   Ni  MulP 9.41 8.59 sum 18.00 diff  0.82 (  0.00 225.09)  Ml 0.07 (  0.12 225.00)  Ml+s 0.89 (  0.01 225.00)
   10   Ni  MulP 9.41 8.59 sum 18.00 diff  0.82 (  0.00 225.00)  Ml 0.07 (  0.12 225.00)  Ml+s 0.89 (  0.01 225.00)
   11   Ni  MulP 9.41 8.59 sum 18.00 diff  0.82 (  0.00 225.00)  Ml 0.07 (  0.12 225.00)  Ml+s 0.89 (  0.01 225.00)
   12   Ni  MulP 9.41 8.59 sum 18.00 diff  0.82 (  0.00 224.87)  Ml 0.07 (  0.12 225.00)  Ml+s 0.89 (  0.01 224.99)
   13   Ni  MulP 9.41 8.59 sum 18.00 diff  0.82 (  0.00 224.72)  Ml 0.07 (  0.12 225.00)  Ml+s 0.89 (  0.01 224.99)
   14   Ni  MulP 9.41 8.59 sum 18.00 diff  0.82 (  0.00 224.81)  Ml 0.07 (  0.12 225.00)  Ml+s 0.89 (  0.01 224.99)
   15   Ni  MulP 9.41 8.59 sum 18.00 diff  0.82 (  0.00 224.75)  Ml 0.07 (  0.12 225.00)  Ml+s 0.89 (  0.01 224.99)
   16   Ni  MulP 9.41 8.59 sum 18.00 diff  0.82 (  0.00 224.84)  Ml 0.07 (  0.12 225.00)  Ml+s 0.89 (  0.01 224.99)
   17   Ni  MulP 9.41 8.59 sum 18.00 diff  0.82 (  0.00 224.86)  Ml 0.07 (  0.12 225.00)  Ml+s 0.89 (  0.01 224.99)
   18   Ni  MulP 9.41 8.59 sum 18.00 diff  0.82 (  0.00 225.01)  Ml 0.07 (  0.12 225.00)  Ml+s 0.89 (  0.01 225.00)
   19   Ni  MulP 9.41 8.59 sum 18.00 diff  0.82 (  0.00 224.98)  Ml 0.07 (  0.12 225.00)  Ml+s 0.89 (  0.01 225.00)
   20   Ni  MulP 9.41 8.59 sum 18.00 diff  0.82 (  0.00 224.86)  Ml 0.07 (  0.12 225.00)  Ml+s 0.89 (  0.01 224.99)
     ..........
     ......

 Sum of MulP: up   =  3228.23494 down          =  2945.76506
              total=  6174.00000 ideal(neutral)=  6174.00000
<DFT>  Total Spin Moment    (muB) 282.469887738   Angles    0.000496987   225.009883366
<DFT>  Total Orbital Moment (muB) 24.181961634   Angles    0.119937044   225.000037486
<DFT>  Total Moment         (muB) 306.651800972   Angles    0.009915790   225.000492054
<DFT>  Mixing_weight= 0.259525224146
<DFT>  Uele   =-9189.259197015483  dUele     =  83.244615376529
<DFT>  NormRD =    0.266611772867  Criterion =   0.010000000000

******************* MD= 1  SCF= 4 *******************
<Poisson>  Poisson's equation using FFT...
<Set_Hamiltonian>  Hamiltonian matrix for VNA+dVH+Vxc...
<Band>  Solving the eigenvalue problem...
 KGrids1:  -0.33333   0.00000   0.33333 
 KGrids2:  -0.33333  -0.00000   0.33333 
 KGrids3:  -0.33333   0.00000   0.33334 
<Band_DFT>  Eigen, time=186.814483
<Band_DFT>  DM, time=0.000000
    1   Ni  MulP 9.39 8.61 sum 18.00 diff  0.77 (  0.00 225.21)  Ml 0.07 (  0.09 225.00)  Ml+s 0.84 (  0.01 225.01)
    2   Ni  MulP 9.39 8.61 sum 18.00 diff  0.77 (  0.00 225.28)  Ml 0.07 (  0.09 225.00)  Ml+s 0.84 (  0.01 225.02)
    3   Ni  MulP 9.39 8.61 sum 18.00 diff  0.77 (  0.00 224.86)  Ml 0.07 (  0.09 225.00)  Ml+s 0.84 (  0.01 224.99)
    4   Ni  MulP 9.39 8.61 sum 18.00 diff  0.77 (  0.00 224.92)  Ml 0.07 (  0.09 225.00)  Ml+s 0.84 (  0.01 225.00)
    5   Ni  MulP 9.39 8.61 sum 18.00 diff  0.77 (  0.00 225.09)  Ml 0.07 (  0.09 225.00)  Ml+s 0.84 (  0.01 225.01)
    6   Ni  MulP 9.39 8.61 sum 18.00 diff  0.77 (  0.00 224.69)  Ml 0.07 (  0.09 225.00)  Ml+s 0.84 (  0.01 224.98)
    7   Ni  MulP 9.39 8.61 sum 18.00 diff  0.77 (  0.00 224.78)  Ml 0.07 (  0.09 225.00)  Ml+s 0.84 (  0.01 224.99)
    8   Ni  MulP 9.39 8.61 sum 18.00 diff  0.77 (  0.00 225.32)  Ml 0.07 (  0.09 225.00)  Ml+s 0.84 (  0.01 225.02)
    9   Ni  MulP 9.39 8.61 sum 18.00 diff  0.77 (  0.00 225.10)  Ml 0.07 (  0.09 225.00)  Ml+s 0.84 (  0.01 225.01)
   10   Ni  MulP 9.39 8.61 sum 18.00 diff  0.77 (  0.00 225.00)  Ml 0.07 (  0.09 225.00)  Ml+s 0.84 (  0.01 225.00)
   11   Ni  MulP 9.39 8.61 sum 18.00 diff  0.77 (  0.00 225.01)  Ml 0.07 (  0.09 225.00)  Ml+s 0.84 (  0.01 225.00)
   12   Ni  MulP 9.39 8.61 sum 18.00 diff  0.77 (  0.00 224.87)  Ml 0.07 (  0.09 225.00)  Ml+s 0.84 (  0.01 224.99)
   13   Ni  MulP 9.39 8.61 sum 18.00 diff  0.77 (  0.00 224.71)  Ml 0.07 (  0.09 225.00)  Ml+s 0.84 (  0.01 224.98)
   14   Ni  MulP 9.39 8.61 sum 18.00 diff  0.77 (  0.00 224.81)  Ml 0.07 (  0.09 225.00)  Ml+s 0.84 (  0.01 224.99)
   15   Ni  MulP 9.39 8.61 sum 18.00 diff  0.77 (  0.00 224.76)  Ml 0.07 (  0.09 225.00)  Ml+s 0.84 (  0.01 224.98)
   16   Ni  MulP 9.39 8.61 sum 18.00 diff  0.77 (  0.00 224.84)  Ml 0.07 (  0.09 225.00)  Ml+s 0.84 (  0.01 224.99)
   17   Ni  MulP 9.39 8.61 sum 18.00 diff  0.77 (  0.00 224.86)  Ml 0.07 (  0.09 225.00)  Ml+s 0.84 (  0.01 224.99)
   18   Ni  MulP 9.39 8.61 sum 18.00 diff  0.77 (  0.00 225.01)  Ml 0.07 (  0.09 225.00)  Ml+s 0.84 (  0.01 225.00)
   19   Ni  MulP 9.39 8.61 sum 18.00 diff  0.77 (  0.00 224.98)  Ml 0.07 (  0.09 225.00)  Ml+s 0.84 (  0.01 225.00)
   20   Ni  MulP 9.39 8.61 sum 18.00 diff  0.77 (  0.00 224.86)  Ml 0.07 (  0.09 225.00)  Ml+s 0.84 (  0.01 224.99)
     ..........
     ......

 Sum of MulP: up   =  3219.79112 down          =  2954.20888
              total=  6174.00000 ideal(neutral)=  6174.00000
<DFT>  Total Spin Moment    (muB) 265.582246722   Angles    0.000457583   225.010690167
<DFT>  Total Orbital Moment (muB) 22.738453291   Angles    0.090458220   225.000046296
<DFT>  Total Moment         (muB) 288.320674173   Angles    0.007555494   225.000640081
<DFT>  Mixing_weight= 0.300000000000
<DFT>  Uele   =-9145.009643608499  dUele     =  44.249553406984
<DFT>  NormRD =    0.135903931329  Criterion =   0.010000000000

******************* MD= 1  SCF= 5 *******************
<Poisson>  Poisson's equation using FFT...
<Set_Hamiltonian>  Hamiltonian matrix for VNA+dVH+Vxc...
<Band>  Solving the eigenvalue problem...
 KGrids1:  -0.33333   0.00000   0.33333 
 KGrids2:  -0.33333  -0.00000   0.33333 
 KGrids3:  -0.33333   0.00000   0.33334 
<Band_DFT>  Eigen, time=186.870715
<Band_DFT>  DM, time=0.000000
    1   Ni  MulP 9.36 8.64 sum 18.00 diff  0.72 (  0.00 225.29)  Ml 0.06 (  0.05 224.96)  Ml+s 0.79 (  0.00 224.98)
    2   Ni  MulP 9.36 8.64 sum 18.00 diff  0.72 (  0.00 225.40)  Ml 0.06 (  0.05 224.96)  Ml+s 0.79 (  0.00 224.99)
    3   Ni  MulP 9.36 8.64 sum 18.00 diff  0.72 (  0.00 224.75)  Ml 0.06 (  0.05 224.96)  Ml+s 0.79 (  0.00 224.95)
    4   Ni  MulP 9.36 8.64 sum 18.00 diff  0.72 (  0.00 224.84)  Ml 0.06 (  0.05 224.96)  Ml+s 0.79 (  0.00 224.95)
    5   Ni  MulP 9.36 8.64 sum 18.00 diff  0.72 (  0.00 225.08)  Ml 0.06 (  0.05 224.96)  Ml+s 0.79 (  0.00 224.97)
    6   Ni  MulP 9.36 8.64 sum 18.00 diff  0.72 (  0.00 224.48)  Ml 0.06 (  0.05 224.96)  Ml+s 0.79 (  0.00 224.93)
    7   Ni  MulP 9.36 8.64 sum 18.00 diff  0.72 (  0.00 224.62)  Ml 0.06 (  0.05 224.96)  Ml+s 0.79 (  0.00 224.94)
    8   Ni  MulP 9.36 8.64 sum 18.00 diff  0.72 (  0.00 225.49)  Ml 0.06 (  0.05 224.98)  Ml+s 0.79 (  0.00 225.01)
    9   Ni  MulP 9.36 8.64 sum 18.00 diff  0.72 (  0.00 225.15)  Ml 0.06 (  0.05 224.98)  Ml+s 0.79 (  0.00 224.99)
   10   Ni  MulP 9.36 8.64 sum 18.00 diff  0.72 (  0.00 224.98)  Ml 0.06 (  0.05 224.98)  Ml+s 0.79 (  0.00 224.98)
   11   Ni  MulP 9.36 8.64 sum 18.00 diff  0.72 (  0.00 224.99)  Ml 0.06 (  0.05 224.98)  Ml+s 0.79 (  0.00 224.98)
   12   Ni  MulP 9.36 8.64 sum 18.00 diff  0.72 (  0.00 224.77)  Ml 0.06 (  0.05 224.98)  Ml+s 0.79 (  0.00 224.97)
   13   Ni  MulP 9.36 8.64 sum 18.00 diff  0.72 (  0.00 224.52)  Ml 0.06 (  0.05 224.98)  Ml+s 0.79 (  0.00 224.95)
   14   Ni  MulP 9.36 8.64 sum 18.00 diff  0.72 (  0.00 224.68)  Ml 0.06 (  0.05 224.98)  Ml+s 0.79 (  0.00 224.96)
   15   Ni  MulP 9.36 8.64 sum 18.00 diff  0.72 (  0.00 224.65)  Ml 0.06 (  0.05 225.02)  Ml+s 0.79 (  0.00 225.00)
   16   Ni  MulP 9.36 8.64 sum 18.00 diff  0.72 (  0.00 224.78)  Ml 0.06 (  0.05 225.02)  Ml+s 0.79 (  0.00 225.00)
   17   Ni  MulP 9.36 8.64 sum 18.00 diff  0.72 (  0.00 224.81)  Ml 0.06 (  0.05 225.02)  Ml+s 0.79 (  0.00 225.00)
   18   Ni  MulP 9.36 8.64 sum 18.00 diff  0.72 (  0.00 225.03)  Ml 0.06 (  0.05 225.02)  Ml+s 0.79 (  0.00 225.02)
   19   Ni  MulP 9.36 8.64 sum 18.00 diff  0.72 (  0.00 224.99)  Ml 0.06 (  0.05 225.02)  Ml+s 0.79 (  0.00 225.02)
   20   Ni  MulP 9.36 8.64 sum 18.00 diff  0.72 (  0.00 224.79)  Ml 0.06 (  0.05 225.02)  Ml+s 0.79 (  0.00 225.00)
     ..........
     ......

 Sum of MulP: up   =  3210.97920 down          =  2963.02080
              total=  6174.00000 ideal(neutral)=  6174.00000
<DFT>  Total Spin Moment    (muB) 247.958391075   Angles    0.000265669   225.018363177
<DFT>  Total Orbital Moment (muB) 21.507190707   Angles    0.052462942   225.000105419
<DFT>  Total Moment         (muB) 269.465573570   Angles    0.004431754   225.001112555
<DFT>  Mixing_weight= 0.300000000000
<DFT>  Uele   =-9124.912208860913  dUele     =  20.097434747586
<DFT>  NormRD =    0.076933163524  Criterion =   0.010000000000

******************* MD= 1  SCF= 6 *******************
<Poisson>  Poisson's equation using FFT...
<Set_Hamiltonian>  Hamiltonian matrix for VNA+dVH+Vxc...
<Band>  Solving the eigenvalue problem...
 KGrids1:  -0.33333   0.00000   0.33333 
 KGrids2:  -0.33333  -0.00000   0.33333 
 KGrids3:  -0.33333   0.00000   0.33334 
<Band_DFT>  Eigen, time=186.692267
<Band_DFT>  DM, time=0.000000
    1   Ni  MulP 9.35 8.65 sum 18.00 diff  0.71 (  0.00  43.60)  Ml 0.06 (  0.04 227.25)  Ml+s 0.77 (  0.00 227.93)
    2   Ni  MulP 9.35 8.65 sum 18.00 diff  0.71 (  0.00  43.59)  Ml 0.06 (  0.04 227.30)  Ml+s 0.77 (  0.00 228.03)
    3   Ni  MulP 9.35 8.65 sum 18.00 diff  0.71 (  0.00  43.85)  Ml 0.06 (  0.04 227.35)  Ml+s 0.77 (  0.00 228.07)
    4   Ni  MulP 9.35 8.65 sum 18.00 diff  0.71 (  0.00  43.81)  Ml 0.06 (  0.04 227.38)  Ml+s 0.77 (  0.00 228.12)
    5   Ni  MulP 9.35 8.65 sum 18.00 diff  0.71 (  0.00  43.70)  Ml 0.06 (  0.04 227.36)  Ml+s 0.77 (  0.00 228.10)
    6   Ni  MulP 9.35 8.65 sum 18.00 diff  0.71 (  0.00  43.90)  Ml 0.06 (  0.04 227.30)  Ml+s 0.77 (  0.00 227.95)
    7   Ni  MulP 9.35 8.65 sum 18.00 diff  0.71 (  0.00  43.84)  Ml 0.06 (  0.04 227.25)  Ml+s 0.77 (  0.00 227.88)
    8   Ni  MulP 9.35 8.65 sum 18.00 diff  0.71 (  0.00  44.16)  Ml 0.06 (  0.04 226.16)  Ml+s 0.77 (  0.00 226.54)
    9   Ni  MulP 9.35 8.65 sum 18.00 diff  0.71 (  0.00  44.30)  Ml 0.06 (  0.04 226.20)  Ml+s 0.77 (  0.00 226.58)
   10   Ni  MulP 9.35 8.65 sum 18.00 diff  0.71 (  0.00  44.36)  Ml 0.06 (  0.04 226.24)  Ml+s 0.77 (  0.00 226.63)
   11   Ni  MulP 9.35 8.65 sum 18.00 diff  0.71 (  0.00  44.34)  Ml 0.06 (  0.04 226.26)  Ml+s 0.77 (  0.00 226.65)
   12   Ni  MulP 9.35 8.65 sum 18.00 diff  0.71 (  0.00  44.41)  Ml 0.06 (  0.04 226.23)  Ml+s 0.77 (  0.00 226.59)
   13   Ni  MulP 9.35 8.65 sum 18.00 diff  0.71 (  0.00  44.51)  Ml 0.06 (  0.04 226.18)  Ml+s 0.77 (  0.00 226.50)
   14   Ni  MulP 9.35 8.65 sum 18.00 diff  0.71 (  0.00  44.45)  Ml 0.06 (  0.04 226.15)  Ml+s 0.77 (  0.00 226.46)
   15   Ni  MulP 9.35 8.65 sum 18.00 diff  0.71 (  0.00  45.71)  Ml 0.06 (  0.04 223.96)  Ml+s 0.77 (  0.00 223.62)
   16   Ni  MulP 9.35 8.65 sum 18.00 diff  0.71 (  0.00  45.64)  Ml 0.06 (  0.04 223.95)  Ml+s 0.77 (  0.00 223.61)
   17   Ni  MulP 9.35 8.65 sum 18.00 diff  0.71 (  0.00  45.61)  Ml 0.06 (  0.04 223.97)  Ml+s 0.77 (  0.00 223.63)
   18   Ni  MulP 9.35 8.65 sum 18.00 diff  0.71 (  0.00  45.52)  Ml 0.06 (  0.04 223.99)  Ml+s 0.77 (  0.00 223.68)
   19   Ni  MulP 9.35 8.65 sum 18.00 diff  0.71 (  0.00  45.55)  Ml 0.06 (  0.04 223.99)  Ml+s 0.77 (  0.00 223.69)
   20   Ni  MulP 9.35 8.65 sum 18.00 diff  0.71 (  0.00  45.65)  Ml 0.06 (  0.04 223.98)  Ml+s 0.77 (  0.00 223.67)
     ..........
     ......

 Sum of MulP: up   =  3208.43699 down          =  2965.56301
              total=  6174.00000 ideal(neutral)=  6174.00000
<DFT>  Total Spin Moment    (muB) 242.873978183   Angles    0.000610475    44.990207301
<DFT>  Total Orbital Moment (muB) 21.076493894   Angles    0.042736759   225.001434989
<DFT>  Total Moment         (muB) 263.950466527   Angles    0.002850809   225.003647312
<DFT>  Mixing_weight= 0.300000000000
<DFT>  Uele   =-9113.228486654398  dUele     =  11.683722206515
<DFT>  NormRD =    0.053615262438  Criterion =   0.010000000000

******************* MD= 1  SCF= 7 *******************
<Poisson>  Poisson's equation using FFT...
<Set_Hamiltonian>  Hamiltonian matrix for VNA+dVH+Vxc...
<Band>  Solving the eigenvalue problem...
 KGrids1:  -0.33333   0.00000   0.33333 
 KGrids2:  -0.33333  -0.00000   0.33333 
 KGrids3:  -0.33333   0.00000   0.33334 
<Band_DFT>  Eigen, time=126.252782
<Band_DFT>  DM, time=0.000001
    1   Ni  MulP 9.35 8.63 sum 17.98 diff  0.71 (  0.00  80.92)  Ml 0.06 (  0.08 126.95)  Ml+s 0.77 (  0.01 120.63)
    2   Ni  MulP 9.35 8.64 sum 17.98 diff  0.71 (  0.00 103.27)  Ml 0.06 (  0.08 153.98)  Ml+s 0.77 (  0.01 149.31)
    3   Ni  MulP 9.35 8.64 sum 17.98 diff  0.71 (  0.00 144.33)  Ml 0.06 (  0.10 175.11)  Ml+s 0.77 (  0.01 172.95)
    4   Ni  MulP 9.35 8.64 sum 17.98 diff  0.71 (  0.00 156.88)  Ml 0.06 (  0.11 179.76)  Ml+s 0.77 (  0.01 178.13)
    5   Ni  MulP 9.35 8.63 sum 17.98 diff  0.71 (  0.00 131.20)  Ml 0.06 (  0.09 169.30)  Ml+s 0.77 (  0.01 166.47)
    6   Ni  MulP 9.35 8.63 sum 17.98 diff  0.71 (  0.00  92.35)  Ml 0.06 (  0.08 142.55)  Ml+s 0.77 (  0.01 136.95)
    7   Ni  MulP 9.35 8.63 sum 17.98 diff  0.71 (  0.00  78.22)  Ml 0.06 (  0.08 121.52)  Ml+s 0.78 (  0.01 115.24)
    8   Ni  MulP 9.35 8.64 sum 17.98 diff  0.71 (  0.00  66.03)  Ml 0.06 (  0.04 135.44)  Ml+s 0.77 (  0.00 122.36)
    9   Ni  MulP 9.35 8.64 sum 17.99 diff  0.71 (  0.00 102.60)  Ml 0.06 (  0.06 185.84)  Ml+s 0.77 (  0.00 181.66)
   10   Ni  MulP 9.35 8.64 sum 17.99 diff  0.71 (  0.00 174.06)  Ml 0.06 (  0.09 199.11)  Ml+s 0.77 (  0.01 197.84)
   11   Ni  MulP 9.35 8.64 sum 17.99 diff  0.70 (  0.00 172.15)  Ml 0.06 (  0.09 197.35)  Ml+s 0.76 (  0.01 196.05)
   12   Ni  MulP 9.35 8.64 sum 17.99 diff  0.70 (  0.00 100.54)  Ml 0.06 (  0.06 179.70)  Ml+s 0.76 (  0.00 175.27)
   13   Ni  MulP 9.35 8.64 sum 17.99 diff  0.71 (  0.00  65.90)  Ml 0.06 (  0.04 130.68)  Ml+s 0.77 (  0.00 118.92)
   14   Ni  MulP 9.35 8.64 sum 17.98 diff  0.71 (  0.00  60.87)  Ml 0.06 (  0.04 105.92)  Ml+s 0.77 (  0.00  95.98)
   15   Ni  MulP 9.35 8.65 sum 17.99 diff  0.70 (  0.00  10.43)  Ml 0.06 (  0.04 -71.76)  Ml+s 0.76 (  0.00 -61.79)
   16   Ni  MulP 9.35 8.65 sum 18.00 diff  0.70 (  0.00 -41.22)  Ml 0.06 (  0.07 257.65)  Ml+s 0.76 (  0.01 260.72)
   17   Ni  MulP 9.35 8.66 sum 18.01 diff  0.69 (  0.00 -79.80)  Ml 0.06 (  0.09 249.67)  Ml+s 0.75 (  0.01 251.34)
   18   Ni  MulP 9.35 8.66 sum 18.01 diff  0.69 (  0.00 -60.37)  Ml 0.06 (  0.08 253.06)  Ml+s 0.75 (  0.01 255.44)
   19   Ni  MulP 9.35 8.66 sum 18.01 diff  0.69 (  0.00   0.59)  Ml 0.06 (  0.05 -84.90)  Ml+s 0.75 (  0.00 -77.21)
   20   Ni  MulP 9.35 8.65 sum 18.00 diff  0.69 (  0.00  20.75)  Ml 0.06 (  0.04 -37.77)  Ml+s 0.76 (  0.00 -25.38)
     ..........
     ......

 Sum of MulP: up   =  3206.37910 down          =  2967.62090
              total=  6174.00000 ideal(neutral)=  6174.00000
<DFT>  Total Spin Moment    (muB) 238.758202641   Angles    0.000353071    36.286232168
<DFT>  Total Orbital Moment (muB) 20.725392948   Angles    0.034912641   227.893883569
<DFT>  Total Moment         (muB) 259.483591979   Angles    0.002471169   229.409636402
<DFT>  Mixing_weight= 0.300000000000
<DFT>  Uele   =-9107.289219785060  dUele     =   5.939266869338
<DFT>  NormRD =    0.036607489829  Criterion =   0.010000000000

******************* MD= 1  SCF= 8 *******************
<Poisson>  Poisson's equation using FFT...
<Set_Hamiltonian>  Hamiltonian matrix for VNA+dVH+Vxc...
<Band>  Solving the eigenvalue problem...
 KGrids1:  -0.33333   0.00000   0.33333 
 KGrids2:  -0.33333  -0.00000   0.33333 
 KGrids3:  -0.33333   0.00000   0.33334 
<Band_DFT>  Eigen, time=247.468779
<Band_DFT>  DM, time=0.000000
    1   Ni  MulP 9.35 8.66 sum 18.01 diff  0.69 (  0.00 -35.43)  Ml 0.06 (  0.08 260.84)  Ml+s 0.75 (  0.01 264.09)
    2   Ni  MulP 9.35 8.66 sum 18.01 diff  0.69 (  0.00  -3.87)  Ml 0.06 (  0.06 -86.40)  Ml+s 0.75 (  0.00 -80.30)
    3   Ni  MulP 9.35 8.66 sum 18.01 diff  0.69 (  0.00  13.52)  Ml 0.06 (  0.05 -64.04)  Ml+s 0.75 (  0.00 -53.58)
    4   Ni  MulP 9.35 8.66 sum 18.01 diff  0.69 (  0.00  16.58)  Ml 0.06 (  0.04 -55.85)  Ml+s 0.75 (  0.00 -44.54)
    5   Ni  MulP 9.35 8.66 sum 18.01 diff  0.69 (  0.00   8.49)  Ml 0.06 (  0.05 -73.18)  Ml+s 0.75 (  0.00 -64.36)
    6   Ni  MulP 9.35 8.66 sum 18.01 diff  0.69 (  0.00 -16.52)  Ml 0.06 (  0.07 267.08)  Ml+s 0.75 (  0.01 -88.42)
    7   Ni  MulP 9.35 8.66 sum 18.01 diff  0.69 (  0.00 -43.63)  Ml 0.06 (  0.08 259.03)  Ml+s 0.75 (  0.01 261.87)
    8   Ni  MulP 9.35 8.66 sum 18.01 diff  0.69 (  0.00 -11.70)  Ml 0.06 (  0.06 248.47)  Ml+s 0.75 (  0.00 251.53)
    9   Ni  MulP 9.35 8.66 sum 18.01 diff  0.69 (  0.00  19.64)  Ml 0.06 (  0.04 263.83)  Ml+s 0.75 (  0.00 -87.17)
   10   Ni  MulP 9.35 8.66 sum 18.01 diff  0.69 (  0.00  27.78)  Ml 0.06 (  0.02 -67.40)  Ml+s 0.75 (  0.00 -47.47)
   11   Ni  MulP 9.35 8.66 sum 18.00 diff  0.69 (  0.00  27.19)  Ml 0.06 (  0.02 -69.26)  Ml+s 0.75 (  0.00 -49.65)
   12   Ni  MulP 9.35 8.66 sum 18.00 diff  0.69 (  0.00  17.37)  Ml 0.06 (  0.04 261.44)  Ml+s 0.75 (  0.00 269.56)
   13   Ni  MulP 9.35 8.66 sum 18.01 diff  0.69 (  0.00 -18.33)  Ml 0.06 (  0.06 247.48)  Ml+s 0.75 (  0.00 250.30)
   14   Ni  MulP 9.35 8.66 sum 18.01 diff  0.69 (  0.00 -47.82)  Ml 0.06 (  0.07 244.50)  Ml+s 0.75 (  0.01 246.47)
   15   Ni  MulP 9.35 8.65 sum 18.00 diff  0.69 (  0.00  77.41)  Ml 0.06 (  0.05 201.59)  Ml+s 0.75 (  0.00 197.98)
   16   Ni  MulP 9.35 8.65 sum 18.00 diff  0.70 (  0.00  62.10)  Ml 0.06 (  0.03 185.43)  Ml+s 0.76 (  0.00 173.96)
   17   Ni  MulP 9.35 8.65 sum 18.00 diff  0.70 (  0.00  58.93)  Ml 0.06 (  0.02 164.80)  Ml+s 0.76 (  0.00 143.76)
   18   Ni  MulP 9.35 8.65 sum 17.99 diff  0.70 (  0.00  61.34)  Ml 0.06 (  0.02 176.72)  Ml+s 0.76 (  0.00 161.76)
   19   Ni  MulP 9.35 8.65 sum 18.00 diff  0.70 (  0.00  73.86)  Ml 0.06 (  0.04 197.38)  Ml+s 0.76 (  0.00 192.58)
   20   Ni  MulP 9.35 8.65 sum 18.00 diff  0.70 (  0.00 109.83)  Ml 0.06 (  0.06 205.72)  Ml+s 0.76 (  0.00 203.66)
     ..........
     ......

 Sum of MulP: up   =  3206.31929 down          =  2967.68071
              total=  6174.00000 ideal(neutral)=  6174.00000
<DFT>  Total Spin Moment    (muB) 238.638584526   Angles    0.000342087    42.241296488
<DFT>  Total Orbital Moment (muB) 20.715128802   Angles    0.034215816   225.857509051
<DFT>  Total Moment         (muB) 259.353709862   Angles    0.002418833   226.327781760
<DFT>  Mixing_weight= 0.010000000000
<DFT>  Uele   =-9107.172031747690  dUele     =   0.117188037369
<DFT>  NormRD =    0.296791075775  Criterion =   0.010000000000

******************* MD= 1  SCF= 9 *******************
<Poisson>  Poisson's equation using FFT...
<Set_Hamiltonian>  Hamiltonian matrix for VNA+dVH+Vxc...
<Band>  Solving the eigenvalue problem...
 KGrids1:  -0.33333   0.00000   0.33333 
 KGrids2:  -0.33333  -0.00000   0.33333 
 KGrids3:  -0.33333   0.00000   0.33334 
<Band_DFT>  Eigen, time=126.201400
<Band_DFT>  DM, time=0.000000
    1   Ni  MulP 9.35 8.64 sum 17.99 diff  0.71 (  0.00  77.52)  Ml 0.06 (  0.05 140.41)  Ml+s 0.77 (  0.00 131.48)
    2   Ni  MulP 9.35 8.64 sum 17.99 diff  0.70 (  0.00  95.54)  Ml 0.06 (  0.06 164.99)  Ml+s 0.77 (  0.00 159.02)
    3   Ni  MulP 9.35 8.64 sum 17.99 diff  0.70 (  0.00 130.85)  Ml 0.06 (  0.07 181.89)  Ml+s 0.76 (  0.01 178.85)
    4   Ni  MulP 9.35 8.64 sum 17.99 diff  0.70 (  0.00 142.78)  Ml 0.06 (  0.08 185.38)  Ml+s 0.77 (  0.01 182.90)
    5   Ni  MulP 9.35 8.64 sum 17.99 diff  0.71 (  0.00 116.13)  Ml 0.06 (  0.07 176.70)  Ml+s 0.77 (  0.01 172.75)
    6   Ni  MulP 9.35 8.64 sum 17.99 diff  0.71 (  0.00  85.61)  Ml 0.06 (  0.05 154.14)  Ml+s 0.77 (  0.00 146.50)
    7   Ni  MulP 9.35 8.64 sum 17.99 diff  0.71 (  0.00  75.15)  Ml 0.06 (  0.05 134.38)  Ml+s 0.77 (  0.00 125.21)
    8   Ni  MulP 9.35 8.64 sum 17.99 diff  0.70 (  0.00  64.19)  Ml 0.06 (  0.03 161.06)  Ml+s 0.76 (  0.00 145.42)
    9   Ni  MulP 9.35 8.64 sum 17.99 diff  0.70 (  0.00  87.16)  Ml 0.06 (  0.05 193.22)  Ml+s 0.76 (  0.00 188.78)
   10   Ni  MulP 9.35 8.65 sum 17.99 diff  0.70 (  0.00 147.40)  Ml 0.06 (  0.07 202.58)  Ml+s 0.76 (  0.01 200.80)
   11   Ni  MulP 9.35 8.65 sum 17.99 diff  0.70 (  0.00 144.84)  Ml 0.06 (  0.07 201.70)  Ml+s 0.76 (  0.01 199.87)
   12   Ni  MulP 9.35 8.65 sum 17.99 diff  0.70 (  0.00  84.99)  Ml 0.06 (  0.05 190.06)  Ml+s 0.76 (  0.00 185.21)
   13   Ni  MulP 9.35 8.65 sum 17.99 diff  0.70 (  0.00  63.97)  Ml 0.06 (  0.03 156.41)  Ml+s 0.76 (  0.00 140.76)
   14   Ni  MulP 9.35 8.64 sum 17.99 diff  0.70 (  0.00  60.35)  Ml 0.06 (  0.03 132.23)  Ml+s 0.76 (  0.00 114.56)
   15   Ni  MulP 9.35 8.65 sum 18.00 diff  0.70 (  0.00  18.50)  Ml 0.06 (  0.03 269.93)  Ml+s 0.76 (  0.00 -79.71)
   16   Ni  MulP 9.35 8.65 sum 18.00 diff  0.69 (  0.00 -14.78)  Ml 0.06 (  0.05 251.07)  Ml+s 0.76 (  0.00 254.44)
   17   Ni  MulP 9.35 8.66 sum 18.00 diff  0.69 (  0.00 -58.47)  Ml 0.06 (  0.07 245.68)  Ml+s 0.75 (  0.01 247.61)
   18   Ni  MulP 9.35 8.66 sum 18.01 diff  0.69 (  0.00 -37.54)  Ml 0.06 (  0.06 247.89)  Ml+s 0.75 (  0.00 250.38)
   19   Ni  MulP 9.35 8.66 sum 18.01 diff  0.69 (  0.00  10.65)  Ml 0.06 (  0.04 260.78)  Ml+s 0.75 (  0.00 267.55)
   20   Ni  MulP 9.35 8.65 sum 18.00 diff  0.69 (  0.00  25.01)  Ml 0.06 (  0.03 -69.22)  Ml+s 0.75 (  0.00 -51.65)
     ..........
     ......

 Sum of MulP: up   =  3206.23224 down          =  2967.76776
              total=  6174.00000 ideal(neutral)=  6174.00000
<DFT>  Total Spin Moment    (muB) 238.464471165   Angles    0.000330058    41.006533948
<DFT>  Total Orbital Moment (muB) 20.700698844   Angles    0.033928617   226.206265369
<DFT>  Total Moment         (muB) 259.165166604   Angles    0.002407744   226.861235375
<DFT>  Mixing_weight= 0.014182323919
<DFT>  Uele   =-9107.008481802897  dUele     =   0.163549944793
<DFT>  NormRD =    0.161170654926  Criterion =   0.010000000000

******************* MD= 1  SCF=10 *******************
<Poisson>  Poisson's equation using FFT...
<Set_Hamiltonian>  Hamiltonian matrix for VNA+dVH+Vxc...
<Band>  Solving the eigenvalue problem...
 KGrids1:  -0.33333   0.00000   0.33333 
 KGrids2:  -0.33333  -0.00000   0.33333 
 KGrids3:  -0.33333   0.00000   0.33334 
<Band_DFT>  Eigen, time=126.225253
<Band_DFT>  DM, time=0.000000
    1   Ni  MulP 9.32 8.68 sum 18.00 diff  0.65 (  0.00 224.84)  Ml 0.06 (  0.04  42.22)  Ml+s 0.70 (  0.00  38.66)
    2   Ni  MulP 9.32 8.68 sum 18.00 diff  0.65 (  0.00 224.68)  Ml 0.06 (  0.04  41.59)  Ml+s 0.70 (  0.00  36.18)
    3   Ni  MulP 9.32 8.68 sum 18.00 diff  0.65 (  0.00 224.53)  Ml 0.06 (  0.04  41.13)  Ml+s 0.70 (  0.00  32.59)
    4   Ni  MulP 9.32 8.68 sum 18.00 diff  0.65 (  0.00 224.56)  Ml 0.06 (  0.03  41.42)  Ml+s 0.70 (  0.00  31.61)
    5   Ni  MulP 9.32 8.68 sum 18.00 diff  0.65 (  0.00 224.58)  Ml 0.06 (  0.04  42.28)  Ml+s 0.70 (  0.00  36.60)
    6   Ni  MulP 9.32 8.68 sum 18.00 diff  0.65 (  0.00 224.83)  Ml 0.06 (  0.04  42.89)  Ml+s 0.70 (  0.00  39.69)
    7   Ni  MulP 9.32 8.68 sum 18.00 diff  0.65 (  0.00 224.99)  Ml 0.06 (  0.04  42.84)  Ml+s 0.70 (  0.00  39.95)
    8   Ni  MulP 9.32 8.68 sum 18.00 diff  0.65 (  0.00 224.86)  Ml 0.06 (  0.04  45.26)  Ml+s 0.70 (  0.00  45.98)
    9   Ni  MulP 9.32 8.68 sum 18.00 diff  0.65 (  0.00 224.87)  Ml 0.06 (  0.04  44.86)  Ml+s 0.70 (  0.00  44.84)
   10   Ni  MulP 9.32 8.68 sum 18.00 diff  0.65 (  0.00 225.52)  Ml 0.06 (  0.03  44.44)  Ml+s 0.70 (  0.00  41.02)
   11   Ni  MulP 9.32 8.68 sum 18.00 diff  0.65 (  0.00 226.36)  Ml 0.06 (  0.03  44.40)  Ml+s 0.70 (  0.00  38.70)
   12   Ni  MulP 9.32 8.68 sum 18.00 diff  0.65 (  0.00 226.14)  Ml 0.06 (  0.04  44.76)  Ml+s 0.70 (  0.00  41.97)
   13   Ni  MulP 9.32 8.68 sum 18.00 diff  0.65 (  0.00 226.07)  Ml 0.06 (  0.04  45.20)  Ml+s 0.70 (  0.00  43.85)
   14   Ni  MulP 9.32 8.68 sum 18.00 diff  0.65 (  0.00 225.08)  Ml 0.06 (  0.04  45.37)  Ml+s 0.70 (  0.00  45.82)
   15   Ni  MulP 9.32 8.68 sum 18.00 diff  0.65 (  0.00 225.82)  Ml 0.06 (  0.04  47.37)  Ml+s 0.70 (  0.00  51.30)
   16   Ni  MulP 9.32 8.68 sum 18.00 diff  0.65 (  0.00 225.77)  Ml 0.06 (  0.03  47.13)  Ml+s 0.70 (  0.00  52.90)
   17   Ni  MulP 9.32 8.68 sum 18.00 diff  0.65 (  0.00 224.75)  Ml 0.06 (  0.03  46.66)  Ml+s 0.70 (  0.00  58.22)
   18   Ni  MulP 9.32 8.68 sum 18.00 diff  0.65 (  0.00 224.78)  Ml 0.06 (  0.04  46.35)  Ml+s 0.70 (  0.00  53.57)
   19   Ni  MulP 9.32 8.68 sum 18.00 diff  0.65 (  0.00 224.81)  Ml 0.06 (  0.04  46.56)  Ml+s 0.70 (  0.00  50.97)
   20   Ni  MulP 9.32 8.68 sum 18.00 diff  0.65 (  0.00 225.05)  Ml 0.06 (  0.04  47.12)  Ml+s 0.70 (  0.00  51.08)
     ..........
     ......

 Sum of MulP: up   =  3197.89857 down          =  2976.10143
              total=  6174.00000 ideal(neutral)=  6174.00000
<DFT>  Total Spin Moment    (muB) 221.797140412   Angles    0.002440506   225.158220857
<DFT>  Total Orbital Moment (muB) 19.403231821   Angles    0.037482875    45.098104040
<DFT>  Total Moment         (muB) 241.200367901   Angles    0.000771113    44.923144918
<DFT>  Mixing_weight= 0.014182323919
<DFT>  Uele   =-9101.795440158816  dUele     =   5.213041644081
<DFT>  NormRD =    0.177053126964  Criterion =   0.010000000000

******************* MD= 1  SCF=11 *******************
<Poisson>  Poisson's equation using FFT...
<Set_Hamiltonian>  Hamiltonian matrix for VNA+dVH+Vxc...
<Band>  Solving the eigenvalue problem...
 KGrids1:  -0.33333   0.00000   0.33333 
 KGrids2:  -0.33333  -0.00000   0.33333 
 KGrids3:  -0.33333   0.00000   0.33334 
<Band_DFT>  Eigen, time=186.882581
<Band_DFT>  DM, time=0.000001
    1   Ni  MulP 9.32 8.68 sum 18.00 diff  0.64 (  0.00 222.84)  Ml 0.06 (  0.05  51.24)  Ml+s 0.70 (  0.00  58.53)
    2   Ni  MulP 9.32 8.68 sum 18.00 diff  0.64 (  0.00 223.46)  Ml 0.06 (  0.05  43.00)  Ml+s 0.70 (  0.00  42.60)
    3   Ni  MulP 9.32 8.68 sum 18.00 diff  0.64 (  0.00 224.33)  Ml 0.06 (  0.06  40.92)  Ml+s 0.70 (  0.00  37.91)
    4   Ni  MulP 9.32 8.68 sum 18.00 diff  0.64 (  0.00 224.43)  Ml 0.06 (  0.06  44.76)  Ml+s 0.70 (  0.00  45.03)
    5   Ni  MulP 9.32 8.68 sum 18.00 diff  0.64 (  0.00 223.02)  Ml 0.06 (  0.06  49.48)  Ml+s 0.70 (  0.00  53.20)
    6   Ni  MulP 9.32 8.68 sum 18.00 diff  0.64 (  0.00 223.54)  Ml 0.06 (  0.06  52.80)  Ml+s 0.70 (  0.00  57.25)
    7   Ni  MulP 9.32 8.68 sum 18.00 diff  0.64 (  0.00 223.62)  Ml 0.06 (  0.05  55.59)  Ml+s 0.70 (  0.00  63.97)
    8   Ni  MulP 9.32 8.68 sum 18.00 diff  0.64 (  0.00 225.14)  Ml 0.06 (  0.05  42.76)  Ml+s 0.70 (  0.00  40.50)
    9   Ni  MulP 9.32 8.68 sum 18.00 diff  0.64 (  0.00 227.11)  Ml 0.06 (  0.06  35.53)  Ml+s 0.70 (  0.00  26.58)
   10   Ni  MulP 9.32 8.68 sum 18.00 diff  0.64 (  0.00 228.56)  Ml 0.06 (  0.05  34.76)  Ml+s 0.70 (  0.00  26.38)
   11   Ni  MulP 9.32 8.68 sum 18.00 diff  0.64 (  0.00 227.29)  Ml 0.06 (  0.05  40.64)  Ml+s 0.70 (  0.00  36.96)
   12   Ni  MulP 9.32 8.68 sum 18.00 diff  0.64 (  0.00 225.78)  Ml 0.06 (  0.06  47.02)  Ml+s 0.70 (  0.00  47.72)
   13   Ni  MulP 9.32 8.68 sum 18.00 diff  0.64 (  0.00 225.19)  Ml 0.06 (  0.05  51.59)  Ml+s 0.70 (  0.00  56.21)
   14   Ni  MulP 9.32 8.68 sum 18.00 diff  0.64 (  0.00 224.42)  Ml 0.06 (  0.05  50.69)  Ml+s 0.70 (  0.00  56.62)
   15   Ni  MulP 9.32 8.68 sum 18.00 diff  0.64 (  0.00 229.65)  Ml 0.06 (  0.05  43.71)  Ml+s 0.70 (  0.00  40.76)
   16   Ni  MulP 9.32 8.68 sum 18.00 diff  0.64 (  0.00 231.76)  Ml 0.06 (  0.05  40.10)  Ml+s 0.70 (  0.00  34.02)
   17   Ni  MulP 9.32 8.68 sum 18.00 diff  0.64 (  0.00 227.16)  Ml 0.06 (  0.05  37.88)  Ml+s 0.70 (  0.00  32.87)
   18   Ni  MulP 9.32 8.68 sum 18.00 diff  0.64 (  0.00 226.06)  Ml 0.06 (  0.05  38.79)  Ml+s 0.70 (  0.00  33.92)
   19   Ni  MulP 9.32 8.68 sum 18.00 diff  0.64 (  0.00 227.52)  Ml 0.06 (  0.05  45.22)  Ml+s 0.70 (  0.00  44.00)
   20   Ni  MulP 9.32 8.68 sum 18.00 diff  0.64 (  0.00 226.90)  Ml 0.06 (  0.05  50.40)  Ml+s 0.70 (  0.00  51.98)
     ..........
     ......

 Sum of MulP: up   =  3197.28796 down          =  2976.71204
              total=  6174.00000 ideal(neutral)=  6174.00000
<DFT>  Total Spin Moment    (muB) 220.575925713   Angles    0.001672674   224.973321262
<DFT>  Total Orbital Moment (muB) 19.302617734   Angles    0.053770723    45.290067996
<DFT>  Total Moment         (muB) 239.878535136   Angles    0.002788797    45.464759471
<DFT>  Mixing_weight= 0.014182323919
<DFT>  Uele   =-9101.109920517907  dUele     =   0.685519640909
<DFT>  NormRD =    0.014026586121  Criterion =   0.010000000000

******************* MD= 1  SCF=12 *******************
<Poisson>  Poisson's equation using FFT...
<Set_Hamiltonian>  Hamiltonian matrix for VNA+dVH+Vxc...
<Band>  Solving the eigenvalue problem...
 KGrids1:  -0.33333   0.00000   0.33333 
 KGrids2:  -0.33333  -0.00000   0.33333 
 KGrids3:  -0.33333   0.00000   0.33334 
<Band_DFT>  Eigen, time=126.173970
<Band_DFT>  DM, time=0.000000
    1   Ni  MulP 9.32 8.68 sum 18.00 diff  0.64 (  0.00  51.10)  Ml 0.06 (  0.05  58.81)  Ml+s 0.69 (  0.01  56.94)
    2   Ni  MulP 9.32 8.68 sum 18.00 diff  0.64 (  0.00  55.23)  Ml 0.06 (  0.06  48.17)  Ml+s 0.69 (  0.01  48.89)
    3   Ni  MulP 9.32 8.68 sum 18.00 diff  0.64 (  0.00  51.51)  Ml 0.06 (  0.06  45.54)  Ml+s 0.69 (  0.00  45.68)
    4   Ni  MulP 9.32 8.68 sum 18.00 diff  0.64 (  0.00  45.28)  Ml 0.06 (  0.05  49.39)  Ml+s 0.69 (  0.00  49.19)
    5   Ni  MulP 9.32 8.68 sum 18.00 diff  0.64 (  0.00  50.42)  Ml 0.06 (  0.06  53.09)  Ml+s 0.69 (  0.01  52.63)
    6   Ni  MulP 9.32 8.68 sum 18.00 diff  0.64 (  0.00  46.24)  Ml 0.06 (  0.06  55.96)  Ml+s 0.69 (  0.01  53.13)
    7   Ni  MulP 9.32 8.68 sum 18.00 diff  0.64 (  0.00  46.82)  Ml 0.06 (  0.04  62.03)  Ml+s 0.69 (  0.01  57.19)
    8   Ni  MulP 9.32 8.68 sum 18.00 diff  0.63 (  0.00  48.09)  Ml 0.06 (  0.05  42.65)  Ml+s 0.69 (  0.00  42.90)
    9   Ni  MulP 9.32 8.68 sum 18.00 diff  0.63 (  0.00  27.36)  Ml 0.06 (  0.06  35.03)  Ml+s 0.69 (  0.01  34.15)
   10   Ni  MulP 9.32 8.68 sum 18.00 diff  0.64 (  0.00  36.75)  Ml 0.06 (  0.05  33.90)  Ml+s 0.69 (  0.01  34.61)
   11   Ni  MulP 9.32 8.68 sum 18.00 diff  0.64 (  0.00  43.66)  Ml 0.06 (  0.05  40.57)  Ml+s 0.69 (  0.01  41.47)
   12   Ni  MulP 9.32 8.68 sum 18.00 diff  0.64 (  0.00  46.05)  Ml 0.06 (  0.06  46.13)  Ml+s 0.69 (  0.01  46.11)
   13   Ni  MulP 9.32 8.68 sum 18.00 diff  0.64 (  0.00  48.70)  Ml 0.06 (  0.05  50.04)  Ml+s 0.69 (  0.01  49.72)
   14   Ni  MulP 9.32 8.68 sum 18.00 diff  0.64 (  0.00  55.15)  Ml 0.06 (  0.05  50.05)  Ml+s 0.69 (  0.00  50.67)
   15   Ni  MulP 9.32 8.68 sum 18.00 diff  0.63 (  0.00  39.11)  Ml 0.06 (  0.05  41.59)  Ml+s 0.69 (  0.01  40.77)
   16   Ni  MulP 9.32 8.68 sum 18.00 diff  0.64 (  0.00  35.20)  Ml 0.06 (  0.05  38.56)  Ml+s 0.69 (  0.01  37.42)
   17   Ni  MulP 9.32 8.68 sum 18.00 diff  0.64 (  0.00  41.67)  Ml 0.06 (  0.06  36.84)  Ml+s 0.69 (  0.01  38.59)
   18   Ni  MulP 9.32 8.68 sum 18.00 diff  0.64 (  0.00  42.96)  Ml 0.06 (  0.05  37.43)  Ml+s 0.69 (  0.01  39.55)
   19   Ni  MulP 9.32 8.68 sum 18.00 diff  0.64 (  0.00  41.96)  Ml 0.06 (  0.05  44.49)  Ml+s 0.69 (  0.01  43.46)
   20   Ni  MulP 9.32 8.68 sum 18.00 diff  0.64 (  0.00  43.68)  Ml 0.06 (  0.06  50.09)  Ml+s 0.69 (  0.01  47.78)
     ..........
     ......

 Sum of MulP: up   =  3196.15607 down          =  2977.84393
              total=  6174.00000 ideal(neutral)=  6174.00000
<DFT>  Total Spin Moment    (muB) 218.312145070   Angles    0.002509432    45.306573861
<DFT>  Total Orbital Moment (muB) 19.125388628   Angles    0.053858290    45.608567693
<DFT>  Total Moment         (muB) 237.437526636   Angles    0.006645517    45.503716947
<DFT>  Mixing_weight= 0.014182323919
<DFT>  Uele   =-9099.932927704191  dUele     =   1.176992813716
<DFT>  NormRD =    0.023034169187  Criterion =   0.010000000000

******************* MD= 1  SCF=13 *******************
<Poisson>  Poisson's equation using FFT...
<Set_Hamiltonian>  Hamiltonian matrix for VNA+dVH+Vxc...
<Band>  Solving the eigenvalue problem...
 KGrids1:  -0.33333   0.00000   0.33333 
 KGrids2:  -0.33333  -0.00000   0.33333 
 KGrids3:  -0.33333   0.00000   0.33334 
<Band_DFT>  Eigen, time=126.414322
<Band_DFT>  DM, time=0.000000
    1   Ni  MulP 9.32 8.68 sum 18.00 diff  0.63 (  0.00  47.56)  Ml 0.06 (  0.05  50.68)  Ml+s 0.69 (  0.01  49.59)
    2   Ni  MulP 9.32 8.68 sum 18.00 diff  0.63 (  0.00  47.86)  Ml 0.06 (  0.05  49.85)  Ml+s 0.69 (  0.01  49.38)
    3   Ni  MulP 9.32 8.68 sum 18.00 diff  0.63 (  0.00  43.31)  Ml 0.06 (  0.05  49.54)  Ml+s 0.69 (  0.00  48.49)
    4   Ni  MulP 9.32 8.68 sum 18.00 diff  0.63 (  0.00  42.76)  Ml 0.06 (  0.05  48.22)  Ml+s 0.69 (  0.00  47.16)
    5   Ni  MulP 9.32 8.68 sum 18.00 diff  0.63 (  0.00  46.61)  Ml 0.06 (  0.05  45.99)  Ml+s 0.69 (  0.01  46.18)
    6   Ni  MulP 9.32 8.68 sum 18.00 diff  0.63 (  0.00  44.47)  Ml 0.06 (  0.06  44.87)  Ml+s 0.69 (  0.01  44.71)
    7   Ni  MulP 9.32 8.68 sum 18.00 diff  0.63 (  0.00  44.91)  Ml 0.06 (  0.05  47.54)  Ml+s 0.69 (  0.01  46.46)
    8   Ni  MulP 9.32 8.68 sum 18.00 diff  0.63 (  0.00  47.71)  Ml 0.06 (  0.05  44.70)  Ml+s 0.69 (  0.01  45.23)
    9   Ni  MulP 9.32 8.68 sum 18.00 diff  0.63 (  0.00  37.43)  Ml 0.06 (  0.05  45.72)  Ml+s 0.69 (  0.01  43.72)
   10   Ni  MulP 9.32 8.68 sum 18.00 diff  0.63 (  0.00  40.24)  Ml 0.06 (  0.05  44.88)  Ml+s 0.69 (  0.01  43.18)
   11   Ni  MulP 9.32 8.68 sum 18.00 diff  0.63 (  0.00  44.69)  Ml 0.06 (  0.05  43.88)  Ml+s 0.69 (  0.01  44.21)
   12   Ni  MulP 9.32 8.68 sum 18.00 diff  0.63 (  0.00  45.86)  Ml 0.06 (  0.05  41.10)  Ml+s 0.69 (  0.01  42.99)
   13   Ni  MulP 9.32 8.68 sum 18.00 diff  0.63 (  0.00  47.91)  Ml 0.06 (  0.05  38.99)  Ml+s 0.69 (  0.01  42.14)
   14   Ni  MulP 9.32 8.68 sum 18.00 diff  0.63 (  0.00  51.37)  Ml 0.06 (  0.05  41.14)  Ml+s 0.69 (  0.01  43.62)
   15   Ni  MulP 9.32 8.68 sum 18.00 diff  0.63 (  0.00  41.27)  Ml 0.06 (  0.05  42.73)  Ml+s 0.69 (  0.01  42.10)
   16   Ni  MulP 9.32 8.68 sum 18.00 diff  0.63 (  0.00  38.40)  Ml 0.06 (  0.05  44.36)  Ml+s 0.69 (  0.01  41.72)
   17   Ni  MulP 9.32 8.68 sum 18.00 diff  0.63 (  0.00  42.87)  Ml 0.06 (  0.05  44.42)  Ml+s 0.69 (  0.01  43.70)
   18   Ni  MulP 9.32 8.68 sum 18.00 diff  0.63 (  0.00  43.52)  Ml 0.06 (  0.05  43.38)  Ml+s 0.69 (  0.01  43.44)
   19   Ni  MulP 9.32 8.68 sum 18.00 diff  0.63 (  0.00  42.91)  Ml 0.06 (  0.06  43.52)  Ml+s 0.69 (  0.01  43.22)
   20   Ni  MulP 9.32 8.68 sum 18.00 diff  0.63 (  0.00  44.81)  Ml 0.06 (  0.06  43.93)  Ml+s 0.69 (  0.01  44.32)
     ..........
     ......

 Sum of MulP: up   =  3195.69656 down          =  2978.30344
              total=  6174.00000 ideal(neutral)=  6174.00000
<DFT>  Total Spin Moment    (muB) 217.393123408   Angles    0.003891058    45.192609877
<DFT>  Total Orbital Moment (muB) 19.054480152   Angles    0.054082601    45.688937243
<DFT>  Total Moment         (muB) 236.447596838   Angles    0.007935744    45.465191442
<DFT>  Mixing_weight= 0.014182323919
<DFT>  Uele   =-9099.512472932922  dUele     =   0.420454771269
<DFT>  NormRD =    0.017090669602  Criterion =   0.010000000000

******************* MD= 1  SCF=14 *******************
<Poisson>  Poisson's equation using FFT...
<Set_Hamiltonian>  Hamiltonian matrix for VNA+dVH+Vxc...
<Band>  Solving the eigenvalue problem...
 KGrids1:  -0.33333   0.00000   0.33333 
 KGrids2:  -0.33333  -0.00000   0.33333 
 KGrids3:  -0.33333   0.00000   0.33334 
<Band_DFT>  Eigen, time=186.754958
<Band_DFT>  DM, time=0.000001
    1   Ni  MulP 9.32 8.68 sum 18.00 diff  0.63 (  0.00  46.69)  Ml 0.06 (  0.06  47.57)  Ml+s 0.69 (  0.01  47.25)
    2   Ni  MulP 9.32 8.68 sum 18.00 diff  0.63 (  0.00  46.57)  Ml 0.06 (  0.07  47.88)  Ml+s 0.69 (  0.01  47.54)
    3   Ni  MulP 9.32 8.68 sum 18.00 diff  0.63 (  0.00  42.17)  Ml 0.06 (  0.06  48.36)  Ml+s 0.69 (  0.01  47.17)
    4   Ni  MulP 9.32 8.68 sum 18.00 diff  0.63 (  0.00  41.68)  Ml 0.06 (  0.06  47.61)  Ml+s 0.69 (  0.01  46.33)
    5   Ni  MulP 9.32 8.68 sum 18.00 diff  0.63 (  0.00  45.62)  Ml 0.06 (  0.06  46.53)  Ml+s 0.69 (  0.01  46.22)
    6   Ni  MulP 9.32 8.68 sum 18.00 diff  0.63 (  0.00  43.88)  Ml 0.06 (  0.06  45.70)  Ml+s 0.69 (  0.01  44.88)
    7   Ni  MulP 9.32 8.68 sum 18.00 diff  0.63 (  0.00  44.32)  Ml 0.06 (  0.06  46.40)  Ml+s 0.69 (  0.01  45.49)
    8   Ni  MulP 9.32 8.68 sum 18.00 diff  0.63 (  0.00  48.53)  Ml 0.06 (  0.06  47.88)  Ml+s 0.69 (  0.01  48.01)
    9   Ni  MulP 9.32 8.68 sum 18.00 diff  0.63 (  0.00  38.84)  Ml 0.06 (  0.07  49.37)  Ml+s 0.69 (  0.01  46.63)
   10   Ni  MulP 9.32 8.68 sum 18.00 diff  0.63 (  0.00  41.24)  Ml 0.06 (  0.07  48.92)  Ml+s 0.69 (  0.01  46.07)
   11   Ni  MulP 9.32 8.68 sum 18.00 diff  0.63 (  0.00  45.34)  Ml 0.06 (  0.06  48.62)  Ml+s 0.69 (  0.01  47.25)
   12   Ni  MulP 9.32 8.68 sum 18.00 diff  0.63 (  0.00  46.23)  Ml 0.06 (  0.06  46.78)  Ml+s 0.69 (  0.01  46.54)
   13   Ni  MulP 9.32 8.68 sum 18.00 diff  0.63 (  0.00  48.41)  Ml 0.06 (  0.06  44.15)  Ml+s 0.69 (  0.01  45.83)
   14   Ni  MulP 9.32 8.68 sum 18.00 diff  0.63 (  0.00  52.06)  Ml 0.06 (  0.06  44.55)  Ml+s 0.69 (  0.01  46.60)
   15   Ni  MulP 9.32 8.68 sum 18.00 diff  0.63 (  0.00  41.98)  Ml 0.06 (  0.06  46.90)  Ml+s 0.69 (  0.01  44.70)
   16   Ni  MulP 9.32 8.68 sum 18.00 diff  0.63 (  0.00  39.51)  Ml 0.06 (  0.07  47.83)  Ml+s 0.69 (  0.01  44.09)
   17   Ni  MulP 9.32 8.68 sum 18.00 diff  0.63 (  0.01  43.42)  Ml 0.06 (  0.07  47.95)  Ml+s 0.69 (  0.01  45.79)
   18   Ni  MulP 9.32 8.68 sum 18.00 diff  0.63 (  0.01  43.81)  Ml 0.06 (  0.07  47.45)  Ml+s 0.69 (  0.01  45.63)
   19   Ni  MulP 9.32 8.68 sum 18.00 diff  0.63 (  0.01  43.31)  Ml 0.06 (  0.06  47.17)  Ml+s 0.69 (  0.01  45.14)
   20   Ni  MulP 9.32 8.68 sum 18.00 diff  0.63 (  0.01  45.42)  Ml 0.06 (  0.06  47.12)  Ml+s 0.69 (  0.01  46.29)
     ..........
     ......

 Sum of MulP: up   =  3195.59522 down          =  2978.40478
              total=  6174.00000 ideal(neutral)=  6174.00000
<DFT>  Total Spin Moment    (muB) 217.190434415   Angles    0.005000471    45.125135781
<DFT>  Total Orbital Moment (muB) 19.037757004   Angles    0.062883869    45.698787865
<DFT>  Total Moment         (muB) 236.228182487   Angles    0.009665203    45.425920355
<DFT>  Mixing_weight= 0.014182323919
<DFT>  Uele   =-9099.456519194788  dUele     =   0.055953738134
<DFT>  NormRD =    0.009210105284  Criterion =   0.010000000000

******************* MD= 1  SCF=15 *******************
<Poisson>  Poisson's equation using FFT...
<Set_Hamiltonian>  Hamiltonian matrix for VNA+dVH+Vxc...
<Band>  Solving the eigenvalue problem...
 KGrids1:  -0.33333   0.00000   0.33333 
 KGrids2:  -0.33333  -0.00000   0.33333 
 KGrids3:  -0.33333   0.00000   0.33334 
<Band_DFT>  Eigen, time=186.725149
<Band_DFT>  DM, time=0.000001
    1   Ni  MulP 9.32 8.69 sum 18.00 diff  0.63 (  0.00  42.32)  Ml 0.06 (  0.06  29.39)  Ml+s 0.69 (  0.01  33.06)
    2   Ni  MulP 9.32 8.68 sum 18.00 diff  0.63 (  0.00  39.59)  Ml 0.06 (  0.05  28.21)  Ml+s 0.69 (  0.00  30.36)
    3   Ni  MulP 9.32 8.68 sum 18.00 diff  0.63 (  0.00  29.79)  Ml 0.06 (  0.06  33.70)  Ml+s 0.69 (  0.01  33.27)
    4   Ni  MulP 9.32 8.68 sum 18.00 diff  0.63 (  0.00  31.02)  Ml 0.06 (  0.06  37.23)  Ml+s 0.69 (  0.01  36.49)
    5   Ni  MulP 9.32 8.68 sum 18.00 diff  0.63 (  0.00  40.37)  Ml 0.06 (  0.05  39.94)  Ml+s 0.69 (  0.01  40.05)
    6   Ni  MulP 9.32 8.68 sum 18.00 diff  0.63 (  0.00  40.54)  Ml 0.06 (  0.05  41.73)  Ml+s 0.69 (  0.01  41.28)
    7   Ni  MulP 9.32 8.68 sum 18.00 diff  0.63 (  0.00  40.85)  Ml 0.06 (  0.06  36.63)  Ml+s 0.69 (  0.01  38.09)
    8   Ni  MulP 9.32 8.68 sum 18.00 diff  0.63 (  0.00  51.33)  Ml 0.06 (  0.05  45.26)  Ml+s 0.69 (  0.00  45.96)
    9   Ni  MulP 9.32 8.68 sum 18.00 diff  0.63 (  0.00  35.93)  Ml 0.06 (  0.05  45.92)  Ml+s 0.69 (  0.00  44.00)
   10   Ni  MulP 9.32 8.68 sum 18.00 diff  0.63 (  0.00  41.08)  Ml 0.06 (  0.06  47.16)  Ml+s 0.69 (  0.01  45.33)
   11   Ni  MulP 9.32 8.68 sum 18.00 diff  0.63 (  0.00  45.31)  Ml 0.06 (  0.06  50.41)  Ml+s 0.69 (  0.01  48.68)
   12   Ni  MulP 9.32 8.68 sum 18.00 diff  0.63 (  0.00  45.42)  Ml 0.06 (  0.06  54.61)  Ml+s 0.69 (  0.01  51.45)
   13   Ni  MulP 9.32 8.68 sum 18.00 diff  0.63 (  0.00  48.25)  Ml 0.06 (  0.06  52.88)  Ml+s 0.69 (  0.01  51.56)
   14   Ni  MulP 9.32 8.68 sum 18.00 diff  0.63 (  0.00  55.20)  Ml 0.06 (  0.06  47.24)  Ml+s 0.69 (  0.01  48.66)
   15   Ni  MulP 9.32 8.68 sum 18.00 diff  0.63 (  0.00  42.20)  Ml 0.06 (  0.06  51.49)  Ml+s 0.69 (  0.01  48.18)
   16   Ni  MulP 9.32 8.68 sum 18.00 diff  0.63 (  0.00  40.31)  Ml 0.06 (  0.05  49.83)  Ml+s 0.69 (  0.01  46.15)
   17   Ni  MulP 9.32 8.68 sum 18.00 diff  0.63 (  0.00  44.32)  Ml 0.06 (  0.05  50.26)  Ml+s 0.69 (  0.01  47.69)
   18   Ni  MulP 9.32 8.68 sum 18.00 diff  0.63 (  0.00  43.79)  Ml 0.06 (  0.06  50.70)  Ml+s 0.69 (  0.01  47.83)
   19   Ni  MulP 9.32 8.68 sum 18.00 diff  0.63 (  0.00  43.84)  Ml 0.06 (  0.06  50.85)  Ml+s 0.69 (  0.01  47.87)
   20   Ni  MulP 9.32 8.68 sum 18.00 diff  0.63 (  0.00  47.17)  Ml 0.06 (  0.05  51.88)  Ml+s 0.69 (  0.01  50.06)
     ..........
     ......

 Sum of MulP: up   =  3195.34243 down          =  2978.65757
              total=  6174.00000 ideal(neutral)=  6174.00000
<DFT>  Total Spin Moment    (muB) 216.684868403   Angles    0.003128482    44.609398303
<DFT>  Total Orbital Moment (muB) 19.001920565   Angles    0.055430132    45.541763702
<DFT>  Total Moment         (muB) 235.686781689   Angles    0.007344998    45.176669230
<DFT>  Mixing_weight= 0.014182323919
<DFT>  Uele   =-9099.337719277435  dUele     =   0.118799917353
<DFT>  NormRD =    0.014167474184  Criterion =   0.010000000000

******************* MD= 1  SCF=16 *******************
<Poisson>  Poisson's equation using FFT...
<Set_Hamiltonian>  Hamiltonian matrix for VNA+dVH+Vxc...
<Band>  Solving the eigenvalue problem...
 KGrids1:  -0.33333   0.00000   0.33333 
 KGrids2:  -0.33333  -0.00000   0.33333 
 KGrids3:  -0.33333   0.00000   0.33334 
<Band_DFT>  Eigen, time=126.141941
<Band_DFT>  DM, time=0.000000
    1   Ni  MulP 9.31 8.69 sum 18.00 diff  0.63 (  0.00 260.00)  Ml 0.06 (  0.06  36.37)  Ml+s 0.68 (  0.00  27.39)
    2   Ni  MulP 9.31 8.69 sum 18.00 diff  0.63 (  0.00 241.24)  Ml 0.06 (  0.06  44.18)  Ml+s 0.68 (  0.00  37.32)
    3   Ni  MulP 9.31 8.69 sum 18.00 diff  0.63 (  0.00 236.50)  Ml 0.05 (  0.07  44.92)  Ml+s 0.68 (  0.00  40.95)
    4   Ni  MulP 9.31 8.69 sum 18.00 diff  0.63 (  0.00 236.81)  Ml 0.06 (  0.07  42.57)  Ml+s 0.68 (  0.00  37.38)
    5   Ni  MulP 9.31 8.69 sum 18.00 diff  0.63 (  0.00 240.40)  Ml 0.06 (  0.06  38.81)  Ml+s 0.68 (  0.00  30.18)
    6   Ni  MulP 9.31 8.69 sum 18.00 diff  0.63 (  0.00 249.57)  Ml 0.05 (  0.06  38.81)  Ml+s 0.68 (  0.00  30.67)
    7   Ni  MulP 9.31 8.69 sum 18.00 diff  0.63 (  0.00 263.96)  Ml 0.06 (  0.06  38.14)  Ml+s 0.68 (  0.00  29.97)
    8   Ni  MulP 9.31 8.69 sum 18.00 diff  0.63 (  0.00 237.31)  Ml 0.06 (  0.06  41.82)  Ml+s 0.68 (  0.00  36.73)
    9   Ni  MulP 9.31 8.69 sum 18.00 diff  0.63 (  0.00 236.97)  Ml 0.05 (  0.06  43.52)  Ml+s 0.68 (  0.00  38.84)
   10   Ni  MulP 9.31 8.69 sum 18.00 diff  0.63 (  0.00 236.73)  Ml 0.06 (  0.07  48.25)  Ml+s 0.68 (  0.00  46.17)
   11   Ni  MulP 9.31 8.69 sum 18.00 diff  0.63 (  0.00 234.72)  Ml 0.06 (  0.06  46.11)  Ml+s 0.68 (  0.00  43.33)
   12   Ni  MulP 9.31 8.69 sum 18.00 diff  0.63 (  0.00 238.55)  Ml 0.05 (  0.06  45.05)  Ml+s 0.68 (  0.00  39.02)
   13   Ni  MulP 9.31 8.69 sum 18.00 diff  0.63 (  0.00 240.19)  Ml 0.06 (  0.06  48.62)  Ml+s 0.68 (  0.00  44.71)
   14   Ni  MulP 9.31 8.69 sum 18.00 diff  0.63 (  0.00 237.17)  Ml 0.06 (  0.06  45.91)  Ml+s 0.68 (  0.00  42.27)
   15   Ni  MulP 9.31 8.69 sum 18.00 diff  0.63 (  0.00 228.36)  Ml 0.06 (  0.07  42.88)  Ml+s 0.68 (  0.00  41.24)
   16   Ni  MulP 9.31 8.69 sum 18.00 diff  0.63 (  0.00 222.69)  Ml 0.06 (  0.06  45.06)  Ml+s 0.68 (  0.00  45.92)
   17   Ni  MulP 9.31 8.69 sum 18.00 diff  0.63 (  0.00 227.58)  Ml 0.06 (  0.05  48.90)  Ml+s 0.68 (  0.00  49.26)
   18   Ni  MulP 9.31 8.69 sum 18.00 diff  0.63 (  0.00 237.06)  Ml 0.06 (  0.07  46.01)  Ml+s 0.68 (  0.00  42.94)
   19   Ni  MulP 9.31 8.69 sum 18.00 diff  0.63 (  0.00 228.69)  Ml 0.06 (  0.07  45.37)  Ml+s 0.68 (  0.00  44.13)
   20   Ni  MulP 9.31 8.69 sum 18.00 diff  0.63 (  0.00 223.94)  Ml 0.06 (  0.06  48.61)  Ml+s 0.68 (  0.00  52.58)
     ..........
     ......

 Sum of MulP: up   =  3194.45990 down          =  2979.54010
              total=  6174.00000 ideal(neutral)=  6174.00000
<DFT>  Total Spin Moment    (muB) 214.919798299   Angles    0.001370432   232.353124625
<DFT>  Total Orbital Moment (muB) 18.873919721   Angles    0.063680372    44.876907208
<DFT>  Total Moment         (muB) 233.793706842   Angles    0.003895210    42.465073808
<DFT>  Mixing_weight= 0.014182323919
<DFT>  Uele   =-9099.072953356084  dUele     =   0.264765921351
<DFT>  NormRD =    0.009855880830  Criterion =   0.010000000000

******************* MD= 1  SCF=17 *******************
<Poisson>  Poisson's equation using FFT...
<Set_Hamiltonian>  Hamiltonian matrix for VNA+dVH+Vxc...
<Band>  Solving the eigenvalue problem...
 KGrids1:  -0.33333   0.00000   0.33333 
 KGrids2:  -0.33333  -0.00000   0.33333 
 KGrids3:  -0.33333   0.00000   0.33334 
<Band_DFT>  Eigen, time=126.207913
<Band_DFT>  DM, time=0.000001
    1   Ni  MulP 9.31 8.69 sum 18.00 diff  0.63 (  0.00 253.67)  Ml 0.06 (  0.06  40.29)  Ml+s 0.68 (  0.00  31.24)
    2   Ni  MulP 9.31 8.69 sum 18.00 diff  0.63 (  0.00 239.35)  Ml 0.05 (  0.06  45.08)  Ml+s 0.68 (  0.00  38.14)
    3   Ni  MulP 9.31 8.69 sum 18.00 diff  0.63 (  0.00 234.92)  Ml 0.05 (  0.06  45.26)  Ml+s 0.68 (  0.00  40.76)
    4   Ni  MulP 9.31 8.69 sum 18.00 diff  0.63 (  0.00 234.57)  Ml 0.06 (  0.07  44.21)  Ml+s 0.68 (  0.00  39.15)
    5   Ni  MulP 9.31 8.69 sum 18.00 diff  0.63 (  0.00 238.04)  Ml 0.05 (  0.06  43.20)  Ml+s 0.68 (  0.00  36.71)
    6   Ni  MulP 9.31 8.69 sum 18.00 diff  0.63 (  0.00 245.78)  Ml 0.05 (  0.06  43.76)  Ml+s 0.68 (  0.00  37.34)
    7   Ni  MulP 9.31 8.69 sum 18.00 diff  0.63 (  0.00 256.51)  Ml 0.05 (  0.06  42.41)  Ml+s 0.68 (  0.00  34.57)
    8   Ni  MulP 9.31 8.69 sum 18.00 diff  0.63 (  0.00 236.14)  Ml 0.06 (  0.06  43.18)  Ml+s 0.68 (  0.00  37.80)
    9   Ni  MulP 9.31 8.69 sum 18.00 diff  0.63 (  0.00 235.30)  Ml 0.05 (  0.06  44.20)  Ml+s 0.68 (  0.00  39.14)
   10   Ni  MulP 9.31 8.69 sum 18.00 diff  0.63 (  0.00 234.15)  Ml 0.06 (  0.06  46.23)  Ml+s 0.68 (  0.00  43.61)
   11   Ni  MulP 9.31 8.69 sum 18.00 diff  0.63 (  0.00 233.50)  Ml 0.06 (  0.06  43.92)  Ml+s 0.68 (  0.00  40.28)
   12   Ni  MulP 9.31 8.69 sum 18.00 diff  0.63 (  0.00 238.21)  Ml 0.05 (  0.07  43.30)  Ml+s 0.68 (  0.00  36.28)
   13   Ni  MulP 9.31 8.69 sum 18.00 diff  0.63 (  0.00 239.67)  Ml 0.05 (  0.07  45.90)  Ml+s 0.68 (  0.00  40.60)
   14   Ni  MulP 9.31 8.69 sum 18.00 diff  0.63 (  0.00 236.59)  Ml 0.06 (  0.06  45.02)  Ml+s 0.68 (  0.00  40.62)
   15   Ni  MulP 9.31 8.69 sum 18.00 diff  0.63 (  0.00 227.49)  Ml 0.06 (  0.07  43.54)  Ml+s 0.68 (  0.00  41.75)
   16   Ni  MulP 9.31 8.69 sum 18.00 diff  0.63 (  0.00 222.40)  Ml 0.06 (  0.06  44.47)  Ml+s 0.68 (  0.00  45.36)
   17   Ni  MulP 9.31 8.69 sum 18.00 diff  0.63 (  0.00 227.31)  Ml 0.06 (  0.06  45.49)  Ml+s 0.68 (  0.00  44.96)
   18   Ni  MulP 9.31 8.69 sum 18.00 diff  0.63 (  0.00 235.75)  Ml 0.05 (  0.07  43.88)  Ml+s 0.68 (  0.00  39.76)
   19   Ni  MulP 9.31 8.69 sum 18.00 diff  0.63 (  0.00 228.20)  Ml 0.05 (  0.07  43.39)  Ml+s 0.68 (  0.00  40.95)
   20   Ni  MulP 9.31 8.69 sum 18.00 diff  0.63 (  0.00 224.08)  Ml 0.05 (  0.06  46.14)  Ml+s 0.68 (  0.00  48.48)
     ..........
     ......

 Sum of MulP: up   =  3194.38738 down          =  2979.61262
              total=  6174.00000 ideal(neutral)=  6174.00000
<DFT>  Total Spin Moment    (muB) 214.774763036   Angles    0.001678327   231.256917179
<DFT>  Total Orbital Moment (muB) 18.863417422   Angles    0.063736010    44.836082499
<DFT>  Total Moment         (muB) 233.638169159   Angles    0.003616873    42.101886195
<DFT>  Mixing_weight= 0.014182323919
<DFT>  Uele   =-9099.037644435781  dUele     =   0.035308920304
<DFT>  NormRD =    0.009480731365  Criterion =   0.010000000000

******************* MD= 1  SCF=18 *******************
<Poisson>  Poisson's equation using FFT...
<Set_Hamiltonian>  Hamiltonian matrix for VNA+dVH+Vxc...
<Band>  Solving the eigenvalue problem...
 KGrids1:  -0.33333   0.00000   0.33333 
 KGrids2:  -0.33333  -0.00000   0.33333 
 KGrids3:  -0.33333   0.00000   0.33334 
<Band_DFT>  Eigen, time=186.900119
<Band_DFT>  DM, time=0.000000
    1   Ni  MulP 9.31 8.69 sum 18.00 diff  0.63 (  0.00 251.58)  Ml 0.05 (  0.07  43.06)  Ml+s 0.68 (  0.00  34.97)
    2   Ni  MulP 9.31 8.69 sum 18.00 diff  0.63 (  0.00 239.01)  Ml 0.05 (  0.06  45.28)  Ml+s 0.68 (  0.00  39.26)
    3   Ni  MulP 9.31 8.69 sum 18.00 diff  0.63 (  0.00 234.57)  Ml 0.05 (  0.06  45.20)  Ml+s 0.68 (  0.00  40.77)
    4   Ni  MulP 9.31 8.69 sum 18.00 diff  0.63 (  0.00 233.54)  Ml 0.06 (  0.06  45.17)  Ml+s 0.68 (  0.00  40.52)
    5   Ni  MulP 9.31 8.69 sum 18.00 diff  0.63 (  0.00 236.78)  Ml 0.05 (  0.06  45.59)  Ml+s 0.68 (  0.00  40.18)
    6   Ni  MulP 9.31 8.69 sum 18.00 diff  0.63 (  0.00 244.26)  Ml 0.05 (  0.06  46.22)  Ml+s 0.68 (  0.00  40.33)
    7   Ni  MulP 9.31 8.69 sum 18.00 diff  0.63 (  0.00 253.76)  Ml 0.05 (  0.06  44.86)  Ml+s 0.68 (  0.00  37.29)
    8   Ni  MulP 9.31 8.69 sum 18.00 diff  0.63 (  0.00 235.60)  Ml 0.05 (  0.07  44.62)  Ml+s 0.68 (  0.00  40.24)
    9   Ni  MulP 9.31 8.69 sum 18.00 diff  0.63 (  0.00 234.69)  Ml 0.05 (  0.06  45.17)  Ml+s 0.68 (  0.00  40.93)
   10   Ni  MulP 9.31 8.69 sum 18.00 diff  0.63 (  0.00 233.03)  Ml 0.05 (  0.06  45.42)  Ml+s 0.68 (  0.00  42.69)
   11   Ni  MulP 9.31 8.69 sum 18.00 diff  0.63 (  0.00 232.73)  Ml 0.05 (  0.06  43.86)  Ml+s 0.68 (  0.00  40.02)
   12   Ni  MulP 9.31 8.69 sum 18.00 diff  0.63 (  0.00 237.92)  Ml 0.05 (  0.06  43.73)  Ml+s 0.68 (  0.00  36.21)
   13   Ni  MulP 9.31 8.69 sum 18.00 diff  0.63 (  0.00 239.25)  Ml 0.05 (  0.06  45.08)  Ml+s 0.68 (  0.00  39.07)
   14   Ni  MulP 9.31 8.69 sum 18.00 diff  0.63 (  0.00 236.18)  Ml 0.05 (  0.06  44.91)  Ml+s 0.68 (  0.00  40.66)
   15   Ni  MulP 9.31 8.69 sum 18.00 diff  0.63 (  0.00 227.07)  Ml 0.05 (  0.07  44.96)  Ml+s 0.68 (  0.00  43.96)
   16   Ni  MulP 9.31 8.69 sum 18.00 diff  0.63 (  0.00 222.13)  Ml 0.05 (  0.06  44.99)  Ml+s 0.68 (  0.00  46.22)
   17   Ni  MulP 9.31 8.69 sum 18.00 diff  0.63 (  0.00 227.01)  Ml 0.05 (  0.06  44.70)  Ml+s 0.68 (  0.00  44.00)
   18   Ni  MulP 9.31 8.69 sum 18.00 diff  0.63 (  0.00 235.15)  Ml 0.05 (  0.06  43.77)  Ml+s 0.68 (  0.00  38.89)
   19   Ni  MulP 9.31 8.69 sum 18.00 diff  0.63 (  0.00 227.93)  Ml 0.05 (  0.06  43.50)  Ml+s 0.68 (  0.00  40.80)
   20   Ni  MulP 9.31 8.69 sum 18.00 diff  0.63 (  0.00 223.92)  Ml 0.05 (  0.06  45.54)  Ml+s 0.68 (  0.00  47.31)
     ..........
     ......

 Sum of MulP: up   =  3194.34928 down          =  2979.65072
              total=  6174.00000 ideal(neutral)=  6174.00000
<DFT>  Total Spin Moment    (muB) 214.698559523   Angles    0.001766197   230.982121316
<DFT>  Total Orbital Moment (muB) 18.857851629   Angles    0.063770262    44.824705614
<DFT>  Total Moment         (muB) 233.556399815   Angles    0.003539011    42.004165589
<DFT>  Mixing_weight= 0.014182323919
<DFT>  Uele   =-9099.011291547577  dUele     =   0.026352888204
<DFT>  NormRD =    0.009517044322  Criterion =   0.010000000000

******************* MD= 1  SCF=19 *******************
<Poisson>  Poisson's equation using FFT...
<Set_Hamiltonian>  Hamiltonian matrix for VNA+dVH+Vxc...
<Band>  Solving the eigenvalue problem...
 KGrids1:  -0.33333   0.00000   0.33333 
 KGrids2:  -0.33333  -0.00000   0.33333 
 KGrids3:  -0.33333   0.00000   0.33334 
<Band_DFT>  Eigen, time=126.416147
<Band_DFT>  DM, time=0.000001
    1   Ni  MulP 9.31 8.69 sum 18.00 diff  0.63 (  0.00 250.58)  Ml 0.05 (  0.06  44.02)  Ml+s 0.68 (  0.00  36.04)
    2   Ni  MulP 9.31 8.69 sum 18.00 diff  0.63 (  0.00 238.94)  Ml 0.05 (  0.06  44.82)  Ml+s 0.68 (  0.00  38.59)
    3   Ni  MulP 9.31 8.69 sum 18.00 diff  0.63 (  0.00 234.67)  Ml 0.05 (  0.06  44.65)  Ml+s 0.68 (  0.00  39.91)
    4   Ni  MulP 9.31 8.69 sum 18.00 diff  0.63 (  0.00 233.35)  Ml 0.05 (  0.06  44.70)  Ml+s 0.68 (  0.00  40.01)
    5   Ni  MulP 9.31 8.69 sum 18.00 diff  0.63 (  0.00 236.65)  Ml 0.05 (  0.06  45.09)  Ml+s 0.68 (  0.00  39.78)
    6   Ni  MulP 9.31 8.69 sum 18.00 diff  0.63 (  0.00 244.48)  Ml 0.05 (  0.06  45.31)  Ml+s 0.68 (  0.00  39.32)
    7   Ni  MulP 9.31 8.69 sum 18.00 diff  0.63 (  0.00 253.25)  Ml 0.05 (  0.06  44.69)  Ml+s 0.68 (  0.00  37.11)
    8   Ni  MulP 9.31 8.69 sum 18.00 diff  0.63 (  0.00 235.11)  Ml 0.05 (  0.06  44.37)  Ml+s 0.68 (  0.00  39.79)
    9   Ni  MulP 9.31 8.69 sum 18.00 diff  0.63 (  0.00 234.36)  Ml 0.05 (  0.06  44.84)  Ml+s 0.68 (  0.00  40.47)
   10   Ni  MulP 9.31 8.69 sum 18.00 diff  0.63 (  0.00 232.68)  Ml 0.05 (  0.06  44.95)  Ml+s 0.68 (  0.00  42.17)
   11   Ni  MulP 9.31 8.69 sum 18.00 diff  0.63 (  0.00 232.52)  Ml 0.05 (  0.06  44.89)  Ml+s 0.68 (  0.00  41.75)
   12   Ni  MulP 9.31 8.69 sum 18.00 diff  0.63 (  0.00 237.99)  Ml 0.05 (  0.06  45.03)  Ml+s 0.68 (  0.00  38.62)
   13   Ni  MulP 9.31 8.69 sum 18.00 diff  0.63 (  0.00 239.11)  Ml 0.05 (  0.06  44.77)  Ml+s 0.68 (  0.00  38.80)
   14   Ni  MulP 9.31 8.69 sum 18.00 diff  0.63 (  0.00 235.86)  Ml 0.05 (  0.06  44.25)  Ml+s 0.68 (  0.00  39.81)
   15   Ni  MulP 9.31 8.69 sum 18.00 diff  0.63 (  0.00 226.89)  Ml 0.05 (  0.06  44.98)  Ml+s 0.68 (  0.00  44.01)
   16   Ni  MulP 9.31 8.69 sum 18.00 diff  0.63 (  0.00 222.21)  Ml 0.05 (  0.06  45.03)  Ml+s 0.68 (  0.00  46.26)
   17   Ni  MulP 9.31 8.69 sum 18.00 diff  0.63 (  0.00 226.99)  Ml 0.05 (  0.06  44.75)  Ml+s 0.68 (  0.00  44.10)
   18   Ni  MulP 9.31 8.69 sum 18.00 diff  0.63 (  0.00 235.14)  Ml 0.05 (  0.06  44.70)  Ml+s 0.68 (  0.00  40.25)
   19   Ni  MulP 9.31 8.69 sum 18.00 diff  0.63 (  0.00 227.88)  Ml 0.05 (  0.06  44.71)  Ml+s 0.68 (  0.00  42.87)
   20   Ni  MulP 9.31 8.69 sum 18.00 diff  0.63 (  0.00 223.85)  Ml 0.05 (  0.06  45.40)  Ml+s 0.68 (  0.00  46.88)
     ..........
     ......

 Sum of MulP: up   =  3194.32009 down          =  2979.67991
              total=  6174.00000 ideal(neutral)=  6174.00000
<DFT>  Total Spin Moment    (muB) 214.640171177   Angles    0.001752738   230.950275447
<DFT>  Total Orbital Moment (muB) 18.853535884   Angles    0.063810663    44.826193778
<DFT>  Total Moment         (muB) 233.493695718   Angles    0.003554556    42.054466228
<DFT>  Mixing_weight= 0.014182323919
<DFT>  Uele   =-9098.982129742821  dUele     =   0.029161804756
<DFT>  NormRD =    0.007382380764  Criterion =   0.010000000000

******************* MD= 1  SCF=20 *******************
<Poisson>  Poisson's equation using FFT...
<Set_Hamiltonian>  Hamiltonian matrix for VNA+dVH+Vxc...
<Band>  Solving the eigenvalue problem...
 KGrids1:  -0.33333   0.00000   0.33333 
 KGrids2:  -0.33333  -0.00000   0.33333 
 KGrids3:  -0.33333   0.00000   0.33334 
<Band_DFT>  Eigen, time=187.006014
<Band_DFT>  DM, time=0.000000
    1   Ni  MulP 9.31 8.69 sum 18.00 diff  0.63 (  0.00 249.81)  Ml 0.05 (  0.06  44.87)  Ml+s 0.68 (  0.00  37.11)
    2   Ni  MulP 9.31 8.69 sum 18.00 diff  0.63 (  0.00 239.18)  Ml 0.05 (  0.06  43.60)  Ml+s 0.68 (  0.00  37.14)
    3   Ni  MulP 9.31 8.69 sum 18.00 diff  0.63 (  0.00 234.97)  Ml 0.05 (  0.06  43.49)  Ml+s 0.68 (  0.00  38.52)
    4   Ni  MulP 9.31 8.69 sum 18.00 diff  0.63 (  0.00 233.27)  Ml 0.05 (  0.06  43.48)  Ml+s 0.68 (  0.00  38.63)
    5   Ni  MulP 9.31 8.69 sum 18.00 diff  0.63 (  0.00 236.61)  Ml 0.05 (  0.06  43.27)  Ml+s 0.68 (  0.00  37.48)
    6   Ni  MulP 9.31 8.69 sum 18.00 diff  0.63 (  0.00 245.03)  Ml 0.05 (  0.06  42.78)  Ml+s 0.68 (  0.00  36.16)
    7   Ni  MulP 9.31 8.69 sum 18.00 diff  0.63 (  0.00 253.08)  Ml 0.05 (  0.06  43.52)  Ml+s 0.68 (  0.00  35.74)
    8   Ni  MulP 9.31 8.69 sum 18.00 diff  0.63 (  0.00 234.64)  Ml 0.05 (  0.06  44.43)  Ml+s 0.68 (  0.00  40.03)
    9   Ni  MulP 9.31 8.69 sum 18.00 diff  0.63 (  0.00 234.14)  Ml 0.05 (  0.06  44.67)  Ml+s 0.68 (  0.00  40.55)
   10   Ni  MulP 9.31 8.69 sum 18.00 diff  0.63 (  0.00 232.49)  Ml 0.05 (  0.06  44.81)  Ml+s 0.68 (  0.00  42.17)
   11   Ni  MulP 9.31 8.69 sum 18.00 diff  0.63 (  0.00 232.25)  Ml 0.05 (  0.06  46.68)  Ml+s 0.68 (  0.00  44.54)
   12   Ni  MulP 9.31 8.69 sum 18.00 diff  0.63 (  0.00 237.87)  Ml 0.05 (  0.06  46.88)  Ml+s 0.68 (  0.00  41.83)
   13   Ni  MulP 9.31 8.69 sum 18.00 diff  0.63 (  0.00 238.70)  Ml 0.05 (  0.06  44.68)  Ml+s 0.68 (  0.00  39.02)
   14   Ni  MulP 9.31 8.69 sum 18.00 diff  0.63 (  0.00 235.51)  Ml 0.05 (  0.06  43.92)  Ml+s 0.68 (  0.00  39.57)
   15   Ni  MulP 9.31 8.69 sum 18.00 diff  0.63 (  0.00 226.71)  Ml 0.05 (  0.06  45.34)  Ml+s 0.68 (  0.00  44.67)
   16   Ni  MulP 9.31 8.69 sum 18.00 diff  0.63 (  0.00 222.59)  Ml 0.05 (  0.06  45.65)  Ml+s 0.68 (  0.00  46.91)
   17   Ni  MulP 9.31 8.69 sum 18.00 diff  0.63 (  0.00 227.20)  Ml 0.05 (  0.06  45.56)  Ml+s 0.68 (  0.00  45.11)
   18   Ni  MulP 9.31 8.69 sum 18.00 diff  0.63 (  0.00 235.24)  Ml 0.05 (  0.06  46.54)  Ml+s 0.68 (  0.00  42.94)
   19   Ni  MulP 9.31 8.69 sum 18.00 diff  0.63 (  0.00 227.91)  Ml 0.05 (  0.07  47.06)  Ml+s 0.68 (  0.00  46.62)
   20   Ni  MulP 9.31 8.69 sum 18.00 diff  0.63 (  0.00 223.78)  Ml 0.05 (  0.07  45.98)  Ml+s 0.68 (  0.00  47.65)
     ..........
     ......

 Sum of MulP: up   =  3194.26035 down          =  2979.73965
              total=  6174.00000 ideal(neutral)=  6174.00000
<DFT>  Total Spin Moment    (muB) 214.520704117   Angles    0.001655854   231.058222087
<DFT>  Total Orbital Moment (muB) 18.844655178   Angles    0.063888271    44.837070439
<DFT>  Total Moment         (muB) 233.365347963   Angles    0.003649640    42.246651904
<DFT>  Mixing_weight= 0.014182323919
<DFT>  Uele   =-9098.915853588787  dUele     =   0.066276154033
<DFT>  NormRD =    0.007419376676  Criterion =   0.010000000000

******************* MD= 1  SCF=21 *******************
<Poisson>  Poisson's equation using FFT...
<Set_Hamiltonian>  Hamiltonian matrix for VNA+dVH+Vxc...
<Band>  Solving the eigenvalue problem...
 KGrids1:  -0.33333   0.00000   0.33333 
 KGrids2:  -0.33333  -0.00000   0.33333 
 KGrids3:  -0.33333   0.00000   0.33334 
<Band_DFT>  Eigen, time=126.396854
<Band_DFT>  DM, time=0.000000
    1   Ni  MulP 9.31 8.69 sum 18.00 diff  0.62 (  0.00 251.08)  Ml 0.05 (  0.06  46.04)  Ml+s 0.68 (  0.00  41.28)
    2   Ni  MulP 9.31 8.69 sum 18.00 diff  0.62 (  0.00 239.99)  Ml 0.05 (  0.07  36.95)  Ml+s 0.68 (  0.00  31.12)
    3   Ni  MulP 9.31 8.69 sum 18.00 diff  0.62 (  0.00 234.22)  Ml 0.05 (  0.07  38.49)  Ml+s 0.68 (  0.00  33.92)
    4   Ni  MulP 9.31 8.69 sum 18.00 diff  0.62 (  0.00 231.76)  Ml 0.05 (  0.06  40.15)  Ml+s 0.68 (  0.00  36.59)
    5   Ni  MulP 9.31 8.69 sum 18.00 diff  0.62 (  0.00 237.15)  Ml 0.05 (  0.06  38.66)  Ml+s 0.68 (  0.00  33.85)
    6   Ni  MulP 9.31 8.69 sum 18.00 diff  0.62 (  0.00 255.71)  Ml 0.05 (  0.07  37.87)  Ml+s 0.68 (  0.00  33.14)
    7   Ni  MulP 9.31 8.69 sum 18.00 diff  0.62 (  0.00 263.23)  Ml 0.05 (  0.07  41.98)  Ml+s 0.68 (  0.00  37.18)
    8   Ni  MulP 9.31 8.69 sum 18.00 diff  0.62 (  0.00 234.21)  Ml 0.05 (  0.06  49.02)  Ml+s 0.68 (  0.00  47.37)
    9   Ni  MulP 9.31 8.69 sum 18.00 diff  0.62 (  0.00 235.77)  Ml 0.05 (  0.07  46.19)  Ml+s 0.68 (  0.00  43.69)
   10   Ni  MulP 9.31 8.69 sum 18.00 diff  0.62 (  0.00 236.62)  Ml 0.05 (  0.06  43.46)  Ml+s 0.68 (  0.00  40.86)
   11   Ni  MulP 9.31 8.69 sum 18.00 diff  0.62 (  0.00 234.52)  Ml 0.05 (  0.06  46.42)  Ml+s 0.68 (  0.00  44.97)
   12   Ni  MulP 9.31 8.69 sum 18.00 diff  0.62 (  0.00 239.20)  Ml 0.05 (  0.06  44.69)  Ml+s 0.68 (  0.00  41.86)
   13   Ni  MulP 9.31 8.69 sum 18.00 diff  0.62 (  0.00 237.72)  Ml 0.05 (  0.06  42.04)  Ml+s 0.68 (  0.00  38.70)
   14   Ni  MulP 9.31 8.69 sum 18.00 diff  0.62 (  0.00 235.19)  Ml 0.05 (  0.07  46.01)  Ml+s 0.68 (  0.00  43.81)
   15   Ni  MulP 9.31 8.69 sum 18.00 diff  0.62 (  0.00 229.44)  Ml 0.05 (  0.06  48.45)  Ml+s 0.68 (  0.00  48.27)
   16   Ni  MulP 9.31 8.69 sum 18.00 diff  0.62 (  0.00 233.56)  Ml 0.05 (  0.07  47.80)  Ml+s 0.68 (  0.00  47.04)
   17   Ni  MulP 9.31 8.69 sum 18.00 diff  0.62 (  0.00 245.37)  Ml 0.05 (  0.07  45.67)  Ml+s 0.68 (  0.01  44.44)
   18   Ni  MulP 9.31 8.69 sum 18.00 diff  0.62 (  0.00 250.38)  Ml 0.05 (  0.06  45.17)  Ml+s 0.68 (  0.00  42.61)
   19   Ni  MulP 9.31 8.69 sum 18.00 diff  0.62 (  0.00 234.03)  Ml 0.05 (  0.06  49.40)  Ml+s 0.68 (  0.00  48.77)
   20   Ni  MulP 9.31 8.69 sum 18.00 diff  0.62 (  0.00 224.76)  Ml 0.05 (  0.07  47.44)  Ml+s 0.68 (  0.00  48.04)
     ..........
     ......

 Sum of MulP: up   =  3193.87400 down          =  2980.12600
              total=  6174.00000 ideal(neutral)=  6174.00000
<DFT>  Total Spin Moment    (muB) 213.747995110   Angles    0.000679448   235.522562603
<DFT>  Total Orbital Moment (muB) 18.786947783   Angles    0.064213692    44.943664656
<DFT>  Total Moment         (muB) 232.534931821   Angles    0.004575446    43.507672788
<DFT>  Mixing_weight= 0.014182323919
<DFT>  Uele   =-9098.462259600396  dUele     =   0.453593988392
<DFT>  NormRD =    0.007217621371  Criterion =   0.010000000000

******************* MD= 1  SCF=22 *******************
<Poisson>  Poisson's equation using FFT...
<Set_Hamiltonian>  Hamiltonian matrix for VNA+dVH+Vxc...
<Band>  Solving the eigenvalue problem...
 KGrids1:  -0.33333   0.00000   0.33333 
 KGrids2:  -0.33333  -0.00000   0.33333 
 KGrids3:  -0.33333   0.00000   0.33334 
<Band_DFT>  Eigen, time=126.192920
<Band_DFT>  DM, time=0.000000
    1   Ni  MulP 9.31 8.69 sum 18.00 diff  0.62 (  0.00 247.98)  Ml 0.05 (  0.06  46.99)  Ml+s 0.68 (  0.00  44.92)
    2   Ni  MulP 9.31 8.69 sum 18.00 diff  0.62 (  0.00 235.44)  Ml 0.05 (  0.06  38.81)  Ml+s 0.68 (  0.00  35.89)
    3   Ni  MulP 9.31 8.69 sum 18.00 diff  0.62 (  0.00 228.92)  Ml 0.05 (  0.06  41.77)  Ml+s 0.68 (  0.00  40.12)
    4   Ni  MulP 9.31 8.69 sum 18.00 diff  0.62 (  0.00 226.17)  Ml 0.05 (  0.06  43.59)  Ml+s 0.68 (  0.00  43.08)
    5   Ni  MulP 9.31 8.69 sum 18.00 diff  0.62 (  0.00 235.60)  Ml 0.05 (  0.06  42.14)  Ml+s 0.68 (  0.00  40.61)
    6   Ni  MulP 9.31 8.69 sum 18.00 diff  0.62 (  0.00 -56.43)  Ml 0.05 (  0.07  41.18)  Ml+s 0.68 (  0.01  38.96)
    7   Ni  MulP 9.31 8.69 sum 18.00 diff  0.62 (  0.00 -68.15)  Ml 0.05 (  0.07  44.08)  Ml+s 0.68 (  0.01  41.59)
    8   Ni  MulP 9.31 8.69 sum 18.00 diff  0.62 (  0.00 233.31)  Ml 0.05 (  0.06  48.25)  Ml+s 0.68 (  0.00  47.00)
    9   Ni  MulP 9.31 8.69 sum 18.00 diff  0.62 (  0.00 238.06)  Ml 0.05 (  0.06  45.54)  Ml+s 0.68 (  0.00  43.16)
   10   Ni  MulP 9.31 8.69 sum 18.00 diff  0.62 (  0.00 245.39)  Ml 0.05 (  0.06  43.48)  Ml+s 0.68 (  0.00  41.08)
   11   Ni  MulP 9.31 8.69 sum 18.00 diff  0.62 (  0.00 247.63)  Ml 0.05 (  0.06  47.00)  Ml+s 0.68 (  0.00  46.09)
   12   Ni  MulP 9.31 8.69 sum 18.00 diff  0.62 (  0.00 257.40)  Ml 0.05 (  0.06  45.35)  Ml+s 0.68 (  0.01  44.62)
   13   Ni  MulP 9.31 8.69 sum 18.00 diff  0.62 (  0.00 234.67)  Ml 0.05 (  0.07  43.07)  Ml+s 0.68 (  0.00  42.27)
   14   Ni  MulP 9.31 8.69 sum 18.00 diff  0.62 (  0.00 232.57)  Ml 0.05 (  0.07  45.75)  Ml+s 0.68 (  0.00  44.75)
   15   Ni  MulP 9.31 8.69 sum 18.00 diff  0.62 (  0.00 -83.97)  Ml 0.05 (  0.06  48.38)  Ml+s 0.68 (  0.01  47.47)
   16   Ni  MulP 9.31 8.69 sum 18.00 diff  0.62 (  0.00 -35.69)  Ml 0.05 (  0.07  47.46)  Ml+s 0.68 (  0.01  45.19)
   17   Ni  MulP 9.31 8.69 sum 18.00 diff  0.62 (  0.00  16.22)  Ml 0.05 (  0.07  46.23)  Ml+s 0.68 (  0.01  44.53)
   18   Ni  MulP 9.31 8.69 sum 18.00 diff  0.62 (  0.00  23.73)  Ml 0.05 (  0.06  45.49)  Ml+s 0.68 (  0.01  43.79)
   19   Ni  MulP 9.31 8.69 sum 18.00 diff  0.62 (  0.00  27.92)  Ml 0.05 (  0.06  49.69)  Ml+s 0.68 (  0.01  48.32)
   20   Ni  MulP 9.31 8.69 sum 18.00 diff  0.62 (  0.00  35.84)  Ml 0.05 (  0.07  47.42)  Ml+s 0.68 (  0.01  47.15)
     ..........
     ......

 Sum of MulP: up   =  3193.53008 down          =  2980.46992
              total=  6174.00000 ideal(neutral)=  6174.00000
<DFT>  Total Spin Moment    (muB) 213.060163763   Angles    0.000142601     9.357691208
<DFT>  Total Orbital Moment (muB) 18.735698155   Angles    0.064491971    45.024188444
<DFT>  Total Moment         (muB) 231.795851048   Angles    0.005319822    44.201043157
<DFT>  Mixing_weight= 0.014182323919
<DFT>  Uele   =-9098.065689568317  dUele     =   0.396570032079
<DFT>  NormRD =    0.007227232068  Criterion =   0.010000000000

******************* MD= 1  SCF=23 *******************
<Poisson>  Poisson's equation using FFT...
<Set_Hamiltonian>  Hamiltonian matrix for VNA+dVH+Vxc...
<Band>  Solving the eigenvalue problem...
 KGrids1:  -0.33333   0.00000   0.33333 
 KGrids2:  -0.33333  -0.00000   0.33333 
 KGrids3:  -0.33333   0.00000   0.33334 
<Band_DFT>  Eigen, time=126.456179
<Band_DFT>  DM, time=0.000000
    1   Ni  MulP 9.31 8.69 sum 18.00 diff  0.62 (  0.00 236.80)  Ml 0.05 (  0.06  47.83)  Ml+s 0.67 (  0.00  47.38)
    2   Ni  MulP 9.31 8.69 sum 18.00 diff  0.62 (  0.00 227.40)  Ml 0.05 (  0.06  42.60)  Ml+s 0.67 (  0.00  42.07)
    3   Ni  MulP 9.31 8.69 sum 18.00 diff  0.62 (  0.00 221.54)  Ml 0.05 (  0.06  46.12)  Ml+s 0.67 (  0.00  46.81)
    4   Ni  MulP 9.31 8.69 sum 18.00 diff  0.62 (  0.00 216.30)  Ml 0.05 (  0.06  47.24)  Ml+s 0.67 (  0.00  48.42)
    5   Ni  MulP 9.31 8.69 sum 18.00 diff  0.62 (  0.00 225.65)  Ml 0.05 (  0.06  46.01)  Ml+s 0.67 (  0.00  46.02)
    6   Ni  MulP 9.31 8.69 sum 18.00 diff  0.62 (  0.00  21.67)  Ml 0.05 (  0.07  44.94)  Ml+s 0.67 (  0.01  43.74)
    7   Ni  MulP 9.31 8.69 sum 18.00 diff  0.62 (  0.00  -3.99)  Ml 0.05 (  0.07  46.42)  Ml+s 0.67 (  0.01  45.05)
    8   Ni  MulP 9.31 8.69 sum 18.00 diff  0.62 (  0.00 232.74)  Ml 0.05 (  0.06  45.44)  Ml+s 0.67 (  0.00  43.95)
    9   Ni  MulP 9.31 8.69 sum 18.00 diff  0.62 (  0.00 242.49)  Ml 0.05 (  0.06  43.52)  Ml+s 0.67 (  0.00  41.06)
   10   Ni  MulP 9.31 8.69 sum 18.00 diff  0.62 (  0.00 -85.23)  Ml 0.05 (  0.06  42.74)  Ml+s 0.67 (  0.01  40.56)
   11   Ni  MulP 9.31 8.69 sum 18.00 diff  0.62 (  0.00  30.11)  Ml 0.05 (  0.07  46.04)  Ml+s 0.67 (  0.01  45.36)
   12   Ni  MulP 9.31 8.69 sum 18.00 diff  0.62 (  0.00  48.97)  Ml 0.05 (  0.06  44.91)  Ml+s 0.67 (  0.01  45.19)
   13   Ni  MulP 9.31 8.69 sum 18.00 diff  0.62 (  0.00 126.98)  Ml 0.05 (  0.06  43.05)  Ml+s 0.67 (  0.01  43.42)
   14   Ni  MulP 9.31 8.69 sum 18.00 diff  0.62 (  0.00 228.76)  Ml 0.05 (  0.07  44.05)  Ml+s 0.67 (  0.00  43.52)
   15   Ni  MulP 9.31 8.69 sum 18.00 diff  0.62 (  0.00  28.21)  Ml 0.05 (  0.06  45.23)  Ml+s 0.67 (  0.01  43.94)
   16   Ni  MulP 9.31 8.69 sum 18.00 diff  0.62 (  0.00  14.73)  Ml 0.05 (  0.07  44.35)  Ml+s 0.67 (  0.01  41.44)
   17   Ni  MulP 9.31 8.69 sum 18.00 diff  0.62 (  0.00  29.77)  Ml 0.05 (  0.07  44.34)  Ml+s 0.67 (  0.01  42.54)
   18   Ni  MulP 9.31 8.69 sum 18.00 diff  0.62 (  0.00  37.40)  Ml 0.05 (  0.06  43.56)  Ml+s 0.67 (  0.01  42.54)
   19   Ni  MulP 9.31 8.69 sum 18.00 diff  0.62 (  0.00  37.97)  Ml 0.05 (  0.06  46.84)  Ml+s 0.67 (  0.01  45.38)
   20   Ni  MulP 9.31 8.69 sum 18.00 diff  0.62 (  0.00  41.68)  Ml 0.05 (  0.07  44.96)  Ml+s 0.67 (  0.01  44.50)
     ..........
     ......

 Sum of MulP: up   =  3193.27309 down          =  2980.72691
              total=  6174.00000 ideal(neutral)=  6174.00000
<DFT>  Total Spin Moment    (muB) 212.546185670   Angles    0.000662643    40.220711485
<DFT>  Total Orbital Moment (muB) 18.697449796   Angles    0.064656021    45.079812882
<DFT>  Total Moment         (muB) 231.243624746   Angles    0.005834934    44.573209237
<DFT>  Mixing_weight= 0.014182323919
<DFT>  Uele   =-9097.773613221199  dUele     =   0.292076347117
<DFT>  NormRD =    0.009728104497  Criterion =   0.010000000000

******************* MD= 1  SCF=24 *******************
<Poisson>  Poisson's equation using FFT...
<Set_Hamiltonian>  Hamiltonian matrix for VNA+dVH+Vxc...
<Band>  Solving the eigenvalue problem...
 KGrids1:  -0.33333   0.00000   0.33333 
 KGrids2:  -0.33333  -0.00000   0.33333 
 KGrids3:  -0.33333   0.00000   0.33334 
<Band_DFT>  Eigen, time=126.406328
<Band_DFT>  DM, time=0.000000
    1   Ni  MulP 9.31 8.69 sum 18.00 diff  0.62 (  0.00 242.28)  Ml 0.05 (  0.06  44.82)  Ml+s 0.67 (  0.01  44.18)
    2   Ni  MulP 9.31 8.69 sum 18.00 diff  0.62 (  0.00 225.73)  Ml 0.05 (  0.06  44.96)  Ml+s 0.67 (  0.00  44.89)
    3   Ni  MulP 9.31 8.69 sum 18.00 diff  0.62 (  0.00 221.11)  Ml 0.05 (  0.06  45.17)  Ml+s 0.67 (  0.00  45.69)
    4   Ni  MulP 9.31 8.69 sum 18.00 diff  0.62 (  0.00 216.90)  Ml 0.05 (  0.06  44.97)  Ml+s 0.67 (  0.00  45.72)
    5   Ni  MulP 9.31 8.69 sum 18.00 diff  0.62 (  0.00 231.72)  Ml 0.05 (  0.06  45.02)  Ml+s 0.67 (  0.01  44.93)
    6   Ni  MulP 9.31 8.69 sum 18.00 diff  0.62 (  0.00  26.96)  Ml 0.05 (  0.06  45.23)  Ml+s 0.67 (  0.01  44.12)
    7   Ni  MulP 9.31 8.69 sum 18.00 diff  0.62 (  0.00   1.39)  Ml 0.05 (  0.06  45.22)  Ml+s 0.67 (  0.01  43.81)
    8   Ni  MulP 9.31 8.69 sum 18.00 diff  0.62 (  0.00 233.24)  Ml 0.05 (  0.06  45.33)  Ml+s 0.67 (  0.00  44.02)
    9   Ni  MulP 9.31 8.69 sum 18.00 diff  0.62 (  0.00 244.96)  Ml 0.05 (  0.06  45.12)  Ml+s 0.67 (  0.00  42.94)
   10   Ni  MulP 9.31 8.69 sum 18.00 diff  0.62 (  0.00 -67.96)  Ml 0.05 (  0.06  44.90)  Ml+s 0.67 (  0.01  42.80)
   11   Ni  MulP 9.31 8.69 sum 18.00 diff  0.62 (  0.00  33.75)  Ml 0.05 (  0.06  45.06)  Ml+s 0.67 (  0.01  44.46)
   12   Ni  MulP 9.31 8.69 sum 18.00 diff  0.62 (  0.00  50.03)  Ml 0.05 (  0.06  44.78)  Ml+s 0.67 (  0.01  45.20)
   13   Ni  MulP 9.31 8.69 sum 18.00 diff  0.62 (  0.00  68.78)  Ml 0.05 (  0.06  44.82)  Ml+s 0.67 (  0.01  45.19)
   14   Ni  MulP 9.31 8.69 sum 18.00 diff  0.62 (  0.00 228.06)  Ml 0.05 (  0.06  44.91)  Ml+s 0.67 (  0.00  44.59)
   15   Ni  MulP 9.31 8.69 sum 18.00 diff  0.62 (  0.00  30.72)  Ml 0.05 (  0.06  45.09)  Ml+s 0.67 (  0.01  43.85)
   16   Ni  MulP 9.31 8.69 sum 18.00 diff  0.62 (  0.00  18.48)  Ml 0.05 (  0.06  44.99)  Ml+s 0.67 (  0.01  42.08)
   17   Ni  MulP 9.31 8.69 sum 18.00 diff  0.62 (  0.00  30.99)  Ml 0.05 (  0.06  45.27)  Ml+s 0.67 (  0.01  43.38)
   18   Ni  MulP 9.31 8.69 sum 18.00 diff  0.62 (  0.00  38.30)  Ml 0.05 (  0.07  44.75)  Ml+s 0.67 (  0.01  43.65)
   19   Ni  MulP 9.31 8.69 sum 18.00 diff  0.62 (  0.00  38.18)  Ml 0.05 (  0.06  44.79)  Ml+s 0.67 (  0.01  43.64)
   20   Ni  MulP 9.31 8.69 sum 18.00 diff  0.62 (  0.00  41.65)  Ml 0.05 (  0.06  45.20)  Ml+s 0.67 (  0.01  44.64)
     ..........
     ......

 Sum of MulP: up   =  3193.14387 down          =  2980.85613
              total=  6174.00000 ideal(neutral)=  6174.00000
<DFT>  Total Spin Moment    (muB) 212.287745131   Angles    0.000736679    40.641973898
<DFT>  Total Orbital Moment (muB) 18.678278690   Angles    0.064761462    45.081355087
<DFT>  Total Moment         (muB) 230.966013102   Angles    0.005912579    44.573462700
<DFT>  Mixing_weight= 0.014182323919
<DFT>  Uele   =-9097.641803970822  dUele     =   0.131809250377
<DFT>  NormRD =    0.005945693846  Criterion =   0.010000000000

******************* MD= 1  SCF=25 *******************
<Poisson>  Poisson's equation using FFT...
<Set_Hamiltonian>  Hamiltonian matrix for VNA+dVH+Vxc...
<Band>  Solving the eigenvalue problem...
 KGrids1:  -0.33333   0.00000   0.33333 
 KGrids2:  -0.33333  -0.00000   0.33333 
 KGrids3:  -0.33333   0.00000   0.33334 
<Band_DFT>  Eigen, time=126.495096
<Band_DFT>  DM, time=0.000000
    1   Ni  MulP 9.31 8.69 sum 18.00 diff  0.62 (  0.00 252.47)  Ml 0.05 (  0.07  44.14)  Ml+s 0.67 (  0.01  43.06)
    2   Ni  MulP 9.31 8.69 sum 18.00 diff  0.62 (  0.00 229.77)  Ml 0.05 (  0.06  45.27)  Ml+s 0.67 (  0.00  44.86)
    3   Ni  MulP 9.31 8.69 sum 18.00 diff  0.62 (  0.00 224.14)  Ml 0.05 (  0.06  44.84)  Ml+s 0.67 (  0.00  44.92)
    4   Ni  MulP 9.31 8.69 sum 18.00 diff  0.62 (  0.00 221.30)  Ml 0.05 (  0.06  44.91)  Ml+s 0.67 (  0.00  45.25)
    5   Ni  MulP 9.31 8.69 sum 18.00 diff  0.62 (  0.00 244.28)  Ml 0.05 (  0.06  44.96)  Ml+s 0.67 (  0.01  44.59)
    6   Ni  MulP 9.31 8.69 sum 18.00 diff  0.62 (  0.00  18.89)  Ml 0.05 (  0.06  44.74)  Ml+s 0.67 (  0.01  43.40)
    7   Ni  MulP 9.31 8.69 sum 18.00 diff  0.62 (  0.00 -12.57)  Ml 0.05 (  0.06  44.29)  Ml+s 0.67 (  0.01  42.59)
    8   Ni  MulP 9.31 8.69 sum 18.00 diff  0.62 (  0.00 235.21)  Ml 0.05 (  0.06  44.90)  Ml+s 0.67 (  0.00  43.38)
    9   Ni  MulP 9.31 8.69 sum 18.00 diff  0.62 (  0.00 245.87)  Ml 0.05 (  0.06  45.63)  Ml+s 0.67 (  0.00  43.47)
   10   Ni  MulP 9.31 8.69 sum 18.00 diff  0.62 (  0.00 -69.92)  Ml 0.05 (  0.06  45.57)  Ml+s 0.67 (  0.01  43.49)
   11   Ni  MulP 9.31 8.69 sum 18.00 diff  0.62 (  0.00  28.47)  Ml 0.05 (  0.06  44.58)  Ml+s 0.67 (  0.01  43.85)
   12   Ni  MulP 9.31 8.69 sum 18.00 diff  0.62 (  0.00  45.73)  Ml 0.05 (  0.07  44.77)  Ml+s 0.67 (  0.01  44.84)
   13   Ni  MulP 9.31 8.69 sum 18.00 diff  0.62 (  0.00  40.20)  Ml 0.05 (  0.06  44.92)  Ml+s 0.67 (  0.01  44.88)
   14   Ni  MulP 9.31 8.69 sum 18.00 diff  0.62 (  0.00 231.67)  Ml 0.05 (  0.06  44.78)  Ml+s 0.67 (  0.00  44.13)
   15   Ni  MulP 9.31 8.69 sum 18.00 diff  0.62 (  0.00  28.39)  Ml 0.05 (  0.06  45.38)  Ml+s 0.67 (  0.01  44.13)
   16   Ni  MulP 9.31 8.69 sum 18.00 diff  0.62 (  0.00  17.52)  Ml 0.05 (  0.06  45.20)  Ml+s 0.67 (  0.01  42.51)
   17   Ni  MulP 9.31 8.69 sum 18.00 diff  0.62 (  0.00  30.11)  Ml 0.05 (  0.07  44.60)  Ml+s 0.67 (  0.01  42.88)
   18   Ni  MulP 9.31 8.69 sum 18.00 diff  0.62 (  0.00  36.73)  Ml 0.05 (  0.07  44.93)  Ml+s 0.67 (  0.01  43.70)
   19   Ni  MulP 9.31 8.69 sum 18.00 diff  0.62 (  0.00  36.73)  Ml 0.05 (  0.07  44.84)  Ml+s 0.67 (  0.01  43.62)
   20   Ni  MulP 9.31 8.69 sum 18.00 diff  0.62 (  0.00  40.42)  Ml 0.05 (  0.06  45.89)  Ml+s 0.67 (  0.01  45.15)
     ..........
     ......

 Sum of MulP: up   =  3193.00872 down          =  2980.99128
              total=  6174.00000 ideal(neutral)=  6174.00000
<DFT>  Total Spin Moment    (muB) 212.017443472   Angles    0.000610608    38.349138184
<DFT>  Total Orbital Moment (muB) 18.658313248   Angles    0.064922940    45.055745506
<DFT>  Total Moment         (muB) 230.675745916   Angles    0.005809069    44.409279588
<DFT>  Mixing_weight= 0.014182323919
<DFT>  Uele   =-9097.520103133089  dUele     =   0.121700837733
<DFT>  NormRD =    0.005772818456  Criterion =   0.010000000000

******************* MD= 1  SCF=26 *******************
<Poisson>  Poisson's equation using FFT...
<Set_Hamiltonian>  Hamiltonian matrix for VNA+dVH+Vxc...
<Band>  Solving the eigenvalue problem...
 KGrids1:  -0.33333   0.00000   0.33333 
 KGrids2:  -0.33333  -0.00000   0.33333 
 KGrids3:  -0.33333   0.00000   0.33334 
<Band_DFT>  Eigen, time=126.312313
<Band_DFT>  DM, time=0.000010
    1   Ni  MulP 9.31 8.69 sum 18.00 diff  0.62 (  0.00 263.73)  Ml 0.05 (  0.07  44.62)  Ml+s 0.67 (  0.01  42.92)
    2   Ni  MulP 9.31 8.69 sum 18.00 diff  0.62 (  0.00 236.98)  Ml 0.05 (  0.06  45.71)  Ml+s 0.67 (  0.00  44.73)
    3   Ni  MulP 9.31 8.69 sum 18.00 diff  0.62 (  0.00 229.66)  Ml 0.05 (  0.06  44.15)  Ml+s 0.67 (  0.00  43.54)
    4   Ni  MulP 9.31 8.69 sum 18.00 diff  0.62 (  0.00 228.58)  Ml 0.05 (  0.06  44.40)  Ml+s 0.67 (  0.00  44.03)
    5   Ni  MulP 9.31 8.69 sum 18.00 diff  0.62 (  0.00 253.18)  Ml 0.05 (  0.07  44.79)  Ml+s 0.67 (  0.01  43.94)
    6   Ni  MulP 9.31 8.69 sum 18.00 diff  0.62 (  0.00  -1.19)  Ml 0.05 (  0.06  44.77)  Ml+s 0.67 (  0.01  43.00)
    7   Ni  MulP 9.31 8.69 sum 18.00 diff  0.62 (  0.00 -32.37)  Ml 0.05 (  0.06  44.46)  Ml+s 0.67 (  0.01  42.30)
    8   Ni  MulP 9.31 8.69 sum 18.00 diff  0.62 (  0.00 239.54)  Ml 0.05 (  0.07  44.36)  Ml+s 0.67 (  0.00  42.57)
    9   Ni  MulP 9.31 8.69 sum 18.00 diff  0.62 (  0.00 248.67)  Ml 0.05 (  0.06  45.60)  Ml+s 0.67 (  0.00  43.44)
   10   Ni  MulP 9.31 8.69 sum 18.00 diff  0.62 (  0.00 -69.76)  Ml 0.05 (  0.06  45.75)  Ml+s 0.67 (  0.01  43.77)
   11   Ni  MulP 9.31 8.69 sum 18.00 diff  0.62 (  0.00  14.28)  Ml 0.05 (  0.07  44.17)  Ml+s 0.67 (  0.01  43.19)
   12   Ni  MulP 9.31 8.69 sum 18.00 diff  0.62 (  0.00  33.22)  Ml 0.05 (  0.07  45.04)  Ml+s 0.67 (  0.01  44.50)
   13   Ni  MulP 9.31 8.69 sum 18.00 diff  0.62 (  0.00 -59.28)  Ml 0.05 (  0.06  45.33)  Ml+s 0.67 (  0.01  44.63)
   14   Ni  MulP 9.31 8.69 sum 18.00 diff  0.62 (  0.00 239.15)  Ml 0.05 (  0.06  44.90)  Ml+s 0.67 (  0.00  43.76)
   15   Ni  MulP 9.31 8.69 sum 18.00 diff  0.62 (  0.00  21.47)  Ml 0.05 (  0.06  45.23)  Ml+s 0.67 (  0.01  44.01)
   16   Ni  MulP 9.31 8.69 sum 18.00 diff  0.62 (  0.00  14.82)  Ml 0.05 (  0.06  45.74)  Ml+s 0.67 (  0.01  43.46)
   17   Ni  MulP 9.31 8.69 sum 18.00 diff  0.62 (  0.00  27.75)  Ml 0.05 (  0.07  44.72)  Ml+s 0.67 (  0.01  43.14)
   18   Ni  MulP 9.31 8.69 sum 18.00 diff  0.62 (  0.00  32.71)  Ml 0.05 (  0.07  45.48)  Ml+s 0.67 (  0.01  44.04)
   19   Ni  MulP 9.31 8.69 sum 18.00 diff  0.62 (  0.00  32.74)  Ml 0.05 (  0.07  44.73)  Ml+s 0.67 (  0.01  43.43)
   20   Ni  MulP 9.31 8.69 sum 18.00 diff  0.62 (  0.00  36.25)  Ml 0.05 (  0.06  45.61)  Ml+s 0.67 (  0.01  44.74)
     ..........
     ......

 Sum of MulP: up   =  3192.77247 down          =  2981.22753
              total=  6174.00000 ideal(neutral)=  6174.00000
<DFT>  Total Spin Moment    (muB) 211.544932881   Angles    0.000400246    31.088645145
<DFT>  Total Orbital Moment (muB) 18.623423409   Angles    0.065167767    45.011066083
<DFT>  Total Moment         (muB) 230.168345349   Angles    0.005630615    44.110369525
<DFT>  Mixing_weight= 0.014182323919
<DFT>  Uele   =-9097.308464627529  dUele     =   0.211638505560
<DFT>  NormRD =    0.005686350089  Criterion =   0.010000000000

******************* MD= 1  SCF=27 *******************
<Poisson>  Poisson's equation using FFT...
<Set_Hamiltonian>  Hamiltonian matrix for VNA+dVH+Vxc...
<Band>  Solving the eigenvalue problem...
 KGrids1:  -0.33333   0.00000   0.33333 
 KGrids2:  -0.33333  -0.00000   0.33333 
 KGrids3:  -0.33333   0.00000   0.33334 
<Band_DFT>  Eigen, time=187.337501
<Band_DFT>  DM, time=0.000001
    1   Ni  MulP 9.31 8.69 sum 18.00 diff  0.62 (  0.00 -84.98)  Ml 0.05 (  0.07  45.18)  Ml+s 0.67 (  0.01  42.88)
    2   Ni  MulP 9.31 8.69 sum 18.00 diff  0.62 (  0.00 246.36)  Ml 0.05 (  0.07  45.73)  Ml+s 0.67 (  0.00  44.12)
    3   Ni  MulP 9.31 8.69 sum 18.00 diff  0.62 (  0.00 236.95)  Ml 0.05 (  0.06  43.53)  Ml+s 0.67 (  0.00  42.25)
    4   Ni  MulP 9.31 8.69 sum 18.00 diff  0.62 (  0.00 236.73)  Ml 0.05 (  0.06  43.88)  Ml+s 0.67 (  0.00  42.75)
    5   Ni  MulP 9.31 8.69 sum 18.00 diff  0.62 (  0.00 255.64)  Ml 0.05 (  0.07  44.58)  Ml+s 0.67 (  0.01  43.14)
    6   Ni  MulP 9.31 8.69 sum 18.00 diff  0.62 (  0.00 -32.84)  Ml 0.05 (  0.06  44.88)  Ml+s 0.67 (  0.01  42.60)
    7   Ni  MulP 9.31 8.69 sum 18.00 diff  0.62 (  0.00 -45.47)  Ml 0.05 (  0.07  44.83)  Ml+s 0.67 (  0.01  42.22)
    8   Ni  MulP 9.31 8.69 sum 18.00 diff  0.62 (  0.00 247.63)  Ml 0.05 (  0.07  43.91)  Ml+s 0.67 (  0.01  41.93)
    9   Ni  MulP 9.31 8.69 sum 18.00 diff  0.62 (  0.00 254.45)  Ml 0.05 (  0.06  45.08)  Ml+s 0.67 (  0.00  42.97)
   10   Ni  MulP 9.31 8.69 sum 18.00 diff  0.62 (  0.00 -68.94)  Ml 0.05 (  0.07  45.48)  Ml+s 0.67 (  0.01  43.57)
   11   Ni  MulP 9.31 8.69 sum 18.00 diff  0.62 (  0.00 -18.60)  Ml 0.05 (  0.06  43.92)  Ml+s 0.67 (  0.01  42.58)
   12   Ni  MulP 9.31 8.69 sum 18.00 diff  0.62 (  0.00  -6.45)  Ml 0.05 (  0.07  45.14)  Ml+s 0.67 (  0.01  43.92)
   13   Ni  MulP 9.31 8.69 sum 18.00 diff  0.62 (  0.00 -77.75)  Ml 0.05 (  0.06  45.50)  Ml+s 0.67 (  0.01  44.07)
   14   Ni  MulP 9.31 8.69 sum 18.00 diff  0.62 (  0.00 251.17)  Ml 0.05 (  0.07  44.94)  Ml+s 0.67 (  0.01  43.30)
   15   Ni  MulP 9.31 8.69 sum 18.00 diff  0.62 (  0.00   6.60)  Ml 0.05 (  0.07  45.03)  Ml+s 0.67 (  0.01  43.87)
   16   Ni  MulP 9.31 8.69 sum 18.00 diff  0.62 (  0.00  10.16)  Ml 0.05 (  0.07  46.15)  Ml+s 0.67 (  0.01  44.40)
   17   Ni  MulP 9.31 8.69 sum 18.00 diff  0.62 (  0.00  22.41)  Ml 0.05 (  0.07  45.23)  Ml+s 0.67 (  0.01  43.79)
   18   Ni  MulP 9.31 8.69 sum 18.00 diff  0.62 (  0.00  22.23)  Ml 0.05 (  0.06  45.99)  Ml+s 0.67 (  0.01  44.34)
   19   Ni  MulP 9.31 8.69 sum 18.00 diff  0.62 (  0.00  20.66)  Ml 0.05 (  0.07  44.72)  Ml+s 0.67 (  0.01  43.29)
   20   Ni  MulP 9.31 8.69 sum 18.00 diff  0.62 (  0.00  20.37)  Ml 0.05 (  0.06  45.14)  Ml+s 0.67 (  0.01  44.09)
     ..........
     ......

 Sum of MulP: up   =  3192.50629 down          =  2981.49371
              total=  6174.00000 ideal(neutral)=  6174.00000
<DFT>  Total Spin Moment    (muB) 211.012576568   Angles    0.000197694     6.075936193
<DFT>  Total Orbital Moment (muB) 18.584125023   Angles    0.065380999    44.961429209
<DFT>  Total Moment         (muB) 229.596690524   Angles    0.005434726    43.758856371
<DFT>  Mixing_weight= 0.014182323919
<DFT>  Uele   =-9097.070922746472  dUele     =   0.237541881057
<DFT>  NormRD =    0.005615620011  Criterion =   0.010000000000

******************* MD= 1  SCF=28 *******************
<Poisson>  Poisson's equation using FFT...
<Set_Hamiltonian>  Hamiltonian matrix for VNA+dVH+Vxc...
<Band>  Solving the eigenvalue problem...
 KGrids1:  -0.33333   0.00000   0.33333 
 KGrids2:  -0.33333  -0.00000   0.33333 
 KGrids3:  -0.33333   0.00000   0.33334 
<Band_DFT>  Eigen, time=186.749653
<Band_DFT>  DM, time=0.000000
    1   Ni  MulP 9.31 8.69 sum 18.00 diff  0.61 (  0.00 -79.38)  Ml 0.05 (  0.07  45.21)  Ml+s 0.67 (  0.01  42.47)
    2   Ni  MulP 9.31 8.69 sum 18.00 diff  0.61 (  0.00 253.84)  Ml 0.05 (  0.06  45.46)  Ml+s 0.67 (  0.00  43.38)
    3   Ni  MulP 9.31 8.69 sum 18.00 diff  0.61 (  0.00 243.39)  Ml 0.05 (  0.07  44.03)  Ml+s 0.67 (  0.00  42.45)
    4   Ni  MulP 9.31 8.69 sum 18.00 diff  0.61 (  0.00 243.09)  Ml 0.05 (  0.07  44.44)  Ml+s 0.67 (  0.00  42.94)
    5   Ni  MulP 9.31 8.69 sum 18.00 diff  0.61 (  0.00 258.73)  Ml 0.05 (  0.07  44.94)  Ml+s 0.67 (  0.01  43.12)
    6   Ni  MulP 9.31 8.69 sum 18.00 diff  0.61 (  0.00 -49.61)  Ml 0.05 (  0.07  45.05)  Ml+s 0.67 (  0.01  42.46)
    7   Ni  MulP 9.31 8.69 sum 18.00 diff  0.61 (  0.00 -51.54)  Ml 0.05 (  0.07  44.90)  Ml+s 0.67 (  0.01  41.98)
    8   Ni  MulP 9.31 8.69 sum 18.00 diff  0.61 (  0.00 255.77)  Ml 0.05 (  0.07  44.11)  Ml+s 0.67 (  0.01  41.99)
    9   Ni  MulP 9.31 8.69 sum 18.00 diff  0.61 (  0.00 260.35)  Ml 0.05 (  0.06  44.85)  Ml+s 0.67 (  0.00  42.78)
   10   Ni  MulP 9.31 8.69 sum 18.00 diff  0.61 (  0.00 -65.57)  Ml 0.05 (  0.07  45.30)  Ml+s 0.67 (  0.01  43.44)
   11   Ni  MulP 9.31 8.69 sum 18.00 diff  0.61 (  0.00 -38.24)  Ml 0.05 (  0.07  44.36)  Ml+s 0.67 (  0.01  42.78)
   12   Ni  MulP 9.31 8.69 sum 18.00 diff  0.61 (  0.00 -41.89)  Ml 0.05 (  0.07  45.10)  Ml+s 0.67 (  0.01  43.43)
   13   Ni  MulP 9.31 8.69 sum 18.00 diff  0.61 (  0.00 -77.32)  Ml 0.05 (  0.06  45.30)  Ml+s 0.67 (  0.01  43.40)
   14   Ni  MulP 9.31 8.69 sum 18.00 diff  0.61 (  0.00 262.44)  Ml 0.05 (  0.07  44.95)  Ml+s 0.67 (  0.01  42.98)
   15   Ni  MulP 9.31 8.69 sum 18.00 diff  0.61 (  0.00 -22.67)  Ml 0.05 (  0.07  44.83)  Ml+s 0.67 (  0.01  43.66)
   16   Ni  MulP 9.31 8.69 sum 18.00 diff  0.61 (  0.00   1.01)  Ml 0.05 (  0.07  45.59)  Ml+s 0.67 (  0.01  44.19)
   17   Ni  MulP 9.31 8.69 sum 18.00 diff  0.61 (  0.00  13.99)  Ml 0.05 (  0.07  45.10)  Ml+s 0.67 (  0.01  43.76)
   18   Ni  MulP 9.31 8.69 sum 18.00 diff  0.61 (  0.00   4.19)  Ml 0.05 (  0.07  45.50)  Ml+s 0.67 (  0.01  43.81)
   19   Ni  MulP 9.31 8.69 sum 18.00 diff  0.61 (  0.00  -6.69)  Ml 0.05 (  0.07  44.69)  Ml+s 0.67 (  0.01  43.22)
   20   Ni  MulP 9.31 8.69 sum 18.00 diff  0.61 (  0.00 -36.97)  Ml 0.05 (  0.07  44.99)  Ml+s 0.67 (  0.01  43.79)
     ..........
     ......

 Sum of MulP: up   =  3192.30746 down          =  2981.69254
              total=  6174.00000 ideal(neutral)=  6174.00000
<DFT>  Total Spin Moment    (muB) 210.614920658   Angles    0.000143386   -43.941959440
<DFT>  Total Orbital Moment (muB) 18.554778046   Angles    0.065494248    44.925882977
<DFT>  Total Moment         (muB) 229.169687564   Angles    0.005306996    43.503320017
<DFT>  Mixing_weight= 0.014182323919
<DFT>  Uele   =-9096.894349487193  dUele     =   0.176573259279
<DFT>  NormRD =    0.005259522365  Criterion =   0.010000000000

******************* MD= 1  SCF=29 *******************
<Poisson>  Poisson's equation using FFT...
<Set_Hamiltonian>  Hamiltonian matrix for VNA+dVH+Vxc...
<Band>  Solving the eigenvalue problem...
 KGrids1:  -0.33333   0.00000   0.33333 
 KGrids2:  -0.33333  -0.00000   0.33333 
 KGrids3:  -0.33333   0.00000   0.33334 
<Band_DFT>  Eigen, time=126.408459
<Band_DFT>  DM, time=0.000001
    1   Ni  MulP 9.31 8.69 sum 18.00 diff  0.61 (  0.00 -70.68)  Ml 0.05 (  0.07  44.73)  Ml+s 0.67 (  0.01  41.68)
    2   Ni  MulP 9.31 8.69 sum 18.00 diff  0.61 (  0.00 263.59)  Ml 0.05 (  0.07  44.81)  Ml+s 0.67 (  0.01  42.35)
    3   Ni  MulP 9.31 8.69 sum 18.00 diff  0.61 (  0.00 251.52)  Ml 0.05 (  0.07  44.70)  Ml+s 0.67 (  0.01  42.90)
    4   Ni  MulP 9.31 8.69 sum 18.00 diff  0.61 (  0.00 249.62)  Ml 0.05 (  0.07  45.07)  Ml+s 0.67 (  0.00  43.26)
    5   Ni  MulP 9.31 8.69 sum 18.00 diff  0.61 (  0.00 261.77)  Ml 0.05 (  0.06  45.16)  Ml+s 0.67 (  0.00  42.99)
    6   Ni  MulP 9.31 8.69 sum 18.00 diff  0.61 (  0.00 -57.86)  Ml 0.05 (  0.07  44.90)  Ml+s 0.67 (  0.01  42.05)
    7   Ni  MulP 9.31 8.69 sum 18.00 diff  0.61 (  0.00 -51.67)  Ml 0.05 (  0.07  44.59)  Ml+s 0.67 (  0.01  41.42)
    8   Ni  MulP 9.31 8.69 sum 18.00 diff  0.61 (  0.00 269.47)  Ml 0.05 (  0.07  44.53)  Ml+s 0.67 (  0.01  42.33)
    9   Ni  MulP 9.31 8.69 sum 18.00 diff  0.61 (  0.00 -89.05)  Ml 0.05 (  0.07  44.66)  Ml+s 0.67 (  0.01  42.64)
   10   Ni  MulP 9.31 8.69 sum 18.00 diff  0.61 (  0.00 -59.31)  Ml 0.05 (  0.07  44.99)  Ml+s 0.67 (  0.01  43.16)
   11   Ni  MulP 9.31 8.69 sum 18.00 diff  0.61 (  0.00 -49.93)  Ml 0.05 (  0.07  44.87)  Ml+s 0.67 (  0.01  43.08)
   12   Ni  MulP 9.31 8.69 sum 18.00 diff  0.61 (  0.00 -60.77)  Ml 0.05 (  0.07  44.83)  Ml+s 0.67 (  0.01  42.75)
   13   Ni  MulP 9.31 8.69 sum 18.00 diff  0.61 (  0.00 -74.00)  Ml 0.05 (  0.07  44.79)  Ml+s 0.67 (  0.01  42.50)
   14   Ni  MulP 9.31 8.69 sum 18.00 diff  0.61 (  0.00 -81.92)  Ml 0.05 (  0.07  44.81)  Ml+s 0.67 (  0.01  42.57)
   15   Ni  MulP 9.31 8.69 sum 18.00 diff  0.61 (  0.00 -53.88)  Ml 0.05 (  0.07  44.87)  Ml+s 0.67 (  0.01  43.69)
   16   Ni  MulP 9.31 8.69 sum 18.00 diff  0.61 (  0.00 -12.46)  Ml 0.05 (  0.07  44.82)  Ml+s 0.67 (  0.01  43.73)
   17   Ni  MulP 9.31 8.69 sum 18.00 diff  0.61 (  0.00  -1.24)  Ml 0.05 (  0.07  44.84)  Ml+s 0.67 (  0.01  43.59)
   18   Ni  MulP 9.31 8.69 sum 18.00 diff  0.61 (  0.00 -33.21)  Ml 0.05 (  0.07  44.83)  Ml+s 0.67 (  0.01  43.06)
   19   Ni  MulP 9.31 8.69 sum 18.00 diff  0.61 (  0.00 -67.33)  Ml 0.05 (  0.07  44.86)  Ml+s 0.67 (  0.01  43.33)
   20   Ni  MulP 9.31 8.69 sum 18.00 diff  0.61 (  0.00 264.61)  Ml 0.05 (  0.07  45.17)  Ml+s 0.67 (  0.01  43.84)
     ..........
     ......

 Sum of MulP: up   =  3192.11978 down          =  2981.88022
              total=  6174.00000 ideal(neutral)=  6174.00000
<DFT>  Total Spin Moment    (muB) 210.239561778   Angles    0.000195641   -80.375690018
<DFT>  Total Orbital Moment (muB) 18.527080755   Angles    0.065562205    44.894067719
<DFT>  Total Moment         (muB) 228.766631347   Angles    0.005207923    43.278881521
<DFT>  Mixing_weight= 0.014182323919
<DFT>  Uele   =-9096.728199818772  dUele     =   0.166149668421
<DFT>  NormRD =    0.005137256730  Criterion =   0.010000000000

******************* MD= 1  SCF=30 *******************
<Poisson>  Poisson's equation using FFT...
<Set_Hamiltonian>  Hamiltonian matrix for VNA+dVH+Vxc...
<Band>  Solving the eigenvalue problem...
 KGrids1:  -0.33333   0.00000   0.33333 
 KGrids2:  -0.33333  -0.00000   0.33333 
 KGrids3:  -0.33333   0.00000   0.33334 
<Band_DFT>  Eigen, time=126.346067
<Band_DFT>  DM, time=0.000000
    1   Ni  MulP 9.31 8.69 sum 18.00 diff  0.61 (  0.00 -56.34)  Ml 0.05 (  0.07  44.56)  Ml+s 0.67 (  0.01  41.54)
    2   Ni  MulP 9.31 8.69 sum 18.00 diff  0.61 (  0.00 -82.87)  Ml 0.05 (  0.07  44.31)  Ml+s 0.67 (  0.01  41.82)
    3   Ni  MulP 9.31 8.69 sum 18.00 diff  0.61 (  0.00 261.86)  Ml 0.05 (  0.06  44.91)  Ml+s 0.67 (  0.01  43.05)
    4   Ni  MulP 9.31 8.69 sum 18.00 diff  0.61 (  0.00 257.62)  Ml 0.05 (  0.07  44.63)  Ml+s 0.67 (  0.01  42.72)
    5   Ni  MulP 9.31 8.69 sum 18.00 diff  0.61 (  0.00 -86.16)  Ml 0.05 (  0.07  44.36)  Ml+s 0.67 (  0.01  42.17)
    6   Ni  MulP 9.31 8.69 sum 18.00 diff  0.61 (  0.00 -45.22)  Ml 0.05 (  0.07  44.41)  Ml+s 0.67 (  0.01  41.61)
    7   Ni  MulP 9.31 8.69 sum 18.00 diff  0.61 (  0.00 -41.09)  Ml 0.05 (  0.07  44.63)  Ml+s 0.67 (  0.01  41.44)
    8   Ni  MulP 9.31 8.69 sum 18.00 diff  0.61 (  0.00 -70.87)  Ml 0.05 (  0.07  45.38)  Ml+s 0.67 (  0.01  43.23)
    9   Ni  MulP 9.31 8.69 sum 18.00 diff  0.61 (  0.00 -70.90)  Ml 0.05 (  0.07  44.91)  Ml+s 0.67 (  0.01  42.96)
   10   Ni  MulP 9.31 8.69 sum 18.00 diff  0.61 (  0.00 -39.91)  Ml 0.05 (  0.07  44.55)  Ml+s 0.67 (  0.01  42.74)
   11   Ni  MulP 9.31 8.69 sum 18.00 diff  0.61 (  0.00 -31.06)  Ml 0.05 (  0.07  45.07)  Ml+s 0.67 (  0.01  43.28)
   12   Ni  MulP 9.31 8.69 sum 18.00 diff  0.61 (  0.00 -46.16)  Ml 0.05 (  0.07  44.72)  Ml+s 0.67 (  0.01  42.58)
   13   Ni  MulP 9.31 8.69 sum 18.00 diff  0.61 (  0.00 -58.63)  Ml 0.05 (  0.07  44.61)  Ml+s 0.67 (  0.01  42.24)
   14   Ni  MulP 9.31 8.69 sum 18.00 diff  0.61 (  0.00 -61.73)  Ml 0.05 (  0.07  44.90)  Ml+s 0.67 (  0.01  42.63)
   15   Ni  MulP 9.31 8.69 sum 18.00 diff  0.61 (  0.00 -36.57)  Ml 0.05 (  0.07  45.15)  Ml+s 0.67 (  0.01  43.95)
   16   Ni  MulP 9.31 8.69 sum 18.00 diff  0.61 (  0.00   1.03)  Ml 0.05 (  0.07  44.79)  Ml+s 0.67 (  0.01  43.77)
   17   Ni  MulP 9.31 8.69 sum 18.00 diff  0.61 (  0.00   5.94)  Ml 0.05 (  0.07  45.05)  Ml+s 0.67 (  0.01  43.83)
   18   Ni  MulP 9.31 8.69 sum 18.00 diff  0.61 (  0.00 -26.11)  Ml 0.05 (  0.07  44.73)  Ml+s 0.67 (  0.01  42.97)
   19   Ni  MulP 9.31 8.69 sum 18.00 diff  0.61 (  0.00 -66.33)  Ml 0.05 (  0.06  45.08)  Ml+s 0.67 (  0.01  43.52)
   20   Ni  MulP 9.31 8.69 sum 18.00 diff  0.61 (  0.00 268.58)  Ml 0.05 (  0.07  44.92)  Ml+s 0.67 (  0.01  43.55)
     ..........
     ......

 Sum of MulP: up   =  3191.98250 down          =  2982.01750
              total=  6174.00000 ideal(neutral)=  6174.00000
<DFT>  Total Spin Moment    (muB) 209.965000907   Angles    0.000179467   -70.014956764
<DFT>  Total Orbital Moment (muB) 18.506846382   Angles    0.065571210    44.879812069
<DFT>  Total Moment         (muB) 228.471836125   Angles    0.005244154    43.245058706
<DFT>  Mixing_weight= 0.014182323919
<DFT>  Uele   =-9096.608405059005  dUele     =   0.119794759767
<DFT>  NormRD =    0.004831998798  Criterion =   0.010000000000

******************* MD= 1  SCF=31 *******************
<Poisson>  Poisson's equation using FFT...
<Set_Hamiltonian>  Hamiltonian matrix for VNA+dVH+Vxc...
<Band>  Solving the eigenvalue problem...
 KGrids1:  -0.33333   0.00000   0.33333 
 KGrids2:  -0.33333  -0.00000   0.33333 
 KGrids3:  -0.33333   0.00000   0.33334 
<Band_DFT>  Eigen, time=126.544557
<Band_DFT>  DM, time=0.000000
    1   Ni  MulP 9.30 8.70 sum 18.00 diff  0.61 (  0.00   9.90)  Ml 0.05 (  0.06  44.56)  Ml+s 0.66 (  0.01  42.22)
    2   Ni  MulP 9.30 8.70 sum 18.00 diff  0.61 (  0.00  12.89)  Ml 0.05 (  0.07  44.36)  Ml+s 0.66 (  0.01  42.50)
    3   Ni  MulP 9.30 8.70 sum 18.00 diff  0.61 (  0.00  20.28)  Ml 0.05 (  0.07  45.68)  Ml+s 0.66 (  0.01  44.27)
    4   Ni  MulP 9.30 8.70 sum 18.00 diff  0.61 (  0.00  18.31)  Ml 0.05 (  0.06  44.90)  Ml+s 0.66 (  0.01  43.51)
    5   Ni  MulP 9.30 8.70 sum 18.00 diff  0.61 (  0.00  17.28)  Ml 0.05 (  0.07  44.55)  Ml+s 0.66 (  0.01  42.91)
    6   Ni  MulP 9.30 8.70 sum 18.00 diff  0.61 (  0.00  16.55)  Ml 0.05 (  0.07  44.85)  Ml+s 0.66 (  0.01  42.78)
    7   Ni  MulP 9.30 8.70 sum 18.00 diff  0.61 (  0.00  12.69)  Ml 0.05 (  0.07  45.29)  Ml+s 0.66 (  0.01  42.89)
    8   Ni  MulP 9.30 8.70 sum 18.00 diff  0.61 (  0.00  17.42)  Ml 0.05 (  0.06  45.45)  Ml+s 0.66 (  0.01  43.57)
    9   Ni  MulP 9.30 8.70 sum 18.00 diff  0.61 (  0.00  20.11)  Ml 0.05 (  0.07  45.28)  Ml+s 0.66 (  0.01  43.69)
   10   Ni  MulP 9.30 8.70 sum 18.00 diff  0.61 (  0.00  22.67)  Ml 0.05 (  0.06  44.61)  Ml+s 0.66 (  0.01  43.09)
   11   Ni  MulP 9.30 8.70 sum 18.00 diff  0.61 (  0.00  23.48)  Ml 0.05 (  0.06  45.55)  Ml+s 0.66 (  0.01  43.96)
   12   Ni  MulP 9.30 8.70 sum 18.00 diff  0.61 (  0.00  21.59)  Ml 0.05 (  0.07  45.43)  Ml+s 0.66 (  0.01  43.72)
   13   Ni  MulP 9.30 8.70 sum 18.00 diff  0.61 (  0.00  18.21)  Ml 0.05 (  0.07  45.16)  Ml+s 0.66 (  0.01  43.28)
   14   Ni  MulP 9.30 8.70 sum 18.00 diff  0.61 (  0.00  16.83)  Ml 0.05 (  0.06  44.64)  Ml+s 0.66 (  0.01  42.66)
   15   Ni  MulP 9.30 8.70 sum 18.00 diff  0.61 (  0.00  28.53)  Ml 0.05 (  0.07  45.11)  Ml+s 0.66 (  0.01  44.00)
   16   Ni  MulP 9.30 8.70 sum 18.00 diff  0.61 (  0.00  30.06)  Ml 0.05 (  0.07  45.45)  Ml+s 0.66 (  0.01  44.30)
   17   Ni  MulP 9.30 8.70 sum 18.00 diff  0.61 (  0.00  28.72)  Ml 0.05 (  0.07  45.21)  Ml+s 0.66 (  0.01  43.92)
   18   Ni  MulP 9.30 8.70 sum 18.00 diff  0.61 (  0.00  26.07)  Ml 0.05 (  0.07  44.88)  Ml+s 0.66 (  0.01  43.42)
   19   Ni  MulP 9.30 8.70 sum 18.00 diff  0.61 (  0.00  23.18)  Ml 0.05 (  0.07  45.49)  Ml+s 0.66 (  0.01  44.11)
   20   Ni  MulP 9.30 8.70 sum 18.00 diff  0.61 (  0.00  22.51)  Ml 0.05 (  0.07  44.64)  Ml+s 0.66 (  0.01  43.41)
     ..........
     ......

 Sum of MulP: up   =  3191.48534 down          =  2982.51466
              total=  6174.00000 ideal(neutral)=  6174.00000
<DFT>  Total Spin Moment    (muB) 208.970678043   Angles    0.000387325    21.633409111
<DFT>  Total Orbital Moment (muB) 18.433593204   Angles    0.065395991    44.850066882
<DFT>  Total Moment         (muB) 227.404260333   Angles    0.005629911    43.421977201
<DFT>  Mixing_weight= 0.014182323919
<DFT>  Uele   =-9096.176298777846  dUele     =   0.432106281160
<DFT>  NormRD =    0.004721350827  Criterion =   0.010000000000

******************* MD= 1  SCF=32 *******************
<Poisson>  Poisson's equation using FFT...
<Set_Hamiltonian>  Hamiltonian matrix for VNA+dVH+Vxc...
<Band>  Solving the eigenvalue problem...
 KGrids1:  -0.33333   0.00000   0.33333 
 KGrids2:  -0.33333  -0.00000   0.33333 
 KGrids3:  -0.33333   0.00000   0.33334 
<Band_DFT>  Eigen, time=186.714116
<Band_DFT>  DM, time=0.000000
    1   Ni  MulP 9.30 8.70 sum 18.00 diff  0.60 (  0.00  40.91)  Ml 0.05 (  0.07  44.20)  Ml+s 0.66 (  0.01  43.59)
    2   Ni  MulP 9.30 8.70 sum 18.00 diff  0.60 (  0.00  41.92)  Ml 0.05 (  0.06  44.74)  Ml+s 0.66 (  0.01  44.19)
    3   Ni  MulP 9.30 8.70 sum 18.00 diff  0.60 (  0.00  42.80)  Ml 0.05 (  0.07  44.37)  Ml+s 0.66 (  0.01  44.06)
    4   Ni  MulP 9.30 8.70 sum 18.00 diff  0.60 (  0.00  43.83)  Ml 0.05 (  0.06  44.07)  Ml+s 0.66 (  0.01  44.02)
    5   Ni  MulP 9.30 8.70 sum 18.00 diff  0.60 (  0.00  42.32)  Ml 0.05 (  0.06  44.02)  Ml+s 0.66 (  0.01  43.66)
    6   Ni  MulP 9.30 8.70 sum 18.00 diff  0.60 (  0.00  41.47)  Ml 0.05 (  0.06  44.13)  Ml+s 0.66 (  0.01  43.57)
    7   Ni  MulP 9.30 8.70 sum 18.00 diff  0.60 (  0.00  40.98)  Ml 0.05 (  0.07  44.34)  Ml+s 0.66 (  0.01  43.69)
    8   Ni  MulP 9.30 8.70 sum 18.00 diff  0.60 (  0.00  36.99)  Ml 0.05 (  0.06  42.95)  Ml+s 0.66 (  0.01  41.84)
    9   Ni  MulP 9.30 8.70 sum 18.00 diff  0.60 (  0.00  37.73)  Ml 0.05 (  0.06  43.33)  Ml+s 0.66 (  0.01  42.30)
   10   Ni  MulP 9.30 8.70 sum 18.00 diff  0.60 (  0.00  37.78)  Ml 0.05 (  0.07  43.44)  Ml+s 0.66 (  0.01  42.40)
   11   Ni  MulP 9.30 8.70 sum 18.00 diff  0.60 (  0.00  39.26)  Ml 0.05 (  0.06  42.81)  Ml+s 0.66 (  0.01  42.11)
   12   Ni  MulP 9.30 8.70 sum 18.00 diff  0.60 (  0.00  41.70)  Ml 0.05 (  0.07  43.26)  Ml+s 0.66 (  0.01  42.94)
   13   Ni  MulP 9.30 8.70 sum 18.00 diff  0.60 (  0.00  41.23)  Ml 0.05 (  0.07  43.87)  Ml+s 0.66 (  0.01  43.33)
   14   Ni  MulP 9.30 8.70 sum 18.00 diff  0.60 (  0.00  38.36)  Ml 0.05 (  0.06  43.19)  Ml+s 0.66 (  0.01  42.26)
   15   Ni  MulP 9.30 8.70 sum 18.00 diff  0.60 (  0.00  38.27)  Ml 0.05 (  0.07  43.05)  Ml+s 0.66 (  0.01  42.13)
   16   Ni  MulP 9.30 8.70 sum 18.00 diff  0.60 (  0.00  35.47)  Ml 0.05 (  0.07  43.50)  Ml+s 0.66 (  0.01  41.92)
   17   Ni  MulP 9.30 8.70 sum 18.00 diff  0.60 (  0.00  36.64)  Ml 0.05 (  0.06  43.19)  Ml+s 0.66 (  0.01  41.86)
   18   Ni  MulP 9.30 8.70 sum 18.00 diff  0.60 (  0.00  40.41)  Ml 0.05 (  0.07  43.62)  Ml+s 0.66 (  0.01  42.89)
   19   Ni  MulP 9.30 8.70 sum 18.00 diff  0.60 (  0.00  40.02)  Ml 0.05 (  0.07  42.99)  Ml+s 0.66 (  0.01  42.34)
   20   Ni  MulP 9.30 8.70 sum 18.00 diff  0.60 (  0.00  40.46)  Ml 0.05 (  0.06  42.70)  Ml+s 0.66 (  0.01  42.20)
     ..........
     ......

 Sum of MulP: up   =  3190.62065 down          =  2983.37935
              total=  6174.00000 ideal(neutral)=  6174.00000
<DFT>  Total Spin Moment    (muB) 207.241298171   Angles    0.001539254    40.786276344
<DFT>  Total Orbital Moment (muB) 18.305598810   Angles    0.064881660    44.834242198
<DFT>  Total Moment         (muB) 225.546886702   Angles    0.006677401    43.977531701
<DFT>  Mixing_weight= 0.014182323919
<DFT>  Uele   =-9095.429763249760  dUele     =   0.746535528086
<DFT>  NormRD =    0.004339700900  Criterion =   0.010000000000

******************* MD= 1  SCF=33 *******************
<Poisson>  Poisson's equation using FFT...
<Set_Hamiltonian>  Hamiltonian matrix for VNA+dVH+Vxc...
<Band>  Solving the eigenvalue problem...
 KGrids1:  -0.33333   0.00000   0.33333 
 KGrids2:  -0.33333  -0.00000   0.33333 
 KGrids3:  -0.33333   0.00000   0.33334 
<Band_DFT>  Eigen, time=126.505525
<Band_DFT>  DM, time=0.000000
    1   Ni  MulP 9.30 8.70 sum 18.00 diff  0.61 (  0.00  39.74)  Ml 0.05 (  0.06  45.20)  Ml+s 0.66 (  0.01  44.32)
    2   Ni  MulP 9.30 8.70 sum 18.00 diff  0.61 (  0.00  41.37)  Ml 0.05 (  0.06  45.61)  Ml+s 0.66 (  0.01  44.98)
    3   Ni  MulP 9.30 8.70 sum 18.00 diff  0.61 (  0.00  42.99)  Ml 0.05 (  0.06  44.94)  Ml+s 0.66 (  0.01  44.66)
    4   Ni  MulP 9.30 8.70 sum 18.00 diff  0.61 (  0.00  44.67)  Ml 0.05 (  0.06  45.04)  Ml+s 0.66 (  0.01  44.98)
    5   Ni  MulP 9.30 8.70 sum 18.00 diff  0.61 (  0.00  42.26)  Ml 0.05 (  0.06  45.15)  Ml+s 0.66 (  0.01  44.64)
    6   Ni  MulP 9.30 8.70 sum 18.00 diff  0.61 (  0.00  40.30)  Ml 0.05 (  0.06  45.12)  Ml+s 0.66 (  0.01  44.16)
    7   Ni  MulP 9.30 8.70 sum 18.00 diff  0.61 (  0.00  39.11)  Ml 0.05 (  0.07  45.10)  Ml+s 0.66 (  0.01  44.00)
    8   Ni  MulP 9.30 8.70 sum 18.00 diff  0.61 (  0.00  33.52)  Ml 0.05 (  0.06  44.58)  Ml+s 0.66 (  0.01  43.21)
    9   Ni  MulP 9.30 8.70 sum 18.00 diff  0.61 (  0.00  33.20)  Ml 0.05 (  0.06  44.90)  Ml+s 0.66 (  0.01  43.29)
   10   Ni  MulP 9.30 8.70 sum 18.00 diff  0.61 (  0.00  35.70)  Ml 0.05 (  0.06  45.13)  Ml+s 0.66 (  0.01  43.61)
   11   Ni  MulP 9.30 8.70 sum 18.00 diff  0.61 (  0.00  40.19)  Ml 0.05 (  0.06  44.43)  Ml+s 0.66 (  0.01  43.65)
   12   Ni  MulP 9.30 8.70 sum 18.00 diff  0.61 (  0.00  42.92)  Ml 0.05 (  0.06  44.71)  Ml+s 0.66 (  0.01  44.35)
   13   Ni  MulP 9.30 8.70 sum 18.00 diff  0.61 (  0.00  42.61)  Ml 0.05 (  0.06  45.15)  Ml+s 0.66 (  0.01  44.69)
   14   Ni  MulP 9.30 8.70 sum 18.00 diff  0.61 (  0.00  38.52)  Ml 0.05 (  0.06  44.89)  Ml+s 0.66 (  0.01  43.98)
   15   Ni  MulP 9.30 8.70 sum 18.00 diff  0.61 (  0.00  38.70)  Ml 0.05 (  0.07  44.83)  Ml+s 0.66 (  0.01  43.66)
   16   Ni  MulP 9.30 8.70 sum 18.00 diff  0.61 (  0.00  34.79)  Ml 0.05 (  0.06  45.03)  Ml+s 0.66 (  0.01  42.97)
   17   Ni  MulP 9.30 8.70 sum 18.00 diff  0.61 (  0.00  37.64)  Ml 0.05 (  0.06  44.87)  Ml+s 0.66 (  0.01  43.29)
   18   Ni  MulP 9.30 8.70 sum 18.00 diff  0.61 (  0.00  40.59)  Ml 0.05 (  0.07  45.12)  Ml+s 0.66 (  0.01  44.02)
   19   Ni  MulP 9.30 8.70 sum 18.00 diff  0.61 (  0.00  40.65)  Ml 0.05 (  0.07  44.58)  Ml+s 0.66 (  0.01  43.65)
   20   Ni  MulP 9.30 8.70 sum 18.00 diff  0.61 (  0.00  42.17)  Ml 0.05 (  0.06  44.93)  Ml+s 0.66 (  0.01  44.30)
     ..........
     ......

 Sum of MulP: up   =  3191.51843 down          =  2982.48157
              total=  6174.00000 ideal(neutral)=  6174.00000
<DFT>  Total Spin Moment    (muB) 209.036850336   Angles    0.001574435    41.534392784
<DFT>  Total Orbital Moment (muB) 18.438308213   Angles    0.064629681    44.930374040
<DFT>  Total Moment         (muB) 227.475148288   Angles    0.006683472    44.195632678
<DFT>  Mixing_weight= 0.014182323919
<DFT>  Uele   =-9096.254221042745  dUele     =   0.824457792985
<DFT>  NormRD =    0.004531374295  Criterion =   0.010000000000

******************* MD= 1  SCF=34 *******************
<Poisson>  Poisson's equation using FFT...
<Set_Hamiltonian>  Hamiltonian matrix for VNA+dVH+Vxc...
<Band>  Solving the eigenvalue problem...
 KGrids1:  -0.33333   0.00000   0.33333 
 KGrids2:  -0.33333  -0.00000   0.33333 
 KGrids3:  -0.33333   0.00000   0.33334 
<Band_DFT>  Eigen, time=126.297135
<Band_DFT>  DM, time=0.000000
    1   Ni  MulP 9.30 8.70 sum 18.00 diff  0.59 (  0.00  46.00)  Ml 0.05 (  0.05  44.43)  Ml+s 0.65 (  0.01  45.18)
    2   Ni  MulP 9.30 8.70 sum 18.00 diff  0.59 (  0.00  45.42)  Ml 0.05 (  0.06  45.05)  Ml+s 0.65 (  0.01  45.23)
    3   Ni  MulP 9.30 8.70 sum 18.00 diff  0.59 (  0.00  44.97)  Ml 0.05 (  0.05  43.78)  Ml+s 0.65 (  0.01  44.37)
    4   Ni  MulP 9.30 8.70 sum 18.00 diff  0.59 (  0.00  45.41)  Ml 0.05 (  0.05  44.81)  Ml+s 0.65 (  0.01  45.11)
    5   Ni  MulP 9.30 8.70 sum 18.00 diff  0.59 (  0.00  45.19)  Ml 0.05 (  0.06  45.58)  Ml+s 0.65 (  0.01  45.38)
    6   Ni  MulP 9.30 8.70 sum 18.00 diff  0.59 (  0.00  45.54)  Ml 0.05 (  0.05  45.02)  Ml+s 0.65 (  0.01  45.27)
    7   Ni  MulP 9.30 8.70 sum 18.00 diff  0.59 (  0.00  46.08)  Ml 0.05 (  0.05  44.20)  Ml+s 0.65 (  0.01  45.11)
    8   Ni  MulP 9.30 8.70 sum 18.00 diff  0.59 (  0.00  43.32)  Ml 0.05 (  0.06  44.00)  Ml+s 0.65 (  0.01  43.68)
    9   Ni  MulP 9.30 8.70 sum 18.00 diff  0.59 (  0.00  43.44)  Ml 0.05 (  0.05  44.27)  Ml+s 0.65 (  0.01  43.87)
   10   Ni  MulP 9.30 8.70 sum 18.00 diff  0.59 (  0.00  43.28)  Ml 0.05 (  0.05  45.29)  Ml+s 0.65 (  0.01  44.35)
   11   Ni  MulP 9.30 8.70 sum 18.00 diff  0.59 (  0.00  43.71)  Ml 0.05 (  0.06  44.41)  Ml+s 0.65 (  0.01  44.08)
   12   Ni  MulP 9.30 8.70 sum 18.00 diff  0.59 (  0.00  45.18)  Ml 0.05 (  0.05  44.67)  Ml+s 0.65 (  0.01  44.92)
   13   Ni  MulP 9.30 8.70 sum 18.00 diff  0.59 (  0.00  45.33)  Ml 0.05 (  0.05  45.39)  Ml+s 0.65 (  0.01  45.36)
   14   Ni  MulP 9.30 8.70 sum 18.00 diff  0.59 (  0.00  43.96)  Ml 0.05 (  0.06  45.19)  Ml+s 0.65 (  0.01  44.60)
   15   Ni  MulP 9.30 8.70 sum 18.00 diff  0.59 (  0.00  42.50)  Ml 0.05 (  0.05  44.75)  Ml+s 0.65 (  0.01  43.67)
   16   Ni  MulP 9.30 8.70 sum 18.00 diff  0.59 (  0.00  40.78)  Ml 0.05 (  0.05  44.68)  Ml+s 0.65 (  0.01  42.82)
   17   Ni  MulP 9.30 8.70 sum 18.00 diff  0.59 (  0.00  41.66)  Ml 0.05 (  0.06  44.91)  Ml+s 0.65 (  0.01  43.36)
   18   Ni  MulP 9.30 8.70 sum 18.00 diff  0.59 (  0.00  44.23)  Ml 0.05 (  0.05  45.26)  Ml+s 0.65 (  0.01  44.74)
   19   Ni  MulP 9.30 8.70 sum 18.00 diff  0.59 (  0.00  43.70)  Ml 0.05 (  0.05  44.30)  Ml+s 0.65 (  0.01  43.99)
   20   Ni  MulP 9.30 8.70 sum 18.00 diff  0.59 (  0.01  43.69)  Ml 0.05 (  0.06  44.86)  Ml+s 0.65 (  0.01  44.27)
     ..........
     ......

 Sum of MulP: up   =  3188.73512 down          =  2985.26488
              total=  6174.00000 ideal(neutral)=  6174.00000
<DFT>  Total Spin Moment    (muB) 203.470240782   Angles    0.004826989    43.898745076
<DFT>  Total Orbital Moment (muB) 18.022904118   Angles    0.054744655    44.764084569
<DFT>  Total Moment         (muB) 221.493138616   Angles    0.008888538    44.332405714
<DFT>  Mixing_weight= 0.014182323919
<DFT>  Uele   =-9093.659792101414  dUele     =   2.594428941331
<DFT>  NormRD =    0.004468487923  Criterion =   0.010000000000

******************* MD= 1  SCF=35 *******************
<Poisson>  Poisson's equation using FFT...
<Set_Hamiltonian>  Hamiltonian matrix for VNA+dVH+Vxc...
<Band>  Solving the eigenvalue problem...
 KGrids1:  -0.33333   0.00000   0.33333 
 KGrids2:  -0.33333  -0.00000   0.33333 
 KGrids3:  -0.33333   0.00000   0.33334 
<Band_DFT>  Eigen, time=126.286732
<Band_DFT>  DM, time=0.000000
    1   Ni  MulP 9.29 8.71 sum 18.00 diff  0.58 (  0.01  47.99)  Ml 0.05 (  0.04  45.48)  Ml+s 0.63 (  0.01  47.22)
    2   Ni  MulP 9.29 8.71 sum 18.00 diff  0.58 (  0.01  46.93)  Ml 0.05 (  0.05  42.70)  Ml+s 0.63 (  0.01  45.64)
    3   Ni  MulP 9.29 8.71 sum 18.00 diff  0.58 (  0.01  46.35)  Ml 0.05 (  0.04  46.46)  Ml+s 0.63 (  0.01  46.38)
    4   Ni  MulP 9.29 8.71 sum 18.00 diff  0.58 (  0.01  46.88)  Ml 0.05 (  0.04  46.08)  Ml+s 0.63 (  0.01  46.66)
    5   Ni  MulP 9.29 8.71 sum 18.00 diff  0.58 (  0.01  46.62)  Ml 0.05 (  0.04  45.21)  Ml+s 0.63 (  0.01  46.22)
    6   Ni  MulP 9.29 8.71 sum 18.00 diff  0.58 (  0.01  47.36)  Ml 0.05 (  0.05  45.13)  Ml+s 0.63 (  0.01  46.66)
    7   Ni  MulP 9.29 8.71 sum 18.00 diff  0.58 (  0.01  48.06)  Ml 0.05 (  0.04  45.82)  Ml+s 0.63 (  0.01  47.41)
    8   Ni  MulP 9.29 8.71 sum 18.00 diff  0.58 (  0.01  44.92)  Ml 0.05 (  0.04  48.76)  Ml+s 0.63 (  0.01  46.11)
    9   Ni  MulP 9.29 8.71 sum 18.00 diff  0.58 (  0.01  44.65)  Ml 0.05 (  0.05  46.52)  Ml+s 0.63 (  0.01  45.27)
   10   Ni  MulP 9.29 8.71 sum 18.00 diff  0.58 (  0.01  44.50)  Ml 0.05 (  0.04  43.65)  Ml+s 0.63 (  0.01  44.23)
   11   Ni  MulP 9.29 8.71 sum 18.00 diff  0.58 (  0.01  45.13)  Ml 0.05 (  0.04  47.40)  Ml+s 0.63 (  0.01  45.84)
   12   Ni  MulP 9.29 8.71 sum 18.00 diff  0.58 (  0.01  46.68)  Ml 0.05 (  0.04  45.23)  Ml+s 0.63 (  0.01  46.25)
   13   Ni  MulP 9.29 8.71 sum 18.00 diff  0.58 (  0.01  47.00)  Ml 0.05 (  0.05  42.50)  Ml+s 0.63 (  0.01  45.61)
   14   Ni  MulP 9.29 8.71 sum 18.00 diff  0.58 (  0.01  45.77)  Ml 0.05 (  0.04  45.70)  Ml+s 0.63 (  0.01  45.75)
   15   Ni  MulP 9.29 8.71 sum 18.00 diff  0.58 (  0.01  43.50)  Ml 0.05 (  0.04  46.03)  Ml+s 0.63 (  0.01  44.25)
   16   Ni  MulP 9.29 8.71 sum 18.00 diff  0.58 (  0.01  41.33)  Ml 0.05 (  0.04  43.03)  Ml+s 0.63 (  0.01  41.87)
   17   Ni  MulP 9.29 8.71 sum 18.00 diff  0.58 (  0.01  42.43)  Ml 0.05 (  0.05  43.98)  Ml+s 0.63 (  0.01  42.92)
   18   Ni  MulP 9.29 8.71 sum 18.00 diff  0.58 (  0.01  45.13)  Ml 0.05 (  0.04  43.00)  Ml+s 0.63 (  0.01  44.52)
   19   Ni  MulP 9.29 8.71 sum 18.00 diff  0.58 (  0.01  44.69)  Ml 0.05 (  0.04  46.84)  Ml+s 0.63 (  0.01  45.29)
   20   Ni  MulP 9.29 8.71 sum 18.00 diff  0.58 (  0.01  44.89)  Ml 0.05 (  0.05  44.81)  Ml+s 0.63 (  0.01  44.87)
     ..........
     ......

 Sum of MulP: up   =  3186.64501 down          =  2987.35499
              total=  6174.00000 ideal(neutral)=  6174.00000
<DFT>  Total Spin Moment    (muB) 199.290015185   Angles    0.009536701    45.058049665
<DFT>  Total Orbital Moment (muB) 17.702064257   Angles    0.043876147    44.698210253
<DFT>  Total Moment         (muB) 216.992076521   Angles    0.012338039    44.953657368
<DFT>  Mixing_weight= 0.014182323919
<DFT>  Uele   =-9091.277020317466  dUele     =   2.382771783949
<DFT>  NormRD =    0.002096249394  Criterion =   0.010000000000

******************* MD= 1  SCF=36 *******************
<Poisson>  Poisson's equation using FFT...
<Set_Hamiltonian>  Hamiltonian matrix for VNA+dVH+Vxc...
<Band>  Solving the eigenvalue problem...
 KGrids1:  -0.33333   0.00000   0.33333 
 KGrids2:  -0.33333  -0.00000   0.33333 
 KGrids3:  -0.33333   0.00000   0.33334 
<Band_DFT>  Eigen, time=187.205142
<Band_DFT>  DM, time=0.000000
    1   Ni  MulP 9.29 8.71 sum 18.00 diff  0.58 (  0.01  48.29)  Ml 0.05 (  0.04  49.16)  Ml+s 0.64 (  0.01  48.55)
    2   Ni  MulP 9.29 8.71 sum 18.00 diff  0.58 (  0.01  47.03)  Ml 0.05 (  0.05  38.50)  Ml+s 0.64 (  0.01  44.39)
    3   Ni  MulP 9.29 8.71 sum 18.00 diff  0.58 (  0.01  46.70)  Ml 0.05 (  0.05  54.26)  Ml+s 0.64 (  0.01  49.04)
    4   Ni  MulP 9.29 8.71 sum 18.00 diff  0.58 (  0.01  47.14)  Ml 0.05 (  0.04  48.83)  Ml+s 0.64 (  0.01  47.60)
    5   Ni  MulP 9.29 8.71 sum 18.00 diff  0.58 (  0.01  46.89)  Ml 0.05 (  0.04  42.04)  Ml+s 0.64 (  0.01  45.62)
    6   Ni  MulP 9.29 8.71 sum 18.00 diff  0.58 (  0.01  47.25)  Ml 0.05 (  0.05  45.41)  Ml+s 0.64 (  0.01  46.65)
    7   Ni  MulP 9.29 8.71 sum 18.00 diff  0.58 (  0.01  47.93)  Ml 0.05 (  0.04  51.68)  Ml+s 0.64 (  0.01  48.96)
    8   Ni  MulP 9.29 8.71 sum 18.00 diff  0.58 (  0.01  45.60)  Ml 0.05 (  0.04  60.14)  Ml+s 0.64 (  0.01  49.88)
    9   Ni  MulP 9.29 8.71 sum 18.00 diff  0.58 (  0.01  44.76)  Ml 0.05 (  0.06  49.09)  Ml+s 0.64 (  0.01  46.38)
   10   Ni  MulP 9.29 8.71 sum 18.00 diff  0.59 (  0.01  44.38)  Ml 0.05 (  0.04  36.49)  Ml+s 0.64 (  0.01  42.08)
   11   Ni  MulP 9.29 8.71 sum 18.00 diff  0.58 (  0.01  45.35)  Ml 0.05 (  0.04  51.78)  Ml+s 0.64 (  0.01  47.16)
   12   Ni  MulP 9.29 8.71 sum 18.00 diff  0.58 (  0.01  47.07)  Ml 0.05 (  0.04  45.28)  Ml+s 0.64 (  0.01  46.56)
   13   Ni  MulP 9.29 8.71 sum 18.00 diff  0.58 (  0.01  47.28)  Ml 0.05 (  0.05  37.13)  Ml+s 0.64 (  0.01  43.90)
   14   Ni  MulP 9.29 8.71 sum 18.00 diff  0.58 (  0.01  46.33)  Ml 0.05 (  0.04  45.34)  Ml+s 0.64 (  0.01  46.04)
   15   Ni  MulP 9.29 8.71 sum 18.00 diff  0.58 (  0.01  43.80)  Ml 0.05 (  0.04  47.94)  Ml+s 0.63 (  0.01  44.91)
   16   Ni  MulP 9.29 8.71 sum 18.00 diff  0.58 (  0.01  41.27)  Ml 0.05 (  0.05  40.51)  Ml+s 0.64 (  0.01  41.03)
   17   Ni  MulP 9.29 8.71 sum 18.00 diff  0.58 (  0.01  42.72)  Ml 0.05 (  0.05  41.21)  Ml+s 0.64 (  0.01  42.27)
   18   Ni  MulP 9.29 8.71 sum 18.00 diff  0.58 (  0.01  45.09)  Ml 0.05 (  0.05  36.57)  Ml+s 0.64 (  0.01  42.71)
   19   Ni  MulP 9.29 8.71 sum 18.00 diff  0.58 (  0.01  44.41)  Ml 0.05 (  0.04  50.44)  Ml+s 0.64 (  0.01  46.02)
   20   Ni  MulP 9.29 8.71 sum 18.00 diff  0.59 (  0.01  44.61)  Ml 0.05 (  0.05  43.07)  Ml+s 0.64 (  0.01  44.15)
     ..........
     ......

 Sum of MulP: up   =  3187.18848 down          =  2986.81152
              total=  6174.00000 ideal(neutral)=  6174.00000
<DFT>  Total Spin Moment    (muB) 200.376955842   Angles    0.010229660    45.226439422
<DFT>  Total Orbital Moment (muB) 17.786981957   Angles    0.044491721    45.107198625
<DFT>  Total Moment         (muB) 218.163934878   Angles    0.013023052    45.193226257
<DFT>  Mixing_weight= 0.014182323919
<DFT>  Uele   =-9091.725727860288  dUele     =   0.448707542822
<DFT>  NormRD =    0.005661042402  Criterion =   0.010000000000

******************* MD= 1  SCF=37 *******************
<Poisson>  Poisson's equation using FFT...
<Set_Hamiltonian>  Hamiltonian matrix for VNA+dVH+Vxc...
<Band>  Solving the eigenvalue problem...
 KGrids1:  -0.33333   0.00000   0.33333 
 KGrids2:  -0.33333  -0.00000   0.33333 
 KGrids3:  -0.33333   0.00000   0.33334 
<Band_DFT>  Eigen, time=126.079978
<Band_DFT>  DM, time=0.000001
    1   Ni  MulP 9.29 8.71 sum 18.00 diff  0.58 (  0.01  46.07)  Ml 0.05 (  0.04  48.28)  Ml+s 0.64 (  0.01  46.74)
    2   Ni  MulP 9.29 8.71 sum 18.00 diff  0.58 (  0.01  45.41)  Ml 0.05 (  0.04  41.78)  Ml+s 0.64 (  0.01  44.26)
    3   Ni  MulP 9.29 8.71 sum 18.00 diff  0.58 (  0.01  45.21)  Ml 0.05 (  0.05  52.01)  Ml+s 0.64 (  0.01  47.47)
    4   Ni  MulP 9.29 8.71 sum 18.00 diff  0.58 (  0.01  45.37)  Ml 0.05 (  0.04  47.62)  Ml+s 0.64 (  0.01  46.06)
    5   Ni  MulP 9.29 8.71 sum 18.00 diff  0.58 (  0.01  45.24)  Ml 0.05 (  0.04  42.77)  Ml+s 0.64 (  0.01  44.49)
    6   Ni  MulP 9.29 8.71 sum 18.00 diff  0.59 (  0.01  45.66)  Ml 0.05 (  0.04  46.77)  Ml+s 0.64 (  0.01  46.02)
    7   Ni  MulP 9.29 8.71 sum 18.00 diff  0.58 (  0.01  45.99)  Ml 0.05 (  0.04  49.86)  Ml+s 0.64 (  0.01  47.19)
    8   Ni  MulP 9.29 8.71 sum 18.00 diff  0.58 (  0.01  44.65)  Ml 0.05 (  0.04  51.53)  Ml+s 0.64 (  0.01  46.81)
    9   Ni  MulP 9.29 8.71 sum 18.00 diff  0.58 (  0.01  44.30)  Ml 0.05 (  0.05  45.50)  Ml+s 0.64 (  0.01  44.73)
   10   Ni  MulP 9.29 8.71 sum 18.00 diff  0.58 (  0.01  44.08)  Ml 0.05 (  0.04  37.78)  Ml+s 0.64 (  0.01  42.06)
   11   Ni  MulP 9.29 8.71 sum 18.00 diff  0.58 (  0.01  44.54)  Ml 0.05 (  0.04  45.89)  Ml+s 0.64 (  0.01  44.96)
   12   Ni  MulP 9.29 8.71 sum 18.00 diff  0.58 (  0.01  45.55)  Ml 0.05 (  0.04  45.28)  Ml+s 0.64 (  0.01  45.47)
   13   Ni  MulP 9.29 8.71 sum 18.00 diff  0.58 (  0.01  45.58)  Ml 0.05 (  0.05  41.88)  Ml+s 0.64 (  0.01  44.36)
   14   Ni  MulP 9.29 8.71 sum 18.00 diff  0.58 (  0.01  44.96)  Ml 0.05 (  0.04  45.98)  Ml+s 0.64 (  0.01  45.28)
   15   Ni  MulP 9.29 8.71 sum 18.00 diff  0.58 (  0.01  43.81)  Ml 0.05 (  0.05  45.77)  Ml+s 0.64 (  0.01  44.45)
   16   Ni  MulP 9.29 8.71 sum 18.00 diff  0.58 (  0.01  42.56)  Ml 0.05 (  0.05  43.57)  Ml+s 0.64 (  0.01  42.90)
   17   Ni  MulP 9.29 8.71 sum 18.00 diff  0.58 (  0.01  43.37)  Ml 0.05 (  0.04  42.70)  Ml+s 0.64 (  0.01  43.16)
   18   Ni  MulP 9.29 8.71 sum 18.00 diff  0.59 (  0.01  44.50)  Ml 0.05 (  0.04  38.92)  Ml+s 0.64 (  0.01  42.78)
   19   Ni  MulP 9.29 8.71 sum 18.00 diff  0.58 (  0.01  43.99)  Ml 0.05 (  0.04  45.66)  Ml+s 0.64 (  0.01  44.49)
   20   Ni  MulP 9.29 8.71 sum 18.00 diff  0.58 (  0.01  43.90)  Ml 0.05 (  0.04  41.04)  Ml+s 0.64 (  0.01  43.03)
     ..........
     ......

 Sum of MulP: up   =  3187.28726 down          =  2986.71274
              total=  6174.00000 ideal(neutral)=  6174.00000
<DFT>  Total Spin Moment    (muB) 200.574510930   Angles    0.008470457    44.503559802
<DFT>  Total Orbital Moment (muB) 17.802438702   Angles    0.043154281    44.977107498
<DFT>  Total Moment         (muB) 218.376946635   Angles    0.011297855    44.651014917
<DFT>  Mixing_weight= 0.014182323919
<DFT>  Uele   =-9091.814039399953  dUele     =   0.088311539665
<DFT>  NormRD =    0.004067914176  Criterion =   0.010000000000

******************* MD= 1  SCF=38 *******************
<Poisson>  Poisson's equation using FFT...
<Set_Hamiltonian>  Hamiltonian matrix for VNA+dVH+Vxc...
<Band>  Solving the eigenvalue problem...
 KGrids1:  -0.33333   0.00000   0.33333 
 KGrids2:  -0.33333  -0.00000   0.33333 
 KGrids3:  -0.33333   0.00000   0.33334 
<Band_DFT>  Eigen, time=126.333751
<Band_DFT>  DM, time=0.000000
    1   Ni  MulP 9.29 8.71 sum 18.00 diff  0.58 (  0.01  45.57)  Ml 0.05 (  0.04  45.76)  Ml+s 0.64 (  0.01  45.63)
    2   Ni  MulP 9.29 8.71 sum 18.00 diff  0.58 (  0.01  45.18)  Ml 0.05 (  0.04  44.70)  Ml+s 0.64 (  0.01  45.03)
    3   Ni  MulP 9.29 8.71 sum 18.00 diff  0.58 (  0.01  44.87)  Ml 0.05 (  0.04  47.35)  Ml+s 0.64 (  0.01  45.66)
    4   Ni  MulP 9.29 8.71 sum 18.00 diff  0.58 (  0.01  44.93)  Ml 0.05 (  0.04  46.40)  Ml+s 0.64 (  0.01  45.39)
    5   Ni  MulP 9.29 8.71 sum 18.00 diff  0.58 (  0.01  44.82)  Ml 0.05 (  0.04  44.90)  Ml+s 0.64 (  0.01  44.85)
    6   Ni  MulP 9.29 8.71 sum 18.00 diff  0.58 (  0.01  45.27)  Ml 0.05 (  0.04  46.65)  Ml+s 0.64 (  0.01  45.70)
    7   Ni  MulP 9.29 8.71 sum 18.00 diff  0.58 (  0.01  45.53)  Ml 0.05 (  0.04  46.26)  Ml+s 0.64 (  0.01  45.77)
    8   Ni  MulP 9.29 8.71 sum 18.00 diff  0.58 (  0.01  44.45)  Ml 0.05 (  0.04  43.51)  Ml+s 0.64 (  0.01  44.14)
    9   Ni  MulP 9.29 8.71 sum 18.00 diff  0.58 (  0.01  44.23)  Ml 0.05 (  0.04  43.40)  Ml+s 0.64 (  0.01  43.96)
   10   Ni  MulP 9.29 8.71 sum 18.00 diff  0.58 (  0.01  44.07)  Ml 0.05 (  0.04  43.87)  Ml+s 0.64 (  0.01  44.00)
   11   Ni  MulP 9.29 8.71 sum 18.00 diff  0.58 (  0.01  44.42)  Ml 0.05 (  0.04  45.28)  Ml+s 0.64 (  0.01  44.70)
   12   Ni  MulP 9.29 8.71 sum 18.00 diff  0.58 (  0.01  45.30)  Ml 0.05 (  0.04  45.91)  Ml+s 0.64 (  0.01  45.50)
   13   Ni  MulP 9.29 8.71 sum 18.00 diff  0.58 (  0.01  45.30)  Ml 0.05 (  0.04  45.15)  Ml+s 0.64 (  0.01  45.25)
   14   Ni  MulP 9.29 8.71 sum 18.00 diff  0.58 (  0.01  44.75)  Ml 0.05 (  0.04  44.09)  Ml+s 0.64 (  0.01  44.53)
   15   Ni  MulP 9.29 8.71 sum 18.00 diff  0.58 (  0.01  43.82)  Ml 0.05 (  0.04  43.22)  Ml+s 0.64 (  0.01  43.63)
   16   Ni  MulP 9.29 8.71 sum 18.00 diff  0.58 (  0.01  42.93)  Ml 0.05 (  0.04  45.03)  Ml+s 0.64 (  0.01  43.61)
   17   Ni  MulP 9.29 8.71 sum 18.00 diff  0.58 (  0.01  43.64)  Ml 0.05 (  0.04  45.82)  Ml+s 0.64 (  0.01  44.36)
   18   Ni  MulP 9.29 8.71 sum 18.00 diff  0.58 (  0.01  44.52)  Ml 0.05 (  0.04  45.30)  Ml+s 0.64 (  0.01  44.77)
   19   Ni  MulP 9.29 8.71 sum 18.00 diff  0.58 (  0.01  44.02)  Ml 0.05 (  0.04  44.92)  Ml+s 0.64 (  0.01  44.30)
   20   Ni  MulP 9.29 8.71 sum 18.00 diff  0.58 (  0.01  43.82)  Ml 0.05 (  0.04  42.86)  Ml+s 0.64 (  0.01  43.53)
     ..........
     ......

 Sum of MulP: up   =  3187.29630 down          =  2986.70370
              total=  6174.00000 ideal(neutral)=  6174.00000
<DFT>  Total Spin Moment    (muB) 200.592604599   Angles    0.008205416    44.346446141
<DFT>  Total Orbital Moment (muB) 17.803997173   Angles    0.042713194    44.945795650
<DFT>  Total Moment         (muB) 218.396598806   Angles    0.011018408    44.535849565
<DFT>  Mixing_weight= 0.014182323919
<DFT>  Uele   =-9091.828920371821  dUele     =   0.014880971868
<DFT>  NormRD =    0.002787452085  Criterion =   0.010000000000

******************* MD= 1  SCF=39 *******************
<Poisson>  Poisson's equation using FFT...
<Set_Hamiltonian>  Hamiltonian matrix for VNA+dVH+Vxc...
<Band>  Solving the eigenvalue problem...
 KGrids1:  -0.33333   0.00000   0.33333 
 KGrids2:  -0.33333  -0.00000   0.33333 
 KGrids3:  -0.33333   0.00000   0.33334 
<Band_DFT>  Eigen, time=126.337364
<Band_DFT>  DM, time=0.000000
    1   Ni  MulP 9.29 8.71 sum 18.00 diff  0.58 (  0.01  45.20)  Ml 0.05 (  0.05  47.84)  Ml+s 0.64 (  0.01  46.07)
    2   Ni  MulP 9.29 8.71 sum 18.00 diff  0.58 (  0.01  44.93)  Ml 0.05 (  0.04  53.31)  Ml+s 0.64 (  0.01  47.55)
    3   Ni  MulP 9.29 8.71 sum 18.00 diff  0.58 (  0.01  44.47)  Ml 0.05 (  0.04  38.06)  Ml+s 0.64 (  0.01  42.58)
    4   Ni  MulP 9.29 8.71 sum 18.00 diff  0.58 (  0.01  44.54)  Ml 0.05 (  0.04  45.54)  Ml+s 0.64 (  0.01  44.86)
    5   Ni  MulP 9.29 8.71 sum 18.00 diff  0.58 (  0.01  44.64)  Ml 0.05 (  0.04  51.81)  Ml+s 0.64 (  0.01  46.86)
    6   Ni  MulP 9.29 8.71 sum 18.00 diff  0.58 (  0.01  44.87)  Ml 0.05 (  0.04  46.00)  Ml+s 0.64 (  0.01  45.22)
    7   Ni  MulP 9.29 8.71 sum 18.00 diff  0.58 (  0.01  44.99)  Ml 0.05 (  0.04  44.53)  Ml+s 0.64 (  0.01  44.85)
    8   Ni  MulP 9.29 8.71 sum 18.00 diff  0.58 (  0.01  44.58)  Ml 0.05 (  0.05  43.34)  Ml+s 0.64 (  0.01  44.16)
    9   Ni  MulP 9.29 8.71 sum 18.00 diff  0.58 (  0.01  44.40)  Ml 0.05 (  0.04  47.37)  Ml+s 0.64 (  0.01  45.27)
   10   Ni  MulP 9.29 8.71 sum 18.00 diff  0.58 (  0.01  44.24)  Ml 0.05 (  0.05  51.35)  Ml+s 0.64 (  0.01  46.61)
   11   Ni  MulP 9.29 8.71 sum 18.00 diff  0.58 (  0.01  44.32)  Ml 0.05 (  0.04  41.84)  Ml+s 0.64 (  0.01  43.56)
   12   Ni  MulP 9.29 8.71 sum 18.00 diff  0.58 (  0.01  45.03)  Ml 0.05 (  0.04  41.93)  Ml+s 0.64 (  0.01  44.06)
   13   Ni  MulP 9.29 8.71 sum 18.00 diff  0.58 (  0.01  44.92)  Ml 0.05 (  0.04  47.57)  Ml+s 0.64 (  0.01  45.71)
   14   Ni  MulP 9.29 8.71 sum 18.00 diff  0.58 (  0.01  44.80)  Ml 0.05 (  0.04  47.16)  Ml+s 0.64 (  0.01  45.55)
   15   Ni  MulP 9.29 8.71 sum 18.00 diff  0.58 (  0.01  43.94)  Ml 0.05 (  0.04  46.33)  Ml+s 0.64 (  0.01  44.66)
   16   Ni  MulP 9.29 8.71 sum 18.00 diff  0.58 (  0.01  43.40)  Ml 0.05 (  0.04  44.57)  Ml+s 0.64 (  0.01  43.77)
   17   Ni  MulP 9.29 8.71 sum 18.00 diff  0.58 (  0.01  43.85)  Ml 0.05 (  0.04  43.91)  Ml+s 0.64 (  0.01  43.87)
   18   Ni  MulP 9.29 8.71 sum 18.00 diff  0.58 (  0.01  44.58)  Ml 0.05 (  0.04  47.51)  Ml+s 0.64 (  0.01  45.46)
   19   Ni  MulP 9.29 8.71 sum 18.00 diff  0.58 (  0.01  44.00)  Ml 0.05 (  0.04  41.44)  Ml+s 0.64 (  0.01  43.21)
   20   Ni  MulP 9.29 8.71 sum 18.00 diff  0.58 (  0.01  43.91)  Ml 0.05 (  0.04  48.98)  Ml+s 0.64 (  0.01  45.46)
     ..........
     ......

 Sum of MulP: up   =  3187.26332 down          =  2986.73668
              total=  6174.00000 ideal(neutral)=  6174.00000
<DFT>  Total Spin Moment    (muB) 200.526638557   Angles    0.008564177    44.219722810
<DFT>  Total Orbital Moment (muB) 17.799786417   Angles    0.043063060    44.987526742
<DFT>  Total Moment         (muB) 218.326422010   Angles    0.011376595    44.456663480
<DFT>  Mixing_weight= 0.014182323919
<DFT>  Uele   =-9091.852436922163  dUele     =   0.023516550342
<DFT>  NormRD =    0.000814082726  Criterion =   0.010000000000

******************* MD= 1  SCF=40 *******************
<Poisson>  Poisson's equation using FFT...
<Set_Hamiltonian>  Hamiltonian matrix for VNA+dVH+Vxc...
<Band>  Solving the eigenvalue problem...
 KGrids1:  -0.33333   0.00000   0.33333 
 KGrids2:  -0.33333  -0.00000   0.33333 
 KGrids3:  -0.33333   0.00000   0.33334 
<Band_DFT>  Eigen, time=187.387748
<Band_DFT>  DM, time=0.000000
    1   Ni  MulP 9.29 8.71 sum 18.00 diff  0.58 (  0.01  44.95)  Ml 0.05 (  0.05  43.70)  Ml+s 0.64 (  0.01  44.53)
    2   Ni  MulP 9.29 8.71 sum 18.00 diff  0.58 (  0.01  44.67)  Ml 0.05 (  0.04  50.66)  Ml+s 0.64 (  0.01  46.54)
    3   Ni  MulP 9.29 8.71 sum 18.00 diff  0.58 (  0.01  44.13)  Ml 0.05 (  0.04  30.57)  Ml+s 0.64 (  0.01  40.10)
    4   Ni  MulP 9.29 8.71 sum 18.00 diff  0.58 (  0.01  44.23)  Ml 0.05 (  0.05  40.67)  Ml+s 0.64 (  0.01  43.06)
    5   Ni  MulP 9.29 8.71 sum 18.00 diff  0.58 (  0.01  44.46)  Ml 0.05 (  0.04  48.64)  Ml+s 0.64 (  0.01  45.75)
    6   Ni  MulP 9.29 8.71 sum 18.00 diff  0.58 (  0.01  44.67)  Ml 0.05 (  0.04  40.71)  Ml+s 0.64 (  0.01  43.45)
    7   Ni  MulP 9.29 8.71 sum 18.00 diff  0.58 (  0.01  44.76)  Ml 0.05 (  0.04  38.66)  Ml+s 0.64 (  0.01  42.97)
    8   Ni  MulP 9.29 8.71 sum 18.00 diff  0.58 (  0.01  44.55)  Ml 0.05 (  0.05  42.75)  Ml+s 0.64 (  0.01  43.94)
    9   Ni  MulP 9.29 8.71 sum 18.00 diff  0.59 (  0.01  44.42)  Ml 0.05 (  0.04  47.42)  Ml+s 0.64 (  0.01  45.29)
   10   Ni  MulP 9.29 8.71 sum 18.00 diff  0.58 (  0.01  44.29)  Ml 0.05 (  0.05  51.44)  Ml+s 0.64 (  0.01  46.74)
   11   Ni  MulP 9.29 8.71 sum 18.00 diff  0.59 (  0.01  44.24)  Ml 0.05 (  0.04  39.42)  Ml+s 0.64 (  0.01  42.76)
   12   Ni  MulP 9.29 8.71 sum 18.00 diff  0.59 (  0.01  44.80)  Ml 0.05 (  0.05  39.46)  Ml+s 0.64 (  0.01  43.11)
   13   Ni  MulP 9.29 8.71 sum 18.00 diff  0.59 (  0.01  44.71)  Ml 0.05 (  0.04  46.54)  Ml+s 0.64 (  0.01  45.24)
   14   Ni  MulP 9.29 8.71 sum 18.00 diff  0.58 (  0.01  44.73)  Ml 0.05 (  0.04  46.83)  Ml+s 0.64 (  0.01  45.38)
   15   Ni  MulP 9.29 8.71 sum 18.00 diff  0.58 (  0.01  43.96)  Ml 0.05 (  0.04  48.58)  Ml+s 0.64 (  0.01  45.34)
   16   Ni  MulP 9.29 8.71 sum 18.00 diff  0.58 (  0.01  43.58)  Ml 0.05 (  0.05  45.14)  Ml+s 0.64 (  0.01  44.08)
   17   Ni  MulP 9.29 8.71 sum 18.00 diff  0.59 (  0.01  43.90)  Ml 0.05 (  0.04  43.70)  Ml+s 0.64 (  0.01  43.84)
   18   Ni  MulP 9.29 8.71 sum 18.00 diff  0.58 (  0.01  44.62)  Ml 0.05 (  0.04  48.44)  Ml+s 0.64 (  0.01  45.77)
   19   Ni  MulP 9.29 8.71 sum 18.00 diff  0.59 (  0.01  44.07)  Ml 0.05 (  0.05  41.53)  Ml+s 0.64 (  0.01  43.28)
   20   Ni  MulP 9.29 8.71 sum 18.00 diff  0.59 (  0.01  44.06)  Ml 0.05 (  0.05  51.46)  Ml+s 0.64 (  0.01  46.36)
     ..........
     ......

 Sum of MulP: up   =  3187.28401 down          =  2986.71599
              total=  6174.00000 ideal(neutral)=  6174.00000
<DFT>  Total Spin Moment    (muB) 200.568029751   Angles    0.008693592    44.191518246
<DFT>  Total Orbital Moment (muB) 17.802816785   Angles    0.043788429    44.960796231
<DFT>  Total Moment         (muB) 218.370843469   Angles    0.011554497    44.429187956
<DFT>  Mixing_weight= 0.014182323919
<DFT>  Uele   =-9091.866929313706  dUele     =   0.014492391543
<DFT>  NormRD =    0.005378109810  Criterion =   0.010000000000

******************* MD= 1  SCF=41 *******************
<Poisson>  Poisson's equation using FFT...
<Set_Hamiltonian>  Hamiltonian matrix for VNA+dVH+Vxc...
<Band>  Solving the eigenvalue problem...
 KGrids1:  -0.33333   0.00000   0.33333 
 KGrids2:  -0.33333  -0.00000   0.33333 
 KGrids3:  -0.33333   0.00000   0.33334 
<Band_DFT>  Eigen, time=126.479925
<Band_DFT>  DM, time=0.000000
    1   Ni  MulP 9.29 8.71 sum 18.00 diff  0.58 (  0.01  44.70)  Ml 0.05 (  0.05  44.62)  Ml+s 0.64 (  0.01  44.67)
    2   Ni  MulP 9.29 8.71 sum 18.00 diff  0.59 (  0.01  44.48)  Ml 0.05 (  0.04  53.07)  Ml+s 0.64 (  0.01  47.05)
    3   Ni  MulP 9.29 8.71 sum 18.00 diff  0.59 (  0.01  44.02)  Ml 0.05 (  0.04  36.21)  Ml+s 0.64 (  0.01  41.89)
    4   Ni  MulP 9.29 8.71 sum 18.00 diff  0.59 (  0.01  44.03)  Ml 0.05 (  0.05  43.48)  Ml+s 0.64 (  0.01  43.86)
    5   Ni  MulP 9.29 8.71 sum 18.00 diff  0.59 (  0.01  44.43)  Ml 0.05 (  0.04  51.69)  Ml+s 0.64 (  0.01  46.54)
    6   Ni  MulP 9.29 8.71 sum 18.00 diff  0.59 (  0.01  44.62)  Ml 0.05 (  0.04  45.42)  Ml+s 0.64 (  0.01  44.86)
    7   Ni  MulP 9.29 8.71 sum 18.00 diff  0.59 (  0.01  44.69)  Ml 0.05 (  0.04  42.90)  Ml+s 0.64 (  0.01  44.14)
    8   Ni  MulP 9.29 8.71 sum 18.00 diff  0.59 (  0.01  44.52)  Ml 0.05 (  0.05  44.24)  Ml+s 0.64 (  0.01  44.43)
    9   Ni  MulP 9.29 8.71 sum 18.00 diff  0.59 (  0.01  44.48)  Ml 0.05 (  0.04  48.75)  Ml+s 0.64 (  0.01  45.62)
   10   Ni  MulP 9.29 8.71 sum 18.00 diff  0.59 (  0.01  44.42)  Ml 0.05 (  0.05  51.92)  Ml+s 0.64 (  0.01  46.72)
   11   Ni  MulP 9.29 8.71 sum 18.00 diff  0.59 (  0.01  44.34)  Ml 0.05 (  0.04  40.62)  Ml+s 0.64 (  0.01  43.27)
   12   Ni  MulP 9.29 8.71 sum 18.00 diff  0.59 (  0.01  44.61)  Ml 0.05 (  0.05  42.52)  Ml+s 0.64 (  0.01  43.98)
   13   Ni  MulP 9.29 8.71 sum 18.00 diff  0.59 (  0.01  44.50)  Ml 0.05 (  0.04  49.05)  Ml+s 0.64 (  0.01  45.80)
   14   Ni  MulP 9.29 8.71 sum 18.00 diff  0.59 (  0.01  44.59)  Ml 0.05 (  0.05  48.01)  Ml+s 0.64 (  0.01  45.66)
   15   Ni  MulP 9.29 8.71 sum 18.00 diff  0.59 (  0.01  43.93)  Ml 0.05 (  0.04  45.42)  Ml+s 0.64 (  0.01  44.37)
   16   Ni  MulP 9.29 8.71 sum 18.00 diff  0.59 (  0.01  43.84)  Ml 0.05 (  0.04  42.26)  Ml+s 0.64 (  0.01  43.38)
   17   Ni  MulP 9.29 8.71 sum 18.00 diff  0.59 (  0.01  44.01)  Ml 0.05 (  0.04  38.89)  Ml+s 0.64 (  0.01  42.56)
   18   Ni  MulP 9.29 8.71 sum 18.00 diff  0.58 (  0.01  44.46)  Ml 0.05 (  0.04  44.39)  Ml+s 0.64 (  0.01  44.44)
   19   Ni  MulP 9.29 8.71 sum 18.00 diff  0.59 (  0.01  44.03)  Ml 0.05 (  0.05  39.40)  Ml+s 0.64 (  0.01  42.62)
   20   Ni  MulP 9.29 8.71 sum 18.00 diff  0.59 (  0.01  43.96)  Ml 0.05 (  0.05  48.35)  Ml+s 0.64 (  0.01  45.29)
     ..........
     ......

 Sum of MulP: up   =  3187.32852 down          =  2986.67148
              total=  6174.00000 ideal(neutral)=  6174.00000
<DFT>  Total Spin Moment    (muB) 200.657032998   Angles    0.009257736    44.148639966
<DFT>  Total Orbital Moment (muB) 17.809640894   Angles    0.044167650    44.921864874
<DFT>  Total Moment         (muB) 218.466670855   Angles    0.012103400    44.378657354
<DFT>  Mixing_weight= 0.014182323919
<DFT>  Uele   =-9091.886776042980  dUele     =   0.019846729274
<DFT>  NormRD =    0.003012477329  Criterion =   0.010000000000

******************* MD= 1  SCF=42 *******************
<Poisson>  Poisson's equation using FFT...
<Set_Hamiltonian>  Hamiltonian matrix for VNA+dVH+Vxc...
<Band>  Solving the eigenvalue problem...
 KGrids1:  -0.33333   0.00000   0.33333 
 KGrids2:  -0.33333  -0.00000   0.33333 
 KGrids3:  -0.33333   0.00000   0.33334 
<Band_DFT>  Eigen, time=126.510733
<Band_DFT>  DM, time=0.000000
    1   Ni  MulP 9.29 8.71 sum 18.00 diff  0.59 (  0.01  44.72)  Ml 0.05 (  0.05  41.65)  Ml+s 0.64 (  0.01  43.82)
    2   Ni  MulP 9.29 8.71 sum 18.00 diff  0.59 (  0.01  44.36)  Ml 0.05 (  0.04  46.01)  Ml+s 0.64 (  0.01  44.83)
    3   Ni  MulP 9.29 8.71 sum 18.00 diff  0.59 (  0.01  43.96)  Ml 0.05 (  0.05  46.25)  Ml+s 0.64 (  0.01  44.62)
    4   Ni  MulP 9.29 8.71 sum 18.00 diff  0.59 (  0.01  43.90)  Ml 0.05 (  0.05  44.33)  Ml+s 0.64 (  0.01  44.04)
    5   Ni  MulP 9.29 8.71 sum 18.00 diff  0.59 (  0.01  44.49)  Ml 0.05 (  0.04  46.46)  Ml+s 0.64 (  0.01  45.06)
    6   Ni  MulP 9.29 8.71 sum 18.00 diff  0.59 (  0.01  44.84)  Ml 0.05 (  0.05  47.65)  Ml+s 0.64 (  0.01  45.66)
    7   Ni  MulP 9.29 8.71 sum 18.00 diff  0.59 (  0.01  45.06)  Ml 0.05 (  0.05  44.88)  Ml+s 0.64 (  0.01  45.00)
    8   Ni  MulP 9.29 8.71 sum 18.00 diff  0.59 (  0.01  44.38)  Ml 0.05 (  0.05  43.81)  Ml+s 0.64 (  0.01  44.22)
    9   Ni  MulP 9.29 8.71 sum 18.00 diff  0.59 (  0.01  44.42)  Ml 0.05 (  0.04  43.83)  Ml+s 0.64 (  0.01  44.25)
   10   Ni  MulP 9.29 8.71 sum 18.00 diff  0.59 (  0.01  44.45)  Ml 0.05 (  0.04  43.44)  Ml+s 0.64 (  0.01  44.17)
   11   Ni  MulP 9.29 8.71 sum 18.00 diff  0.59 (  0.01  44.44)  Ml 0.05 (  0.05  42.90)  Ml+s 0.64 (  0.01  43.97)
   12   Ni  MulP 9.29 8.71 sum 18.00 diff  0.59 (  0.01  44.40)  Ml 0.05 (  0.05  46.02)  Ml+s 0.64 (  0.01  44.87)
   13   Ni  MulP 9.29 8.71 sum 18.00 diff  0.59 (  0.01  44.42)  Ml 0.05 (  0.04  46.18)  Ml+s 0.64 (  0.01  44.91)
   14   Ni  MulP 9.29 8.71 sum 18.00 diff  0.59 (  0.01  44.37)  Ml 0.05 (  0.05  44.89)  Ml+s 0.64 (  0.01  44.52)
   15   Ni  MulP 9.29 8.71 sum 18.00 diff  0.59 (  0.01  43.86)  Ml 0.05 (  0.05  43.27)  Ml+s 0.64 (  0.01  43.68)
   16   Ni  MulP 9.29 8.71 sum 18.00 diff  0.59 (  0.01  43.96)  Ml 0.05 (  0.04  42.12)  Ml+s 0.64 (  0.01  43.45)
   17   Ni  MulP 9.29 8.71 sum 18.00 diff  0.59 (  0.01  44.10)  Ml 0.05 (  0.04  39.23)  Ml+s 0.64 (  0.01  42.76)
   18   Ni  MulP 9.29 8.71 sum 18.00 diff  0.59 (  0.01  44.44)  Ml 0.05 (  0.05  41.96)  Ml+s 0.64 (  0.01  43.69)
   19   Ni  MulP 9.29 8.71 sum 18.00 diff  0.59 (  0.01  44.22)  Ml 0.05 (  0.05  42.65)  Ml+s 0.64 (  0.01  43.77)
   20   Ni  MulP 9.29 8.71 sum 18.00 diff  0.59 (  0.01  44.07)  Ml 0.05 (  0.04  44.00)  Ml+s 0.64 (  0.01  44.05)
     ..........
     ......

 Sum of MulP: up   =  3187.45432 down          =  2986.54568
              total=  6174.00000 ideal(neutral)=  6174.00000
<DFT>  Total Spin Moment    (muB) 200.908633638   Angles    0.009992302    44.218551014
<DFT>  Total Orbital Moment (muB) 17.828603252   Angles    0.046000919    44.813276112
<DFT>  Total Moment         (muB) 218.737233656   Angles    0.012927110    44.391042925
<DFT>  Mixing_weight= 0.014182323919
<DFT>  Uele   =-9091.996052948423  dUele     =   0.109276905443
<DFT>  NormRD =    0.007730707108  Criterion =   0.010000000000

******************* MD= 1  SCF=43 *******************
<Poisson>  Poisson's equation using FFT...
<Set_Hamiltonian>  Hamiltonian matrix for VNA+dVH+Vxc...
<Band>  Solving the eigenvalue problem...
 KGrids1:  -0.33333   0.00000   0.33333 
 KGrids2:  -0.33333  -0.00000   0.33333 
 KGrids3:  -0.33333   0.00000   0.33334 
<Band_DFT>  Eigen, time=187.281808
<Band_DFT>  DM, time=0.000000
    1   Ni  MulP 9.29 8.71 sum 18.00 diff  0.59 (  0.01  44.97)  Ml 0.05 (  0.04  42.97)  Ml+s 0.64 (  0.01  44.39)
    2   Ni  MulP 9.29 8.71 sum 18.00 diff  0.59 (  0.01  44.55)  Ml 0.05 (  0.05  43.75)  Ml+s 0.64 (  0.01  44.32)
    3   Ni  MulP 9.29 8.71 sum 18.00 diff  0.59 (  0.01  44.14)  Ml 0.05 (  0.04  45.46)  Ml+s 0.64 (  0.01  44.52)
    4   Ni  MulP 9.29 8.71 sum 18.00 diff  0.59 (  0.01  44.10)  Ml 0.05 (  0.04  43.67)  Ml+s 0.64 (  0.01  43.97)
    5   Ni  MulP 9.29 8.71 sum 18.00 diff  0.59 (  0.01  44.54)  Ml 0.05 (  0.04  43.98)  Ml+s 0.64 (  0.01  44.38)
    6   Ni  MulP 9.29 8.71 sum 18.00 diff  0.59 (  0.01  44.90)  Ml 0.05 (  0.05  45.63)  Ml+s 0.64 (  0.01  45.12)
    7   Ni  MulP 9.29 8.71 sum 18.00 diff  0.59 (  0.01  45.20)  Ml 0.05 (  0.05  44.63)  Ml+s 0.64 (  0.01  45.03)
    8   Ni  MulP 9.29 8.71 sum 18.00 diff  0.59 (  0.01  44.46)  Ml 0.05 (  0.04  44.31)  Ml+s 0.64 (  0.01  44.42)
    9   Ni  MulP 9.29 8.71 sum 18.00 diff  0.59 (  0.01  44.43)  Ml 0.05 (  0.05  43.98)  Ml+s 0.64 (  0.01  44.30)
   10   Ni  MulP 9.29 8.71 sum 18.00 diff  0.59 (  0.01  44.44)  Ml 0.05 (  0.04  43.75)  Ml+s 0.64 (  0.01  44.25)
   11   Ni  MulP 9.29 8.71 sum 18.00 diff  0.59 (  0.01  44.55)  Ml 0.05 (  0.05  44.87)  Ml+s 0.64 (  0.01  44.64)
   12   Ni  MulP 9.29 8.71 sum 18.00 diff  0.59 (  0.01  44.63)  Ml 0.05 (  0.05  45.75)  Ml+s 0.64 (  0.01  44.96)
   13   Ni  MulP 9.29 8.71 sum 18.00 diff  0.59 (  0.01  44.64)  Ml 0.05 (  0.05  44.67)  Ml+s 0.64 (  0.01  44.65)
   14   Ni  MulP 9.29 8.71 sum 18.00 diff  0.59 (  0.01  44.50)  Ml 0.05 (  0.05  44.23)  Ml+s 0.64 (  0.01  44.42)
   15   Ni  MulP 9.29 8.71 sum 18.00 diff  0.59 (  0.01  43.99)  Ml 0.05 (  0.05  45.15)  Ml+s 0.64 (  0.01  44.33)
   16   Ni  MulP 9.29 8.71 sum 18.00 diff  0.59 (  0.01  43.93)  Ml 0.05 (  0.04  45.85)  Ml+s 0.64 (  0.01  44.47)
   17   Ni  MulP 9.29 8.71 sum 18.00 diff  0.59 (  0.01  44.21)  Ml 0.05 (  0.04  45.54)  Ml+s 0.64 (  0.01  44.58)
   18   Ni  MulP 9.29 8.71 sum 18.00 diff  0.59 (  0.01  44.59)  Ml 0.05 (  0.05  45.52)  Ml+s 0.64 (  0.01  44.86)
   19   Ni  MulP 9.29 8.71 sum 18.00 diff  0.59 (  0.01  44.36)  Ml 0.05 (  0.05  45.88)  Ml+s 0.64 (  0.01  44.80)
   20   Ni  MulP 9.29 8.71 sum 18.00 diff  0.59 (  0.01  44.17)  Ml 0.05 (  0.05  45.13)  Ml+s 0.64 (  0.01  44.44)
     ..........
     ......

 Sum of MulP: up   =  3187.45720 down          =  2986.54280
              total=  6174.00000 ideal(neutral)=  6174.00000
<DFT>  Total Spin Moment    (muB) 200.914406694   Angles    0.009980117    44.297964167
<DFT>  Total Orbital Moment (muB) 17.829227788   Angles    0.045305578    44.825333940
<DFT>  Total Moment         (muB) 218.743631370   Angles    0.012859292    44.449404407
<DFT>  Mixing_weight= 0.014182323919
<DFT>  Uele   =-9092.007228968650  dUele     =   0.011176020227
<DFT>  NormRD =    0.002806889798  Criterion =   0.010000000000

******************* MD= 1  SCF=44 *******************
<Poisson>  Poisson's equation using FFT...
<Set_Hamiltonian>  Hamiltonian matrix for VNA+dVH+Vxc...
<Band>  Solving the eigenvalue problem...
 KGrids1:  -0.33333   0.00000   0.33333 
 KGrids2:  -0.33333  -0.00000   0.33333 
 KGrids3:  -0.33333   0.00000   0.33334 
<Band_DFT>  Eigen, time=126.419568
<Band_DFT>  DM, time=0.000000
    1   Ni  MulP 9.29 8.71 sum 18.00 diff  0.59 (  0.01  45.08)  Ml 0.05 (  0.04  46.25)  Ml+s 0.64 (  0.01  45.41)
    2   Ni  MulP 9.29 8.71 sum 18.00 diff  0.59 (  0.01  44.65)  Ml 0.05 (  0.05  44.46)  Ml+s 0.64 (  0.01  44.59)
    3   Ni  MulP 9.29 8.71 sum 18.00 diff  0.59 (  0.01  44.23)  Ml 0.05 (  0.05  43.99)  Ml+s 0.64 (  0.01  44.16)
    4   Ni  MulP 9.29 8.71 sum 18.00 diff  0.59 (  0.01  44.23)  Ml 0.05 (  0.04  44.38)  Ml+s 0.64 (  0.01  44.27)
    5   Ni  MulP 9.29 8.71 sum 18.00 diff  0.59 (  0.01  44.64)  Ml 0.05 (  0.05  46.21)  Ml+s 0.64 (  0.01  45.10)
    6   Ni  MulP 9.29 8.71 sum 18.00 diff  0.59 (  0.01  45.01)  Ml 0.05 (  0.05  47.73)  Ml+s 0.64 (  0.01  45.80)
    7   Ni  MulP 9.29 8.71 sum 18.00 diff  0.59 (  0.01  45.29)  Ml 0.05 (  0.04  47.71)  Ml+s 0.64 (  0.01  45.98)
    8   Ni  MulP 9.29 8.71 sum 18.00 diff  0.59 (  0.01  44.47)  Ml 0.05 (  0.04  44.58)  Ml+s 0.64 (  0.01  44.51)
    9   Ni  MulP 9.29 8.71 sum 18.00 diff  0.59 (  0.01  44.42)  Ml 0.05 (  0.05  42.44)  Ml+s 0.64 (  0.01  43.84)
   10   Ni  MulP 9.29 8.71 sum 18.00 diff  0.59 (  0.01  44.42)  Ml 0.05 (  0.04  42.53)  Ml+s 0.64 (  0.01  43.88)
   11   Ni  MulP 9.29 8.71 sum 18.00 diff  0.59 (  0.01  44.56)  Ml 0.05 (  0.04  44.63)  Ml+s 0.64 (  0.01  44.58)
   12   Ni  MulP 9.29 8.71 sum 18.00 diff  0.59 (  0.01  44.69)  Ml 0.05 (  0.05  46.49)  Ml+s 0.64 (  0.01  45.21)
   13   Ni  MulP 9.29 8.71 sum 18.00 diff  0.59 (  0.01  44.69)  Ml 0.05 (  0.05  47.09)  Ml+s 0.64 (  0.01  45.38)
   14   Ni  MulP 9.29 8.71 sum 18.00 diff  0.59 (  0.01  44.53)  Ml 0.05 (  0.04  46.76)  Ml+s 0.64 (  0.01  45.16)
   15   Ni  MulP 9.29 8.71 sum 18.00 diff  0.59 (  0.01  44.00)  Ml 0.05 (  0.04  45.21)  Ml+s 0.64 (  0.01  44.35)
   16   Ni  MulP 9.29 8.71 sum 18.00 diff  0.59 (  0.01  43.88)  Ml 0.05 (  0.04  44.57)  Ml+s 0.64 (  0.01  44.08)
   17   Ni  MulP 9.29 8.71 sum 18.00 diff  0.59 (  0.01  44.15)  Ml 0.05 (  0.04  44.37)  Ml+s 0.64 (  0.01  44.21)
   18   Ni  MulP 9.29 8.71 sum 18.00 diff  0.59 (  0.01  44.59)  Ml 0.05 (  0.04  44.69)  Ml+s 0.64 (  0.01  44.62)
   19   Ni  MulP 9.29 8.71 sum 18.00 diff  0.59 (  0.01  44.37)  Ml 0.05 (  0.04  45.99)  Ml+s 0.64 (  0.01  44.83)
   20   Ni  MulP 9.29 8.71 sum 18.00 diff  0.59 (  0.01  44.18)  Ml 0.05 (  0.05  46.96)  Ml+s 0.64 (  0.01  44.97)
     ..........
     ......

 Sum of MulP: up   =  3187.46987 down          =  2986.53013
              total=  6174.00000 ideal(neutral)=  6174.00000
<DFT>  Total Spin Moment    (muB) 200.939733065   Angles    0.009970713    44.322455792
<DFT>  Total Orbital Moment (muB) 17.831285252   Angles    0.044920809    44.818476888
<DFT>  Total Moment         (muB) 218.771015269   Angles    0.012819278    44.464123862
<DFT>  Mixing_weight= 0.014182323919
<DFT>  Uele   =-9092.023846644861  dUele     =   0.016617676210
<DFT>  NormRD =    0.003855716947  Criterion =   0.010000000000

******************* MD= 1  SCF=45 *******************
<Poisson>  Poisson's equation using FFT...
<Set_Hamiltonian>  Hamiltonian matrix for VNA+dVH+Vxc...
<Band>  Solving the eigenvalue problem...
 KGrids1:  -0.33333   0.00000   0.33333 
 KGrids2:  -0.33333  -0.00000   0.33333 
 KGrids3:  -0.33333   0.00000   0.33334 
<Band_DFT>  Eigen, time=186.938052
<Band_DFT>  DM, time=0.000000
    1   Ni  MulP 9.29 8.71 sum 18.00 diff  0.59 (  0.01  45.11)  Ml 0.05 (  0.04  45.27)  Ml+s 0.64 (  0.01  45.15)
    2   Ni  MulP 9.29 8.71 sum 18.00 diff  0.59 (  0.01  44.66)  Ml 0.05 (  0.05  44.18)  Ml+s 0.64 (  0.01  44.52)
    3   Ni  MulP 9.29 8.71 sum 18.00 diff  0.59 (  0.01  44.24)  Ml 0.05 (  0.05  44.86)  Ml+s 0.64 (  0.01  44.42)
    4   Ni  MulP 9.29 8.71 sum 18.00 diff  0.59 (  0.01  44.25)  Ml 0.05 (  0.04  44.43)  Ml+s 0.64 (  0.01  44.30)
    5   Ni  MulP 9.29 8.71 sum 18.00 diff  0.59 (  0.01  44.62)  Ml 0.05 (  0.05  44.16)  Ml+s 0.64 (  0.01  44.49)
    6   Ni  MulP 9.29 8.71 sum 18.00 diff  0.59 (  0.01  44.98)  Ml 0.05 (  0.05  44.76)  Ml+s 0.64 (  0.01  44.92)
    7   Ni  MulP 9.29 8.71 sum 18.00 diff  0.59 (  0.01  45.29)  Ml 0.05 (  0.04  45.15)  Ml+s 0.64 (  0.01  45.25)
    8   Ni  MulP 9.29 8.71 sum 18.00 diff  0.59 (  0.01  44.50)  Ml 0.05 (  0.04  45.11)  Ml+s 0.64 (  0.01  44.67)
    9   Ni  MulP 9.29 8.71 sum 18.00 diff  0.59 (  0.01  44.45)  Ml 0.05 (  0.05  44.60)  Ml+s 0.64 (  0.01  44.49)
   10   Ni  MulP 9.29 8.71 sum 18.00 diff  0.59 (  0.01  44.48)  Ml 0.05 (  0.04  44.61)  Ml+s 0.64 (  0.01  44.52)
   11   Ni  MulP 9.29 8.71 sum 18.00 diff  0.59 (  0.01  44.62)  Ml 0.05 (  0.04  45.71)  Ml+s 0.64 (  0.01  44.93)
   12   Ni  MulP 9.29 8.71 sum 18.00 diff  0.59 (  0.01  44.71)  Ml 0.05 (  0.04  45.21)  Ml+s 0.64 (  0.01  44.85)
   13   Ni  MulP 9.29 8.71 sum 18.00 diff  0.59 (  0.01  44.71)  Ml 0.05 (  0.05  44.52)  Ml+s 0.64 (  0.01  44.66)
   14   Ni  MulP 9.29 8.71 sum 18.00 diff  0.59 (  0.01  44.57)  Ml 0.05 (  0.04  44.83)  Ml+s 0.64 (  0.01  44.64)
   15   Ni  MulP 9.29 8.71 sum 18.00 diff  0.59 (  0.01  44.02)  Ml 0.05 (  0.04  45.30)  Ml+s 0.64 (  0.01  44.38)
   16   Ni  MulP 9.29 8.71 sum 18.00 diff  0.59 (  0.01  43.93)  Ml 0.05 (  0.05  45.72)  Ml+s 0.64 (  0.01  44.45)
   17   Ni  MulP 9.29 8.71 sum 18.00 diff  0.59 (  0.01  44.21)  Ml 0.05 (  0.05  46.42)  Ml+s 0.64 (  0.01  44.85)
   18   Ni  MulP 9.29 8.71 sum 18.00 diff  0.59 (  0.01  44.62)  Ml 0.05 (  0.04  45.83)  Ml+s 0.64 (  0.01  44.95)
   19   Ni  MulP 9.29 8.71 sum 18.00 diff  0.59 (  0.01  44.43)  Ml 0.05 (  0.04  45.88)  Ml+s 0.64 (  0.01  44.84)
   20   Ni  MulP 9.29 8.71 sum 18.00 diff  0.59 (  0.01  44.25)  Ml 0.05 (  0.05  45.22)  Ml+s 0.64 (  0.01  44.53)
     ..........
     ......

 Sum of MulP: up   =  3187.49129 down          =  2986.50871
              total=  6174.00000 ideal(neutral)=  6174.00000
<DFT>  Total Spin Moment    (muB) 200.982578799   Angles    0.010048425    44.345136434
<DFT>  Total Orbital Moment (muB) 17.834598253   Angles    0.044918171    44.804499265
<DFT>  Total Moment         (muB) 218.817174018   Angles    0.012890384    44.475600126
<DFT>  Mixing_weight= 0.014182323919
<DFT>  Uele   =-9092.046020372658  dUele     =   0.022173727797
<DFT>  NormRD =    0.002418697903  Criterion =   0.010000000000

******************* MD= 1  SCF=46 *******************
<Poisson>  Poisson's equation using FFT...
<Set_Hamiltonian>  Hamiltonian matrix for VNA+dVH+Vxc...
<Band>  Solving the eigenvalue problem...
 KGrids1:  -0.33333   0.00000   0.33333 
 KGrids2:  -0.33333  -0.00000   0.33333 
 KGrids3:  -0.33333   0.00000   0.33334 
<Band_DFT>  Eigen, time=187.190642
<Band_DFT>  DM, time=0.000001
    1   Ni  MulP 9.29 8.71 sum 18.00 diff  0.59 (  0.01  45.01)  Ml 0.05 (  0.05  41.16)  Ml+s 0.64 (  0.01  43.91)
    2   Ni  MulP 9.29 8.71 sum 18.00 diff  0.59 (  0.01  44.60)  Ml 0.05 (  0.04  41.06)  Ml+s 0.64 (  0.01  43.62)
    3   Ni  MulP 9.29 8.71 sum 18.00 diff  0.59 (  0.01  44.20)  Ml 0.05 (  0.04  41.83)  Ml+s 0.64 (  0.01  43.53)
    4   Ni  MulP 9.29 8.71 sum 18.00 diff  0.59 (  0.01  44.22)  Ml 0.05 (  0.05  42.76)  Ml+s 0.64 (  0.01  43.80)
    5   Ni  MulP 9.29 8.71 sum 18.00 diff  0.59 (  0.01  44.57)  Ml 0.05 (  0.05  43.44)  Ml+s 0.64 (  0.01  44.25)
    6   Ni  MulP 9.29 8.71 sum 18.00 diff  0.59 (  0.01  44.91)  Ml 0.05 (  0.04  43.66)  Ml+s 0.64 (  0.01  44.56)
    7   Ni  MulP 9.29 8.71 sum 18.00 diff  0.59 (  0.01  45.18)  Ml 0.05 (  0.05  42.65)  Ml+s 0.64 (  0.01  44.45)
    8   Ni  MulP 9.29 8.71 sum 18.00 diff  0.59 (  0.01  44.54)  Ml 0.05 (  0.04  44.40)  Ml+s 0.64 (  0.01  44.50)
    9   Ni  MulP 9.29 8.71 sum 18.00 diff  0.59 (  0.01  44.49)  Ml 0.05 (  0.04  44.30)  Ml+s 0.64 (  0.01  44.44)
   10   Ni  MulP 9.29 8.71 sum 18.00 diff  0.59 (  0.01  44.54)  Ml 0.05 (  0.04  44.82)  Ml+s 0.64 (  0.01  44.62)
   11   Ni  MulP 9.29 8.71 sum 18.00 diff  0.59 (  0.01  44.65)  Ml 0.05 (  0.04  45.57)  Ml+s 0.64 (  0.01  44.91)
   12   Ni  MulP 9.29 8.71 sum 18.00 diff  0.59 (  0.01  44.73)  Ml 0.05 (  0.04  46.31)  Ml+s 0.64 (  0.01  45.18)
   13   Ni  MulP 9.29 8.71 sum 18.00 diff  0.59 (  0.01  44.76)  Ml 0.05 (  0.05  46.39)  Ml+s 0.64 (  0.01  45.22)
   14   Ni  MulP 9.29 8.71 sum 18.00 diff  0.59 (  0.01  44.64)  Ml 0.05 (  0.05  45.23)  Ml+s 0.64 (  0.01  44.81)
   15   Ni  MulP 9.29 8.71 sum 18.00 diff  0.59 (  0.01  44.04)  Ml 0.05 (  0.04  45.61)  Ml+s 0.64 (  0.01  44.48)
   16   Ni  MulP 9.29 8.71 sum 18.00 diff  0.59 (  0.01  44.01)  Ml 0.05 (  0.04  45.03)  Ml+s 0.64 (  0.01  44.29)
   17   Ni  MulP 9.29 8.71 sum 18.00 diff  0.59 (  0.01  44.23)  Ml 0.05 (  0.04  45.27)  Ml+s 0.64 (  0.01  44.52)
   18   Ni  MulP 9.29 8.71 sum 18.00 diff  0.59 (  0.01  44.61)  Ml 0.05 (  0.04  45.42)  Ml+s 0.64 (  0.01  44.84)
   19   Ni  MulP 9.29 8.71 sum 18.00 diff  0.59 (  0.01  44.48)  Ml 0.05 (  0.05  45.47)  Ml+s 0.64 (  0.01  44.76)
   20   Ni  MulP 9.29 8.71 sum 18.00 diff  0.59 (  0.01  44.35)  Ml 0.05 (  0.05  45.49)  Ml+s 0.64 (  0.01  44.67)
     ..........
     ......

 Sum of MulP: up   =  3187.50850 down          =  2986.49150
              total=  6174.00000 ideal(neutral)=  6174.00000
<DFT>  Total Spin Moment    (muB) 201.016992794   Angles    0.010137923    44.358547151
<DFT>  Total Orbital Moment (muB) 17.837312716   Angles    0.044748744    44.796333965
<DFT>  Total Moment         (muB) 218.854302521   Angles    0.012958737    44.481758657
<DFT>  Mixing_weight= 0.014182323919
<DFT>  Uele   =-9092.063036065607  dUele     =   0.017015692949
<DFT>  NormRD =    0.000655577182  Criterion =   0.010000000000

******************* MD= 1  SCF=47 *******************
<Poisson>  Poisson's equation using FFT...
<Set_Hamiltonian>  Hamiltonian matrix for VNA+dVH+Vxc...
<Band>  Solving the eigenvalue problem...
 KGrids1:  -0.33333   0.00000   0.33333 
 KGrids2:  -0.33333  -0.00000   0.33333 
 KGrids3:  -0.33333   0.00000   0.33334 
<Band_DFT>  Eigen, time=126.348696
<Band_DFT>  DM, time=0.000000
    1   Ni  MulP 9.29 8.71 sum 18.00 diff  0.59 (  0.01  44.91)  Ml 0.05 (  0.05  39.75)  Ml+s 0.64 (  0.01  43.38)
    2   Ni  MulP 9.29 8.71 sum 18.00 diff  0.59 (  0.01  44.60)  Ml 0.05 (  0.04  43.46)  Ml+s 0.64 (  0.01  44.27)
    3   Ni  MulP 9.29 8.71 sum 18.00 diff  0.59 (  0.01  44.21)  Ml 0.05 (  0.05  44.92)  Ml+s 0.64 (  0.01  44.42)
    4   Ni  MulP 9.29 8.71 sum 18.00 diff  0.59 (  0.01  44.10)  Ml 0.05 (  0.05  43.74)  Ml+s 0.64 (  0.01  43.99)
    5   Ni  MulP 9.29 8.71 sum 18.00 diff  0.59 (  0.01  44.44)  Ml 0.05 (  0.04  41.64)  Ml+s 0.64 (  0.01  43.65)
    6   Ni  MulP 9.29 8.71 sum 18.00 diff  0.59 (  0.01  44.89)  Ml 0.05 (  0.04  41.77)  Ml+s 0.64 (  0.01  44.02)
    7   Ni  MulP 9.29 8.71 sum 18.00 diff  0.59 (  0.01  45.12)  Ml 0.05 (  0.05  41.05)  Ml+s 0.64 (  0.01  43.92)
    8   Ni  MulP 9.29 8.71 sum 18.00 diff  0.59 (  0.01  44.49)  Ml 0.05 (  0.05  44.34)  Ml+s 0.64 (  0.01  44.45)
    9   Ni  MulP 9.29 8.71 sum 18.00 diff  0.59 (  0.01  44.45)  Ml 0.05 (  0.05  45.43)  Ml+s 0.64 (  0.01  44.73)
   10   Ni  MulP 9.29 8.71 sum 18.00 diff  0.59 (  0.01  44.45)  Ml 0.05 (  0.05  47.47)  Ml+s 0.64 (  0.01  45.35)
   11   Ni  MulP 9.29 8.71 sum 18.00 diff  0.59 (  0.01  44.55)  Ml 0.05 (  0.05  46.59)  Ml+s 0.64 (  0.01  45.14)
   12   Ni  MulP 9.29 8.71 sum 18.00 diff  0.59 (  0.01  44.69)  Ml 0.05 (  0.04  45.99)  Ml+s 0.64 (  0.01  45.06)
   13   Ni  MulP 9.29 8.71 sum 18.00 diff  0.59 (  0.01  44.72)  Ml 0.05 (  0.05  47.32)  Ml+s 0.64 (  0.01  45.47)
   14   Ni  MulP 9.29 8.71 sum 18.00 diff  0.59 (  0.01  44.57)  Ml 0.05 (  0.04  45.76)  Ml+s 0.64 (  0.01  44.91)
   15   Ni  MulP 9.29 8.71 sum 18.00 diff  0.59 (  0.01  43.96)  Ml 0.05 (  0.05  44.45)  Ml+s 0.64 (  0.01  44.11)
   16   Ni  MulP 9.29 8.71 sum 18.00 diff  0.59 (  0.01  43.96)  Ml 0.05 (  0.04  45.33)  Ml+s 0.64 (  0.01  44.35)
   17   Ni  MulP 9.29 8.71 sum 18.00 diff  0.59 (  0.01  44.18)  Ml 0.05 (  0.04  47.32)  Ml+s 0.64 (  0.01  45.04)
   18   Ni  MulP 9.29 8.71 sum 18.00 diff  0.59 (  0.01  44.63)  Ml 0.05 (  0.05  46.04)  Ml+s 0.64 (  0.01  45.05)
   19   Ni  MulP 9.29 8.71 sum 18.00 diff  0.59 (  0.01  44.47)  Ml 0.05 (  0.05  45.56)  Ml+s 0.64 (  0.01  44.78)
   20   Ni  MulP 9.29 8.71 sum 18.00 diff  0.59 (  0.01  44.26)  Ml 0.05 (  0.04  45.95)  Ml+s 0.64 (  0.01  44.72)
     ..........
     ......

 Sum of MulP: up   =  3187.49491 down          =  2986.50509
              total=  6174.00000 ideal(neutral)=  6174.00000
<DFT>  Total Spin Moment    (muB) 200.989823935   Angles    0.009981145    44.317172499
<DFT>  Total Orbital Moment (muB) 17.835025692   Angles    0.045463478    44.796940967
<DFT>  Total Moment         (muB) 218.824846487   Angles    0.012872993    44.455270456
<DFT>  Mixing_weight= 0.014182323919
<DFT>  Uele   =-9092.048887948178  dUele     =   0.014148117429
<DFT>  NormRD =    0.002169822157  Criterion =   0.010000000000

******************* MD= 1  SCF=48 *******************
<Poisson>  Poisson's equation using FFT...
<Set_Hamiltonian>  Hamiltonian matrix for VNA+dVH+Vxc...
<Band>  Solving the eigenvalue problem...
 KGrids1:  -0.33333   0.00000   0.33333 
 KGrids2:  -0.33333  -0.00000   0.33333 
 KGrids3:  -0.33333   0.00000   0.33334 
<Band_DFT>  Eigen, time=126.339613
<Band_DFT>  DM, time=0.000000
    1   Ni  MulP 9.29 8.71 sum 18.00 diff  0.59 (  0.01  44.97)  Ml 0.05 (  0.05  44.52)  Ml+s 0.64 (  0.01  44.84)
    2   Ni  MulP 9.29 8.71 sum 18.00 diff  0.59 (  0.01  44.62)  Ml 0.05 (  0.04  45.78)  Ml+s 0.64 (  0.01  44.95)
    3   Ni  MulP 9.29 8.71 sum 18.00 diff  0.59 (  0.01  44.25)  Ml 0.05 (  0.05  45.53)  Ml+s 0.64 (  0.01  44.62)
    4   Ni  MulP 9.29 8.71 sum 18.00 diff  0.59 (  0.01  44.24)  Ml 0.05 (  0.05  45.45)  Ml+s 0.64 (  0.01  44.60)
    5   Ni  MulP 9.29 8.71 sum 18.00 diff  0.59 (  0.01  44.59)  Ml 0.05 (  0.05  45.24)  Ml+s 0.64 (  0.01  44.78)
    6   Ni  MulP 9.29 8.71 sum 18.00 diff  0.59 (  0.01  44.95)  Ml 0.05 (  0.05  45.07)  Ml+s 0.64 (  0.01  44.99)
    7   Ni  MulP 9.29 8.71 sum 18.00 diff  0.59 (  0.01  45.17)  Ml 0.05 (  0.05  44.91)  Ml+s 0.64 (  0.01  45.09)
    8   Ni  MulP 9.29 8.71 sum 18.00 diff  0.59 (  0.01  44.43)  Ml 0.05 (  0.05  44.40)  Ml+s 0.64 (  0.01  44.42)
    9   Ni  MulP 9.29 8.71 sum 18.00 diff  0.59 (  0.01  44.42)  Ml 0.05 (  0.04  44.59)  Ml+s 0.64 (  0.01  44.47)
   10   Ni  MulP 9.29 8.71 sum 18.00 diff  0.59 (  0.01  44.43)  Ml 0.05 (  0.05  44.82)  Ml+s 0.64 (  0.01  44.54)
   11   Ni  MulP 9.29 8.71 sum 18.00 diff  0.59 (  0.01  44.49)  Ml 0.05 (  0.05  44.02)  Ml+s 0.64 (  0.01  44.35)
   12   Ni  MulP 9.29 8.71 sum 18.00 diff  0.59 (  0.01  44.58)  Ml 0.05 (  0.05  44.17)  Ml+s 0.64 (  0.01  44.46)
   13   Ni  MulP 9.29 8.71 sum 18.00 diff  0.59 (  0.01  44.59)  Ml 0.05 (  0.04  45.14)  Ml+s 0.64 (  0.01  44.75)
   14   Ni  MulP 9.29 8.71 sum 18.00 diff  0.59 (  0.01  44.48)  Ml 0.05 (  0.05  44.96)  Ml+s 0.64 (  0.01  44.61)
   15   Ni  MulP 9.29 8.71 sum 18.00 diff  0.59 (  0.01  43.92)  Ml 0.05 (  0.05  43.56)  Ml+s 0.64 (  0.01  43.82)
   16   Ni  MulP 9.29 8.71 sum 18.00 diff  0.59 (  0.01  43.89)  Ml 0.05 (  0.04  43.22)  Ml+s 0.64 (  0.01  43.70)
   17   Ni  MulP 9.29 8.71 sum 18.00 diff  0.59 (  0.01  44.08)  Ml 0.05 (  0.04  43.13)  Ml+s 0.64 (  0.01  43.81)
   18   Ni  MulP 9.29 8.71 sum 18.00 diff  0.59 (  0.01  44.49)  Ml 0.05 (  0.05  43.29)  Ml+s 0.64 (  0.01  44.14)
   19   Ni  MulP 9.29 8.71 sum 18.00 diff  0.59 (  0.01  44.32)  Ml 0.05 (  0.05  43.43)  Ml+s 0.64 (  0.01  44.07)
   20   Ni  MulP 9.29 8.71 sum 18.00 diff  0.59 (  0.01  44.16)  Ml 0.05 (  0.04  44.12)  Ml+s 0.64 (  0.01  44.15)
     ..........
     ......

 Sum of MulP: up   =  3187.49285 down          =  2986.50715
              total=  6174.00000 ideal(neutral)=  6174.00000
<DFT>  Total Spin Moment    (muB) 200.985692629   Angles    0.009992873    44.307382307
<DFT>  Total Orbital Moment (muB) 17.834755842   Angles    0.045395147    44.800525468
<DFT>  Total Moment         (muB) 218.820445344   Angles    0.012878204    44.449059986
<DFT>  Mixing_weight= 0.014182323919
<DFT>  Uele   =-9092.046983308141  dUele     =   0.001904640038
<DFT>  NormRD =    0.002723026443  Criterion =   0.010000000000
<MD= 1>  Force calculation
  Force calculation #1
  Force calculation #2
  Force calculation #3
  Force calculation #4
  Force calculation #5
<MD= 1>  Total Energy
  Force calculation #6
  Force calculation #7

*******************************************************
                  Dipole moment (Debye)                 
*******************************************************

 Absolute D        0.09988637

                      Dx                Dy                Dz
 Total             -0.01339618        0.09366482       -0.03201143
 Core          318058.73027672   318058.73027672   318058.73027672
 Electron     -318058.74367289  -318058.63661190  -318058.76228815
 Back ground       -0.00000000       -0.00000000       -0.00000000

*******************************************************
                Total Energy (Hartree) at MD = 1        
*******************************************************

  Uele  =   -9092.046983308141

  Ukin  =   28854.614733085793
  UH0   = -632065.671911546378
  UH1   =       1.334486831175
  Una   =  -24406.694979475549
  Unl   =   -6165.535580833532
  Uxc0  =   -3332.255669542705
  Uxc1  =   -3134.898744891874
  Ucore =  582718.645066277822
  Uhub  =       0.000000000000
  Ucs   =       0.000000000000
  Uzs   =       0.000000000000
  Uzo   =       0.000000000000
  Uef   =       0.000000000000
  UvdW  =       0.000000000000
  Uch   =       0.000000000000
  Utot  =  -57530.462600095241

  UpV   =       0.000000000000
  Enpy  =  -57530.462600095241
  Note:

  Uele:   band energy
  Ukin:   kinetic energy
  UH0:    electric part of screened Coulomb energy
  UH1:    difference electron-electron Coulomb energy
  Una:    neutral atom potential energy
  Unl:    non-local potential energy
  Uxc0:   exchange-correlation energy for alpha spin
  Uxc1:   exchange-correlation energy for beta spin
  Ucore:  core-core Coulomb energy
  Uhub:   LDA+U energy
  Ucs:    constraint energy for spin orientation
  Uzs:    Zeeman term for spin magnetic moment
  Uzo:    Zeeman term for orbital magnetic moment
  Uef:    electric energy by electric field
  UvdW:   semi-empirical vdW energy 
  Uch:    penalty term to create a core hole
  UpV:    pressure times volume
  Enpy:   Enthalpy = Utot + UpV
  (see also PRB 72, 045121(2005) for the energy contributions)


*******************************************************
           Computational times (s) at MD = 1            
*******************************************************

  DFT in total      = 7292.93927

  Set_OLP_Kin       =    0.35170
  Set_Nonlocal      =    3.55689
  Set_ProExpn_VNA   =    0.00000
  Set_Hamiltonian   =   52.60975
  Poisson           =    0.38560
  diagonalization   = 7174.14432
  Mixing_DM         =    8.92881
  Force             =    9.81164
  Total_Energy      =    2.39784
  Set_Aden_Grid     =    0.68643
  Set_Orbitals_Grid =    0.86009
  Set_Density_Grid  =   29.02790
  RestartFileDFT    =    0.31173
  Mulliken_Charge   =    0.43354
  FFT(2D)_Density   =    0.00000

The SCF was achieved at MD=   1

*******************************************************
             MD or geometry opt. at MD = 1              
*******************************************************


outputting data on grids to files...

Save the scfout file (.//openmx.scfout)

***********************************************************
***********************************************************
               Computational Time (second)                 
***********************************************************
***********************************************************

                               Min_ID   Min_Time       Max_ID   Max_Time
   Total Computational Time =    16     7300.742        147     7302.382
   readfile                 =    92        0.346         64        0.361
   truncation               =   177        4.923        109        5.149
   MD_pac                   =     0        0.032         96        0.060
   OutData                  =   126        0.000          0        0.080
   DFT                      =   109     7292.717        177     7292.943

*** In DFT ***

   Set_OLP_Kin              =    80        0.349        119        0.776
   Set_Nonlocal             =   119        3.133         37        3.560
   Set_ProExpn_VNA          =     0        0.000          0        0.000
   Set_Hamiltonian          =   223       52.610         26       52.610
   Poisson                  =   138        0.386        249        0.386
   Diagonalization          =    80     7174.144        100     7174.146
   Mixing_DM                =    33        8.929        122        8.929
   Force                    =    47        9.812        146        9.812
   Total_Energy             =    66        2.395          0        2.398
   Set_Aden_Grid            =    44        0.672        227        0.689
   Set_Orbitals_Grid        =    89        0.281        119        1.787
   Set_Density_Grid         =   100       28.784        181       29.079
   RestartFileDFT           =    80        0.244        214        0.373
   Mulliken_Charge          =   246        0.433        192        0.434
   FFT(2D)_Density          =     0        0.000          0        0.000
   Others                   =   255        8.330         80       10.296

The calculation was normally finished.
