***********************************************************
***********************************************************

  This calculation was performed by OpenMX Ver. 3.9.9
  using 8 MPI processes and 1 OpenMP threads.

  Mon Feb 23 15:01:52 2026

***********************************************************
***********************************************************

#
# File Name
#

System.CurrrentDirectory         ./    # default=./
System.Name                      openmx
level.of.stdout                   1    # default=1 (1-3)
level.of.fileout                  0    # default=1 (0-2)

#
# Definition of Atomic Species
#

Species.Number       1
<Definition.of.Atomic.Species
 Ni     Ni6.0H-s3p2d1       Ni_PBE19H
Definition.of.Atomic.Species>

#
# Atoms
#
Atoms.Number      1
Atoms.SpeciesAndCoordinates.Unit   Ang # Ang|AU
<Atoms.SpeciesAndCoordinates
  1 Ni    0.000000000000    0.000000000000    0.000000000000  10.0   8.0   0.0   0.0   0.0   0.0     0   off
Atoms.SpeciesAndCoordinates>
Atoms.UnitVectors.Unit             Ang # Ang|AU
<Atoms.UnitVectors
    0.000000000000    1.787549842228    1.787549842228
    1.787549842228    0.000000000000    1.787549842228
    1.787549842228    1.787549842228    0.000000000000
Atoms.UnitVectors>
#
# SCF or Electronic System
#

scf.XcType                 GGA-PBE     # LDA|LSDA-CA|LSDA-PW|GGA-PBE
scf.SpinPolarization       NC        # On|Off|NC
scf.SpinOrbit.Coupling     on          # On|Off, default=off
scf.ElectronicTemperature  300.0       # default=300 (K)
scf.energycutoff           250.0       # default=150 (Ry)
scf.maxIter                1000        # default=40
scf.EigenvalueSolver       BAND        # DC|Cluster|Band
scf.Kgrid                  7 7 7       # means n1 x n2 x n3
scf.Mixing.Type           rmm-diish    # Simple|Rmm-Diis|Gr-Pulay|Kerker|Rmm-Diisk
scf.Init.Mixing.Weight     0.30        # default=0.30
scf.Min.Mixing.Weight      0.001       # default=0.001
scf.Max.Mixing.Weight      0.400       # default=0.40
scf.Mixing.History          20         # default=5
scf.Mixing.StartPulay       30         # default=6
scf.criterion             1.0e-8      # default=1.0e-6 (Hartree)
scf.partialCoreCorrection   ON

## 1DFFT ##
1DFFT.NumGridK                    900
1DFFT.NumGridR                    900
1DFFT.EnergyCutoff                3600.0

## Others ##
scf.ProExpn.VNA                   Off

# DFT+U
#scf.Hubbard.U             on
#scf.DFTU.Type             1             # 1:Simplified(Dudarev)|2:General, default=1
#scf.Hubbard.Occupation      dual        # onsite|full|dual
#<Hubbard.U.values                       # eV
#  He  1s 0.0 2s 0.0 1p 0.0
#  Li  1s 0.0 2s 0.0 1p 0.0
#  Ti  1s 0.0 2s 0.0 3s 0.0 1p 0.0 2p 0.0 1d 4.1
#  O   1s 0.0 2s 0.0 1p 0.0 2p 0.0 1d 0.0
#  H   1s 0.0 2s 0.0 1p 0.0
#  C   1s 0.0 2s 0.0 1p 0.0 2p 0.0 1d 0.0
#Hubbard.U.values>

#<Hund.J.values                       # eV
#H0  1s 0.0 2s 0.0 1p 0.0
#H1  1s 0.0 2s 0.0 1p 0.0
#Ti  1s 0.0 2s 0.0 3s 0.0 1p 0.0 2p 0.0 1d 0.0
#O   1s 0.0 2s 0.0 1p 0.0 2p 0.0 1d 0.0
#H   1s 0.0 2s 0.0 1p 0.0
#C   1s 0.0 2s 0.0 1p 0.0 2p 0.0 1d 0.0
#Hund.J.values>

# Output of molecular orbitals
#MO.fileout   ON
#<MO.kpoint
#  0.0 0.0 0.0
#MO.kpoint>

#Dos.fileout  on
#Dos.Erange  -10.0 10.0
#Dos.Kgrid   1 1 1

#Band.dispersion             on        # on|off, default=off
#Band.Nkpath                  3
#<Band.kpath
#100   0.0000000000   0.0000000000   0.0000000000     0.3333333333   0.6666666666   0.0000000000 Γ K
#100   0.3333333333   0.6666666666   0.0000000000     0.5000000000   0.5000000000   0.0000000000 K M
#100   0.5000000000   0.5000000000   0.0000000000     0.0000000000   0.0000000000   0.0000000000 M Γ
#Band.kpath>
#120   0.0000000000   0.0000000000   0.0000000000     0.3333333333   0.3333333333   0.0000000000 Γ K
##80   0.3333333333   0.3333333333   0.0000000000     0.5000000000   0.0000000000   0.0000000000 K M
##120   0.5000000000   0.0000000000   0.0000000000     0.0000000000   0.0000000000   0.0000000000 M Γ

# VDW DFT-D2
#scf.dftD            on         # on|off, default=off
#DFTD.Unit           Ang        # Ang|AU
#DFTD.rcut_dftD      50.0       # default=100 (DFTD.Unit)
#DFTD.d              20.0       # default=20
#DFTD.scale6         0.75       # default=0.75
#DFTD.IntDirection   1 1 1      # default=1 1 1 (1:on 0:off)

#
# MD or Geometry Optimization
#

#<MD.Fixed.Cell.Vectors
# 0 0 0
# 0 0 0
# 1 1 1
#MD.Fixed.Cell.Vectors>

MD.Type                     nomd #OptC2       # Nomd|Opt|NVE|NVT_VS|NVT_NH
                                     # Constraint_Opt|DIIS
#MD.maxIter                    500        # default=1
#MD.TimeStep                 1.0        # default=0.5 (fs)
#MD.Opt.criterion         1.0e-6        # default=1.0e-4 (Hartree/Bohr)

DATA.PATH     /home/huangdq_group/tuyouyou/data/opt/openmx3.9-amd/DFT_DATA19
HS.fileout    On
scf.restart   on


***********************************************************
***********************************************************

  Required cutoff energy (Ryd) for 3D-grids = 250.0000
      Used cutoff energy (Ryd) for 3D-grids = 259.4819, 259.4819, 259.4819
  Num. of grids of a-, b-, and c-axes = 20, 20, 20

  Num.Grid1.    20
  Num.Grid2.    20
  Num.Grid3.    20


  Cell_Volume =     77.090521430177 (Bohr^3)
  GridVol     =      0.009636315179 (Bohr^3)
  Cell vectors (bohr) of the grid cell (gtv)
    gtv_a =  0.000000000000,  0.168898969637,  0.168898969637
    gtv_b =  0.168898969637,  0.000000000000,  0.168898969637
    gtv_c =  0.168898969637,  0.168898969637,  0.000000000000
    |gtv_a| =  0.238859213531
    |gtv_b| =  0.238859213531
    |gtv_c| =  0.238859213531

***********************************************************
***********************************************************


***********************************************************
***********************************************************
                  SCF history at MD= 1                    
***********************************************************
***********************************************************

   SCF=   1  NormRD=  1.000000000000  Uele= -26.534503657194
   SCF=   2  NormRD=  0.001817013613  Uele= -26.534469133958
   SCF=   3  NormRD=  0.001818528908  Uele= -26.534451868691
   SCF=   4  NormRD=  0.001819291778  Uele= -26.534443235178
   SCF=   5  NormRD=  0.001819674757  Uele= -26.534438918206
   SCF=   6  NormRD=  0.001819866665  Uele= -26.534436759667
   SCF=   7  NormRD=  0.001819962727  Uele= -26.534435680384
   SCF=   8  NormRD=  0.001820010786  Uele= -26.534435140739
   SCF=   9  NormRD=  0.001820034822  Uele= -26.534434794792
   SCF=  10  NormRD=  0.001820050233  Uele= -26.534434448841
   SCF=  11  NormRD=  0.001820065646  Uele= -26.534434102887
   SCF=  12  NormRD=  0.001820081062  Uele= -26.534433756929
   SCF=  13  NormRD=  0.001820096479  Uele= -26.534433410968
   SCF=  14  NormRD=  0.001820111898  Uele= -26.534433065003
   SCF=  15  NormRD=  0.001820127320  Uele= -26.534432719035
   SCF=  16  NormRD=  0.001820142743  Uele= -26.534432373063
   SCF=  17  NormRD=  0.001820158168  Uele= -26.534432027087
   SCF=  18  NormRD=  0.001820173596  Uele= -26.534431681108
   SCF=  19  NormRD=  0.001820189025  Uele= -26.534431335125
   SCF=  20  NormRD=  0.001820204456  Uele= -26.534430989139
   SCF=  21  NormRD=  0.001820219890  Uele= -26.534430643149
   SCF=  22  NormRD=  0.001820235325  Uele= -26.534430297156
   SCF=  23  NormRD=  0.001820250763  Uele= -26.534429951159
   SCF=  24  NormRD=  0.001820266203  Uele= -26.534429605158
   SCF=  25  NormRD=  0.001820281644  Uele= -26.534429259154
   SCF=  26  NormRD=  0.001820297088  Uele= -26.534428913146
   SCF=  27  NormRD=  0.001820312534  Uele= -26.534428567134
   SCF=  28  NormRD=  0.001820327982  Uele= -26.534428221120
   SCF=  29  NormRD=  0.001820343432  Uele= -26.534427875102
   SCF=  30  NormRD=  0.001820358884  Uele= -26.534427529079
   SCF=  31  NormRD=  0.001820374338  Uele= -26.534427183053
   SCF=  32  NormRD=  0.001820389795  Uele= -26.534426837023
   SCF=  33  NormRD=  0.001820405253  Uele= -26.534426490991
   SCF=  34  NormRD=  0.001820420714  Uele= -26.534426144954
   SCF=  35  NormRD=  0.001820436176  Uele= -26.534425798914
   SCF=  36  NormRD=  0.001820451641  Uele= -26.534425452871
   SCF=  37  NormRD=  0.001820467108  Uele= -26.534425106824
   SCF=  38  NormRD=  0.001820482577  Uele= -26.534424760773
   SCF=  39  NormRD=  0.001820498048  Uele= -26.534424414718
   SCF=  40  NormRD=  0.001820513521  Uele= -26.534424068660

***********************************************************
***********************************************************
                  SCF history at MD= 1                    
***********************************************************
***********************************************************

   SCF=   1  NormRD=  1.000000000000  Uele= -26.534503657194
   SCF=   2  NormRD=  0.001817013613  Uele= -26.534469133958
   SCF=   3  NormRD=  0.001818528908  Uele= -26.534434575003
   SCF=   4  NormRD=  0.001820059511  Uele= -26.534399980215
   SCF=   5  NormRD=  0.001821610156  Uele= -26.534365349595
   SCF=   6  NormRD=  0.001823185917  Uele= -26.534330683146
   SCF=   7  NormRD=  0.001824791573  Uele= -26.534295980868
   SCF=   8  NormRD=  0.001826430951  Uele= -26.534261242763
   SCF=   9  NormRD=  0.001828106321  Uele= -26.534226468827
   SCF=  10  NormRD=  0.001547350160  Uele= -26.551450411341
   SCF=  11  NormRD=  0.004045575859  Uele= -26.532457487964
   SCF=  12  NormRD=  0.002496855310  Uele= -26.485438540102
   SCF=  13  NormRD=  0.009016817936  Uele= -26.494440342054
   SCF=  14  NormRD=  0.004199325541  Uele= -26.520510717774
   SCF=  15  NormRD=  0.002866617739  Uele= -26.534933353314
   SCF=  16  NormRD=  0.001573779840  Uele= -26.535097567345
   SCF=  17  NormRD=  0.001560227139  Uele= -26.537873836871
   SCF=  18  NormRD=  0.001510271811  Uele= -26.594676799743
   SCF=  19  NormRD=  0.012858696647  Uele= -26.523914115571
   SCF=  20  NormRD=  0.002351558824  Uele= -26.521755711719
   SCF=  21  NormRD=  0.002355528415  Uele= -26.510535016331
   SCF=  22  NormRD=  0.003134295643  Uele= -26.513311467164
   SCF=  23  NormRD=  0.002869303720  Uele= -26.517039890545
   SCF=  24  NormRD=  0.002549988315  Uele= -26.517350835990
   SCF=  25  NormRD=  0.002527986013  Uele= -26.525702304892
   SCF=  26  NormRD=  0.002002893524  Uele= -26.524982263387
   SCF=  27  NormRD=  0.002113950862  Uele= -26.532465982647
   SCF=  28  NormRD=  0.001493530511  Uele= -26.532368107103
   SCF=  29  NormRD=  0.001518813872  Uele= -26.532621629933
   SCF=  30  NormRD=  0.001508031175  Uele= -26.528945827320
   SCF=  31  NormRD=  0.001804694956  Uele= -26.527422603931
   SCF=  32  NormRD=  0.001930468121  Uele= -26.527326596667
   SCF=  33  NormRD=  0.001932991427  Uele= -26.527033011369
   SCF=  34  NormRD=  0.001942362571  Uele= -26.527399628456
   SCF=  35  NormRD=  0.001891385001  Uele= -26.528065679443
   SCF=  36  NormRD=  0.001822427595  Uele= -26.528769657484
   SCF=  37  NormRD=  0.001751768563  Uele= -26.529306178683
   SCF=  38  NormRD=  0.001690229884  Uele= -26.529768847701
   SCF=  39  NormRD=  0.001659815805  Uele= -26.529861535135
   SCF=  40  NormRD=  0.001655372944  Uele= -26.529908090919
   SCF=  41  NormRD=  0.001616767364  Uele= -26.531575469049
   SCF=  42  NormRD=  0.001557910652  Uele= -26.531928771628
   SCF=  43  NormRD=  0.001551110157  Uele= -26.531766517769
   SCF=  44  NormRD=  0.001595524105  Uele= -26.531644293360
   SCF=  45  NormRD=  0.001583837710  Uele= -26.532123108419
   SCF=  46  NormRD=  0.001618761221  Uele= -26.534881140288
   SCF=  47  NormRD=  0.001619049761  Uele= -26.536515087373
   SCF=  48  NormRD=  0.001628759645  Uele= -26.535942693855
   SCF=  49  NormRD=  0.001616671526  Uele= -26.559374504962
   SCF=  50  NormRD=  0.008428480830  Uele= -26.549236978089
   SCF=  51  NormRD=  0.003621256072  Uele= -26.541087250699
   SCF=  52  NormRD=  0.001657537413  Uele= -26.537961443178
   SCF=  53  NormRD=  0.001835397009  Uele= -26.530851945193
   SCF=  54  NormRD=  0.002451077340  Uele= -26.528261910072
   SCF=  55  NormRD=  0.002611226281  Uele= -26.529139383601
   SCF=  56  NormRD=  0.002489103595  Uele= -26.528080559153
   SCF=  57  NormRD=  0.002554003832  Uele= -26.528673557279
   SCF=  58  NormRD=  0.002518561879  Uele= -26.528950738790
   SCF=  59  NormRD=  0.002507155437  Uele= -26.529395239712
   SCF=  60  NormRD=  0.002483360449  Uele= -26.527006315392
   SCF=  61  NormRD=  0.002645667983  Uele= -26.525463695187
   SCF=  62  NormRD=  0.002713238322  Uele= -26.526042272553
   SCF=  63  NormRD=  0.002692925675  Uele= -26.526039783406
   SCF=  64  NormRD=  0.002692999661  Uele= -26.526856250523
   SCF=  65  NormRD=  0.002649394881  Uele= -26.526006685896
   SCF=  66  NormRD=  0.002677830860  Uele= -26.526843192173
   SCF=  67  NormRD=  0.002642032714  Uele= -26.526523870573
   SCF=  68  NormRD=  0.002662723134  Uele= -26.530466868926
   SCF=  69  NormRD=  0.002365964381  Uele= -26.530080770438
   SCF=  70  NormRD=  0.002350124663  Uele= -26.529523554579
   SCF=  71  NormRD=  0.002406554501  Uele= -26.531625821797
   SCF=  72  NormRD=  0.002242744105  Uele= -26.531699626738
   SCF=  73  NormRD=  0.002223977531  Uele= -26.532800644122
   SCF=  74  NormRD=  0.002129116102  Uele= -26.533832994633
   SCF=  75  NormRD=  0.002053005060  Uele= -26.535081421662
   SCF=  76  NormRD=  0.002017252251  Uele= -26.536279760653
   SCF=  77  NormRD=  0.001917948754  Uele= -26.536667542777
   SCF=  78  NormRD=  0.001884835254  Uele= -26.537727504428
   SCF=  79  NormRD=  0.001879001465  Uele= -26.537697394977

***********************************************************
***********************************************************
                  SCF history at MD= 1                    
***********************************************************
***********************************************************

   SCF=   1  NormRD=  1.000000000000  Uele= -26.534503657194
   SCF=   2  NormRD=  0.028288882640  Uele= -26.531056589597
   SCF=   3  NormRD=  0.028974484573  Uele= -26.529925131543
   SCF=   4  NormRD=  0.029408345585  Uele= -26.529367057066
   SCF=   5  NormRD=  0.029628456836  Uele= -26.529088467152
   SCF=   6  NormRD=  0.029736033667  Uele= -26.528949323250
   SCF=   7  NormRD=  0.029788870326  Uele= -26.528879799441
   SCF=   8  NormRD=  0.029815027715  Uele= -26.528845051007
   SCF=   9  NormRD=  0.029828040061  Uele= -26.528827680338
   SCF=  10  NormRD=  0.029834529621  Uele= -26.528818995911
   SCF=  11  NormRD=  0.029837770264  Uele= -26.528814653926
   SCF=  12  NormRD=  0.029840683585  Uele= -26.528810747439
   SCF=  13  NormRD=  0.029843594948  Uele= -26.528806840665
   SCF=  14  NormRD=  0.029846504368  Uele= -26.528802933605
   SCF=  15  NormRD=  0.029849411836  Uele= -26.528799026261
   SCF=  16  NormRD=  0.029852317358  Uele= -26.528795118633
   SCF=  17  NormRD=  0.029855220942  Uele= -26.528791210721
   SCF=  18  NormRD=  0.029858122585  Uele= -26.528787302526
   SCF=  19  NormRD=  0.029861022298  Uele= -26.528783394050
   SCF=  20  NormRD=  0.029863920072  Uele= -26.528779485291
   SCF=  21  NormRD=  0.029866815925  Uele= -26.528775576252
   SCF=  22  NormRD=  0.029869709860  Uele= -26.528771666932
   SCF=  23  NormRD=  0.029872601880  Uele= -26.528767757333
   SCF=  24  NormRD=  0.029875491989  Uele= -26.528763847454

***********************************************************
***********************************************************
                  SCF history at MD= 1                    
***********************************************************
***********************************************************

   SCF=   1  NormRD=  1.000000000000  Uele= -27.051948480140
   SCF=   2  NormRD=  0.243454113357  Uele= -26.779503865523
   SCF=   3  NormRD=  0.100842720725  Uele= -26.667353681232
   SCF=   4  NormRD=  0.057741181818  Uele= -26.613616356632
   SCF=   5  NormRD=  0.029183977318  Uele= -26.600845378338
   SCF=   6  NormRD=  0.021007613464  Uele= -26.587581260887
   SCF=   7  NormRD=  0.021284895085  Uele= -26.577354695964
   SCF=   8  NormRD=  0.019451794581  Uele= -26.558506925736
   SCF=   9  NormRD=  0.012855893177  Uele= -26.547994511580
   SCF=  10  NormRD=  0.007802884624  Uele= -26.543832431048
   SCF=  11  NormRD=  0.005197498071  Uele= -26.541703417574
   SCF=  12  NormRD=  0.003795462799  Uele= -26.540000688691
   SCF=  13  NormRD=  0.003019101368  Uele= -26.538386106182
   SCF=  14  NormRD=  0.002585154862  Uele= -26.536812029932
   SCF=  15  NormRD=  0.002309132685  Uele= -26.535262207895
   SCF=  16  NormRD=  0.042038965311  Uele= -26.531421195949
   SCF=  17  NormRD=  0.030469291687  Uele= -26.532934503692
   SCF=  18  NormRD=  0.030467144605  Uele= -26.532923589322
   SCF=  19  NormRD=  0.030646628813  Uele= -26.531202735669
   SCF=  20  NormRD=  0.030996996367  Uele= -26.530395676277
   SCF=  21  NormRD=  0.031207976554  Uele= -26.529990760776
   SCF=  22  NormRD=  0.031321208197  Uele= -26.529787981354
   SCF=  23  NormRD=  0.031378456388  Uele= -26.529686518488
   SCF=  24  NormRD=  0.031407033943  Uele= -26.529635771319
   SCF=  25  NormRD=  0.031421283086  Uele= -26.529610394228
   SCF=  26  NormRD=  0.031428394083  Uele= -26.529597704865
   SCF=  27  NormRD=  0.031431945718  Uele= -26.529591359988
   SCF=  28  NormRD=  0.031434289500  Uele= -26.529587170137
   SCF=  29  NormRD=  0.031436632196  Uele= -26.529582979935
   SCF=  30  NormRD=  0.031438973764  Uele= -26.529578789381
   SCF=  31  NormRD=  0.031441314167  Uele= -26.529574598477
   SCF=  32  NormRD=  0.156217390869  Uele= -26.561069326167
   SCF=  33  NormRD=  0.070240677601  Uele= -26.509630870932
   SCF=  34  NormRD=  0.069326140347  Uele= -26.510362416577
   SCF=  35  NormRD=  0.070763368573  Uele= -26.507660546069
   SCF=  36  NormRD=  0.076427768034  Uele= -26.507457263378
   SCF=  37  NormRD=  0.076225263732  Uele= -26.507353855960
   SCF=  38  NormRD=  0.075644314278  Uele= -26.507322066900
   SCF=  39  NormRD=  0.075885349206  Uele= -26.507061517125
   SCF=  40  NormRD=  0.075668245995  Uele= -26.506903777104
   SCF=  41  NormRD=  0.076357015883  Uele= -26.506431581575
   SCF=  42  NormRD=  0.076583520483  Uele= -26.506688692315
   SCF=  43  NormRD=  0.076763506150  Uele= -26.506526490472
   SCF=  44  NormRD=  0.075457894446  Uele= -26.508209478383
   SCF=  45  NormRD=  0.072902919391  Uele= -26.510084802279
   SCF=  46  NormRD=  0.072849365221  Uele= -26.510187892338
   SCF=  47  NormRD=  0.073835092495  Uele= -26.509501864510
   SCF=  48  NormRD=  0.075212407650  Uele= -26.508462334824
   SCF=  49  NormRD=  0.075350475530  Uele= -26.508378057800
   SCF=  50  NormRD=  0.074237401802  Uele= -26.509153884468
   SCF=  51  NormRD=  0.193979350230  Uele= -26.544263246004
   SCF=  52  NormRD=  0.192031557513  Uele= -26.544000149569
   SCF=  53  NormRD=  0.382388021795  Uele= -26.568555610477
   SCF=  54  NormRD=  0.374122384927  Uele= -26.567569075000
   SCF=  55  NormRD=  0.373018663855  Uele= -26.567425529859
   SCF=  56  NormRD=  0.320031807444  Uele= -26.561465401572
   SCF=  57  NormRD=  0.347435317606  Uele= -26.564479655141
   SCF=  58  NormRD=  0.381841452483  Uele= -26.568588723327
   SCF=  59  NormRD=  0.382702241614  Uele= -26.568784100759
   SCF=  60  NormRD=  0.389505590811  Uele= -26.569047025111
   SCF=  61  NormRD=  0.362780103557  Uele= -26.566452203152
   SCF=  62  NormRD=  0.355449593794  Uele= -26.565198790375
   SCF=  63  NormRD=  0.293351750848  Uele= -26.560240110041
   SCF=  64  NormRD=  0.292844926414  Uele= -26.560955392018
   SCF=  65  NormRD=  0.301848024920  Uele= -26.561951483102
   SCF=  66  NormRD=  0.337029816308  Uele= -26.566171183858
   SCF=  67  NormRD=  0.332558438836  Uele= -26.565432673243
   SCF=  68  NormRD=  0.230576186263  Uele= -26.549876431043
   SCF=  69  NormRD=  0.305454902169  Uele= -26.560061298129
   SCF=  70  NormRD=  0.040352923125  Uele= -26.530364728242
   SCF=  71  NormRD=  0.035197772661  Uele= -26.531345432364
   SCF=  72  NormRD=  0.034338442094  Uele= -26.529719008017
   SCF=  73  NormRD=  0.039589430047  Uele= -26.522586622256
   SCF=  74  NormRD=  0.041546590105  Uele= -26.520056775663
   SCF=  75  NormRD=  0.044812965174  Uele= -26.515984450888
   SCF=  76  NormRD=  0.048658694309  Uele= -26.513392578273
   SCF=  77  NormRD=  0.047928277034  Uele= -26.513861319133
   SCF=  78  NormRD=  0.047309730227  Uele= -26.514274109803
   SCF=  79  NormRD=  0.046653566376  Uele= -26.514605369904
   SCF=  80  NormRD=  0.047352906264  Uele= -26.514097662453
   SCF=  81  NormRD=  0.045949423248  Uele= -26.515054737911
   SCF=  82  NormRD=  0.055397550367  Uele= -26.508407462671
   SCF=  83  NormRD=  0.056216275211  Uele= -26.506214944798
   SCF=  84  NormRD=  0.055598303181  Uele= -26.505832198537
   SCF=  85  NormRD=  0.057337527284  Uele= -26.505924802596
   SCF=  86  NormRD=  0.048887739294  Uele= -26.515094947582
   SCF=  87  NormRD=  0.044322439949  Uele= -26.516374857563
   SCF=  88  NormRD=  0.117451503200  Uele= -26.531907415408
   SCF=  89  NormRD=  0.058302602366  Uele= -26.527549647317
   SCF=  90  NormRD=  0.242843053535  Uele= -26.562678715407
   SCF=  91  NormRD=  0.075569763233  Uele= -26.533531319662
   SCF=  92  NormRD=  0.130439932130  Uele= -26.544200813189
   SCF=  93  NormRD=  0.133752983647  Uele= -26.543728761955
   SCF=  94  NormRD=  0.083516555777  Uele= -26.534189830818
   SCF=  95  NormRD=  0.115476921200  Uele= -26.542838969922
   SCF=  96  NormRD=  0.159582709343  Uele= -26.549837507838
   SCF=  97  NormRD=  0.153141869917  Uele= -26.550072628365
   SCF=  98  NormRD=  0.139042640830  Uele= -26.552995244592
   SCF=  99  NormRD=  0.139507376094  Uele= -26.553211504896
   SCF= 100  NormRD=  0.160111346695  Uele= -26.554180716853
   SCF= 101  NormRD=  0.113638728440  Uele= -26.548252807395
   SCF= 102  NormRD=  0.101159783458  Uele= -26.547502824179
   SCF= 103  NormRD=  0.089389372620  Uele= -26.544572018472
   SCF= 104  NormRD=  0.092415243067  Uele= -26.541931890312
   SCF= 105  NormRD=  0.059498344885  Uele= -26.535569408523
   SCF= 106  NormRD=  0.038908600718  Uele= -26.522822158427
   SCF= 107  NormRD=  0.040238148423  Uele= -26.521450970561
   SCF= 108  NormRD=  0.041115737699  Uele= -26.520119475604
   SCF= 109  NormRD=  0.041254124561  Uele= -26.520002098480
   SCF= 110  NormRD=  0.041060394045  Uele= -26.520187376483
   SCF= 111  NormRD=  0.040838845131  Uele= -26.521262242972
   SCF= 112  NormRD=  0.037791164382  Uele= -26.525283174311
   SCF= 113  NormRD=  0.036964940601  Uele= -26.526199139656
   SCF= 114  NormRD=  0.038982592280  Uele= -26.523292447073
   SCF= 115  NormRD=  0.038907306128  Uele= -26.523348898070
   SCF= 116  NormRD=  0.038945011292  Uele= -26.523296717485
   SCF= 117  NormRD=  0.038613208657  Uele= -26.523721774979
   SCF= 118  NormRD=  0.035165707991  Uele= -26.529225445987
   SCF= 119  NormRD=  0.035162382157  Uele= -26.529231634488
   SCF= 120  NormRD=  0.034340365358  Uele= -26.531805167205
   SCF= 121  NormRD=  0.034954538065  Uele= -26.535392014438
   SCF= 122  NormRD=  0.079051816759  Uele= -26.548253322090
   SCF= 123  NormRD=  0.138213569329  Uele= -26.556726200563
   SCF= 124  NormRD=  0.034428402678  Uele= -26.535642890630
   SCF= 125  NormRD=  0.034342862633  Uele= -26.530462224205
   SCF= 126  NormRD=  0.037156001473  Uele= -26.527419309717
   SCF= 127  NormRD=  0.039158577894  Uele= -26.524802021968
   SCF= 128  NormRD=  0.038953374480  Uele= -26.525280725596
   SCF= 129  NormRD=  0.040730371061  Uele= -26.520342637688
   SCF= 130  NormRD=  0.040708751201  Uele= -26.520379025102
   SCF= 131  NormRD=  0.040679884056  Uele= -26.520407752559
   SCF= 132  NormRD=  0.046360253409  Uele= -26.514692758450
   SCF= 133  NormRD=  0.045463431965  Uele= -26.515450459988
   SCF= 134  NormRD=  0.046389728053  Uele= -26.514876379777
   SCF= 135  NormRD=  0.047472373367  Uele= -26.514141486069
   SCF= 136  NormRD=  0.040994457025  Uele= -26.520382788694
   SCF= 137  NormRD=  0.040443316377  Uele= -26.521712641613
   SCF= 138  NormRD=  0.037295406596  Uele= -26.526442804867
   SCF= 139  NormRD=  0.039968155547  Uele= -26.534539239558
   SCF= 140  NormRD=  0.040621672001  Uele= -26.535097367128
   SCF= 141  NormRD=  0.037478604582  Uele= -26.533958766886
   SCF= 142  NormRD=  0.044400365838  Uele= -26.537685834528

***********************************************************
***********************************************************
                  SCF history at MD= 1                    
***********************************************************
***********************************************************

   SCF=   1  NormRD=  1.000000000000  Uele= -27.051948480140
   SCF=   2  NormRD=  0.243454113357  Uele= -26.779503865523
   SCF=   3  NormRD=  0.100842720725  Uele= -26.667353681232
   SCF=   4  NormRD=  0.057741181818  Uele= -26.613616356632
   SCF=   5  NormRD=  0.029183977318  Uele= -26.600845378338
   SCF=   6  NormRD=  0.021007613464  Uele= -26.587581260887
   SCF=   7  NormRD=  0.021284895085  Uele= -26.577354695964
   SCF=   8  NormRD=  0.019451794581  Uele= -26.558506925736
   SCF=   9  NormRD=  0.012855893177  Uele= -26.547994511580
   SCF=  10  NormRD=  0.007802884624  Uele= -26.543832431048
   SCF=  11  NormRD=  0.005197498071  Uele= -26.541703417574
   SCF=  12  NormRD=  0.003795462799  Uele= -26.540000688691
   SCF=  13  NormRD=  0.003019101368  Uele= -26.538386106182
   SCF=  14  NormRD=  0.002585154862  Uele= -26.536812029932
   SCF=  15  NormRD=  0.002309132685  Uele= -26.535262207895
   SCF=  16  NormRD=  0.002192084731  Uele= -26.533724188421
   SCF=  17  NormRD=  0.002173726390  Uele= -26.532171418347
   SCF=  18  NormRD=  0.002169054035  Uele= -26.530579952466
   SCF=  19  NormRD=  0.002190485798  Uele= -26.529769574459
   SCF=  20  NormRD=  0.002220548199  Uele= -26.529364704452
   SCF=  21  NormRD=  0.002241203194  Uele= -26.529162709652
   SCF=  22  NormRD=  0.002253637700  Uele= -26.529061897473
   SCF=  23  NormRD=  0.002260290259  Uele= -26.529011544556
   SCF=  24  NormRD=  0.002263711059  Uele= -26.528986382078
   SCF=  25  NormRD=  0.002265443276  Uele= -26.528973804409
   SCF=  26  NormRD=  0.002266314612  Uele= -26.528967516476
   SCF=  27  NormRD=  0.002266751559  Uele= -26.528963310380
   SCF=  28  NormRD=  0.002267044343  Uele= -26.528959103949
   SCF=  29  NormRD=  0.002267337562  Uele= -26.528954897181
   SCF=  30  NormRD=  0.001914641005  Uele= -26.528663046582
   SCF=  31  NormRD=  0.002578195290  Uele= -26.511014744596
   SCF=  32  NormRD=  0.003814865818  Uele= -26.516703181073
   SCF=  33  NormRD=  0.003395151775  Uele= -26.520670454135
   SCF=  34  NormRD=  0.003090515909  Uele= -26.520410607489
   SCF=  35  NormRD=  0.003598266105  Uele= -26.541787727555
   SCF=  36  NormRD=  0.003901014525  Uele= -26.640518992775
   SCF=  37  NormRD=  0.035864021941  Uele= -26.517451703866
   SCF=  38  NormRD=  0.002617614643  Uele= -26.523309426857
   SCF=  39  NormRD=  0.002350099331  Uele= -26.522278055454
   SCF=  40  NormRD=  0.002375570301  Uele= -26.520590756367
   SCF=  41  NormRD=  0.002448331876  Uele= -26.521338351827
   SCF=  42  NormRD=  0.002414012937  Uele= -26.521099685219
   SCF=  43  NormRD=  0.002405607631  Uele= -26.520305545368
   SCF=  44  NormRD=  0.002438848630  Uele= -26.520261352116
   SCF=  45  NormRD=  0.002440475479  Uele= -26.520123676214
   SCF=  46  NormRD=  0.002446584101  Uele= -26.519719427132
   SCF=  47  NormRD=  0.002450526538  Uele= -26.519156112410
   SCF=  48  NormRD=  0.002465094577  Uele= -26.518570586780
   SCF=  49  NormRD=  0.002479570260  Uele= -26.518330358949
   SCF=  50  NormRD=  0.002484551230  Uele= -26.519979451906
   SCF=  51  NormRD=  0.002439213619  Uele= -26.519429057132
   SCF=  52  NormRD=  0.002439829655  Uele= -26.518096383577
   SCF=  53  NormRD=  0.002472896520  Uele= -26.518047543974
   SCF=  54  NormRD=  0.002469647396  Uele= -26.517059353614
   SCF=  55  NormRD=  0.002514405411  Uele= -26.516514750225
   SCF=  56  NormRD=  0.002542375888  Uele= -26.517149074963
   SCF=  57  NormRD=  0.002503840869  Uele= -26.604768760731
   SCF=  58  NormRD=  0.021279750787  Uele= -26.519293706614
   SCF=  59  NormRD=  0.002232881286  Uele= -26.495999617954
   SCF=  60  NormRD=  0.002315946332  Uele= -26.494147794468
   SCF=  61  NormRD=  0.002470646881  Uele= -26.511521666802
   SCF=  62  NormRD=  0.002513770553  Uele= -26.511177046936
   SCF=  63  NormRD=  0.002562500232  Uele= -26.513151836342
   SCF=  64  NormRD=  0.002573346049  Uele= -26.513422461862
   SCF=  65  NormRD=  0.002608846782  Uele= -26.513048925933
   SCF=  66  NormRD=  0.002643257421  Uele= -26.509425909727
   SCF=  67  NormRD=  0.002759866568  Uele= -26.510559188640
   SCF=  68  NormRD=  0.002671882787  Uele= -26.510255075160
   SCF=  69  NormRD=  0.002704572190  Uele= -26.512511256584
   SCF=  70  NormRD=  0.002668260102  Uele= -26.512636409215
   SCF=  71  NormRD=  0.002639141209  Uele= -26.512481646130
   SCF=  72  NormRD=  0.002579631627  Uele= -26.512744512945
   SCF=  73  NormRD=  0.002561555283  Uele= -26.514258947591
   SCF=  74  NormRD=  0.002526960615  Uele= -26.517329906762
   SCF=  75  NormRD=  0.002471305381  Uele= -26.517872280098
   SCF=  76  NormRD=  0.002466670143  Uele= -26.518122325185
   SCF=  77  NormRD=  0.002443620858  Uele= -26.514051076187
   SCF=  78  NormRD=  0.002532548213  Uele= -26.526547263205
   SCF=  79  NormRD=  0.002164962377  Uele= -26.525480210779
   SCF=  80  NormRD=  0.002265206611  Uele= -26.528161497976
   SCF=  81  NormRD=  0.002151545634  Uele= -26.576036726694
   SCF=  82  NormRD=  0.013698473780  Uele= -26.496925694793
   SCF=  83  NormRD=  0.002139798755  Uele= -26.502911000307
   SCF=  84  NormRD=  0.002686757788  Uele= -26.507602672336
   SCF=  85  NormRD=  0.002839027343  Uele= -26.511939415507
   SCF=  86  NormRD=  0.002774614418  Uele= -26.508520282782
   SCF=  87  NormRD=  0.002874716450  Uele= -26.508045663372
   SCF=  88  NormRD=  0.002909345571  Uele= -26.515222352279
   SCF=  89  NormRD=  0.002524992719  Uele= -26.512478107795
   SCF=  90  NormRD=  0.002551189023  Uele= -26.512363687903
   SCF=  91  NormRD=  0.002463089085  Uele= -26.512804942794
   SCF=  92  NormRD=  0.002409096369  Uele= -26.513273123372
   SCF=  93  NormRD=  0.002376472237  Uele= -26.514816255861
   SCF=  94  NormRD=  0.002296007711  Uele= -26.516894459202
   SCF=  95  NormRD=  0.002158951753  Uele= -26.511728824072
   SCF=  96  NormRD=  0.002406553000  Uele= -26.520553190903
   SCF=  97  NormRD=  0.002030492799  Uele= -26.523720467797
   SCF=  98  NormRD=  0.001891852397  Uele= -26.519105606996
   SCF=  99  NormRD=  0.002131571322  Uele= -26.523478376507
   SCF= 100  NormRD=  0.001883910178  Uele= -26.526016130595
   SCF= 101  NormRD=  0.001760698436  Uele= -26.525793265468
   SCF= 102  NormRD=  0.001786882752  Uele= -26.556735575581
   SCF= 103  NormRD=  0.009788050276  Uele= -26.544072654959
   SCF= 104  NormRD=  0.003855808665  Uele= -26.545745333714
   SCF= 105  NormRD=  0.004586805230  Uele= -26.541130637779
   SCF= 106  NormRD=  0.002888507001  Uele= -26.540580464577
   SCF= 107  NormRD=  0.002721394093  Uele= -26.538231898636
   SCF= 108  NormRD=  0.002172777841  Uele= -26.540013488505
   SCF= 109  NormRD=  0.002544088461  Uele= -26.532684159057
   SCF= 110  NormRD=  0.002060357100  Uele= -26.532807172520
   SCF= 111  NormRD=  0.001863222425  Uele= -26.531336886528
   SCF= 112  NormRD=  0.002048946778  Uele= -26.534179289789
   SCF= 113  NormRD=  0.001769748079  Uele= -26.530753394699
   SCF= 114  NormRD=  0.001856863602  Uele= -26.530294737673
   SCF= 115  NormRD=  0.001880402051  Uele= -26.524833462131
   SCF= 116  NormRD=  0.002443440005  Uele= -26.518521618025
   SCF= 117  NormRD=  0.002879597381  Uele= -26.513668522596
   SCF= 118  NormRD=  0.003039236787  Uele= -26.514432642136
   SCF= 119  NormRD=  0.002982703517  Uele= -26.516849539006
   SCF= 120  NormRD=  0.002883971129  Uele= -26.521437217150
   SCF= 121  NormRD=  0.002766128208  Uele= -26.534582510055
   SCF= 122  NormRD=  0.001920873745  Uele= -26.526459748360
   SCF= 123  NormRD=  0.002371571410  Uele= -26.526997910896
   SCF= 124  NormRD=  0.002644721790  Uele= -26.531393725537
   SCF= 125  NormRD=  0.002191557367  Uele= -26.550251857799
   SCF= 126  NormRD=  0.006345029846  Uele= -26.548540737332
   SCF= 127  NormRD=  0.005449980133  Uele= -26.547309974852
   SCF= 128  NormRD=  0.004738856200  Uele= -26.535773506141
   SCF= 129  NormRD=  0.002024930951  Uele= -26.521062299920
   SCF= 130  NormRD=  0.003018735963  Uele= -26.518522334057
   SCF= 131  NormRD=  0.003247384586  Uele= -26.537778440410
   SCF= 132  NormRD=  0.002238792134  Uele= -26.543466246838
   SCF= 133  NormRD=  0.003599051418  Uele= -26.530916357284
   SCF= 134  NormRD=  0.002295756869  Uele= -26.533371104952
   SCF= 135  NormRD=  0.002181884671  Uele= -26.532992235720
   SCF= 136  NormRD=  0.002175652487  Uele= -26.541481115948
   SCF= 137  NormRD=  0.003025824013  Uele= -26.524391760696
   SCF= 138  NormRD=  0.002859223402  Uele= -26.524369373642
   SCF= 139  NormRD=  0.002996604615  Uele= -26.523303238517
   SCF= 140  NormRD=  0.003049655111  Uele= -26.525562662582
   SCF= 141  NormRD=  0.002876330978  Uele= -26.526975694081
   SCF= 142  NormRD=  0.002784704711  Uele= -26.528659140659
   SCF= 143  NormRD=  0.002670909456  Uele= -26.527861933935
   SCF= 144  NormRD=  0.002756406871  Uele= -26.530562483565
   SCF= 145  NormRD=  0.002662251839  Uele= -26.534627730093
   SCF= 146  NormRD=  0.002532256450  Uele= -26.536288524005
   SCF= 147  NormRD=  0.002649070148  Uele= -26.534192044884
   SCF= 148  NormRD=  0.002667072258  Uele= -26.508569019630
   SCF= 149  NormRD=  0.003526677905  Uele= -26.506249001973
   SCF= 150  NormRD=  0.003656748862  Uele= -26.513816598979
   SCF= 151  NormRD=  0.003749407814  Uele= -26.510674423245
   SCF= 152  NormRD=  0.003923258260  Uele= -26.500049916063
   SCF= 153  NormRD=  0.003161887992  Uele= -26.525841400503
   SCF= 154  NormRD=  0.002556150924  Uele= -26.594261008482
   SCF= 155  NormRD=  0.015361805634  Uele= -26.597641499198
   SCF= 156  NormRD=  0.016386158012  Uele= -26.547280077706
   SCF= 157  NormRD=  0.005121935004  Uele= -26.550579191361
   SCF= 158  NormRD=  0.006732044817  Uele= -26.527294634518
   SCF= 159  NormRD=  0.002641361284  Uele= -26.524436014333
   SCF= 160  NormRD=  0.002849449455  Uele= -26.513990586574
   SCF= 161  NormRD=  0.003277044716  Uele= -26.521920593084
   SCF= 162  NormRD=  0.002960532349  Uele= -26.526732284590
   SCF= 163  NormRD=  0.002516974426  Uele= -26.545122327923
   SCF= 164  NormRD=  0.004309169799  Uele= -26.550634326704
   SCF= 165  NormRD=  0.006770063212  Uele= -26.539076604432
   SCF= 166  NormRD=  0.002464433601  Uele= -26.531133990813
   SCF= 167  NormRD=  0.002183350352  Uele= -26.520346230335
   SCF= 168  NormRD=  0.003204302196  Uele= -26.518357812258
   SCF= 169  NormRD=  0.003133313020  Uele= -26.519171188401
   SCF= 170  NormRD=  0.003139812855  Uele= -26.518632628907
   SCF= 171  NormRD=  0.003151666180  Uele= -26.519407488159
   SCF= 172  NormRD=  0.003194037794  Uele= -26.520583870583
   SCF= 173  NormRD=  0.003146735040  Uele= -26.517829959998
   SCF= 174  NormRD=  0.003179410954  Uele= -26.513598783170
   SCF= 175  NormRD=  0.003362364612  Uele= -26.513488202008
   SCF= 176  NormRD=  0.003359865360  Uele= -26.513727834908
   SCF= 177  NormRD=  0.003337689211  Uele= -26.514203618131
   SCF= 178  NormRD=  0.003347716082  Uele= -26.514033495184
   SCF= 179  NormRD=  0.003362431794  Uele= -26.513709575220
   SCF= 180  NormRD=  0.003415715368  Uele= -26.513301420094
   SCF= 181  NormRD=  0.003422793391  Uele= -26.513008272749

***********************************************************
***********************************************************
                  SCF history at MD= 1                    
***********************************************************
***********************************************************

   SCF=   1  NormRD=  1.000000000000  Uele= -27.050736599033
   SCF=   2  NormRD=  0.243228739736  Uele= -26.778632778794
   SCF=   3  NormRD=  0.100292604893  Uele= -26.667538281422
   SCF=   4  NormRD=  0.057823906456  Uele= -26.613168391626
   SCF=   5  NormRD=  0.029242503548  Uele= -26.600208143622
   SCF=   6  NormRD=  0.020848007756  Uele= -26.587281389627
   SCF=   7  NormRD=  0.021028186862  Uele= -26.577183025324
   SCF=   8  NormRD=  0.019292322524  Uele= -26.558516527681
   SCF=   9  NormRD=  0.013301536321  Uele= -26.547701142078
   SCF=  10  NormRD=  0.008077134561  Uele= -26.543308046686
   SCF=  11  NormRD=  0.005277882084  Uele= -26.541133685692
   SCF=  12  NormRD=  0.003784709641  Uele= -26.539461503136
   SCF=  13  NormRD=  0.002958991613  Uele= -26.537909547206
   SCF=  14  NormRD=  0.002506531488  Uele= -26.536420087195
   SCF=  15  NormRD=  0.002249198491  Uele= -26.534973044850
   SCF=  16  NormRD=  0.002115539162  Uele= -26.533547989639
   SCF=  17  NormRD=  0.002043853986  Uele= -26.532122938647
   SCF=  18  NormRD=  0.002013899464  Uele= -26.530681337244
   SCF=  19  NormRD=  0.002009141787  Uele= -26.529210936007
   SCF=  20  NormRD=  0.001988444507  Uele= -26.527705620147
   SCF=  21  NormRD=  0.002027118883  Uele= -26.526954903634
   SCF=  22  NormRD=  0.002050190781  Uele= -26.526579747874
   SCF=  23  NormRD=  0.002060505342  Uele= -26.526392093349
   SCF=  24  NormRD=  0.002066638938  Uele= -26.526298297323
   SCF=  25  NormRD=  0.002070246930  Uele= -26.526251419678
   SCF=  26  NormRD=  0.002072168216  Uele= -26.526227987236
   SCF=  27  NormRD=  0.002073156707  Uele= -26.526216272760
   SCF=  28  NormRD=  0.002073657767  Uele= -26.526210415976
   SCF=  29  NormRD=  0.002073909983  Uele= -26.526206505633
   SCF=  30  NormRD=  0.001734689174  Uele= -26.529151546418
   SCF=  31  NormRD=  0.002213659747  Uele= -26.519107293612
   SCF=  32  NormRD=  0.002467648702  Uele= -26.529772196767
   SCF=  33  NormRD=  0.002288996071  Uele= -26.531891210218
   SCF=  34  NormRD=  0.002242853805  Uele= -26.559558193975
   SCF=  35  NormRD=  0.010063542490  Uele= -26.519152934991
   SCF=  36  NormRD=  0.002526577060  Uele= -26.520210045689
   SCF=  37  NormRD=  0.002536952892  Uele= -26.525286123099
   SCF=  38  NormRD=  0.002689786273  Uele= -26.521319551854
   SCF=  39  NormRD=  0.002610801914  Uele= -26.524085081118
   SCF=  40  NormRD=  0.002547977377  Uele= -26.529289694013
   SCF=  41  NormRD=  0.002229926400  Uele= -26.528088233681
   SCF=  42  NormRD=  0.002267277394  Uele= -26.533050696408
   SCF=  43  NormRD=  0.002171731039  Uele= -26.537381154168
   SCF=  44  NormRD=  0.002297453606  Uele= -26.516922918834
   SCF=  45  NormRD=  0.002592366721  Uele= -26.515376161904
   SCF=  46  NormRD=  0.002729953625  Uele= -26.516518632855
   SCF=  47  NormRD=  0.002647205699  Uele= -26.519432384091
   SCF=  48  NormRD=  0.002509693849  Uele= -26.515755644101
   SCF=  49  NormRD=  0.002696582767  Uele= -26.514524008505
   SCF=  50  NormRD=  0.002731761015  Uele= -26.519240395332
   SCF=  51  NormRD=  0.002502051529  Uele= -26.508685880483
   SCF=  52  NormRD=  0.002885758075  Uele= -26.515758837988
   SCF=  53  NormRD=  0.002689366585  Uele= -26.535965277214
   SCF=  54  NormRD=  0.003039696780  Uele= -26.569772257978
   SCF=  55  NormRD=  0.014076737996  Uele= -26.565578033952
   SCF=  56  NormRD=  0.013752892512  Uele= -26.535251898119
   SCF=  57  NormRD=  0.002498882788  Uele= -26.518134592108
   SCF=  58  NormRD=  0.002684949662  Uele= -26.519674912597
   SCF=  59  NormRD=  0.002636138961  Uele= -26.518587692767
   SCF=  60  NormRD=  0.002701052461  Uele= -26.517580262038
   SCF=  61  NormRD=  0.002756673193  Uele= -26.517845350370
   SCF=  62  NormRD=  0.002752854768  Uele= -26.517232679798
   SCF=  63  NormRD=  0.002792763385  Uele= -26.514093582311
   SCF=  64  NormRD=  0.002953899696  Uele= -26.513380213264
   SCF=  65  NormRD=  0.002987322070  Uele= -26.513330377434
   SCF=  66  NormRD=  0.002988168376  Uele= -26.513257698435
   SCF=  67  NormRD=  0.002989275607  Uele= -26.512554997575
   SCF=  68  NormRD=  0.003005380395  Uele= -26.512383136208
   SCF=  69  NormRD=  0.003010171251  Uele= -26.513090212727
   SCF=  70  NormRD=  0.002995682301  Uele= -26.512094249877
   SCF=  71  NormRD=  0.003020379295  Uele= -26.511544851997
   SCF=  72  NormRD=  0.003042489374  Uele= -26.513213682800
   SCF=  73  NormRD=  0.002988025404  Uele= -26.511076120099
   SCF=  74  NormRD=  0.003068346063  Uele= -26.510813709439
   SCF=  75  NormRD=  0.003078907352  Uele= -26.545979396606
   SCF=  76  NormRD=  0.004739369606  Uele= -26.536848786280
   SCF=  77  NormRD=  0.002200971655  Uele= -26.525640059295
   SCF=  78  NormRD=  0.002157477279  Uele= -26.518231904184
   SCF=  79  NormRD=  0.002553065846  Uele= -26.519922006569
   SCF=  80  NormRD=  0.002481977186  Uele= -26.518884552119
   SCF=  81  NormRD=  0.002525870331  Uele= -26.521981600522
   SCF=  82  NormRD=  0.002358592184  Uele= -26.522254699489
   SCF=  83  NormRD=  0.002336991190  Uele= -26.513287237316
   SCF=  84  NormRD=  0.002822093739  Uele= -26.514743302093
   SCF=  85  NormRD=  0.002761665598  Uele= -26.518110048540
   SCF=  86  NormRD=  0.002651754443  Uele= -26.530282113700
   SCF=  87  NormRD=  0.002081377985  Uele= -26.550391251082
   SCF=  88  NormRD=  0.007171858579  Uele= -26.504279427440
   SCF=  89  NormRD=  0.003019899759  Uele= -26.515517193028
   SCF=  90  NormRD=  0.002786365008  Uele= -26.514219850722
   SCF=  91  NormRD=  0.002826206771  Uele= -26.525168884077
   SCF=  92  NormRD=  0.002235718040  Uele= -26.528823066534
   SCF=  93  NormRD=  0.002038110740  Uele= -26.529093212678
   SCF=  94  NormRD=  0.002017354269  Uele= -26.529298334973
   SCF=  95  NormRD=  0.002008155549  Uele= -26.527765496256
   SCF=  96  NormRD=  0.002098214619  Uele= -26.524698997029
   SCF=  97  NormRD=  0.002251761851  Uele= -26.525587385252
   SCF=  98  NormRD=  0.002203615403  Uele= -26.526861697358
   SCF=  99  NormRD=  0.002180510606  Uele= -26.525956026027
   SCF= 100  NormRD=  0.002240646520  Uele= -26.528443725936
   SCF= 101  NormRD=  0.002148217494  Uele= -26.522389241507
   SCF= 102  NormRD=  0.002422038095  Uele= -26.515355089279
   SCF= 103  NormRD=  0.002714690279  Uele= -26.513256537688
   SCF= 104  NormRD=  0.002791081546  Uele= -26.509696053757
   SCF= 105  NormRD=  0.002916602552  Uele= -26.510523325039
   SCF= 106  NormRD=  0.002888604077  Uele= -26.510101270220
   SCF= 107  NormRD=  0.002948322114  Uele= -26.512462571958
   SCF= 108  NormRD=  0.002914520629  Uele= -26.563693435045
   SCF= 109  NormRD=  0.012628425911  Uele= -26.514219300441
   SCF= 110  NormRD=  0.002869039722  Uele= -26.497529112269
   SCF= 111  NormRD=  0.001888461653  Uele= -26.498195692810
   SCF= 112  NormRD=  0.002019919455  Uele= -26.500643072138
   SCF= 113  NormRD=  0.002540310192  Uele= -26.501292810001
   SCF= 114  NormRD=  0.002672716271  Uele= -26.501521737072
   SCF= 115  NormRD=  0.002694091526  Uele= -26.502984470119
   SCF= 116  NormRD=  0.002921533354  Uele= -26.501455561559
   SCF= 117  NormRD=  0.002801005189  Uele= -26.498648731999
   SCF= 118  NormRD=  0.002340630356  Uele= -26.494829666014
   SCF= 119  NormRD=  0.001849888313  Uele= -26.506496582670
   SCF= 120  NormRD=  0.003365979668  Uele= -26.510515084766
   SCF= 121  NormRD=  0.003038776113  Uele= -26.506351188410
   SCF= 122  NormRD=  0.003243715582  Uele= -26.507115011801
   SCF= 123  NormRD=  0.002952898138  Uele= -26.505623493073
   SCF= 124  NormRD=  0.002947510665  Uele= -26.506122159589
   SCF= 125  NormRD=  0.002924179970  Uele= -26.497281752228
   SCF= 126  NormRD=  0.001645809485  Uele= -26.495228964091
   SCF= 127  NormRD=  0.001456405522  Uele= -26.495077966404
   SCF= 128  NormRD=  0.001461695692  Uele= -26.494630036368
   SCF= 129  NormRD=  0.001480127688  Uele= -26.519529502158
   SCF= 130  NormRD=  0.002523699753  Uele= -26.524290709996
   SCF= 131  NormRD=  0.002283510867  Uele= -26.525678460419
   SCF= 132  NormRD=  0.002291319082  Uele= -26.528367663064
   SCF= 133  NormRD=  0.002363587408  Uele= -26.529646746625
   SCF= 134  NormRD=  0.002274136791  Uele= -26.529208578063
   SCF= 135  NormRD=  0.002273521819  Uele= -26.531410361003
   SCF= 136  NormRD=  0.002290641770  Uele= -26.531342916718
   SCF= 137  NormRD=  0.002284894829  Uele= -26.532053107767
   SCF= 138  NormRD=  0.002249755595  Uele= -26.533709287689
   SCF= 139  NormRD=  0.002199768689  Uele= -26.535472190684
   SCF= 140  NormRD=  0.002224813330  Uele= -26.535255826954
   SCF= 141  NormRD=  0.002211984455  Uele= -26.532490581444
   SCF= 142  NormRD=  0.002188972364  Uele= -26.531193452997
   SCF= 143  NormRD=  0.002286595845  Uele= -26.527480984389
   SCF= 144  NormRD=  0.002312773904  Uele= -26.529067411332
   SCF= 145  NormRD=  0.002269674118  Uele= -26.530820600771
   SCF= 146  NormRD=  0.002424430655  Uele= -26.546784202425
   SCF= 147  NormRD=  0.004874764968  Uele= -26.536529647296
   SCF= 148  NormRD=  0.002187175860  Uele= -26.538224174286
   SCF= 149  NormRD=  0.002421770879  Uele= -26.513141316259
   SCF= 150  NormRD=  0.002949481210  Uele= -26.514314656348
   SCF= 151  NormRD=  0.002866012217  Uele= -26.506326084708
   SCF= 152  NormRD=  0.003170578378  Uele= -26.522352941027
   SCF= 153  NormRD=  0.002361053551  Uele= -26.521857361627
   SCF= 154  NormRD=  0.002371971255  Uele= -26.524370990294
   SCF= 155  NormRD=  0.002181349056  Uele= -26.520529714301
   SCF= 156  NormRD=  0.002384481149  Uele= -26.523174679096
   SCF= 157  NormRD=  0.002181694581  Uele= -26.524116222820
   SCF= 158  NormRD=  0.002124050702  Uele= -26.515550560085
   SCF= 159  NormRD=  0.002609173171  Uele= -26.519638915483
   SCF= 160  NormRD=  0.002481383411  Uele= -26.525253863483
   SCF= 161  NormRD=  0.002081540393  Uele= -26.515309427948
   SCF= 162  NormRD=  0.002709459130  Uele= -26.512250320432
   SCF= 163  NormRD=  0.002897976959  Uele= -26.512250374226
   SCF= 164  NormRD=  0.002923781769  Uele= -26.524587793388
   SCF= 165  NormRD=  0.002153867183  Uele= -26.528100907067
   SCF= 166  NormRD=  0.002540707710  Uele= -26.532626262945
   SCF= 167  NormRD=  0.002436930058  Uele= -26.563040698641
   SCF= 168  NormRD=  0.012758874849  Uele= -26.576023880850
   SCF= 169  NormRD=  0.013361709184  Uele= -26.574273803598
   SCF= 170  NormRD=  0.013292957287  Uele= -26.571927728835
   SCF= 171  NormRD=  0.013231785296  Uele= -26.568093367989
   SCF= 172  NormRD=  0.013356916027  Uele= -26.497363922871
   SCF= 173  NormRD=  0.002766070329  Uele= -26.526682235970
   SCF= 174  NormRD=  0.002203605843  Uele= -26.529210250710
   SCF= 175  NormRD=  0.002232226300  Uele= -26.533421624959
   SCF= 176  NormRD=  0.002128920530  Uele= -26.534714649765
   SCF= 177  NormRD=  0.002159732494  Uele= -26.523068775687
   SCF= 178  NormRD=  0.002255325866  Uele= -26.512738460704
   SCF= 179  NormRD=  0.002920036792  Uele= -26.512044068443
   SCF= 180  NormRD=  0.002986002328  Uele= -26.512824486341
   SCF= 181  NormRD=  0.002907619534  Uele= -26.515939571407
   SCF= 182  NormRD=  0.002712086044  Uele= -26.505170324147
   SCF= 183  NormRD=  0.003242270730  Uele= -26.502216527015
   SCF= 184  NormRD=  0.003084029287  Uele= -26.503364049384
   SCF= 185  NormRD=  0.002992177264  Uele= -26.507637218432
   SCF= 186  NormRD=  0.003133489300  Uele= -26.507550537376
   SCF= 187  NormRD=  0.003137691497  Uele= -26.505879742566
   SCF= 188  NormRD=  0.003139224763  Uele= -26.515593366622
   SCF= 189  NormRD=  0.002771870913  Uele= -26.514446031553
   SCF= 190  NormRD=  0.002833365108  Uele= -26.515943240500
   SCF= 191  NormRD=  0.002739668522  Uele= -26.538615351291
   SCF= 192  NormRD=  0.003597166695  Uele= -26.560730233990
   SCF= 193  NormRD=  0.012520185235  Uele= -26.530782134551
   SCF= 194  NormRD=  0.002460672034  Uele= -26.530185294232
   SCF= 195  NormRD=  0.002393469267  Uele= -26.526656275044
   SCF= 196  NormRD=  0.002383771723  Uele= -26.517580316309
   SCF= 197  NormRD=  0.002542789645  Uele= -26.521794853205
   SCF= 198  NormRD=  0.002300546549  Uele= -26.511408999301
   SCF= 199  NormRD=  0.002907541102  Uele= -26.513198681544
   SCF= 200  NormRD=  0.002857878573  Uele= -26.511638669827
   SCF= 201  NormRD=  0.002924288188  Uele= -26.509818185788
   SCF= 202  NormRD=  0.003010103118  Uele= -26.517728865454
   SCF= 203  NormRD=  0.002546602349  Uele= -26.520090124592
   SCF= 204  NormRD=  0.002388049074  Uele= -26.532819524542
   SCF= 205  NormRD=  0.002267831438  Uele= -26.523661716987
   SCF= 206  NormRD=  0.002195785459  Uele= -26.519309940970
   SCF= 207  NormRD=  0.002475845296  Uele= -26.516120089480
   SCF= 208  NormRD=  0.002723960316  Uele= -26.502459237932
   SCF= 209  NormRD=  0.002645873947  Uele= -26.513745065830
   SCF= 210  NormRD=  0.002803435519  Uele= -26.511903148853
   SCF= 211  NormRD=  0.002867648041  Uele= -26.510379281148
   SCF= 212  NormRD=  0.002939870458  Uele= -26.518628072025
   SCF= 213  NormRD=  0.002424260075  Uele= -26.576139232993
   SCF= 214  NormRD=  0.013596254242  Uele= -26.577995781544
   SCF= 215  NormRD=  0.013756721309  Uele= -26.542365063317
   SCF= 216  NormRD=  0.004199564350  Uele= -26.539921985742
   SCF= 217  NormRD=  0.003439918820  Uele= -26.524436684401
   SCF= 218  NormRD=  0.001987563526  Uele= -26.533774716997
   SCF= 219  NormRD=  0.002491126711  Uele= -26.533406783137
   SCF= 220  NormRD=  0.002702481581  Uele= -26.530682728338
   SCF= 221  NormRD=  0.002680580611  Uele= -26.530636573105
   SCF= 222  NormRD=  0.002662529979  Uele= -26.518932259405
   SCF= 223  NormRD=  0.002450211783  Uele= -26.513951122051
   SCF= 224  NormRD=  0.002798887759  Uele= -26.515694810477
   SCF= 225  NormRD=  0.002661689712  Uele= -26.518329239757
   SCF= 226  NormRD=  0.002460677988  Uele= -26.516631925004
   SCF= 227  NormRD=  0.002609780515  Uele= -26.515481561985
   SCF= 228  NormRD=  0.002663539172  Uele= -26.517814392907
   SCF= 229  NormRD=  0.002548467691  Uele= -26.484992200727
   SCF= 230  NormRD=  0.005892727545  Uele= -26.487634522530
   SCF= 231  NormRD=  0.004464206967  Uele= -26.506569659307
   SCF= 232  NormRD=  0.003058413070  Uele= -26.496810611923
   SCF= 233  NormRD=  0.002323416683  Uele= -26.493127052833
   SCF= 234  NormRD=  0.002394067607  Uele= -26.499713325250
   SCF= 235  NormRD=  0.002721225165  Uele= -26.498655893873
   SCF= 236  NormRD=  0.002420729564  Uele= -26.494153474177
   SCF= 237  NormRD=  0.001937450667  Uele= -26.535254775215
   SCF= 238  NormRD=  0.002080566586  Uele= -26.553444059983
   SCF= 239  NormRD=  0.009745082415  Uele= -26.486162111882
   SCF= 240  NormRD=  0.005636038587  Uele= -26.478205369303
   SCF= 241  NormRD=  0.011064572894  Uele= -26.479687149100
   SCF= 242  NormRD=  0.010328560749  Uele= -26.502169926029
   SCF= 243  NormRD=  0.002637150086  Uele= -26.497805326934
   SCF= 244  NormRD=  0.001424311558  Uele= -26.501032148967
   SCF= 245  NormRD=  0.002390569317  Uele= -26.494676998876
   SCF= 246  NormRD=  0.001331031045  Uele= -26.499927833391
   SCF= 247  NormRD=  0.002182452472  Uele= -26.489742426908
   SCF= 248  NormRD=  0.003706040971  Uele= -26.502293510512
   SCF= 249  NormRD=  0.002684371302  Uele= -26.500339123970
   SCF= 250  NormRD=  0.002257981295  Uele= -26.509025479551
   SCF= 251  NormRD=  0.003105120582  Uele= -26.510823287358
   SCF= 252  NormRD=  0.003047600005  Uele= -26.510583851580
   SCF= 253  NormRD=  0.003061249306  Uele= -26.511517677257
   SCF= 254  NormRD=  0.003028155187  Uele= -26.511200498380
   SCF= 255  NormRD=  0.003054761407  Uele= -26.509874590478
   SCF= 256  NormRD=  0.003163493640  Uele= -26.506003058434
   SCF= 257  NormRD=  0.003244809291  Uele= -26.508194854386
   SCF= 258  NormRD=  0.003305713786  Uele= -26.506246864700
   SCF= 259  NormRD=  0.003310033105  Uele= -26.509310169188
   SCF= 260  NormRD=  0.003447578939  Uele= -26.508998368360
   SCF= 261  NormRD=  0.003472370174  Uele= -26.508839364318
   SCF= 262  NormRD=  0.003505667246  Uele= -26.509945020175
   SCF= 263  NormRD=  0.003462949370  Uele= -26.509693297585
   SCF= 264  NormRD=  0.003485404456  Uele= -26.509537218461
   SCF= 265  NormRD=  0.003497884074  Uele= -26.509455379175
   SCF= 266  NormRD=  0.003506242030  Uele= -26.509274238909
   SCF= 267  NormRD=  0.003514192450  Uele= -26.509844468966
   SCF= 268  NormRD=  0.003478711430  Uele= -26.515029726940
   SCF= 269  NormRD=  0.003049561254  Uele= -26.519616550673
   SCF= 270  NormRD=  0.002590837204  Uele= -26.541621925690
   SCF= 271  NormRD=  0.003761951916  Uele= -26.570701675255
   SCF= 272  NormRD=  0.013124240766  Uele= -26.516217375749
   SCF= 273  NormRD=  0.002070226386  Uele= -26.510957832968
   SCF= 274  NormRD=  0.002309855651  Uele= -26.494100772762
   SCF= 275  NormRD=  0.001731696618  Uele= -26.490833530800
   SCF= 276  NormRD=  0.002998727358  Uele= -26.503125924965
   SCF= 277  NormRD=  0.002961864248  Uele= -26.503334417085
   SCF= 278  NormRD=  0.002947439462  Uele= -26.502419970657
   SCF= 279  NormRD=  0.002814689007  Uele= -26.496554267576
   SCF= 280  NormRD=  0.001422752244  Uele= -26.496454290977
   SCF= 281  NormRD=  0.001439234914  Uele= -26.497046662756
   SCF= 282  NormRD=  0.001488405993  Uele= -26.500123862802
   SCF= 283  NormRD=  0.002262172667  Uele= -26.499826866004
   SCF= 284  NormRD=  0.002212950711  Uele= -26.499760652681
   SCF= 285  NormRD=  0.002198632525  Uele= -26.502145999133
   SCF= 286  NormRD=  0.002667030053  Uele= -26.500105069632
   SCF= 287  NormRD=  0.002183756114  Uele= -26.498904635715
   SCF= 288  NormRD=  0.001662978591  Uele= -26.496355006384
   SCF= 289  NormRD=  0.000276861047  Uele= -26.493078564733
   SCF= 290  NormRD=  0.002011741300  Uele= -26.493486114364
   SCF= 291  NormRD=  0.001742235718  Uele= -26.492733699282
   SCF= 292  NormRD=  0.002330517693  Uele= -26.492208057242
   SCF= 293  NormRD=  0.002804367695  Uele= -26.495155453730
   SCF= 294  NormRD=  0.000837736909  Uele= -26.493884000780
   SCF= 295  NormRD=  0.001679364900  Uele= -26.493915320154
   SCF= 296  NormRD=  0.001662487430  Uele= -26.493919389463
   SCF= 297  NormRD=  0.001659281401  Uele= -26.493920058896
   SCF= 298  NormRD=  0.001657785431  Uele= -26.493949899392
   SCF= 299  NormRD=  0.001637147651  Uele= -26.494019973564
   SCF= 300  NormRD=  0.001588814314  Uele= -26.494123676022
   SCF= 301  NormRD=  0.001516033728  Uele= -26.494710649767
   SCF= 302  NormRD=  0.001111239265  Uele= -26.494740581731
   SCF= 303  NormRD=  0.001088603192  Uele= -26.495165643710
   SCF= 304  NormRD=  0.000801027733  Uele= -26.495299016887
   SCF= 305  NormRD=  0.000711887200  Uele= -26.495496991587
   SCF= 306  NormRD=  0.000580356718  Uele= -26.496192984805
   SCF= 307  NormRD=  0.000130258810  Uele= -26.496271433864
   SCF= 308  NormRD=  0.000080909298  Uele= -26.496278712822
   SCF= 309  NormRD=  0.000076182670  Uele= -26.496281248661
   SCF= 310  NormRD=  0.000075496839  Uele= -26.496277807707
   SCF= 311  NormRD=  0.000077689594  Uele= -26.496277014608
   SCF= 312  NormRD=  0.000078102302  Uele= -26.496271522398
   SCF= 313  NormRD=  0.000081701574  Uele= -26.496275990892
   SCF= 314  NormRD=  0.000078448756  Uele= -26.496276339312
   SCF= 315  NormRD=  0.000078238063  Uele= -26.496289582945
   SCF= 316  NormRD=  0.000069689939  Uele= -26.496292149667
   SCF= 317  NormRD=  0.000067821828  Uele= -26.496288189209
   SCF= 318  NormRD=  0.000070364664  Uele= -26.496310591579
   SCF= 319  NormRD=  0.000056115384  Uele= -26.496338301123
   SCF= 320  NormRD=  0.000038599735  Uele= -26.496343557176
   SCF= 321  NormRD=  0.000035246791  Uele= -26.496378537847
   SCF= 322  NormRD=  0.000013750551  Uele= -26.496381662856
   SCF= 323  NormRD=  0.000012097719  Uele= -26.496395489849
   SCF= 324  NormRD=  0.000007346693  Uele= -26.496395330689
   SCF= 325  NormRD=  0.000007358808  Uele= -26.496396133450
   SCF= 326  NormRD=  0.000007329496  Uele= -26.496396304851
   SCF= 327  NormRD=  0.000007327419  Uele= -26.496396489273
   SCF= 328  NormRD=  0.000007299246  Uele= -26.496396285364
   SCF= 329  NormRD=  0.000007302482  Uele= -26.496396319150
   SCF= 330  NormRD=  0.000007297496  Uele= -26.496396305623
   SCF= 331  NormRD=  0.000007298633  Uele= -26.496396306940

*******************************************************
        Total energy (Hartree) at MD = 1        
*******************************************************

  Uele.        -26.496396306940

  Ukin.         84.141179770276
  UH0.       -1842.757060966646
  UH1.           0.003981046989
  Una.         -71.165844668634
  Unl.         -17.981952679027
  Uxc0.         -9.645324851433
  Uxc1.         -9.215597482387
  Ucore.      1698.888178035796
  Uhub.          0.000000000000
  Ucs.           0.000000000000
  Uzs.           0.000000000000
  Uzo.           0.000000000000
  Uef.           0.000000000000
  UvdW.          0.000000000000
  Uch.           0.000000000000
  Utot.       -167.732441795066

  UpV.           0.000000000000
  Enpy.       -167.732441795066
  Note:

  Utot = Ukin+UH0+UH1+Una+Unl+Uxc0+Uxc1+Ucore+Uhub+Ucs+Uzs+Uzo+Uef+UvdW+Uch

  Uele:   band energy
  Ukin:   kinetic energy
  UH0:    electric part of screened Coulomb energy
  UH1:    difference electron-electron Coulomb energy
  Una:    neutral atom potential energy
  Unl:    non-local potential energy
  Uxc0:   exchange-correlation energy for alpha spin
  Uxc1:   exchange-correlation energy for beta spin
  Ucore:  core-core Coulomb energy
  Uhub:   LDA+U energy
  Ucs:    constraint energy for spin orientation
  Uzs:    Zeeman term for spin magnetic moment
  Uzo:    Zeeman term for orbital magnetic moment
  Uef:    electric energy by electric field
  UvdW:   semi-empirical vdW energy
  Uch:    penalty term to create a core hole

  UpV:    pressure times volume
  Enpy:   Enthalpy = Utot + UpV
  (see also PRB 72, 045121(2005) for the energy contributions)



  Chemical potential (Hartree)      -0.228439603333

***********************************************************
***********************************************************
           Eigenvalues (Hartree) of SCF KS-eq.           
***********************************************************
***********************************************************

   Chemical Potential (Hartree) =  -0.22843960333272
   Number of States             =  18.00000000000001
   Eigenvalues


   kloop=0
   k1=  -0.42857 k2=  -0.42857 k3=  -0.42857

    1   -4.02464663102083
    2   -4.00608109519024
    3   -2.61954745683378
    4   -2.61330961530155
    5   -2.54473558223291
    6   -2.53698024821764
    7   -2.53120507916843
    8   -2.52475608653645
    9   -0.40335372952647
   10   -0.39422916296790
   11   -0.31104560138077
   12   -0.30765094579577
   13   -0.29558225806127
   14   -0.29230852144591
   15   -0.24903846867293
   16   -0.24760095303639
   17   -0.24533718105974
   18   -0.24154121698863
   19   -0.22769172775303
   20   -0.22609619677595
   21    0.06947601121780
   22    0.07802483927642
   23    1.37547291226125
   24    1.38115503538051
   25    1.40477436476187
   26    1.41048311958662
   27    3.03909845367719
   28    3.04653920130161

   kloop=1
   k1=  -0.42857 k2=  -0.42857 k3=  -0.28571

    1   -4.02463278134630
    2   -4.00606826588960
    3   -2.61943540334129
    4   -2.61342504842282
    5   -2.54432660065465
    6   -2.53720549259057
    7   -2.53161085617458
    8   -2.52472184873722
    9   -0.39666371690605
   10   -0.38943435605386
   11   -0.32377206141296
   12   -0.31296523075579
   13   -0.31072924493601
   14   -0.29809128846851
   15   -0.29367543890419
   16   -0.28059909188655
   17   -0.24447279726617
   18   -0.22547124555493
   19   -0.21358023078094
   20   -0.19906120952423
   21    0.23412982663193
   22    0.24161583339657
   23    1.18378588983635
   24    1.19279017530369
   25    1.25161095315647
   26    1.26030556495639
   27    3.07690500739888
   28    3.08181624329247

   kloop=2
   k1=  -0.42857 k2=  -0.42857 k3=  -0.14286

    1   -4.02449118584902
    2   -4.00592658056202
    3   -2.61959685606447
    4   -2.61394519943171
    5   -2.54401606994551
    6   -2.53806378177028
    7   -2.53259062533143
    8   -2.52489192746632
    9   -0.38816437950159
   10   -0.38176359766525
   11   -0.35692049445042
   12   -0.34059504256659
   13   -0.29521057051842
   14   -0.28155595848403
   15   -0.26795145905956
   16   -0.25241112634029
   17   -0.24282109262191
   18   -0.22399212716601
   19   -0.20036244049405
   20   -0.18734386468266
   21    0.53340149991393
   22    0.54058145907632
   23    0.81942560317033
   24    0.82651360395264
   25    0.93105998530260
   26    0.93949326980183
   27    3.20015086606197
   28    3.20316478299090

   kloop=3
   k1=  -0.42857 k2=  -0.42857 k3=   0.00000

    1   -4.02432912825914
    2   -4.00576376172952
    3   -2.61992041739793
    4   -2.61448271645636
    5   -2.54408690804225
    6   -2.53881837085922
    7   -2.53346357015742
    8   -2.52510904820126
    9   -0.39193777643913
   10   -0.38401379631273
   11   -0.37022020478355
   12   -0.35380110890105
   13   -0.24614087824665
   14   -0.24475267108257
   15   -0.24275565037291
   16   -0.23026956223163
   17   -0.22513361522934
   18   -0.22036842026404
   19   -0.15805926029387
   20   -0.15348796179997
   21    0.39274291052720
   22    0.39891692015915
   23    0.78822358483271
   24    0.79596492368724
   25    0.80948277862431
   26    0.81727898902707
   27    3.60774398212275
   28    3.61149393103252

   kloop=4
   k1=  -0.42857 k2=  -0.42857 k3=   0.14286

    1   -4.02426643129968
    2   -4.00569875209049
    3   -2.62007061384216
    4   -2.61455731151469
    5   -2.54441714859835
    6   -2.53893950022352
    7   -2.53348334589098
    8   -2.52543007699571
    9   -0.38235163587479
   10   -0.37351399630168
   11   -0.36707646165715
   12   -0.35079121764295
   13   -0.26763266497625
   14   -0.25190617809188
   15   -0.24836445846195
   16   -0.24257712405797
   17   -0.23630419546415
   18   -0.21966364405818
   19   -0.01284712463106
   20   -0.00690910745301
   21    0.20279106433172
   22    0.20893625778336
   23    0.43054265296633
   24    0.43718213466678
   25    0.82543611064412
   26    0.83338463600123
   27    2.83622050390897
   28    2.83872733151399

   kloop=5
   k1=  -0.42857 k2=  -0.42857 k3=   0.28572

    1   -4.02435187961101
    2   -4.00578417418176
    3   -2.61998711005339
    4   -2.61416057767305
    5   -2.54475953721107
    6   -2.53837729529284
    7   -2.53261174158549
    8   -2.52556092866201
    9   -0.36418278197410
   10   -0.35228011375497
   11   -0.34856300326088
   12   -0.33652760938674
   13   -0.30789464632883
   14   -0.29130269247394
   15   -0.27407522655671
   16   -0.26029971977460
   17   -0.24607304819502
   18   -0.22517718843330
   19   -0.01232720677134
   20   -0.00407033051933
   21    0.08342315861655
   22    0.09065657971291
   23    0.53557086219571
   24    0.54246655296450
   25    1.00713656517892
   26    1.01596029138440
   27    2.51661763502148
   28    2.51824284661827

   kloop=6
   k1=  -0.42857 k2=  -0.42857 k3=   0.42857

    1   -4.02452086121948
    2   -4.00595429420700
    3   -2.61978600778490
    4   -2.61363320202140
    5   -2.54491420522735
    6   -2.53751428866279
    7   -2.53160696057121
    8   -2.52519889255487
    9   -0.38507036443949
   10   -0.37398355722597
   11   -0.32093897783458
   12   -0.30917393170378
   13   -0.29965541013690
   14   -0.29191850815759
   15   -0.28565172966098
   16   -0.27606361539837
   17   -0.24757964801694
   18   -0.22759006357112
   19   -0.12652583220912
   20   -0.11760147438104
   21    0.00393005611266
   22    0.01322089114465
   23    1.10085080493014
   24    1.10978089406980
   25    1.27892714946204
   26    1.28869339807819
   27    2.92164382128562
   28    2.92675891657508

   kloop=7
   k1=  -0.42857 k2=  -0.28572 k3=  -0.42857

    1   -4.02463279037616
    2   -4.00606827244355
    3   -2.61957053793254
    4   -2.61325383328869
    5   -2.54482787154680
    6   -2.53695226612129
    7   -2.53090595991538
    8   -2.52521470397001
    9   -0.39666492556949
   10   -0.38943415185383
   11   -0.32380786596603
   12   -0.31257288739570
   13   -0.31104672931937
   14   -0.29851933110422
   15   -0.29320907610288
   16   -0.28068556748744
   17   -0.24447015606269
   18   -0.22541571879094
   19   -0.21365503816631
   20   -0.19903647622301
   21    0.23412616428093
   22    0.24161258862668
   23    1.18373171183119
   24    1.19287851596008
   25    1.25153765965024
   26    1.26038746100441
   27    3.07690491348236
   28    3.08182085280833

   kloop=8
   k1=  -0.42857 k2=  -0.28572 k3=  -0.28571

    1   -4.02474576309401
    2   -4.00618286796430
    3   -2.61920731228831
    4   -2.61302805066625
    5   -2.54426362241632
    6   -2.53664067845563
    7   -2.53093141438501
    8   -2.52470191308922
    9   -0.41206206118666
   10   -0.40770654404073
   11   -0.32569325226548
   12   -0.31233561728778
   13   -0.31031588782787
   14   -0.29933187376888
   15   -0.29391526294941
   16   -0.28102517560145
   17   -0.26737263376326
   18   -0.24813656262253
   19   -0.22485856508832
   20   -0.20780424439059
   21    0.41357176919251
   22    0.42113503836775
   23    1.04335666618642
   24    1.05216016260696
   25    1.43281584663607
   26    1.44307577432758
   27    2.87270268965315
   28    2.87675411370659

   kloop=9
   k1=  -0.42857 k2=  -0.28572 k3=  -0.14286

    1   -4.02468253407774
    2   -4.00611948160127
    3   -2.61921289682016
    4   -2.61333286987730
    5   -2.54388011638068
    6   -2.53718003329238
    7   -2.53162572243413
    8   -2.52461389114598
    9   -0.40448862593130
   10   -0.40070801769343
   11   -0.34348166282732
   12   -0.32672674413580
   13   -0.31547680523655
   14   -0.30197373312607
   15   -0.27198401770443
   16   -0.26976873692614
   17   -0.25812361476214
   18   -0.25018472510072
   19   -0.22167653013446
   20   -0.20495877516787
   21    0.67778583715439
   22    0.68631900634945
   23    0.78705013466883
   24    0.79445603918150
   25    1.20651195648956
   26    1.21533265394918
   27    3.12132526419601
   28    3.12491534427695

   kloop=10
   k1=  -0.42857 k2=  -0.28572 k3=   0.00000

    1   -4.02449109850483
    2   -4.00592628418790
    3   -2.61959192652952
    4   -2.61394267721022
    5   -2.54399940997824
    6   -2.53808121430095
    7   -2.53257646471917
    8   -2.52493025794210
    9   -0.38772934929387
   10   -0.38116196921664
   11   -0.35711154089698
   12   -0.34085583691626
   13   -0.29447639566635
   14   -0.27982061034569
   15   -0.26802122336093
   16   -0.25212666516866
   17   -0.24340344683227
   18   -0.22663935716108
   19   -0.20045826788269
   20   -0.18714790915311
   21    0.53303545161215
   22    0.54036372343918
   23    0.81959553852357
   24    0.82673802914973
   25    0.93158140060113
   26    0.93993124253824
   27    3.20018039444375
   28    3.20341627060880

   kloop=11
   k1=  -0.42857 k2=  -0.28572 k3=   0.14286

    1   -4.02431727049060
    2   -4.00574948812179
    3   -2.61998121568666
    4   -2.61432701542380
    5   -2.54452341891046
    6   -2.53863305973194
    7   -2.53304892110871
    8   -2.52552430098227
    9   -0.37295518971981
   10   -0.36423579918679
   11   -0.35819793980089
   12   -0.34159212967334
   13   -0.29725583144967
   14   -0.28046334005027
   15   -0.25704074575824
   16   -0.24515457693891
   17   -0.24277342203666
   18   -0.22313263518610
   19   -0.07559397270938
   20   -0.06741869552106
   21    0.43570338144414
   22    0.44150996132839
   23    0.49248559990333
   24    0.50024994815186
   25    0.54913097617803
   26    0.55570687981748
   27    2.49757493462250
   28    2.50020081588113

   kloop=12
   k1=  -0.42857 k2=  -0.28572 k3=   0.28572

    1   -4.02429103898307
    2   -4.00572230618051
    3   -2.62011977781661
    4   -2.61422885032572
    5   -2.54502284741623
    6   -2.53852452909589
    7   -2.53258628751810
    8   -2.52598269114110
    9   -0.35695586400698
   10   -0.34704649669333
   11   -0.34577171169843
   12   -0.33014245873093
   13   -0.32053116726837
   14   -0.30404313632723
   15   -0.26953109930561
   16   -0.25652934635354
   17   -0.24400438275714
   18   -0.22239815875718
   19    0.09511290323871
   20    0.10216554440157
   21    0.16327455554970
   22    0.17089593895353
   23    0.30998448958958
   24    0.31614599740691
   25    0.67651261031064
   26    0.68407394712921
   27    2.20084807404666
   28    2.20219941063054

   kloop=13
   k1=  -0.42857 k2=  -0.28572 k3=   0.42857

    1   -4.02443034286214
    2   -4.00586349941273
    3   -2.61996159139400
    4   -2.61377522254629
    5   -2.54515727998165
    6   -2.53780279937736
    7   -2.53160085373489
    8   -2.52584252156549
    9   -0.36425740670374
   10   -0.35334119209375
   11   -0.33871944394090
   12   -0.32731644445335
   13   -0.32215471147115
   14   -0.30568762725075
   15   -0.27954913273789
   16   -0.26575582918831
   17   -0.24985216234775
   18   -0.22916671465231
   19   -0.11153264488129
   20   -0.10100987327116
   21    0.17243792630326
   22    0.17979076873842
   23    0.76435370354221
   24    0.77207687131749
   25    0.96408612156449
   26    0.97254923467768
   27    2.48342394045411
   28    2.48589960440440

   kloop=14
   k1=  -0.42857 k2=  -0.14286 k3=  -0.42857

    1   -4.02449121084183
    2   -4.00592658903957
    3   -2.61995211810906
    4   -2.61349667429463
    5   -2.54541088924760
    6   -2.53727578955419
    7   -2.53076926751272
    8   -2.52619963815388
    9   -0.38816613541589
   10   -0.38175803963291
   11   -0.35693256083319
   12   -0.34060016348476
   13   -0.29521165842056
   14   -0.28153289207984
   15   -0.26799404640339
   16   -0.25231739708439
   17   -0.24289974552222
   18   -0.22396739250799
   19   -0.20038563990676
   20   -0.18733108555525
   21    0.53339705586505
   22    0.54057083391515
   23    0.81942161450751
   24    0.82656178889932
   25    0.93104842719548
   26    0.93951248625829
   27    3.20014475180340
   28    3.20317964757489

   kloop=15
   k1=  -0.42857 k2=  -0.14286 k3=  -0.28571

    1   -4.02468254676979
    2   -4.00611948825063
    3   -2.61943062678460
    4   -2.61305733549666
    5   -2.54473264009574
    6   -2.53665723534888
    7   -2.53055655020312
    8   -2.52541106603726
    9   -0.40448878117708
   10   -0.40070808570614
   11   -0.34348105130130
   12   -0.32675770158858
   13   -0.31549845674151
   14   -0.30189953368089
   15   -0.27139347720678
   16   -0.27054311353556
   17   -0.25789672560540
   18   -0.25023252000822
   19   -0.22171016088712
   20   -0.20494454290484
   21    0.67781393369319
   22    0.68627805050686
   23    0.78709864181743
   24    0.79440888837982
   25    1.20652702397767
   26    1.21535287998918
   27    3.12130365529568
   28    3.12489765631518

   kloop=16
   k1=  -0.42857 k2=  -0.14286 k3=  -0.14286

    1   -4.02474533986931
    2   -4.00618219094425
    3   -2.61919905399222
    4   -2.61302504479434
    5   -2.54424988165111
    6   -2.53664523407033
    7   -2.53091702397880
    8   -2.52476630017394
    9   -0.41119240227407
   10   -0.40645163581343
   11   -0.32629897168479
   12   -0.31255967945978
   13   -0.31081401887368
   14   -0.29939245073157
   15   -0.29349103334602
   16   -0.27868482623580
   17   -0.26798596399491
   18   -0.25045768619444
   19   -0.22495381348758
   20   -0.20814877131554
   21    0.41311487300193
   22    0.42090869317448
   23    1.04423814627618
   24    1.05298527070242
   25    1.43292770205578
   26    1.44320572996848
   27    2.87301099039856
   28    2.87761701806241

   kloop=17
   k1=  -0.42857 k2=  -0.14286 k3=   0.00000

    1   -4.02463207899830
    2   -4.00606717143557
    3   -2.61942238673738
    4   -2.61341979227335
    5   -2.54429893346101
    6   -2.53722347626817
    7   -2.53158539322242
    8   -2.52482289800968
    9   -0.39527184577354
   10   -0.38724873121780
   11   -0.32416907368917
   12   -0.31315372224152
   13   -0.31089366411593
   14   -0.29788671406838
   15   -0.29311084294202
   16   -0.28016980055113
   17   -0.24514396533921
   18   -0.22805460227075
   19   -0.21380343007074
   20   -0.19945434420861
   21    0.23376765204980
   22    0.24162016316906
   23    1.18451442925943
   24    1.19346264177233
   25    1.25212334315778
   26    1.26089937091814
   27    3.07729499341004
   28    3.08299515882556

   kloop=18
   k1=  -0.42857 k2=  -0.14286 k3=   0.14286

    1   -4.02442989456984
    2   -4.00586264880618
    3   -2.61986215763498
    4   -2.61388200011790
    5   -2.54482530482050
    6   -2.53789350869626
    7   -2.53213958916402
    8   -2.52557826083652
    9   -0.36299220902806
   10   -0.35130811045818
   11   -0.33876474802891
   12   -0.32727117284655
   13   -0.32183625950564
   14   -0.30468038747150
   15   -0.27969203958847
   16   -0.26587108750351
   17   -0.25062269788917
   18   -0.23171243196031
   19   -0.11183543954402
   20   -0.10159305816816
   21    0.17217140271175
   22    0.17979633864033
   23    0.76427937538767
   24    0.77193940838461
   25    0.96465446647171
   26    0.97314463911541
   27    2.48379510117430
   28    2.48673657179627

   kloop=19
   k1=  -0.42857 k2=  -0.14286 k3=   0.28572

    1   -4.02429098067876
    2   -4.00572205896558
    3   -2.62022485562442
    4   -2.61409028465388
    5   -2.54546289644300
    6   -2.53822506128171
    7   -2.53208051791893
    8   -2.52639627174961
    9   -0.35672530719472
   10   -0.34699416045595
   11   -0.34540480829904
   12   -0.32995295930366
   13   -0.32023025739206
   14   -0.30316608368114
   15   -0.26960864129888
   16   -0.25661645473549
   17   -0.24438989912082
   18   -0.22359463910988
   19    0.09504861199896
   20    0.10211505902475
   21    0.16327434749152
   22    0.17107773804711
   23    0.30969617903710
   24    0.31573346430220
   25    0.67681220024787
   26    0.68434988550143
   27    2.20112665909545
   28    2.20270487944147

   kloop=20
   k1=  -0.42857 k2=  -0.14286 k3=   0.42857

    1   -4.02431739876106
    2   -4.00574972089184
    3   -2.62029228636909
    4   -2.61394151488989
    5   -2.54574088192677
    6   -2.53797589201479
    7   -2.53144858697427
    8   -2.52662831323699
    9   -0.37289579984123
   10   -0.36405349482935
   11   -0.35833534078898
   12   -0.34195122914870
   13   -0.29779585971012
   14   -0.28178942605503
   15   -0.25694182023957
   16   -0.24484283347151
   17   -0.24234328079474
   18   -0.22262550241458
   19   -0.07537743788036
   20   -0.06689671755917
   21    0.43597255582198
   22    0.44190332376712
   23    0.49261461430579
   24    0.50010529777081
   25    0.54910659071161
   26    0.55532187603488
   27    2.49742462530936
   28    2.50000849064204

   kloop=21
   k1=  -0.42857 k2=  -0.00000 k3=  -0.42857

    1   -4.02432916902385
    2   -4.00576376531971
    3   -2.62041257309320
    4   -2.61386253543800
    5   -2.54604761654759
    6   -2.53772028206579
    7   -2.53093711358037
    8   -2.52690090156221
    9   -0.39193991789397
   10   -0.38400612589118
   11   -0.37023444153856
   12   -0.35380407754194
   13   -0.24619056576566
   14   -0.24454142267574
   15   -0.24277737433225
   16   -0.23106343925671
   17   -0.22368050764464
   18   -0.22115665916482
   19   -0.15807567664682
   20   -0.15347733931980
   21    0.39275712914835
   22    0.39893356989613
   23    0.79131491155468
   24    0.79150210151697
   25    0.81402323671128
   26    0.81411082879865
   27    3.60774127309395
   28    3.61152510479616

   kloop=22
   k1=  -0.42857 k2=  -0.00000 k3=  -0.28571

    1   -4.02449112444625
    2   -4.00592629215782
    3   -2.61994677236153
    4   -2.61349471500194
    5   -2.54540308150739
    6   -2.53727267547530
    7   -2.53075795024228
    8   -2.52624667638577
    9   -0.38773159461224
   10   -0.38115752810764
   11   -0.35712222129783
   12   -0.34086115399027
   13   -0.29448008843447
   14   -0.27977711760814
   15   -0.26808013963350
   16   -0.25201469026430
   17   -0.24350389894937
   18   -0.22661557206958
   19   -0.20047314507549
   20   -0.18714025435902
   21    0.53303227707677
   22    0.54035384507007
   23    0.81959228412477
   24    0.82678613428088
   25    0.93156799602082
   26    0.93994872220444
   27    3.20017984928661
   28    3.20342487369465

   kloop=23
   k1=  -0.42857 k2=  -0.00000 k3=  -0.14286

    1   -4.02463208944687
    2   -4.00606717726585
    3   -2.61955715467213
    4   -2.61324908554112
    5   -2.54480698628252
    6   -2.53695270801968
    7   -2.53088362994436
    8   -2.52532323966016
    9   -0.39527339729717
   10   -0.38724980210788
   11   -0.32419530168512
   12   -0.31285869811625
   13   -0.31113296603570
   14   -0.29821744303747
   15   -0.29273437288912
   16   -0.28024724817085
   17   -0.24514669317901
   18   -0.22801781415487
   19   -0.21385213400551
   20   -0.19943727908865
   21    0.23376485380669
   22    0.24161686484960
   23    1.18445955480742
   24    1.19354731121921
   25    1.25205440243762
   26    1.26098001923291
   27    3.07729886607902
   28    3.08299578958336

   kloop=24
   k1=  -0.42857 k2=  -0.00000 k3=   0.00000

    1   -4.02464530165279
    2   -4.00607935042967
    3   -2.61952921503418
    4   -2.61330325154760
    5   -2.54470687270863
    6   -2.53698637008472
    7   -2.53118098820999
    8   -2.52489419930723
    9   -0.40176156301262
   10   -0.39153793469181
   11   -0.31082724318428
   12   -0.30731265758149
   13   -0.29504832960388
   14   -0.29066780065667
   15   -0.24977135378470
   16   -0.24803031486696
   17   -0.24603653515851
   18   -0.24184299055867
   19   -0.23021900159944
   20   -0.22868300788581
   21    0.06923144095413
   22    0.07854867544475
   23    1.37617232270101
   24    1.38177875852516
   25    1.40548990462190
   26    1.41111679490800
   27    3.04033992524239
   28    3.04918521164871

   kloop=25
   k1=  -0.42857 k2=  -0.00000 k3=   0.14286

    1   -4.02451988380337
    2   -4.00595286575039
    3   -2.61981635994324
    4   -2.61356828799274
    5   -2.54509375203202
    6   -2.53730745356939
    7   -2.53147060574731
    8   -2.52545707756631
    9   -0.38347072293018
   10   -0.37108478383891
   11   -0.32050461006510
   12   -0.30777513505326
   13   -0.29949768687750
   14   -0.29322872773676
   15   -0.28464709202359
   16   -0.27742094841085
   17   -0.24834892121311
   18   -0.23041216464370
   19   -0.12713737886094
   20   -0.11901116052002
   21    0.00386932187823
   22    0.01414586381708
   23    1.10116952642330
   24    1.11014897305048
   25    1.27971851058328
   26    1.28942984707528
   27    2.92230880855535
   28    2.92834969471809

   kloop=26
   k1=  -0.42857 k2=  -0.00000 k3=   0.28572

    1   -4.02435167952266
    2   -4.00578357320533
    3   -2.62022007380721
    4   -2.61385211332893
    5   -2.54571602837524
    6   -2.53772313214490
    7   -2.53148038815739
    8   -2.52649887049333
    9   -0.36291379003487
   10   -0.34983835636512
   11   -0.34893775865019
   12   -0.33757809616456
   13   -0.30751066151665
   14   -0.29040516324973
   15   -0.27397586209950
   16   -0.25969598707988
   17   -0.24693460236042
   18   -0.22812895395107
   19   -0.01248355863134
   20   -0.00400510111107
   21    0.08320653254145
   22    0.09049287846982
   23    0.53558660676161
   24    0.54253684476522
   25    1.00771205355566
   26    1.01646048041199
   27    2.51697980607586
   28    2.51902075086613

   kloop=27
   k1=  -0.42857 k2=  -0.00000 k3=   0.42857

    1   -4.02426652313511
    2   -4.00569868452055
    3   -2.62051059192840
    4   -2.61400072009351
    5   -2.54617024114934
    6   -2.53792842735677
    7   -2.53123087436249
    8   -2.52706437256381
    9   -0.38208472200331
   10   -0.37308044783735
   11   -0.36727180821786
   12   -0.35111486157595
   13   -0.26688241051707
   14   -0.25109574803059
   15   -0.24785073381732
   16   -0.24245568145477
   17   -0.23638731213429
   18   -0.22216623762795
   19   -0.01279741197800
   20   -0.00662479699100
   21    0.20276205556227
   22    0.20901844400873
   23    0.43041477041355
   24    0.43702803324573
   25    0.82587853219173
   26    0.83371739652837
   27    2.83632700291584
   28    2.83906466546163

   kloop=28
   k1=  -0.42857 k2=   0.14286 k3=  -0.42857

    1   -4.02426645899414
    2   -4.00569875069678
    3   -2.62051134265502
    4   -2.61400157906707
    5   -2.54617679961638
    6   -2.53791686612049
    7   -2.53125653286409
    8   -2.52703495591487
    9   -0.38235591398838
   10   -0.37350352550051
   11   -0.36709075931646
   12   -0.35079549585542
   13   -0.26761325060770
   14   -0.25141436304095
   15   -0.24928839176377
   16   -0.24189000925086
   17   -0.23656117996774
   18   -0.21966689035033
   19   -0.01284865028650
   20   -0.00690591459165
   21    0.20279007560949
   22    0.20893583525884
   23    0.43055345820564
   24    0.43718424356375
   25    0.82543801153019
   26    0.83337587056820
   27    2.83622194074301
   28    2.83875809980630

   kloop=29
   k1=  -0.42857 k2=   0.14286 k3=  -0.28571

    1   -4.02431729038668
    2   -4.00574949180096
    3   -2.62028797098940
    4   -2.61394040984791
    5   -2.54573831829993
    6   -2.53796213889248
    7   -2.53145969179682
    8   -2.52664937532081
    9   -0.37295929026832
   10   -0.36422918639708
   11   -0.35820474158889
   12   -0.34160207193994
   13   -0.29724575184592
   14   -0.28043317670953
   15   -0.25708492554825
   16   -0.24517466976598
   17   -0.24273037883959
   18   -0.22314048807586
   19   -0.07559513565601
   20   -0.06742255366385
   21    0.43570397183148
   22    0.44154051084203
   23    0.49257180931648
   24    0.50012779941229
   25    0.54927124968263
   26    0.55560487448181
   27    2.49757120548526
   28    2.50021171024582

   kloop=30
   k1=  -0.42857 k2=   0.14286 k3=  -0.14286

    1   -4.02442990395574
    2   -4.00586265513171
    3   -2.61994991748295
    4   -2.61377122114428
    5   -2.54513659132773
    6   -2.53779822630156
    7   -2.53159098759570
    8   -2.52593377975288
    9   -0.36299844068570
   10   -0.35129673093931
   11   -0.33878761251533
   12   -0.32722509708769
   13   -0.32186053173719
   14   -0.30469588218016
   15   -0.27966579799264
   16   -0.26589399150825
   17   -0.25061442204170
   18   -0.23171559039417
   19   -0.11183362021549
   20   -0.10159737978502
   21    0.17216520138601
   22    0.17978927247153
   23    0.76429383327843
   24    0.77195971153088
   25    0.96467211983630
   26    0.97316775258611
   27    2.48381650018032
   28    2.48675718314278

   kloop=31
   k1=  -0.42857 k2=   0.14286 k3=   0.00000

    1   -4.02451988817557
    2   -4.00595286979332
    3   -2.61976951165427
    4   -2.61362777870746
    5   -2.54488624149801
    6   -2.53751609115742
    7   -2.53159145093536
    8   -2.52532237964939
    9   -0.38346976953110
   10   -0.37108578924023
   11   -0.32045767116798
   12   -0.30795622549467
   13   -0.29960043132393
   14   -0.29244534865751
   15   -0.28546932987124
   16   -0.27714893084578
   17   -0.24834376737051
   18   -0.23041212978067
   19   -0.12713754903797
   20   -0.11901726987435
   21    0.00386775762705
   22    0.01414422891028
   23    1.10118223331186
   24    1.11016368407213
   25    1.27972730345261
   26    1.28944119272511
   27    2.92232761828777
   28    2.92836466216417

   kloop=32
   k1=  -0.42857 k2=   0.14286 k3=   0.14286

    1   -4.02451997835667
    2   -4.00595300915575
    3   -2.61981735311615
    4   -2.61356951228688
    5   -2.54510103687431
    6   -2.53729567282538
    7   -2.53148751104417
    8   -2.52543569018588
    9   -0.38348176820050
   10   -0.37099352691562
   11   -0.32103511713642
   12   -0.30892273960645
   13   -0.29884396724835
   14   -0.29366134422208
   15   -0.28265479606911
   16   -0.27920684438786
   17   -0.24810742534223
   18   -0.22993177867506
   19   -0.12704372946053
   20   -0.11842286617624
   21    0.00385542870122
   22    0.01389193008673
   23    1.10176134626533
   24    1.11067985556888
   25    1.27909152183126
   26    1.28889728482457
   27    2.92221921923951
   28    2.92806089298967

   kloop=33
   k1=  -0.42857 k2=   0.14286 k3=   0.28572

    1   -4.02443007193277
    2   -4.00586295439056
    3   -2.62005678008218
    4   -2.61364207330216
    5   -2.54559411097136
    6   -2.53735520272883
    7   -2.53127265050625
    8   -2.52624598214055
    9   -0.36276642304389
   10   -0.35045804585564
   11   -0.33893640109205
   12   -0.32788697064560
   13   -0.32295791934252
   14   -0.30774738020204
   15   -0.27898583841659
   16   -0.26397489852169
   17   -0.25042779669489
   18   -0.23143471492616
   19   -0.11164762348124
   20   -0.10088717331104
   21    0.17220431013412
   22    0.17967434841736
   23    0.76484159129532
   24    0.77248196297228
   25    0.96413399754004
   26    0.97264102006562
   27    2.48361652025202
   28    2.48635094742474

   kloop=34
   k1=  -0.42857 k2=   0.14286 k3=   0.42857

    1   -4.02431739655063
    2   -4.00574971441003
    3   -2.62037239897528
    4   -2.61383897776428
    5   -2.54607616676275
    6   -2.53766156702454
    7   -2.53111108448832
    8   -2.52696738776564
    9   -0.37289740309066
   10   -0.36404756857918
   11   -0.35834259818699
   12   -0.34194676788169
   13   -0.29779921319297
   14   -0.28182210543074
   15   -0.25695957791915
   16   -0.24392788441704
   17   -0.24321519786873
   18   -0.22260967990042
   19   -0.07537993784700
   20   -0.06688658670429
   21    0.43590163612206
   22    0.44195082546097
   23    0.49253600970537
   24    0.50017771924784
   25    0.54910844666904
   26    0.55530610460536
   27    2.49742615319417
   28    2.50001140809338

   kloop=35
   k1=  -0.42857 k2=   0.28571 k3=  -0.42857

    1   -4.02435188521464
    2   -4.00578416958331
    3   -2.62022770846884
    4   -2.61385621498595
    5   -2.54573733218640
    6   -2.53770068049722
    7   -2.53153329920397
    8   -2.52640206996849
    9   -0.36419347414908
   10   -0.35223859076622
   11   -0.34862075284624
   12   -0.33649922658624
   13   -0.30788941033586
   14   -0.29134561485412
   15   -0.27403601955467
   16   -0.26027386711812
   17   -0.24610178705542
   18   -0.22517532839110
   19   -0.01232443484996
   20   -0.00406126266248
   21    0.08342235211286
   22    0.09066162760033
   23    0.53555376413169
   24    0.54244736957424
   25    1.00713064459826
   26    1.01595088742823
   27    2.51660537726466
   28    2.51824732908626

   kloop=36
   k1=  -0.42857 k2=   0.28571 k3=  -0.28571

    1   -4.02429104173122
    2   -4.00572230294063
    3   -2.62022754674560
    4   -2.61409287957870
    5   -2.54547890914756
    6   -2.53819597557636
    7   -2.53212171896416
    8   -2.52634800496167
    9   -0.35694897665755
   10   -0.34727838310494
   11   -0.34553365307261
   12   -0.33016629681336
   13   -0.32054087529996
   14   -0.30400790956795
   15   -0.26955941133254
   16   -0.25651485262255
   17   -0.24400234332896
   18   -0.22239987447549
   19    0.09511093745005
   20    0.10217771795966
   21    0.16327025594400
   22    0.17090413915954
   23    0.30998294338707
   24    0.31614152455451
   25    0.67649841119362
   26    0.68405756061430
   27    2.20083909370135
   28    2.20219887717300

   kloop=37
   k1=  -0.42857 k2=   0.28571 k3=  -0.14286

    1   -4.02429097554170
    2   -4.00572206070285
    3   -2.62011550219662
    4   -2.61422828871438
    5   -2.54501675172777
    6   -2.53850825371162
    7   -2.53260297890430
    8   -2.52600805770057
    9   -0.35673124310874
   10   -0.34672031444180
   11   -0.34568682555689
   12   -0.32992496939107
   13   -0.32022252476636
   14   -0.30320439998867
   15   -0.26957605932352
   16   -0.25663448756451
   17   -0.24438955860935
   18   -0.22359336227778
   19    0.09505033413394
   20    0.10210233021323
   21    0.16327987406100
   22    0.17106840243999
   23    0.30969814013430
   24    0.31573579323995
   25    0.67682758474726
   26    0.68436808087052
   27    2.20113330328613
   28    2.20270863641194

   kloop=38
   k1=  -0.42857 k2=   0.28571 k3=   0.00000

    1   -4.02435167077805
    2   -4.00578357709826
    3   -2.61997828272689
    4   -2.61415797533240
    5   -2.54473854374213
    6   -2.53837678989468
    7   -2.53261286150506
    8   -2.52562603651994
    9   -0.36289981949204
   10   -0.34998688402412
   11   -0.34877305394502
   12   -0.33760544565873
   13   -0.30751913361708
   14   -0.29037103727327
   15   -0.27400753337722
   16   -0.25973546420439
   17   -0.24688813594722
   18   -0.22813414322680
   19   -0.01248711668254
   20   -0.00401275390573
   21    0.08320520930033
   22    0.09048897021413
   23    0.53560315898953
   24    0.54255458456524
   25    1.00771983168580
   26    1.01647193565166
   27    2.51698659141452
   28    2.51902347438922

   kloop=39
   k1=  -0.42857 k2=   0.28571 k3=   0.14286

    1   -4.02443007060187
    2   -4.00586295758638
    3   -2.61986520928442
    4   -2.61388510809148
    5   -2.54484257290606
    6   -2.53786372045668
    7   -2.53217472434016
    8   -2.52553537849236
    9   -0.36275723434786
   10   -0.35047403829915
   11   -0.33892087601433
   12   -0.32786032674219
   13   -0.32301490597818
   14   -0.30769422546381
   15   -0.27905865373328
   16   -0.26391347017808
   17   -0.25045851468044
   18   -0.23142551100914
   19   -0.11164669843150
   20   -0.10089278771110
   21    0.17220321729256
   22    0.17967262228692
   23    0.76484330129896
   24    0.77248057446274
   25    0.96415401359924
   26    0.97265807643196
   27    2.48362620553054
   28    2.48635715675180

   kloop=40
   k1=  -0.42857 k2=   0.28571 k3=   0.28572

    1   -4.02446494739626
    2   -4.00589830927581
    3   -2.61989684725555
    4   -2.61365280633430
    5   -2.54522212520453
    6   -2.53738617402449
    7   -2.53161891967151
    8   -2.52578961214241
    9   -0.36066610075282
   10   -0.35008338594344
   11   -0.33318706869585
   12   -0.32871729687393
   13   -0.32175781275089
   14   -0.31241325030069
   15   -0.28038955863851
   16   -0.26782875514996
   17   -0.26346737308654
   18   -0.24234964719055
   19   -0.13502723510089
   20   -0.12294222410996
   21    0.32935296432112
   22    0.33755704339303
   23    0.46688944916129
   24    0.47304967912425
   25    1.21501439674963
   26    1.22463432151050
   27    2.53811920267738
   28    2.54066483197329

   kloop=41
   k1=  -0.42857 k2=   0.28571 k3=   0.42857

    1   -4.02443033745951
    2   -4.00586349211051
    3   -2.62006372222047
    4   -2.61364509461517
    5   -2.54560658407613
    6   -2.53734666996233
    7   -2.53130217504242
    8   -2.52617615436399
    9   -0.36426081128670
   10   -0.35333890474190
   11   -0.33870947857644
   12   -0.32738824863489
   13   -0.32206770871682
   14   -0.30573847048359
   15   -0.27949188114207
   16   -0.26579841038968
   17   -0.24982714555215
   18   -0.22917381187862
   19   -0.11153768768823
   20   -0.10100101050008
   21    0.17243836690617
   22    0.17979281553284
   23    0.76434670413723
   24    0.77206461969161
   25    0.96406424942920
   26    0.97252529626300
   27    2.48340480989054
   28    2.48588184759647

   kloop=42
   k1=  -0.42857 k2=   0.42857 k3=  -0.42857

    1   -4.02452085614826
    2   -4.00595428948713
    3   -2.61983204968923
    4   -2.61357472743491
    5   -2.54512356786592
    6   -2.53728956720328
    7   -2.53151190220693
    8   -2.52532182714222
    9   -0.38507141380896
   10   -0.37398207144754
   11   -0.32098007189318
   12   -0.30902828573046
   13   -0.29954411426742
   14   -0.29269994210651
   15   -0.28487964876807
   16   -0.27627135866515
   17   -0.24757617284211
   18   -0.22759221536588
   19   -0.12652827281923
   20   -0.11759528132592
   21    0.00393216713047
   22    0.01322259802834
   23    1.10083666138935
   24    1.10976393462115
   25    1.27892110635189
   26    1.28868383182618
   27    2.92162651966440
   28    2.92674304759192

   kloop=43
   k1=  -0.42857 k2=   0.42857 k3=  -0.28571

    1   -4.02443033353740
    2   -4.00586349187383
    3   -2.61987265768287
    4   -2.61388752688678
    5   -2.54485633631244
    6   -2.53786102795060
    7   -2.53218124501472
    8   -2.52548157178133
    9   -0.36425293710357
   10   -0.35335149395402
   11   -0.33869670196150
   12   -0.32737258792551
   13   -0.32211680276027
   14   -0.30567296246746
   15   -0.27957594515340
   16   -0.26573261386133
   17   -0.24985986318797
   18   -0.22916438830490
   19   -0.11153506424056
   20   -0.10100713066385
   21    0.17244540365706
   22    0.17979754602616
   23    0.76433854992751
   24    0.77205417584215
   25    0.96407090572851
   26    0.97252704834336
   27    2.48340530731272
   28    2.48587587986313

   kloop=44
   k1=  -0.42857 k2=   0.42857 k3=  -0.14286

    1   -4.02431737755302
    2   -4.00574971563032
    3   -2.61998434928861
    4   -2.61432965346860
    5   -2.54453842071059
    6   -2.53860618273758
    7   -2.53307346889774
    8   -2.52549542331173
    9   -0.37289168755387
   10   -0.36406030351865
   11   -0.35832903014662
   12   -0.34194179379601
   13   -0.29780349636037
   14   -0.28181433576611
   15   -0.25690756395558
   16   -0.24482308526512
   17   -0.24238016758939
   18   -0.22261890311374
   19   -0.07537663819742
   20   -0.06689396511301
   21    0.43597336199693
   22    0.44187024089137
   23    0.49253036631408
   24    0.50022483119171
   25    0.54896739614023
   26    0.55542532449821
   27    2.49742972643067
   28    2.49999601672121

   kloop=45
   k1=  -0.42857 k2=   0.42857 k3=   0.00000

    1   -4.02426649324026
    2   -4.00569868535401
    3   -2.62006914685488
    4   -2.61455736905820
    5   -2.54441302138059
    6   -2.53893250575985
    7   -2.53349208747267
    8   -2.52544101313501
    9   -0.38207979481032
   10   -0.37309058221804
   11   -0.36725850094701
   12   -0.35111036889851
   13   -0.26690423717519
   14   -0.25144821552849
   15   -0.24688062529362
   16   -0.24328931744864
   17   -0.23616669875880
   18   -0.22216309949283
   19   -0.01279634707449
   20   -0.00662774812402
   21    0.20276309883010
   22    0.20901934000068
   23    0.43040205088707
   24    0.43702526563258
   25    0.82587824292886
   26    0.83372811978171
   27    2.83632047806024
   28    2.83903997484339

   kloop=46
   k1=  -0.42857 k2=   0.42857 k3=   0.14286

    1   -4.02431738014386
    2   -4.00574971825037
    3   -2.61998434489887
    4   -2.61432964391714
    5   -2.54453842216564
    6   -2.53860617177956
    7   -2.53307345104976
    8   -2.52549542284185
    9   -0.37289120626301
   10   -0.36405982777485
   11   -0.35832856410859
   12   -0.34194132554415
   13   -0.29780476986865
   14   -0.28181570830298
   15   -0.25690791247495
   16   -0.24482336299732
   17   -0.24238053425135
   18   -0.22261912677684
   19   -0.07537833791470
   20   -0.06689557629621
   21    0.43598285161941
   22    0.44187961823459
   23    0.49252617139559
   24    0.50022058517301
   25    0.54896717852172
   26    0.55542514609335
   27    2.49741885859583
   28    2.49998513128789

   kloop=47
   k1=  -0.42857 k2=   0.42857 k3=   0.28572

    1   -4.02443033720280
    2   -4.00586349539725
    3   -2.61987265416609
    4   -2.61388751727998
    5   -2.54485633824136
    6   -2.53786101410136
    7   -2.53218122319692
    8   -2.52548156339143
    9   -0.36425343855947
   10   -0.35335191225642
   11   -0.33869608857291
   12   -0.32737213882886
   13   -0.32211633087799
   14   -0.30567244374907
   15   -0.27957668856284
   16   -0.26573332917956
   17   -0.24985993386632
   18   -0.22916449341606
   19   -0.11153558566398
   20   -0.10100763468060
   21    0.17243843307299
   22    0.17979060191612
   23    0.76434772999844
   24    0.77206339595160
   25    0.96408503137850
   26    0.97254122789081
   27    2.48341562480151
   28    2.48588622970267

   kloop=48
   k1=  -0.42857 k2=   0.42857 k3=   0.42857

    1   -4.02452085741563
    2   -4.00595429043259
    3   -2.61983204865566
    4   -2.61357472316561
    5   -2.54512356863632
    6   -2.53728956195078
    7   -2.53151189196026
    8   -2.52532182248676
    9   -0.38507177834922
   10   -0.37398244331163
   11   -0.32097983362348
   12   -0.30902802770254
   13   -0.29954432922378
   14   -0.29269932305683
   15   -0.28487980291705
   16   -0.27627070258273
   17   -0.24757599329023
   18   -0.22759204929205
   19   -0.12652865688228
   20   -0.11759575457340
   21    0.00392976594739
   22    0.01322026763508
   23    1.10084505113775
   24    1.10977235498239
   25    1.27892270584890
   26    1.28868542640815
   27    2.92163551829265
   28    2.92675212428925

   kloop=49
   k1=  -0.28571 k2=  -0.42857 k3=  -0.42857

    1   -4.02463278559104
    2   -4.00606826794874
    3   -2.61957054876528
    4   -2.61325384001278
    5   -2.54482788908299
    6   -2.53695227362628
    7   -2.53090595802740
    8   -2.52521472637978
    9   -0.39666433815518
   10   -0.38943354815723
   11   -0.32380867451039
   12   -0.31257336702819
   13   -0.31104717045518
   14   -0.29851923096577
   15   -0.29320899505323
   16   -0.28068513296573
   17   -0.24447006086958
   18   -0.22541560853378
   19   -0.21365394782141
   20   -0.19903543781334
   21    0.23412772759135
   22    0.24161414239836
   23    1.18372609352802
   24    1.19287285191308
   25    1.25152962163336
   26    1.26037936766936
   27    3.07690358151471
   28    3.08181946301098

   kloop=50
   k1=  -0.28571 k2=  -0.42857 k3=  -0.28571

    1   -4.02474575938752
    2   -4.00618286437945
    3   -2.61920732433099
    4   -2.61302805535395
    5   -2.54426364803960
    6   -2.53664068044802
    7   -2.53093141177968
    8   -2.52470193731135
    9   -0.41206131833326
   10   -0.40770577853201
   11   -0.32569362610270
   12   -0.31233588620492
   13   -0.31031619083142
   14   -0.29933195560274
   15   -0.29391511882955
   16   -0.28102488012536
   17   -0.26737286504276
   18   -0.24813675167157
   19   -0.22485770148088
   20   -0.20780342390235
   21    0.41357376576440
   22    0.42113703989824
   23    1.04334452809209
   24    1.05214797244533
   25    1.43281399062186
   26    1.44307392089469
   27    2.87269350174854
   28    2.87674489621951

   kloop=51
   k1=  -0.28571 k2=  -0.42857 k3=  -0.14286

    1   -4.02468253109234
    2   -4.00611947900081
    3   -2.61921290706523
    4   -2.61333287084943
    5   -2.54388014752635
    6   -2.53718002581537
    7   -2.53162571258829
    8   -2.52461390984492
    9   -0.40448793761769
   10   -0.40070728300033
   11   -0.34348150066891
   12   -0.32672658929658
   13   -0.31547712765680
   14   -0.30197404110506
   15   -0.27198397952537
   16   -0.26976899015655
   17   -0.25812375820559
   18   -0.25018480823084
   19   -0.22167573808061
   20   -0.20495802138017
   21    0.67777968052763
   22    0.68631285011470
   23    0.78704528541087
   24    0.79445115947597
   25    1.20651381578248
   26    1.21533453983030
   27    3.12130239198785
   28    3.12489248804580

   kloop=52
   k1=  -0.28571 k2=  -0.42857 k3=   0.00000

    1   -4.02449109611202
    2   -4.00592628179103
    3   -2.61959193414078
    4   -2.61394267305153
    5   -2.54399943718162
    6   -2.53808120253436
    7   -2.53257644899716
    8   -2.52493027395293
    9   -0.38772877954085
   10   -0.38116133276084
   11   -0.35711125335951
   12   -0.34085559996831
   13   -0.29447729260836
   14   -0.27982146587725
   15   -0.26802171492217
   16   -0.25212715655851
   17   -0.24340337643603
   18   -0.22663923451335
   19   -0.20045668878308
   20   -0.18714638167413
   21    0.53302207996826
   22    0.54035032888422
   23    0.81959734915058
   24    0.82673986343226
   25    0.93158430697142
   26    0.93993416292362
   27    3.20015165400644
   28    3.20338753220913

   kloop=53
   k1=  -0.28571 k2=  -0.42857 k3=   0.14286

    1   -4.02431726966746
    2   -4.00574948755940
    3   -2.61998121984393
    4   -2.61432700997061
    5   -2.54452343708489
    6   -2.53863304987774
    7   -2.53304890629296
    8   -2.52552431433131
    9   -0.37295473118535
   10   -0.36423531550720
   11   -0.35819760583486
   12   -0.34159180074087
   13   -0.29725667543732
   14   -0.28046418765239
   15   -0.25704108120726
   16   -0.24515472390280
   17   -0.24277367154039
   18   -0.22313267425885
   19   -0.07559217432727
   20   -0.06741689007094
   21    0.43570391862947
   22    0.44151045955864
   23    0.49247989404659
   24    0.50024419095746
   25    0.54912843270580
   26    0.55570436183823
   27    2.49756230940490
   28    2.50018817393650

   kloop=54
   k1=  -0.28571 k2=  -0.42857 k3=   0.28572

    1   -4.02429103819498
    2   -4.00572230539150
    3   -2.62011978146533
    4   -2.61422884949643
    5   -2.54502285835275
    6   -2.53852452697862
    7   -2.53258627848980
    8   -2.52598270296272
    9   -0.35695583123313
   10   -0.34704647856725
   11   -0.34577120470603
   12   -0.33014192645388
   13   -0.32053178859705
   14   -0.30404377782964
   15   -0.26953118764921
   16   -0.25652943619246
   17   -0.24400417266709
   18   -0.22239794427098
   19    0.09511458444189
   20    0.10216722188028
   21    0.16327680098094
   22    0.17089818636209
   23    0.30998538331471
   24    0.31614688077600
   25    0.67649984468230
   26    0.68406114436519
   27    2.20083975013210
   28    2.20219108820315

   kloop=55
   k1=  -0.28571 k2=  -0.42857 k3=   0.42857

    1   -4.02443034036612
    2   -4.00586349687896
    3   -2.61996159905536
    4   -2.61377522713334
    5   -2.54515729383641
    6   -2.53780280638810
    7   -2.53160085067273
    8   -2.52584253599520
    9   -0.36425721826671
   10   -0.35334102994389
   11   -0.33871991216976
   12   -0.32731680460978
   13   -0.32215472388952
   14   -0.30568767494064
   15   -0.27954872045292
   16   -0.26575539695784
   17   -0.24985192504342
   18   -0.22916646948917
   19   -0.11153163255354
   20   -0.10100890320285
   21    0.17243942618510
   22    0.17979225405698
   23    0.76435423111285
   24    0.77207739321291
   25    0.96407347213212
   26    0.97253653284903
   27    2.48341878941758
   28    2.48589443229820

   kloop=56
   k1=  -0.28571 k2=  -0.28572 k3=  -0.42857

    1   -4.02474576645717
    2   -4.00618287124770
    3   -2.61924839659371
    4   -2.61297597101930
    5   -2.54435027742296
    6   -2.53678597118900
    7   -2.53046929721371
    8   -2.52494305178085
    9   -0.41205959294893
   10   -0.40770794802858
   11   -0.32569286738279
   12   -0.31248544964248
   13   -0.31015275922104
   14   -0.29924019200413
   15   -0.29406377166010
   16   -0.28101263109692
   17   -0.26735338393414
   18   -0.24811758601143
   19   -0.22487062549328
   20   -0.20780090154922
   21    0.41357013315763
   22    0.42113189738735
   23    1.04336061343406
   24    1.05216864786002
   25    1.43281567342266
   26    1.44308053978274
   27    2.87270828742997
   28    2.87675907030509

   kloop=57
   k1=  -0.28571 k2=  -0.28572 k3=  -0.28571

    1   -4.02498440696610
    2   -4.00642451598947
    3   -2.61862086451466
    4   -2.61240837918065
    5   -2.54355306304168
    6   -2.53597006862485
    7   -2.53002738112951
    8   -2.52407557704495
    9   -0.45569780901665
   10   -0.45351131788286
   11   -0.32099307197107
   12   -0.30602685260441
   13   -0.30541948021200
   14   -0.30169961556287
   15   -0.28845994561265
   16   -0.28471539975870
   17   -0.26258367114557
   18   -0.26051017649295
   19   -0.24464491559855
   20   -0.24267494604589
   21    0.57968841171132
   22    0.58738890670500
   23    1.40872194149278
   24    1.41444330846718
   25    1.43798760076715
   26    1.44373739445331
   27    3.23593688158348
   28    3.24005498407899

   kloop=58
   k1=  -0.28571 k2=  -0.28572 k3=  -0.14286

    1   -4.02499928876887
    2   -4.00644016134748
    3   -2.61845139470303
    4   -2.61249394236588
    5   -2.54301288191869
    6   -2.53618436861561
    7   -2.53044694776363
    8   -2.52380014462395
    9   -0.46260153393790
   10   -0.46096103839008
   11   -0.33409455635107
   12   -0.31715075196457
   13   -0.30249557493586
   14   -0.29352402015083
   15   -0.28634990057534
   16   -0.27431376266248
   17   -0.26947101183549
   18   -0.25674332733610
   19   -0.25130836970262
   20   -0.23946497152827
   21    0.85597094657131
   22    0.86436986879255
   23    1.19829209097617
   24    1.20783026397567
   25    1.38413355064376
   26    1.39354283839794
   27    4.20425700678725
   28    4.20715541745493

   kloop=59
   k1=  -0.28571 k2=  -0.28572 k3=   0.00000

    1   -4.02477887666028
    2   -4.00621812671701
    3   -2.61890758452463
    4   -2.61320173688605
    5   -2.54318004444250
    6   -2.53719060917881
    7   -2.53154137713102
    8   -2.52418575147418
    9   -0.43143448044180
   10   -0.42892418657567
   11   -0.34980211637464
   12   -0.33255310434288
   13   -0.28886464772408
   14   -0.28001629316954
   15   -0.27146103132361
   16   -0.27023800220220
   17   -0.25470762019654
   18   -0.25314327457800
   19   -0.24841322545398
   20   -0.23904422185346
   21    0.98669915043241
   22    0.99533538016018
   23    1.01190211917900
   24    1.02078683739462
   25    1.13006115745457
   26    1.13790253609940
   27    5.77637568702076
   28    5.77838490250498

   kloop=60
   k1=  -0.28571 k2=  -0.28572 k3=   0.14286

    1   -4.02449095633725
    2   -4.00592614386515
    3   -2.61959044794175
    4   -2.61394016578967
    5   -2.54398713966800
    6   -2.53811768340086
    7   -2.53254176161817
    8   -2.52494824316853
    9   -0.38810051123316
   10   -0.38182087967025
   11   -0.35664095135044
   12   -0.33976854620974
   13   -0.29472234510868
   14   -0.28074644388300
   15   -0.26731280659343
   16   -0.25003545067687
   17   -0.24320462241146
   18   -0.22646649654409
   19   -0.20112094727134
   20   -0.18903637791027
   21    0.53304905757885
   22    0.54034940277700
   23    0.81975544489854
   24    0.82690705319523
   25    0.93110817347565
   26    0.93958536257601
   27    3.20018145026172
   28    3.20311794873485

   kloop=61
   k1=  -0.28571 k2=  -0.28572 k3=   0.28572

    1   -4.02435159328833
    2   -4.00578366661944
    3   -2.61998125591686
    4   -2.61415633113279
    5   -2.54473408591517
    6   -2.53842778420221
    7   -2.53255934180024
    8   -2.52562087137170
    9   -0.36373589651259
   10   -0.35170613697068
   11   -0.34828084846912
   12   -0.33530680593636
   13   -0.30828522699326
   14   -0.29273975110810
   15   -0.27352255966106
   16   -0.25843643831938
   17   -0.24649536607924
   18   -0.22703982951389
   19   -0.01269871264822
   20   -0.00474075386927
   21    0.08319650156822
   22    0.09067861533341
   23    0.53591605321285
   24    0.54285422089489
   25    1.00718332300454
   26    1.01604283110920
   27    2.51681237968175
   28    2.51848575152367

   kloop=62
   k1=  -0.28571 k2=  -0.28572 k3=   0.42857

    1   -4.02446495016610
    2   -4.00589831546228
    3   -2.61983274743081
    4   -2.61373429914383
    5   -2.54486435842958
    6   -2.53789205467749
    7   -2.53157583301001
    8   -2.52566710427500
    9   -0.36065604450954
   10   -0.35008824300424
   11   -0.33294207083100
   12   -0.32915787871962
   13   -0.32151641525020
   14   -0.31246859028850
   15   -0.28034737426056
   16   -0.26806283096788
   17   -0.26326636166826
   18   -0.24236142114269
   19   -0.13501941005202
   20   -0.12294834179892
   21    0.32935954389075
   22    0.33755284538973
   23    0.46689837724815
   24    0.47305556002846
   25    1.21502010818884
   26    1.22464188274580
   27    2.53812455297327
   28    2.54066519292308

   kloop=63
   k1=  -0.28571 k2=  -0.14286 k3=  -0.42857

    1   -4.02468254897085
    2   -4.00611949234892
    3   -2.61941273821230
    4   -2.61308019676209
    5   -2.54459880311829
    6   -2.53692790752588
    7   -2.53039197047936
    8   -2.52543381371555
    9   -0.40448600426298
   10   -0.40071000106593
   11   -0.34348793636478
   12   -0.32674796091481
   13   -0.31546658873764
   14   -0.30195728573867
   15   -0.27132815110140
   16   -0.27059901237519
   17   -0.25784941508796
   18   -0.25028616518034
   19   -0.22168022555135
   20   -0.20495594460739
   21    0.67782205643851
   22    0.68626655209458
   23    0.78710423572028
   24    0.79441748476502
   25    1.20652484958529
   26    1.21535311245836
   27    3.12131643492706
   28    3.12491046954249

   kloop=64
   k1=  -0.28571 k2=  -0.14286 k3=  -0.28571

    1   -4.02499930112728
    2   -4.00644017041189
    3   -2.61861092357420
    4   -2.61229186736891
    5   -2.54363060896279
    6   -2.53584556165166
    7   -2.52958466543083
    8   -2.52442593837644
    9   -0.46260136121899
   10   -0.46096303864656
   11   -0.33410116090080
   12   -0.31716426116708
   13   -0.30263237504165
   14   -0.29302154255668
   15   -0.28677954053582
   16   -0.27428225516922
   17   -0.26948451064888
   18   -0.25626730960688
   19   -0.25178297947975
   20   -0.23940069830779
   21    0.85597416532831
   22    0.86435818285283
   23    1.19829515763841
   24    1.20784317854299
   25    1.38412514876562
   26    1.39357116827720
   27    4.20422184145526
   28    4.20712336456712

   kloop=65
   k1=  -0.28571 k2=  -0.14286 k3=  -0.14286

    1   -4.02514072624470
    2   -4.00658321140992
    3   -2.61816281765563
    4   -2.61201076551499
    5   -2.54292078985889
    6   -2.53553048278813
    7   -2.52959399211274
    8   -2.52371239813857
    9   -0.48516769168300
   10   -0.48383551952435
   11   -0.32672090054967
   12   -0.30957796315148
   13   -0.30318891374610
   14   -0.29496489825187
   15   -0.28672103125163
   16   -0.27907118734163
   17   -0.27415945694730
   18   -0.26670270113656
   19   -0.25630978298990
   20   -0.24021443919023
   21    1.03704281314087
   22    1.04624771669439
   23    1.13513386105759
   24    1.14386259424512
   25    1.52611807162635
   26    1.53659139771954
   27    3.98615403227692
   28    3.98865439408852

   kloop=66
   k1=  -0.28571 k2=  -0.14286 k3=   0.00000

    1   -4.02499891543036
    2   -4.00643966242164
    3   -2.61844569346468
    4   -2.61249079889083
    5   -2.54299608495325
    6   -2.53620512088666
    7   -2.53042119780044
    8   -2.52385148555289
    9   -0.46233877214764
   10   -0.46065005771658
   11   -0.33388391003974
   12   -0.31640740368475
   13   -0.30191618925377
   14   -0.29356249367714
   15   -0.28504338598715
   16   -0.27464465958130
   17   -0.26961732399561
   18   -0.25719667933771
   19   -0.25191137834667
   20   -0.24119655617581
   21    0.85521558392473
   22    0.86374153172162
   23    1.19897461189160
   24    1.20844686775721
   25    1.38451971270379
   26    1.39397892482747
   27    4.20469807131688
   28    4.20814719639121

   kloop=67
   k1=  -0.28571 k2=  -0.14286 k3=   0.14286

    1   -4.02468213011674
    2   -4.00611889024481
    3   -2.61920636691710
    4   -2.61332735442355
    5   -2.54385038571440
    6   -2.53723695890771
    7   -2.53156417446528
    8   -2.52468491597038
    9   -0.40432198211985
   10   -0.40067970504209
   11   -0.34303155284671
   12   -0.32553999895599
   13   -0.31480347812576
   14   -0.30017449183373
   15   -0.27229054688716
   16   -0.26992253432149
   17   -0.25792292665198
   18   -0.25153571630891
   19   -0.22227526992505
   20   -0.20692635074587
   21    0.67764222792007
   22    0.68625400850347
   23    0.78663663900166
   24    0.79411855409470
   25    1.20711330899954
   26    1.21599486501773
   27    3.12153242776140
   28    3.12531969129871

   kloop=68
   k1=  -0.28571 k2=  -0.14286 k3=   0.28572

    1   -4.02442986508388
    2   -4.00586267439017
    3   -2.61986389866665
    4   -2.61388066433884
    5   -2.54481729953796
    6   -2.53793972537851
    7   -2.53208918163088
    8   -2.52558685711650
    9   -0.36331908403730
   10   -0.35206920052188
   11   -0.33826050642617
   12   -0.32575940996846
   13   -0.32235997932935
   14   -0.30669739562749
   15   -0.27923753549740
   16   -0.26443252023894
   17   -0.25050242921799
   18   -0.23161434374824
   19   -0.11203181246249
   20   -0.10210303699447
   21    0.17213882339633
   22    0.17985414628425
   23    0.76430319618955
   24    0.77204705235500
   25    0.96466937162031
   26    0.97314463017785
   27    2.48377008951639
   28    2.48649610609430

   kloop=69
   k1=  -0.28571 k2=  -0.14286 k3=   0.42857

    1   -4.02443007781185
    2   -4.00586296278580
    3   -2.61995571188305
    4   -2.61377080454436
    5   -2.54513280352092
    6   -2.53785412720014
    7   -2.53152830006047
    8   -2.52592493830149
    9   -0.36276057243626
   10   -0.35046050034384
   11   -0.33895002037307
   12   -0.32780937001268
   13   -0.32304445616562
   14   -0.30770909856645
   15   -0.27903821950796
   16   -0.26393302394235
   17   -0.25044893829823
   18   -0.23142865494024
   19   -0.11164268248178
   20   -0.10089612975722
   21    0.17220873097937
   22    0.17967865646565
   23    0.76483945030447
   24    0.77248238148800
   25    0.96415458774452
   26    0.97266345498477
   27    2.48363122136626
   28    2.48636358665853

   kloop=70
   k1=  -0.28571 k2=  -0.00000 k3=  -0.42857

    1   -4.02449112458833
    2   -4.00592629239095
    3   -2.61994799075986
    4   -2.61349313815413
    5   -2.54539510400473
    6   -2.53730983351691
    7   -2.53070367904365
    8   -2.52627212040896
    9   -0.38773091693268
   10   -0.38115816201071
   11   -0.35712239328963
   12   -0.34086065348333
   13   -0.29448122485217
   14   -0.27978589365123
   15   -0.26807225919825
   16   -0.25201119350556
   17   -0.24351334125483
   18   -0.22660923574712
   19   -0.20047212304705
   20   -0.18714089192547
   21    0.53303883304622
   22    0.54036096196647
   23    0.81959082309585
   24    0.82678501965860
   25    0.93156674954779
   26    0.93994696645900
   27    3.20019401543274
   28    3.20344004632249

   kloop=71
   k1=  -0.28571 k2=  -0.00000 k3=  -0.28571

    1   -4.02477890109183
    2   -4.00621813943343
    3   -2.61922622075911
    4   -2.61279916043951
    5   -2.54446136717249
    6   -2.53642473626803
    7   -2.52989254947274
    8   -2.52540290744352
    9   -0.43143428652671
   10   -0.42892673316813
   11   -0.34981421122552
   12   -0.33256007620998
   13   -0.28912687853945
   14   -0.27910111246046
   15   -0.27183995567444
   16   -0.27081921551517
   17   -0.25436794025231
   18   -0.25195468298943
   19   -0.24975492493189
   20   -0.23890716605261
   21    0.99016069959550
   22    0.99040447007769
   23    1.01702540142937
   24    1.01715318921658
   25    1.13001757724625
   26    1.13797015704587
   27    5.77641077723530
   28    5.77842922122009

   kloop=72
   k1=  -0.28571 k2=  -0.00000 k3=  -0.14286

    1   -4.02499892856672
    2   -4.00643967049175
    3   -2.61860440613770
    4   -2.61228978270365
    5   -2.54362180121806
    6   -2.53583931991048
    7   -2.52958002078566
    8   -2.52447493555091
    9   -0.46233884299546
   10   -0.46065186952057
   11   -0.33388984568784
   12   -0.31642342901195
   13   -0.30207221416833
   14   -0.29306216594791
   15   -0.28548578078925
   16   -0.27453499689694
   17   -0.26967541053114
   18   -0.25668433116511
   19   -0.25243156300711
   20   -0.24112066445620
   21    0.85521929217704
   22    0.86373118650720
   23    1.19897601168437
   24    1.20845728433486
   25    1.38451300414802
   26    1.39400776612521
   27    4.20466601956114
   28    4.20811237430265

   kloop=73
   k1=  -0.28571 k2=  -0.00000 k3=   0.00000

    1   -4.02498359631785
    2   -4.00642343123208
    3   -2.61860875462525
    4   -2.61240349261006
    5   -2.54353074464868
    6   -2.53598015551044
    7   -2.52999953290765
    8   -2.52417470997861
    9   -0.45508847535662
   10   -0.45275616135114
   11   -0.32044820134367
   12   -0.30533340605077
   13   -0.30385382154819
   14   -0.30147689040141
   15   -0.28823889106057
   16   -0.28315578563297
   17   -0.26317812527262
   18   -0.26112801544783
   19   -0.24705663821328
   20   -0.24506377127570
   21    0.57901731456873
   22    0.58695844377081
   23    1.40936734435254
   24    1.41501181213124
   25    1.43864998232035
   26    1.44431682948803
   27    3.23679698782496
   28    3.24189910707871

   kloop=74
   k1=  -0.28571 k2=  -0.00000 k3=   0.14286

    1   -4.02474495232609
    2   -4.00618170839540
    3   -2.61919486651221
    4   -2.61302118467685
    5   -2.54423157855268
    6   -2.53668139624074
    7   -2.53086832598992
    8   -2.52482245456399
    9   -0.41121131190063
   10   -0.40668421126186
   11   -0.32535358652526
   12   -0.31168963317879
   13   -0.30894284134081
   14   -0.29825969319116
   15   -0.29317824656666
   16   -0.28045696194626
   17   -0.26815965126142
   18   -0.25096484198463
   19   -0.22549741439719
   20   -0.21000611953837
   21    0.41306543157285
   22    0.42094931346542
   23    1.04349126712018
   24    1.05233498458154
   25    1.43364983164160
   26    1.44385348216259
   27    2.87329750822718
   28    2.87810724856865

   kloop=75
   k1=  -0.28571 k2=  -0.00000 k3=   0.28572

    1   -4.02446456334698
    2   -4.00589761572089
    3   -2.61989027832105
    4   -2.61364686034302
    5   -2.54519013070522
    6   -2.53745090207948
    7   -2.53152402709071
    8   -2.52589730479894
    9   -0.36026799188638
   10   -0.35010533212154
   11   -0.33278962194106
   12   -0.32797810369095
   13   -0.32032399822655
   14   -0.31048571609052
   15   -0.28042210219340
   16   -0.26786449735723
   17   -0.26420715053973
   18   -0.24481071888726
   19   -0.13543051578812
   20   -0.12411387868511
   21    0.32928653342472
   22    0.33772009231345
   23    0.46639867250676
   24    0.47266523070108
   25    1.21569102934817
   26    1.22523333850712
   27    2.53857775664194
   28    2.54154628825375

   kloop=76
   k1=  -0.28571 k2=  -0.00000 k3=   0.42857

    1   -4.02435168427429
    2   -4.00578357851353
    3   -2.62022123598742
    4   -2.61385058264962
    5   -2.54570730557250
    6   -2.53776305179430
    7   -2.53142640094628
    8   -2.52652195916734
    9   -0.36291271794083
   10   -0.34985400769094
   11   -0.34892186095896
   12   -0.33757806777823
   13   -0.30751153630194
   14   -0.29040958943153
   15   -0.27397485417454
   16   -0.25969796685454
   17   -0.24693301497212
   18   -0.22812747798383
   19   -0.01249057496930
   20   -0.00401298008230
   21    0.08320823516896
   22    0.09049549892291
   23    0.53560566952158
   24    0.54255696933996
   25    1.00771487050024
   26    1.01646318796208
   27    2.51698847449992
   28    2.51902729498972

   kloop=77
   k1=  -0.28571 k2=   0.14286 k3=  -0.42857

    1   -4.02431729550262
    2   -4.00574949270638
    3   -2.62036933632637
    4   -2.61383622676872
    5   -2.54606648898638
    6   -2.53768351026688
    7   -2.53106415303597
    8   -2.52701820088212
    9   -0.37296012218101
   10   -0.36422419750533
   11   -0.35821041549507
   12   -0.34159707264293
   13   -0.29725361214731
   14   -0.28047075899644
   15   -0.25709497466551
   16   -0.24407898555309
   17   -0.24378967993854
   18   -0.22312203952027
   19   -0.07560268205383
   20   -0.06741904356764
   21    0.43565060333991
   22    0.44160622990784
   23    0.49250040934543
   24    0.50019946246078
   25    0.54927739576868
   26    0.55559271749084
   27    2.49757694169270
   28    2.50021785608772

   kloop=78
   k1=  -0.28571 k2=   0.14286 k3=  -0.28571

    1   -4.02449098230458
    2   -4.00592615266908
    3   -2.61994466400373
    4   -2.61349301262166
    5   -2.54539959971719
    6   -2.53728281706643
    7   -2.53073980840650
    8   -2.52626543060528
    9   -0.38810250856921
   10   -0.38181687441317
   11   -0.35665341619831
   12   -0.33977498582416
   13   -0.29472759924398
   14   -0.28070650164215
   15   -0.26736018243237
   16   -0.24988022108923
   17   -0.24335685499097
   18   -0.22643498611923
   19   -0.20113899321345
   20   -0.18903131120788
   21    0.53306396755791
   22    0.54035923825494
   23    0.81974815855631
   24    0.82695379354072
   25    0.93109159830121
   26    0.93960088356238
   27    3.20022243233074
   28    3.20317169993100

   kloop=79
   k1=  -0.28571 k2=   0.14286 k3=  -0.14286

    1   -4.02468214686639
    2   -4.00611890061454
    3   -2.61940350558858
    4   -2.61307816102528
    5   -2.54459270357004
    6   -2.53689688834711
    7   -2.53041736262417
    8   -2.52548138932250
    9   -0.40432117382821
   10   -0.40068156242620
   11   -0.34303768344941
   12   -0.32556617677085
   13   -0.31478968250934
   14   -0.30015053076846
   15   -0.27179780842411
   16   -0.27057929662686
   17   -0.25762710648448
   18   -0.25166940115069
   19   -0.22228311264494
   20   -0.20692620958376
   21    0.67768551711904
   22    0.68620634844317
   23    0.78669707020593
   24    0.79408288431499
   25    1.20712580294441
   26    1.21601462445646
   27    3.12155128441193
   28    3.12533250644895

   kloop=80
   k1=  -0.28571 k2=   0.14286 k3=   0.00000

    1   -4.02474495987120
    2   -4.00618171350106
    3   -2.61923401653294
    4   -2.61297157709224
    5   -2.54433051928627
    6   -2.53677241082712
    7   -2.53046493351118
    8   -2.52504625692731
    9   -0.41121042447793
   10   -0.40668594049839
   11   -0.32535270474076
   12   -0.31180683236707
   13   -0.30880931176841
   14   -0.29814311875373
   15   -0.29336455573514
   16   -0.28043703206802
   17   -0.26812329455398
   18   -0.25095776342358
   19   -0.22551020887956
   20   -0.21000588459718
   21    0.41306237616338
   22    0.42094436625359
   23    1.04350543982770
   24    1.05235368238396
   25    1.43365422591377
   26    1.44386221121043
   27    2.87331676591148
   28    2.87811674110139

   kloop=81
   k1=  -0.28571 k2=   0.14286 k3=   0.14286

    1   -4.02463187035200
    2   -4.00606697696870
    3   -2.61955543929104
    4   -2.61324778225595
    5   -2.54480318210688
    6   -2.53696295393662
    7   -2.53086887033510
    8   -2.52533873320030
    9   -0.39556828643507
   10   -0.38787967004488
   11   -0.32344877039088
   12   -0.31248541324949
   13   -0.30989854505653
   14   -0.29884684467357
   15   -0.29330760516212
   16   -0.27810459277561
   17   -0.24501704476332
   18   -0.22790569349236
   19   -0.21461810433882
   20   -0.20143353435995
   21    0.23371911830557
   22    0.24169900075195
   23    1.18390892965585
   24    1.19312484097667
   25    1.25249879672218
   26    1.26144399008538
   27    3.07738744417476
   28    3.08278256220424

   kloop=82
   k1=  -0.28571 k2=   0.14286 k3=   0.28572

    1   -4.02442986798422
    2   -4.00586267293177
    3   -2.62005397332375
    4   -2.61363954164637
    5   -2.54558386632670
    6   -2.53737768619688
    7   -2.53123389952794
    8   -2.52628868330874
    9   -0.36332545344230
   10   -0.35205600284747
   11   -0.33827523430036
   12   -0.32580017648055
   13   -0.32228739371647
   14   -0.30675619355962
   15   -0.27915826928415
   16   -0.26449487899938
   17   -0.25047590913049
   18   -0.23162327652072
   19   -0.11203479166377
   20   -0.10210114552448
   21    0.17214547677072
   22    0.17986467127929
   23    0.76428246209570
   24    0.77202872251722
   25    0.96467067990395
   26    0.97315111192818
   27    2.48376015220908
   28    2.48649018263020

   kloop=83
   k1=  -0.28571 k2=   0.14286 k3=   0.42857

    1   -4.02429098526760
    2   -4.00572205990034
    3   -2.62039041291979
    4   -2.61387921032767
    5   -2.54612174957585
    6   -2.53773218730516
    7   -2.53124169534625
    8   -2.52711464577863
    9   -0.35672064414107
   10   -0.34697984728758
   11   -0.34544685437343
   12   -0.32987097402558
   13   -0.32029128282142
   14   -0.30319715803841
   15   -0.26955434439286
   16   -0.25664284395745
   17   -0.24437590396967
   18   -0.22360165413614
   19    0.09503570383067
   20    0.10212969124330
   21    0.16326102494119
   22    0.17108425067333
   23    0.30969604432384
   24    0.31573193012659
   25    0.67681925485779
   26    0.68435472439263
   27    2.20113020354973
   28    2.20271024230546

   kloop=84
   k1=  -0.28571 k2=   0.28571 k3=  -0.42857

    1   -4.02429104618940
    2   -4.00572230391940
    3   -2.62039307573001
    4   -2.61388183874362
    5   -2.54613524234916
    6   -2.53770465753786
    7   -2.53130078387877
    8   -2.52704945031053
    9   -0.35694372169571
   10   -0.34726797325386
   11   -0.34557373613442
   12   -0.33007901523490
   13   -0.32060834193559
   14   -0.30403452519449
   15   -0.26950957907074
   16   -0.25653876455315
   17   -0.24398798559769
   18   -0.22240709242154
   19    0.09509736466696
   20    0.10219255685188
   21    0.16325703843234
   22    0.17091060872595
   23    0.30998288260735
   24    0.31613993015386
   25    0.67650632944889
   26    0.68406174331193
   27    2.20084126305358
   28    2.20220553702221

   kloop=85
   k1=  -0.28571 k2=   0.28571 k3=  -0.28571

    1   -4.02435160495787
    2   -4.00578366744613
    3   -2.62022079817846
    4   -2.61385332880675
    5   -2.54572700123305
    6   -2.53770602710105
    7   -2.53151168740686
    8   -2.52646082584803
    9   -0.36374617870847
   10   -0.35166904941532
   11   -0.34833283941194
   12   -0.33528128701956
   13   -0.30828516755398
   14   -0.29276188354829
   15   -0.27350343549001
   16   -0.25838773270218
   17   -0.24654703254502
   18   -0.22703341014806
   19   -0.01270725629251
   20   -0.00474583810291
   21    0.08319809749128
   22    0.09068687983184
   23    0.53592905984577
   24    0.54286703216026
   25    1.00718154833005
   26    1.01603778777471
   27    2.51681227403204
   28    2.51849942715724

   kloop=86
   k1=  -0.28571 k2=   0.28571 k3=  -0.14286

    1   -4.02442987023536
    2   -4.00586267704074
    3   -2.61995014141503
    4   -2.61377184627155
    5   -2.54514101368419
    6   -2.53779303881104
    7   -2.53159910700018
    8   -2.52592241066513
    9   -0.36332292922253
   10   -0.35205790938938
   11   -0.33828460628456
   12   -0.32568384032097
   13   -0.32241636352679
   14   -0.30671245629474
   15   -0.27920994917215
   16   -0.26445537775475
   17   -0.25049488793059
   18   -0.23161730508001
   19   -0.11203103618336
   20   -0.10210940749146
   21    0.17214694219867
   22    0.17986410830857
   23    0.76428990922837
   24    0.77203885347007
   25    0.96468207498596
   26    0.97316400708292
   27    2.48377466347425
   28    2.48650243585060

   kloop=87
   k1=  -0.28571 k2=   0.28571 k3=   0.00000

    1   -4.02446456301201
    2   -4.00589761883172
    3   -2.61982268688357
    4   -2.61373284449240
    5   -2.54485369889734
    6   -2.53785512872676
    7   -2.53161046049532
    8   -2.52572458725261
    9   -0.36026021035684
   10   -0.35011011396877
   11   -0.33256139607995
   12   -0.32837834146536
   13   -0.32010606600713
   14   -0.31053803628970
   15   -0.28037888821581
   16   -0.26815401277478
   17   -0.26394362261308
   18   -0.24482813125763
   19   -0.13542553840324
   20   -0.12412111169785
   21    0.32929286881276
   22    0.33771591260599
   23    0.46640841876127
   24    0.47266952916122
   25    1.21569885758175
   26    1.22524323571863
   27    2.53858301360596
   28    2.54154658391223

   kloop=88
   k1=  -0.28571 k2=   0.28571 k3=   0.14286

    1   -4.02442986780417
    2   -4.00586267461136
    3   -2.61995014625879
    4   -2.61377185271053
    5   -2.54514101824578
    6   -2.53779304397287
    7   -2.53159911869190
    8   -2.52592240965235
    9   -0.36332305109813
   10   -0.35205800033254
   11   -0.33828490209825
   12   -0.32568408306266
   13   -0.32241599323243
   14   -0.30671209525610
   15   -0.27920986903736
   16   -0.26445525415244
   17   -0.25049445246618
   18   -0.23161685853150
   19   -0.11202953271715
   20   -0.10210796901732
   21    0.17214297521743
   22    0.17986014122024
   23    0.76430015007565
   24    0.77204911710892
   25    0.96467088944399
   26    0.97315277930010
   27    2.48377467223023
   28    2.48650242814807

   kloop=89
   k1=  -0.28571 k2=   0.28571 k3=   0.28572

    1   -4.02435160296024
    2   -4.00578366544947
    3   -2.62022080257033
    4   -2.61385333507476
    5   -2.54572700470269
    6   -2.53770603668949
    7   -2.53151169724336
    8   -2.52646082986905
    9   -0.36374601095948
   10   -0.35166891969319
   11   -0.34833304911143
   12   -0.33528145498228
   13   -0.30828506609007
   14   -0.29276175685233
   15   -0.27350311866110
   16   -0.25838747323087
   17   -0.24654718659700
   18   -0.22703350022444
   19   -0.01270308322855
   20   -0.00474169834839
   21    0.08319708933256
   22    0.09068585768356
   23    0.53591889818673
   24    0.54285684525523
   25    1.00718015501434
   26    1.01603638528136
   27    2.51680864520532
   28    2.51849576799012

   kloop=90
   k1=  -0.28571 k2=   0.28571 k3=   0.42857

    1   -4.02429104526844
    2   -4.00572230334992
    3   -2.62039307597124
    4   -2.61388184179032
    5   -2.54613524285516
    6   -2.53770466350336
    7   -2.53130078572969
    8   -2.52704945307246
    9   -0.35694368077899
   10   -0.34726788745426
   11   -0.34557328818887
   12   -0.33007849381862
   13   -0.32060900644814
   14   -0.30403516519457
   15   -0.26950967629417
   16   -0.25653887662051
   17   -0.24398775022851
   18   -0.22240684229416
   19    0.09509905127257
   20    0.10219422464029
   21    0.16325929232406
   22    0.17091288785265
   23    0.30998376098976
   24    0.31614079196428
   25    0.67649356768181
   26    0.68404894178458
   27    2.20083293381947
   28    2.20219720598170

   kloop=91
   k1=  -0.28571 k2=   0.42857 k3=  -0.42857

    1   -4.02443033904919
    2   -4.00586349375296
    3   -2.62006371824066
    4   -2.61364509033162
    5   -2.54560658015350
    6   -2.53734666356727
    7   -2.53130216997457
    8   -2.52617614817926
    9   -0.36426068759369
   10   -0.35333882666894
   11   -0.33870919553073
   12   -0.32738799599334
   13   -0.32206810089517
   14   -0.30573887477989
   15   -0.27949193667394
   16   -0.26579849681215
   17   -0.24982757970617
   18   -0.22917423826918
   19   -0.11153920284880
   20   -0.10100245827415
   21    0.17244234380200
   22    0.17979679819548
   23    0.76433647818881
   24    0.77205436164845
   25    0.96407541401414
   26    0.97253651290912
   27    2.48340479652202
   28    2.48588184173950

   kloop=92
   k1=  -0.28571 k2=   0.42857 k3=  -0.28571

    1   -4.02446494743229
    2   -4.00589830885475
    3   -2.61989684808580
    4   -2.61365280578826
    5   -2.54522212589622
    6   -2.53738617280535
    7   -2.53161892035958
    8   -2.52578961095101
    9   -0.36066607882494
   10   -0.35008333341859
   11   -0.33318706938151
   12   -0.32871730317886
   13   -0.32175781246340
   14   -0.31241330083944
   15   -0.28038956462683
   16   -0.26782872038681
   17   -0.26346737463007
   18   -0.24234967840178
   19   -0.13502724223593
   20   -0.12294223334424
   21    0.32935295798885
   22    0.33755703906350
   23    0.46688946433366
   24    0.47304969305348
   25    1.21501439159690
   26    1.22463432257461
   27    2.53811920555710
   28    2.54066484074239

   kloop=93
   k1=  -0.28571 k2=   0.42857 k3=  -0.14286

    1   -4.02443006876904
    2   -4.00586295573271
    3   -2.61986521440903
    4   -2.61388511054798
    5   -2.54484258252862
    6   -2.53786372448614
    7   -2.53217472283796
    8   -2.52553538995066
    9   -0.36275736114929
   10   -0.35047411023253
   11   -0.33892116065378
   12   -0.32786059612478
   13   -0.32301448624789
   14   -0.30769378027075
   15   -0.27905860551312
   16   -0.26391338324283
   17   -0.25045806677718
   18   -0.23142512241604
   19   -0.11164519658251
   20   -0.10089135775955
   21    0.17219924763056
   22    0.17966864950859
   23    0.76485354428324
   24    0.77249084319086
   25    0.96414283764832
   26    0.97264685777742
   27    2.48362621882147
   28    2.48635717046896

   kloop=94
   k1=  -0.28571 k2=   0.42857 k3=   0.00000

    1   -4.02435166812421
    2   -4.00578357448870
    3   -2.61997828938727
    4   -2.61415797769185
    5   -2.54473855802926
    6   -2.53837679388214
    7   -2.53261285748872
    8   -2.52562605055672
    9   -0.36289966206959
   10   -0.34998683414023
   11   -0.34877317271315
   12   -0.33760560842249
   13   -0.30751900151894
   14   -0.29037085951554
   15   -0.27400723067518
   16   -0.25973522160106
   17   -0.24688827984506
   18   -0.22813426878528
   19   -0.01248294756730
   20   -0.00400863506965
   21    0.08320419490351
   22    0.09048794479484
   23    0.53559300330099
   24    0.54254440583292
   25    1.00771843113171
   26    1.01647052931346
   27    2.51698297014173
   28    2.51901982489562

   kloop=95
   k1=  -0.28571 k2=   0.42857 k3=   0.14286

    1   -4.02429097479519
    2   -4.00572205996546
    3   -2.62011550641751
    4   -2.61422828780513
    5   -2.54501676407927
    6   -2.53850825173327
    7   -2.53260296786557
    8   -2.52600806878798
    9   -0.35673123906142
   10   -0.34672033453060
   11   -0.34568629144132
   12   -0.32992439045536
   13   -0.32022317224296
   14   -0.30320511101591
   15   -0.26957614350107
   16   -0.25663456454758
   17   -0.24438933071156
   18   -0.22359309826392
   19    0.09505201999819
   20    0.10210401316562
   21    0.16328211370613
   22    0.17107064098831
   23    0.30969903421288
   24    0.31573667347574
   25    0.67681481413613
   26    0.68435527750021
   27    2.20112497205142
   28    2.20270029783916

   kloop=96
   k1=  -0.28571 k2=   0.42857 k3=   0.28572

    1   -4.02429104252499
    2   -4.00572230422108
    3   -2.62022754796091
    4   -2.61409287601351
    5   -2.54547891433467
    6   -2.53819597091388
    7   -2.53212170477300
    8   -2.52634800420930
    9   -0.35694903608980
   10   -0.34727848801222
   11   -0.34553409645992
   12   -0.33016685360029
   13   -0.32054022562299
   14   -0.30400723176756
   15   -0.26955928843750
   16   -0.25651473956833
   17   -0.24400260034835
   18   -0.22240009933146
   19    0.09510925147139
   20    0.10217602512484
   21    0.16326802855811
   22    0.17090192886446
   23    0.30998203853801
   24    0.31614062271502
   25    0.67651118409729
   26    0.68407036512387
   27    2.20084741078106
   28    2.20220719084694

   kloop=97
   k1=  -0.28571 k2=   0.42857 k3=   0.42857

    1   -4.02435188697469
    2   -4.00578417151044
    3   -2.62022770526689
    4   -2.61385620845193
    5   -2.54573732895915
    6   -2.53770067529066
    7   -2.53153328519562
    8   -2.52640206337360
    9   -0.36419364408005
   10   -0.35223877402157
   11   -0.34862055650141
   12   -0.33649905453476
   13   -0.30788949939293
   14   -0.29134572263390
   15   -0.27403631783358
   16   -0.26027413086255
   17   -0.24610164926845
   18   -0.22517522574735
   19   -0.01232860986029
   20   -0.00406538959563
   21    0.08342337131254
   22    0.09066264883918
   23    0.53556391145386
   24    0.54245754573838
   25    1.00713204789751
   26    1.01595229247967
   27    2.51660899828357
   28    2.51825097858590

   kloop=98
   k1=  -0.14286 k2=  -0.42857 k3=  -0.42857

    1   -4.02449120493330
    2   -4.00592658284625
    3   -2.61995213411458
    4   -2.61349668589250
    5   -2.54541091484056
    6   -2.53727580522775
    7   -2.53076926597620
    8   -2.52619966361465
    9   -0.38816597233943
   10   -0.38175781728429
   11   -0.35693296494082
   12   -0.34060055468576
   13   -0.29521065985034
   14   -0.28153185674104
   15   -0.26799344592532
   16   -0.25231680114728
   17   -0.24289966559713
   18   -0.22396730398937
   19   -0.20038460941287
   20   -0.18733018362153
   21    0.53340057290487
   22    0.54057434476486
   23    0.81940931860206
   24    0.82654946341863
   25    0.93104407344248
   26    0.93950811727228
   27    3.20014219986910
   28    3.20317708911334

   kloop=99
   k1=  -0.14286 k2=  -0.42857 k3=  -0.28571

    1   -4.02468254019554
    2   -4.00611948222721
    3   -2.61943064835141
    4   -2.61305734692989
    5   -2.54473267503725
    6   -2.53665724894854
    7   -2.53055654543237
    8   -2.52541110197241
    9   -0.40448765952672
   10   -0.40070688831459
   11   -0.34348130815123
   12   -0.32675797127497
   13   -0.31549863988977
   14   -0.30189970554738
   15   -0.27139277266401
   16   -0.27054305342431
   17   -0.25789626845843
   18   -0.25023222918113
   19   -0.22170931239700
   20   -0.20494375530672
   21    0.67781000827769
   22    0.68627411835781
   23    0.78709348230927
   24    0.79440369794616
   25    1.20651885624399
   26    1.21534468607863
   27    3.12129352706311
   28    3.12488752862306

   kloop=100
   k1=  -0.14286 k2=  -0.42857 k3=  -0.14286

    1   -4.02474533474367
    2   -4.00618218551953
    3   -2.61919907544469
    4   -2.61302505116240
    5   -2.54424992592919
    6   -2.53664523545824
    7   -2.53091700936825
    8   -2.52476633331020
    9   -0.41119143277699
   10   -0.40645050975901
   11   -0.32629841330040
   12   -0.31255967144528
   13   -0.31081372858959
   14   -0.29939261471824
   15   -0.29349125000001
   16   -0.27868508375386
   17   -0.26798545104008
   18   -0.25045716574717
   19   -0.22495321744441
   20   -0.20814822443841
   21    0.41310322883931
   22    0.42089703984252
   23    1.04424205254231
   24    1.05298919460833
   25    1.43292553297151
   26    1.44320356194872
   27    2.87300852950821
   28    2.87761461094969

   kloop=101
   k1=  -0.14286 k2=  -0.42857 k3=   0.00000

    1   -4.02463207581853
    2   -4.00606716757246
    3   -2.61942240265970
    4   -2.61341978995106
    5   -2.54429897747090
    6   -2.53722346496172
    7   -2.53158536553166
    8   -2.52482292577164
    9   -0.39527153561628
   10   -0.38724823232515
   11   -0.32416813883784
   12   -0.31315315972107
   13   -0.31089316258674
   14   -0.29788678714909
   15   -0.29311081990118
   16   -0.28017018024301
   17   -0.24514389828172
   18   -0.22805451130906
   19   -0.21380244614508
   20   -0.19945345889643
   21    0.23375792953904
   22    0.24161047151938
   23    1.18451884027415
   24    1.19346702899221
   25    1.25212580372634
   26    1.26090181834620
   27    3.07728980992382
   28    3.08299004718616

   kloop=102
   k1=  -0.14286 k2=  -0.42857 k3=   0.14286

    1   -4.02442989461523
    2   -4.00586264865381
    3   -2.61986216700997
    4   -2.61388199323992
    5   -2.54482533746528
    6   -2.53789349306773
    7   -2.53213955857631
    8   -2.52557827883800
    9   -0.36299225978693
   10   -0.35130797841959
   11   -0.33876446613079
   12   -0.32727102711611
   13   -0.32183584587036
   14   -0.30467995697220
   15   -0.27969250771827
   16   -0.26587154322313
   17   -0.25062259143926
   18   -0.23171235726291
   19   -0.11183317519663
   20   -0.10159087650598
   21    0.17216233273483
   22    0.17978730253046
   23    0.76428532501935
   24    0.77194537894198
   25    0.96465847921373
   26    0.97314867550795
   27    2.48379680902898
   28    2.48673828611192

   kloop=103
   k1=  -0.14286 k2=  -0.42857 k3=   0.28572

    1   -4.02429098057573
    2   -4.00572205880493
    3   -2.62022486123785
    4   -2.61409028109459
    5   -2.54546291762448
    6   -2.53822505168450
    7   -2.53208049668541
    8   -2.52639628518088
    9   -0.35672557531887
   10   -0.34699443283692
   11   -0.34540520567651
   12   -0.32995338941212
   13   -0.32022955827796
   14   -0.30316533334051
   15   -0.26960845678970
   16   -0.25661628466018
   17   -0.24438991799650
   18   -0.22359466219938
   19    0.09505166280365
   20    0.10211807683330
   21    0.16327092973735
   22    0.17107431034773
   23    0.30969423670243
   24    0.31573153396192
   25    0.67681536437248
   26    0.68435305174655
   27    2.20113140228766
   28    2.20270963137357

   kloop=104
   k1=  -0.14286 k2=  -0.42857 k3=   0.42857

    1   -4.02431739657769
    2   -4.00574971846813
    3   -2.62029229649414
    4   -2.61394152041941
    5   -2.54574090000811
    6   -2.53797589717512
    7   -2.53144858064444
    8   -2.52662832772739
    9   -0.37289630661257
   10   -0.36405400197493
   11   -0.35833578254262
   12   -0.34195167664433
   13   -0.29779457059692
   14   -0.28178805420113
   15   -0.25694145673281
   16   -0.24484258077680
   17   -0.24234292180888
   18   -0.22262526185530
   19   -0.07537573923722
   20   -0.06689510929404
   21    0.43596309039659
   22    0.44189395203234
   23    0.49261880708201
   24    0.50010951453727
   25    0.54910683946043
   26    0.55532203264104
   27    2.49743549129208
   28    2.50001937069524

   kloop=105
   k1=  -0.14286 k2=  -0.28572 k3=  -0.42857

    1   -4.02468254402149
    2   -4.00611948738212
    3   -2.61941275122852
    4   -2.61308020600106
    5   -2.54459882070850
    6   -2.53692791680498
    7   -2.53039197409083
    8   -2.52543383167643
    9   -0.40448557175023
   10   -0.40070953840455
   11   -0.34348835669132
   12   -0.32674838345910
   13   -0.31546644987253
   14   -0.30195714698987
   15   -0.27132774100584
   16   -0.27059844157248
   17   -0.25784881519442
   18   -0.25028579182171
   19   -0.22168017083046
   20   -0.20495591076225
   21    0.67782428943371
   22    0.68626877453570
   23    0.78710392567149
   24    0.79441717214105
   25    1.20651482488057
   26    1.21534303517074
   27    3.12132917946364
   28    3.12492319826308

   kloop=106
   k1=  -0.14286 k2=  -0.28572 k3=  -0.28571

    1   -4.02499929569820
    2   -4.00644016500344
    3   -2.61861093991495
    4   -2.61229187899131
    5   -2.54363063286244
    6   -2.53584557354949
    7   -2.52958467025169
    8   -2.52442596297072
    9   -0.46260055516191
   10   -0.46096222162649
   11   -0.33410154111015
   12   -0.31716462844400
   13   -0.30263238377830
   14   -0.29302124045748
   15   -0.28677955981187
   16   -0.27428186447794
   17   -0.26948437548138
   18   -0.25626712953732
   19   -0.25178283831456
   20   -0.23940053476728
   21    0.85597558126282
   22    0.86435960324182
   23    1.19828963336768
   24    1.20783763101357
   25    1.38411998016886
   26    1.39356597018373
   27    4.20424440456282
   28    4.20714591666983

   kloop=107
   k1=  -0.14286 k2=  -0.28572 k3=  -0.14286

    1   -4.02514072079314
    2   -4.00658320577516
    3   -2.61816283567673
    4   -2.61201077508010
    5   -2.54292082024908
    6   -2.53553048902073
    7   -2.52959399381094
    8   -2.52371242376636
    9   -0.48516678721013
   10   -0.48383460176814
   11   -0.32672104559690
   12   -0.30957809633268
   13   -0.30318896190228
   14   -0.29496472640638
   15   -0.28672108771252
   16   -0.27907132139024
   17   -0.27415917940636
   18   -0.26670290478012
   19   -0.25630949651382
   20   -0.24021413066742
   21    1.03703705220344
   22    1.04624195231175
   23    1.13513014124358
   24    1.14385886029953
   25    1.52611781427651
   26    1.53659114621301
   27    3.98612742065338
   28    3.98862780985585

   kloop=108
   k1=  -0.14286 k2=  -0.28572 k3=   0.00000

    1   -4.02499891162066
    2   -4.00643965820004
    3   -2.61844570947773
    4   -2.61249080271870
    5   -2.54299611950192
    6   -2.53620511719402
    7   -2.53042119393327
    8   -2.52385151142517
    9   -0.46233791018719
   10   -0.46064917011284
   11   -0.33388377808922
   12   -0.31640729097377
   13   -0.30191643541855
   14   -0.29356274665842
   15   -0.28504359041098
   16   -0.27464491935455
   17   -0.26961685046088
   18   -0.25719651406168
   19   -0.25191095865206
   20   -0.24119640157372
   21    0.85520195091763
   22    0.86372785855019
   23    1.19897705680379
   24    1.20844931905800
   25    1.38452147470161
   26    1.39398070521819
   27    4.20464108068596
   28    4.20809027943401

   kloop=109
   k1=  -0.14286 k2=  -0.28572 k3=   0.14286

    1   -4.02468212859008
    2   -4.00611888782740
    3   -2.61920637842150
    4   -2.61332735445485
    5   -2.54385041704082
    6   -2.53723694983816
    7   -2.53156416605505
    8   -2.52468493480239
    9   -0.40432129955179
   10   -0.40067898061952
   11   -0.34303139182158
   12   -0.32553984792484
   13   -0.31480378718490
   14   -0.30017476852789
   15   -0.27229076052143
   16   -0.26992255357262
   17   -0.25792332090108
   18   -0.25153558257750
   19   -0.22227446239712
   20   -0.20692557716046
   21    0.67763607617149
   22    0.68624786228454
   23    0.78663177495508
   24    0.79411365296372
   25    1.20711517237463
   26    1.21599675026457
   27    3.12150956647460
   28    3.12529684573325

   kloop=110
   k1=  -0.14286 k2=  -0.28572 k3=   0.28572

    1   -4.02442986288585
    2   -4.00586267231186
    3   -2.61986390630363
    4   -2.61388066405094
    5   -2.54481732178963
    6   -2.53793971894095
    7   -2.53208917448301
    8   -2.52558687225835
    9   -0.36331852798674
   10   -0.35206864952384
   11   -0.33826058581753
   12   -0.32575949030698
   13   -0.32236037758367
   14   -0.30669776937631
   15   -0.27923732284375
   16   -0.26443238102542
   17   -0.25050270531640
   18   -0.23161456817881
   19   -0.11203052392996
   20   -0.10210177206782
   21    0.17214069447376
   22    0.17985601372724
   23    0.76428971774324
   24    0.77203352996865
   25    0.96467042941913
   26    0.97314569999779
   27    2.48376147061482
   28    2.48648746218354

   kloop=111
   k1=  -0.14286 k2=  -0.28572 k3=   0.42857

    1   -4.02443007517045
    2   -4.00586296006618
    3   -2.61995572026288
    4   -2.61377080828105
    5   -2.54513281851742
    6   -2.53785412833684
    7   -2.53152829785117
    8   -2.52592495282759
    9   -0.36276038556619
   10   -0.35046034347550
   11   -0.33895050148638
   12   -0.32780975961357
   13   -0.32304445848078
   14   -0.30770909221155
   15   -0.27903781021187
   16   -0.26393261481253
   17   -0.25044869746519
   18   -0.23142840545978
   19   -0.11164167148040
   20   -0.10089515620747
   21    0.17221023317481
   22    0.17968013756254
   23    0.76483997918348
   24    0.77248290345096
   25    0.96414193655092
   26    0.97265075106445
   27    2.48362607036213
   28    2.48635841431627

   kloop=112
   k1=  -0.14286 k2=  -0.14286 k3=  -0.42857

    1   -4.02474534495110
    2   -4.00618219675410
    3   -2.61924164273134
    4   -2.61297101879854
    5   -2.54432449217186
    6   -2.53684178294695
    7   -2.53038537037601
    8   -2.52503819311805
    9   -0.41118862904222
   10   -0.40645471165048
   11   -0.32630169615975
   12   -0.31271969348516
   13   -0.31063385513665
   14   -0.29932716972246
   15   -0.29362296804039
   16   -0.27868534228222
   17   -0.26793448159665
   18   -0.25045913757981
   19   -0.22495724679348
   20   -0.20814737491868
   21    0.41312060669900
   22    0.42091287308782
   23    1.04423334607516
   24    1.05298398801846
   25    1.43292799674133
   26    1.44321032396998
   27    2.87301447735908
   28    2.87761832659570

   kloop=113
   k1=  -0.14286 k2=  -0.14286 k3=  -0.28571

    1   -4.02514073043819
    2   -4.00658321526114
    3   -2.61822520722838
    4   -2.61193150078596
    5   -2.54312539508732
    6   -2.53551411454024
    7   -2.52911093784138
    8   -2.52402405237568
    9   -0.48516693445436
   10   -0.48383689174297
   11   -0.32674173495713
   12   -0.30950500233396
   13   -0.30294343552199
   14   -0.29592910929351
   15   -0.28523323490720
   16   -0.28011345956819
   17   -0.27407074681973
   18   -0.26649050473428
   19   -0.25639778550888
   20   -0.24020615610628
   21    1.03710389858706
   22    1.04617029591989
   23    1.13520601951340
   24    1.14381341097832
   25    1.52611294184957
   26    1.53659933553060
   27    3.98616916639961
   28    3.98866745260220

   kloop=114
   k1=  -0.14286 k2=  -0.14286 k3=  -0.14286

    1   -4.02540846526908
    2   -4.00685412982982
    3   -2.61748648529052
    4   -2.61128720642558
    5   -2.54214302152343
    6   -2.53471738877728
    7   -2.52857188024284
    8   -2.52305442573538
    9   -0.52697221863257
   10   -0.52599886075299
   11   -0.31755314033713
   12   -0.30628486768513
   13   -0.30384936862414
   14   -0.29994926916602
   15   -0.28692484000552
   16   -0.28345523602300
   17   -0.27002590239598
   18   -0.26891176296656
   19   -0.25610367862356
   20   -0.25478339599326
   21    1.22124607512279
   22    1.23062571764183
   23    1.44951685248212
   24    1.45519174804798
   25    1.47790280910421
   26    1.48368490238139
   27    5.56010671815289
   28    5.56227484762706

   kloop=115
   k1=  -0.14286 k2=  -0.14286 k3=   0.00000

    1   -4.02534505258129
    2   -4.00678999506816
    3   -2.61758394903553
    4   -2.61153754645343
    5   -2.54204863053128
    6   -2.53510048200583
    7   -2.52907595846013
    8   -2.52303344901254
    9   -0.51865588791089
   10   -0.51765000297167
   11   -0.32288726619655
   12   -0.30514640093965
   13   -0.30170891260125
   14   -0.29708573723862
   15   -0.28524854888751
   16   -0.27870782717573
   17   -0.27627571878076
   18   -0.26626387627870
   19   -0.26340089620098
   20   -0.25001990035020
   21    1.29356886757567
   22    1.30309626370043
   23    1.32318188635533
   24    1.33313833301066
   25    1.43218176280603
   26    1.44170447266185
   27    6.28133573174384
   28    6.28321565566564

   kloop=116
   k1=  -0.14286 k2=  -0.14286 k3=   0.14286

    1   -4.02499870029129
    2   -4.00643943021420
    3   -2.61844402700815
    4   -2.61248787056319
    5   -2.54298078468950
    6   -2.53624728208391
    7   -2.53037404999466
    8   -2.52388327534498
    9   -0.46233115008534
   10   -0.46068287834678
   11   -0.33347183622739
   12   -0.31534457039651
   13   -0.30233349985709
   14   -0.29288661514755
   15   -0.28581272728426
   16   -0.27218977357478
   17   -0.27014831771278
   18   -0.25773708963375
   19   -0.25358392466955
   20   -0.24180825416312
   21    0.85533859287734
   22    0.86383087160195
   23    1.19839289999200
   24    1.20797987576243
   25    1.38491184777777
   26    1.39438407012286
   27    4.20478073912351
   28    4.20816558164770

   kloop=117
   k1=  -0.14286 k2=  -0.14286 k3=   0.28572

    1   -4.02463186339478
    2   -4.00606697395331
    3   -2.61942283282568
    4   -2.61341570326852
    5   -2.54427540888977
    6   -2.53731228207937
    7   -2.53148789134408
    8   -2.52486290749228
    9   -0.39556666752693
   10   -0.38788079600473
   11   -0.32340888067137
   12   -0.31279304170125
   13   -0.30964470611381
   14   -0.29854053650641
   15   -0.29365281501197
   16   -0.27804675683499
   17   -0.24501126235509
   18   -0.22794950733772
   19   -0.21456280555428
   20   -0.20145215423799
   21    0.23371273307418
   22    0.24169037173488
   23    1.18397361965482
   24    1.19304578164699
   25    1.25258185955464
   26    1.26137138090200
   27    3.07738159174545
   28    3.08277764759974

   kloop=118
   k1=  -0.14286 k2=  -0.14286 k3=   0.42857

    1   -4.02451998066089
    2   -4.00595301340591
    3   -2.61977386271707
    4   -2.61362467673397
    5   -2.54486765615764
    6   -2.53761479194564
    7   -2.53147895822731
    8   -2.52534680146653
    9   -0.38347846754182
   10   -0.37099552098014
   11   -0.32099076998854
   12   -0.30907553581634
   13   -0.29903405679892
   14   -0.29290624572540
   15   -0.28370581516314
   16   -0.27862175143223
   17   -0.24810021670664
   18   -0.22993402181219
   19   -0.12704128791382
   20   -0.11842610244777
   21    0.00385912093389
   22    0.01389392767793
   23    1.10175853389944
   24    1.11067762492460
   25    1.27909526719171
   26    1.28890273639794
   27    2.92221968532948
   28    2.92805962881370

   kloop=119
   k1=  -0.14286 k2=  -0.00000 k3=  -0.42857

    1   -4.02463209044820
    2   -4.00606718037163
    3   -2.61955982638579
    4   -2.61324562468025
    5   -2.54478703134890
    6   -2.53704189138289
    7   -2.53077077143040
    8   -2.52536764204094
    9   -0.39527144026204
   10   -0.38725157961768
   11   -0.32420024615099
   12   -0.31279257073438
   13   -0.31119955765331
   14   -0.29822853563689
   15   -0.29272716860428
   16   -0.28024328414561
   17   -0.24514904941886
   18   -0.22801226322740
   19   -0.21385182726502
   20   -0.19943738983503
   21    0.23377019405887
   22    0.24162161486719
   23    1.18445926043301
   24    1.19354241790385
   25    1.25205479158312
   26    1.26097568101138
   27    3.07730155459678
   28    3.08299982780637

   kloop=120
   k1=  -0.14286 k2=  -0.00000 k3=  -0.28571

    1   -4.02499893031491
    2   -4.00643967407670
    3   -2.61860596261052
    4   -2.61228777233263
    5   -2.54361111295335
    6   -2.53588728086192
    7   -2.52951615419790
    8   -2.52450195030598
    9   -0.46233857992913
   10   -0.46065307314126
   11   -0.33389051390356
   12   -0.31641972833518
   13   -0.30207354359226
   14   -0.29309397773283
   15   -0.28544096345521
   16   -0.27458145254247
   17   -0.26963486296409
   18   -0.25673173275929
   19   -0.25238828928241
   20   -0.24112540128185
   21    0.85522671554739
   22    0.86373839122520
   23    1.19897486971673
   24    1.20845584199164
   25    1.38451139879041
   26    1.39400591686995
   27    4.20469347812473
   28    4.20814218700109

   kloop=121
   k1=  -0.14286 k2=  -0.00000 k3=  -0.14286

    1   -4.02534506470315
    2   -4.00679000534013
    3   -2.61768248468579
    4   -2.61141250666366
    5   -2.54245019417698
    6   -2.53484127086183
    7   -2.52855960023066
    8   -2.52343380095201
    9   -0.51865674071957
   10   -0.51765178089149
   11   -0.32291857252418
   12   -0.30504950624396
   13   -0.30021790291489
   14   -0.29938723016490
   15   -0.28267114839068
   16   -0.28028017941434
   17   -0.27681575408698
   18   -0.26593566090235
   19   -0.26342495862330
   20   -0.25004408672194
   21    1.29739794049070
   22    1.29771584034645
   23    1.32885463802220
   24    1.32904313342406
   25    1.43208447054513
   26    1.44180424998938
   27    6.28135438481852
   28    6.28323565449349

   kloop=122
   k1=  -0.14286 k2=  -0.00000 k3=   0.00000

    1   -4.02540813076259
    2   -4.00685376446125
    3   -2.61748253992437
    4   -2.61128531783262
    5   -2.54213473663512
    6   -2.53472243678984
    7   -2.52855935802472
    8   -2.52308843527752
    9   -0.52687360700573
   10   -0.52588512278409
   11   -0.31655002691458
   12   -0.30667657699253
   13   -0.30391350512007
   14   -0.29736103172525
   15   -0.28825085309890
   16   -0.28339677184405
   17   -0.27009139385639
   18   -0.26915239294341
   19   -0.25686711443063
   20   -0.25573312579245
   21    1.22029959725755
   22    1.22975108985889
   23    1.45006878346874
   24    1.45565839676520
   25    1.47848069772955
   26    1.48417323650871
   27    5.56064032486824
   28    5.56326954969777

   kloop=123
   k1=  -0.14286 k2=  -0.00000 k3=   0.14286

    1   -4.02514024858182
    2   -4.00658264517591
    3   -2.61815755018283
    4   -2.61200615581588
    5   -2.54289910989995
    6   -2.53557426452178
    7   -2.52953339211481
    8   -2.52378063962689
    9   -0.48500437752434
   10   -0.48367338064664
   11   -0.32591001506157
   12   -0.30740283328074
   13   -0.30279228393055
   14   -0.29549466477665
   15   -0.28566697361727
   16   -0.27887696465506
   17   -0.27563190148069
   18   -0.26695015845572
   19   -0.25681667410167
   20   -0.24230489870670
   21    1.03685512311704
   22    1.04605461647069
   23    1.13463866304929
   24    1.14348373454871
   25    1.52691130550115
   26    1.53732815339927
   27    3.98659249975334
   28    3.98952492184101

   kloop=124
   k1=  -0.14286 k2=  -0.00000 k3=   0.28572

    1   -4.02474495224586
    2   -4.00618170854670
    3   -2.61919636604843
    4   -2.61301926724730
    5   -2.54421921589542
    6   -2.53673522710233
    7   -2.53080480679851
    8   -2.52484495553937
    9   -0.41121023218705
   10   -0.40668508100127
   11   -0.32535228982321
   12   -0.31168468640974
   13   -0.30894598859107
   14   -0.29826460622190
   15   -0.29318428664985
   16   -0.28044386238319
   17   -0.26816570665101
   18   -0.25096131635740
   19   -0.22549794370473
   20   -0.21000620579083
   21    0.41305332697874
   22    0.42093545009527
   23    1.04350595962854
   24    1.05234992850681
   25    1.43364964289486
   26    1.44385299465914
   27    2.87330538558883
   28    2.87811402696286

   kloop=125
   k1=  -0.14286 k2=  -0.00000 k3=   0.42857

    1   -4.02451988701239
    2   -4.00595287051329
    3   -2.61981896782117
    4   -2.61356489961084
    5   -2.54507262948092
    6   -2.53740137076163
    7   -2.53135788926513
    8   -2.52549773889680
    9   -0.38346993636167
   10   -0.37108678016178
   11   -0.32050430502084
   12   -0.30777077180100
   13   -0.29952360623757
   14   -0.29320728130402
   15   -0.28464860481178
   16   -0.27742142866504
   17   -0.24834608811222
   18   -0.23041076031468
   19   -0.12713908147186
   20   -0.11901013329349
   21    0.00386676610249
   22    0.01413959129102
   23    1.10118544410651
   24    1.11016415957223
   25    1.27972219993126
   26    1.28943245116714
   27    2.92232935750932
   28    2.92836776196220

   kloop=126
   k1=  -0.14286 k2=   0.14286 k3=  -0.42857

    1   -4.02442990845866
    2   -4.00586265812824
    3   -2.62005485936920
    4   -2.61363744376480
    5   -2.54557090863735
    6   -2.53742477057157
    7   -2.53116643599528
    8   -2.52632631932647
    9   -0.36300051507607
   10   -0.35129647014976
   11   -0.33877696213195
   12   -0.32728290390012
   13   -0.32179546467421
   14   -0.30474273666543
   15   -0.27960218627477
   16   -0.26594279837062
   17   -0.25059314913833
   18   -0.23172001374055
   19   -0.11184161463982
   20   -0.10159318623748
   21    0.17217069001618
   22    0.17979514590327
   23    0.76429242167474
   24    0.77195573953027
   25    0.96466834925755
   26    0.97316260171124
   27    2.48381658367083
   28    2.48675546892588

   kloop=127
   k1=  -0.14286 k2=   0.14286 k3=  -0.28571

    1   -4.02468214868448
    2   -4.00611890215673
    3   -2.61942418850304
    4   -2.61305168843690
    5   -2.54470914538207
    6   -2.53670846150555
    7   -2.53047033045869
    8   -2.52550618167354
    9   -0.40432262923111
   10   -0.40068161045670
   11   -0.34303082227252
   12   -0.32557402042574
   13   -0.31482834446608
   14   -0.30008713998550
   15   -0.27187317932090
   16   -0.27052656667240
   17   -0.25767719859002
   18   -0.25160625900368
   19   -0.22230994664893
   20   -0.20691331366159
   21    0.67768340958559
   22    0.68622422152966
   23    0.78669586891954
   24    0.79408052691008
   25    1.20712453927910
   26    1.21601140630689
   27    3.12155853025082
   28    3.12534603189419

   kloop=128
   k1=  -0.14286 k2=   0.14286 k3=  -0.14286

    1   -4.02499871867804
    2   -4.00643944390463
    3   -2.61860206906301
    4   -2.61228767922235
    5   -2.54361426926660
    6   -2.53585541983494
    7   -2.52955368159573
    8   -2.52450394731911
    9   -0.46233271843690
   10   -0.46068553494216
   11   -0.33347833421678
   12   -0.31536250610336
   13   -0.30246950607207
   14   -0.29238525781454
   15   -0.28620442559232
   16   -0.27235063811166
   17   -0.26998549687618
   18   -0.25712451080301
   19   -0.25421128775168
   20   -0.24174603429768
   21    0.85536131402149
   22    0.86383959552567
   23    1.19839265972099
   24    1.20798890749419
   25    1.38490152691133
   26    1.39441070209145
   27    4.20483336714526
   28    4.20821641131028

   kloop=129
   k1=  -0.14286 k2=   0.14286 k3=   0.00000

    1   -4.02514025883825
    2   -4.00658265222754
    3   -2.61821764802487
    4   -2.61192979508055
    5   -2.54312006980461
    6   -2.53548867771501
    7   -2.52913185722667
    8   -2.52406293215248
    9   -0.48500532885840
   10   -0.48367466056340
   11   -0.32593116452369
   12   -0.30729741705364
   13   -0.30249694701764
   14   -0.29651019490730
   15   -0.28387365352904
   16   -0.28019823720861
   17   -0.27566283955864
   18   -0.26666096995402
   19   -0.25691946444125
   20   -0.24229703970974
   21    1.03692454087817
   22    1.04597958957884
   23    1.13471624621457
   24    1.14343415788647
   25    1.52690918308637
   26    1.53733849551424
   27    3.98663637909378
   28    3.98956204454918

   kloop=130
   k1=  -0.14286 k2=   0.14286 k3=   0.14286

    1   -4.02499871119088
    2   -4.00643943637210
    3   -2.61860208688163
    4   -2.61228770094551
    5   -2.54361428574618
    6   -2.53585544552194
    7   -2.52955371453710
    8   -2.52450396098082
    9   -0.46233148567841
   10   -0.46068428169237
   11   -0.33347864338023
   12   -0.31536284127432
   13   -0.30246964094652
   14   -0.29238504199167
   15   -0.28620458325657
   16   -0.27235036847819
   17   -0.26998516300006
   18   -0.25712422676967
   19   -0.25421093133004
   20   -0.24174576389860
   21    0.85535591936762
   22    0.86383418737658
   23    1.19838835577715
   24    1.20798458543870
   25    1.38489722993081
   26    1.39440638334649
   27    4.20482742436834
   28    4.20821047830609

   kloop=131
   k1=  -0.14286 k2=   0.14286 k3=   0.28572

    1   -4.02468213962934
    2   -4.00611889352973
    3   -2.61942420939985
    4   -2.61305171349018
    5   -2.54470916587880
    6   -2.53670849516909
    7   -2.53047036821026
    8   -2.52550619925856
    9   -0.40432084478849
   10   -0.40067971078853
   11   -0.34303090027315
   12   -0.32557414471480
   13   -0.31482882728775
   14   -0.30008760955852
   15   -0.27187301257964
   16   -0.27052621046307
   17   -0.25767729142476
   18   -0.25160566837962
   19   -0.22230829841329
   20   -0.20691171324675
   21    0.67767339214863
   22    0.68621419046193
   23    0.78668578532562
   24    0.79407039384947
   25    1.20711821945359
   26    1.21600507520556
   27    3.12152553239740
   28    3.12531303756750

   kloop=132
   k1=  -0.14286 k2=   0.14286 k3=   0.42857

    1   -4.02442990439869
    2   -4.00586265416587
    3   -2.62005486777838
    4   -2.61363745414127
    5   -2.54557091835244
    6   -2.53742478569293
    7   -2.53116645126833
    8   -2.52632632808809
    9   -0.36300013755405
   10   -0.35129584486773
   11   -0.33877702331043
   12   -0.32728310248087
   13   -0.32179508365516
   14   -0.30474232749984
   15   -0.27960238336891
   16   -0.26594300905911
   17   -0.25059286576196
   18   -0.23171971695042
   19   -0.11183657906813
   20   -0.10158829757074
   21    0.17215953757333
   22    0.17978401244920
   23    0.76429514004550
   24    0.77195845896051
   25    0.96466221842948
   26    0.97315646215213
   27    2.48380968107917
   28    2.48674853211867

   kloop=133
   k1=  -0.14286 k2=   0.28571 k3=  -0.42857

    1   -4.02429098746481
    2   -4.00572206208460
    3   -2.62039040968971
    4   -2.61387920469617
    5   -2.54612174864704
    6   -2.53773217905617
    7   -2.53124169030846
    8   -2.52711463852999
    9   -0.35672016690236
   10   -0.34697940085472
   11   -0.34544646396450
   12   -0.32987064026458
   13   -0.32029205852625
   14   -0.30319795123581
   15   -0.26955455668495
   16   -0.25664304753858
   17   -0.24437615112477
   18   -0.22360191642096
   19    0.09502793474774
   20    0.10212197503238
   21    0.16326558892919
   22    0.17108884475890
   23    0.30969903699792
   24    0.31573490385179
   25    0.67682572451134
   26    0.68436122103379
   27    2.20112904352478
   28    2.20270907479012

   kloop=134
   k1=  -0.14286 k2=   0.28571 k3=  -0.28571

    1   -4.02442987348149
    2   -4.00586267852783
    3   -2.62005396479460
    4   -2.61363952648946
    5   -2.54558386051702
    6   -2.53737766320906
    7   -2.53123387286529
    8   -2.52628867015220
    9   -0.36332643192270
   10   -0.35205701921055
   11   -0.33827481231611
   12   -0.32579978431826
   13   -0.32228696287300
   14   -0.30675578955444
   15   -0.27915874218148
   16   -0.26449527263152
   17   -0.25047580996151
   18   -0.23162327487665
   19   -0.11203885727287
   20   -0.10210512004270
   21    0.17214568994850
   22    0.17986489794922
   23    0.76429916333304
   24    0.77204548868705
   25    0.96467977322032
   26    0.97316022845122
   27    2.48377738448409
   28    2.48650748261604

   kloop=135
   k1=  -0.14286 k2=   0.28571 k3=  -0.14286

    1   -4.02463187520081
    2   -4.00606698150484
    3   -2.61955543066423
    4   -2.61324776483323
    5   -2.54480317927727
    6   -2.53696293490511
    7   -2.53086883196413
    8   -2.52533873308253
    9   -0.39556902482606
   10   -0.38788050798556
   11   -0.32344840876633
   12   -0.31248531958734
   13   -0.30989821777040
   14   -0.29884690543472
   15   -0.29330772971059
   16   -0.27810480722673
   17   -0.24501716999156
   18   -0.22790586929942
   19   -0.21461969608623
   20   -0.20143505728710
   21    0.23372241081853
   22    0.24170229242494
   23    1.18391234824518
   24    1.19312830639540
   25    1.25250562130925
   26    1.26145087029400
   27    3.07739138131717
   28    3.08278654283306

   kloop=136
   k1=  -0.14286 k2=   0.28571 k3=   0.00000

    1   -4.02474496063057
    2   -4.00618171425826
    3   -2.61923401691390
    4   -2.61297157007875
    5   -2.54433052500969
    6   -2.53677240468036
    7   -2.53046490932918
    8   -2.52504627187014
    9   -0.41121053768656
   10   -0.40668611425871
   11   -0.32535317880707
   12   -0.31180691204377
   13   -0.30880968442697
   14   -0.29814301609138
   15   -0.29336439773831
   16   -0.28043681597558
   17   -0.26812364904811
   18   -0.25095810927281
   19   -0.22551007011609
   20   -0.21000573790633
   21    0.41306919501983
   22    0.42095118603190
   23    1.04349741875826
   24    1.05234563035882
   25    1.43365438441418
   26    1.44386236827949
   27    2.87331339405248
   28    2.87811333195961

   kloop=137
   k1=  -0.14286 k2=   0.28571 k3=   0.14286

    1   -4.02468214220027
    2   -4.00611889591683
    3   -2.61940351838099
    4   -2.61307817013606
    5   -2.54459272175856
    6   -2.53689689813071
    7   -2.53041736710449
    8   -2.52548140685794
    9   -0.40432075308923
   10   -0.40068111394100
   11   -0.34303810535702
   12   -0.32556660415709
   13   -0.31478955005461
   14   -0.30015042651130
   15   -0.27179713287152
   16   -0.27057897099216
   17   -0.25762632926573
   18   -0.25166914763046
   19   -0.22228306023824
   20   -0.20692617917590
   21    0.67768775833240
   22    0.68620857461893
   23    0.78669675892213
   24    0.79408257108957
   25    1.20711576747362
   26    1.21600453932747
   27    3.12156402073534
   28    3.12534521266057

   kloop=138
   k1=  -0.14286 k2=   0.28571 k3=   0.28572

    1   -4.02449097725863
    2   -4.00592614737341
    3   -2.61994467870578
    4   -2.61349302813125
    5   -2.54539961628226
    6   -2.53728283749320
    7   -2.53073982766177
    8   -2.52626544353141
    9   -0.38810208068000
   10   -0.38181635829614
   11   -0.35665366769003
   12   -0.33977525568790
   13   -0.29472705606741
   14   -0.28070590650720
   15   -0.26735983033988
   16   -0.24987991126942
   17   -0.24335673237685
   18   -0.22643480421131
   19   -0.20113716330917
   20   -0.18902960727590
   21    0.53306079791361
   22    0.54035604903253
   23    0.81973675808609
   24    0.82694237014851
   25    0.93108869484906
   26    0.93959797154510
   27    3.20020550994728
   28    3.20315476782540

   kloop=139
   k1=  -0.14286 k2=   0.28571 k3=   0.42857

    1   -4.02431729213318
    2   -4.00574948937123
    3   -2.62036934271476
    4   -2.61383623530105
    5   -2.54606649503435
    6   -2.53768352342464
    7   -2.53106416380218
    8   -2.52701820772570
    9   -0.37295971045052
   10   -0.36422372972165
   11   -0.35821018152158
   12   -0.34159686031660
   13   -0.29725408422308
   14   -0.28047118522059
   15   -0.25709529177377
   16   -0.24407874853773
   17   -0.24379002472545
   18   -0.22312179395048
   19   -0.07559740029629
   20   -0.06741382086344
   21    0.43564221724699
   22    0.44159784545660
   23    0.49249328850320
   24    0.50019232027987
   25    0.54927239577153
   26    0.55558774074007
   27    2.49756254435837
   28    2.50020343184977

   kloop=140
   k1=  -0.14286 k2=   0.42857 k3=  -0.42857

    1   -4.02431739903007
    2   -4.00574971703556
    3   -2.62037239350625
    4   -2.61383897014544
    5   -2.54607616046113
    6   -2.53766155815855
    7   -2.53111107430789
    8   -2.52696738246421
    9   -0.37289690761808
   10   -0.36404707113042
   11   -0.35834212347092
   12   -0.34194629680058
   13   -0.29780052064787
   14   -0.28182347274542
   15   -0.25695989310361
   16   -0.24392815284751
   17   -0.24321551623730
   18   -0.22260999076786
   19   -0.07538165411911
   20   -0.06688820674438
   21    0.43591104186217
   22    0.44196021848624
   23    0.49253179990049
   24    0.50017354040546
   25    0.54910822741421
   26    0.55530597183453
   27    2.49741528480162
   28    2.50000053033597

   kloop=141
   k1=  -0.14286 k2=   0.42857 k3=  -0.28571

    1   -4.02443007513094
    2   -4.00586295772588
    3   -2.62005677626799
    4   -2.61364206429014
    5   -2.54559411144919
    6   -2.53735518894301
    7   -2.53127263515822
    8   -2.52624597120829
    9   -0.36276691246399
   10   -0.35045841751411
   11   -0.33893575788673
   12   -0.32788650646679
   13   -0.32295748668495
   14   -0.30774692968556
   15   -0.27898657089494
   16   -0.26397560908234
   17   -0.25042784575492
   18   -0.23143481961206
   19   -0.11164816572605
   20   -0.10088770315300
   21    0.17219734701049
   22    0.17966741617447
   23    0.76485078709320
   24    0.77249119815647
   25    0.96414811722668
   26    0.97265520347231
   27    2.48362683759600
   28    2.48636130962824

   kloop=142
   k1=  -0.14286 k2=   0.42857 k3=  -0.14286

    1   -4.02451997912821
    2   -4.00595301007603
    3   -2.61981735526547
    4   -2.61356950466701
    5   -2.54510104860993
    6   -2.53729566522234
    7   -2.53148748410516
    8   -2.52543569454354
    9   -0.38348214021689
   10   -0.37099390183958
   11   -0.32103486180110
   12   -0.30892245732668
   13   -0.29884418050172
   14   -0.29366067781885
   15   -0.28265498986990
   16   -0.27920620794806
   17   -0.24810723307532
   18   -0.22993161464514
   19   -0.12704413185834
   20   -0.11842339603891
   21    0.00385303585539
   22    0.01388963911939
   23    1.10176975983111
   24    1.11068829395905
   25    1.27909311108078
   26    1.28889887827567
   27    2.92222822476602
   28    2.92806999628408

   kloop=143
   k1=  -0.14286 k2=   0.42857 k3=   0.00000

    1   -4.02451988588634
    2   -4.00595286729420
    3   -2.61976951918820
    4   -2.61362777519694
    5   -2.54488626259303
    6   -2.53751609018646
    7   -2.53159142350744
    8   -2.52532240610843
    9   -0.38346941867024
   10   -0.37108542281232
   11   -0.32045789940669
   12   -0.30795645777071
   13   -0.29960029279913
   14   -0.29244595599865
   15   -0.28546920331679
   16   -0.27714947375246
   17   -0.24834395623649
   18   -0.23041232701940
   19   -0.12713715130916
   20   -0.11901677071807
   21    0.00387014642390
   22    0.01414652603558
   23    1.10117383168393
   24    1.11015525776261
   25    1.27972571136607
   26    1.28943959821643
   27    2.92231860554698
   28    2.92835556597441

   kloop=144
   k1=  -0.14286 k2=   0.42857 k3=   0.14286

    1   -4.02442990131124
    2   -4.00586265238061
    3   -2.61994992877953
    4   -2.61377122310933
    5   -2.54513661606998
    6   -2.53779823003052
    7   -2.53159096994076
    8   -2.52593380811445
    9   -0.36299797146910
   10   -0.35129637733366
   11   -0.33878828140233
   12   -0.32722560593512
   13   -0.32186093136096
   14   -0.30469630545197
   15   -0.27966504032194
   16   -0.26589323250608
   17   -0.25061436083941
   18   -0.23171549298130
   19   -0.11183309815875
   20   -0.10159686364417
   21    0.17217216981018
   22    0.17979619927430
   23    0.76428464754672
   24    0.77195048598633
   25    0.96465798935628
   26    0.97315356736615
   27    2.48380618044463
   28    2.48674681740417

   kloop=145
   k1=  -0.14286 k2=   0.42857 k3=   0.28572

    1   -4.02431728827563
    2   -4.00574948945877
    3   -2.62028798240323
    4   -2.61394041566442
    5   -2.54573833631467
    6   -2.53796214467087
    7   -2.53145968456994
    8   -2.52664938800190
    9   -0.37295980428308
   10   -0.36422969879698
   11   -0.35820517768412
   12   -0.34160251772811
   13   -0.29724448483054
   14   -0.28043185804180
   15   -0.25708455497627
   16   -0.24517439232300
   17   -0.24273001566228
   18   -0.22314021168957
   19   -0.07559343659611
   20   -0.06742094162953
   21    0.43569451534592
   22    0.44153113768006
   23    0.49257607441734
   24    0.50013211444507
   25    0.54927141925995
   26    0.55560492801748
   27    2.49758206292188
   28    2.50022257401689

   kloop=146
   k1=  -0.14286 k2=   0.42857 k3=   0.42857

    1   -4.02426645885316
    2   -4.00569875186038
    3   -2.62051134317711
    4   -2.61400157863893
    5   -2.54617680267921
    6   -2.53791686882346
    7   -2.53125652484400
    8   -2.52703495258030
    9   -0.38235592496408
   10   -0.37350353886212
   11   -0.36709074226670
   12   -0.35079548681782
   13   -0.26761325540116
   14   -0.25141439994628
   15   -0.24928836573904
   16   -0.24188999082707
   17   -0.23656121365705
   18   -0.21966687086275
   19   -0.01284865598686
   20   -0.00690591079382
   21    0.20279007595919
   22    0.20893583322361
   23    0.43055346556325
   24    0.43718424751169
   25    0.82543801664392
   26    0.83337587124843
   27    2.83622193526865
   28    2.83875809708658

   kloop=147
   k1=   0.00000 k2=  -0.42857 k3=  -0.42857

    1   -4.02432916531586
    2   -4.00576376160240
    3   -2.62041258399253
    4   -2.61386254402641
    5   -2.54604763072215
    6   -2.53772029842322
    7   -2.53093711800320
    8   -2.52690090824849
    9   -0.39193989183401
   10   -0.38400606718180
   11   -0.37023457964843
   12   -0.35380422894591
   13   -0.24619037897323
   14   -0.24454119352876
   15   -0.24277721237809
   16   -0.23106330496534
   17   -0.22368024713912
   18   -0.22115644204850
   19   -0.15807255149898
   20   -0.15347426827275
   21    0.39274758468508
   22    0.39892402062944
   23    0.79131341347593
   24    0.79150058699305
   25    0.81402173515855
   26    0.81410929671233
   27    3.60773238206732
   28    3.61151622226587

   kloop=148
   k1=   0.00000 k2=  -0.42857 k3=  -0.28571

    1   -4.02449111733798
    2   -4.00592628493032
    3   -2.61994679081233
    4   -2.61349472962168
    5   -2.54540310759857
    6   -2.53727269676273
    7   -2.53075795639586
    8   -2.52624669973214
    9   -0.38773088080491
   10   -0.38115668745749
   11   -0.35712232693064
   12   -0.34086129976248
   13   -0.29447998010104
   14   -0.27977690152507
   15   -0.26808002086031
   16   -0.25201464262990
   17   -0.24350372822371
   18   -0.22661533538781
   19   -0.20047054756274
   20   -0.18713784168356
   21    0.53302241954455
   22    0.54034395512789
   23    0.81958179490038
   24    0.82677563306160
   25    0.93156654703972
   26    0.93994727483060
   27    3.20014855837970
   28    3.20339357309540

   kloop=149
   k1=   0.00000 k2=  -0.42857 k3=  -0.14286

    1   -4.02463208237880
    2   -4.00606717026682
    3   -2.61955717646996
    4   -2.61324909671758
    5   -2.54480702259786
    6   -2.53695272264888
    7   -2.53088362215144
    8   -2.52532327200013
    9   -0.39527250703497
   10   -0.38724869875323
   11   -0.32419519483341
   12   -0.31285866383703
   13   -0.31113287038526
   14   -0.29821737012038
   15   -0.29273422364612
   16   -0.28024726655883
   17   -0.24514652139410
   18   -0.22801759862123
   19   -0.21385005894293
   20   -0.19943535873371
   21    0.23375669705587
   22    0.24160872108504
   23    1.18445833154387
   24    1.19354602851889
   25    1.25204883340897
   26    1.26097437977070
   27    3.07729233338560
   28    3.08298925937957

   kloop=150
   k1=   0.00000 k2=  -0.42857 k3=   0.00000

    1   -4.02464529787187
    2   -4.00607934676571
    3   -2.61952923272853
    4   -2.61330325244211
    5   -2.54470691186720
    6   -2.53698637090199
    7   -2.53118096190160
    8   -2.52489422962041
    9   -0.40176125004443
   10   -0.39153750010910
   11   -0.31082729753490
   12   -0.30731276269125
   13   -0.29504837765891
   14   -0.29066789538722
   15   -0.24976958288711
   16   -0.24802994915681
   17   -0.24603570835487
   18   -0.24184095553392
   19   -0.23021892051010
   20   -0.22868277861875
   21    0.06922545566216
   22    0.07854277704374
   23    1.37617197070818
   24    1.38177834692211
   25    1.40548959784143
   26    1.41111642144775
   27    3.04034355021137
   28    3.04918891177797

   kloop=151
   k1=   0.00000 k2=  -0.42857 k3=   0.14286

    1   -4.02451988316009
    2   -4.00595286489743
    3   -2.61981636920634
    4   -2.61356828017033
    5   -2.54509378287321
    6   -2.53730744127650
    7   -2.53147056854435
    8   -2.52545710004226
    9   -0.38347086902174
   10   -0.37108489515287
   11   -0.32050456426925
   12   -0.30777509421974
   13   -0.29949777301979
   14   -0.29322831902048
   15   -0.28464709864420
   16   -0.27742053691379
   17   -0.24834862923780
   18   -0.23041189042046
   19   -0.12713585952135
   20   -0.11900983136317
   21    0.00386531951803
   22    0.01414200450162
   23    1.10117531884923
   24    1.11015478363056
   25    1.27971741754150
   26    1.28942874518049
   27    2.92231573370411
   28    2.92835667551687

   kloop=152
   k1=   0.00000 k2=  -0.42857 k3=   0.28572

    1   -4.02435168062435
    2   -4.00578357430874
    3   -2.62022007738827
    4   -2.61385210410943
    5   -2.54571604607995
    6   -2.53772311860003
    7   -2.53148035601969
    8   -2.52649888185168
    9   -0.36291410490887
   10   -0.34983867910470
   11   -0.34893790256339
   12   -0.33757810239823
   13   -0.30751051301653
   14   -0.29040505264484
   15   -0.27397590961468
   16   -0.25969597879996
   17   -0.24693433171129
   18   -0.22812872979136
   19   -0.01248940031694
   20   -0.00401088148387
   21    0.08321143567037
   22    0.09049775774814
   23    0.53559448570307
   24    0.54254474262550
   25    1.00771067372717
   26    1.01645909579137
   27    2.51698370306842
   28    2.51902467546401

   kloop=153
   k1=   0.00000 k2=  -0.42857 k3=   0.42857

    1   -4.02426652304891
    2   -4.00569868321829
    3   -2.62051059552607
    4   -2.61400071904407
    5   -2.54617024907162
    6   -2.53792842744913
    7   -2.53123086138116
    8   -2.52706437442591
    9   -0.38208499124769
   10   -0.37308073262079
   11   -0.36727194467345
   12   -0.35111499946025
   13   -0.26688185020908
   14   -0.25109552614897
   15   -0.24785020728238
   16   -0.24245550523269
   17   -0.23638711814153
   18   -0.22216615270661
   19   -0.01279887497119
   20   -0.00662629405636
   21    0.20276170797000
   22    0.20901810260377
   23    0.43042081757670
   24    0.43703408225965
   25    0.82587705016065
   26    0.83371590604404
   27    2.83633696056608
   28    2.83907464756966

   kloop=154
   k1=   0.00000 k2=  -0.28572 k3=  -0.42857

    1   -4.02449111983937
    2   -4.00592628766850
    3   -2.61994800588706
    4   -2.61349315122521
    5   -2.54539512493870
    6   -2.53730984862283
    7   -2.53070368737839
    8   -2.52627213808547
    9   -0.38773077324153
   10   -0.38115795778438
   11   -0.35712278509552
   12   -0.34086103566216
   13   -0.29448021819072
   14   -0.27978481776754
   15   -0.26807165593465
   16   -0.25201064470064
   17   -0.24351325379568
   18   -0.22660911647730
   19   -0.20047110514634
   20   -0.18714000612169
   21    0.53304234809417
   22    0.54036446659221
   23    0.81957852274508
   24    0.82677268512969
   25    0.93156239462787
   26    0.93994259853856
   27    3.20019146522151
   28    3.20343748393083

   kloop=155
   k1=   0.00000 k2=  -0.28572 k3=  -0.28571

    1   -4.02477889280710
    2   -4.00621813099274
    3   -2.61922624433501
    4   -2.61279918045871
    5   -2.54446139710792
    6   -2.53642476316128
    7   -2.52989256657852
    8   -2.52540293289912
    9   -0.43143304569555
   10   -0.42892543361455
   11   -0.34981456446209
   12   -0.33256044814849
   13   -0.28912649269259
   14   -0.27910076823843
   15   -0.27183952893887
   16   -0.27081881103703
   17   -0.25436767117726
   18   -0.25195429889818
   19   -0.24975450148750
   20   -0.23890702969761
   21    0.99015676494829
   22    0.99040051508374
   23    1.01702145468004
   24    1.01714920646087
   25    1.13000997608863
   26    1.13796252205914
   27    5.77638440151541
   28    5.77840287131070

   kloop=156
   k1=   0.00000 k2=  -0.28572 k3=  -0.14286

    1   -4.02499891893139
    2   -4.00643966081810
    3   -2.61860443449530
    4   -2.61228980402837
    5   -2.54362184061664
    6   -2.53583934498241
    7   -2.52958003271652
    8   -2.52447497282727
    9   -0.46233717834247
   10   -0.46065016792514
   11   -0.33389008878694
   12   -0.31642370110095
   13   -0.30207245748351
   14   -0.29306212389350
   15   -0.28548595922433
   16   -0.27453494751223
   17   -0.26967481204719
   18   -0.25668400888393
   19   -0.25243089385926
   20   -0.24112037356833
   21    0.85520707569877
   22    0.86371893363957
   23    1.19897292295535
   24    1.20845418720236
   25    1.38450960285088
   26    1.39400435048574
   27    4.20463157983087
   28    4.20807799144292

   kloop=157
   k1=   0.00000 k2=  -0.28572 k3=   0.00000

    1   -4.02498358823002
    2   -4.00642342292536
    3   -2.61860878239094
    4   -2.61240350741657
    5   -2.54353079280888
    6   -2.53598016901379
    7   -2.52999953216210
    8   -2.52417474900861
    9   -0.45508694555747
   10   -0.45275456025298
   11   -0.32044794031727
   12   -0.30533347164245
   13   -0.30385364060230
   14   -0.30147700904606
   15   -0.28823897812030
   16   -0.28315593370723
   17   -0.26317782873923
   18   -0.26112771937191
   19   -0.24705628793560
   20   -0.24506346386039
   21    0.57900443725361
   22    0.58694555234272
   23    1.40936653678223
   24    1.41501098536884
   25    1.43864925818539
   26    1.44431607098352
   27    3.23677977092196
   28    3.24188195609400

   kloop=158
   k1=   0.00000 k2=  -0.28572 k3=   0.14286

    1   -4.02474494722708
    2   -4.00618170308612
    3   -2.61919488801616
    4   -2.61302119079643
    5   -2.54423162403469
    6   -2.53668139476418
    7   -2.53086831371494
    8   -2.52482248800239
    9   -0.41121034799028
   10   -0.40668309901222
   11   -0.32535303887697
   12   -0.31168973358491
   13   -0.30894245318021
   14   -0.29825989740500
   15   -0.29317842906619
   16   -0.28045716928764
   17   -0.26815914309840
   18   -0.25096433866895
   19   -0.22549680888395
   20   -0.21000556553448
   21    0.41305377689268
   22    0.42093765531620
   23    1.04349516736987
   24    1.05233890402245
   25    1.43364768268998
   26    1.44385132842798
   27    2.87329504604162
   28    2.87810483069518

   kloop=159
   k1=   0.00000 k2=  -0.28572 k3=   0.28572

    1   -4.02446456017604
    2   -4.00589761291201
    3   -2.61989029094573
    4   -2.61364686232491
    5   -2.54519016510598
    6   -2.53745089610073
    7   -2.53152401158775
    8   -2.52589733260534
    9   -0.36026760867811
   10   -0.35010483683167
   11   -0.33278991874604
   12   -0.32797796688572
   13   -0.32032434174143
   14   -0.31048554135089
   15   -0.28042194819327
   16   -0.26786433773627
   17   -0.26420695174669
   18   -0.24481050998362
   19   -0.13542858746623
   20   -0.12411204249334
   21    0.32928301381565
   22    0.33771657462368
   23    0.46639521889202
   24    0.47266176745359
   25    1.21568756049915
   26    1.22522985852712
   27    2.53857594515210
   28    2.54154444822281

   kloop=160
   k1=   0.00000 k2=  -0.28572 k3=   0.42857

    1   -4.02435168158511
    2   -4.00578357561907
    3   -2.62022124703026
    4   -2.61385058639361
    5   -2.54570732652693
    6   -2.53776305267252
    7   -2.53142639434764
    8   -2.52652198109476
    9   -0.36291270159406
   10   -0.34985418013545
   11   -0.34892226906180
   12   -0.33757840885417
   13   -0.30751116590182
   14   -0.29040917004626
   15   -0.27397429105340
   16   -0.25969745295952
   17   -0.24693304612627
   18   -0.22812747522655
   19   -0.01248807571022
   20   -0.00401050566628
   21    0.08321111246831
   22    0.09049832808169
   23    0.53559323465641
   24    0.54254449872824
   25    1.00771069044736
   26    1.01645899265246
   27    2.51698513136186
   28    2.51902392064492

   kloop=161
   k1=   0.00000 k2=  -0.14286 k3=  -0.42857

    1   -4.02463208695850
    2   -4.00606717709507
    3   -2.61955983585363
    4   -2.61324563206854
    5   -2.54478704471783
    6   -2.53704189909071
    7   -2.53077077759468
    8   -2.52536765974394
    9   -0.39527085940391
   10   -0.38725097526349
   11   -0.32420106808764
   12   -0.31279319106823
   13   -0.31119988695976
   14   -0.29822834374339
   15   -0.29272708649574
   16   -0.28024291423961
   17   -0.24514894530656
   18   -0.22801213313602
   19   -0.21385074274371
   20   -0.19943635403394
   21    0.23377175947871
   22    0.24162316261095
   23    1.18445362913770
   24    1.19353674361106
   25    1.25204676636902
   26    1.26096759247139
   27    3.07730020595997
   28    3.08299840869468

   kloop=162
   k1=   0.00000 k2=  -0.14286 k3=  -0.28571

    1   -4.02499892503496
    2   -4.00643966870463
    3   -2.61860597707915
    4   -2.61228778619430
    5   -2.54361113072323
    6   -2.53588729677581
    7   -2.52951616908835
    8   -2.52450196841669
    9   -0.46233777674198
   10   -0.46065225915348
   11   -0.33389088972019
   12   -0.31642011329078
   13   -0.30207354598875
   14   -0.29309365672077
   15   -0.28544096292687
   16   -0.27458114244937
   17   -0.26963472575606
   18   -0.25673156360267
   19   -0.25238805476615
   20   -0.24112526884925
   21    0.85522813348275
   22    0.86373981079094
   23    1.19896933692278
   24    1.20845029195075
   25    1.38450623516824
   26    1.39400072084084
   27    4.20471603202064
   28    4.20816472227856

   kloop=163
   k1=   0.00000 k2=  -0.14286 k3=  -0.14286

    1   -4.02534505876510
    2   -4.00678999870551
    3   -2.61768250325603
    4   -2.61141252260612
    5   -2.54245021792052
    6   -2.53484128964718
    7   -2.52855961519431
    8   -2.52343382384261
    9   -0.51865579653393
   10   -0.51765083159361
   11   -0.32291886131405
   12   -0.30504974577720
   13   -0.30021765734520
   14   -0.29938700944193
   15   -0.28267108824372
   16   -0.28027996493305
   17   -0.27681576999832
   18   -0.26593594760505
   19   -0.26342481896562
   20   -0.25004395705307
   21    1.29739391303456
   22    1.29771178400531
   23    1.32885050866976
   24    1.32903897058773
   25    1.43208287391538
   26    1.44180265042703
   27    6.28134152062759
   28    6.28322277761408

   kloop=164
   k1=   0.00000 k2=  -0.14286 k3=   0.00000

    1   -4.02540812409293
    2   -4.00685375778156
    3   -2.61748255884328
    4   -2.61128533283425
    5   -2.54213476689652
    6   -2.53472245011695
    7   -2.52855936885598
    8   -2.52308846249986
    9   -0.52687263127451
   10   -0.52588414076743
   11   -0.31655022686110
   12   -0.30667642572162
   13   -0.30391337728191
   14   -0.29736123451320
   15   -0.28825070344454
   16   -0.28339662825912
   17   -0.27009145441764
   18   -0.26915236286087
   19   -0.25686709751247
   20   -0.25573314527386
   21    1.22029081381508
   22    1.22974227987016
   23    1.45006809611376
   24    1.45565768016625
   25    1.47848013934690
   26    1.48417264209144
   27    5.56057710683606
   28    5.56320634310819

   kloop=165
   k1=   0.00000 k2=  -0.14286 k3=   0.14286

    1   -4.02514024295754
    2   -4.00658263978340
    3   -2.61815756698519
    4   -2.61200616558300
    5   -2.54289914273486
    6   -2.53557426944597
    7   -2.52953339537670
    8   -2.52378066592022
    9   -0.48500347314533
   10   -0.48367246581444
   11   -0.32591018710303
   12   -0.30740299885563
   13   -0.30279229906131
   14   -0.29549452739279
   15   -0.28566698741987
   16   -0.27887704626700
   17   -0.27563175125885
   18   -0.26695024192435
   19   -0.25681640135561
   20   -0.24230459953570
   21    1.03684939017744
   22    1.04604888650998
   23    1.13463489166324
   24    1.14347994735364
   25    1.52691106687335
   26    1.53732791488051
   27    3.98656588326490
   28    3.98949832275336

   kloop=166
   k1=   0.00000 k2=  -0.14286 k3=   0.28572

    1   -4.02474494839323
    2   -4.00618170489142
    3   -2.61919637804912
    4   -2.61301927179606
    5   -2.54421924062124
    6   -2.53673522635863
    7   -2.53080480565740
    8   -2.52484498001880
    9   -0.41120949015164
   10   -0.40668432441726
   11   -0.32535268677487
   12   -0.31168494978947
   13   -0.30894632241571
   14   -0.29826456834216
   15   -0.29318423086192
   16   -0.28044358614293
   17   -0.26816593501449
   18   -0.25096149636885
   19   -0.22549706790566
   20   -0.21000536271643
   21    0.41305531612940
   22    0.42093744371091
   23    1.04349380411964
   24    1.05233772138149
   25    1.43364780604366
   26    1.44385115342516
   27    2.87329619173338
   28    2.87810479429749

   kloop=167
   k1=   0.00000 k2=  -0.14286 k3=   0.42857

    1   -4.02451988429609
    2   -4.00595286783794
    3   -2.61981897596835
    4   -2.61356490322930
    5   -2.54507264535503
    6   -2.53740137038481
    7   -2.53135788939230
    8   -2.52549776244713
    9   -0.38346935065385
   10   -0.37108616026916
   11   -0.32050474427366
   12   -0.30777124280408
   13   -0.29952330598432
   14   -0.29320812493138
   15   -0.28464834826236
   16   -0.27742218296883
   17   -0.24834617755268
   18   -0.23041083458629
   19   -0.12713677203466
   20   -0.11900780915441
   21    0.00386755167443
   22    0.01414033583651
   23    1.10117442398918
   24    1.11015310035141
   25    1.27971791836306
   26    1.28942816065204
   27    2.92231827458243
   28    2.92835655519823

   kloop=168
   k1=   0.00000 k2=  -0.00000 k3=  -0.42857

    1   -4.02464530402186
    2   -4.00607935616432
    3   -2.61953251565029
    4   -2.61329897784623
    5   -2.54468045039009
    6   -2.53710190217037
    7   -2.53104569536862
    8   -2.52494132964960
    9   -0.40175991840667
   10   -0.39154010298731
   11   -0.31081312987218
   12   -0.30733336417480
   13   -0.29506982866466
   14   -0.29064350585170
   15   -0.24948366806570
   16   -0.24855320628788
   17   -0.24580144153174
   18   -0.24182229843325
   19   -0.23029238998868
   20   -0.22862837985261
   21    0.06923575623304
   22    0.07855074576571
   23    1.37620328239166
   24    1.38173186652279
   25    1.40553572266828
   26    1.41108427374327
   27    3.04033923235168
   28    3.04918550706238

   kloop=169
   k1=   0.00000 k2=  -0.00000 k3=  -0.28571

    1   -4.02498360072153
    2   -4.00642343774939
    3   -2.61861096526996
    4   -2.61240063061523
    5   -2.54351368502765
    6   -2.53605375946788
    7   -2.52991017802565
    8   -2.52420810636293
    9   -0.45508821346542
   10   -0.45275827311738
   11   -0.32044937948348
   12   -0.30531867398282
   13   -0.30385707910116
   14   -0.30149349738919
   15   -0.28824685124442
   16   -0.28314355626865
   17   -0.26315239148825
   18   -0.26115712551415
   19   -0.24704489207769
   20   -0.24507033915095
   21    0.57902488216405
   22    0.58696503785138
   23    1.40939819462836
   24    1.41496528444536
   25    1.43869653351115
   26    1.44428420912066
   27    3.23680582424561
   28    3.24190892261578

   kloop=170
   k1=   0.00000 k2=  -0.00000 k3=  -0.14286

    1   -4.02540813362932
    2   -4.00685376856068
    3   -2.61748325289243
    4   -2.61128438982222
    5   -2.54212961642489
    6   -2.53474437401119
    7   -2.52853182340541
    8   -2.52309931000548
    9   -0.52687387831816
   10   -0.52588591968963
   11   -0.31655249211865
   12   -0.30668635559158
   13   -0.30385639713882
   14   -0.29748216710409
   15   -0.28800279209854
   16   -0.28360190680975
   17   -0.27017931473116
   18   -0.26900469401552
   19   -0.25698772772014
   20   -0.25563890455807
   21    1.22030438634148
   22    1.22975772380396
   23    1.45009020285095
   24    1.45562298444028
   25    1.47852254545957
   26    1.48414340821533
   27    5.56067231263087
   28    5.56330118979225

   kloop=171
   k1=   0.00000 k2=  -0.00000 k3=   0.00000

    1   -4.02559782251078
    2   -4.00704557012875
    3   -2.61698693368607
    4   -2.61078734043892
    5   -2.54154489550684
    6   -2.53414904610977
    7   -2.52795399206511
    8   -2.52252019110573
    9   -0.55337720183108
   10   -0.55252349696722
   11   -0.31203049757218
   12   -0.31042932379511
   13   -0.30860933916745
   14   -0.29397497783797
   15   -0.29059172777979
   16   -0.28835462024039
   17   -0.26819174805864
   18   -0.26795496774649
   19   -0.25493577979542
   20   -0.25468761323419
   21    1.45236909034953
   22    1.45572990437631
   23    1.49299298012893
   24    1.49707189189508
   25    1.50041125730526
   26    1.50342920191881
   27    7.51452247171106
   28    7.51781192070570

   kloop=172
   k1=   0.00000 k2=  -0.00000 k3=   0.14286

    1   -4.02540812362820
    2   -4.00685375855685
    3   -2.61748327841311
    4   -2.61128441563980
    5   -2.54212964984060
    6   -2.53474440438668
    7   -2.52853185442268
    8   -2.52309933910092
    9   -0.52687241560830
   10   -0.52588444736353
   11   -0.31655278124021
   12   -0.30668616541578
   13   -0.30385617462458
   14   -0.29748246520643
   15   -0.28800262354155
   16   -0.28360167103654
   17   -0.27017935795141
   18   -0.26900468882356
   19   -0.25698774983899
   20   -0.25563886731707
   21    1.22029121192162
   22    1.22974451764644
   23    1.45008919794302
   24    1.45562198647363
   25    1.47852162418151
   26    1.48414248746726
   27    5.56057748597081
   28    5.56320637752329

   kloop=173
   k1=   0.00000 k2=  -0.00000 k3=   0.28572

    1   -4.02498358846018
    2   -4.00642342529976
    3   -2.61861099832281
    4   -2.61240066333457
    5   -2.54351372645305
    6   -2.53605379699607
    7   -2.52991021869653
    8   -2.52420813422785
    9   -0.45508591818370
   10   -0.45275587131585
   11   -0.32044898036475
   12   -0.30531880377411
   13   -0.30385682734027
   14   -0.30149363287392
   15   -0.28824703935022
   16   -0.28314376863893
   17   -0.26315194782379
   18   -0.26115668493060
   19   -0.24704436725844
   20   -0.24506982898779
   21    0.57900557181859
   22    0.58694570642186
   23    1.40939702132084
   24    1.41496410952774
   25    1.43869536318403
   26    1.44428303758919
   27    3.23678000508448
   28    3.24188319834459

   kloop=174
   k1=   0.00000 k2=  -0.00000 k3=   0.42857

    1   -4.02464529836198
    2   -4.00607935066814
    3   -2.61953253047532
    4   -2.61329899237859
    5   -2.54468047032908
    6   -2.53710191944611
    7   -2.53104571406151
    8   -2.52494133961768
    9   -0.40175944046827
   10   -0.39153944942330
   11   -0.31081323985385
   12   -0.30733347789528
   13   -0.29506995338997
   14   -0.29064363987909
   15   -0.24948136294657
   16   -0.24855198855109
   17   -0.24580056976613
   18   -0.24181933106356
   19   -0.23029208243040
   20   -0.22862806680883
   21    0.06922678411074
   22    0.07854189820156
   23    1.37620273691264
   24    1.38173132100304
   25    1.40553517697923
   26    1.41108372763983
   27    3.04034468266605
   28    3.04919106345165

   kloop=175
   k1=   0.00000 k2=   0.14286 k3=  -0.42857

    1   -4.02451988930073
    2   -4.00595287281004
    3   -2.61981896253545
    4   -2.61356489507817
    5   -2.54507262376894
    6   -2.53740136210654
    7   -2.53135788917732
    8   -2.52549773235692
    9   -0.38347001228036
   10   -0.37108691964330
   11   -0.32050420102468
   12   -0.30777063431863
   13   -0.29952358336754
   14   -0.29320749274417
   15   -0.28464864092501
   16   -0.27742169812565
   17   -0.24834645611804
   18   -0.23041112381911
   19   -0.12714251068387
   20   -0.11901330990217
   21    0.00387236234057
   22    0.01414500644897
   23    1.10118224113968
   24    1.11016095230276
   25    1.27972602046294
   26    1.28943628850751
   27    2.92232450184994
   28    2.92836288775779

   kloop=176
   k1=   0.00000 k2=   0.14286 k3=  -0.28571

    1   -4.02474496221632
    2   -4.00618171881948
    3   -2.61919634163800
    4   -2.61301923922848
    5   -2.54421918841339
    6   -2.53673519162051
    7   -2.53080477041180
    8   -2.52484493358483
    9   -0.41121204549682
   10   -0.40668712926961
   11   -0.32535296345018
   12   -0.31168442141914
   13   -0.30894641180178
   14   -0.29826432092428
   15   -0.29318400863575
   16   -0.28044362915556
   17   -0.26816633963737
   18   -0.25096199768918
   19   -0.22549927215561
   20   -0.21000748977133
   21    0.41306979661301
   22    0.42095192891513
   23    1.04350617177459
   24    1.05235013775343
   25    1.43365382665863
   26    1.44385719022905
   27    2.87331367138875
   28    2.87812226618480

   kloop=177
   k1=   0.00000 k2=   0.14286 k3=  -0.14286

    1   -4.02514025941569
    2   -4.00658265598838
    3   -2.61815752460568
    4   -2.61200612454522
    5   -2.54289908620903
    6   -2.53557422521207
    7   -2.52953334688560
    8   -2.52378061848800
    9   -0.48500618472831
   10   -0.48367520920224
   11   -0.32590973175330
   12   -0.30740252954386
   13   -0.30279221579460
   14   -0.29549497297421
   15   -0.28566685908325
   16   -0.27887676914847
   17   -0.27563220940398
   18   -0.26694994502942
   19   -0.25681723607670
   20   -0.24230555937014
   21    1.03686653335746
   22    1.04606604233616
   23    1.13464622283343
   24    1.14349131309654
   25    1.52691182004602
   26    1.53732866878990
   27    3.98664573419154
   28    3.98957812398015

   kloop=178
   k1=   0.00000 k2=   0.14286 k3=   0.00000

    1   -4.02540813400969
    2   -4.00685376779045
    3   -2.61748253335361
    4   -2.61128530714483
    5   -2.54213473497043
    6   -2.53472242055199
    7   -2.52855933664443
    8   -2.52308843337442
    9   -0.52687409406328
   10   -0.52588561412517
   11   -0.31654995898423
   12   -0.30667659652874
   13   -0.30391359970146
   14   -0.29736098927122
   15   -0.28825084632197
   16   -0.28339685415592
   17   -0.27009143826060
   18   -0.26915233798123
   19   -0.25686717015118
   20   -0.25573306866564
   21    1.22030398332656
   22    1.22975548280486
   23    1.45006924434824
   24    1.45565870827052
   25    1.47848101611069
   26    1.48417343951898
   27    5.56067192801776
   28    5.56330114646246

   kloop=179
   k1=   0.00000 k2=   0.14286 k3=   0.14286

    1   -4.02534505880642
    2   -4.00678999870755
    3   -2.61768250344377
    4   -2.61141252255427
    5   -2.54245021662606
    6   -2.53484129044254
    7   -2.52855961480461
    8   -2.52343382389535
    9   -0.51865579743590
   10   -0.51765083286848
   11   -0.32291887016523
   12   -0.30504976645750
   13   -0.30021763572817
   14   -0.29938703442156
   15   -0.28267103610992
   16   -0.28028004201129
   17   -0.27681574384365
   18   -0.26593593295853
   19   -0.26342481800857
   20   -0.25004394210512
   21    1.29739389049692
   22    1.29771182347062
   23    1.32885045850027
   24    1.32903903718659
   25    1.43208285532717
   26    1.44180263360984
   27    6.28134151385468
   28    6.28322276612929

   kloop=180
   k1=   0.00000 k2=   0.14286 k3=   0.28572

    1   -4.02499891886953
    2   -4.00643966248232
    3   -2.61860599206156
    4   -2.61228780346211
    5   -2.54361114674646
    6   -2.53588731984458
    7   -2.52951619329230
    8   -2.52450197699426
    9   -0.46233648661828
   10   -0.46065092854181
   11   -0.33389068426905
   12   -0.31641995762676
   13   -0.30207393741910
   14   -0.29309401368553
   15   -0.28544132689309
   16   -0.27458147613674
   17   -0.26963405633664
   18   -0.25673132916536
   19   -0.25238743554200
   20   -0.24112496484177
   21    0.85520768166725
   22    0.86371930644997
   23    1.19897301329731
   24    1.20845398126897
   25    1.38450886441767
   26    1.39400337377162
   27    4.20463054394835
   28    4.20807934221689

   kloop=181
   k1=   0.00000 k2=   0.14286 k3=   0.42857

    1   -4.02463208307638
    2   -4.00606717308982
    3   -2.61955984559058
    4   -2.61324564673231
    5   -2.54478705185664
    6   -2.53704191808386
    7   -2.53077080404868
    8   -2.52536765221565
    9   -0.39527038910495
   10   -0.38725022138407
   11   -0.32419966788457
   12   -0.31279225050588
   13   -0.31119925180668
   14   -0.29822850883400
   15   -0.29272703941460
   16   -0.28024346673579
   17   -0.24514884972103
   18   -0.22801199930211
   19   -0.21384925599613
   20   -0.19943499482347
   21    0.23375718219138
   22    0.24160862700900
   23    1.18446025236070
   24    1.19354334585639
   25    1.25205042843190
   26    1.26097124696300
   27    3.07729243380034
   28    3.08299074148371

   kloop=182
   k1=   0.00000 k2=   0.28571 k3=  -0.42857

    1   -4.02435168411559
    2   -4.00578357835568
    3   -2.62022123631896
    4   -2.61385058421976
    5   -2.54570730801035
    6   -2.53776305001245
    7   -2.53142641108208
    8   -2.52652195387084
    9   -0.36291223838208
   10   -0.34985342074495
   11   -0.34892144434226
   12   -0.33757791690063
   13   -0.30751199678608
   14   -0.29041000549788
   15   -0.27397500985587
   16   -0.25969817529761
   17   -0.24693339455006
   18   -0.22812782458729
   19   -0.01248309310803
   20   -0.00400556403136
   21    0.08319945799557
   22    0.09048676949012
   23    0.53560005232362
   24    0.54255134456057
   25    1.00771906466122
   26    1.01646740270195
   27    2.51698429258632
   28    2.51902308882290

   kloop=183
   k1=   0.00000 k2=   0.28571 k3=  -0.28571

    1   -4.02446456960927
    2   -4.00589762250051
    3   -2.61989026521823
    4   -2.61364684541652
    5   -2.54519012112395
    6   -2.53745087559487
    7   -2.53152400461430
    8   -2.52589728612488
    9   -0.36026871674187
   10   -0.35010631243411
   11   -0.33278907387420
   12   -0.32797843260434
   13   -0.32032331935772
   14   -0.31048608463467
   15   -0.28042234873761
   16   -0.26786476644296
   17   -0.26420755455879
   18   -0.24481115469961
   19   -0.13543434661542
   20   -0.12411755762644
   21    0.32929352618477
   22    0.33772710095940
   23    0.46640559000267
   24    0.47267216033616
   25    1.21569800520959
   26    1.22524033878164
   27    2.53858137372362
   28    2.54154996939188

   kloop=184
   k1=   0.00000 k2=   0.28571 k3=  -0.14286

    1   -4.02474496106842
    2   -4.00618171701584
    3   -2.61919485184912
    4   -2.61302115845991
    5   -2.54423157103667
    6   -2.53668136137191
    7   -2.53086827882019
    8   -2.52482244214071
    9   -0.41121290226152
   10   -0.40668589830914
   11   -0.32535332510371
   12   -0.31168919270117
   13   -0.30894257393515
   14   -0.29825963181124
   15   -0.29317818522801
   16   -0.28045728724279
   17   -0.26815953350546
   18   -0.25096480357630
   19   -0.22549901097803
   20   -0.21000768578132
   21    0.41306825598380
   22    0.42095214003450
   23    1.04350753862721
   24    1.05235132242141
   25    1.43365369988296
   26    1.44385736050760
   27    2.87331252501333
   28    2.87812230621888

   kloop=185
   k1=   0.00000 k2=   0.28571 k3=   0.00000

    1   -4.02498360045495
    2   -4.00642343538148
    3   -2.61860874973985
    4   -2.61240347479398
    5   -2.54353075175279
    6   -2.53598013255665
    7   -2.52999949049767
    8   -2.52417472108781
    9   -0.45508924238147
   10   -0.45275696049606
   11   -0.32044835586266
   12   -0.30533334400784
   13   -0.30385393360436
   14   -0.30147687164946
   15   -0.28823878861741
   16   -0.28315572442113
   17   -0.26317826914225
   18   -0.26112814931606
   19   -0.24705683786983
   20   -0.24506390267480
   21    0.57902374825541
   22    0.58696488303252
   23    1.40936786410542
   24    1.41501219228088
   25    1.43865037306182
   26    1.44431711579263
   27    3.23680558641664
   28    3.24190767712858

   kloop=186
   k1=   0.00000 k2=   0.28571 k3=   0.14286

    1   -4.02499892510044
    2   -4.00643966705026
    3   -2.61860441926705
    4   -2.61228978655451
    5   -2.54362182434856
    6   -2.53583932320270
    7   -2.52958000544981
    8   -2.52447496398913
    9   -0.46233847132845
   10   -0.46065150021056
   11   -0.33389030537089
   12   -0.31642388415210
   13   -0.30207209510600
   14   -0.29306174076999
   15   -0.28548566746368
   16   -0.27453450153525
   17   -0.26967550623762
   18   -0.25668422943971
   19   -0.25243159425556
   20   -0.24112058127012
   21    0.85522752469704
   22    0.86373943648116
   23    1.19896926807921
   24    1.20845051729314
   25    1.38450695189747
   26    1.39400167637374
   27    4.20471706125186
   28    4.20816335940286

   kloop=187
   k1=   0.00000 k2=   0.28571 k3=   0.28572

    1   -4.02477889297111
    2   -4.00621813113779
    3   -2.61922624347274
    4   -2.61279918095295
    5   -2.54446139556586
    6   -2.53642476361466
    7   -2.52989256479921
    8   -2.52540293371764
    9   -0.43143304675578
   10   -0.42892543419639
   11   -0.34981456828752
   12   -0.33256045723422
   13   -0.28912651187316
   14   -0.27910079485492
   15   -0.27183950530138
   16   -0.27081882487996
   17   -0.25436764649674
   18   -0.25195431098820
   19   -0.24975451783797
   20   -0.23890698048470
   21    0.99015676515523
   22    0.99040051705862
   23    1.01702145534428
   24    1.01714920923754
   25    1.13000997352674
   26    1.13796251799809
   27    5.77638439870011
   28    5.77840286748943

   kloop=188
   k1=   0.00000 k2=   0.28571 k3=   0.42857

    1   -4.02449111837174
    2   -4.00592628607824
    3   -2.61994800641548
    4   -2.61349315663703
    5   -2.54539512261916
    6   -2.53730985910032
    7   -2.53070370466346
    8   -2.52627213154251
    9   -0.38772991451862
   10   -0.38115699805866
   11   -0.35712235294722
   12   -0.34086068506690
   13   -0.29448158618385
   14   -0.27978614905447
   15   -0.26807237526255
   16   -0.25201137576445
   17   -0.24351314008461
   18   -0.22660893471692
   19   -0.20046873094289
   20   -0.18713768851558
   21    0.53302229158529
   22    0.54034437667415
   23    0.81958123542968
   24    0.82677542884760
   25    0.93156675777666
   26    0.93994698308344
   27    3.20014835335061
   28    3.20339437579188

   kloop=189
   k1=   0.00000 k2=   0.42857 k3=  -0.42857

    1   -4.02426652352847
    2   -4.00569868450454
    3   -2.62051058953649
    4   -2.61400071904843
    5   -2.54617023808456
    6   -2.53792842938154
    7   -2.53123087791705
    8   -2.52706436443273
    9   -0.38208422433584
   10   -0.37307991393334
   11   -0.36727147040542
   12   -0.35111455100345
   13   -0.26688359158994
   14   -0.25109619276132
   15   -0.24785178230427
   16   -0.24245594718170
   17   -0.23638771654782
   18   -0.22216641695492
   19   -0.01279452459516
   20   -0.00662182494154
   21    0.20276274374142
   22    0.20901911925407
   23    0.43040269082293
   24    0.43701593475481
   25    0.82588152766531
   26    0.83372040986064
   27    2.83630707703240
   28    2.83904469233127

   kloop=190
   k1=   0.00000 k2=   0.42857 k3=  -0.28571

    1   -4.02435168315793
    2   -4.00578357704282
    3   -2.62022006736306
    4   -2.61385210207967
    5   -2.54571602407187
    6   -2.53772311552880
    7   -2.53148037448770
    8   -2.52649885531018
    9   -0.36291364557661
   10   -0.34983792594525
   11   -0.34893707842829
   12   -0.33757760680987
   13   -0.30751132577879
   14   -0.29040584026181
   15   -0.27397663854786
   16   -0.25969674711181
   17   -0.24693468174456
   18   -0.22812907656602
   19   -0.01248441798519
   20   -0.00400594474079
   21    0.08319978151922
   22    0.09048620080141
   23    0.53560130356374
   24    0.54255158773702
   25    1.00771904432030
   26    1.01646750251569
   27    2.51698286590937
   28    2.51902384760606

   kloop=191
   k1=   0.00000 k2=   0.42857 k3=  -0.14286

    1   -4.02451988801291
    2   -4.00595286986882
    3   -2.61981635594908
    4   -2.61356827197128
    5   -2.54509376028505
    6   -2.53730743220803
    7   -2.53147056819325
    8   -2.52545707015082
    9   -0.38347152917742
   10   -0.37108565292823
   11   -0.32050400392356
   12   -0.30777445007278
   13   -0.29949807315615
   14   -0.29322768285502
   15   -0.28464745071086
   16   -0.27742002862701
   17   -0.24834891203422
   18   -0.23041218708110
   19   -0.12714159234830
   20   -0.11901532121955
   21    0.00387012724215
   22    0.01414667056138
   23    1.10118313485512
   24    1.11016263396159
   25    1.27972552103428
   26    1.28943687388900
   27    2.92232196068782
   28    2.92836301309911

   kloop=192
   k1=   0.00000 k2=   0.42857 k3=   0.00000

    1   -4.02464530349830
    2   -4.00607935226535
    3   -2.61952921768176
    4   -2.61330323766342
    5   -2.54470689213348
    6   -2.53698635422758
    7   -2.53118094296807
    8   -2.52489421936114
    9   -0.40176172822645
   10   -0.39153814867101
   11   -0.31082718523418
   12   -0.30731264961151
   13   -0.29504824711624
   14   -0.29066777164937
   15   -0.24977189712820
   16   -0.24803153805367
   17   -0.24603622938722
   18   -0.24184409689959
   19   -0.23021911216757
   20   -0.22868300052655
   21    0.06923442846675
   22    0.07855162064436
   23    1.37617257928807
   24    1.38177890701433
   25    1.40549012002113
   26    1.41111691344979
   27    3.04033809786796
   28    3.04918335519733

   kloop=193
   k1=   0.00000 k2=   0.42857 k3=   0.14286

    1   -4.02463208627273
    2   -4.00606717427689
    3   -2.61955716673891
    4   -2.61324908230739
    5   -2.54480701369901
    6   -2.53695270572571
    7   -2.53088359537071
    8   -2.52532327924721
    9   -0.39527297552078
   10   -0.38724944608590
   11   -0.32419659734193
   12   -0.31285960470970
   13   -0.31113355584358
   14   -0.29821722456731
   15   -0.29273432523799
   16   -0.28024662394090
   17   -0.24514662080712
   18   -0.22801775858759
   19   -0.21385153337942
   20   -0.19943667175134
   21    0.23377127594386
   22    0.24162325547836
   23    1.18445173788693
   24    1.19353945176625
   25    1.25204514128981
   26    1.26097069732353
   27    3.07730010228356
   28    3.08299691978754

   kloop=194
   k1=   0.00000 k2=   0.42857 k3=   0.28572

    1   -4.02449111877756
    2   -4.00592628652628
    3   -2.61994678918772
    4   -2.61349472439829
    5   -2.54540311047782
    6   -2.53727268785042
    7   -2.53075793685326
    8   -2.52624670598819
    9   -0.38773173699403
   10   -0.38115764197589
   11   -0.35712276241366
   12   -0.34086165852735
   13   -0.29447864333450
   14   -0.27977564450787
   15   -0.26807928032776
   16   -0.25201383174409
   17   -0.24350384894172
   18   -0.22661555627221
   19   -0.20047290739249
   20   -0.18714012270124
   21    0.53304247689891
   22    0.54036404555217
   23    0.81957907642258
   24    0.82677288250796
   25    0.93156219176503
   26    0.93994289783016
   27    3.20019166757580
   28    3.20343667731721

   kloop=195
   k1=   0.00000 k2=   0.42857 k3=   0.42857

    1   -4.02432916529826
    2   -4.00576376160207
    3   -2.62041258593042
    4   -2.61386254459798
    5   -2.54604762962120
    6   -2.53772029830717
    7   -2.53093711876294
    8   -2.52690090893997
    9   -0.39193989152485
   10   -0.38400606628181
   11   -0.37023457974220
   12   -0.35380423059252
   13   -0.24619039480060
   14   -0.24454120786108
   15   -0.24277718787403
   16   -0.23106333216853
   17   -0.22368025893296
   18   -0.22115641429195
   19   -0.15807254807868
   20   -0.15347425593339
   21    0.39274758471118
   22    0.39892402042500
   23    0.79131341307078
   24    0.79150058838197
   25    0.81402173410757
   26    0.81410930074799
   27    3.60773238142836
   28    3.61151622229025

   kloop=196
   k1=   0.14286 k2=  -0.42857 k3=  -0.42857

    1   -4.02426645917817
    2   -4.00569875029043
    3   -2.62051134037026
    4   -2.61400158095485
    5   -2.54617679238039
    6   -2.53791687542139
    7   -2.53125653974706
    8   -2.52703494104496
    9   -0.38235567714684
   10   -0.37350327919202
   11   -0.36709058017641
   12   -0.35079533007056
   13   -0.26761383760287
   14   -0.25141464980212
   15   -0.24928887617129
   16   -0.24189016286599
   17   -0.23656136310461
   18   -0.21966695974510
   19   -0.01284720614976
   20   -0.00690442413231
   21    0.20279042215348
   22    0.20893616856420
   23    0.43054742065573
   24    0.43717820003544
   25    0.82543950816971
   26    0.83337737133574
   27    2.83621197085595
   28    2.83874810553838

   kloop=197
   k1=   0.14286 k2=  -0.42857 k3=  -0.28571

    1   -4.02431728757606
    2   -4.00574948869696
    3   -2.62028797591116
    4   -2.61394041913722
    5   -2.54573831974351
    6   -2.53796215736359
    7   -2.53145970983034
    8   -2.52664937433127
    9   -0.37295889027027
   10   -0.36422873805155
   11   -0.35820449989250
   12   -0.34160184349721
   13   -0.29724621617237
   14   -0.28043361615902
   15   -0.25708523454790
   16   -0.24517465408466
   17   -0.24273048784424
   18   -0.22314024354168
   19   -0.07558985136233
   20   -0.06741734119608
   21    0.43569555465456
   22    0.44153208240666
   23    0.49256473581801
   24    0.50012075332291
   25    0.54926622205874
   26    0.55559985458148
   27    2.49755680717832
   28    2.50019728123453

   kloop=198
   k1=   0.14286 k2=  -0.42857 k3=  -0.14286

    1   -4.02442989971070
    2   -4.00586265080649
    3   -2.61994992880299
    4   -2.61377123174685
    5   -2.54513660440260
    6   -2.53779824166122
    7   -2.53159099998546
    8   -2.52593379474069
    9   -0.36299777214273
   10   -0.35129590888177
   11   -0.33878786534338
   12   -0.32722539986870
   13   -0.32186054331869
   14   -0.30469588546479
   15   -0.27966564351022
   16   -0.26589385184825
   17   -0.25061433041731
   18   -0.23171546474554
   19   -0.11182907272429
   20   -0.10159296452430
   21    0.17215951226195
   22    0.17978358728010
   23    0.76428683917402
   24    0.77195268754667
   25    0.96466451776988
   26    0.97316013501580
   27    2.48380443285760
   28    2.48674506265566

   kloop=199
   k1=   0.14286 k2=  -0.42857 k3=   0.00000

    1   -4.02451988405719
    2   -4.00595286546276
    3   -2.61976952255634
    4   -2.61362778317557
    5   -2.54488626358834
    6   -2.53751609695764
    7   -2.53159144317072
    8   -2.52532240013510
    9   -0.38346933561322
   10   -0.37108528382532
   11   -0.32045803437277
   12   -0.30795663636696
   13   -0.29960028298139
   14   -0.29244573882689
   15   -0.28546912318402
   16   -0.27714922775089
   17   -0.24834357723292
   18   -0.23041195071702
   19   -0.12713372558598
   20   -0.11901360896584
   21    0.00386454786062
   22    0.01414111505564
   23    1.10117702585636
   24    1.11015845619923
   25    1.27972190218932
   26    1.28943577390850
   27    2.92232346087576
   28    2.92836043548219

   kloop=200
   k1=   0.14286 k2=  -0.42857 k3=   0.14286

    1   -4.02451997793515
    2   -4.00595300885891
    3   -2.61981735681746
    4   -2.61356950599440
    5   -2.54510105532947
    6   -2.53729566322330
    7   -2.53148748540063
    8   -2.52543570605900
    9   -0.38348163170185
   10   -0.37099339845025
   11   -0.32103517351021
   12   -0.30892280262665
   13   -0.29884385940701
   14   -0.29366179084440
   15   -0.28265473542816
   16   -0.27920732303907
   17   -0.24810769571618
   18   -0.22993205262045
   19   -0.12704523114530
   20   -0.11842415309330
   21    0.00385942005877
   22    0.01389577446035
   23    1.10175555794308
   24    1.11067404967463
   25    1.27909262021386
   26    1.28889839539011
   27    2.92221227600437
   28    2.92805389964521

   kloop=201
   k1=   0.14286 k2=  -0.42857 k3=   0.28572

    1   -4.02443007501966
    2   -4.00586295745912
    3   -2.62005677722447
    4   -2.61364206246752
    5   -2.54559411785958
    6   -2.53735518681469
    7   -2.53127262338677
    8   -2.52624598391921
    9   -0.36276655712627
   10   -0.35045832216124
   11   -0.33893621980088
   12   -0.32788674048606
   13   -0.32295832148539
   14   -0.30774782366780
   15   -0.27898575753630
   16   -0.26397483315497
   17   -0.25042814568274
   18   -0.23143506569895
   19   -0.11165090371601
   20   -0.10089033394203
   21    0.17221188241034
   22    0.17968191001592
   23    0.76483512027123
   24    0.77247547579795
   25    0.96414264004880
   26    0.97264969482813
   27    2.48361995868468
   28    2.48635440606446

   kloop=202
   k1=   0.14286 k2=  -0.42857 k3=   0.42857

    1   -4.02431739953590
    2   -4.00574971751672
    3   -2.62037239334033
    4   -2.61383897099994
    5   -2.54607616149837
    6   -2.53766155900531
    7   -2.53111107114968
    8   -2.52696737790799
    9   -0.37289738277600
   10   -0.36404757812190
   11   -0.35834245587974
   12   -0.34194662588383
   13   -0.29779965411262
   14   -0.28182259458972
   15   -0.25695958285220
   16   -0.24392811268416
   17   -0.24321523330017
   18   -0.22260988427306
   19   -0.07538344175446
   20   -0.06689000779752
   21    0.43591057272227
   22    0.44195975299473
   23    0.49253743860829
   24    0.50017916030706
   25    0.54911082769259
   26    0.55530852910904
   27    2.49742791054886
   28    2.50001317253376

   kloop=203
   k1=   0.14286 k2=  -0.28572 k3=  -0.42857

    1   -4.02431729249547
    2   -4.00574948971386
    3   -2.62036934247292
    4   -2.61383623620459
    5   -2.54606649532890
    6   -2.53768352360544
    7   -2.53106416237494
    8   -2.52701820340834
    9   -0.37296018112277
   10   -0.36422423205429
   11   -0.35821050676129
   12   -0.34159717112116
   13   -0.29725323286715
   14   -0.28047035177662
   15   -0.25709494722515
   16   -0.24407872856439
   17   -0.24378963563852
   18   -0.22312175511396
   19   -0.07559919615493
   20   -0.06741563656149
   21    0.43564166734909
   22    0.44159728112002
   23    0.49249907298098
   24    0.50019814046306
   25    0.54927493263016
   26    0.55559019813454
   27    2.49757516860866
   28    2.50021606810658

   kloop=204
   k1=   0.14286 k2=  -0.28572 k3=  -0.28571

    1   -4.02449097671611
    2   -4.00592614684417
    3   -2.61994467784380
    4   -2.61349303168628
    5   -2.54539961167742
    6   -2.53728284568618
    7   -2.53073983767342
    8   -2.52626543581945
    9   -0.38810180324750
   10   -0.38181605681998
   11   -0.35665351254549
   12   -0.33977510942785
   13   -0.29472751051273
   14   -0.28070636068535
   15   -0.26736007251814
   16   -0.24988016932777
   17   -0.24335669274875
   18   -0.22643473318433
   19   -0.20113637106137
   20   -0.18902883536320
   21    0.53305410600027
   22    0.54034934811193
   23    0.81973766622272
   24    0.82694329026550
   25    0.93109014692985
   26    0.93959943098407
   27    3.20019113995200
   28    3.20314039595005

   kloop=205
   k1=   0.14286 k2=  -0.28572 k3=  -0.14286

    1   -4.02468213757020
    2   -4.00611889108962
    3   -2.61940352752402
    4   -2.61307818514936
    5   -2.54459272943871
    6   -2.53689692306574
    7   -2.53041739273508
    8   -2.52548140930113
    9   -0.40431939219148
   10   -0.40067967015930
   11   -0.34303775847680
   12   -0.32556627599395
   13   -0.31479017915584
   14   -0.30015102497087
   15   -0.27179741614106
   16   -0.27057915810731
   17   -0.25762700473178
   18   -0.25166897914007
   19   -0.22228146220305
   20   -0.20692462540020
   21    0.67767548976736
   22    0.68619631098201
   23    0.78668698862720
   24    0.79407275214511
   25    1.20711948878905
   26    1.21600830101684
   27    3.12151829000568
   28    3.12529951045842

   kloop=206
   k1=   0.14286 k2=  -0.28572 k3=   0.00000

    1   -4.02474495106332
    2   -4.00618170413011
    3   -2.61923404152343
    4   -2.61297159669874
    5   -2.54433055424330
    6   -2.53677243635084
    7   -2.53046494875236
    8   -2.52504629195184
    9   -0.41120872322088
   10   -0.40668407154253
   11   -0.32535251467440
   12   -0.31180717894149
   13   -0.30880925099902
   14   -0.29814331410579
   15   -0.29336468733497
   16   -0.28043696867685
   17   -0.26812302710614
   18   -0.25095745496318
   19   -0.22550873798064
   20   -0.21000447022356
   21    0.41305272009942
   22    0.42093470586253
   23    1.04349719676926
   24    1.05234541081828
   25    1.43365021517519
   26    1.44385818873880
   27    2.87330510899553
   28    2.87810508952853

   kloop=207
   k1=   0.14286 k2=  -0.28572 k3=   0.14286

    1   -4.02463186305623
    2   -4.00606696989473
    3   -2.61955546008472
    4   -2.61324779254569
    5   -2.54480322002450
    6   -2.53696296499860
    7   -2.53086886535547
    8   -2.52533876641976
    9   -0.39556739844491
   10   -0.38787857356919
   11   -0.32344868703555
   12   -0.31248530594081
   13   -0.30989858107217
   14   -0.29884673394499
   15   -0.29330751086086
   16   -0.27810458809994
   17   -0.24501687964979
   18   -0.22790548332279
   19   -0.21461599491249
   20   -0.20143155291620
   21    0.23371095548734
   22    0.24169085689772
   23    1.18390770869812
   24    1.19312356458661
   25    1.25249322795847
   26    1.26143834804349
   27    3.07738090795149
   28    3.08277602337269

   kloop=208
   k1=   0.14286 k2=  -0.28572 k3=   0.28572

    1   -4.02442986506613
    2   -4.00586267003049
    3   -2.62005398466109
    4   -2.61363954261622
    5   -2.54558389691433
    6   -2.53737768336088
    7   -2.53123388337589
    8   -2.52628871076686
    9   -0.36332532776107
   10   -0.35205572487162
   11   -0.33827543232740
   12   -0.32580040237506
   13   -0.32228705220923
   14   -0.30675579159345
   15   -0.27915833673254
   16   -0.26449492701003
   17   -0.25047553107181
   18   -0.23162289266611
   19   -0.11203150523453
   20   -0.10209797665007
   21    0.17213790551254
   22    0.17985711449674
   23    0.76428893832969
   24    0.77203521449713
   25    0.96466203536093
   26    0.97314244039718
   27    2.48375670163087
   28    2.48648670767658

   kloop=209
   k1=   0.14286 k2=  -0.28572 k3=   0.42857

    1   -4.02429098435713
    2   -4.00572205886913
    3   -2.62039041818849
    4   -2.61387921034476
    5   -2.54612176454819
    6   -2.53773218588666
    7   -2.53124168370386
    8   -2.52711466035673
    9   -0.35672088353407
   10   -0.34698002406752
   11   -0.34544680598560
   12   -0.32987081782633
   13   -0.32029128290296
   14   -0.30319717456150
   15   -0.26955426901413
   16   -0.25664276063217
   17   -0.24437564661759
   18   -0.22360137887518
   19    0.09504044726925
   20    0.10213439966296
   21    0.16325983472055
   22    0.17108305503526
   23    0.30969499991901
   24    0.31573088439265
   25    0.67680964571003
   26    0.68434508539321
   27    2.20112661367437
   28    2.20270665135344

   kloop=210
   k1=   0.14286 k2=  -0.14286 k3=  -0.42857

    1   -4.02442990432634
    2   -4.00586265388753
    3   -2.62005486875358
    4   -2.61363745226240
    5   -2.54557092105901
    6   -2.53742478263860
    7   -2.53116644151593
    8   -2.52632634195309
    9   -0.36299979551925
   10   -0.35129577957430
   11   -0.33877749610235
   12   -0.32728334804171
   13   -0.32179589531310
   14   -0.30474316574113
   15   -0.27960156865372
   16   -0.26594220236349
   17   -0.25059316280522
   18   -0.23171996167342
   19   -0.11183933097533
   20   -0.10159095273213
   21    0.17217406847569
   22    0.17979849687100
   23    0.76427947886463
   24    0.77194274517796
   25    0.96465673355858
   26    0.97315094760717
   27    2.48380280854009
   28    2.48674163350692

   kloop=211
   k1=   0.14286 k2=  -0.14286 k3=  -0.28571

    1   -4.02468214197799
    2   -4.00611889591652
    3   -2.61942420295429
    4   -2.61305170745599
    5   -2.54470916114180
    6   -2.53670848712969
    7   -2.53047035552129
    8   -2.52550619453452
    9   -0.40432153199657
   10   -0.40068044253226
   11   -0.34303105866940
   12   -0.32557426834615
   13   -0.31482852984744
   14   -0.30008735820672
   15   -0.27187252004342
   16   -0.27052645599886
   17   -0.25767669388197
   18   -0.25160598131690
   19   -0.22230910445560
   20   -0.20691250274703
   21    0.67767953701190
   22    0.68622032784796
   23    0.78669065399046
   24    0.79407529376563
   25    1.20711636289786
   26    1.21600319921896
   27    3.12154839874295
   28    3.12533588286749

   kloop=212
   k1=   0.14286 k2=  -0.14286 k3=  -0.14286

    1   -4.02499870924825
    2   -4.00643943429760
    3   -2.61860209241599
    4   -2.61228770634862
    5   -2.54361429298616
    6   -2.53585545455195
    7   -2.52955371853155
    8   -2.52450396705891
    9   -0.46233105704453
   10   -0.46068383991486
   11   -0.33347856581154
   12   -0.31536277000231
   13   -0.30246976774859
   14   -0.29238519790752
   15   -0.28620467837166
   16   -0.27235041770468
   17   -0.26998503021908
   18   -0.25712410449811
   19   -0.25421074412496
   20   -0.24174567439067
   21    0.85534909892264
   22    0.86382734971884
   23    1.19838957713103
   24    1.20798581193253
   25    1.38489811252660
   26    1.39440727453146
   27    4.20479892946873
   28    4.20818201758038

   kloop=213
   k1=   0.14286 k2=  -0.14286 k3=   0.00000

    1   -4.02514024834426
    2   -4.00658264149039
    3   -2.61821767666062
    4   -2.61192982331651
    5   -2.54312010418643
    6   -2.53548871125887
    7   -2.52913188672410
    8   -2.52406296503080
    9   -0.48500352055508
   10   -0.48367283164714
   11   -0.32593146804637
   12   -0.30729774024095
   13   -0.30249703047669
   14   -0.29650986883825
   15   -0.28387374527942
   16   -0.28019840385437
   17   -0.27566252568387
   18   -0.26666119073746
   19   -0.25691889526307
   20   -0.24229639991116
   21    1.03691310713656
   22    1.04596816190620
   23    1.13470868416759
   24    1.14342658752652
   25    1.52690867913279
   26    1.53733799321288
   27    3.98658314675920
   28    3.98950884501989

   kloop=214
   k1=   0.14286 k2=  -0.14286 k3=   0.14286

    1   -4.02499870178006
    2   -4.00643942689778
    3   -2.61860211394142
    4   -2.61228772123894
    5   -2.54361432671835
    6   -2.53585546725617
    7   -2.52955372894981
    8   -2.52450399979361
    9   -0.46232982345791
   10   -0.46068258510605
   11   -0.33347892159573
   12   -0.31536313262965
   13   -0.30246987280318
   14   -0.29238499556055
   15   -0.28620475975011
   16   -0.27235013654099
   17   -0.26998467287895
   18   -0.25712386043241
   19   -0.25421036532162
   20   -0.24174544126026
   21    0.85534368712542
   22    0.86382192243361
   23    1.19838526153894
   24    1.20798148750914
   25    1.38489384462688
   26    1.39440297833846
   27    4.20479298445032
   28    4.20817608493709

   kloop=215
   k1=   0.14286 k2=  -0.14286 k3=   0.28572

    1   -4.02468213297976
    2   -4.00611888620315
    3   -2.61942422910255
    4   -2.61305172543897
    5   -2.54470920199687
    6   -2.53670850391771
    7   -2.53047036831170
    8   -2.52550623599160
    9   -0.40431973974446
   10   -0.40067853993027
   11   -0.34303118666520
   12   -0.32557441686606
   13   -0.31482898946631
   14   -0.30008779539032
   15   -0.27187234782659
   16   -0.27052610203168
   17   -0.25767678682539
   18   -0.25160538997826
   19   -0.22230743650200
   20   -0.20691091265471
   21    0.67766948602038
   22    0.68621027533396
   23    0.78668057482952
   24    0.79406516040768
   25    1.20711007146378
   26    1.21599689398077
   27    3.12151540256333
   28    3.12530289113144

   kloop=216
   k1=   0.14286 k2=  -0.14286 k3=   0.42857

    1   -4.02442989997142
    2   -4.00586264962483
    3   -2.62005487927919
    4   -2.61363745972505
    5   -2.54557094005271
    6   -2.53742479003949
    7   -2.53116644646561
    8   -2.52632636111463
    9   -0.36299941544239
   10   -0.35129516515291
   11   -0.33877755994667
   12   -0.32728352973947
   13   -0.32179551611507
   14   -0.30474275741662
   15   -0.27960176898668
   16   -0.26594242099893
   17   -0.25059288171914
   18   -0.23171966785796
   19   -0.11183427152727
   20   -0.10158605943381
   21    0.17216290116143
   22    0.17978735792774
   23    0.76428218150134
   24    0.77194544710167
   25    0.96465062400208
   26    0.97314482951476
   27    2.48379590593925
   28    2.48673469734820

   kloop=217
   k1=   0.14286 k2=  -0.00000 k3=  -0.42857

    1   -4.02451988574967
    2   -4.00595286928004
    3   -2.61981896936239
    4   -2.61356490056768
    5   -2.54507263316860
    6   -2.53740136842688
    7   -2.53135789252003
    8   -2.52549775298707
    9   -0.38346943359112
   10   -0.37108630243069
   11   -0.32050461049120
   12   -0.30777109003850
   13   -0.29952330508154
   14   -0.29320833068733
   15   -0.28464838603672
   16   -0.27742244864999
   17   -0.24834655743643
   18   -0.23041121596394
   19   -0.12714020692401
   20   -0.11901097789061
   21    0.00387315509131
   22    0.01414575186786
   23    1.10117124097755
   24    1.11014991423175
   25    1.27972171153046
   26    1.28943197074387
   27    2.92231341964450
   28    2.92835168027784

   kloop=218
   k1=   0.14286 k2=  -0.00000 k3=  -0.28571

    1   -4.02474495811605
    2   -4.00618171486704
    3   -2.61919634949421
    4   -2.61301924854723
    5   -2.54421919663909
    6   -2.53673520454657
    7   -2.53080478239208
    8   -2.52484494748680
    9   -0.41121130844752
   10   -0.40668637254487
   11   -0.32535332308779
   12   -0.31168467869185
   13   -0.30894672926883
   14   -0.29826429731568
   15   -0.29318396533238
   16   -0.28044336080591
   17   -0.26816658011255
   18   -0.25096219299034
   19   -0.22549840869340
   20   -0.21000662834235
   21    0.41307179525034
   22    0.42095392663709
   23    1.04349402865914
   24    1.05233794730107
   25    1.43365196401654
   26    1.44385532267109
   27    2.87330447742111
   28    2.87811303266730

   kloop=219
   k1=   0.14286 k2=  -0.00000 k3=  -0.14286

    1   -4.02514025387892
    2   -4.00658265050230
    3   -2.61815753683698
    4   -2.61200614104057
    5   -2.54289909956120
    6   -2.53557424497577
    7   -2.52953336825974
    8   -2.52378062869178
    9   -0.48500528136560
   10   -0.48367429509839
   11   -0.32590986314939
   12   -0.30740267770350
   13   -0.30279225707450
   14   -0.29549480464196
   15   -0.28566693859918
   16   -0.27887687981831
   17   -0.27563204213734
   18   -0.26695006254412
   19   -0.25681695472192
   20   -0.24230521857380
   21    1.03686083771989
   22    1.04606033340578
   23    1.13464244119144
   24    1.14348752153514
   25    1.52691155464215
   26    1.53732840234380
   27    3.98661911588878
   28    3.98955152138960

   kloop=220
   k1=   0.14286 k2=  -0.00000 k3=   0.00000

    1   -4.02540812748006
    2   -4.00685376112935
    3   -2.61748254991051
    4   -2.61128532433981
    5   -2.54213475381106
    6   -2.53472244156128
    7   -2.52855935957958
    8   -2.52308845147599
    9   -0.52687311937312
   10   -0.52588463234534
   11   -0.31655013483141
   12   -0.30667647453225
   13   -0.30391345931366
   14   -0.29736118041884
   15   -0.28825073743924
   16   -0.28339670221460
   17   -0.27009150734965
   18   -0.26915230248204
   19   -0.25686714153221
   20   -0.25573308544195
   21    1.22029520621650
   22    1.22974668582628
   23    1.45006848368539
   24    1.45565809089766
   25    1.47848034511844
   26    1.48417290928479
   27    5.56060871441141
   28    5.56323794261749

   kloop=221
   k1=   0.14286 k2=  -0.00000 k3=   0.14286

    1   -4.02534505280339
    2   -4.00678999211829
    3   -2.61768252070263
    4   -2.61141253875603
    5   -2.54245024119944
    6   -2.53484130757355
    7   -2.52855963156615
    8   -2.52343384829292
    9   -0.51865485325843
   10   -0.51764988327265
   11   -0.32291920366765
   12   -0.30505003124817
   13   -0.30021739230384
   14   -0.29938676312131
   15   -0.28267094514570
   16   -0.28027983547821
   17   -0.27681571730224
   18   -0.26593618544968
   19   -0.26342471913562
   20   -0.25004384858685
   21    1.29738982418443
   22    1.29770777431252
   23    1.32884628375989
   24    1.32903488782342
   25    1.43208129290121
   26    1.44180105901651
   27    6.28132865365003
   28    6.28320989367399

   kloop=222
   k1=   0.14286 k2=  -0.00000 k3=   0.28572

    1   -4.02499891354714
    2   -4.00643965706766
    3   -2.61860600747455
    4   -2.61228781402531
    5   -2.54361117137934
    6   -2.53588732856653
    7   -2.52951620105653
    8   -2.52450200395963
    9   -0.46233568124451
   10   -0.46065011394710
   11   -0.33389110424251
   12   -0.31642036250346
   13   -0.30207390376383
   14   -0.29309368571889
   15   -0.28544131958610
   16   -0.27458114538477
   17   -0.26963388019363
   18   -0.25673117371929
   19   -0.25238720094860
   20   -0.24112486539796
   21    0.85520909047944
   22    0.86372072256444
   23    1.19896745702473
   24    1.20844840837520
   25    1.38450373104638
   26    1.39399820411161
   27    4.20465310109851
   28    4.20810188037171

   kloop=223
   k1=   0.14286 k2=  -0.00000 k3=   0.42857

    1   -4.02463207831395
    2   -4.00606716875343
    3   -2.61955985553913
    4   -2.61324565238590
    5   -2.54478706858029
    6   -2.53704192226043
    7   -2.53077080522663
    8   -2.52536767643547
    9   -0.39526980790235
   10   -0.38724962119060
   11   -0.32420048764462
   12   -0.31279285665170
   13   -0.31119956324141
   14   -0.29822833898379
   15   -0.29272697148179
   16   -0.28024309848279
   17   -0.24514876359043
   18   -0.22801188985746
   19   -0.21384813984723
   20   -0.19943394079304
   21    0.23375874044409
   22    0.24161017302522
   23    1.18445459837541
   24    1.19353765083374
   25    1.25204242523920
   26    1.26096318194532
   27    3.07729108666150
   28    3.08298932310669

   kloop=224
   k1=   0.14286 k2=   0.14286 k3=  -0.42857

    1   -4.02451997898545
    2   -4.00595301156113
    3   -2.61977386553189
    4   -2.61362468443000
    5   -2.54486765503085
    6   -2.53761479872179
    7   -2.53147897738913
    8   -2.52534679663367
    9   -0.38347840049013
   10   -0.37099540632486
   11   -0.32099088087508
   12   -0.30907565220565
   13   -0.29903405280455
   14   -0.29290600013884
   15   -0.28370576277048
   16   -0.27862145467334
   17   -0.24809984557366
   18   -0.22993365409970
   19   -0.12703788759053
   20   -0.11842302143233
   21    0.00385352613943
   22    0.01388853368058
   23    1.10176172323924
   24    1.11068081892624
   25    1.27909146443562
   26    1.28889891593164
   27    2.92222454802597
   28    2.92806450633031

   kloop=225
   k1=   0.14286 k2=   0.14286 k3=  -0.28571

    1   -4.02463187060639
    2   -4.00606698175651
    3   -2.61942281239852
    4   -2.61341568441900
    5   -2.54427537836372
    6   -2.53731226037061
    7   -2.53148787392148
    8   -2.52486288340797
    9   -0.39556772093112
   10   -0.38788214475500
   11   -0.32340941152958
   12   -0.31279327803645
   13   -0.30964502519980
   14   -0.29854080100525
   15   -0.29365276623610
   16   -0.27804655971139
   17   -0.24501145652932
   18   -0.22794979708417
   19   -0.21456538573215
   20   -0.20145459148556
   21    0.23372574807043
   22    0.24170335298581
   23    1.18397262651013
   24    1.19304486943549
   25    1.25258620295748
   26    1.26137581525768
   27    3.07739071416496
   28    3.08278673776944

   kloop=226
   k1=   0.14286 k2=   0.14286 k3=  -0.14286

    1   -4.02499871137847
    2   -4.00643944183501
    3   -2.61844399824692
    4   -2.61248784094227
    5   -2.54298074902131
    6   -2.53624724804057
    7   -2.53037401079852
    8   -2.52388324405457
    9   -0.46233324120081
   10   -0.46068501590909
   11   -0.33347165515901
   12   -0.31534436369040
   13   -0.30233311641260
   14   -0.29288653997001
   15   -0.28581239136942
   16   -0.27218987750004
   17   -0.27014901636848
   18   -0.25773759723426
   19   -0.25358466138006
   20   -0.24180868040851
   21    0.85535763922445
   22    0.86384996557184
   23    1.19839476387903
   24    1.20798174672145
   25    1.38491436443721
   26    1.39438659561189
   27    4.20484367234576
   28    4.20822843573860

   kloop=227
   k1=   0.14286 k2=   0.14286 k3=   0.00000

    1   -4.02534505933945
    2   -4.00679000184365
    3   -2.61758393355496
    4   -2.61153752634655
    5   -2.54204861780117
    6   -2.53510045561628
    7   -2.52907593035086
    8   -2.52303343355386
    9   -0.51865683363628
   10   -0.51765095377563
   11   -0.32288696206304
   12   -0.30514616929659
   13   -0.30170918378051
   14   -0.29708596754549
   15   -0.28524861508679
   16   -0.27870805552444
   17   -0.27627572467079
   18   -0.26626357566706
   19   -0.26340101453928
   20   -0.25001999412080
   21    1.29357292599725
   22    1.30310031469508
   23    1.32318604829799
   24    1.33314250198432
   25    1.43218332765158
   26    1.44170603794846
   27    6.28134858780414
   28    6.28322851738097

   kloop=228
   k1=   0.14286 k2=   0.14286 k3=   0.14286

    1   -4.02540846199874
    2   -4.00685412650216
    3   -2.61748649537420
    4   -2.61128721296330
    5   -2.54214303995324
    6   -2.53471739447101
    7   -2.52857188116167
    8   -2.52305444167856
    9   -0.52697173280291
   10   -0.52599837239950
   11   -0.31755323912315
   12   -0.30628477755079
   13   -0.30384932291739
   14   -0.29994939372645
   15   -0.28692474293111
   16   -0.28345519742971
   17   -0.27002598057593
   18   -0.26891169876201
   19   -0.25610366159056
   20   -0.25478337236085
   21    1.22124168235343
   22    1.23062131402798
   23    1.44951650528001
   24    1.45519143089426
   25    1.47790246974663
   26    1.48368461633574
   27    5.56007510291508
   28    5.56224323030790

   kloop=229
   k1=   0.14286 k2=   0.14286 k3=   0.28572

    1   -4.02514071989359
    2   -4.00658320454131
    3   -2.61822523455491
    4   -2.61193152886022
    5   -2.54312542970775
    6   -2.53551414921375
    7   -2.52911096681221
    8   -2.52402408621507
    9   -0.48516512781056
   10   -0.48383506100499
   11   -0.32674203250644
   12   -0.30950530412040
   13   -0.30294353205583
   14   -0.29592878569507
   15   -0.28523336293723
   16   -0.28011365637743
   17   -0.27407030401535
   18   -0.26649080824581
   19   -0.25639721402635
   20   -0.24020551330050
   21    1.03709240035873
   22    1.04615880674585
   23    1.13519852424783
   24    1.14380590317139
   25    1.52611244122079
   26    1.53659883716797
   27    3.98611594264900
   28    3.98861426948838

   kloop=230
   k1=   0.14286 k2=   0.14286 k3=   0.42857

    1   -4.02474533538183
    2   -4.00618218662195
    3   -2.61924166789350
    4   -2.61297104516954
    5   -2.54432451825478
    6   -2.53684181575565
    7   -2.53038540954590
    8   -2.52503821459874
    9   -0.41118680290576
   10   -0.40645264238969
   11   -0.32630105071143
   12   -0.31271981451807
   13   -0.31063358801165
   14   -0.29932749661605
   15   -0.29362320982889
   16   -0.27868556569382
   17   -0.26793384680510
   18   -0.25045843926632
   19   -0.22495591371530
   20   -0.20814610852443
   21    0.41310413513935
   22    0.42089639038704
   23    1.04423312383940
   24    1.05298376735725
   25    1.43292382946459
   26    1.44320614393494
   27    2.87300619459645
   28    2.87761009498149

   kloop=231
   k1=   0.14286 k2=   0.28571 k3=  -0.42857

    1   -4.02443007355614
    2   -4.00586295848748
    3   -2.61995571956309
    4   -2.61377081716031
    5   -2.54513280837128
    6   -2.53785414110901
    7   -2.53152832709725
    8   -2.52592493941065
    9   -0.36276019212001
   10   -0.35045987524784
   11   -0.33895010072519
   12   -0.32780959957205
   13   -0.32304404930784
   14   -0.30770863535862
   15   -0.27903841462471
   16   -0.26393323201917
   17   -0.25044865127122
   18   -0.23142834425406
   19   -0.11163765344413
   20   -0.10089127439696
   21    0.17219757143169
   22    0.17966751282482
   23    0.76484216860502
   24    0.77248510360785
   25    0.96414846140385
   26    0.97265731995753
   27    2.48362432304375
   28    2.48635665341568

   kloop=232
   k1=   0.14286 k2=   0.28571 k3=  -0.28571

    1   -4.02442986878621
    2   -4.00586267826275
    3   -2.61986388889570
    4   -2.61388065515394
    5   -2.54481728676100
    6   -2.53793970870547
    7   -2.53208917813834
    8   -2.52558684083935
    9   -0.36331947115354
   10   -0.35206983661582
   11   -0.33826041083767
   12   -0.32575916861257
   13   -0.32236033719440
   14   -0.30669783402777
   15   -0.27923732169975
   16   -0.26443230804853
   17   -0.25050272980554
   18   -0.23161466895305
   19   -0.11203685800520
   20   -0.10210793324488
   21    0.17214997567298
   22    0.17986527185442
   23    0.76430047143854
   24    0.77204432378175
   25    0.96467550932227
   26    0.97315078011402
   27    2.48377699634039
   28    2.48650304912702

   kloop=233
   k1=   0.14286 k2=   0.28571 k3=  -0.14286

    1   -4.02468213993790
    2   -4.00611889966911
    3   -2.61920634804939
    4   -2.61332732743661
    5   -2.54385036756951
    6   -2.53723692117172
    7   -2.53156413729844
    8   -2.52468489620523
    9   -0.40432376115247
   10   -0.40068159367633
   11   -0.34303147662277
   12   -0.32553991889728
   13   -0.31480298269250
   14   -0.30017397305028
   15   -0.27229103992931
   16   -0.26992257204589
   17   -0.25792317151130
   18   -0.25153601256252
   19   -0.22227691051210
   20   -0.20692793726640
   21    0.67765223074151
   22    0.68626403377491
   23    0.78664675401267
   24    0.79412870832641
   25    1.20711961280446
   26    1.21600118190291
   27    3.12156542711943
   28    3.12535269494063

   kloop=234
   k1=   0.14286 k2=   0.28571 k3=   0.00000

    1   -4.02499892277425
    2   -4.00643966982770
    3   -2.61844568009087
    4   -2.61249077362913
    5   -2.54299608532867
    6   -2.53620508364642
    7   -2.53042115358381
    8   -2.52385147803906
    9   -0.46234000789267
   10   -0.46065131669040
   11   -0.33388359541765
   12   -0.31640707985114
   13   -0.30191608364760
   14   -0.29356268077252
   15   -0.28504331504927
   16   -0.27464479288947
   17   -0.26961770744005
   18   -0.25719692620488
   19   -0.25191186713266
   20   -0.24119671751248
   21    0.85522098345604
   22    0.86374694459699
   23    1.19897894694099
   24    1.20845121326502
   25    1.38452397211762
   26    1.39398321371073
   27    4.20470400610991
   28    4.20815311058009

   kloop=235
   k1=   0.14286 k2=   0.28571 k3=   0.14286

    1   -4.02514072613465
    2   -4.00658321117922
    3   -2.61816282224372
    4   -2.61201076017536
    5   -2.54292081006393
    6   -2.53553047051224
    7   -2.52959396837943
    8   -2.52371241178202
    9   -0.48516769618329
   10   -0.48383552476212
   11   -0.32672090259062
   12   -0.30957797583242
   13   -0.30318892208910
   14   -0.29496489579697
   15   -0.28672101686105
   16   -0.27907118787662
   17   -0.27415955490255
   18   -0.26670260872589
   19   -0.25630977072979
   20   -0.24021443426186
   21    1.03704289751410
   22    1.04624778993882
   23    1.13513378294731
   24    1.14386251900332
   25    1.52611806469693
   26    1.53659139617314
   27    3.98615401843435
   28    3.98865437086105

   kloop=236
   k1=   0.14286 k2=   0.28571 k3=   0.28572

    1   -4.02499929378959
    2   -4.00644016293864
    3   -2.61861094562808
    4   -2.61229188437763
    5   -2.54363063893596
    6   -2.53584558422736
    7   -2.52958467181008
    8   -2.52442596890769
    9   -0.46260012939338
   10   -0.46096178591243
   11   -0.33410146973392
   12   -0.31716457739011
   13   -0.30263250422829
   14   -0.29302139475138
   15   -0.28677964732237
   16   -0.27428201144768
   17   -0.26948415148631
   18   -0.25626704387860
   19   -0.25178260251014
   20   -0.23940043436790
   21    0.85596876162709
   22    0.86435276480637
   23    1.19829085420995
   24    1.20783885682989
   25    1.38412085693387
   26    1.39356685531764
   27    4.20421590586677
   28    4.20711744748588

   kloop=237
   k1=   0.14286 k2=   0.28571 k3=   0.42857

    1   -4.02468253930392
    2   -4.00611948246749
    3   -2.61941275958783
    4   -2.61308022111425
    5   -2.54459882887760
    6   -2.53692794317092
    7   -2.53039199979670
    8   -2.52543383452074
    9   -0.40448420797882
   10   -0.40070808266846
   11   -0.34348801902289
   12   -0.32674806950135
   13   -0.31546708935437
   14   -0.30195778994048
   15   -0.27132745083569
   16   -0.27059917889915
   17   -0.25784918837740
   18   -0.25028585534424
   19   -0.22167857911141
   20   -0.20495438047673
   21    0.67781198577661
   22    0.68625647975283
   23    0.78709420674154
   24    0.79440739668162
   25    1.20651854055402
   26    1.21534679572886
   27    3.12128344377236
   28    3.12487748397145

   kloop=238
   k1=   0.14286 k2=   0.42857 k3=  -0.42857

    1   -4.02431739562456
    2   -4.00574971746989
    3   -2.62029229204136
    4   -2.61394152411601
    5   -2.54574088271678
    6   -2.53797591064310
    7   -2.53144860600601
    8   -2.52662831422590
    9   -0.37289538885919
   10   -0.36405303374094
   11   -0.35833510300345
   12   -0.34195100112379
   13   -0.29779631146715
   14   -0.28178983210886
   15   -0.25694211779596
   16   -0.24484277895935
   17   -0.24234341612620
   18   -0.22262531652774
   19   -0.07537216090666
   20   -0.06689151961178
   21    0.43596411356383
   22    0.44189488188486
   23    0.49260754483721
   24    0.50009825211502
   25    0.54910158299753
   26    0.55531687328117
   27    2.49741022933352
   28    2.49999406598802

   kloop=239
   k1=   0.14286 k2=   0.42857 k3=  -0.28571

    1   -4.02429098284918
    2   -4.00572206106097
    3   -2.62022484988012
    4   -2.61409028321624
    5   -2.54546289055063
    6   -2.53822505726530
    7   -2.53208052239553
    8   -2.52639625477509
    9   -0.35672484349588
   10   -0.34699373013157
   11   -0.34540441674623
   12   -0.32995265057960
   13   -0.32023097783686
   14   -0.30316680019600
   15   -0.26960884718506
   16   -0.25661668051745
   17   -0.24439017700691
   18   -0.22359492662181
   19    0.09504083058831
   20    0.10210734336388
   21    0.16327891957973
   22    0.17108234364123
   23    0.30969916438362
   24    0.31573642665782
   25    0.67681867169924
   26    0.68435638532688
   27    2.20112550369664
   28    2.20270372110706

   kloop=240
   k1=   0.14286 k2=   0.42857 k3=  -0.14286

    1   -4.02442990046065
    2   -4.00586265461056
    3   -2.61986214979743
    4   -2.61388198432511
    5   -2.54482530362266
    6   -2.53789348235248
    7   -2.53213956238190
    8   -2.52557824729849
    9   -0.36299318029498
   10   -0.35130913067288
   11   -0.33876434769408
   12   -0.32727079701632
   13   -0.32183580221786
   14   -0.30467994298842
   15   -0.27969252414548
   16   -0.26587151489444
   17   -0.25062260784208
   18   -0.23171243384684
   19   -0.11183949887053
   20   -0.10159701141891
   21    0.17217161829605
   22    0.17979656654310
   23    0.76429608310030
   24    0.77195618021050
   25    0.96466355594931
   26    0.97315375089432
   27    2.48381233206662
   28    2.48675387595326

   kloop=241
   k1=   0.14286 k2=   0.42857 k3=   0.00000

    1   -4.02463208299357
    2   -4.00606717538768
    3   -2.61942238225866
    4   -2.61341977130145
    5   -2.54429894682462
    6   -2.53722344473338
    7   -2.53158534821359
    8   -2.52482290085746
    9   -0.39527258781726
   10   -0.38724958179366
   11   -0.32416872770292
   12   -0.31315346071263
   13   -0.31089353359036
   14   -0.29788689109610
   15   -0.29311092830951
   16   -0.28016991797761
   17   -0.24514409248478
   18   -0.22805480440270
   19   -0.21380500742026
   20   -0.19945581914173
   21    0.23377094695383
   22    0.24162345914690
   23    1.18451788203871
   24    1.19346614981072
   25    1.25213011371305
   26    1.26090622040414
   27    3.07729892661723
   28    3.08299912630760

   kloop=242
   k1=   0.14286 k2=   0.42857 k3=   0.14286

    1   -4.02474534061865
    2   -4.00618219185446
    3   -2.61919905929134
    4   -2.61302503250596
    5   -2.54424990846744
    6   -2.53664521465279
    7   -2.53091698375130
    8   -2.52476632461784
    9   -0.41119252460204
   10   -0.40645182267018
   11   -0.32629943224526
   12   -0.31255982126542
   13   -0.31081431536521
   14   -0.29939243240369
   15   -0.29349081072520
   16   -0.27868456477516
   17   -0.26798632406435
   18   -0.25045804263571
   19   -0.22495367952432
   20   -0.20814863629525
   21    0.41312169465754
   22    0.42091551828414
   23    1.04423012319557
   24    1.05297721431045
   25    1.43292785203233
   26    1.44320588711720
   27    2.87300761247404
   28    2.87761359292991

   kloop=243
   k1=   0.14286 k2=   0.42857 k3=   0.28572

    1   -4.02468254242238
    2   -4.00611948449257
    3   -2.61943064234565
    4   -2.61305734112388
    5   -2.54473267077646
    6   -2.53665724275726
    7   -2.53055653060824
    8   -2.52541109697088
    9   -0.40448836163096
   10   -0.40070764112601
   11   -0.34348146690649
   12   -0.32675811572863
   13   -0.31549832098532
   14   -0.30189938976457
   15   -0.27139334570759
   16   -0.27054225410112
   17   -0.25789626653548
   18   -0.25023198991450
   19   -0.22171010800977
   20   -0.20494452057225
   21    0.67781622314420
   22    0.68628031443588
   23    0.78709827171227
   24    0.79440852635943
   25    1.20651699368356
   26    1.21534279923631
   27    3.12131639357903
   28    3.12491037544634

   kloop=244
   k1=   0.14286 k2=   0.42857 k3=   0.42857

    1   -4.02449120441609
    2   -4.00592658232463
    3   -2.61995213427256
    4   -2.61349668924165
    5   -2.54541090972256
    6   -2.53727581486693
    7   -2.53076927424464
    8   -2.52619965669737
    9   -0.38816570207634
   10   -0.38175751959588
   11   -0.35693281303849
   12   -0.34060042317232
   13   -0.29521110714872
   14   -0.28153228797436
   15   -0.26799368938934
   16   -0.25231706283840
   17   -0.24289962123289
   18   -0.22396723301392
   19   -0.20038381823535
   20   -0.18732941372783
   21    0.53339388529277
   22    0.54056764501623
   23    0.81941022065855
   24    0.82655037515162
   25    0.93104552508722
   26    0.93950957577406
   27    3.20012782933983
   28    3.20316271592052

   kloop=245
   k1=   0.28572 k2=  -0.42857 k3=  -0.42857

    1   -4.02435188787630
    2   -4.00578417242684
    3   -2.62022769957943
    4   -2.61385621113873
    5   -2.54573731000521
    6   -2.53770068349596
    7   -2.53153330402628
    8   -2.52640204343946
    9   -0.36419349573710
   10   -0.35223855469807
   11   -0.34862028972701
   12   -0.33649889001242
   13   -0.30788976269999
   14   -0.29134596519013
   15   -0.27403656196733
   16   -0.26027437945901
   17   -0.24610176571448
   18   -0.22517534174006
   19   -0.01232694318406
   20   -0.00406373359485
   21    0.08341948556470
   22    0.09065879183055
   23    0.53556618570752
   24    0.54245982929323
   25    1.00713483631267
   26    1.01595509281297
   27    2.51660871552522
   28    2.51825069507417

   kloop=246
   k1=   0.28572 k2=  -0.42857 k3=  -0.28571

    1   -4.02429104200475
    2   -4.00572230368820
    3   -2.62022754152124
    4   -2.61409288500844
    5   -2.54547888999679
    6   -2.53819599026302
    7   -2.53212173652172
    8   -2.52634798445821
    9   -0.35694872362799
   10   -0.34727811697595
   11   -0.34553325287078
   12   -0.33016593021946
   13   -0.32054155122074
   14   -0.30400859217898
   15   -0.26955955253032
   16   -0.25651500615988
   17   -0.24400237510647
   18   -0.22239987857866
   19    0.09510789087913
   20    0.10217469808669
   21    0.16327368297447
   22    0.17090759958706
   23    0.30998487367888
   24    0.31614342896658
   25    0.67649526261150
   26    0.68405440305232
   27    2.20083434567518
   28    2.20219412236716

   kloop=247
   k1=   0.28572 k2=  -0.42857 k3=  -0.14286

    1   -4.02429097290646
    2   -4.00572205804440
    3   -2.62011550387635
    4   -2.61422829844143
    5   -2.54501674358028
    6   -2.53850826913064
    7   -2.53260300096029
    8   -2.52600804857436
    9   -0.35673173658386
   10   -0.34672080514443
   11   -0.34568716243323
   12   -0.32992527237582
   13   -0.32022177842431
   14   -0.30320364051141
   15   -0.26957581828130
   16   -0.25663424687829
   17   -0.24438932598440
   18   -0.22359311001001
   19    0.09505811776629
   20    0.10211004240729
   21    0.16327529996718
   22    0.17106379321639
   23    0.30969515301280
   24    0.31573282355772
   25    0.67682112446872
   26    0.68436159118631
   27    2.20113445923585
   28    2.20270979795064

   kloop=248
   k1=   0.28572 k2=  -0.42857 k3=   0.00000

    1   -4.02435166851501
    2   -4.00578357493229
    3   -2.61997828639078
    4   -2.61415797926494
    5   -2.54473854281615
    6   -2.53837679535121
    7   -2.53261287430398
    8   -2.52562603965063
    9   -0.36290013073773
   10   -0.34998738875400
   11   -0.34877360912222
   12   -0.33760576973565
   13   -0.30751857890445
   14   -0.29037049656039
   15   -0.27400704879392
   16   -0.25973495840459
   17   -0.24688789857524
   18   -0.22813392249086
   19   -0.01249044022616
   20   -0.00401605059670
   21    0.08321297649765
   22    0.09049667449994
   23    0.53559861502866
   24    0.54255002442279
   25    1.00771425138920
   26    1.01646633012363
   27    2.51698714907677
   28    2.51902402636921

   kloop=249
   k1=   0.28572 k2=  -0.42857 k3=   0.14286

    1   -4.02443007089309
    2   -4.00586295801446
    3   -2.61986520876369
    4   -2.61388510476613
    5   -2.54484257346617
    6   -2.53786371444782
    7   -2.53217472034476
    8   -2.52553538175850
    9   -0.36275718915354
   10   -0.35047416787247
   11   -0.33892115656147
   12   -0.32786044474875
   13   -0.32301532251273
   14   -0.30769467911330
   15   -0.27905818630024
   16   -0.26391300949372
   17   -0.25045861598787
   18   -0.23142561563306
   19   -0.11164895424110
   20   -0.10089496640217
   21    0.17221228264710
   22    0.17968166326394
   23    0.76483735289178
   24    0.77247460292256
   25    0.96415000913506
   26    0.97265405139112
   27    2.48362449193522
   28    2.48635544066764

   kloop=250
   k1=   0.28572 k2=  -0.42857 k3=   0.28572

    1   -4.02446495066635
    2   -4.00589831222801
    3   -2.61989684088968
    4   -2.61365279829513
    5   -2.54522212203771
    6   -2.53738616080219
    7   -2.53161890855802
    8   -2.52578959977449
    9   -0.36066651146376
   10   -0.35008394554561
   11   -0.33318679030340
   12   -0.32871740152190
   13   -0.32175747877196
   14   -0.31241336791274
   15   -0.28038973022654
   16   -0.26782894278667
   17   -0.26346755361457
   18   -0.24234980889322
   19   -0.13502915500296
   20   -0.12294405897073
   21    0.32935649919195
   22    0.33756057641192
   23    0.46689288273619
   24    0.47305312593680
   25    1.21501786784174
   26    1.22463780938241
   27    2.53812100698680
   28    2.54066666397276

   kloop=251
   k1=   0.28572 k2=  -0.42857 k3=   0.42857

    1   -4.02443034152367
    2   -4.00586349631939
    3   -2.62006371373039
    4   -2.61364508643001
    5   -2.54560656875611
    6   -2.53734665927120
    7   -2.53130216962103
    8   -2.52617612940929
    9   -0.36426155393943
   10   -0.35333965665929
   11   -0.33870895105845
   12   -0.32738779426428
   13   -0.32206726187268
   14   -0.30573801581508
   15   -0.27949248664823
   16   -0.26579899352888
   17   -0.24982712731860
   18   -0.22917384592919
   19   -0.11153998770035
   20   -0.10100324725119
   21    0.17243500040950
   22    0.17978946537286
   23    0.76435964620532
   24    0.77207760884339
   25    0.96407583899060
   26    0.97253692990651
   27    2.48341858537227
   28    2.48589567361902

   kloop=252
   k1=   0.28572 k2=  -0.28572 k3=  -0.42857

    1   -4.02429104748206
    2   -4.00572230571323
    3   -2.62039307048849
    4   -2.61388183956167
    5   -2.54613522902145
    6   -2.53770465939633
    7   -2.53130079654410
    8   -2.52704942891660
    9   -0.35694350055957
   10   -0.34726778959521
   11   -0.34557377837419
   12   -0.33007918118845
   13   -0.32060839544478
   14   -0.30403456595209
   15   -0.26950963488590
   16   -0.25653882672626
   17   -0.24398822655956
   18   -0.22240731190125
   19    0.09509263762557
   20    0.10218785708202
   21    0.16325822146263
   22    0.17091182116303
   23    0.30998391815861
   24    0.31614095107969
   25    0.67651594615228
   26    0.68407138840054
   27    2.20084483719201
   28    2.20220910283402

   kloop=253
   k1=   0.28572 k2=  -0.28572 k3=  -0.28571

    1   -4.02435160389285
    2   -4.00578366636212
    3   -2.62022079622052
    4   -2.61385333789822
    5   -2.54572698761043
    6   -2.53770604431914
    7   -2.53151171685772
    8   -2.52646080930199
    9   -0.36374584702677
   10   -0.35166866616657
   11   -0.34833278196171
   12   -0.33528129307855
   13   -0.30828534690912
   14   -0.29276203795997
   15   -0.27350336215743
   16   -0.25838772104592
   17   -0.24654730196834
   18   -0.22703361556379
   19   -0.01270142150906
   20   -0.00474004938484
   21    0.08319321001481
   22    0.09068201804163
   23    0.53592117368849
   24    0.54285912816533
   25    1.00718294428861
   26    1.01603918645161
   27    2.51680836445919
   28    2.51849548931011

   kloop=254
   k1=   0.28572 k2=  -0.28572 k3=  -0.14286

    1   -4.02442986488315
    2   -4.00586267162149
    3   -2.61995014699767
    4   -2.61377186407933
    5   -2.54514100896376
    6   -2.53779306522534
    7   -2.53159914883213
    8   -2.52592240657074
    9   -0.36332223778587
   10   -0.35205708668128
   11   -0.33828488084336
   12   -0.32568417321853
   13   -0.32241638944096
   14   -0.30671243154413
   15   -0.27920980221344
   16   -0.26445528169161
   17   -0.25049479739576
   18   -0.23161714000025
   19   -0.11202647761689
   20   -0.10210497570768
   21    0.17214125633767
   22    0.17985843304062
   23    0.76428291823470
   24    0.77203182820608
   25    0.96467446618021
   26    0.97315638185812
   27    2.48376259608169
   28    2.48649031663241

   kloop=255
   k1=   0.28572 k2=  -0.28572 k3=   0.00000

    1   -4.02446455697785
    2   -4.00589761229504
    3   -2.61982269838334
    4   -2.61373286393524
    5   -2.54485370640413
    6   -2.53785515465250
    7   -2.53161049488151
    8   -2.52572459431123
    9   -0.36025947238963
   10   -0.35010913063665
   11   -0.33256200479446
   12   -0.32837799860788
   13   -0.32010674308490
   14   -0.31053766554105
   15   -0.28037862281683
   16   -0.26815371483483
   17   -0.26394323062410
   18   -0.24482769978994
   19   -0.13542169836048
   20   -0.12411743486673
   21    0.32928586004866
   22    0.33770889607578
   23    0.46640150464562
   24    0.47266260065350
   25    1.21569189455528
   26    1.22523624800644
   27    2.53857939444447
   28    2.54154290291295

   kloop=256
   k1=   0.28572 k2=  -0.28572 k3=   0.14286

    1   -4.02442986366856
    2   -4.00586267039150
    3   -2.61995015625947
    4   -2.61377186312229
    5   -2.54514103402710
    6   -2.53779305545407
    7   -2.53159913408546
    8   -2.52592242736802
    9   -0.36332237830379
   10   -0.35205716735250
   11   -0.33828515763321
   12   -0.32568440570294
   13   -0.32241602678929
   14   -0.30671207829104
   15   -0.27920974575488
   16   -0.26445516567027
   17   -0.25049433649668
   18   -0.23161669835941
   19   -0.11202496742953
   20   -0.10210353093370
   21    0.17213728046356
   22    0.17985445560955
   23    0.76429315750082
   24    0.77204209681863
   25    0.96466328667031
   26    0.97314515888358
   27    2.48376260058440
   28    2.48649030617071

   kloop=257
   k1=   0.28572 k2=  -0.28572 k3=   0.28572

    1   -4.02435160147991
    2   -4.00578366383907
    3   -2.62022080634449
    4   -2.61385333634294
    5   -2.54572701571130
    6   -2.53770603253276
    7   -2.53151169682324
    8   -2.52646084103308
    9   -0.36374569981489
   10   -0.35166851595130
   11   -0.34833298461937
   12   -0.33528147594489
   13   -0.30828523824566
   14   -0.29276190209135
   15   -0.27350306675630
   16   -0.25838747669871
   17   -0.24654743320733
   18   -0.22703370157154
   19   -0.01269723686579
   20   -0.00473590240978
   21    0.08319218840469
   22    0.09068098297634
   23    0.53591102173883
   24    0.54284895181299
   25    1.00718153929687
   26    1.01603777899115
   27    2.51680473847085
   28    2.51849183397645

   kloop=258
   k1=   0.28572 k2=  -0.28572 k3=   0.42857

    1   -4.02429104767000
    2   -4.00572230535096
    3   -2.62039307351839
    4   -2.61388183759972
    5   -2.54613524226339
    6   -2.53770465486243
    7   -2.53130078416687
    8   -2.52704944659157
    9   -0.35694345085960
   10   -0.34726769658961
   11   -0.34557336182301
   12   -0.33007868700134
   13   -0.32060902689727
   14   -0.30403518241329
   15   -0.26950974936880
   16   -0.25653895579620
   17   -0.24398798031103
   18   -0.22240705845505
   19    0.09509430783924
   20    0.10218951140083
   21    0.16326050160953
   22    0.17091412138532
   23    0.30998479397395
   24    0.31614181031930
   25    0.67650317523071
   26    0.68405858385847
   27    2.20083651031472
   28    2.20220077594345

   kloop=259
   k1=   0.28572 k2=  -0.14286 k3=  -0.42857

    1   -4.02429098675222
    2   -4.00572206133003
    3   -2.62039041056678
    4   -2.61387920913664
    5   -2.54612174992120
    6   -2.53773218406696
    7   -2.53124169596872
    8   -2.52711464265336
    9   -0.35672039341805
   10   -0.34697958119740
   11   -0.34544644439416
   12   -0.32987051080848
   13   -0.32029201096421
   14   -0.30319794134451
   15   -0.26955449912251
   16   -0.25664297696706
   17   -0.24437590071933
   18   -0.22360164106460
   19    0.09503266234404
   20    0.10212667480280
   21    0.16326442749256
   22    0.17108766709485
   23    0.30969799242996
   24    0.31573386461756
   25    0.67681609925449
   26    0.68435156535333
   27    2.20112545680995
   28    2.20270548564166

   kloop=260
   k1=   0.28572 k2=  -0.14286 k3=  -0.28571

    1   -4.02442987039985
    2   -4.00586267548306
    3   -2.62005396808950
    4   -2.61363953789823
    5   -2.54558385944713
    6   -2.53737768073748
    7   -2.53123390008690
    8   -2.52628866427412
    9   -0.36332629690671
   10   -0.35205674870626
   11   -0.33827500806540
   12   -0.32580000667172
   13   -0.32228661707586
   14   -0.30675539287004
   15   -0.27915880670303
   16   -0.26449531655794
   17   -0.25047544769775
   18   -0.23162288725048
   19   -0.11203558754021
   20   -0.10210195332986
   21    0.17213813616230
   22    0.17985735513650
   23    0.76430564916846
   24    0.77205198635837
   25    0.96467110594574
   26    0.97315153382017
   27    2.48377393611342
   28    2.48650400661091

   kloop=261
   k1=   0.28572 k2=  -0.14286 k3=  -0.14286

    1   -4.02463186927184
    2   -4.00606697562778
    3   -2.61955544207007
    4   -2.61324778708328
    5   -2.54480318036459
    6   -2.53696296549106
    7   -2.53086887806125
    8   -2.52533872975677
    9   -0.39556812782159
   10   -0.38787941571186
   11   -0.32344833035572
   12   -0.31248521657133
   13   -0.30989824196829
   14   -0.29884677139101
   15   -0.29330766707754
   16   -0.27810479959065
   17   -0.24501701024962
   18   -0.22790563927391
   19   -0.21461760631047
   20   -0.20143308004839
   21    0.23371426026949
   22    0.24169415849169
   23    1.18391113230807
   24    1.19312703808528
   25    1.25250002142605
   26    1.26144521412369
   27    3.07738485389895
   28    3.08278000855333

   kloop=262
   k1=   0.28572 k2=  -0.14286 k3=   0.00000

    1   -4.02474495197406
    2   -4.00618170504845
    3   -2.61923403585638
    4   -2.61297159720443
    5   -2.54433053754486
    6   -2.53677244019295
    7   -2.53046495966573
    8   -2.52504628458169
    9   -0.41120883180849
   10   -0.40668424703660
   11   -0.32535298914415
   12   -0.31180726662001
   13   -0.30880961633497
   14   -0.29814317686094
   15   -0.29336456954959
   16   -0.28043677011977
   17   -0.26812338757093
   18   -0.25095777432611
   19   -0.22550860134913
   20   -0.21000432221311
   21    0.41305954414937
   22    0.42094153334905
   23    1.04348916934825
   24    1.05233734542875
   25    1.43365036968544
   26    1.44385834180364
   27    2.87330174476075
   28    2.87810168523210

   kloop=263
   k1=   0.28572 k2=  -0.14286 k3=   0.14286

    1   -4.02468213303484
    2   -4.00611888649845
    3   -2.61940353833513
    4   -2.61307819370611
    5   -2.54459274632287
    6   -2.53689692829022
    7   -2.53041739906903
    8   -2.52548143082877
    9   -0.40431896612391
   10   -0.40067921719870
   11   -0.34303821564579
   12   -0.32556672423265
   13   -0.31479002194216
   14   -0.30015089856252
   15   -0.27179670796342
   16   -0.27057886610598
   17   -0.25762626973399
   18   -0.25166869250393
   19   -0.22228140324580
   20   -0.20692458947936
   21    0.67767773056046
   22    0.68619853544967
   23    0.78668665644996
   24    0.79407242417226
   25    1.20710947410063
   26    1.21599823122760
   27    3.12153102158196
   28    3.12531221348351

   kloop=264
   k1=   0.28572 k2=  -0.14286 k3=   0.28572

    1   -4.02449097023209
    2   -4.00592614026398
    3   -2.61994469467657
    4   -2.61349304122433
    5   -2.54539964323508
    6   -2.53728285067742
    7   -2.53073983995579
    8   -2.52626546996462
    9   -0.38810136233178
   10   -0.38181552422386
   11   -0.35665380555769
   12   -0.33977541188205
   13   -0.29472695223463
   14   -0.28070574446518
   15   -0.26735971122309
   16   -0.24987985845594
   17   -0.24335657422209
   18   -0.22643456840158
   19   -0.20113452367561
   20   -0.18902712270487
   21    0.53305092011683
   22    0.54034614203528
   23    0.81972628686304
   24    0.82693188225682
   25    0.93108723341208
   26    0.93959651536636
   27    3.20017422214621
   28    3.20312346672924

   kloop=265
   k1=   0.28572 k2=  -0.14286 k3=   0.42857

    1   -4.02431728943285
    2   -4.00574948647148
    3   -2.62036935002247
    4   -2.61383623994109
    5   -2.54606651116273
    6   -2.53768352625332
    7   -2.53106416293176
    8   -2.52701822535422
    9   -0.37295974523600
   10   -0.36422374590487
   11   -0.35821031787708
   12   -0.34159698798299
   13   -0.29725366941508
   14   -0.28047074496681
   15   -0.25709529137194
   16   -0.24407848550476
   17   -0.24379001266461
   18   -0.22312150872612
   19   -0.07559389119568
   20   -0.06741040323855
   21    0.43563329133043
   22    0.44158890447692
   23    0.49249192346105
   24    0.50019097812975
   25    0.54926993718100
   26    0.55558522599666
   27    2.49756077799301
   28    2.50020165045121

   kloop=266
   k1=   0.28572 k2=  -0.00000 k3=  -0.42857

    1   -4.02435168078939
    2   -4.00578357488965
    3   -2.62022124339765
    4   -2.61385059008156
    5   -2.54570731761013
    6   -2.53776305677535
    7   -2.53142641052880
    8   -2.52652197600176
    9   -0.36291223725867
   10   -0.34985360810424
   11   -0.34892184851479
   12   -0.33757823823990
   13   -0.30751158930637
   14   -0.29040957536215
   15   -0.27397447783455
   16   -0.25969767787689
   17   -0.24693343060271
   18   -0.22812782684360
   19   -0.01248057337556
   20   -0.00400308030965
   21    0.08320232214394
   22    0.09048959480601
   23    0.53558762929862
   24    0.54253888716076
   25    1.00771486201245
   26    1.01646318117617
   27    2.51698095239454
   28    2.51901971575567

   kloop=267
   k1=   0.28572 k2=  -0.00000 k3=  -0.28571

    1   -4.02446456655007
    2   -4.00589761906337
    3   -2.61989027074407
    4   -2.61364685260794
    5   -2.54519012606629
    6   -2.53745088847391
    7   -2.53152401631559
    8   -2.52589729488844
    9   -0.36026836098865
   10   -0.35010582377328
   11   -0.33278933742675
   12   -0.32797826533497
   13   -0.32032365170242
   14   -0.31048589894424
   15   -0.28042223375259
   16   -0.26786464582268
   17   -0.26420734711363
   18   -0.24481093366314
   19   -0.13543243569611
   20   -0.12411571707086
   21    0.32929003705242
   22    0.33772360042313
   23    0.46640212863240
   24    0.47266869486448
   25    1.21569451102222
   26    1.22523683245549
   27    2.53857956609357
   28    2.54154812909255

   kloop=268
   k1=   0.28572 k2=  -0.00000 k3=  -0.14286

    1   -4.02474495563191
    2   -4.00618171136016
    3   -2.61919486261232
    4   -2.61302117666116
    5   -2.54423157597385
    6   -2.53668138348388
    7   -2.53086831206916
    8   -2.52482244496944
    9   -0.41121193970408
   10   -0.40668478773512
   11   -0.32535274096776
   12   -0.31168929563197
   13   -0.30894216216889
   14   -0.29825981909459
   15   -0.29317841975865
   16   -0.28045752090830
   17   -0.26815904204742
   18   -0.25096428914091
   19   -0.22549841946771
   20   -0.21000711232444
   21    0.41305661606892
   22    0.42094049358940
   23    1.04351144421663
   24    1.05235524403306
   25    1.43365152313319
   26    1.44385517822227
   27    2.87331006928040
   28    2.87811989196403

   kloop=269
   k1=   0.28572 k2=  -0.00000 k3=   0.00000

    1   -4.02498359242755
    2   -4.00642342708558
    3   -2.61860876804197
    4   -2.61240350003147
    5   -2.54353076620011
    6   -2.53598016444002
    7   -2.52999953450259
    8   -2.52417472995231
    9   -0.45508771073157
   10   -0.45275536025429
   11   -0.32044807349685
   12   -0.30533345398655
   13   -0.30385374938720
   14   -0.30147693017898
   15   -0.28823895784283
   16   -0.28315585285169
   17   -0.26317800716870
   18   -0.26112782757425
   19   -0.24705650112540
   20   -0.24506355467032
   21    0.57901087722059
   22    0.58695199968398
   23    1.40936698054258
   24    1.41501146356723
   25    1.43864953803532
   26    1.44431642145643
   27    3.23678838024299
   28    3.24189053114162

   kloop=270
   k1=   0.28572 k2=  -0.00000 k3=   0.14286

    1   -4.02499891570898
    2   -4.00643965763652
    3   -2.61860444237614
    4   -2.61228981176515
    5   -2.54362184758240
    6   -2.53583935435770
    7   -2.52958004484057
    8   -2.52447498722976
    9   -0.46233680489607
   10   -0.46064979795898
   11   -0.33389057730489
   12   -0.31642417498700
   13   -0.30207231633573
   14   -0.29306165274387
   15   -0.28548588851054
   16   -0.27453444856806
   17   -0.26967487769032
   18   -0.25668392020517
   19   -0.25243091651349
   20   -0.24112029747641
   21    0.85521530366502
   22    0.86372718679386
   23    1.19896615515017
   24    1.20844739768434
   25    1.38450357613845
   26    1.39399827804934
   27    4.20468263153182
   28    4.20812898362223

   kloop=271
   k1=   0.28572 k2=  -0.00000 k3=   0.28572

    1   -4.02477888492293
    2   -4.00621812302228
    3   -2.61922626491230
    4   -2.61279920083269
    5   -2.54446142554560
    6   -2.53642478355727
    7   -2.52989258688031
    8   -2.52540296429050
    9   -0.43143180323078
   10   -0.42892413032505
   11   -0.34981496432779
   12   -0.33256085451797
   13   -0.28912609038516
   14   -0.27910041595705
   15   -0.27183909419797
   16   -0.27081836252191
   17   -0.25436740415501
   18   -0.25195391317718
   19   -0.24975409464462
   20   -0.23890687631315
   21    0.99015279638885
   22    0.99039656855489
   23    1.01701746062116
   24    1.01714524771031
   25    1.13000239706901
   26    1.13795490098898
   27    5.77635803862154
   28    5.77837653303333

   kloop=272
   k1=   0.28572 k2=  -0.00000 k3=   0.42857

    1   -4.02449111261832
    2   -4.00592627997946
    3   -2.61994802104452
    4   -2.61349316669306
    5   -2.54539514681432
    6   -2.53730986721785
    7   -2.53070370926936
    8   -2.52627216103834
    9   -0.38772975710054
   10   -0.38115678510537
   11   -0.35712278817498
   12   -0.34086108656836
   13   -0.29448054214228
   14   -0.27978505203127
   15   -0.26807178821624
   16   -0.25201082955053
   17   -0.24351306900559
   18   -0.22660884148871
   19   -0.20046768104036
   20   -0.18713678762511
   21    0.53302579649443
   22    0.54034787696721
   23    0.81956895458595
   24    0.82676311145730
   25    0.93156238047558
   26    0.93994259456529
   27    3.20014580796968
   28    3.20339181716449

   kloop=273
   k1=   0.28572 k2=   0.14286 k3=  -0.42857

    1   -4.02443007126501
    2   -4.00586295611734
    3   -2.61995572631304
    4   -2.61377082122675
    5   -2.54513281896355
    6   -2.53785414374658
    7   -2.53152832637849
    8   -2.52592495710329
    9   -0.36276001277814
   10   -0.35045972754703
   11   -0.33895056233285
   12   -0.32780995834060
   13   -0.32304405560574
   14   -0.30770864318021
   15   -0.27903802964122
   16   -0.26393283528446
   17   -0.25044840258990
   18   -0.23142809806318
   19   -0.11163662851193
   20   -0.10089029229556
   21    0.17219906725291
   22    0.17966899216934
   23    0.76484268945680
   24    0.77248561921034
   25    0.96413581529193
   26    0.97264462020134
   27    2.48361917012305
   28    2.48635147825006

   kloop=274
   k1=   0.28572 k2=   0.14286 k3=  -0.28571

    1   -4.02442986705000
    2   -4.00586267665191
    3   -2.61986389253218
    4   -2.61388065843874
    5   -2.54481729263545
    6   -2.53793971501838
    7   -2.53208917956963
    8   -2.52558685119302
    9   -0.36331892451978
   10   -0.35206928252462
   11   -0.33826046894448
   12   -0.32575923482606
   13   -0.32236073975355
   14   -0.30669822032789
   15   -0.27923712968857
   16   -0.26443217257242
   17   -0.25050299626244
   18   -0.23161489451560
   19   -0.11203557953053
   20   -0.10210666407338
   21    0.17215185525849
   22    0.17986714301712
   23    0.76428700109675
   24    0.77203081215082
   25    0.96467655083617
   26    0.97315183167696
   27    2.48376837538655
   28    2.48649440281076

   kloop=275
   k1=   0.28572 k2=   0.14286 k3=  -0.14286

    1   -4.02468213821205
    2   -4.00611889837584
    3   -2.61920635299001
    4   -2.61332733469316
    5   -2.54385037168160
    6   -2.53723693168276
    7   -2.53156414809151
    8   -2.52468490190311
    9   -0.40432308118623
   10   -0.40068086771308
   11   -0.34303130061262
   12   -0.32553976473152
   13   -0.31480329281586
   14   -0.30017426041331
   15   -0.27229124150731
   16   -0.26992261092262
   17   -0.25792360717771
   18   -0.25153584667254
   19   -0.22227611639024
   20   -0.20692714814519
   21    0.67764611129934
   22    0.68625790823977
   23    0.78664186481671
   24    0.79412379250094
   25    1.20712146858438
   26    1.21600305615433
   27    3.12154255889305
   28    3.12532984460057

   kloop=276
   k1=   0.28572 k2=   0.14286 k3=   0.00000

    1   -4.02499891908950
    2   -4.00643966574085
    3   -2.61844568906890
    4   -2.61249078501611
    5   -2.54299609167002
    6   -2.53620509825796
    7   -2.53042117525974
    8   -2.52385148667535
    9   -0.46233914604600
   10   -0.46065042902140
   11   -0.33388344864400
   12   -0.31640696607650
   13   -0.30191634618555
   14   -0.29356289890641
   15   -0.28504356407969
   16   -0.27464506946734
   17   -0.26961724289659
   18   -0.25719675964564
   19   -0.25191143879169
   20   -0.24119653820307
   21    0.85520735418702
   22    0.86373327770103
   23    1.19898139233119
   24    1.20845366492754
   25    1.38452573019368
   26    1.39398498517257
   27    4.20464701833810
   28    4.20809619562556

   kloop=277
   k1=   0.28572 k2=   0.14286 k3=   0.14286

    1   -4.02514072056194
    2   -4.00658320601516
    3   -2.61816283495959
    4   -2.61201077527440
    5   -2.54292082189457
    6   -2.53553048842402
    7   -2.52959399156344
    8   -2.52371242573947
    9   -0.48516678993256
   10   -0.48383460668202
   11   -0.32672105193894
   12   -0.30957812179609
   13   -0.30318895565084
   14   -0.29496472918910
   15   -0.28672111102941
   16   -0.27907129395126
   17   -0.27415927567894
   18   -0.26670278772544
   19   -0.25630950433251
   20   -0.24021411170071
   21    1.03703710335762
   22    1.04624199904537
   23    1.13513008559955
   24    1.14385880254456
   25    1.52611782027638
   26    1.53659114596389
   27    3.98612741391191
   28    3.98862779169062

   kloop=278
   k1=   0.28572 k2=   0.14286 k3=   0.28572

    1   -4.02499928824059
    2   -4.00644015755114
    3   -2.61861095956342
    4   -2.61229189667908
    5   -2.54363065558174
    6   -2.53584559673456
    7   -2.52958468859394
    8   -2.52442598969816
    9   -0.46259932346666
   10   -0.46096096731613
   11   -0.33410188143349
   12   -0.31716496964000
   13   -0.30263249884527
   14   -0.29302106854184
   15   -0.28677963355664
   16   -0.27428163349521
   17   -0.26948400076978
   18   -0.25626689989776
   19   -0.25178243493613
   20   -0.23940027880438
   21    0.85597016418822
   22    0.86435417230797
   23    1.19828531828448
   24    1.20783330767280
   25    1.38411571357885
   26    1.39356167115214
   27    4.20423846735767
   28    4.20713999865543

   kloop=279
   k1=   0.28572 k2=   0.14286 k3=   0.42857

    1   -4.02468253447307
    2   -4.00611947756510
    3   -2.61941277137700
    4   -2.61308022978674
    5   -2.54459884678658
    6   -2.53692794814523
    7   -2.53039200569750
    8   -2.52543385666215
    9   -0.40448377208922
   10   -0.40070761556282
   11   -0.34348847485945
   12   -0.32674851399650
   13   -0.31546692706461
   14   -0.30195762743169
   15   -0.27132700613717
   16   -0.27059863968472
   17   -0.25784862660735
   18   -0.25028545267764
   19   -0.22167851593421
   20   -0.20495434154375
   21    0.67781421809490
   22    0.68625870026562
   23    0.78709387586538
   24    0.79440706921885
   25    1.20650853618465
   26    1.21533673357799
   27    3.12129618310948
   28    3.12489020910428

   kloop=280
   k1=   0.28572 k2=   0.28571 k3=  -0.42857

    1   -4.02446494415988
    2   -4.00589830891069
    3   -2.61983275839132
    4   -2.61373431845745
    5   -2.54486436560516
    6   -2.53789208108378
    7   -2.53157586620867
    8   -2.52566711312344
    9   -0.36065528123560
   10   -0.35008720333449
   11   -0.33294266439968
   12   -0.32915757715908
   13   -0.32151705032114
   14   -0.31246827677951
   15   -0.28034709100774
   16   -0.26806250483738
   17   -0.26326596933824
   18   -0.24236103220005
   19   -0.13501557972569
   20   -0.12294469590323
   21    0.32935251485128
   22    0.33754581042388
   23    0.46689147880590
   24    0.47304864382154
   25    1.21501314921735
   26    1.22463489978066
   27    2.53812093854836
   28    2.54066152197952

   kloop=281
   k1=   0.28572 k2=   0.28571 k3=  -0.28571

    1   -4.02435159373273
    2   -4.00578366704726
    3   -2.61998125207104
    4   -2.61415633298702
    5   -2.54473407130818
    6   -2.53842778656339
    7   -2.53255935802584
    8   -2.52562086056897
    9   -0.36373638119995
   10   -0.35170678104179
   11   -0.34828117900361
   12   -0.33530695295103
   13   -0.30828477312054
   14   -0.29273931714301
   15   -0.27352238213624
   16   -0.25843619331742
   17   -0.24649499149001
   18   -0.22703950927540
   19   -0.01270621588570
   20   -0.00474819476053
   21    0.08320527487100
   22    0.09068732363621
   23    0.53592165947391
   24    0.54285983656806
   25    1.00717914438788
   26    1.01603863450902
   27    2.51681656943250
   28    2.51848996602162

   kloop=282
   k1=   0.28572 k2=   0.28571 k3=  -0.14286

    1   -4.02449096359008
    2   -4.00592615086468
    3   -2.61959043111249
    4   -2.61394015046126
    5   -2.54398711433854
    6   -2.53811766370550
    7   -2.53254174478369
    8   -2.52494822071493
    9   -0.38810149640348
   10   -0.38182200661180
   11   -0.35664099200277
   12   -0.33976855233887
   13   -0.29472198564672
   14   -0.28074614930758
   15   -0.26731267187284
   16   -0.25003525883935
   17   -0.24320480350181
   18   -0.22646681825695
   19   -0.20112436570352
   20   -0.18903963218522
   21    0.53306561799247
   22    0.54036600249437
   23    0.81976502177946
   24    0.82691662346749
   25    0.93110818148661
   26    0.93958535265851
   27    3.20022711047152
   28    3.20316362323876

   kloop=283
   k1=   0.28572 k2=   0.28571 k3=   0.00000

    1   -4.02477888487803
    2   -4.00621813496129
    3   -2.61890756607139
    4   -2.61320171412889
    5   -2.54318002824596
    6   -2.53719057867282
    7   -2.53154134284878
    8   -2.52418573411433
    9   -0.43143572310166
   10   -0.42892548876100
   11   -0.34980174634485
   12   -0.33255272726670
   13   -0.28886506786451
   14   -0.28001668611449
   15   -0.27146142379824
   16   -0.27023844852775
   17   -0.25470784953050
   18   -0.25314368448410
   19   -0.24841366611621
   20   -0.23904428310030
   21    0.98670309250611
   22    0.99533934641973
   23    1.01190608060102
   24    1.02079081283303
   25    1.13006874107594
   26    1.13791016024131
   27    5.77640205185486
   28    5.77841124059879

   kloop=284
   k1=   0.28572 k2=   0.28571 k3=   0.14286

    1   -4.02499929223954
    2   -4.00644016467507
    3   -2.61845139022583
    4   -2.61249392837024
    5   -2.54301288869449
    6   -2.53618434681041
    7   -2.53044692463452
    8   -2.52380014504473
    9   -0.46260191445237
   10   -0.46096142049540
   11   -0.33409408845189
   12   -0.31715032148800
   13   -0.30249570038347
   14   -0.29352442740774
   15   -0.28635004160955
   16   -0.27431431144987
   17   -0.26947090099989
   18   -0.25674339930605
   19   -0.25130829877643
   20   -0.23946502976338
   21    0.85596271661560
   22    0.86436161552967
   23    1.19829884173767
   24    1.20783703396076
   25    1.38413958381861
   26    1.39354891440519
   27    4.20420594566767
   28    4.20710439668313

   kloop=285
   k1=   0.28572 k2=   0.28571 k3=   0.28572

    1   -4.02498440306267
    2   -4.00642451184794
    3   -2.61862087769815
    4   -2.61240838631425
    5   -2.54355308486347
    6   -2.53597007832730
    7   -2.53002738113134
    8   -2.52407559641428
    9   -0.45569705232594
   10   -0.45351052980154
   11   -0.32099293241532
   12   -0.30602675506741
   13   -0.30541952901469
   14   -0.30169965866893
   15   -0.28846002204754
   16   -0.28471546707574
   17   -0.26258354859182
   18   -0.26050999409672
   19   -0.24464476228497
   20   -0.24267475070167
   21    0.57968197163916
   22    0.58738245519772
   23    1.40872152574655
   24    1.41444295269214
   25    1.43798717378107
   26    1.44373702883739
   27    3.23592827411464
   28    3.24004640528603

   kloop=286
   k1=   0.28572 k2=   0.28571 k3=   0.42857

    1   -4.02474575855001
    2   -4.00618286278622
    3   -2.61924841582571
    4   -2.61297599114273
    5   -2.54435029964978
    6   -2.53678600133390
    7   -2.53046932075623
    8   -2.52494308005126
    9   -0.41205800253595
   10   -0.40770626008241
   11   -0.32569313859094
   12   -0.31248587781498
   13   -0.31015302691016
   14   -0.29924042976381
   15   -0.29406365160355
   16   -0.28101229713633
   17   -0.26735348151079
   18   -0.24811762008407
   19   -0.22486902251579
   20   -0.20779937319290
   21    0.41356729582881
   22    0.42112906028403
   23    1.04334435452786
   24    1.05215232436768
   25    1.43281182091054
   26    1.44307667756205
   27    2.87269327586300
   28    2.87674403100436

   kloop=287
   k1=   0.28572 k2=   0.42857 k3=  -0.42857

    1   -4.02443033743695
    2   -4.00586349388304
    3   -2.61996160015281
    4   -2.61377523842236
    5   -2.54515728058365
    6   -2.53780282822147
    7   -2.53160087828480
    8   -2.52584253362859
    9   -0.36425641887151
   10   -0.35334013252704
   11   -0.33871989570078
   12   -0.32731688703160
   13   -0.32215512056009
   14   -0.30568801652999
   15   -0.27954864200633
   16   -0.26575537707328
   17   -0.24985226470725
   18   -0.22916675023185
   19   -0.11152858712539
   20   -0.10100593609296
   21    0.17243770312372
   22    0.17979054410715
   23    0.76433701041657
   24    0.77206011333995
   25    0.96407704654596
   26    0.97254014070033
   27    2.48340670328293
   28    2.48588229995269

   kloop=288
   k1=   0.28572 k2=   0.42857 k3=  -0.28571

    1   -4.02429103636788
    2   -4.00572230352947
    3   -2.62011977823193
    4   -2.61422886012254
    5   -2.54502283967698
    6   -2.53852454472103
    7   -2.53258630910866
    8   -2.52598268335375
    9   -0.35695636657259
   10   -0.34704701155860
   11   -0.34577201524839
   12   -0.33014267464012
   13   -0.32053042364130
   14   -0.30404238980793
   15   -0.26953085542036
   16   -0.25652909973981
   17   -0.24400416199011
   18   -0.22239794540398
   19    0.09512068311272
   20    0.10217325026542
   21    0.16326995497180
   22    0.17089128892339
   23    0.30998151396795
   24    0.31614305453337
   25    0.67650615375895
   26    0.68406746242423
   27    2.20084924113813
   28    2.20220058893506

   kloop=289
   k1=   0.28572 k2=   0.42857 k3=  -0.14286

    1   -4.02431727328477
    2   -4.00574949115164
    3   -2.61998120997460
    4   -2.61432700967710
    5   -2.54452340651274
    6   -2.53863304715848
    7   -2.53304891614560
    8   -2.52552428634478
    9   -0.37295559995236
   10   -0.36423625211564
   11   -0.35819817156148
   12   -0.34159236335455
   13   -0.29725534086124
   14   -0.28046285574174
   15   -0.25704041167076
   16   -0.24515462394885
   17   -0.24277332795482
   18   -0.22313292891511
   19   -0.07559925601787
   20   -0.06742390327956
   21    0.43571182534276
   22    0.44151843594169
   23    0.49249258614998
   24    0.50025689646135
   25    0.54913605691249
   26    0.55571197637682
   27    2.49758933489034
   28    2.50021525126553

   kloop=290
   k1=   0.28572 k2=   0.42857 k3=   0.00000

    1   -4.02449110332597
    2   -4.00592628879618
    3   -2.61959191734320
    4   -2.61394265777106
    5   -2.54399941241485
    6   -2.53808118316560
    7   -2.53257643194596
    8   -2.52493025055776
    9   -0.38772978680843
   10   -0.38116249553006
   11   -0.35711127705595
   12   -0.34085556685113
   13   -0.29447698146434
   14   -0.27982130061992
   15   -0.26802156322265
   16   -0.25212689947934
   17   -0.24340356841301
   18   -0.22663956213140
   19   -0.20046008228805
   20   -0.18714955678521
   21    0.53303862656762
   22    0.54036691725034
   23    0.81960692532722
   24    0.82674943353979
   25    0.93158432255459
   26    0.93993416238266
   27    3.20019731132642
   28    3.20343319680433

   kloop=291
   k1=   0.28572 k2=   0.42857 k3=   0.14286

    1   -4.02468253885763
    2   -4.00611948682855
    3   -2.61921289332097
    4   -2.61333285141799
    5   -2.54388013365243
    6   -2.53717999976381
    7   -2.53162568575104
    8   -2.52461389445345
    9   -0.40448907268639
   10   -0.40070850062857
   11   -0.34348122127702
   12   -0.32672629929658
   13   -0.31547695949562
   14   -0.30197387798119
   15   -0.27198460201429
   16   -0.26976911475795
   17   -0.25812433859220
   18   -0.25018496511974
   19   -0.22167659115153
   20   -0.20495882356239
   21    0.67778366322720
   22    0.68631682421162
   23    0.78705039495427
   24    0.79445630720482
   25    1.20652196641208
   26    1.21534272130003
   27    3.12131251669878
   28    3.12490260811695

   kloop=292
   k1=   0.28572 k2=   0.42857 k3=   0.28572

    1   -4.02474576273025
    2   -4.00618286736465
    3   -2.61920732066711
    4   -2.61302804750303
    5   -2.54426364533752
    6   -2.53664066910181
    7   -2.53093139617789
    8   -2.52470192701044
    9   -0.41206196423777
   10   -0.40770639352423
   11   -0.32569277042035
   12   -0.31233550417827
   13   -0.31031553931624
   14   -0.29933189648397
   15   -0.29391543963363
   16   -0.28102547949972
   17   -0.26737225783520
   18   -0.24813619178821
   19   -0.22485870210869
   20   -0.20780439270358
   21    0.41356495216198
   22    0.42112821096229
   23    1.04336468565726
   24    1.05216821152750
   25    1.43281567697276
   26    1.44307561019838
   27    2.87270604967902
   28    2.87675751040386

   kloop=293
   k1=   0.28572 k2=   0.42857 k3=   0.42857

    1   -4.02463278451245
    2   -4.00606826661906
    3   -2.61957055167034
    4   -2.61325384466868
    5   -2.54482788914875
    6   -2.53695228631608
    7   -2.53090596437937
    8   -2.52521472333957
    9   -0.39666419224487
   10   -0.38943332271054
   11   -0.32380823365743
   12   -0.31257307813538
   13   -0.31104692916113
   14   -0.29851921363313
   15   -0.29320897812496
   16   -0.28068533700676
   17   -0.24447002888338
   18   -0.22541555309243
   19   -0.21365345555813
   20   -0.19903498841151
   21    0.23412286685752
   22    0.24160929034373
   23    1.18372829419203
   24    1.19287504802599
   25    1.25153084656908
   26    1.26038059096358
   27    3.07690098432982
   28    3.08181689417838

   kloop=294
   k1=   0.42857 k2=  -0.42857 k3=  -0.42857

    1   -4.02452085867831
    2   -4.00595429205558
    3   -2.61983204167449
    4   -2.61357472384304
    5   -2.54512355094726
    6   -2.53728956682189
    7   -2.53151190179868
    8   -2.52532180422351
    9   -0.38507199732601
   10   -0.37398269011797
   11   -0.32097965196147
   12   -0.30902783089069
   13   -0.29954443396167
   14   -0.29269909794533
   15   -0.28487993878520
   16   -0.27627052156924
   17   -0.24757608739106
   18   -0.22759214709064
   19   -0.12653057049816
   20   -0.11759758895367
   21    0.00393137479910
   22    0.01322184007465
   23    1.10084765590917
   24    1.10977497117718
   25    1.27892540475027
   26    1.28868813347140
   27    2.92163758821061
   28    2.92675422527732

   kloop=295
   k1=   0.42857 k2=  -0.42857 k3=  -0.28571

    1   -4.02443033560700
    2   -4.00586349397570
    3   -2.61987265015926
    4   -2.61388752743800
    5   -2.54485631861572
    6   -2.53786103555819
    7   -2.53218125117388
    8   -2.52548155388744
    9   -0.36425349227824
   10   -0.35335206677326
   11   -0.33869663510928
   12   -0.32737251040409
   13   -0.32211636967617
   14   -0.30567255763468
   15   -0.27957615326436
   16   -0.26573276761141
   17   -0.24985961166004
   18   -0.22916417918341
   19   -0.11153633625617
   20   -0.10100837597383
   21    0.17244352830118
   22    0.17979566834556
   23    0.76435201263277
   24    0.77206768589699
   25    0.96406985994351
   26    0.97252598375646
   27    2.48341393466337
   28    2.48588453498511

   kloop=296
   k1=   0.42857 k2=  -0.42857 k3=  -0.14286

    1   -4.02431737769691
    2   -4.00574971590269
    3   -2.61998434662456
    4   -2.61432965892713
    5   -2.54453840348567
    6   -2.53860619392790
    7   -2.53307348322398
    8   -2.52549541029065
    9   -0.37289215584094
   10   -0.36406079844432
   11   -0.35832936612190
   12   -0.34194212873808
   13   -0.29780260966425
   14   -0.28181344652617
   15   -0.25690722875321
   16   -0.24482300252303
   17   -0.24237992894924
   18   -0.22261886777039
   19   -0.07537842293022
   20   -0.06689575614945
   21    0.43597286216084
   22    0.44186978380105
   23    0.49253597026267
   24    0.50023047144736
   25    0.54897000524179
   26    0.55542791781071
   27    2.49744235748992
   28    2.50000866633093

   kloop=297
   k1=   0.42857 k2=  -0.42857 k3=   0.00000

    1   -4.02426649282317
    2   -4.00569868476969
    3   -2.62006914645246
    4   -2.61455737532807
    5   -2.54441301186745
    6   -2.53893251301851
    7   -2.53349210141846
    8   -2.52544100330016
    9   -0.38208030576238
   10   -0.37309112756843
   11   -0.36725881680861
   12   -0.35111066735743
   13   -0.26690307649005
   14   -0.25144770463650
   15   -0.24687953220494
   16   -0.24328912590798
   17   -0.23616630762605
   18   -0.22216292189027
   19   -0.01279924693363
   20   -0.00663072748897
   21    0.20276240818058
   22    0.20901866180694
   23    0.43041413531220
   24    0.43703736443794
   25    0.82587525719246
   26    0.83372511730878
   27    2.83634040017956
   28    2.83905994426473

   kloop=298
   k1=   0.42857 k2=  -0.42857 k3=   0.14286

    1   -4.02431738014534
    2   -4.00574971843137
    3   -2.61998434457288
    4   -2.61432964525911
    5   -2.54453841585438
    6   -2.53860616990376
    7   -2.53307345822615
    8   -2.52549541587020
    9   -0.37289166630852
   10   -0.36406031712017
   11   -0.35832890235073
   12   -0.34194166083004
   13   -0.29780392041314
   14   -0.28181482754759
   15   -0.25690759393315
   16   -0.24482325052946
   17   -0.24238029553673
   18   -0.22261905558599
   19   -0.07538013048110
   20   -0.06689737941658
   21    0.43598234520553
   22    0.44187915746297
   23    0.49253180154988
   24    0.50022624173649
   25    0.54896976620018
   26    0.55542772638421
   27    2.49743148432428
   28    2.49999777725623

   kloop=299
   k1=   0.42857 k2=  -0.42857 k3=   0.28572

    1   -4.02443033877224
    2   -4.00586349699860
    3   -2.61987265010309
    4   -2.61388751415287
    5   -2.54485633576184
    6   -2.53786100638267
    7   -2.53218122331382
    8   -2.52548155502637
    9   -0.36425399473086
   10   -0.35335248994162
   11   -0.33869599986187
   12   -0.32737204040847
   13   -0.32211592862202
   14   -0.30567204433414
   15   -0.27957690435249
   16   -0.26573352031416
   17   -0.24985965567706
   18   -0.22916425463278
   19   -0.11153686444127
   20   -0.10100889359213
   21    0.17243656398940
   22    0.17978873105056
   23    0.76436119360567
   24    0.77207690282468
   25    0.96408397769210
   26    0.97254016427711
   27    2.48342424755963
   28    2.48589488381755

   kloop=300
   k1=   0.42857 k2=  -0.42857 k3=   0.42857

    1   -4.02452086091391
    2   -4.00595429403888
    3   -2.61983204202837
    4   -2.61357471792540
    5   -2.54512355775098
    6   -2.53728955456572
    7   -2.53151189026848
    8   -2.52532180182435
    9   -0.38507236303434
   10   -0.37398306403565
   11   -0.32097939766970
   12   -0.30902754284099
   13   -0.29954465477050
   14   -0.29269849165630
   15   -0.28488013040122
   16   -0.27626987364245
   17   -0.24757589715698
   18   -0.22759196494206
   19   -0.12653095726401
   20   -0.11759807273908
   21    0.00392897621276
   22    0.01321951555314
   23    1.10085605639592
   24    1.10978339272144
   25    1.27892699156535
   26    1.28868972533110
   27    2.92164658645268
   28    2.92676330446574

   kloop=301
   k1=   0.42857 k2=  -0.28572 k3=  -0.42857

    1   -4.02443034351275
    2   -4.00586349835913
    3   -2.62006370624654
    4   -2.61364508441160
    5   -2.54560655512854
    6   -2.53734665551615
    7   -2.53130217835146
    8   -2.52617611515853
    9   -0.36426143154748
   10   -0.35333956186740
   11   -0.33870866244184
   12   -0.32738755634851
   13   -0.32206765501467
   14   -0.30573842640969
   15   -0.27949255264135
   16   -0.26579908278397
   17   -0.24982756544093
   18   -0.22917427386813
   19   -0.11154148855211
   20   -0.10100467357430
   21    0.17243896589233
   22    0.17979343517550
   23    0.76434941315472
   24    0.77206735052059
   25    0.96408701771373
   26    0.97254815082133
   27    2.48341857441654
   28    2.48589566897913

   kloop=302
   k1=   0.42857 k2=  -0.28572 k3=  -0.28571

    1   -4.02446495069808
    2   -4.00589831247900
    3   -2.61989683447565
    4   -2.61365280645089
    5   -2.54522209556191
    6   -2.53738617872097
    7   -2.53161893639893
    8   -2.52578958051742
    9   -0.36066646566662
   10   -0.35008387548154
   11   -0.33318680609205
   12   -0.32871742929988
   13   -0.32175750301573
   14   -0.31241343071110
   15   -0.28038969559432
   16   -0.26782888631228
   17   -0.26346758488340
   18   -0.24234986261809
   19   -0.13502915020905
   20   -0.12294404620207
   21    0.32935647094055
   22    0.33756055649363
   23    0.46689290853086
   24    0.47305314572860
   25    1.21501787642317
   26    1.22463781289188
   27    2.53812101177234
   28    2.54066667118524

   kloop=303
   k1=   0.42857 k2=  -0.28572 k3=  -0.14286

    1   -4.02443006906104
    2   -4.00586295617284
    3   -2.61986520602782
    4   -2.61388511775598
    5   -2.54484254966282
    6   -2.53786374134552
    7   -2.53217475264234
    8   -2.52553536958421
    9   -0.36275729741742
   10   -0.35047423083332
   11   -0.33892145560083
   12   -0.32786073966154
   13   -0.32301489885972
   14   -0.30769423254937
   15   -0.27905812437059
   16   -0.26391291702488
   17   -0.25045819759438
   18   -0.23142522406630
   19   -0.11164744504875
   20   -0.10089352090992
   21    0.17220831071618
   22    0.17967768766659
   23    0.76484759066492
   24    0.77248486643453
   25    0.96413884008554
   26    0.97264283103866
   27    2.48362451187314
   28    2.48635545789974

   kloop=304
   k1=   0.42857 k2=  -0.28572 k3=   0.00000

    1   -4.02435166652928
    2   -4.00578357299567
    3   -2.61997828765831
    4   -2.61415798788090
    5   -2.54473853505491
    6   -2.53837681192393
    7   -2.53261289264862
    8   -2.52562604041169
    9   -0.36289996489350
   10   -0.34998733448808
   11   -0.34877372232246
   12   -0.33760593566023
   13   -0.30751846318129
   14   -0.29037032043876
   15   -0.27400674552056
   16   -0.25973473687839
   17   -0.24688804877237
   18   -0.22813402469463
   19   -0.01248627078611
   20   -0.00401192365846
   21    0.08321196568702
   22    0.09049565048443
   23    0.53558845681443
   24    0.54253983792580
   25    1.00771285057762
   26    1.01646492297809
   27    2.51698352971697
   28    2.51902037920594

   kloop=305
   k1=   0.42857 k2=  -0.28572 k3=   0.14286

    1   -4.02429097208773
    2   -4.00572205723584
    3   -2.62011550721082
    4   -2.61422829704969
    5   -2.54501675484432
    6   -2.53850826369291
    7   -2.53260299196744
    8   -2.52600806280650
    9   -0.35673170957392
   10   -0.34672080496285
   11   -0.34568662781447
   12   -0.32992469373877
   13   -0.32022246312265
   14   -0.30320437371233
   15   -0.26957593277622
   16   -0.25663435090391
   17   -0.24438905374481
   18   -0.22359281549199
   19    0.09505980938809
   20    0.10211172941790
   21    0.16327753357866
   22    0.17106602759176
   23    0.30969604359653
   24    0.31573370166942
   25    0.67680835151873
   26    0.68434878736792
   27    2.20112612907766
   28    2.20270146026484

   kloop=306
   k1=   0.42857 k2=  -0.28572 k3=   0.28572

    1   -4.02429104381146
    2   -4.00572230502079
    3   -2.62022754334580
    4   -2.61409287699367
    5   -2.54547890909336
    6   -2.53819596845112
    7   -2.53212171606311
    8   -2.52634799623550
    9   -0.35694874993852
   10   -0.34727819822673
   11   -0.34553372099166
   12   -0.33016651255259
   13   -0.32054090943719
   14   -0.30400791453497
   15   -0.26955947951860
   16   -0.25651493689709
   17   -0.24400257315366
   18   -0.22240007021688
   19    0.09510619471448
   20    0.10217299561873
   21    0.16327147457544
   22    0.17090540716097
   23    0.30998396270989
   24    0.31614252267450
   25    0.67650802381508
   26    0.68406720420420
   27    2.20084266466166
   28    2.20220243864630

   kloop=307
   k1=   0.42857 k2=  -0.28572 k3=   0.42857

    1   -4.02435189040956
    2   -4.00578417505348
    3   -2.62022769679518
    4   -2.61385620243942
    5   -2.54573731657204
    6   -2.53770066312249
    7   -2.53153329125304
    8   -2.52640204409783
    9   -0.36419367717479
   10   -0.35223871504214
   11   -0.34862007896584
   12   -0.33649873093202
   13   -0.30788986217508
   14   -0.29134606819393
   15   -0.27403687758205
   16   -0.26027467904237
   17   -0.24610160856427
   18   -0.22517521679542
   19   -0.01233110490721
   20   -0.00406784568435
   21    0.08342049442131
   22    0.09065980172192
   23    0.53557634074251
   24    0.54247000866313
   25    1.00713622795502
   26    1.01595649234904
   27    2.51661234252226
   28    2.51825435122129

   kloop=308
   k1=   0.42857 k2=  -0.14286 k3=  -0.42857

    1   -4.02431740206590
    2   -4.00574972003187
    3   -2.62037238415322
    4   -2.61383896441292
    5   -2.54607614611086
    6   -2.53766154834621
    7   -2.53111108180754
    8   -2.52696736429802
    9   -0.37289686955950
   10   -0.36404705840049
   11   -0.35834201864691
   12   -0.34194618445532
   13   -0.29780092199116
   14   -0.28182395334449
   15   -0.25695992648318
   16   -0.24392838984180
   17   -0.24321556583885
   18   -0.22261019476154
   19   -0.07538513634996
   20   -0.06689160597284
   21    0.43591999268799
   22    0.44196915557170
   23    0.49253320048843
   24    0.50017496249475
   25    0.54911060875476
   26    0.55530839333788
   27    2.49741705055176
   28    2.50000230177752

   kloop=309
   k1=   0.42857 k2=  -0.14286 k3=  -0.28571

    1   -4.02443007803981
    2   -4.00586296062946
    3   -2.62005676400928
    4   -2.61364206319855
    5   -2.54559408633132
    6   -2.53735518829625
    7   -2.53127265461003
    8   -2.52624594236113
    9   -0.36276703571377
   10   -0.35045869361774
   11   -0.33893557172925
   12   -0.32788627216017
   13   -0.32295788755379
   14   -0.30774738618892
   15   -0.27898650081822
   16   -0.26397555043292
   17   -0.25042821654874
   18   -0.23143517075830
   19   -0.11165142461184
   20   -0.10089083981298
   21    0.17220491056297
   22    0.17967497326203
   23    0.76484430308450
   24    0.77248469945113
   25    0.96415677211746
   26    0.97266388081137
   27    2.48363028191708
   28    2.48636477009689

   kloop=310
   k1=   0.42857 k2=  -0.14286 k3=  -0.14286

    1   -4.02451997971892
    2   -4.00595301077480
    3   -2.61981734596418
    4   -2.61356951308839
    5   -2.54510102130130
    6   -2.53729567711013
    7   -2.53148752109318
    8   -2.52543567128475
    9   -0.38348198373288
   10   -0.37099377124100
   11   -0.32103494058340
   12   -0.30892255089917
   13   -0.29884407380914
   14   -0.29366111630007
   15   -0.28265494288390
   16   -0.27920666049480
   17   -0.24810752006238
   18   -0.22993187608416
   19   -0.12704562946733
   20   -0.11842466793216
   21    0.00385703120749
   22    0.01389348098842
   23    1.10176395409527
   24    1.11068247406530
   25    1.27909422146443
   26    1.28889999236397
   27    2.92222129361741
   28    2.92806300688013

   kloop=311
   k1=   0.42857 k2=  -0.14286 k3=   0.00000

    1   -4.02451988384028
    2   -4.00595286504295
    3   -2.61976951805071
    4   -2.61362779274861
    5   -2.54488624237284
    6   -2.53751611332002
    7   -2.53159147338165
    8   -2.52532239134924
    9   -0.38346896850149
   10   -0.37108491743570
   11   -0.32045827041987
   12   -0.30795686759867
   13   -0.29960014776773
   14   -0.29244634969458
   15   -0.28546903314869
   16   -0.27714976767346
   17   -0.24834377290923
   18   -0.23041212014794
   19   -0.12713332668137
   20   -0.11901310484215
   21    0.00386694410662
   22    0.01414341560504
   23    1.10116861777644
   24    1.11015001742633
   25    1.27972030862964
   26    1.28943417900079
   27    2.92231445989508
   28    2.92835134586834

   kloop=312
   k1=   0.42857 k2=  -0.14286 k3=   0.14286

    1   -4.02442989605646
    2   -4.00586264705889
    3   -2.61994993360907
    4   -2.61377124029761
    5   -2.54513660704751
    6   -2.53779825282114
    7   -2.53159101446306
    8   -2.52593380815211
    9   -0.36299729313071
   10   -0.35129555940066
   11   -0.33878850904936
   12   -0.32722588381211
   13   -0.32186097383932
   14   -0.30469632475223
   15   -0.27966490452939
   16   -0.26589313752997
   17   -0.25061426433263
   18   -0.23171533749135
   19   -0.11182853615405
   20   -0.10159243762342
   21    0.17216647807225
   22    0.17979051662871
   23    0.76427764154577
   24    0.77194344736571
   25    0.96465039145603
   26    0.97314595299347
   27    2.48379411405077
   28    2.48673469708053

   kloop=313
   k1=   0.42857 k2=  -0.14286 k3=   0.28572

    1   -4.02431728532624
    2   -4.00574948621799
    3   -2.62028798508165
    4   -2.61394042413900
    5   -2.54573833753216
    6   -2.53796215515678
    7   -2.53145970814955
    8   -2.52664939434788
    9   -0.37295937638189
   10   -0.36422922291301
   11   -0.35820497798958
   12   -0.34160231530872
   13   -0.29724494902555
   14   -0.28043229565676
   15   -0.25708490950467
   16   -0.24517436388381
   17   -0.24273013091783
   18   -0.22313993213560
   19   -0.07558813832327
   20   -0.06741571881526
   21    0.43568610715503
   22    0.44152271553851
   23    0.49256899801905
   24    0.50012506673816
   25    0.54926636905053
   26    0.55559989384792
   27    2.49756766873026
   28    2.50020814781238

   kloop=314
   k1=   0.42857 k2=  -0.14286 k3=   0.42857

    1   -4.02426645917005
    2   -4.00569875086702
    3   -2.62051134118614
    4   -2.61400157841616
    5   -2.54617680022568
    6   -2.53791686397942
    7   -2.53125653486654
    8   -2.52703495381284
    9   -0.38235566551406
   10   -0.37350326112524
   11   -0.36709059987054
   12   -0.35079534982023
   13   -0.26761383765616
   14   -0.25141472847643
   15   -0.24928884069894
   16   -0.24189009116686
   17   -0.23656144444257
   18   -0.21966691714761
   19   -0.01284719243763
   20   -0.00690440674860
   21    0.20279042653158
   22    0.20893617502383
   23    0.43054741193648
   24    0.43717819069285
   25    0.82543950270573
   26    0.83337736963411
   27    2.83621197474241
   28    2.83874810827232

   kloop=315
   k1=   0.42857 k2=  -0.00000 k3=  -0.42857

    1   -4.02426652320703
    2   -4.00569868461056
    3   -2.62051058989419
    4   -2.61400071924297
    5   -2.54617024189010
    6   -2.53792842486654
    7   -2.53123087506591
    8   -2.52706437214841
    9   -0.38208446673462
   10   -0.37308017509678
   11   -0.36727165010716
   12   -0.35111471198501
   13   -0.26688298977475
   14   -0.25109599184086
   15   -0.24785125071639
   16   -0.24245579469757
   17   -0.23638753521562
   18   -0.22216632402403
   19   -0.01279596196931
   20   -0.00662330726109
   21    0.20276240109001
   22    0.20901878267369
   23    0.43040872823409
   24    0.43702198405727
   25    0.82588002487684
   26    0.83371889800649
   27    2.83631704219206
   28    2.83905468082284

   kloop=316
   k1=   0.42857 k2=  -0.00000 k3=  -0.28571

    1   -4.02435168470269
    2   -4.00578357865458
    3   -2.62022006226063
    4   -2.61385210062684
    5   -2.54571601473630
    6   -2.53772311409356
    7   -2.53148037979126
    8   -2.52649884621664
    9   -0.36291396478894
   10   -0.34983825877790
   11   -0.34893721326734
   12   -0.33757759624828
   13   -0.30751115567266
   14   -0.29040572098072
   15   -0.27397671623693
   16   -0.25969677609204
   17   -0.24693441922026
   18   -0.22812883675497
   19   -0.01249023916025
   20   -0.00401170793354
   21    0.08320467495425
   22    0.09049107773178
   23    0.53560919214653
   24    0.54255949099930
   25    1.00771764258054
   26    1.01646609178080
   27    2.51698676973331
   28    2.51902777686323

   kloop=317
   k1=   0.42857 k2=  -0.00000 k3=  -0.14286

    1   -4.02451988862271
    2   -4.00595287027708
    3   -2.61981635196270
    4   -2.61356827879930
    5   -2.54509374430414
    6   -2.53730744053643
    7   -2.53147059472748
    8   -2.52545705214889
    9   -0.38347166576932
   10   -0.37108576701027
   11   -0.32050393683194
   12   -0.30777439385961
   13   -0.29949818576812
   14   -0.29322727171442
   15   -0.28464749846604
   16   -0.27741960845130
   17   -0.24834863610089
   18   -0.23041190515341
   19   -0.12714007726727
   20   -0.11901397941431
   21    0.00386613922874
   22    0.01414281550667
   23    1.10118894045602
   24    1.11016845250395
   25    1.27972440092573
   26    1.28943574718228
   27    2.92232889808332
   28    2.92836999966101

   kloop=318
   k1=   0.42857 k2=  -0.00000 k3=   0.00000

    1   -4.02464529981871
    2   -4.00607934859551
    3   -2.61952922110579
    4   -2.61330325451942
    5   -2.54470688127964
    6   -2.53698637436925
    7   -2.53118098844942
    8   -2.52489420841773
    9   -0.40176140326171
   10   -0.39153771520263
   11   -0.31082728223380
   12   -0.30731269379320
   13   -0.29504837433986
   14   -0.29066784481673
   15   -0.24977012463595
   16   -0.24803120002906
   17   -0.24603539025876
   18   -0.24184205343254
   19   -0.23021903954642
   20   -0.22868273297825
   21    0.06922845084607
   22    0.07854572504824
   23    1.37617215155826
   24    1.38177859268126
   25    1.40548970115260
   26    1.41111660254479
   27    3.04034174189333
   28    3.04918706363961

   kloop=319
   k1=   0.42857 k2=  -0.00000 k3=   0.14286

    1   -4.02463208005669
    2   -4.00606716832431
    3   -2.61955717722662
    4   -2.61324910470607
    5   -2.54480701337088
    6   -2.53695273395972
    7   -2.53088364374498
    8   -2.52532327816407
    9   -0.39527207702205
   10   -0.38724834409085
   11   -0.32419647931842
   12   -0.31285957095208
   13   -0.31113345271073
   14   -0.29821713417322
   15   -0.29273423514997
   16   -0.28024666216685
   17   -0.24514647372687
   18   -0.22801753685789
   19   -0.21384943123206
   20   -0.19943472120880
   21    0.23376311872717
   22    0.24161511302492
   23    1.18445048568473
   24    1.19353815203284
   25    1.25203958388721
   26    1.26096507539317
   27    3.07729357840077
   28    3.08299039414933

   kloop=320
   k1=   0.42857 k2=  -0.00000 k3=   0.28572

    1   -4.02449111358823
    2   -4.00592628080813
    3   -2.61994680087978
    4   -2.61349474115722
    5   -2.54540312058664
    6   -2.53727270918689
    7   -2.53075796991323
    8   -2.52624671791453
    9   -0.38773100681770
   10   -0.38115678940526
   11   -0.35712290465595
   12   -0.34086182404479
   13   -0.29447850323239
   14   -0.27977541535870
   15   -0.26807918108684
   16   -0.25201381412967
   17   -0.24350370319741
   18   -0.22661531337919
   19   -0.20047027939938
   20   -0.18713768365884
   21    0.53303261148325
   22    0.54035415345072
   23    0.81956860498872
   24    0.82676239473560
   25    0.93156072062600
   26    0.93994142971646
   27    3.20016038218293
   28    3.20340538208722

   kloop=321
   k1=   0.42857 k2=  -0.00000 k3=   0.42857

    1   -4.02432916172811
    2   -4.00576375795861
    3   -2.62041259231485
    4   -2.61386255256728
    5   -2.54604764279824
    6   -2.53772030372113
    7   -2.53093712974998
    8   -2.52690092471088
    9   -0.39193984323414
   10   -0.38400598553864
   11   -0.37023476055595
   12   -0.35380440821074
   13   -0.24619023098122
   14   -0.24454094102568
   15   -0.24277703527808
   16   -0.23106323578641
   17   -0.22367998509245
   18   -0.22115617671843
   19   -0.15806940449757
   20   -0.15347117121568
   21    0.39273805370997
   22    0.39891448258200
   23    0.79131188660550
   24    0.79149907606195
   25    0.81402019159557
   26    0.81410778480301
   27    3.60772350588114
   28    3.61150735127966

   kloop=322
   k1=   0.42857 k2=   0.14286 k3=  -0.42857

    1   -4.02431739377149
    2   -4.00574971537009
    3   -2.62029230010962
    4   -2.61394152875389
    5   -2.54574090024304
    6   -2.53797590788073
    7   -2.53144860360543
    8   -2.52662833558632
    9   -0.37289586809965
   10   -0.36405351304463
   11   -0.35833558493212
   12   -0.34195147722933
   13   -0.29779502201611
   14   -0.28178845870161
   15   -0.25694180043605
   16   -0.24484250592615
   17   -0.24234307114200
   18   -0.22262504197825
   19   -0.07537044957551
   20   -0.06688990128448
   21    0.43595465586850
   22    0.44188551635647
   23    0.49261173503264
   24    0.50010246698701
   25    0.54910181154444
   26    0.55531701559022
   27    2.49742109931422
   28    2.50000494879541

   kloop=323
   k1=   0.42857 k2=   0.14286 k3=  -0.28571

    1   -4.02429098269291
    2   -4.00572206096356
    3   -2.62022485192192
    4   -2.61409028196613
    5   -2.54546289603492
    6   -2.53822505431053
    7   -2.53208051494739
    8   -2.52639626569963
    9   -0.35672507555196
   10   -0.34699398613542
   11   -0.34540484034516
   12   -0.32995310665085
   13   -0.32023027022271
   14   -0.30316604754139
   15   -0.26960871214158
   16   -0.25661655034730
   17   -0.24439015674113
   18   -0.22359492042576
   19    0.09504387129441
   20    0.10211035650651
   21    0.16327552630061
   22    0.17107893040239
   23    0.30969721927988
   24    0.31573450056881
   25    0.67682181763459
   26    0.68435953434187
   27    2.20113024941795
   28    2.20270847406951

   kloop=324
   k1=   0.42857 k2=   0.14286 k3=  -0.14286

    1   -4.02442989993528
    2   -4.00586265390543
    3   -2.61986214997577
    4   -2.61388198735053
    5   -2.54482530068453
    6   -2.53789348657722
    7   -2.53213956808520
    8   -2.52557824500270
    9   -0.36299322351067
   10   -0.35130899265465
   11   -0.33876403736697
   12   -0.32727064369259
   13   -0.32183541737076
   14   -0.30467952767628
   15   -0.27969300792839
   16   -0.26587200720193
   17   -0.25062249425629
   18   -0.23171232634380
   19   -0.11183724397468
   20   -0.10159482349994
   21    0.17216256071700
   22    0.17978753831085
   23    0.76430203675275
   24    0.77196215320468
   25    0.96466755249282
   26    0.97315776938482
   27    2.48381404054330
   28    2.48675559102024

   kloop=325
   k1=   0.42857 k2=   0.14286 k3=   0.00000

    1   -4.02463208220049
    2   -4.00606717391718
    3   -2.61942238585394
    4   -2.61341978252534
    5   -2.54429894474446
    6   -2.53722345719089
    7   -2.53158537197492
    8   -2.52482289734387
    9   -0.39527226910606
   10   -0.38724908025153
   11   -0.32416778235700
   12   -0.31315291164742
   13   -0.31089304655907
   14   -0.29788691834631
   15   -0.29311095629143
   16   -0.28017031633065
   17   -0.24514403160157
   18   -0.22805468607447
   19   -0.21380402878912
   20   -0.19945492199221
   21    0.23376123071581
   22    0.24161377044872
   23    1.18452228788396
   24    1.19347054167691
   25    1.25213256297088
   26    1.26090866040616
   27    3.07729374976314
   28    3.08299401945379

   kloop=326
   k1=   0.42857 k2=   0.14286 k3=   0.14286

    1   -4.02474533530156
    2   -4.00618218630092
    3   -2.61919906993402
    4   -2.61302505054112
    5   -2.54424991351559
    6   -2.53664523568641
    7   -2.53091701759681
    8   -2.52476632847202
    9   -0.41119154841831
   10   -0.40645069398661
   11   -0.32629887830419
   12   -0.31255983297181
   13   -0.31081401962875
   14   -0.29939259547289
   15   -0.29349105322040
   16   -0.27868481289851
   17   -0.26798582346248
   18   -0.25045751300387
   19   -0.22495307891487
   20   -0.20814806382377
   21    0.41311004767457
   22    0.42090386400200
   23    1.04423402148891
   24    1.05298113012957
   25    1.43292569456077
   26    1.44320371778844
   27    2.87300516292916
   28    2.87761119091227

   kloop=327
   k1=   0.42857 k2=   0.14286 k3=   0.28572

    1   -4.02468253625402
    2   -4.00611947743687
    3   -2.61943065661544
    4   -2.61305735857469
    5   -2.54473268289563
    6   -2.53665726331765
    7   -2.53055655873223
    8   -2.52541111594671
    9   -0.40448723544418
   10   -0.40070643634195
   11   -0.34348175381303
   12   -0.32675840691228
   13   -0.31549847601421
   14   -0.30189955842314
   15   -0.27139265797976
   16   -0.27054219208674
   17   -0.25789581367264
   18   -0.25023170486553
   19   -0.22170924698581
   20   -0.20494370486337
   21    0.67781226913497
   22    0.68627636140089
   23    0.78709311960268
   24    0.79440334049445
   25    1.20650884906213
   26    1.21533461667690
   27    3.12130627011595
   28    3.12490024941641

   kloop=328
   k1=   0.42857 k2=   0.14286 k3=   0.42857

    1   -4.02449119988022
    2   -4.00592657767954
    3   -2.61995214692760
    4   -2.61349670044325
    5   -2.54541092952931
    6   -2.53727582315631
    7   -2.53076928823150
    8   -2.52619968051136
    9   -0.38816552748432
   10   -0.38175727755698
   11   -0.35693325260564
   12   -0.34060084669318
   13   -0.29521009968529
   14   -0.28153123972498
   15   -0.26799308042367
   16   -0.25231649273240
   17   -0.24289955184669
   18   -0.22396713219902
   19   -0.20038277058870
   20   -0.18732849279295
   21    0.53339738766124
   22    0.54057114123802
   23    0.81939794325139
   24    0.82653806114173
   25    0.93104116059821
   26    0.93950520290566
   27    3.20012528233310
   28    3.20316016146095

   kloop=329
   k1=   0.42857 k2=   0.28571 k3=  -0.42857

    1   -4.02443033490984
    2   -4.00586349131539
    3   -2.61996160734308
    4   -2.61377524168979
    5   -2.54515729741861
    6   -2.53780282589578
    7   -2.53160087907970
    8   -2.52584255192774
    9   -0.36425623272799
   10   -0.35333995857351
   11   -0.33872033656752
   12   -0.32731724041751
   13   -0.32215516565251
   14   -0.30568807564361
   15   -0.27954824797909
   16   -0.26575498493474
   17   -0.24985200473942
   18   -0.22916647693395
   19   -0.11152756732852
   20   -0.10100495815969
   21    0.17243919786019
   22    0.17979202339507
   23    0.76433753216075
   24    0.77206063158995
   25    0.96406440328595
   26    0.97252744387057
   27    2.48340155093436
   28    2.48587712827883

   kloop=330
   k1=   0.42857 k2=   0.28571 k3=  -0.28571

    1   -4.02429103555910
    2   -4.00572230272637
    3   -2.62011978060687
    4   -2.61422885887038
    5   -2.54502284976062
    6   -2.53852453922772
    7   -2.53258630276034
    8   -2.52598269830787
    9   -0.35695631100953
   10   -0.34704697383690
   11   -0.34577150787780
   12   -0.33014214188446
   13   -0.32053108203036
   14   -0.30404305587024
   15   -0.26953097448117
   16   -0.25652921666462
   17   -0.24400390691636
   18   -0.22239770094308
   19    0.09512237037533
   20    0.10217493174145
   21    0.16327219438532
   22    0.17089353214803
   23    0.30998240437898
   24    0.31614393578809
   25    0.67649338579490
   26    0.68405465925595
   27    2.20084091783168
   28    2.20219226702151

   kloop=331
   k1=   0.42857 k2=   0.28571 k3=  -0.14286

    1   -4.02431727260197
    2   -4.00574949044350
    3   -2.61998121071560
    4   -2.61432700711423
    5   -2.54452341277938
    6   -2.53863304706581
    7   -2.53304891073549
    8   -2.52552429550658
    9   -0.37295513239958
   10   -0.36423575974821
   11   -0.35819783418767
   12   -0.34159203384297
   13   -0.29725621969035
   14   -0.28046373482437
   15   -0.25704076540327
   16   -0.24515474787386
   17   -0.24277356478366
   18   -0.22313293564736
   19   -0.07559746751845
   20   -0.06742209768158
   21    0.43571235998386
   22    0.44151893082539
   23    0.49248690842737
   24    0.50025115769274
   25    0.54913348854847
   26    0.55570944283916
   27    2.49757670614507
   28    2.50020260735286

   kloop=332
   k1=   0.42857 k2=   0.28571 k3=   0.00000

    1   -4.02449110360789
    2   -4.00592628907196
    3   -2.61959191850105
    4   -2.61394265958313
    5   -2.54399941331765
    6   -2.53808118841720
    7   -2.53257643488594
    8   -2.52493025408040
    9   -0.38772921651652
   10   -0.38116185586464
   11   -0.35711098318645
   12   -0.34085532962589
   13   -0.29447788607476
   14   -0.27982216262501
   15   -0.26802205654065
   16   -0.25212741679851
   17   -0.24340350584167
   18   -0.22663941023035
   19   -0.20045850544345
   20   -0.18714801760411
   21    0.53302525747483
   22    0.54035352475388
   23    0.81960873418174
   24    0.82675126401493
   25    0.93158722853045
   26    0.93993708260316
   27    3.20016857030808
   28    3.20340446067914

   kloop=333
   k1=   0.42857 k2=   0.28571 k3=   0.14286

    1   -4.02468253617479
    2   -4.00611948315818
    3   -2.61921289837368
    4   -2.61333285917919
    5   -2.54388013857037
    6   -2.53718001116616
    7   -2.53162569756078
    8   -2.52461389890844
    9   -0.40448838274592
   10   -0.40070776294752
   11   -0.34348105373306
   12   -0.32672614687106
   13   -0.31547727701424
   14   -0.30197420694972
   15   -0.27198458698760
   16   -0.26976936356510
   17   -0.25812444802291
   18   -0.25018507997273
   19   -0.22167579427675
   20   -0.20495804635181
   21    0.67777747825487
   22    0.68631064754104
   23    0.78704557553665
   24    0.79445144695686
   25    1.20652382811000
   26    1.21534460353537
   27    3.12128965373593
   28    3.12487975727092

   kloop=334
   k1=   0.42857 k2=   0.28571 k3=   0.28572

    1   -4.02474575852411
    2   -4.00618286332167
    3   -2.61920732820245
    4   -2.61302805652711
    5   -2.54426365420685
    6   -2.53664068105314
    7   -2.53093140875462
    8   -2.52470194179041
    9   -0.41206121960349
   10   -0.40770562374225
   11   -0.32569314776719
   12   -0.31233578596759
   13   -0.31031584319061
   14   -0.29933199532333
   15   -0.29391530073877
   16   -0.28102515497442
   17   -0.26737249579228
   18   -0.24813639679811
   19   -0.22485783311139
   20   -0.20780354736316
   21    0.41356693985831
   22    0.42113020394746
   23    1.04335254582443
   24    1.05215602671989
   25    1.43281383880803
   26    1.44307376148094
   27    2.87269686479105
   28    2.87674829221965

   kloop=335
   k1=   0.42857 k2=   0.28571 k3=   0.42857

    1   -4.02463278092738
    2   -4.00606826348561
    3   -2.61957056030521
    4   -2.61325385256052
    5   -2.54482790199768
    6   -2.53695229162113
    7   -2.53090597278106
    8   -2.52521474238366
    9   -0.39666360619718
   10   -0.38943271260713
   11   -0.32380902721235
   12   -0.31257356573141
   13   -0.31104739565286
   14   -0.29851910416721
   15   -0.29320889762274
   16   -0.28068492756734
   17   -0.24446993590521
   18   -0.22541543655904
   19   -0.21365234946035
   20   -0.19903393507725
   21    0.23412442454220
   22    0.24161083726059
   23    1.18372266483822
   24    1.19286937908611
   25    1.25152282961596
   26    1.26037250512725
   27    3.07689965059849
   28    3.08181550381514

   kloop=336
   k1=   0.42857 k2=   0.42857 k3=  -0.42857

    1   -4.02452085670797
    2   -4.00595428943647
    3   -2.61978601431374
    4   -2.61363321605092
    5   -2.54491420600302
    6   -2.53751431149713
    7   -2.53160698387740
    8   -2.52519890557933
    9   -0.38506955712832
   10   -0.37398269092095
   11   -0.32093958464070
   12   -0.30917459480840
   13   -0.29965506386973
   14   -0.29191953158767
   15   -0.28565130882048
   16   -0.27606456583496
   17   -0.24757964615711
   18   -0.22759004326124
   19   -0.12652161955709
   20   -0.11759732758499
   21    0.00392923623655
   22    0.01322007386810
   23    1.10083720034436
   24    1.10976724003794
   25    1.27892015691259
   26    1.28868638981704
   27    2.92163068315995
   28    2.92674563653961

   kloop=337
   k1=   0.42857 k2=   0.42857 k3=  -0.28571

    1   -4.02435187529337
    2   -4.00578417006041
    3   -2.61998711450068
    4   -2.61416059054567
    5   -2.54475952787197
    6   -2.53837731700216
    7   -2.53261177261332
    8   -2.52556093421271
    9   -0.36418289967196
   10   -0.35228038349188
   11   -0.34856374024242
   12   -0.33652810119455
   13   -0.30789402655019
   14   -0.29130210250588
   15   -0.27407442747174
   16   -0.26029894575771
   17   -0.24607296170276
   18   -0.22517707045250
   19   -0.01232636845499
   20   -0.00406952305813
   21    0.08342991471393
   22    0.09066327782700
   23    0.53555616236028
   24    0.54245180797764
   25    1.00712959135217
   26    1.01595328681933
   27    2.51661457722988
   28    2.51823976054138

   kloop=338
   k1=   0.42857 k2=   0.42857 k3=  -0.14286

    1   -4.02426643101765
    2   -4.00569875166937
    3   -2.62007061381095
    4   -2.61455731688722
    5   -2.54441713819271
    6   -2.53893950767405
    7   -2.53348336003671
    8   -2.52543006845233
    9   -0.38235213275725
   10   -0.37351451815330
   11   -0.36707678576654
   12   -0.35079152801781
   13   -0.26763150124039
   14   -0.25190550800981
   15   -0.24836349717866
   16   -0.24257694280352
   17   -0.23630379577499
   18   -0.21966349820996
   19   -0.01285002850308
   20   -0.00691209131994
   21    0.20279037001024
   22    0.20893558492391
   23    0.43055474339442
   24    0.43719423211651
   25    0.82543312716503
   26    0.83338163591577
   27    2.83624043351730
   28    2.83874731426306

   kloop=339
   k1=   0.42857 k2=   0.42857 k3=   0.00000

    1   -4.02432913181608
    2   -4.00576376539466
    3   -2.61992040948658
    4   -2.61448270732892
    5   -2.54408690155459
    6   -2.53881835768727
    7   -2.53346355524389
    8   -2.52510904022168
    9   -0.39193781303930
   10   -0.38401386506721
   11   -0.37022004517339
   12   -0.35380094725436
   13   -0.24614117253346
   14   -0.24475273997533
   15   -0.24275587117373
   16   -0.23026970924873
   17   -0.22513386719524
   18   -0.22036864327503
   19   -0.15806238936681
   20   -0.15349102828372
   21    0.39275244859481
   22    0.39892646350726
   23    0.78822509491972
   24    0.79596644380331
   25    0.80948429722386
   26    0.81728051539322
   27    3.60775286493245
   28    3.61150280791132

   kloop=340
   k1=   0.42857 k2=   0.42857 k3=   0.14286

    1   -4.02449119104979
    2   -4.00592658545679
    3   -2.61959684816988
    4   -2.61394518200864
    5   -2.54401607266041
    6   -2.53806375567445
    7   -2.53259059514284
    8   -2.52489192274205
    9   -0.38816427579935
   10   -0.38176353199791
   11   -0.35691991889959
   12   -0.34059450288652
   13   -0.29521201862876
   14   -0.28155742738919
   15   -0.26795231297064
   16   -0.25241195786748
   17   -0.24282113570726
   18   -0.22399215095953
   19   -0.20036269227986
   20   -0.18734400532688
   21    0.53339130386510
   22    0.54057125611978
   23    0.81943879433506
   24    0.82652683196386
   25    0.93106580017493
   26    0.93949909446448
   27    3.20013904397944
   28    3.20315296642778

   kloop=341
   k1=   0.42857 k2=   0.42857 k3=   0.28572

    1   -4.02463278463158
    2   -4.00606826838938
    3   -2.61943540201530
    4   -2.61342503901486
    5   -2.54432661268211
    6   -2.53720547411835
    7   -2.53161083402979
    8   -2.52472184647589
    9   -0.39666415721572
   10   -0.38943473754665
   11   -0.32377080953067
   12   -0.31296454295580
   13   -0.31072848094235
   14   -0.29809132649610
   15   -0.29367555628310
   16   -0.28059970731375
   17   -0.24447285618194
   18   -0.22547130976011
   19   -0.21358083099116
   20   -0.19906180731475
   21    0.23412340358926
   22    0.24160943078383
   23    1.18379371149995
   24    1.19279804130415
   25    1.25162020036680
   26    1.26031488056541
   27    3.07690374290798
   28    3.08181506452720

   kloop=342
   k1=   0.42857 k2=   0.42857 k3=   0.42857

    1   -4.02464662921879
    2   -4.00608109335941
    3   -2.61954746272540
    4   -2.61330961834436
    5   -2.54473559173317
    6   -2.53698025278219
    7   -2.53120507827605
    8   -2.52475609503191
    9   -0.40335357190854
   10   -0.39422895643903
   11   -0.31104564072057
   12   -0.30765097958724
   13   -0.29558230676120
   14   -0.29230856256235
   15   -0.24903694720300
   16   -0.24760189954972
   17   -0.24533625768331
   18   -0.24154019434572
   19   -0.22769178707782
   20   -0.22609597098095
   21    0.06947301652069
   22    0.07802187779596
   23    1.37547271954196
   24    1.38115486404010
   25    1.40477416651816
   26    1.41048294515517
   27    3.03910026549296
   28    3.04654104335864

***********************************************************
***********************************************************
                   Mulliken populations                    
***********************************************************
***********************************************************

   Total spin moment (muB)   0.429465262   Angles (Deg)  0.557767733  45.030421305

               Up       Down      Sum      Diff        theta      phi
    1   Ni   9.21473  8.78527  18.00000   0.42947     0.55777   45.03042

 Sum of MulP: up   =     9.21473 down          =     8.78527
              total=    18.00000 ideal(neutral)=    18.00000


  Decomposed Mulliken populations

    1   Ni          Up spin      Down spin     Sum           Diff           Angles(Deg)
            multiple
  s           0    0.999745568  0.999715565   1.999461133   0.000030002   179.4775  225.0293
   sum over m      0.999745568  0.999715565   1.999461133   0.000030002
  s           1    0.422227251  0.406538572   0.828765823   0.015688679   179.4487  225.0271
   sum over m      0.422227251  0.406538572   0.828765823   0.015688679
  s           2    0.005311063  0.003656911   0.008967974   0.001654152   179.4437  225.0273
   sum over m      0.005311063  0.003656911   0.008967974   0.001654152
   sum over m+mul  1.427283882  1.409911048   2.837194930   0.017372834
  px          0    0.999259412  0.999149169   1.998408581   0.000110243   179.5984  252.7699
  py          0    0.999259412  0.999149169   1.998408581   0.000110243   179.5986  197.3024
  pz          0    0.999259256  0.999149008   1.998408264   0.000110249   179.0913  225.0186
   sum over m      2.997778080  2.997447346   5.995225426   0.000330735
  px          1    0.058549086  0.053451010   0.112000096   0.005098077   179.3499  217.4182
  py          1    0.058549084  0.053451006   0.112000090   0.005098078   179.3499  232.6277
  pz          1    0.058537348  0.053458359   0.111995707   0.005078990   179.5221  225.0322
   sum over m      0.175635519  0.160360374   0.335995893   0.015275144
   sum over m+mul  3.173413599  3.157807720   6.331221319   0.015605879
  d3z^2-r^2   0    0.937108325  0.898437154   1.835545478   0.038671171     1.1709   45.0146
  dx^2-y^2    0    0.937115519  0.898261966   1.835377484   0.038853553     0.0024   51.9288
  dxy         0    0.924190199  0.796233678   1.720423877   0.127956521     0.4114   45.0406
  dxz         0    0.924301123  0.795817384   1.720118507   0.128483739     0.6278   51.5058
  dyz         0    0.924301093  0.795817311   1.720118404   0.128483782     0.6278   38.5478
   sum over m      4.647016258  4.184567492   8.831583750   0.462448765
   sum over m+mul  4.647016258  4.184567492   8.831583750   0.462448765

***********************************************************
***********************************************************
                     Orbital moments                       
***********************************************************
***********************************************************

   Total Orbital Moment (muB)   0.037142024   Angles  (Deg)  1.022524366  45.016473221

          Orbital moment (muB)   theta (Deg)  phi (Deg)
    1   Ni   0.03714             1.02252   45.01647


  Decomposed Orbital Moments

    1   Ni         Orbital Moment(muB)    Angles (Deg)
            multiple
  s           0    0.000000000           90.0000    0.0000
   sum over m      0.000000000           90.0000    0.0000
  s           1    0.000000000           90.0000    0.0000
   sum over m      0.000000000           90.0000    0.0000
  s           2    0.000000000           90.0000    0.0000
   sum over m      0.000000000           90.0000    0.0000
  px          0    0.000001967          177.5021   90.0000
  py          0    0.000001967          177.5015   -0.0000
  pz          0    0.000000121           90.0000   44.9930
   sum over m      0.000003937          176.4693   44.9930
  px          1    0.000127069            2.0514  -90.0000
  py          1    0.000127069            2.0518  180.0000
  pz          1    0.000006433           90.0000  224.9948
   sum over m      0.000254301            2.9002  224.9948
  d3z^2-r^2   0    0.000372108           90.0000  224.9908
  dx^2-y^2    0    0.015346641            1.6788   45.0028
  dxy         0    0.015342261            0.9719   45.0028
  dxz         0    0.003108913            3.5407   16.6010
  dyz         0    0.003108912            3.5404   73.4336
   sum over m      0.036892248            1.0491   45.0161

***********************************************************
***********************************************************
                    Dipole moment (Debye)                  
***********************************************************
***********************************************************

 Absolute D        0.00000013

                      Dx                Dy                Dz
 Total              0.00000012       -0.00000001        0.00000002
 Core               0.00000000        0.00000000        0.00000000
 Electron           0.00000012       -0.00000001        0.00000002
 Back ground       -0.00000000       -0.00000000       -0.00000000

***********************************************************
***********************************************************
       xyz-coordinates (Ang) and forces (Hartree/Bohr)  
***********************************************************
***********************************************************

<coordinates.forces
  1
    1    Ni     0.00000   0.00000   0.00000  -0.000000000669 -0.000000000003 -0.000000000055
coordinates.forces>

***********************************************************
***********************************************************
       Fractional coordinates of the final structure       
***********************************************************
***********************************************************

     1     Ni     0.00000000000000   0.00000000000000   0.00000000000000

***********************************************************
***********************************************************
               Computational Time (second)                 
***********************************************************
***********************************************************

   Elapsed.Time.       281.612

                               Min_ID   Min_Time       Max_ID   Max_Time
   Total Computational Time =     6      281.314          0      281.612
   readfile                 =     3        1.352          0        1.359
   truncation               =     2        0.486          0        0.523
   MD_pac                   =     0        0.006          2        0.010
   OutData                  =     6        0.000          0        0.017
   DFT                      =     0      279.131          3      279.147

*** In DFT ***

   Set_OLP_Kin              =     2        0.028          0        0.665
   Set_Nonlocal             =     0        2.266          2        2.904
   Set_ProExpn_VNA          =     0        0.000          0        0.000
   Set_Hamiltonian          =     5       83.102          0       83.102
   Poisson                  =     0        0.045          2        0.046
   Diagonalization          =     0      119.321          6      119.398
   Mixing_DM                =     3       15.948          0       15.948
   Force                    =     0        2.293          1        2.293
   Total_Energy             =     3        0.516          0        0.537
   Set_Aden_Grid            =     5        0.013          7        0.015
   Set_Orbitals_Grid        =     3        0.000          0        0.015
   Set_Density_Grid         =     2       52.952          0       53.006
   RestartFileDFT           =     2        0.107          4        0.170
   Mulliken_Charge          =     1        0.214          0        0.214
   FFT(2D)_Density          =     0        0.000          0        0.000
   Others                   =     1        1.532          2        1.626
