============================================================
Currently Loaded Modulefiles:
 1) intel/oneapi/2023.2.0  
MKLROOT=/apps/support/intel_spr_rocky8.9/oneapi/2023.2.0/mkl/2023.2.0
============================================================
Job ID: tyy
Job name: tyy
Number of nodes: 1
Number of processors: 8
Task is running on the following nodes:
qhcn006
OMP_NUM_THREADS = 1
============================================================


The number of threads in each node for OpenMP parallelization is 1.


*******************************************************
*******************************************************
 Welcome to OpenMX   Ver. 3.9.9                           
 Copyright (C), 2002-2019, T. Ozaki                    
 OpenMX comes with ABSOLUTELY NO WARRANTY.             
 This is free software, and you are welcome to         
 redistribute it under the constitution of the GNU-GPL.
*******************************************************
*******************************************************

Failure of reading .//openmx_rst/openmx.crst_check
Failure of reading .//openmx_rst/openmx.crst_check


<Input_std>  Your input file was normally read.
<Input_std>  The system includes 1 species and 1 atoms.

*******************************************************
                     PAO and VPS                       
*******************************************************

Failure of reading .//openmx_rst/openmx.crst_check
Failure of reading .//openmx_rst/openmx.crst_check
Failure of reading .//openmx_rst/openmx.crst_check
Failure of reading .//openmx_rst/openmx.crst_check
Failure of reading .//openmx_rst/openmx.crst_check
Failure of reading .//openmx_rst/openmx.crst_check
<SetPara_DFT>  PAOs of species Ni were normally found.
Could not open a file .//openmx_rst/openmx.ftpao in FT_PAO
<SetPara_DFT>  VPSs of species Ni were normally found.
               Ni_PBE19H.vps is j-dependent.

*******************************************************
     Fourier transform of PAO and projectors of VNL    
*******************************************************

<FT_PAO>          Fourier transform of pseudo atomic orbitals
Could not open a file .//openmx_rst/openmx.ftpao in FT_PAO
Could not open a file .//openmx_rst/openmx.ftpao in FT_PAO
Could not open a file .//openmx_rst/openmx.ftpao in FT_PAO
Could not open a file .//openmx_rst/openmx.ftpao in FT_PAO
Could not open a file .//openmx_rst/openmx.ftpao in FT_PAO
Could not open a file .//openmx_rst/openmx.ftpao in FT_PAO
Could not open a file .//openmx_rst/openmx.ftpao in FT_PAO
Could not open a file .//openmx_rst/openmx.ftnlp in FT_NLP
Could not open a file .//openmx_rst/openmx.ftnlp in FT_NLP
Could not open a file .//openmx_rst/openmx.ftnlp in FT_NLP
Could not open a file .//openmx_rst/openmx.ftnlp in FT_NLP
<FT_NLP>          Fourier transform of non-local projectors
Could not open a file .//openmx_rst/openmx.ftnlp in FT_NLP
Could not open a file .//openmx_rst/openmx.ftnlp in FT_NLP
Could not open a file .//openmx_rst/openmx.ftnlp in FT_NLP
Could not open a file .//openmx_rst/openmx.ftnlp in FT_NLP

*******************************************************
  Allocation of atoms to processors at MD_iter=    1     
*******************************************************

 proc =   0  # of atoms=   1  estimated weight=         1.00000
 proc =   1  # of atoms=   0  estimated weight=         0.00000
 proc =   2  # of atoms=   0  estimated weight=         0.00000
 proc =   3  # of atoms=   0  estimated weight=         0.00000
 proc =   4  # of atoms=   0  estimated weight=         0.00000
 proc =   5  # of atoms=   0  estimated weight=         0.00000
 proc =   6  # of atoms=   0  estimated weight=         0.00000
 proc =   7  # of atoms=   0  estimated weight=         0.00000




*******************************************************
        Analysis of neighbors and setting of grids        
*******************************************************

TFNAN=      26   Average FNAN=  26.00000
TSNAN=       0   Average SNAN=   0.00000
<truncation> CpyCell= 1 ct_AN=   1 FNAN SNAN  26   0
TFNAN=      80   Average FNAN=  80.00000
TSNAN=       0   Average SNAN=   0.00000
<truncation> CpyCell= 2 ct_AN=   1 FNAN SNAN  80   0
TFNAN=      86   Average FNAN=  86.00000
TSNAN=       0   Average SNAN=   0.00000
<truncation> CpyCell= 3 ct_AN=   1 FNAN SNAN  86   0
TFNAN=      86   Average FNAN=  86.00000
TSNAN=       0   Average SNAN=   0.00000
<truncation> CpyCell= 4 ct_AN=   1 FNAN SNAN  86   0
TFNAN=      86   Average FNAN=  86.00000
TSNAN=       0   Average SNAN=   0.00000
<truncation> CpyCell= 4 ct_AN=   1 FNAN SNAN  86   0
<Check_System> The system is bulk.
lattice vectors (bohr)
A  =  0.000000000000,  3.377979392738,  3.377979392738
B  =  3.377979392738,  0.000000000000,  3.377979392738
C  =  3.377979392738,  3.377979392738,  0.000000000000
reciprocal lattice vectors (bohr^-1)
RA = -0.930021260740,  0.930021260740,  0.930021260740
RB =  0.930021260740, -0.930021260740,  0.930021260740
RC =  0.930021260740,  0.930021260740, -0.930021260740
xc= 0.000000000000 yc= 0.000000000000 zc= 0.000000000000
xm= 3.209080423101 ym= 3.209080423101 zm= 3.209080423101
Grid_Origin -3.209080423101 -3.209080423101 -3.209080423101
Cell_Volume =     77.090521430177 (Bohr^3)
GridVol     =      0.009636315179 (Bohr^3)
xc= 0.000000000000 yc= 0.000000000000 zc= 0.000000000000
xm= 3.209080423101 ym= 3.209080423101 zm= 3.209080423101
Grid_Origin -3.209080423101 -3.209080423101 -3.209080423101
Cell_Volume =     77.090521430177 (Bohr^3)
GridVol     =      0.009636315179 (Bohr^3)
<UCell_Box> Info. of cutoff energy and num. of grids
lattice vectors (bohr)
A  =  0.000000000000,  3.377979392738,  3.377979392738
B  =  3.377979392738,  0.000000000000,  3.377979392738
C  =  3.377979392738,  3.377979392738,  0.000000000000
reciprocal lattice vectors (bohr^-1)
RA = -0.930021260740,  0.930021260740,  0.930021260740
RB =  0.930021260740, -0.930021260740,  0.930021260740
RC =  0.930021260740,  0.930021260740, -0.930021260740
Required cutoff energy (Ryd) for 3D-grids = 250.0000
    Used cutoff energy (Ryd) for 3D-grids = 259.4819, 259.4819, 259.4819
Num. of grids of a-, b-, and c-axes = 20, 20, 20
xc= 0.000000000000 yc= 0.000000000000 zc= 0.000000000000
xm= 3.209080423101 ym= 3.209080423101 zm= 3.209080423101
Grid_Origin -3.209080423101 -3.209080423101 -3.209080423101
Cell_Volume =     77.090521430177 (Bohr^3)
GridVol     =      0.009636315179 (Bohr^3)
Cell vectors (bohr) of the grid cell (gtv)
  gtv_a =  0.000000000000,  0.168898969637,  0.168898969637
  gtv_b =  0.168898969637,  0.000000000000,  0.168898969637
  gtv_c =  0.168898969637,  0.168898969637,  0.000000000000
  |gtv_a| =  0.238859213531
  |gtv_b| =  0.238859213531
  |gtv_c| =  0.238859213531
Num. of grids overlapping with atom    1 = 94028

*******************************************************
             SCF calculation at MD = 1                
*******************************************************

<MD= 1>  Calculation of the overlap matrix
<MD= 1>  Calculation of the nonlocal matrix

******************* MD= 1  SCF= 1 *******************
Failed (2) in reading the restart file .//openmx_rst/openmx.rst1
Failed (3) in reading the restart files
<Restart>  Could not find restart files
<Band>  Solving the eigenvalue problem...
 KGrids1:  -0.42857  -0.28571  -0.14286   0.00000   0.14286   0.28572   0.42857 
 KGrids2:  -0.42857  -0.28572  -0.14286  -0.00000   0.14286   0.28571   0.42857 
 KGrids3:  -0.42857  -0.28571  -0.14286   0.00000   0.14286   0.28572   0.42857 
<Band_DFT>  Eigen, time=0.161406
<Band_DFT>  DM, time=0.211405
    1   Ni  MulP 9.48 8.52 sum 18.00 diff  0.97 (  0.00  44.90)  Ml 0.07 (  0.18  45.00)  Ml+s 1.04 (  0.01  44.99)
 Sum of MulP: up   =     9.48456 down          =     8.51544
              total=    18.00000 ideal(neutral)=    18.00000
<DFT>  Total Spin Moment    (muB)  0.969111415   Angles    0.001393302    44.900942383
<DFT>  Total Orbital Moment (muB)  0.067573815   Angles    0.175560703    44.999384614
<DFT>  Total Moment         (muB)  1.036684938   Angles    0.012745966    44.989325014
<DFT>  Mixing_weight= 0.300000000000
<DFT>  Uele   =  -27.050736599033  dUele     =   1.000000000000
<DFT>  NormRD =    1.000000000000  Criterion =   0.000000010000

******************* MD= 1  SCF= 2 *******************
<Poisson>  Poisson's equation using FFT...
<Set_Hamiltonian>  Hamiltonian matrix for VNA+dVH+Vxc...
<Band>  Solving the eigenvalue problem...
 KGrids1:  -0.42857  -0.28571  -0.14286   0.00000   0.14286   0.28572   0.42857 
 KGrids2:  -0.42857  -0.28572  -0.14286  -0.00000   0.14286   0.28571   0.42857 
 KGrids3:  -0.42857  -0.28571  -0.14286   0.00000   0.14286   0.28572   0.42857 
<Band_DFT>  Eigen, time=0.139015
<Band_DFT>  DM, time=0.211752
    1   Ni  MulP 9.45 8.55 sum 18.00 diff  0.91 (  0.00 225.03)  Ml 0.07 (  0.04  45.00)  Ml+s 0.97 (  0.00 225.08)
 Sum of MulP: up   =     9.45358 down          =     8.54642
              total=    18.00000 ideal(neutral)=    18.00000
<DFT>  Total Spin Moment    (muB)  0.907150073   Angles    0.004437153   225.031384611
<DFT>  Total Orbital Moment (muB)  0.065055232   Angles    0.036965180    44.996486685
<DFT>  Total Moment         (muB)  0.972205289   Angles    0.001666713   225.083175802
<DFT>  Mixing_weight= 0.318864068383
<DFT>  Uele   =  -26.778632778794  dUele     =   0.272103820239
<DFT>  NormRD =    0.243228739736  Criterion =   0.000000010000

******************* MD= 1  SCF= 3 *******************
<Poisson>  Poisson's equation using FFT...
<Set_Hamiltonian>  Hamiltonian matrix for VNA+dVH+Vxc...
<Band>  Solving the eigenvalue problem...
 KGrids1:  -0.42857  -0.28571  -0.14286   0.00000   0.14286   0.28572   0.42857 
 KGrids2:  -0.42857  -0.28572  -0.14286  -0.00000   0.14286   0.28571   0.42857 
 KGrids3:  -0.42857  -0.28571  -0.14286   0.00000   0.14286   0.28572   0.42857 
<Band_DFT>  Eigen, time=0.140534
<Band_DFT>  DM, time=0.211421
    1   Ni  MulP 9.42 8.58 sum 18.00 diff  0.84 (  0.00 225.26)  Ml 0.06 (  0.14 225.00)  Ml+s 0.91 (  0.01 225.01)
 Sum of MulP: up   =     9.42215 down          =     8.57785
              total=    18.00000 ideal(neutral)=    18.00000
<DFT>  Total Spin Moment    (muB)  0.844301516   Angles    0.000543148   225.256713049
<DFT>  Total Orbital Moment (muB)  0.061599316   Angles    0.140489452   225.001080096
<DFT>  Total Moment         (muB)  0.905900661   Angles    0.010059185   225.013944453
<DFT>  Mixing_weight= 0.384184289249
<DFT>  Uele   =  -26.667538281422  dUele     =   0.111094497372
<DFT>  NormRD =    0.100292604893  Criterion =   0.000000010000

******************* MD= 1  SCF= 4 *******************
<Poisson>  Poisson's equation using FFT...
<Set_Hamiltonian>  Hamiltonian matrix for VNA+dVH+Vxc...
<Band>  Solving the eigenvalue problem...
 KGrids1:  -0.42857  -0.28571  -0.14286   0.00000   0.14286   0.28572   0.42857 
 KGrids2:  -0.42857  -0.28572  -0.14286  -0.00000   0.14286   0.28571   0.42857 
 KGrids3:  -0.42857  -0.28571  -0.14286   0.00000   0.14286   0.28572   0.42857 
<Band_DFT>  Eigen, time=0.140144
<Band_DFT>  DM, time=0.211447
    1   Ni  MulP 9.42 8.58 sum 18.00 diff  0.84 (  0.00  44.21)  Ml 0.06 (  0.10 225.00)  Ml+s 0.90 (  0.01 225.02)
 Sum of MulP: up   =     9.41979 down          =     8.58021
              total=    18.00000 ideal(neutral)=    18.00000
<DFT>  Total Spin Moment    (muB)  0.839571820   Angles    0.000176422    44.205810295
<DFT>  Total Orbital Moment (muB)  0.060957763   Angles    0.096086141   225.001372101
<DFT>  Total Moment         (muB)  0.900529503   Angles    0.006339703   225.022011762
<DFT>  Mixing_weight= 0.400000000000
<DFT>  Uele   =  -26.613168391626  dUele     =   0.054369889796
<DFT>  NormRD =    0.057823906456  Criterion =   0.000000010000

******************* MD= 1  SCF= 5 *******************
<Poisson>  Poisson's equation using FFT...
<Set_Hamiltonian>  Hamiltonian matrix for VNA+dVH+Vxc...
<Band>  Solving the eigenvalue problem...
 KGrids1:  -0.42857  -0.28571  -0.14286   0.00000   0.14286   0.28572   0.42857 
 KGrids2:  -0.42857  -0.28572  -0.14286  -0.00000   0.14286   0.28571   0.42857 
 KGrids3:  -0.42857  -0.28571  -0.14286   0.00000   0.14286   0.28572   0.42857 
<Band_DFT>  Eigen, time=0.138555
<Band_DFT>  DM, time=0.211282
    1   Ni  MulP 9.41 8.59 sum 18.00 diff  0.81 (  0.00 225.11)  Ml 0.06 (  0.04 225.00)  Ml+s 0.87 (  0.00 225.03)
 Sum of MulP: up   =     9.40662 down          =     8.59338
              total=    18.00000 ideal(neutral)=    18.00000
<DFT>  Total Spin Moment    (muB)  0.813242299   Angles    0.001346560   225.105022530
<DFT>  Total Orbital Moment (muB)  0.059910714   Angles    0.041585672   225.003303326
<DFT>  Total Moment         (muB)  0.873153000   Angles    0.004107534   225.034361575
<DFT>  Mixing_weight= 0.400000000000
<DFT>  Uele   =  -26.600208143622  dUele     =   0.012960248004
<DFT>  NormRD =    0.029242503548  Criterion =   0.000000010000

******************* MD= 1  SCF= 6 *******************
<Poisson>  Poisson's equation using FFT...
<Set_Hamiltonian>  Hamiltonian matrix for VNA+dVH+Vxc...
<Band>  Solving the eigenvalue problem...
 KGrids1:  -0.42857  -0.28571  -0.14286   0.00000   0.14286   0.28572   0.42857 
 KGrids2:  -0.42857  -0.28572  -0.14286  -0.00000   0.14286   0.28571   0.42857 
 KGrids3:  -0.42857  -0.28571  -0.14286   0.00000   0.14286   0.28572   0.42857 
<Band_DFT>  Eigen, time=0.140192
<Band_DFT>  DM, time=0.211856
    1   Ni  MulP 9.38 8.62 sum 18.00 diff  0.76 (  0.01 225.01)  Ml 0.06 (  0.07 225.00)  Ml+s 0.82 (  0.01 225.01)
 Sum of MulP: up   =     9.38016 down          =     8.61984
              total=    18.00000 ideal(neutral)=    18.00000
<DFT>  Total Spin Moment    (muB)  0.760314642   Angles    0.009935608   225.014361856
<DFT>  Total Orbital Moment (muB)  0.057711544   Angles    0.072420321   225.002070427
<DFT>  Total Moment         (muB)  0.818026154   Angles    0.014343888   225.009983699
<DFT>  Mixing_weight= 0.400000000000
<DFT>  Uele   =  -26.587281389627  dUele     =   0.012926753996
<DFT>  NormRD =    0.020848007756  Criterion =   0.000000010000

******************* MD= 1  SCF= 7 *******************
<Poisson>  Poisson's equation using FFT...
<Set_Hamiltonian>  Hamiltonian matrix for VNA+dVH+Vxc...
<Band>  Solving the eigenvalue problem...
 KGrids1:  -0.42857  -0.28571  -0.14286   0.00000   0.14286   0.28572   0.42857 
 KGrids2:  -0.42857  -0.28572  -0.14286  -0.00000   0.14286   0.28571   0.42857 
 KGrids3:  -0.42857  -0.28571  -0.14286   0.00000   0.14286   0.28572   0.42857 
<Band_DFT>  Eigen, time=0.140570
<Band_DFT>  DM, time=0.211726
    1   Ni  MulP 9.37 8.63 sum 18.00 diff  0.74 (  0.01 225.01)  Ml 0.06 (  0.13 225.00)  Ml+s 0.80 (  0.02 225.01)
 Sum of MulP: up   =     9.36975 down          =     8.63025
              total=    18.00000 ideal(neutral)=    18.00000
<DFT>  Total Spin Moment    (muB)  0.739505676   Angles    0.013093262   225.010923202
<DFT>  Total Orbital Moment (muB)  0.056736833   Angles    0.130369975   225.001201501
<DFT>  Total Moment         (muB)  0.796242399   Angles    0.021449894   225.006712892
<DFT>  Mixing_weight= 0.198278967113
<DFT>  Uele   =  -26.577183025324  dUele     =   0.010098364302
<DFT>  NormRD =    0.021028186862  Criterion =   0.000000010000

******************* MD= 1  SCF= 8 *******************
<Poisson>  Poisson's equation using FFT...
<Set_Hamiltonian>  Hamiltonian matrix for VNA+dVH+Vxc...
<Band>  Solving the eigenvalue problem...
 KGrids1:  -0.42857  -0.28571  -0.14286   0.00000   0.14286   0.28572   0.42857 
 KGrids2:  -0.42857  -0.28572  -0.14286  -0.00000   0.14286   0.28571   0.42857 
 KGrids3:  -0.42857  -0.28571  -0.14286   0.00000   0.14286   0.28572   0.42857 
<Band_DFT>  Eigen, time=0.140236
<Band_DFT>  DM, time=0.211311
    1   Ni  MulP 9.36 8.64 sum 18.00 diff  0.71 (  0.01 225.01)  Ml 0.06 (  0.24 225.00)  Ml+s 0.77 (  0.03 225.00)
 Sum of MulP: up   =     9.35745 down          =     8.64255
              total=    18.00000 ideal(neutral)=    18.00000
<DFT>  Total Spin Moment    (muB)  0.714904059   Angles    0.013180848   225.011006899
<DFT>  Total Orbital Moment (muB)  0.055468266   Angles    0.240013552   225.000599252
<DFT>  Total Moment         (muB)  0.770371921   Angles    0.029513198   225.004912724
<DFT>  Mixing_weight= 0.400000000000
<DFT>  Uele   =  -26.558516527681  dUele     =   0.018666497643
<DFT>  NormRD =    0.019292322524  Criterion =   0.000000010000

******************* MD= 1  SCF= 9 *******************
<Poisson>  Poisson's equation using FFT...
<Set_Hamiltonian>  Hamiltonian matrix for VNA+dVH+Vxc...
<Band>  Solving the eigenvalue problem...
 KGrids1:  -0.42857  -0.28571  -0.14286   0.00000   0.14286   0.28572   0.42857 
 KGrids2:  -0.42857  -0.28572  -0.14286  -0.00000   0.14286   0.28571   0.42857 
 KGrids3:  -0.42857  -0.28571  -0.14286   0.00000   0.14286   0.28572   0.42857 
<Band_DFT>  Eigen, time=0.141006
<Band_DFT>  DM, time=0.211786
    1   Ni  MulP 9.35 8.65 sum 18.00 diff  0.71 (  0.01 225.01)  Ml 0.05 (  0.28 225.00)  Ml+s 0.76 (  0.03 225.00)
 Sum of MulP: up   =     9.35303 down          =     8.64697
              total=    18.00000 ideal(neutral)=    18.00000
<DFT>  Total Spin Moment    (muB)  0.706066049   Angles    0.012758305   225.011507841
<DFT>  Total Orbital Moment (muB)  0.054935757   Angles    0.284691563   225.000515919
<DFT>  Total Moment         (muB)  0.761001232   Angles    0.032388764   225.004533200
<DFT>  Mixing_weight= 0.400000000000
<DFT>  Uele   =  -26.547701142078  dUele     =   0.010815385604
<DFT>  NormRD =    0.013301536321  Criterion =   0.000000010000

******************* MD= 1  SCF=10 *******************
<Poisson>  Poisson's equation using FFT...
<Set_Hamiltonian>  Hamiltonian matrix for VNA+dVH+Vxc...
<Band>  Solving the eigenvalue problem...
 KGrids1:  -0.42857  -0.28571  -0.14286   0.00000   0.14286   0.28572   0.42857 
 KGrids2:  -0.42857  -0.28572  -0.14286  -0.00000   0.14286   0.28571   0.42857 
 KGrids3:  -0.42857  -0.28571  -0.14286   0.00000   0.14286   0.28572   0.42857 
<Band_DFT>  Eigen, time=0.138442
<Band_DFT>  DM, time=0.211171
    1   Ni  MulP 9.35 8.65 sum 18.00 diff  0.70 (  0.01 225.01)  Ml 0.05 (  0.29 225.00)  Ml+s 0.75 (  0.03 225.00)
 Sum of MulP: up   =     9.35011 down          =     8.64989
              total=    18.00000 ideal(neutral)=    18.00000
<DFT>  Total Spin Moment    (muB)  0.700216647   Angles    0.013395131   225.011086305
<DFT>  Total Orbital Moment (muB)  0.054594194   Angles    0.293031875   225.000510257
<DFT>  Total Moment         (muB)  0.754810239   Angles    0.033620721   225.004419188
<DFT>  Mixing_weight= 0.400000000000
<DFT>  Uele   =  -26.543308046686  dUele     =   0.004393095392
<DFT>  NormRD =    0.008077134561  Criterion =   0.000000010000

******************* MD= 1  SCF=11 *******************
<Poisson>  Poisson's equation using FFT...
<Set_Hamiltonian>  Hamiltonian matrix for VNA+dVH+Vxc...
<Band>  Solving the eigenvalue problem...
 KGrids1:  -0.42857  -0.28571  -0.14286   0.00000   0.14286   0.28572   0.42857 
 KGrids2:  -0.42857  -0.28572  -0.14286  -0.00000   0.14286   0.28571   0.42857 
 KGrids3:  -0.42857  -0.28571  -0.14286   0.00000   0.14286   0.28572   0.42857 
<Band_DFT>  Eigen, time=0.138612
<Band_DFT>  DM, time=0.211235
    1   Ni  MulP 9.35 8.65 sum 18.00 diff  0.69 (  0.01 225.01)  Ml 0.05 (  0.28 225.00)  Ml+s 0.75 (  0.03 225.00)
 Sum of MulP: up   =     9.34685 down          =     8.65315
              total=    18.00000 ideal(neutral)=    18.00000
<DFT>  Total Spin Moment    (muB)  0.693709040   Angles    0.014168369   225.010606867
<DFT>  Total Orbital Moment (muB)  0.054239043   Angles    0.282398605   225.000544544
<DFT>  Total Moment         (muB)  0.747947532   Angles    0.033619598   225.004477615
<DFT>  Mixing_weight= 0.400000000000
<DFT>  Uele   =  -26.541133685692  dUele     =   0.002174360994
<DFT>  NormRD =    0.005277882084  Criterion =   0.000000010000

******************* MD= 1  SCF=12 *******************
<Poisson>  Poisson's equation using FFT...
<Set_Hamiltonian>  Hamiltonian matrix for VNA+dVH+Vxc...
<Band>  Solving the eigenvalue problem...
 KGrids1:  -0.42857  -0.28571  -0.14286   0.00000   0.14286   0.28572   0.42857 
 KGrids2:  -0.42857  -0.28572  -0.14286  -0.00000   0.14286   0.28571   0.42857 
 KGrids3:  -0.42857  -0.28571  -0.14286   0.00000   0.14286   0.28572   0.42857 
<Band_DFT>  Eigen, time=0.138189
<Band_DFT>  DM, time=0.211532
    1   Ni  MulP 9.34 8.66 sum 18.00 diff  0.69 (  0.01 225.01)  Ml 0.05 (  0.26 225.00)  Ml+s 0.74 (  0.03 225.00)
 Sum of MulP: up   =     9.34330 down          =     8.65670
              total=    18.00000 ideal(neutral)=    18.00000
<DFT>  Total Spin Moment    (muB)  0.686594576   Angles    0.014835039   225.010280567
<DFT>  Total Orbital Moment (muB)  0.053855115   Angles    0.263015858   225.000604358
<DFT>  Total Moment         (muB)  0.740449222   Angles    0.032885925   225.004651878
<DFT>  Mixing_weight= 0.400000000000
<DFT>  Uele   =  -26.539461503136  dUele     =   0.001672182556
<DFT>  NormRD =    0.003784709641  Criterion =   0.000000010000

******************* MD= 1  SCF=13 *******************
<Poisson>  Poisson's equation using FFT...
<Set_Hamiltonian>  Hamiltonian matrix for VNA+dVH+Vxc...
<Band>  Solving the eigenvalue problem...
 KGrids1:  -0.42857  -0.28571  -0.14286   0.00000   0.14286   0.28572   0.42857 
 KGrids2:  -0.42857  -0.28572  -0.14286  -0.00000   0.14286   0.28571   0.42857 
 KGrids3:  -0.42857  -0.28571  -0.14286   0.00000   0.14286   0.28572   0.42857 
<Band_DFT>  Eigen, time=0.140474
<Band_DFT>  DM, time=0.211230
    1   Ni  MulP 9.34 8.66 sum 18.00 diff  0.68 (  0.02 225.01)  Ml 0.05 (  0.24 225.00)  Ml+s 0.73 (  0.03 225.00)
 Sum of MulP: up   =     9.33963 down          =     8.66037
              total=    18.00000 ideal(neutral)=    18.00000
<DFT>  Total Spin Moment    (muB)  0.679267611   Angles    0.015546785   225.009952120
<DFT>  Total Orbital Moment (muB)  0.053457621   Angles    0.241831375   225.000673991
<DFT>  Total Moment         (muB)  0.732724845   Angles    0.032055853   225.004845505
<DFT>  Mixing_weight= 0.400000000000
<DFT>  Uele   =  -26.537909547206  dUele     =   0.001551955930
<DFT>  NormRD =    0.002958991613  Criterion =   0.000000010000

******************* MD= 1  SCF=14 *******************
<Poisson>  Poisson's equation using FFT...
<Set_Hamiltonian>  Hamiltonian matrix for VNA+dVH+Vxc...
<Band>  Solving the eigenvalue problem...
 KGrids1:  -0.42857  -0.28571  -0.14286   0.00000   0.14286   0.28572   0.42857 
 KGrids2:  -0.42857  -0.28572  -0.14286  -0.00000   0.14286   0.28571   0.42857 
 KGrids3:  -0.42857  -0.28571  -0.14286   0.00000   0.14286   0.28572   0.42857 
<Band_DFT>  Eigen, time=0.140608
<Band_DFT>  DM, time=0.211633
    1   Ni  MulP 9.34 8.66 sum 18.00 diff  0.67 (  0.02 225.01)  Ml 0.05 (  0.22 225.00)  Ml+s 0.72 (  0.03 225.01)
 Sum of MulP: up   =     9.33593 down          =     8.66407
              total=    18.00000 ideal(neutral)=    18.00000
<DFT>  Total Spin Moment    (muB)  0.671855332   Angles    0.016409519   225.009557745
<DFT>  Total Orbital Moment (muB)  0.053052728   Angles    0.221279635   225.000735131
<DFT>  Total Moment         (muB)  0.724907746   Angles    0.031403007   225.005007954
<DFT>  Mixing_weight= 0.400000000000
<DFT>  Uele   =  -26.536420087195  dUele     =   0.001489460011
<DFT>  NormRD =    0.002506531488  Criterion =   0.000000010000

******************* MD= 1  SCF=15 *******************
<Poisson>  Poisson's equation using FFT...
<Set_Hamiltonian>  Hamiltonian matrix for VNA+dVH+Vxc...
<Band>  Solving the eigenvalue problem...
 KGrids1:  -0.42857  -0.28571  -0.14286   0.00000   0.14286   0.28572   0.42857 
 KGrids2:  -0.42857  -0.28572  -0.14286  -0.00000   0.14286   0.28571   0.42857 
 KGrids3:  -0.42857  -0.28571  -0.14286   0.00000   0.14286   0.28572   0.42857 
<Band_DFT>  Eigen, time=0.141806
<Band_DFT>  DM, time=0.211656
    1   Ni  MulP 9.33 8.67 sum 18.00 diff  0.66 (  0.02 225.01)  Ml 0.05 (  0.20 225.00)  Ml+s 0.72 (  0.03 225.01)
 Sum of MulP: up   =     9.33218 down          =     8.66782
              total=    18.00000 ideal(neutral)=    18.00000
<DFT>  Total Spin Moment    (muB)  0.664352254   Angles    0.017282188   225.009214135
<DFT>  Total Orbital Moment (muB)  0.052639990   Angles    0.202598640   225.000802152
<DFT>  Total Moment         (muB)  0.716991989   Angles    0.030887695   225.005163249
<DFT>  Mixing_weight= 0.400000000000
<DFT>  Uele   =  -26.534973044850  dUele     =   0.001447042345
<DFT>  NormRD =    0.002249198491  Criterion =   0.000000010000

******************* MD= 1  SCF=16 *******************
<Poisson>  Poisson's equation using FFT...
<Set_Hamiltonian>  Hamiltonian matrix for VNA+dVH+Vxc...
<Band>  Solving the eigenvalue problem...
 KGrids1:  -0.42857  -0.28571  -0.14286   0.00000   0.14286   0.28572   0.42857 
 KGrids2:  -0.42857  -0.28572  -0.14286  -0.00000   0.14286   0.28571   0.42857 
 KGrids3:  -0.42857  -0.28571  -0.14286   0.00000   0.14286   0.28572   0.42857 
<Band_DFT>  Eigen, time=0.140269
<Band_DFT>  DM, time=0.211213
    1   Ni  MulP 9.33 8.67 sum 18.00 diff  0.66 (  0.02 225.01)  Ml 0.05 (  0.19 225.00)  Ml+s 0.71 (  0.03 225.01)
 Sum of MulP: up   =     9.32834 down          =     8.67166
              total=    18.00000 ideal(neutral)=    18.00000
<DFT>  Total Spin Moment    (muB)  0.656688501   Angles    0.017907341   225.009029418
<DFT>  Total Orbital Moment (muB)  0.052214896   Angles    0.186184328   225.000902673
<DFT>  Total Moment         (muB)  0.708903188   Angles    0.030301915   225.005351548
<DFT>  Mixing_weight= 0.400000000000
<DFT>  Uele   =  -26.533547989639  dUele     =   0.001425055211
<DFT>  NormRD =    0.002115539162  Criterion =   0.000000010000

******************* MD= 1  SCF=17 *******************
<Poisson>  Poisson's equation using FFT...
<Set_Hamiltonian>  Hamiltonian matrix for VNA+dVH+Vxc...
<Band>  Solving the eigenvalue problem...
 KGrids1:  -0.42857  -0.28571  -0.14286   0.00000   0.14286   0.28572   0.42857 
 KGrids2:  -0.42857  -0.28572  -0.14286  -0.00000   0.14286   0.28571   0.42857 
 KGrids3:  -0.42857  -0.28571  -0.14286   0.00000   0.14286   0.28572   0.42857 
<Band_DFT>  Eigen, time=0.140321
<Band_DFT>  DM, time=0.211508
    1   Ni  MulP 9.32 8.68 sum 18.00 diff  0.65 (  0.02 225.01)  Ml 0.05 (  0.17 225.00)  Ml+s 0.70 (  0.03 225.01)
 Sum of MulP: up   =     9.32441 down          =     8.67559
              total=    18.00000 ideal(neutral)=    18.00000
<DFT>  Total Spin Moment    (muB)  0.648811887   Angles    0.018641351   225.008829562
<DFT>  Total Orbital Moment (muB)  0.051773242   Angles    0.172591650   225.001024906
<DFT>  Total Moment         (muB)  0.700584956   Angles    0.030018267   225.005513430
<DFT>  Mixing_weight= 0.400000000000
<DFT>  Uele   =  -26.532122938647  dUele     =   0.001425050992
<DFT>  NormRD =    0.002043853986  Criterion =   0.000000010000

******************* MD= 1  SCF=18 *******************
<Poisson>  Poisson's equation using FFT...
<Set_Hamiltonian>  Hamiltonian matrix for VNA+dVH+Vxc...
<Band>  Solving the eigenvalue problem...
 KGrids1:  -0.42857  -0.28571  -0.14286   0.00000   0.14286   0.28572   0.42857 
 KGrids2:  -0.42857  -0.28572  -0.14286  -0.00000   0.14286   0.28571   0.42857 
 KGrids3:  -0.42857  -0.28571  -0.14286   0.00000   0.14286   0.28572   0.42857 
<Band_DFT>  Eigen, time=0.140206
<Band_DFT>  DM, time=0.211370
    1   Ni  MulP 9.32 8.68 sum 18.00 diff  0.64 (  0.02 225.01)  Ml 0.05 (  0.16 225.00)  Ml+s 0.69 (  0.03 225.01)
 Sum of MulP: up   =     9.32034 down          =     8.67966
              total=    18.00000 ideal(neutral)=    18.00000
<DFT>  Total Spin Moment    (muB)  0.640675749   Angles    0.018946249   225.008822605
<DFT>  Total Orbital Moment (muB)  0.051311425   Angles    0.162260875   225.001145476
<DFT>  Total Moment         (muB)  0.691987025   Angles    0.029573139   225.005699182
<DFT>  Mixing_weight= 0.400000000000
<DFT>  Uele   =  -26.530681337244  dUele     =   0.001441601403
<DFT>  NormRD =    0.002013899464  Criterion =   0.000000010000

******************* MD= 1  SCF=19 *******************
<Poisson>  Poisson's equation using FFT...
<Set_Hamiltonian>  Hamiltonian matrix for VNA+dVH+Vxc...
<Band>  Solving the eigenvalue problem...
 KGrids1:  -0.42857  -0.28571  -0.14286   0.00000   0.14286   0.28572   0.42857 
 KGrids2:  -0.42857  -0.28572  -0.14286  -0.00000   0.14286   0.28571   0.42857 
 KGrids3:  -0.42857  -0.28571  -0.14286   0.00000   0.14286   0.28572   0.42857 
<Band_DFT>  Eigen, time=0.138730
<Band_DFT>  DM, time=0.211263
    1   Ni  MulP 9.32 8.68 sum 18.00 diff  0.63 (  0.02 225.01)  Ml 0.05 (  0.15 225.00)  Ml+s 0.68 (  0.03 225.01)
 Sum of MulP: up   =     9.31613 down          =     8.68387
              total=    18.00000 ideal(neutral)=    18.00000
<DFT>  Total Spin Moment    (muB)  0.632258798   Angles    0.019477060   225.008740825
<DFT>  Total Orbital Moment (muB)  0.050826590   Angles    0.154249024   225.001254612
<DFT>  Total Moment         (muB)  0.683085258   Angles    0.029505080   225.005828745
<DFT>  Mixing_weight= 0.400000000000
<DFT>  Uele   =  -26.529210936007  dUele     =   0.001470401237
<DFT>  NormRD =    0.002009141787  Criterion =   0.000000010000

******************* MD= 1  SCF=20 *******************
<Poisson>  Poisson's equation using FFT...
<Set_Hamiltonian>  Hamiltonian matrix for VNA+dVH+Vxc...
<Band>  Solving the eigenvalue problem...
 KGrids1:  -0.42857  -0.28571  -0.14286   0.00000   0.14286   0.28572   0.42857 
 KGrids2:  -0.42857  -0.28572  -0.14286  -0.00000   0.14286   0.28571   0.42857 
 KGrids3:  -0.42857  -0.28571  -0.14286   0.00000   0.14286   0.28572   0.42857 
<Band_DFT>  Eigen, time=0.140226
<Band_DFT>  DM, time=0.211276
    1   Ni  MulP 9.31 8.69 sum 18.00 diff  0.62 (  0.02 225.01)  Ml 0.05 (  0.15 225.00)  Ml+s 0.67 (  0.03 225.01)
 Sum of MulP: up   =     9.31182 down          =     8.68818
              total=    18.00000 ideal(neutral)=    18.00000
<DFT>  Total Spin Moment    (muB)  0.623645464   Angles    0.019958908   225.008679637
<DFT>  Total Orbital Moment (muB)  0.050322216   Angles    0.148485975   225.001352055
<DFT>  Total Moment         (muB)  0.673967563   Angles    0.029555455   225.005930928
<DFT>  Mixing_weight= 0.400000000000
<DFT>  Uele   =  -26.527705620147  dUele     =   0.001505315860
<DFT>  NormRD =    0.001988444507  Criterion =   0.000000010000

******************* MD= 1  SCF=21 *******************
<Poisson>  Poisson's equation using FFT...
<Set_Hamiltonian>  Hamiltonian matrix for VNA+dVH+Vxc...
<Band>  Solving the eigenvalue problem...
 KGrids1:  -0.42857  -0.28571  -0.14286   0.00000   0.14286   0.28572   0.42857 
 KGrids2:  -0.42857  -0.28572  -0.14286  -0.00000   0.14286   0.28571   0.42857 
 KGrids3:  -0.42857  -0.28571  -0.14286   0.00000   0.14286   0.28572   0.42857 
<Band_DFT>  Eigen, time=0.138126
<Band_DFT>  DM, time=0.211319
    1   Ni  MulP 9.31 8.69 sum 18.00 diff  0.62 (  0.02 225.01)  Ml 0.05 (  0.15 225.00)  Ml+s 0.67 (  0.03 225.01)
 Sum of MulP: up   =     9.30965 down          =     8.69035
              total=    18.00000 ideal(neutral)=    18.00000
<DFT>  Total Spin Moment    (muB)  0.619291220   Angles    0.020115376   225.008683189
<DFT>  Total Orbital Moment (muB)  0.050064929   Angles    0.147206737   225.001382145
<DFT>  Total Moment         (muB)  0.669356035   Angles    0.029621251   225.005969343
<DFT>  Mixing_weight= 0.196147909027
<DFT>  Uele   =  -26.526954903634  dUele     =   0.000750716513
<DFT>  NormRD =    0.002027118883  Criterion =   0.000000010000

******************* MD= 1  SCF=22 *******************
<Poisson>  Poisson's equation using FFT...
<Set_Hamiltonian>  Hamiltonian matrix for VNA+dVH+Vxc...
<Band>  Solving the eigenvalue problem...
 KGrids1:  -0.42857  -0.28571  -0.14286   0.00000   0.14286   0.28572   0.42857 
 KGrids2:  -0.42857  -0.28572  -0.14286  -0.00000   0.14286   0.28571   0.42857 
 KGrids3:  -0.42857  -0.28571  -0.14286   0.00000   0.14286   0.28572   0.42857 
<Band_DFT>  Eigen, time=0.140149
<Band_DFT>  DM, time=0.210912
    1   Ni  MulP 9.31 8.69 sum 18.00 diff  0.62 (  0.02 225.01)  Ml 0.05 (  0.15 225.00)  Ml+s 0.67 (  0.03 225.01)
 Sum of MulP: up   =     9.30855 down          =     8.69145
              total=    18.00000 ideal(neutral)=    18.00000
<DFT>  Total Spin Moment    (muB)  0.617105850   Angles    0.020199587   225.008682982
<DFT>  Total Orbital Moment (muB)  0.049935167   Angles    0.147027416   225.001393387
<DFT>  Total Moment         (muB)  0.667040904   Angles    0.029694002   225.005980974
<DFT>  Mixing_weight= 0.096964065891
<DFT>  Uele   =  -26.526579747874  dUele     =   0.000375155760
<DFT>  NormRD =    0.002050190781  Criterion =   0.000000010000

******************* MD= 1  SCF=23 *******************
<Poisson>  Poisson's equation using FFT...
<Set_Hamiltonian>  Hamiltonian matrix for VNA+dVH+Vxc...
<Band>  Solving the eigenvalue problem...
 KGrids1:  -0.42857  -0.28571  -0.14286   0.00000   0.14286   0.28572   0.42857 
 KGrids2:  -0.42857  -0.28572  -0.14286  -0.00000   0.14286   0.28571   0.42857 
 KGrids3:  -0.42857  -0.28571  -0.14286   0.00000   0.14286   0.28572   0.42857 
<Band_DFT>  Eigen, time=0.140091
<Band_DFT>  DM, time=0.211284
    1   Ni  MulP 9.31 8.69 sum 18.00 diff  0.62 (  0.02 225.01)  Ml 0.05 (  0.15 225.00)  Ml+s 0.67 (  0.03 225.01)
 Sum of MulP: up   =     9.30801 down          =     8.69199
              total=    18.00000 ideal(neutral)=    18.00000
<DFT>  Total Spin Moment    (muB)  0.616011242   Angles    0.020248186   225.008680304
<DFT>  Total Orbital Moment (muB)  0.049869953   Angles    0.147028135   225.001397732
<DFT>  Total Moment         (muB)  0.665881082   Angles    0.029743132   225.005984177
<DFT>  Mixing_weight= 0.048238732191
<DFT>  Uele   =  -26.526392093349  dUele     =   0.000187654525
<DFT>  NormRD =    0.002060505342  Criterion =   0.000000010000

******************* MD= 1  SCF=24 *******************
<Poisson>  Poisson's equation using FFT...
<Set_Hamiltonian>  Hamiltonian matrix for VNA+dVH+Vxc...
<Band>  Solving the eigenvalue problem...
 KGrids1:  -0.42857  -0.28571  -0.14286   0.00000   0.14286   0.28572   0.42857 
 KGrids2:  -0.42857  -0.28572  -0.14286  -0.00000   0.14286   0.28571   0.42857 
 KGrids3:  -0.42857  -0.28571  -0.14286   0.00000   0.14286   0.28572   0.42857 
<Band_DFT>  Eigen, time=0.140040
<Band_DFT>  DM, time=0.211233
    1   Ni  MulP 9.31 8.69 sum 18.00 diff  0.62 (  0.02 225.01)  Ml 0.05 (  0.15 225.00)  Ml+s 0.67 (  0.03 225.01)
 Sum of MulP: up   =     9.30773 down          =     8.69227
              total=    18.00000 ideal(neutral)=    18.00000
<DFT>  Total Spin Moment    (muB)  0.615463625   Angles    0.020272185   225.008678924
<DFT>  Total Orbital Moment (muB)  0.049837279   Angles    0.147048394   225.001399723
<DFT>  Total Moment         (muB)  0.665300792   Angles    0.029768907   225.005985424
<DFT>  Mixing_weight= 0.024047675785
<DFT>  Uele   =  -26.526298297323  dUele     =   0.000093796026
<DFT>  NormRD =    0.002066638938  Criterion =   0.000000010000

******************* MD= 1  SCF=25 *******************
<Poisson>  Poisson's equation using FFT...
<Set_Hamiltonian>  Hamiltonian matrix for VNA+dVH+Vxc...
<Band>  Solving the eigenvalue problem...
 KGrids1:  -0.42857  -0.28571  -0.14286   0.00000   0.14286   0.28572   0.42857 
 KGrids2:  -0.42857  -0.28572  -0.14286  -0.00000   0.14286   0.28571   0.42857 
 KGrids3:  -0.42857  -0.28571  -0.14286   0.00000   0.14286   0.28572   0.42857 
<Band_DFT>  Eigen, time=0.140561
<Band_DFT>  DM, time=0.211589
    1   Ni  MulP 9.31 8.69 sum 18.00 diff  0.62 (  0.02 225.01)  Ml 0.05 (  0.15 225.00)  Ml+s 0.67 (  0.03 225.01)
 Sum of MulP: up   =     9.30759 down          =     8.69241
              total=    18.00000 ideal(neutral)=    18.00000
<DFT>  Total Spin Moment    (muB)  0.615189775   Angles    0.020283916   225.008678330
<DFT>  Total Orbital Moment (muB)  0.049820929   Angles    0.147063804   225.001400850
<DFT>  Total Moment         (muB)  0.665010591   Angles    0.029781940   225.005986072
<DFT>  Mixing_weight= 0.012002864689
<DFT>  Uele   =  -26.526251419678  dUele     =   0.000046877645
<DFT>  NormRD =    0.002070246930  Criterion =   0.000000010000

******************* MD= 1  SCF=26 *******************
<Poisson>  Poisson's equation using FFT...
<Set_Hamiltonian>  Hamiltonian matrix for VNA+dVH+Vxc...
<Band>  Solving the eigenvalue problem...
 KGrids1:  -0.42857  -0.28571  -0.14286   0.00000   0.14286   0.28572   0.42857 
 KGrids2:  -0.42857  -0.28572  -0.14286  -0.00000   0.14286   0.28571   0.42857 
 KGrids3:  -0.42857  -0.28571  -0.14286   0.00000   0.14286   0.28572   0.42857 
<Band_DFT>  Eigen, time=0.138454
<Band_DFT>  DM, time=0.211351
    1   Ni  MulP 9.31 8.69 sum 18.00 diff  0.62 (  0.02 225.01)  Ml 0.05 (  0.15 225.00)  Ml+s 0.66 (  0.03 225.01)
 Sum of MulP: up   =     9.30753 down          =     8.69247
              total=    18.00000 ideal(neutral)=    18.00000
<DFT>  Total Spin Moment    (muB)  0.615052844   Angles    0.020289681   225.008678077
<DFT>  Total Orbital Moment (muB)  0.049812751   Angles    0.147072847   225.001401295
<DFT>  Total Moment         (muB)  0.664865481   Angles    0.029788464   225.005986356
<DFT>  Mixing_weight= 0.005995865318
<DFT>  Uele   =  -26.526227987236  dUele     =   0.000023432442
<DFT>  NormRD =    0.002072168216  Criterion =   0.000000010000

******************* MD= 1  SCF=27 *******************
<Poisson>  Poisson's equation using FFT...
<Set_Hamiltonian>  Hamiltonian matrix for VNA+dVH+Vxc...
<Band>  Solving the eigenvalue problem...
 KGrids1:  -0.42857  -0.28571  -0.14286   0.00000   0.14286   0.28572   0.42857 
 KGrids2:  -0.42857  -0.28572  -0.14286  -0.00000   0.14286   0.28571   0.42857 
 KGrids3:  -0.42857  -0.28571  -0.14286   0.00000   0.14286   0.28572   0.42857 
<Band_DFT>  Eigen, time=0.140396
<Band_DFT>  DM, time=0.211347
    1   Ni  MulP 9.31 8.69 sum 18.00 diff  0.61 (  0.02 225.01)  Ml 0.05 (  0.15 225.00)  Ml+s 0.66 (  0.03 225.01)
 Sum of MulP: up   =     9.30749 down          =     8.69251
              total=    18.00000 ideal(neutral)=    18.00000
<DFT>  Total Spin Moment    (muB)  0.614984376   Angles    0.020292534   225.008677959
<DFT>  Total Orbital Moment (muB)  0.049808661   Angles    0.147077703   225.001401355
<DFT>  Total Moment         (muB)  0.664792925   Angles    0.029791724   225.005986437
<DFT>  Mixing_weight= 0.002996502890
<DFT>  Uele   =  -26.526216272760  dUele     =   0.000011714476
<DFT>  NormRD =    0.002073156707  Criterion =   0.000000010000

******************* MD= 1  SCF=28 *******************
<Poisson>  Poisson's equation using FFT...
<Set_Hamiltonian>  Hamiltonian matrix for VNA+dVH+Vxc...
<Band>  Solving the eigenvalue problem...
 KGrids1:  -0.42857  -0.28571  -0.14286   0.00000   0.14286   0.28572   0.42857 
 KGrids2:  -0.42857  -0.28572  -0.14286  -0.00000   0.14286   0.28571   0.42857 
 KGrids3:  -0.42857  -0.28571  -0.14286   0.00000   0.14286   0.28572   0.42857 
<Band_DFT>  Eigen, time=0.140118
<Band_DFT>  DM, time=0.211299
    1   Ni  MulP 9.31 8.69 sum 18.00 diff  0.61 (  0.02 225.01)  Ml 0.05 (  0.15 225.00)  Ml+s 0.66 (  0.03 225.01)
 Sum of MulP: up   =     9.30748 down          =     8.69252
              total=    18.00000 ideal(neutral)=    18.00000
<DFT>  Total Spin Moment    (muB)  0.614950143   Angles    0.020293953   225.008677904
<DFT>  Total Orbital Moment (muB)  0.049806616   Angles    0.147080215   225.001401481
<DFT>  Total Moment         (muB)  0.664756646   Angles    0.029793354   225.005986513
<DFT>  Mixing_weight= 0.001497889377
<DFT>  Uele   =  -26.526210415976  dUele     =   0.000005856784
<DFT>  NormRD =    0.002073657767  Criterion =   0.000000010000

******************* MD= 1  SCF=29 *******************
<Poisson>  Poisson's equation using FFT...
<Set_Hamiltonian>  Hamiltonian matrix for VNA+dVH+Vxc...
<Band>  Solving the eigenvalue problem...
 KGrids1:  -0.42857  -0.28571  -0.14286   0.00000   0.14286   0.28572   0.42857 
 KGrids2:  -0.42857  -0.28572  -0.14286  -0.00000   0.14286   0.28571   0.42857 
 KGrids3:  -0.42857  -0.28571  -0.14286   0.00000   0.14286   0.28572   0.42857 
<Band_DFT>  Eigen, time=0.140577
<Band_DFT>  DM, time=0.211451
    1   Ni  MulP 9.31 8.69 sum 18.00 diff  0.61 (  0.02 225.01)  Ml 0.05 (  0.15 225.00)  Ml+s 0.66 (  0.03 225.01)
 Sum of MulP: up   =     9.30746 down          =     8.69254
              total=    18.00000 ideal(neutral)=    18.00000
<DFT>  Total Spin Moment    (muB)  0.614927285   Angles    0.020294898   225.008677869
<DFT>  Total Orbital Moment (muB)  0.049805250   Angles    0.147081920   225.001401574
<DFT>  Total Moment         (muB)  0.664732423   Angles    0.029794441   225.005986569
<DFT>  Mixing_weight= 0.001000000000
<DFT>  Uele   =  -26.526206505633  dUele     =   0.000003910343
<DFT>  NormRD =    0.002073909983  Criterion =   0.000000010000

******************* MD= 1  SCF=30 *******************
<Poisson>  Poisson's equation using FFT...
<Set_Hamiltonian>  Hamiltonian matrix for VNA+dVH+Vxc...
<Band>  Solving the eigenvalue problem...
 KGrids1:  -0.42857  -0.28571  -0.14286   0.00000   0.14286   0.28572   0.42857 
 KGrids2:  -0.42857  -0.28572  -0.14286  -0.00000   0.14286   0.28571   0.42857 
 KGrids3:  -0.42857  -0.28571  -0.14286   0.00000   0.14286   0.28572   0.42857 
<Band_DFT>  Eigen, time=0.138761
<Band_DFT>  DM, time=0.211818
    1   Ni  MulP 9.31 8.69 sum 18.00 diff  0.62 (  0.02 225.01)  Ml 0.05 (  0.08 225.00)  Ml+s 0.67 (  0.03 225.01)
 Sum of MulP: up   =     9.31149 down          =     8.68851
              total=    18.00000 ideal(neutral)=    18.00000
<DFT>  Total Spin Moment    (muB)  0.622983214   Angles    0.023574094   225.007501939
<DFT>  Total Orbital Moment (muB)  0.050334426   Angles    0.079751903   225.002643090
<DFT>  Total Moment         (muB)  0.673317618   Angles    0.027773712   225.006458936
<DFT>  Mixing_weight= 0.001000000000
<DFT>  Uele   =  -26.529151546418  dUele     =   0.002945040786
<DFT>  NormRD =    0.001734689174  Criterion =   0.000000010000

******************* MD= 1  SCF=31 *******************
<Poisson>  Poisson's equation using FFT...
<Set_Hamiltonian>  Hamiltonian matrix for VNA+dVH+Vxc...
<Band>  Solving the eigenvalue problem...
 KGrids1:  -0.42857  -0.28571  -0.14286   0.00000   0.14286   0.28572   0.42857 
 KGrids2:  -0.42857  -0.28572  -0.14286  -0.00000   0.14286   0.28571   0.42857 
 KGrids3:  -0.42857  -0.28571  -0.14286   0.00000   0.14286   0.28572   0.42857 
<Band_DFT>  Eigen, time=0.138577
<Band_DFT>  DM, time=0.212160
    1   Ni  MulP 9.28 8.72 sum 18.00 diff  0.57 (  0.03 225.01)  Ml 0.05 (  0.07  45.00)  Ml+s 0.61 (  0.02 225.01)
 Sum of MulP: up   =     9.28288 down          =     8.71712
              total=    18.00000 ideal(neutral)=    18.00000
<DFT>  Total Spin Moment    (muB)  0.565762885   Angles    0.027451904   225.007583036
<DFT>  Total Orbital Moment (muB)  0.046808141   Angles    0.074511241    44.997120641
<DFT>  Total Moment         (muB)  0.612570957   Angles    0.019660639   225.010612879
<DFT>  Mixing_weight= 0.001000000000
<DFT>  Uele   =  -26.519107293612  dUele     =   0.010044252806
<DFT>  NormRD =    0.002213659747  Criterion =   0.000000010000

******************* MD= 1  SCF=32 *******************
<Poisson>  Poisson's equation using FFT...
<Set_Hamiltonian>  Hamiltonian matrix for VNA+dVH+Vxc...
<Band>  Solving the eigenvalue problem...
 KGrids1:  -0.42857  -0.28571  -0.14286   0.00000   0.14286   0.28572   0.42857 
 KGrids2:  -0.42857  -0.28572  -0.14286  -0.00000   0.14286   0.28571   0.42857 
 KGrids3:  -0.42857  -0.28571  -0.14286   0.00000   0.14286   0.28572   0.42857 
<Band_DFT>  Eigen, time=0.138442
<Band_DFT>  DM, time=0.211301
    1   Ni  MulP 9.31 8.69 sum 18.00 diff  0.63 (  0.02 225.01)  Ml 0.05 (  0.12 225.00)  Ml+s 0.68 (  0.03 225.01)
 Sum of MulP: up   =     9.31273 down          =     8.68727
              total=    18.00000 ideal(neutral)=    18.00000
<DFT>  Total Spin Moment    (muB)  0.625469667   Angles    0.019493491   225.009230087
<DFT>  Total Orbital Moment (muB)  0.050443714   Angles    0.123223793   225.001348712
<DFT>  Total Moment         (muB)  0.675913304   Angles    0.027234926   225.006568834
<DFT>  Mixing_weight= 0.001000000000
<DFT>  Uele   =  -26.529772196767  dUele     =   0.010664903155
<DFT>  NormRD =    0.002467648702  Criterion =   0.000000010000

******************* MD= 1  SCF=33 *******************
<Poisson>  Poisson's equation using FFT...
<Set_Hamiltonian>  Hamiltonian matrix for VNA+dVH+Vxc...
<Band>  Solving the eigenvalue problem...
 KGrids1:  -0.42857  -0.28571  -0.14286   0.00000   0.14286   0.28572   0.42857 
 KGrids2:  -0.42857  -0.28572  -0.14286  -0.00000   0.14286   0.28571   0.42857 
 KGrids3:  -0.42857  -0.28571  -0.14286   0.00000   0.14286   0.28572   0.42857 
<Band_DFT>  Eigen, time=0.140247
<Band_DFT>  DM, time=0.211340
    1   Ni  MulP 9.32 8.68 sum 18.00 diff  0.64 (  0.03 225.01)  Ml 0.05 (  0.05 225.00)  Ml+s 0.69 (  0.03 225.01)
 Sum of MulP: up   =     9.31930 down          =     8.68070
              total=    18.00000 ideal(neutral)=    18.00000
<DFT>  Total Spin Moment    (muB)  0.638592243   Angles    0.025878587   225.006410085
<DFT>  Total Orbital Moment (muB)  0.051247442   Angles    0.048842277   225.004075578
<DFT>  Total Moment         (muB)  0.689839681   Angles    0.027584535   225.006103006
<DFT>  Mixing_weight= 0.001000000000
<DFT>  Uele   =  -26.531891210218  dUele     =   0.002119013451
<DFT>  NormRD =    0.002288996071  Criterion =   0.000000010000

******************* MD= 1  SCF=34 *******************
<Poisson>  Poisson's equation using FFT...
<Set_Hamiltonian>  Hamiltonian matrix for VNA+dVH+Vxc...
<Band>  Solving the eigenvalue problem...
 KGrids1:  -0.42857  -0.28571  -0.14286   0.00000   0.14286   0.28572   0.42857 
 KGrids2:  -0.42857  -0.28572  -0.14286  -0.00000   0.14286   0.28571   0.42857 
 KGrids3:  -0.42857  -0.28571  -0.14286   0.00000   0.14286   0.28572   0.42857 
<Band_DFT>  Eigen, time=0.140536
<Band_DFT>  DM, time=0.211231
    1   Ni  MulP 9.35 8.65 sum 18.00 diff  0.71 (  0.03 225.00)  Ml 0.06 (  0.18 225.00)  Ml+s 0.76 (  0.04 225.00)
 Sum of MulP: up   =     9.35460 down          =     8.64540
              total=    18.00000 ideal(neutral)=    18.00000
<DFT>  Total Spin Moment    (muB)  0.709190103   Angles    0.030075011   225.003554726
<DFT>  Total Orbital Moment (muB)  0.055344387   Angles    0.184711284   225.000702282
<DFT>  Total Moment         (muB)  0.764534304   Angles    0.041269066   225.002630535
<DFT>  Mixing_weight= 0.001000000000
<DFT>  Uele   =  -26.559558193975  dUele     =   0.027666983756
<DFT>  NormRD =    0.002242853805  Criterion =   0.000000010000

******************* MD= 1  SCF=35 *******************
<Poisson>  Poisson's equation using FFT...
<Set_Hamiltonian>  Hamiltonian matrix for VNA+dVH+Vxc...
<Band>  Solving the eigenvalue problem...
 KGrids1:  -0.42857  -0.28571  -0.14286   0.00000   0.14286   0.28572   0.42857 
 KGrids2:  -0.42857  -0.28572  -0.14286  -0.00000   0.14286   0.28571   0.42857 
 KGrids3:  -0.42857  -0.28571  -0.14286   0.00000   0.14286   0.28572   0.42857 
<Band_DFT>  Eigen, time=0.138388
<Band_DFT>  DM, time=0.211445
    1   Ni  MulP 9.28 8.72 sum 18.00 diff  0.56 (  0.02 225.01)  Ml 0.05 (  0.05 225.00)  Ml+s 0.61 (  0.02 225.01)
 Sum of MulP: up   =     9.28205 down          =     8.71795
              total=    18.00000 ideal(neutral)=    18.00000
<DFT>  Total Spin Moment    (muB)  0.564090967   Angles    0.019283471   225.010875564
<DFT>  Total Orbital Moment (muB)  0.046665340   Angles    0.049258740   225.004564201
<DFT>  Total Moment         (muB)  0.610756302   Angles    0.021573756   225.009774514
<DFT>  Mixing_weight= 0.001000000000
<DFT>  Uele   =  -26.519152934991  dUele     =   0.040405258984
<DFT>  NormRD =    0.010063542490  Criterion =   0.000000010000

******************* MD= 1  SCF=36 *******************
<Poisson>  Poisson's equation using FFT...
<Set_Hamiltonian>  Hamiltonian matrix for VNA+dVH+Vxc...
<Band>  Solving the eigenvalue problem...
 KGrids1:  -0.42857  -0.28571  -0.14286   0.00000   0.14286   0.28572   0.42857 
 KGrids2:  -0.42857  -0.28572  -0.14286  -0.00000   0.14286   0.28571   0.42857 
 KGrids3:  -0.42857  -0.28571  -0.14286   0.00000   0.14286   0.28572   0.42857 
<Band_DFT>  Eigen, time=0.140236
<Band_DFT>  DM, time=0.211296
    1   Ni  MulP 9.28 8.72 sum 18.00 diff  0.57 (  0.02 225.01)  Ml 0.05 (  0.10 225.00)  Ml+s 0.62 (  0.03 225.01)
 Sum of MulP: up   =     9.28421 down          =     8.71579
              total=    18.00000 ideal(neutral)=    18.00000
<DFT>  Total Spin Moment    (muB)  0.568415997   Angles    0.018982700   225.011441490
<DFT>  Total Orbital Moment (muB)  0.046952897   Angles    0.100923894   225.002214650
<DFT>  Total Moment         (muB)  0.615368849   Angles    0.025234845   225.008625876
<DFT>  Mixing_weight= 0.001000000000
<DFT>  Uele   =  -26.520210045689  dUele     =   0.001057110698
<DFT>  NormRD =    0.002526577060  Criterion =   0.000000010000

******************* MD= 1  SCF=37 *******************
<Poisson>  Poisson's equation using FFT...
<Set_Hamiltonian>  Hamiltonian matrix for VNA+dVH+Vxc...
<Band>  Solving the eigenvalue problem...
 KGrids1:  -0.42857  -0.28571  -0.14286   0.00000   0.14286   0.28572   0.42857 
 KGrids2:  -0.42857  -0.28572  -0.14286  -0.00000   0.14286   0.28571   0.42857 
 KGrids3:  -0.42857  -0.28571  -0.14286   0.00000   0.14286   0.28572   0.42857 
<Band_DFT>  Eigen, time=0.138420
<Band_DFT>  DM, time=0.211855
    1   Ni  MulP 9.30 8.70 sum 18.00 diff  0.60 (  0.02 225.01)  Ml 0.05 (  0.23 225.00)  Ml+s 0.64 (  0.03 225.01)
 Sum of MulP: up   =     9.29807 down          =     8.70193
              total=    18.00000 ideal(neutral)=    18.00000
<DFT>  Total Spin Moment    (muB)  0.596134058   Angles    0.018312989   225.011599649
<DFT>  Total Orbital Moment (muB)  0.048712730   Angles    0.231712387   225.000819455
<DFT>  Total Moment         (muB)  0.644846475   Angles    0.034433483   225.006119658
<DFT>  Mixing_weight= 0.001000000000
<DFT>  Uele   =  -26.525286123099  dUele     =   0.005076077410
<DFT>  NormRD =    0.002536952892  Criterion =   0.000000010000

******************* MD= 1  SCF=38 *******************
<Poisson>  Poisson's equation using FFT...
<Set_Hamiltonian>  Hamiltonian matrix for VNA+dVH+Vxc...
<Band>  Solving the eigenvalue problem...
 KGrids1:  -0.42857  -0.28571  -0.14286   0.00000   0.14286   0.28572   0.42857 
 KGrids2:  -0.42857  -0.28572  -0.14286  -0.00000   0.14286   0.28571   0.42857 
 KGrids3:  -0.42857  -0.28571  -0.14286   0.00000   0.14286   0.28572   0.42857 
<Band_DFT>  Eigen, time=0.138483
<Band_DFT>  DM, time=0.211593
    1   Ni  MulP 9.29 8.71 sum 18.00 diff  0.57 (  0.02 225.01)  Ml 0.05 (  0.18 225.00)  Ml+s 0.62 (  0.03 225.01)
 Sum of MulP: up   =     9.28662 down          =     8.71338
              total=    18.00000 ideal(neutral)=    18.00000
<DFT>  Total Spin Moment    (muB)  0.573231707   Angles    0.019605004   225.011004794
<DFT>  Total Orbital Moment (muB)  0.047275206   Angles    0.184698516   225.001192209
<DFT>  Total Moment         (muB)  0.620506732   Angles    0.032183141   225.006714327
<DFT>  Mixing_weight= 0.001000000000
<DFT>  Uele   =  -26.521319551854  dUele     =   0.003966571245
<DFT>  NormRD =    0.002689786273  Criterion =   0.000000010000

******************* MD= 1  SCF=39 *******************
<Poisson>  Poisson's equation using FFT...
<Set_Hamiltonian>  Hamiltonian matrix for VNA+dVH+Vxc...
<Band>  Solving the eigenvalue problem...
 KGrids1:  -0.42857  -0.28571  -0.14286   0.00000   0.14286   0.28572   0.42857 
 KGrids2:  -0.42857  -0.28572  -0.14286  -0.00000   0.14286   0.28571   0.42857 
 KGrids3:  -0.42857  -0.28571  -0.14286   0.00000   0.14286   0.28572   0.42857 
<Band_DFT>  Eigen, time=0.138248
<Band_DFT>  DM, time=0.211309
    1   Ni  MulP 9.29 8.71 sum 18.00 diff  0.59 (  0.02 225.01)  Ml 0.05 (  0.17 225.00)  Ml+s 0.64 (  0.03 225.01)
 Sum of MulP: up   =     9.29494 down          =     8.70506
              total=    18.00000 ideal(neutral)=    18.00000
<DFT>  Total Spin Moment    (muB)  0.589873031   Angles    0.019195067   225.010316350
<DFT>  Total Orbital Moment (muB)  0.048317204   Angles    0.174208526   225.001568778
<DFT>  Total Moment         (muB)  0.638190072   Angles    0.030931081   225.006586315
<DFT>  Mixing_weight= 0.001000000000
<DFT>  Uele   =  -26.524085081118  dUele     =   0.002765529265
<DFT>  NormRD =    0.002610801914  Criterion =   0.000000010000

******************* MD= 1  SCF=40 *******************
<Poisson>  Poisson's equation using FFT...
<Set_Hamiltonian>  Hamiltonian matrix for VNA+dVH+Vxc...
<Band>  Solving the eigenvalue problem...
 KGrids1:  -0.42857  -0.28571  -0.14286   0.00000   0.14286   0.28572   0.42857 
 KGrids2:  -0.42857  -0.28572  -0.14286  -0.00000   0.14286   0.28571   0.42857 
 KGrids3:  -0.42857  -0.28571  -0.14286   0.00000   0.14286   0.28572   0.42857 
<Band_DFT>  Eigen, time=0.140168
<Band_DFT>  DM, time=0.211655
    1   Ni  MulP 9.31 8.69 sum 18.00 diff  0.62 (  0.02 225.01)  Ml 0.05 (  0.11 225.00)  Ml+s 0.67 (  0.03 225.01)
 Sum of MulP: up   =     9.31136 down          =     8.68864
              total=    18.00000 ideal(neutral)=    18.00000
<DFT>  Total Spin Moment    (muB)  0.622719083   Angles    0.020799943   225.008398405
<DFT>  Total Orbital Moment (muB)  0.050287525   Angles    0.106335944   225.001988488
<DFT>  Total Moment         (muB)  0.673006556   Angles    0.027191251   225.006525378
<DFT>  Mixing_weight= 0.001000000000
<DFT>  Uele   =  -26.529289694013  dUele     =   0.005204612895
<DFT>  NormRD =    0.002547977377  Criterion =   0.000000010000

******************* MD= 1  SCF=41 *******************
<Poisson>  Poisson's equation using FFT...
<Set_Hamiltonian>  Hamiltonian matrix for VNA+dVH+Vxc...
<Band>  Solving the eigenvalue problem...
 KGrids1:  -0.42857  -0.28571  -0.14286   0.00000   0.14286   0.28572   0.42857 
 KGrids2:  -0.42857  -0.28572  -0.14286  -0.00000   0.14286   0.28571   0.42857 
 KGrids3:  -0.42857  -0.28571  -0.14286   0.00000   0.14286   0.28572   0.42857 
<Band_DFT>  Eigen, time=0.140585
<Band_DFT>  DM, time=0.211526
    1   Ni  MulP 9.31 8.69 sum 18.00 diff  0.62 (  0.02 225.01)  Ml 0.05 (  0.10 225.00)  Ml+s 0.67 (  0.03 225.01)
 Sum of MulP: up   =     9.30789 down          =     8.69211
              total=    18.00000 ideal(neutral)=    18.00000
<DFT>  Total Spin Moment    (muB)  0.615773213   Angles    0.021420115   225.008976001
<DFT>  Total Orbital Moment (muB)  0.049876767   Angles    0.103334488   225.002080101
<DFT>  Total Moment         (muB)  0.665649933   Angles    0.027557910   225.007038499
<DFT>  Mixing_weight= 0.001000000000
<DFT>  Uele   =  -26.528088233681  dUele     =   0.001201460332
<DFT>  NormRD =    0.002229926400  Criterion =   0.000000010000

******************* MD= 1  SCF=42 *******************
<Poisson>  Poisson's equation using FFT...
<Set_Hamiltonian>  Hamiltonian matrix for VNA+dVH+Vxc...
<Band>  Solving the eigenvalue problem...
 KGrids1:  -0.42857  -0.28571  -0.14286   0.00000   0.14286   0.28572   0.42857 
 KGrids2:  -0.42857  -0.28572  -0.14286  -0.00000   0.14286   0.28571   0.42857 
 KGrids3:  -0.42857  -0.28571  -0.14286   0.00000   0.14286   0.28572   0.42857 
<Band_DFT>  Eigen, time=0.138522
<Band_DFT>  DM, time=0.211679
    1   Ni  MulP 9.32 8.68 sum 18.00 diff  0.64 (  0.02 225.01)  Ml 0.05 (  0.09 225.00)  Ml+s 0.70 (  0.03 225.01)
 Sum of MulP: up   =     9.32242 down          =     8.67758
              total=    18.00000 ideal(neutral)=    18.00000
<DFT>  Total Spin Moment    (muB)  0.644848801   Angles    0.020402514   225.008496011
<DFT>  Total Orbital Moment (muB)  0.051569163   Angles    0.087989557   225.002361719
<DFT>  Total Moment         (muB)  0.696417931   Angles    0.025407277   225.006922907
<DFT>  Mixing_weight= 0.001000000000
<DFT>  Uele   =  -26.533050696408  dUele     =   0.004962462727
<DFT>  NormRD =    0.002267277394  Criterion =   0.000000010000

******************* MD= 1  SCF=43 *******************
<Poisson>  Poisson's equation using FFT...
<Set_Hamiltonian>  Hamiltonian matrix for VNA+dVH+Vxc...
<Band>  Solving the eigenvalue problem...
 KGrids1:  -0.42857  -0.28571  -0.14286   0.00000   0.14286   0.28572   0.42857 
 KGrids2:  -0.42857  -0.28572  -0.14286  -0.00000   0.14286   0.28571   0.42857 
 KGrids3:  -0.42857  -0.28571  -0.14286   0.00000   0.14286   0.28572   0.42857 
<Band_DFT>  Eigen, time=0.138446
<Band_DFT>  DM, time=0.211048
    1   Ni  MulP 9.33 8.67 sum 18.00 diff  0.67 (  0.02 225.01)  Ml 0.05 (  0.12 225.00)  Ml+s 0.72 (  0.03 225.01)
 Sum of MulP: up   =     9.33321 down          =     8.66679
              total=    18.00000 ideal(neutral)=    18.00000
<DFT>  Total Spin Moment    (muB)  0.666413078   Angles    0.020521743   225.009411438
<DFT>  Total Orbital Moment (muB)  0.052787818   Angles    0.119877862   225.001815428
<DFT>  Total Moment         (muB)  0.719200822   Angles    0.027814268   225.007008514
<DFT>  Mixing_weight= 0.001000000000
<DFT>  Uele   =  -26.537381154168  dUele     =   0.004330457760
<DFT>  NormRD =    0.002171731039  Criterion =   0.000000010000

******************* MD= 1  SCF=44 *******************
<Poisson>  Poisson's equation using FFT...
<Set_Hamiltonian>  Hamiltonian matrix for VNA+dVH+Vxc...
<Band>  Solving the eigenvalue problem...
 KGrids1:  -0.42857  -0.28571  -0.14286   0.00000   0.14286   0.28572   0.42857 
 KGrids2:  -0.42857  -0.28572  -0.14286  -0.00000   0.14286   0.28571   0.42857 
 KGrids3:  -0.42857  -0.28571  -0.14286   0.00000   0.14286   0.28572   0.42857 
<Band_DFT>  Eigen, time=0.140690
<Band_DFT>  DM, time=0.211650
    1   Ni  MulP 9.28 8.72 sum 18.00 diff  0.55 (  0.02 225.01)  Ml 0.05 (  0.00 225.29)  Ml+s 0.60 (  0.02 225.01)
 Sum of MulP: up   =     9.27516 down          =     8.72484
              total=    18.00000 ideal(neutral)=    18.00000
<DFT>  Total Spin Moment    (muB)  0.550329620   Angles    0.020681086   225.009796647
<DFT>  Total Orbital Moment (muB)  0.045787064   Angles    0.000800794   225.290675151
<DFT>  Total Moment         (muB)  0.596116682   Angles    0.019154102   225.010698607
<DFT>  Mixing_weight= 0.001000000000
<DFT>  Uele   =  -26.516922918834  dUele     =   0.020458235334
<DFT>  NormRD =    0.002297453606  Criterion =   0.000000010000

******************* MD= 1  SCF=45 *******************
<Poisson>  Poisson's equation using FFT...
<Set_Hamiltonian>  Hamiltonian matrix for VNA+dVH+Vxc...
<Band>  Solving the eigenvalue problem...
 KGrids1:  -0.42857  -0.28571  -0.14286   0.00000   0.14286   0.28572   0.42857 
 KGrids2:  -0.42857  -0.28572  -0.14286  -0.00000   0.14286   0.28571   0.42857 
 KGrids3:  -0.42857  -0.28571  -0.14286   0.00000   0.14286   0.28572   0.42857 
<Band_DFT>  Eigen, time=0.138498
<Band_DFT>  DM, time=0.211627
    1   Ni  MulP 9.27 8.73 sum 18.00 diff  0.54 (  0.02 225.01)  Ml 0.05 (  0.03  44.99)  Ml+s 0.58 (  0.02 225.01)
 Sum of MulP: up   =     9.26932 down          =     8.73068
              total=    18.00000 ideal(neutral)=    18.00000
<DFT>  Total Spin Moment    (muB)  0.538633775   Angles    0.019638149   225.009821515
<DFT>  Total Orbital Moment (muB)  0.045019709   Angles    0.030322171    44.992245408
<DFT>  Total Moment         (muB)  0.583653468   Angles    0.015784495   225.012425868
<DFT>  Mixing_weight= 0.001000000000
<DFT>  Uele   =  -26.515376161904  dUele     =   0.001546756930
<DFT>  NormRD =    0.002592366721  Criterion =   0.000000010000

******************* MD= 1  SCF=46 *******************
<Poisson>  Poisson's equation using FFT...
<Set_Hamiltonian>  Hamiltonian matrix for VNA+dVH+Vxc...
<Band>  Solving the eigenvalue problem...
 KGrids1:  -0.42857  -0.28571  -0.14286   0.00000   0.14286   0.28572   0.42857 
 KGrids2:  -0.42857  -0.28572  -0.14286  -0.00000   0.14286   0.28571   0.42857 
 KGrids3:  -0.42857  -0.28571  -0.14286   0.00000   0.14286   0.28572   0.42857 
<Band_DFT>  Eigen, time=0.139307
<Band_DFT>  DM, time=0.211498
    1   Ni  MulP 9.27 8.73 sum 18.00 diff  0.55 (  0.02 225.01)  Ml 0.05 (  0.01 225.03)  Ml+s 0.59 (  0.02 225.01)
 Sum of MulP: up   =     9.27365 down          =     8.72635
              total=    18.00000 ideal(neutral)=    18.00000
<DFT>  Total Spin Moment    (muB)  0.547290917   Angles    0.021655292   225.008800367
<DFT>  Total Orbital Moment (muB)  0.045587216   Angles    0.007249438   225.032238110
<DFT>  Total Moment         (muB)  0.592878132   Angles    0.020547606   225.009436191
<DFT>  Mixing_weight= 0.001000000000
<DFT>  Uele   =  -26.516518632855  dUele     =   0.001142470952
<DFT>  NormRD =    0.002729953625  Criterion =   0.000000010000

******************* MD= 1  SCF=47 *******************
<Poisson>  Poisson's equation using FFT...
<Set_Hamiltonian>  Hamiltonian matrix for VNA+dVH+Vxc...
<Band>  Solving the eigenvalue problem...
 KGrids1:  -0.42857  -0.28571  -0.14286   0.00000   0.14286   0.28572   0.42857 
 KGrids2:  -0.42857  -0.28572  -0.14286  -0.00000   0.14286   0.28571   0.42857 
 KGrids3:  -0.42857  -0.28571  -0.14286   0.00000   0.14286   0.28572   0.42857 
<Band_DFT>  Eigen, time=0.138686
<Band_DFT>  DM, time=0.211597
    1   Ni  MulP 9.28 8.72 sum 18.00 diff  0.57 (  0.03 225.01)  Ml 0.05 (  0.07 225.00)  Ml+s 0.61 (  0.03 225.01)
 Sum of MulP: up   =     9.28315 down          =     8.71685
              total=    18.00000 ideal(neutral)=    18.00000
<DFT>  Total Spin Moment    (muB)  0.566293847   Angles    0.025196994   225.007620223
<DFT>  Total Orbital Moment (muB)  0.046817006   Angles    0.073124558   225.002795494
<DFT>  Total Moment         (muB)  0.613110838   Angles    0.028856732   225.006686639
<DFT>  Mixing_weight= 0.001000000000
<DFT>  Uele   =  -26.519432384091  dUele     =   0.002913751236
<DFT>  NormRD =    0.002647205699  Criterion =   0.000000010000

******************* MD= 1  SCF=48 *******************
<Poisson>  Poisson's equation using FFT...
<Set_Hamiltonian>  Hamiltonian matrix for VNA+dVH+Vxc...
<Band>  Solving the eigenvalue problem...
 KGrids1:  -0.42857  -0.28571  -0.14286   0.00000   0.14286   0.28572   0.42857 
 KGrids2:  -0.42857  -0.28572  -0.14286  -0.00000   0.14286   0.28571   0.42857 
 KGrids3:  -0.42857  -0.28571  -0.14286   0.00000   0.14286   0.28572   0.42857 
<Band_DFT>  Eigen, time=0.140084
<Band_DFT>  DM, time=0.211685
    1   Ni  MulP 9.27 8.73 sum 18.00 diff  0.54 (  0.02 225.01)  Ml 0.05 (  0.01  44.98)  Ml+s 0.59 (  0.02 225.01)
 Sum of MulP: up   =     9.27068 down          =     8.72932
              total=    18.00000 ideal(neutral)=    18.00000
<DFT>  Total Spin Moment    (muB)  0.541358460   Angles    0.020082701   225.009726297
<DFT>  Total Orbital Moment (muB)  0.045200278   Angles    0.014028371    44.984344320
<DFT>  Total Moment         (muB)  0.586558731   Angles    0.017454098   225.011298341
<DFT>  Mixing_weight= 0.001000000000
<DFT>  Uele   =  -26.515755644101  dUele     =   0.003676739990
<DFT>  NormRD =    0.002509693849  Criterion =   0.000000010000

******************* MD= 1  SCF=49 *******************
<Poisson>  Poisson's equation using FFT...
<Set_Hamiltonian>  Hamiltonian matrix for VNA+dVH+Vxc...
<Band>  Solving the eigenvalue problem...
 KGrids1:  -0.42857  -0.28571  -0.14286   0.00000   0.14286   0.28572   0.42857 
 KGrids2:  -0.42857  -0.28572  -0.14286  -0.00000   0.14286   0.28571   0.42857 
 KGrids3:  -0.42857  -0.28571  -0.14286   0.00000   0.14286   0.28572   0.42857 
<Band_DFT>  Eigen, time=0.138414
<Band_DFT>  DM, time=0.211521
    1   Ni  MulP 9.27 8.73 sum 18.00 diff  0.53 (  0.02 225.01)  Ml 0.04 (  0.06  45.00)  Ml+s 0.58 (  0.01 225.02)
 Sum of MulP: up   =     9.26621 down          =     8.73379
              total=    18.00000 ideal(neutral)=    18.00000
<DFT>  Total Spin Moment    (muB)  0.532426129   Angles    0.017106081   225.011525485
<DFT>  Total Orbital Moment (muB)  0.044610210   Angles    0.058347604    44.996028563
<DFT>  Total Moment         (muB)  0.577036304   Angles    0.011272820   225.017726560
<DFT>  Mixing_weight= 0.001000000000
<DFT>  Uele   =  -26.514524008505  dUele     =   0.001231635596
<DFT>  NormRD =    0.002696582767  Criterion =   0.000000010000

******************* MD= 1  SCF=50 *******************
<Poisson>  Poisson's equation using FFT...
<Set_Hamiltonian>  Hamiltonian matrix for VNA+dVH+Vxc...
<Band>  Solving the eigenvalue problem...
 KGrids1:  -0.42857  -0.28571  -0.14286   0.00000   0.14286   0.28572   0.42857 
 KGrids2:  -0.42857  -0.28572  -0.14286  -0.00000   0.14286   0.28571   0.42857 
 KGrids3:  -0.42857  -0.28571  -0.14286   0.00000   0.14286   0.28572   0.42857 
<Band_DFT>  Eigen, time=0.138372
<Band_DFT>  DM, time=0.211420
    1   Ni  MulP 9.28 8.72 sum 18.00 diff  0.56 (  0.02 225.01)  Ml 0.05 (  0.07 225.00)  Ml+s 0.61 (  0.03 225.01)
 Sum of MulP: up   =     9.28231 down          =     8.71769
              total=    18.00000 ideal(neutral)=    18.00000
<DFT>  Total Spin Moment    (muB)  0.564619713   Angles    0.024315173   225.007868178
<DFT>  Total Orbital Moment (muB)  0.046712708   Angles    0.071092216   225.002955852
<DFT>  Total Moment         (muB)  0.611332407   Angles    0.027889468   225.006911366
<DFT>  Mixing_weight= 0.001000000000
<DFT>  Uele   =  -26.519240395332  dUele     =   0.004716386827
<DFT>  NormRD =    0.002731761015  Criterion =   0.000000010000

******************* MD= 1  SCF=51 *******************
<Poisson>  Poisson's equation using FFT...
<Set_Hamiltonian>  Hamiltonian matrix for VNA+dVH+Vxc...
<Band>  Solving the eigenvalue problem...
 KGrids1:  -0.42857  -0.28571  -0.14286   0.00000   0.14286   0.28572   0.42857 
 KGrids2:  -0.42857  -0.28572  -0.14286  -0.00000   0.14286   0.28571   0.42857 
 KGrids3:  -0.42857  -0.28571  -0.14286   0.00000   0.14286   0.28572   0.42857 
<Band_DFT>  Eigen, time=0.138339
<Band_DFT>  DM, time=0.211757
    1   Ni  MulP 9.25 8.75 sum 18.00 diff  0.49 (  0.01 225.02)  Ml 0.04 (  0.29  45.00)  Ml+s 0.54 (  0.01  44.98)
 Sum of MulP: up   =     9.24684 down          =     8.75316
              total=    18.00000 ideal(neutral)=    18.00000
<DFT>  Total Spin Moment    (muB)  0.493689667   Angles    0.010016047   225.019802151
<DFT>  Total Orbital Moment (muB)  0.041966820   Angles    0.285563934    44.999038867
<DFT>  Total Moment         (muB)  0.535655972   Angles    0.013141536    44.984453601
<DFT>  Mixing_weight= 0.001000000000
<DFT>  Uele   =  -26.508685880483  dUele     =   0.010554514849
<DFT>  NormRD =    0.002502051529  Criterion =   0.000000010000

******************* MD= 1  SCF=52 *******************
<Poisson>  Poisson's equation using FFT...
<Set_Hamiltonian>  Hamiltonian matrix for VNA+dVH+Vxc...
<Band>  Solving the eigenvalue problem...
 KGrids1:  -0.42857  -0.28571  -0.14286   0.00000   0.14286   0.28572   0.42857 
 KGrids2:  -0.42857  -0.28572  -0.14286  -0.00000   0.14286   0.28571   0.42857 
 KGrids3:  -0.42857  -0.28571  -0.14286   0.00000   0.14286   0.28572   0.42857 
<Band_DFT>  Eigen, time=0.138733
<Band_DFT>  DM, time=0.211512
    1   Ni  MulP 9.27 8.73 sum 18.00 diff  0.55 (  0.03 225.01)  Ml 0.05 (  0.04 225.00)  Ml+s 0.59 (  0.03 225.01)
 Sum of MulP: up   =     9.27353 down          =     8.72647
              total=    18.00000 ideal(neutral)=    18.00000
<DFT>  Total Spin Moment    (muB)  0.547055550   Angles    0.031696668   225.005859867
<DFT>  Total Orbital Moment (muB)  0.045555580   Angles    0.036578131   225.004485362
<DFT>  Total Moment         (muB)  0.592611131   Angles    0.032071919   225.005739359
<DFT>  Mixing_weight= 0.001000000000
<DFT>  Uele   =  -26.515758837988  dUele     =   0.007072957505
<DFT>  NormRD =    0.002885758075  Criterion =   0.000000010000

******************* MD= 1  SCF=53 *******************
<Poisson>  Poisson's equation using FFT...
<Set_Hamiltonian>  Hamiltonian matrix for VNA+dVH+Vxc...
<Band>  Solving the eigenvalue problem...
 KGrids1:  -0.42857  -0.28571  -0.14286   0.00000   0.14286   0.28572   0.42857 
 KGrids2:  -0.42857  -0.28572  -0.14286  -0.00000   0.14286   0.28571   0.42857 
 KGrids3:  -0.42857  -0.28571  -0.14286   0.00000   0.14286   0.28572   0.42857 
<Band_DFT>  Eigen, time=0.139208
<Band_DFT>  DM, time=0.211666
    1   Ni  MulP 9.34 8.66 sum 18.00 diff  0.68 (  0.05 225.00)  Ml 0.05 (  0.17 225.00)  Ml+s 0.73 (  0.06 225.00)
 Sum of MulP: up   =     9.33769 down          =     8.66231
              total=    18.00000 ideal(neutral)=    18.00000
<DFT>  Total Spin Moment    (muB)  0.675370627   Angles    0.053892635   225.003194344
<DFT>  Total Orbital Moment (muB)  0.053208024   Angles    0.167738028   225.000818092
<DFT>  Total Moment         (muB)  0.728578554   Angles    0.062206748   225.002726408
<DFT>  Mixing_weight= 0.001000000000
<DFT>  Uele   =  -26.535965277214  dUele     =   0.020206439226
<DFT>  NormRD =    0.002689366585  Criterion =   0.000000010000

******************* MD= 1  SCF=54 *******************
<Poisson>  Poisson's equation using FFT...
<Set_Hamiltonian>  Hamiltonian matrix for VNA+dVH+Vxc...
<Band>  Solving the eigenvalue problem...
 KGrids1:  -0.42857  -0.28571  -0.14286   0.00000   0.14286   0.28572   0.42857 
 KGrids2:  -0.42857  -0.28572  -0.14286  -0.00000   0.14286   0.28571   0.42857 
 KGrids3:  -0.42857  -0.28571  -0.14286   0.00000   0.14286   0.28572   0.42857 
<Band_DFT>  Eigen, time=0.138700
<Band_DFT>  DM, time=0.211649
    1   Ni  MulP 9.38 8.62 sum 18.00 diff  0.76 (  0.08 225.00)  Ml 0.06 (  0.04 225.00)  Ml+s 0.81 (  0.08 225.00)
 Sum of MulP: up   =     9.37763 down          =     8.62237
              total=    18.00000 ideal(neutral)=    18.00000
<DFT>  Total Spin Moment    (muB)  0.755260287   Angles    0.081620135   225.001955679
<DFT>  Total Orbital Moment (muB)  0.057321765   Angles    0.039560272   225.002368309
<DFT>  Total Moment         (muB)  0.812582038   Angles    0.078653117   225.001970320
<DFT>  Mixing_weight= 0.001000000000
<DFT>  Uele   =  -26.569772257978  dUele     =   0.033806980764
<DFT>  NormRD =    0.003039696780  Criterion =   0.000000010000

******************* MD= 1  SCF=55 *******************
<Poisson>  Poisson's equation using FFT...
<Set_Hamiltonian>  Hamiltonian matrix for VNA+dVH+Vxc...
<Band>  Solving the eigenvalue problem...
 KGrids1:  -0.42857  -0.28571  -0.14286   0.00000   0.14286   0.28572   0.42857 
 KGrids2:  -0.42857  -0.28572  -0.14286  -0.00000   0.14286   0.28571   0.42857 
 KGrids3:  -0.42857  -0.28571  -0.14286   0.00000   0.14286   0.28572   0.42857 
<Band_DFT>  Eigen, time=0.138820
<Band_DFT>  DM, time=0.211496
    1   Ni  MulP 9.37 8.63 sum 18.00 diff  0.74 (  0.08 225.00)  Ml 0.06 (  0.11 225.00)  Ml+s 0.79 (  0.08 225.00)
 Sum of MulP: up   =     9.36794 down          =     8.63206
              total=    18.00000 ideal(neutral)=    18.00000
<DFT>  Total Spin Moment    (muB)  0.735886063   Angles    0.076307806   225.002078297
<DFT>  Total Orbital Moment (muB)  0.056461171   Angles    0.107570752   225.001101961
<DFT>  Total Moment         (muB)  0.792347226   Angles    0.078535545   225.001983004
<DFT>  Mixing_weight= 0.001000000000
<DFT>  Uele   =  -26.565578033952  dUele     =   0.004194224026
<DFT>  NormRD =    0.014076737996  Criterion =   0.000000010000

******************* MD= 1  SCF=56 *******************
<Poisson>  Poisson's equation using FFT...
<Set_Hamiltonian>  Hamiltonian matrix for VNA+dVH+Vxc...
<Band>  Solving the eigenvalue problem...
 KGrids1:  -0.42857  -0.28571  -0.14286   0.00000   0.14286   0.28572   0.42857 
 KGrids2:  -0.42857  -0.28572  -0.14286  -0.00000   0.14286   0.28571   0.42857 
 KGrids3:  -0.42857  -0.28571  -0.14286   0.00000   0.14286   0.28572   0.42857 
<Band_DFT>  Eigen, time=0.138335
<Band_DFT>  DM, time=0.211422
    1   Ni  MulP 9.33 8.67 sum 18.00 diff  0.67 (  0.05 225.00)  Ml 0.05 (  0.19 225.00)  Ml+s 0.72 (  0.06 225.00)
 Sum of MulP: up   =     9.33416 down          =     8.66584
              total=    18.00000 ideal(neutral)=    18.00000
<DFT>  Total Spin Moment    (muB)  0.668317637   Angles    0.048520604   225.003530859
<DFT>  Total Orbital Moment (muB)  0.052840708   Angles    0.192895899   225.000854767
<DFT>  Total Moment         (muB)  0.721158189   Angles    0.059099260   225.002890860
<DFT>  Mixing_weight= 0.001000000000
<DFT>  Uele   =  -26.535251898119  dUele     =   0.030326135833
<DFT>  NormRD =    0.013752892512  Criterion =   0.000000010000

******************* MD= 1  SCF=57 *******************
<Poisson>  Poisson's equation using FFT...
<Set_Hamiltonian>  Hamiltonian matrix for VNA+dVH+Vxc...
<Band>  Solving the eigenvalue problem...
 KGrids1:  -0.42857  -0.28571  -0.14286   0.00000   0.14286   0.28572   0.42857 
 KGrids2:  -0.42857  -0.28572  -0.14286  -0.00000   0.14286   0.28571   0.42857 
 KGrids3:  -0.42857  -0.28571  -0.14286   0.00000   0.14286   0.28572   0.42857 
<Band_DFT>  Eigen, time=0.140240
<Band_DFT>  DM, time=0.211575
    1   Ni  MulP 9.28 8.72 sum 18.00 diff  0.55 (  0.02 225.01)  Ml 0.05 (  0.10 225.00)  Ml+s 0.60 (  0.03 225.01)
 Sum of MulP: up   =     9.27682 down          =     8.72318
              total=    18.00000 ideal(neutral)=    18.00000
<DFT>  Total Spin Moment    (muB)  0.553631882   Angles    0.022768428   225.008452549
<DFT>  Total Orbital Moment (muB)  0.046014397   Angles    0.099502813   225.002254842
<DFT>  Total Moment         (muB)  0.599646240   Angles    0.028656708   225.006801202
<DFT>  Mixing_weight= 0.001000000000
<DFT>  Uele   =  -26.518134592108  dUele     =   0.017117306011
<DFT>  NormRD =    0.002498882788  Criterion =   0.000000010000

******************* MD= 1  SCF=58 *******************
<Poisson>  Poisson's equation using FFT...
<Set_Hamiltonian>  Hamiltonian matrix for VNA+dVH+Vxc...
<Band>  Solving the eigenvalue problem...
 KGrids1:  -0.42857  -0.28571  -0.14286   0.00000   0.14286   0.28572   0.42857 
 KGrids2:  -0.42857  -0.28572  -0.14286  -0.00000   0.14286   0.28571   0.42857 
 KGrids3:  -0.42857  -0.28571  -0.14286   0.00000   0.14286   0.28572   0.42857 
<Band_DFT>  Eigen, time=0.138445
<Band_DFT>  DM, time=0.211702
    1   Ni  MulP 9.28 8.72 sum 18.00 diff  0.56 (  0.03 225.01)  Ml 0.05 (  0.15 225.00)  Ml+s 0.61 (  0.04 225.01)
 Sum of MulP: up   =     9.28202 down          =     8.71798
              total=    18.00000 ideal(neutral)=    18.00000
<DFT>  Total Spin Moment    (muB)  0.564046454   Angles    0.028963963   225.006617409
<DFT>  Total Orbital Moment (muB)  0.046681949   Angles    0.146683307   225.001605442
<DFT>  Total Moment         (muB)  0.610728312   Angles    0.037962014   225.005137142
<DFT>  Mixing_weight= 0.001000000000
<DFT>  Uele   =  -26.519674912597  dUele     =   0.001540320488
<DFT>  NormRD =    0.002684949662  Criterion =   0.000000010000

******************* MD= 1  SCF=59 *******************
<Poisson>  Poisson's equation using FFT...
<Set_Hamiltonian>  Hamiltonian matrix for VNA+dVH+Vxc...
<Band>  Solving the eigenvalue problem...
 KGrids1:  -0.42857  -0.28571  -0.14286   0.00000   0.14286   0.28572   0.42857 
 KGrids2:  -0.42857  -0.28572  -0.14286  -0.00000   0.14286   0.28571   0.42857 
 KGrids3:  -0.42857  -0.28571  -0.14286   0.00000   0.14286   0.28572   0.42857 
<Band_DFT>  Eigen, time=0.140259
<Band_DFT>  DM, time=0.211325
    1   Ni  MulP 9.28 8.72 sum 18.00 diff  0.56 (  0.03 225.01)  Ml 0.05 (  0.13 225.00)  Ml+s 0.60 (  0.04 225.01)
 Sum of MulP: up   =     9.27854 down          =     8.72146
              total=    18.00000 ideal(neutral)=    18.00000
<DFT>  Total Spin Moment    (muB)  0.557081323   Angles    0.028787265   225.006730862
<DFT>  Total Orbital Moment (muB)  0.046230890   Angles    0.127728541   225.001881756
<DFT>  Total Moment         (muB)  0.603312149   Angles    0.036368980   225.005425869
<DFT>  Mixing_weight= 0.001000000000
<DFT>  Uele   =  -26.518587692767  dUele     =   0.001087219830
<DFT>  NormRD =    0.002636138961  Criterion =   0.000000010000

******************* MD= 1  SCF=60 *******************
<Poisson>  Poisson's equation using FFT...
<Set_Hamiltonian>  Hamiltonian matrix for VNA+dVH+Vxc...
<Band>  Solving the eigenvalue problem...
 KGrids1:  -0.42857  -0.28571  -0.14286   0.00000   0.14286   0.28572   0.42857 
 KGrids2:  -0.42857  -0.28572  -0.14286  -0.00000   0.14286   0.28571   0.42857 
 KGrids3:  -0.42857  -0.28571  -0.14286   0.00000   0.14286   0.28572   0.42857 
<Band_DFT>  Eigen, time=0.138367
<Band_DFT>  DM, time=0.211416
    1   Ni  MulP 9.28 8.72 sum 18.00 diff  0.55 (  0.03 225.01)  Ml 0.05 (  0.10 225.00)  Ml+s 0.60 (  0.03 225.01)
 Sum of MulP: up   =     9.27518 down          =     8.72482
              total=    18.00000 ideal(neutral)=    18.00000
<DFT>  Total Spin Moment    (muB)  0.550360076   Angles    0.027518837   225.007151432
<DFT>  Total Orbital Moment (muB)  0.045792813   Angles    0.103912639   225.002346108
<DFT>  Total Moment         (muB)  0.596152851   Angles    0.033386939   225.006002606
<DFT>  Mixing_weight= 0.001000000000
<DFT>  Uele   =  -26.517580262038  dUele     =   0.001007430728
<DFT>  NormRD =    0.002701052461  Criterion =   0.000000010000

******************* MD= 1  SCF=61 *******************
<Poisson>  Poisson's equation using FFT...
<Set_Hamiltonian>  Hamiltonian matrix for VNA+dVH+Vxc...
<Band>  Solving the eigenvalue problem...
 KGrids1:  -0.42857  -0.28571  -0.14286   0.00000   0.14286   0.28572   0.42857 
 KGrids2:  -0.42857  -0.28572  -0.14286  -0.00000   0.14286   0.28571   0.42857 
 KGrids3:  -0.42857  -0.28571  -0.14286   0.00000   0.14286   0.28572   0.42857 
<Band_DFT>  Eigen, time=0.139781
<Band_DFT>  DM, time=0.211883
    1   Ni  MulP 9.28 8.72 sum 18.00 diff  0.55 (  0.03 225.01)  Ml 0.05 (  0.11 225.00)  Ml+s 0.60 (  0.04 225.01)
 Sum of MulP: up   =     9.27606 down          =     8.72394
              total=    18.00000 ideal(neutral)=    18.00000
<DFT>  Total Spin Moment    (muB)  0.552126933   Angles    0.028825869   225.006930132
<DFT>  Total Orbital Moment (muB)  0.045907384   Angles    0.113260835   225.002109318
<DFT>  Total Moment         (muB)  0.598034271   Angles    0.035307416   225.005743023
<DFT>  Mixing_weight= 0.001000000000
<DFT>  Uele   =  -26.517845350370  dUele     =   0.000265088332
<DFT>  NormRD =    0.002756673193  Criterion =   0.000000010000

******************* MD= 1  SCF=62 *******************
<Poisson>  Poisson's equation using FFT...
<Set_Hamiltonian>  Hamiltonian matrix for VNA+dVH+Vxc...
<Band>  Solving the eigenvalue problem...
 KGrids1:  -0.42857  -0.28571  -0.14286   0.00000   0.14286   0.28572   0.42857 
 KGrids2:  -0.42857  -0.28572  -0.14286  -0.00000   0.14286   0.28571   0.42857 
 KGrids3:  -0.42857  -0.28571  -0.14286   0.00000   0.14286   0.28572   0.42857 
<Band_DFT>  Eigen, time=0.138757
<Band_DFT>  DM, time=0.211314
    1   Ni  MulP 9.27 8.73 sum 18.00 diff  0.55 (  0.03 225.01)  Ml 0.05 (  0.10 225.00)  Ml+s 0.59 (  0.03 225.01)
 Sum of MulP: up   =     9.27393 down          =     8.72607
              total=    18.00000 ideal(neutral)=    18.00000
<DFT>  Total Spin Moment    (muB)  0.547861392   Angles    0.028413492   225.007170579
<DFT>  Total Orbital Moment (muB)  0.045628085   Angles    0.098413039   225.002439061
<DFT>  Total Moment         (muB)  0.593489445   Angles    0.033795129   225.006111281
<DFT>  Mixing_weight= 0.001000000000
<DFT>  Uele   =  -26.517232679798  dUele     =   0.000612670572
<DFT>  NormRD =    0.002752854768  Criterion =   0.000000010000

******************* MD= 1  SCF=63 *******************
<Poisson>  Poisson's equation using FFT...
<Set_Hamiltonian>  Hamiltonian matrix for VNA+dVH+Vxc...
<Band>  Solving the eigenvalue problem...
 KGrids1:  -0.42857  -0.28571  -0.14286   0.00000   0.14286   0.28572   0.42857 
 KGrids2:  -0.42857  -0.28572  -0.14286  -0.00000   0.14286   0.28571   0.42857 
 KGrids3:  -0.42857  -0.28571  -0.14286   0.00000   0.14286   0.28572   0.42857 
<Band_DFT>  Eigen, time=0.138615
<Band_DFT>  DM, time=0.211472
    1   Ni  MulP 9.26 8.74 sum 18.00 diff  0.53 (  0.03 225.01)  Ml 0.04 (  0.00  44.91)  Ml+s 0.57 (  0.02 225.01)
 Sum of MulP: up   =     9.26343 down          =     8.73657
              total=    18.00000 ideal(neutral)=    18.00000
<DFT>  Total Spin Moment    (muB)  0.526854928   Angles    0.025811879   225.008399311
<DFT>  Total Orbital Moment (muB)  0.044229057   Angles    0.002785949    44.907551764
<DFT>  Total Moment         (muB)  0.571083980   Angles    0.023597048   225.009321433
<DFT>  Mixing_weight= 0.001000000000
<DFT>  Uele   =  -26.514093582311  dUele     =   0.003139097487
<DFT>  NormRD =    0.002792763385  Criterion =   0.000000010000

******************* MD= 1  SCF=64 *******************
<Poisson>  Poisson's equation using FFT...
<Set_Hamiltonian>  Hamiltonian matrix for VNA+dVH+Vxc...
<Band>  Solving the eigenvalue problem...
 KGrids1:  -0.42857  -0.28571  -0.14286   0.00000   0.14286   0.28572   0.42857 
 KGrids2:  -0.42857  -0.28572  -0.14286  -0.00000   0.14286   0.28571   0.42857 
 KGrids3:  -0.42857  -0.28571  -0.14286   0.00000   0.14286   0.28572   0.42857 
<Band_DFT>  Eigen, time=0.140376
<Band_DFT>  DM, time=0.211394
    1   Ni  MulP 9.26 8.74 sum 18.00 diff  0.52 (  0.02 225.01)  Ml 0.04 (  0.03  44.99)  Ml+s 0.57 (  0.02 225.01)
 Sum of MulP: up   =     9.26105 down          =     8.73895
              total=    18.00000 ideal(neutral)=    18.00000
<DFT>  Total Spin Moment    (muB)  0.522104165   Angles    0.024756303   225.008902482
<DFT>  Total Orbital Moment (muB)  0.043907624   Angles    0.031414013    44.991813318
<DFT>  Total Moment         (muB)  0.566011770   Angles    0.020398965   225.010943988
<DFT>  Mixing_weight= 0.001000000000
<DFT>  Uele   =  -26.513380213264  dUele     =   0.000713369047
<DFT>  NormRD =    0.002953899696  Criterion =   0.000000010000

******************* MD= 1  SCF=65 *******************
<Poisson>  Poisson's equation using FFT...
<Set_Hamiltonian>  Hamiltonian matrix for VNA+dVH+Vxc...
<Band>  Solving the eigenvalue problem...
 KGrids1:  -0.42857  -0.28571  -0.14286   0.00000   0.14286   0.28572   0.42857 
 KGrids2:  -0.42857  -0.28572  -0.14286  -0.00000   0.14286   0.28571   0.42857 
 KGrids3:  -0.42857  -0.28571  -0.14286   0.00000   0.14286   0.28572   0.42857 
<Band_DFT>  Eigen, time=0.139856
<Band_DFT>  DM, time=0.219346
    1   Ni  MulP 9.26 8.74 sum 18.00 diff  0.52 (  0.02 225.01)  Ml 0.04 (  0.03  44.99)  Ml+s 0.57 (  0.02 225.01)
 Sum of MulP: up   =     9.26088 down          =     8.73912
              total=    18.00000 ideal(neutral)=    18.00000
<DFT>  Total Spin Moment    (muB)  0.521758284   Angles    0.024633660   225.008954298
<DFT>  Total Orbital Moment (muB)  0.043884272   Angles    0.033623879    44.992352366
<DFT>  Total Moment         (muB)  0.565642534   Angles    0.020113863   225.011107465
<DFT>  Mixing_weight= 0.001000000000
<DFT>  Uele   =  -26.513330377434  dUele     =   0.000049835831
<DFT>  NormRD =    0.002987322070  Criterion =   0.000000010000

******************* MD= 1  SCF=66 *******************
<Poisson>  Poisson's equation using FFT...
<Set_Hamiltonian>  Hamiltonian matrix for VNA+dVH+Vxc...
<Band>  Solving the eigenvalue problem...
 KGrids1:  -0.42857  -0.28571  -0.14286   0.00000   0.14286   0.28572   0.42857 
 KGrids2:  -0.42857  -0.28572  -0.14286  -0.00000   0.14286   0.28571   0.42857 
 KGrids3:  -0.42857  -0.28571  -0.14286   0.00000   0.14286   0.28572   0.42857 
<Band_DFT>  Eigen, time=0.138155
<Band_DFT>  DM, time=0.211595
    1   Ni  MulP 9.26 8.74 sum 18.00 diff  0.52 (  0.02 225.01)  Ml 0.04 (  0.04  44.99)  Ml+s 0.57 (  0.02 225.01)
 Sum of MulP: up   =     9.26063 down          =     8.73937
              total=    18.00000 ideal(neutral)=    18.00000
<DFT>  Total Spin Moment    (muB)  0.521264776   Angles    0.024455642   225.009062006
<DFT>  Total Orbital Moment (muB)  0.043850911   Angles    0.036915209    44.993033115
<DFT>  Total Moment         (muB)  0.565115664   Angles    0.019693489   225.011393463
<DFT>  Mixing_weight= 0.001000000000
<DFT>  Uele   =  -26.513257698435  dUele     =   0.000072678999
<DFT>  NormRD =    0.002988168376  Criterion =   0.000000010000

******************* MD= 1  SCF=67 *******************
<Poisson>  Poisson's equation using FFT...
<Set_Hamiltonian>  Hamiltonian matrix for VNA+dVH+Vxc...
<Band>  Solving the eigenvalue problem...
 KGrids1:  -0.42857  -0.28571  -0.14286   0.00000   0.14286   0.28572   0.42857 
 KGrids2:  -0.42857  -0.28572  -0.14286  -0.00000   0.14286   0.28571   0.42857 
 KGrids3:  -0.42857  -0.28571  -0.14286   0.00000   0.14286   0.28572   0.42857 
<Band_DFT>  Eigen, time=0.138408
<Band_DFT>  DM, time=0.211437
    1   Ni  MulP 9.26 8.74 sum 18.00 diff  0.52 (  0.02 225.01)  Ml 0.04 (  0.07  45.00)  Ml+s 0.56 (  0.02 225.01)
 Sum of MulP: up   =     9.25824 down          =     8.74176
              total=    18.00000 ideal(neutral)=    18.00000
<DFT>  Total Spin Moment    (muB)  0.516477747   Angles    0.023254042   225.009620807
<DFT>  Total Orbital Moment (muB)  0.043525487   Angles    0.067495660    44.996120141
<DFT>  Total Moment         (muB)  0.560003183   Angles    0.016200648   225.013992521
<DFT>  Mixing_weight= 0.001000000000
<DFT>  Uele   =  -26.512554997575  dUele     =   0.000702700860
<DFT>  NormRD =    0.002989275607  Criterion =   0.000000010000

******************* MD= 1  SCF=68 *******************
<Poisson>  Poisson's equation using FFT...
<Set_Hamiltonian>  Hamiltonian matrix for VNA+dVH+Vxc...
<Band>  Solving the eigenvalue problem...
 KGrids1:  -0.42857  -0.28571  -0.14286   0.00000   0.14286   0.28572   0.42857 
 KGrids2:  -0.42857  -0.28572  -0.14286  -0.00000   0.14286   0.28571   0.42857 
 KGrids3:  -0.42857  -0.28571  -0.14286   0.00000   0.14286   0.28572   0.42857 
<Band_DFT>  Eigen, time=0.138191
<Band_DFT>  DM, time=0.211179
    1   Ni  MulP 9.26 8.74 sum 18.00 diff  0.52 (  0.02 225.01)  Ml 0.04 (  0.08  45.00)  Ml+s 0.56 (  0.02 225.01)
 Sum of MulP: up   =     9.25762 down          =     8.74238
              total=    18.00000 ideal(neutral)=    18.00000
<DFT>  Total Spin Moment    (muB)  0.515242310   Angles    0.022898097   225.009773350
<DFT>  Total Orbital Moment (muB)  0.043441456   Angles    0.075285385    44.996537538
<DFT>  Total Moment         (muB)  0.558683707   Angles    0.015263667   225.014849573
<DFT>  Mixing_weight= 0.001000000000
<DFT>  Uele   =  -26.512383136208  dUele     =   0.000171861367
<DFT>  NormRD =    0.003005380395  Criterion =   0.000000010000

******************* MD= 1  SCF=69 *******************
<Poisson>  Poisson's equation using FFT...
<Set_Hamiltonian>  Hamiltonian matrix for VNA+dVH+Vxc...
<Band>  Solving the eigenvalue problem...
 KGrids1:  -0.42857  -0.28571  -0.14286   0.00000   0.14286   0.28572   0.42857 
 KGrids2:  -0.42857  -0.28572  -0.14286  -0.00000   0.14286   0.28571   0.42857 
 KGrids3:  -0.42857  -0.28571  -0.14286   0.00000   0.14286   0.28572   0.42857 
<Band_DFT>  Eigen, time=0.140088
<Band_DFT>  DM, time=0.211859
    1   Ni  MulP 9.26 8.74 sum 18.00 diff  0.52 (  0.02 225.01)  Ml 0.04 (  0.04  44.99)  Ml+s 0.56 (  0.02 225.01)
 Sum of MulP: up   =     9.26011 down          =     8.73989
              total=    18.00000 ideal(neutral)=    18.00000
<DFT>  Total Spin Moment    (muB)  0.520213984   Angles    0.024323664   225.009166215
<DFT>  Total Orbital Moment (muB)  0.043779270   Angles    0.044502114    44.994196463
<DFT>  Total Moment         (muB)  0.563993224   Angles    0.018981151   225.011890592
<DFT>  Mixing_weight= 0.001000000000
<DFT>  Uele   =  -26.513090212727  dUele     =   0.000707076520
<DFT>  NormRD =    0.003010171251  Criterion =   0.000000010000

******************* MD= 1  SCF=70 *******************
<Poisson>  Poisson's equation using FFT...
<Set_Hamiltonian>  Hamiltonian matrix for VNA+dVH+Vxc...
<Band>  Solving the eigenvalue problem...
 KGrids1:  -0.42857  -0.28571  -0.14286   0.00000   0.14286   0.28572   0.42857 
 KGrids2:  -0.42857  -0.28572  -0.14286  -0.00000   0.14286   0.28571   0.42857 
 KGrids3:  -0.42857  -0.28571  -0.14286   0.00000   0.14286   0.28572   0.42857 
<Band_DFT>  Eigen, time=0.140047
<Band_DFT>  DM, time=0.211177
    1   Ni  MulP 9.26 8.74 sum 18.00 diff  0.51 (  0.02 225.01)  Ml 0.04 (  0.09  45.00)  Ml+s 0.56 (  0.01 225.02)
 Sum of MulP: up   =     9.25650 down          =     8.74350
              total=    18.00000 ideal(neutral)=    18.00000
<DFT>  Total Spin Moment    (muB)  0.513003678   Angles    0.022047543   225.010158690
<DFT>  Total Orbital Moment (muB)  0.043289307   Angles    0.089858918    44.997072387
<DFT>  Total Moment         (muB)  0.556292908   Angles    0.013339271   225.017018672
<DFT>  Mixing_weight= 0.001000000000
<DFT>  Uele   =  -26.512094249877  dUele     =   0.000995962850
<DFT>  NormRD =    0.002995682301  Criterion =   0.000000010000

******************* MD= 1  SCF=71 *******************
<Poisson>  Poisson's equation using FFT...
<Set_Hamiltonian>  Hamiltonian matrix for VNA+dVH+Vxc...
<Band>  Solving the eigenvalue problem...
 KGrids1:  -0.42857  -0.28571  -0.14286   0.00000   0.14286   0.28572   0.42857 
 KGrids2:  -0.42857  -0.28572  -0.14286  -0.00000   0.14286   0.28571   0.42857 
 KGrids3:  -0.42857  -0.28571  -0.14286   0.00000   0.14286   0.28572   0.42857 
<Band_DFT>  Eigen, time=0.138144
<Band_DFT>  DM, time=0.211593
    1   Ni  MulP 9.25 8.75 sum 18.00 diff  0.51 (  0.02 225.01)  Ml 0.04 (  0.11  45.00)  Ml+s 0.55 (  0.01 225.02)
 Sum of MulP: up   =     9.25462 down          =     8.74538
              total=    18.00000 ideal(neutral)=    18.00000
<DFT>  Total Spin Moment    (muB)  0.509249686   Angles    0.021700157   225.010385365
<DFT>  Total Orbital Moment (muB)  0.043031685   Angles    0.112343773    44.997624201
<DFT>  Total Moment         (muB)  0.552281262   Angles    0.011255966   225.020309309
<DFT>  Mixing_weight= 0.001000000000
<DFT>  Uele   =  -26.511544851997  dUele     =   0.000549397881
<DFT>  NormRD =    0.003020379295  Criterion =   0.000000010000

******************* MD= 1  SCF=72 *******************
<Poisson>  Poisson's equation using FFT...
<Set_Hamiltonian>  Hamiltonian matrix for VNA+dVH+Vxc...
<Band>  Solving the eigenvalue problem...
 KGrids1:  -0.42857  -0.28571  -0.14286   0.00000   0.14286   0.28572   0.42857 
 KGrids2:  -0.42857  -0.28572  -0.14286  -0.00000   0.14286   0.28571   0.42857 
 KGrids3:  -0.42857  -0.28571  -0.14286   0.00000   0.14286   0.28572   0.42857 
<Band_DFT>  Eigen, time=0.138606
<Band_DFT>  DM, time=0.211255
    1   Ni  MulP 9.26 8.74 sum 18.00 diff  0.52 (  0.02 225.01)  Ml 0.04 (  0.04  44.99)  Ml+s 0.56 (  0.02 225.01)
 Sum of MulP: up   =     9.26025 down          =     8.73975
              total=    18.00000 ideal(neutral)=    18.00000
<DFT>  Total Spin Moment    (muB)  0.520505969   Angles    0.024340063   225.009179443
<DFT>  Total Orbital Moment (muB)  0.043800524   Angles    0.040509574    44.993677402
<DFT>  Total Moment         (muB)  0.564306466   Angles    0.019306543   225.011704123
<DFT>  Mixing_weight= 0.001000000000
<DFT>  Uele   =  -26.513213682800  dUele     =   0.001668830803
<DFT>  NormRD =    0.003042489374  Criterion =   0.000000010000

******************* MD= 1  SCF=73 *******************
<Poisson>  Poisson's equation using FFT...
<Set_Hamiltonian>  Hamiltonian matrix for VNA+dVH+Vxc...
<Band>  Solving the eigenvalue problem...
 KGrids1:  -0.42857  -0.28571  -0.14286   0.00000   0.14286   0.28572   0.42857 
 KGrids2:  -0.42857  -0.28572  -0.14286  -0.00000   0.14286   0.28571   0.42857 
 KGrids3:  -0.42857  -0.28571  -0.14286   0.00000   0.14286   0.28572   0.42857 
<Band_DFT>  Eigen, time=0.140173
<Band_DFT>  DM, time=0.211400
    1   Ni  MulP 9.25 8.75 sum 18.00 diff  0.51 (  0.02 225.01)  Ml 0.04 (  0.13  45.00)  Ml+s 0.55 (  0.01 225.03)
 Sum of MulP: up   =     9.25283 down          =     8.74717
              total=    18.00000 ideal(neutral)=    18.00000
<DFT>  Total Spin Moment    (muB)  0.505665626   Angles    0.021157672   225.010820613
<DFT>  Total Orbital Moment (muB)  0.042785325   Angles    0.134947395    44.998060013
<DFT>  Total Moment         (muB)  0.548450805   Angles    0.008979738   225.025780515
<DFT>  Mixing_weight= 0.001000000000
<DFT>  Uele   =  -26.511076120099  dUele     =   0.002137562701
<DFT>  NormRD =    0.002988025404  Criterion =   0.000000010000

******************* MD= 1  SCF=74 *******************
<Poisson>  Poisson's equation using FFT...
<Set_Hamiltonian>  Hamiltonian matrix for VNA+dVH+Vxc...
<Band>  Solving the eigenvalue problem...
 KGrids1:  -0.42857  -0.28571  -0.14286   0.00000   0.14286   0.28572   0.42857 
 KGrids2:  -0.42857  -0.28572  -0.14286  -0.00000   0.14286   0.28571   0.42857 
 KGrids3:  -0.42857  -0.28571  -0.14286   0.00000   0.14286   0.28572   0.42857 
<Band_DFT>  Eigen, time=0.138184
<Band_DFT>  DM, time=0.211608
    1   Ni  MulP 9.25 8.75 sum 18.00 diff  0.50 (  0.02 225.01)  Ml 0.04 (  0.15  45.00)  Ml+s 0.55 (  0.01 225.04)
 Sum of MulP: up   =     9.25183 down          =     8.74817
              total=    18.00000 ideal(neutral)=    18.00000
<DFT>  Total Spin Moment    (muB)  0.503653855   Angles    0.019069294   225.011923125
<DFT>  Total Orbital Moment (muB)  0.042648095   Angles    0.150376897    44.998250164
<DFT>  Total Moment         (muB)  0.546301778   Angles    0.005841172   225.039402712
<DFT>  Mixing_weight= 0.001000000000
<DFT>  Uele   =  -26.510813709439  dUele     =   0.000262410660
<DFT>  NormRD =    0.003068346063  Criterion =   0.000000010000

******************* MD= 1  SCF=75 *******************
<Poisson>  Poisson's equation using FFT...
<Set_Hamiltonian>  Hamiltonian matrix for VNA+dVH+Vxc...
<Band>  Solving the eigenvalue problem...
 KGrids1:  -0.42857  -0.28571  -0.14286   0.00000   0.14286   0.28572   0.42857 
 KGrids2:  -0.42857  -0.28572  -0.14286  -0.00000   0.14286   0.28571   0.42857 
 KGrids3:  -0.42857  -0.28571  -0.14286   0.00000   0.14286   0.28572   0.42857 
<Band_DFT>  Eigen, time=0.140249
<Band_DFT>  DM, time=0.211434
    1   Ni  MulP 9.35 8.65 sum 18.00 diff  0.70 (  0.04 225.00)  Ml 0.05 (  0.26 225.00)  Ml+s 0.75 (  0.06 225.00)
 Sum of MulP: up   =     9.34907 down          =     8.65093
              total=    18.00000 ideal(neutral)=    18.00000
<DFT>  Total Spin Moment    (muB)  0.698135604   Angles    0.040635616   225.003299544
<DFT>  Total Orbital Moment (muB)  0.054533506   Angles    0.261833037   225.001069307
<DFT>  Total Moment         (muB)  0.752668733   Angles    0.056662110   225.002552853
<DFT>  Mixing_weight= 0.001000000000
<DFT>  Uele   =  -26.545979396606  dUele     =   0.035165687167
<DFT>  NormRD =    0.003078907352  Criterion =   0.000000010000

******************* MD= 1  SCF=76 *******************
<Poisson>  Poisson's equation using FFT...
<Set_Hamiltonian>  Hamiltonian matrix for VNA+dVH+Vxc...
<Band>  Solving the eigenvalue problem...
 KGrids1:  -0.42857  -0.28571  -0.14286   0.00000   0.14286   0.28572   0.42857 
 KGrids2:  -0.42857  -0.28572  -0.14286  -0.00000   0.14286   0.28571   0.42857 
 KGrids3:  -0.42857  -0.28571  -0.14286   0.00000   0.14286   0.28572   0.42857 
<Band_DFT>  Eigen, time=0.140507
<Band_DFT>  DM, time=0.211536
    1   Ni  MulP 9.34 8.66 sum 18.00 diff  0.67 (  0.04 225.00)  Ml 0.05 (  0.17 225.00)  Ml+s 0.73 (  0.05 225.00)
 Sum of MulP: up   =     9.33629 down          =     8.66371
              total=    18.00000 ideal(neutral)=    18.00000
<DFT>  Total Spin Moment    (muB)  0.672587314   Angles    0.035035958   225.003647702
<DFT>  Total Orbital Moment (muB)  0.053095978   Angles    0.174154248   225.001768300
<DFT>  Total Moment         (muB)  0.725683147   Angles    0.045214800   225.003118054
<DFT>  Mixing_weight= 0.001000000000
<DFT>  Uele   =  -26.536848786280  dUele     =   0.009130610327
<DFT>  NormRD =    0.004739369606  Criterion =   0.000000010000

******************* MD= 1  SCF=77 *******************
<Poisson>  Poisson's equation using FFT...
<Set_Hamiltonian>  Hamiltonian matrix for VNA+dVH+Vxc...
<Band>  Solving the eigenvalue problem...
 KGrids1:  -0.42857  -0.28571  -0.14286   0.00000   0.14286   0.28572   0.42857 
 KGrids2:  -0.42857  -0.28572  -0.14286  -0.00000   0.14286   0.28571   0.42857 
 KGrids3:  -0.42857  -0.28571  -0.14286   0.00000   0.14286   0.28572   0.42857 
<Band_DFT>  Eigen, time=0.138853
<Band_DFT>  DM, time=0.211650
    1   Ni  MulP 9.30 8.70 sum 18.00 diff  0.61 (  0.04 225.01)  Ml 0.05 (  0.16 225.00)  Ml+s 0.66 (  0.05 225.00)
 Sum of MulP: up   =     9.30301 down          =     8.69699
              total=    18.00000 ideal(neutral)=    18.00000
<DFT>  Total Spin Moment    (muB)  0.606017770   Angles    0.036611925   225.005022691
<DFT>  Total Orbital Moment (muB)  0.049290487   Angles    0.155110999   225.000374476
<DFT>  Total Moment         (muB)  0.655308159   Angles    0.045525094   225.003831463
<DFT>  Mixing_weight= 0.001000000000
<DFT>  Uele   =  -26.525640059295  dUele     =   0.011208726984
<DFT>  NormRD =    0.002200971655  Criterion =   0.000000010000

******************* MD= 1  SCF=78 *******************
<Poisson>  Poisson's equation using FFT...
<Set_Hamiltonian>  Hamiltonian matrix for VNA+dVH+Vxc...
<Band>  Solving the eigenvalue problem...
 KGrids1:  -0.42857  -0.28571  -0.14286   0.00000   0.14286   0.28572   0.42857 
 KGrids2:  -0.42857  -0.28572  -0.14286  -0.00000   0.14286   0.28571   0.42857 
 KGrids3:  -0.42857  -0.28571  -0.14286   0.00000   0.14286   0.28572   0.42857 
<Band_DFT>  Eigen, time=0.139184
<Band_DFT>  DM, time=0.211250
    1   Ni  MulP 9.28 8.72 sum 18.00 diff  0.56 (  0.04 225.00)  Ml 0.05 (  0.09 225.00)  Ml+s 0.61 (  0.04 225.00)
 Sum of MulP: up   =     9.28005 down          =     8.71995
              total=    18.00000 ideal(neutral)=    18.00000
<DFT>  Total Spin Moment    (muB)  0.560106266   Angles    0.035560671   225.004991124
<DFT>  Total Orbital Moment (muB)  0.046419596   Angles    0.092022593   225.001392778
<DFT>  Total Moment         (muB)  0.606525842   Angles    0.039881903   225.004355686
<DFT>  Mixing_weight= 0.001000000000
<DFT>  Uele   =  -26.518231904184  dUele     =   0.007408155111
<DFT>  NormRD =    0.002157477279  Criterion =   0.000000010000

******************* MD= 1  SCF=79 *******************
<Poisson>  Poisson's equation using FFT...
<Set_Hamiltonian>  Hamiltonian matrix for VNA+dVH+Vxc...
<Band>  Solving the eigenvalue problem...
 KGrids1:  -0.42857  -0.28571  -0.14286   0.00000   0.14286   0.28572   0.42857 
 KGrids2:  -0.42857  -0.28572  -0.14286  -0.00000   0.14286   0.28571   0.42857 
 KGrids3:  -0.42857  -0.28571  -0.14286   0.00000   0.14286   0.28572   0.42857 
<Band_DFT>  Eigen, time=0.137987
<Band_DFT>  DM, time=0.211234
    1   Ni  MulP 9.29 8.71 sum 18.00 diff  0.57 (  0.04 225.00)  Ml 0.05 (  0.12 225.00)  Ml+s 0.62 (  0.04 225.00)
 Sum of MulP: up   =     9.28545 down          =     8.71455
              total=    18.00000 ideal(neutral)=    18.00000
<DFT>  Total Spin Moment    (muB)  0.570909996   Angles    0.037354673   225.004749401
<DFT>  Total Orbital Moment (muB)  0.047111373   Angles    0.120639540   225.000969867
<DFT>  Total Moment         (muB)  0.618021322   Angles    0.043703423   225.003954095
<DFT>  Mixing_weight= 0.001000000000
<DFT>  Uele   =  -26.519922006569  dUele     =   0.001690102385
<DFT>  NormRD =    0.002553065846  Criterion =   0.000000010000

******************* MD= 1  SCF=80 *******************
<Poisson>  Poisson's equation using FFT...
<Set_Hamiltonian>  Hamiltonian matrix for VNA+dVH+Vxc...
<Band>  Solving the eigenvalue problem...
 KGrids1:  -0.42857  -0.28571  -0.14286   0.00000   0.14286   0.28572   0.42857 
 KGrids2:  -0.42857  -0.28572  -0.14286  -0.00000   0.14286   0.28571   0.42857 
 KGrids3:  -0.42857  -0.28571  -0.14286   0.00000   0.14286   0.28572   0.42857 
<Band_DFT>  Eigen, time=0.138316
<Band_DFT>  DM, time=0.211572
    1   Ni  MulP 9.28 8.72 sum 18.00 diff  0.56 (  0.04 225.01)  Ml 0.05 (  0.11 225.00)  Ml+s 0.61 (  0.04 225.00)
 Sum of MulP: up   =     9.28179 down          =     8.71821
              total=    18.00000 ideal(neutral)=    18.00000
<DFT>  Total Spin Moment    (muB)  0.563572348   Angles    0.035204931   225.005102927
<DFT>  Total Orbital Moment (muB)  0.046645435   Angles    0.110500302   225.000653296
<DFT>  Total Moment         (muB)  0.610217746   Angles    0.040960556   225.004185343
<DFT>  Mixing_weight= 0.001000000000
<DFT>  Uele   =  -26.518884552119  dUele     =   0.001037454450
<DFT>  NormRD =    0.002481977186  Criterion =   0.000000010000

******************* MD= 1  SCF=81 *******************
<Poisson>  Poisson's equation using FFT...
<Set_Hamiltonian>  Hamiltonian matrix for VNA+dVH+Vxc...
<Band>  Solving the eigenvalue problem...
 KGrids1:  -0.42857  -0.28571  -0.14286   0.00000   0.14286   0.28572   0.42857 
 KGrids2:  -0.42857  -0.28572  -0.14286  -0.00000   0.14286   0.28571   0.42857 
 KGrids3:  -0.42857  -0.28571  -0.14286   0.00000   0.14286   0.28572   0.42857 
<Band_DFT>  Eigen, time=0.138485
<Band_DFT>  DM, time=0.211310
    1   Ni  MulP 9.29 8.71 sum 18.00 diff  0.58 (  0.04 225.00)  Ml 0.05 (  0.14 225.00)  Ml+s 0.63 (  0.05 225.00)
 Sum of MulP: up   =     9.29211 down          =     8.70789
              total=    18.00000 ideal(neutral)=    18.00000
<DFT>  Total Spin Moment    (muB)  0.584218902   Angles    0.038920201   225.004678283
<DFT>  Total Orbital Moment (muB)  0.047949138   Angles    0.139263344   225.000392874
<DFT>  Total Moment         (muB)  0.632167972   Angles    0.046531098   225.003705460
<DFT>  Mixing_weight= 0.001000000000
<DFT>  Uele   =  -26.521981600522  dUele     =   0.003097048402
<DFT>  NormRD =    0.002525870331  Criterion =   0.000000010000

******************* MD= 1  SCF=82 *******************
<Poisson>  Poisson's equation using FFT...
<Set_Hamiltonian>  Hamiltonian matrix for VNA+dVH+Vxc...
<Band>  Solving the eigenvalue problem...
 KGrids1:  -0.42857  -0.28571  -0.14286   0.00000   0.14286   0.28572   0.42857 
 KGrids2:  -0.42857  -0.28572  -0.14286  -0.00000   0.14286   0.28571   0.42857 
 KGrids3:  -0.42857  -0.28571  -0.14286   0.00000   0.14286   0.28572   0.42857 
<Band_DFT>  Eigen, time=0.140062
<Band_DFT>  DM, time=0.211289
    1   Ni  MulP 9.29 8.71 sum 18.00 diff  0.59 (  0.04 225.00)  Ml 0.05 (  0.14 225.00)  Ml+s 0.64 (  0.05 225.00)
 Sum of MulP: up   =     9.29362 down          =     8.70638
              total=    18.00000 ideal(neutral)=    18.00000
<DFT>  Total Spin Moment    (muB)  0.587235351   Angles    0.042008344   225.004354062
<DFT>  Total Orbital Moment (muB)  0.048132149   Angles    0.140367795   225.000727089
<DFT>  Total Moment         (muB)  0.635367434   Angles    0.049459543   225.003574283
<DFT>  Mixing_weight= 0.001000000000
<DFT>  Uele   =  -26.522254699489  dUele     =   0.000273098968
<DFT>  NormRD =    0.002358592184  Criterion =   0.000000010000

******************* MD= 1  SCF=83 *******************
<Poisson>  Poisson's equation using FFT...
<Set_Hamiltonian>  Hamiltonian matrix for VNA+dVH+Vxc...
<Band>  Solving the eigenvalue problem...
 KGrids1:  -0.42857  -0.28571  -0.14286   0.00000   0.14286   0.28572   0.42857 
 KGrids2:  -0.42857  -0.28572  -0.14286  -0.00000   0.14286   0.28571   0.42857 
 KGrids3:  -0.42857  -0.28571  -0.14286   0.00000   0.14286   0.28572   0.42857 
<Band_DFT>  Eigen, time=0.138201
<Band_DFT>  DM, time=0.211359
    1   Ni  MulP 9.26 8.74 sum 18.00 diff  0.52 (  0.02 225.01)  Ml 0.04 (  0.07  45.00)  Ml+s 0.57 (  0.01 225.02)
 Sum of MulP: up   =     9.26095 down          =     8.73905
              total=    18.00000 ideal(neutral)=    18.00000
<DFT>  Total Spin Moment    (muB)  0.521893596   Angles    0.017948957   225.010588869
<DFT>  Total Orbital Moment (muB)  0.043910787   Angles    0.067017551    44.998449392
<DFT>  Total Moment         (muB)  0.565804338   Angles    0.011354902   225.016149320
<DFT>  Mixing_weight= 0.001000000000
<DFT>  Uele   =  -26.513287237316  dUele     =   0.008967462174
<DFT>  NormRD =    0.002336991190  Criterion =   0.000000010000

******************* MD= 1  SCF=84 *******************
<Poisson>  Poisson's equation using FFT...
<Set_Hamiltonian>  Hamiltonian matrix for VNA+dVH+Vxc...
<Band>  Solving the eigenvalue problem...
 KGrids1:  -0.42857  -0.28571  -0.14286   0.00000   0.14286   0.28572   0.42857 
 KGrids2:  -0.42857  -0.28572  -0.14286  -0.00000   0.14286   0.28571   0.42857 
 KGrids3:  -0.42857  -0.28571  -0.14286   0.00000   0.14286   0.28572   0.42857 
<Band_DFT>  Eigen, time=0.138692
<Band_DFT>  DM, time=0.211508
    1   Ni  MulP 9.27 8.73 sum 18.00 diff  0.53 (  0.02 225.01)  Ml 0.04 (  0.01  44.99)  Ml+s 0.58 (  0.02 225.01)
 Sum of MulP: up   =     9.26613 down          =     8.73387
              total=    18.00000 ideal(neutral)=    18.00000
<DFT>  Total Spin Moment    (muB)  0.532254705   Angles    0.021178767   225.008543026
<DFT>  Total Orbital Moment (muB)  0.044606068   Angles    0.007048211    44.988477343
<DFT>  Total Moment         (muB)  0.576860768   Angles    0.018996101   225.009118720
<DFT>  Mixing_weight= 0.001000000000
<DFT>  Uele   =  -26.514743302093  dUele     =   0.001456064777
<DFT>  NormRD =    0.002822093739  Criterion =   0.000000010000

******************* MD= 1  SCF=85 *******************
<Poisson>  Poisson's equation using FFT...
<Set_Hamiltonian>  Hamiltonian matrix for VNA+dVH+Vxc...
<Band>  Solving the eigenvalue problem...
 KGrids1:  -0.42857  -0.28571  -0.14286   0.00000   0.14286   0.28572   0.42857 
 KGrids2:  -0.42857  -0.28572  -0.14286  -0.00000   0.14286   0.28571   0.42857 
 KGrids3:  -0.42857  -0.28571  -0.14286   0.00000   0.14286   0.28572   0.42857 
<Band_DFT>  Eigen, time=0.138506
<Band_DFT>  DM, time=0.211380
    1   Ni  MulP 9.28 8.72 sum 18.00 diff  0.55 (  0.02 225.01)  Ml 0.05 (  0.09 225.00)  Ml+s 0.60 (  0.03 225.01)
 Sum of MulP: up   =     9.27689 down          =     8.72311
              total=    18.00000 ideal(neutral)=    18.00000
<DFT>  Total Spin Moment    (muB)  0.553783387   Angles    0.023130965   225.008054700
<DFT>  Total Orbital Moment (muB)  0.046028540   Angles    0.090496824   224.999975266
<DFT>  Total Moment         (muB)  0.599811897   Angles    0.028300505   225.006072114
<DFT>  Mixing_weight= 0.001000000000
<DFT>  Uele   =  -26.518110048540  dUele     =   0.003366746447
<DFT>  NormRD =    0.002761665598  Criterion =   0.000000010000

******************* MD= 1  SCF=86 *******************
<Poisson>  Poisson's equation using FFT...
<Set_Hamiltonian>  Hamiltonian matrix for VNA+dVH+Vxc...
<Band>  Solving the eigenvalue problem...
 KGrids1:  -0.42857  -0.28571  -0.14286   0.00000   0.14286   0.28572   0.42857 
 KGrids2:  -0.42857  -0.28572  -0.14286  -0.00000   0.14286   0.28571   0.42857 
 KGrids3:  -0.42857  -0.28571  -0.14286   0.00000   0.14286   0.28572   0.42857 
<Band_DFT>  Eigen, time=0.138593
<Band_DFT>  DM, time=0.211485
    1   Ni  MulP 9.32 8.68 sum 18.00 diff  0.64 (  0.04 225.00)  Ml 0.05 (  0.16 225.00)  Ml+s 0.69 (  0.05 225.00)
 Sum of MulP: up   =     9.31811 down          =     8.68189
              total=    18.00000 ideal(neutral)=    18.00000
<DFT>  Total Spin Moment    (muB)  0.636219576   Angles    0.042555712   225.004375644
<DFT>  Total Orbital Moment (muB)  0.051060985   Angles    0.162609137   225.001638265
<DFT>  Total Moment         (muB)  0.687280458   Angles    0.051474985   225.003733196
<DFT>  Mixing_weight= 0.001000000000
<DFT>  Uele   =  -26.530282113700  dUele     =   0.012172065160
<DFT>  NormRD =    0.002651754443  Criterion =   0.000000010000

******************* MD= 1  SCF=87 *******************
<Poisson>  Poisson's equation using FFT...
<Set_Hamiltonian>  Hamiltonian matrix for VNA+dVH+Vxc...
<Band>  Solving the eigenvalue problem...
 KGrids1:  -0.42857  -0.28571  -0.14286   0.00000   0.14286   0.28572   0.42857 
 KGrids2:  -0.42857  -0.28572  -0.14286  -0.00000   0.14286   0.28571   0.42857 
 KGrids3:  -0.42857  -0.28571  -0.14286   0.00000   0.14286   0.28572   0.42857 
<Band_DFT>  Eigen, time=0.138885
<Band_DFT>  DM, time=0.211112
    1   Ni  MulP 9.35 8.65 sum 18.00 diff  0.70 (  0.05 225.00)  Ml 0.05 (  0.23 225.00)  Ml+s 0.76 (  0.07 225.00)
 Sum of MulP: up   =     9.35227 down          =     8.64773
              total=    18.00000 ideal(neutral)=    18.00000
<DFT>  Total Spin Moment    (muB)  0.704530145   Angles    0.054856183   225.003046379
<DFT>  Total Orbital Moment (muB)  0.054906282   Angles    0.233330499   225.001332239
<DFT>  Total Moment         (muB)  0.759436179   Angles    0.067759631   225.002619626
<DFT>  Mixing_weight= 0.001000000000
<DFT>  Uele   =  -26.550391251082  dUele     =   0.020109137382
<DFT>  NormRD =    0.002081377985  Criterion =   0.000000010000

******************* MD= 1  SCF=88 *******************
<Poisson>  Poisson's equation using FFT...
<Set_Hamiltonian>  Hamiltonian matrix for VNA+dVH+Vxc...
<Band>  Solving the eigenvalue problem...
 KGrids1:  -0.42857  -0.28571  -0.14286   0.00000   0.14286   0.28572   0.42857 
 KGrids2:  -0.42857  -0.28572  -0.14286  -0.00000   0.14286   0.28571   0.42857 
 KGrids3:  -0.42857  -0.28571  -0.14286   0.00000   0.14286   0.28572   0.42857 
<Band_DFT>  Eigen, time=0.139624
<Band_DFT>  DM, time=0.211325
    1   Ni  MulP 9.23 8.77 sum 18.00 diff  0.47 (  0.01 225.02)  Ml 0.04 (  0.47  45.00)  Ml+s 0.51 (  0.03  44.99)
 Sum of MulP: up   =     9.23285 down          =     8.76715
              total=    18.00000 ideal(neutral)=    18.00000
<DFT>  Total Spin Moment    (muB)  0.465692824   Angles    0.011079331   225.020447370
<DFT>  Total Orbital Moment (muB)  0.039968126   Angles    0.472403581    44.999159552
<DFT>  Total Moment         (muB)  0.505659639   Angles    0.027135462    44.991154785
<DFT>  Mixing_weight= 0.001000000000
<DFT>  Uele   =  -26.504279427440  dUele     =   0.046111823642
<DFT>  NormRD =    0.007171858579  Criterion =   0.000000010000

******************* MD= 1  SCF=89 *******************
<Poisson>  Poisson's equation using FFT...
<Set_Hamiltonian>  Hamiltonian matrix for VNA+dVH+Vxc...
<Band>  Solving the eigenvalue problem...
 KGrids1:  -0.42857  -0.28571  -0.14286   0.00000   0.14286   0.28572   0.42857 
 KGrids2:  -0.42857  -0.28572  -0.14286  -0.00000   0.14286   0.28571   0.42857 
 KGrids3:  -0.42857  -0.28571  -0.14286   0.00000   0.14286   0.28572   0.42857 
<Band_DFT>  Eigen, time=0.140256
<Band_DFT>  DM, time=0.211664
    1   Ni  MulP 9.27 8.73 sum 18.00 diff  0.54 (  0.03 225.01)  Ml 0.05 (  0.03 225.01)  Ml+s 0.58 (  0.03 225.01)
 Sum of MulP: up   =     9.26972 down          =     8.73028
              total=    18.00000 ideal(neutral)=    18.00000
<DFT>  Total Spin Moment    (muB)  0.539431042   Angles    0.029791525   225.007184737
<DFT>  Total Orbital Moment (muB)  0.045066212   Angles    0.028563532   225.013475381
<DFT>  Total Moment         (muB)  0.584497254   Angles    0.029696844   225.007651251
<DFT>  Mixing_weight= 0.001000000000
<DFT>  Uele   =  -26.515517193028  dUele     =   0.011237765587
<DFT>  NormRD =    0.003019899759  Criterion =   0.000000010000

******************* MD= 1  SCF=90 *******************
<Poisson>  Poisson's equation using FFT...
<Set_Hamiltonian>  Hamiltonian matrix for VNA+dVH+Vxc...
<Band>  Solving the eigenvalue problem...
 KGrids1:  -0.42857  -0.28571  -0.14286   0.00000   0.14286   0.28572   0.42857 
 KGrids2:  -0.42857  -0.28572  -0.14286  -0.00000   0.14286   0.28571   0.42857 
 KGrids3:  -0.42857  -0.28571  -0.14286   0.00000   0.14286   0.28572   0.42857 
<Band_DFT>  Eigen, time=0.138545
<Band_DFT>  DM, time=0.211287
    1   Ni  MulP 9.26 8.74 sum 18.00 diff  0.53 (  0.02 225.01)  Ml 0.04 (  0.02  44.99)  Ml+s 0.57 (  0.02 225.01)
 Sum of MulP: up   =     9.26466 down          =     8.73534
              total=    18.00000 ideal(neutral)=    18.00000
<DFT>  Total Spin Moment    (muB)  0.529317219   Angles    0.021231341   225.010757168
<DFT>  Total Orbital Moment (muB)  0.044397910   Angles    0.024790875    44.990665221
<DFT>  Total Moment         (muB)  0.573715116   Angles    0.017669834   225.012938630
<DFT>  Mixing_weight= 0.001000000000
<DFT>  Uele   =  -26.514219850722  dUele     =   0.001297342306
<DFT>  NormRD =    0.002786365008  Criterion =   0.000000010000

******************* MD= 1  SCF=91 *******************
<Poisson>  Poisson's equation using FFT...
<Set_Hamiltonian>  Hamiltonian matrix for VNA+dVH+Vxc...
<Band>  Solving the eigenvalue problem...
 KGrids1:  -0.42857  -0.28571  -0.14286   0.00000   0.14286   0.28572   0.42857 
 KGrids2:  -0.42857  -0.28572  -0.14286  -0.00000   0.14286   0.28571   0.42857 
 KGrids3:  -0.42857  -0.28571  -0.14286   0.00000   0.14286   0.28572   0.42857 
<Band_DFT>  Eigen, time=0.138503
<Band_DFT>  DM, time=0.211924
    1   Ni  MulP 9.30 8.70 sum 18.00 diff  0.60 (  0.03 225.01)  Ml 0.05 (  0.17 225.00)  Ml+s 0.65 (  0.04 225.01)
 Sum of MulP: up   =     9.30045 down          =     8.69955
              total=    18.00000 ideal(neutral)=    18.00000
<DFT>  Total Spin Moment    (muB)  0.600899545   Angles    0.031972391   225.006292440
<DFT>  Total Orbital Moment (muB)  0.048985988   Angles    0.166598320   225.002305482
<DFT>  Total Moment         (muB)  0.649885407   Angles    0.042119992   225.005103778
<DFT>  Mixing_weight= 0.001000000000
<DFT>  Uele   =  -26.525168884077  dUele     =   0.010949033356
<DFT>  NormRD =    0.002826206771  Criterion =   0.000000010000

******************* MD= 1  SCF=92 *******************
<Poisson>  Poisson's equation using FFT...
<Set_Hamiltonian>  Hamiltonian matrix for VNA+dVH+Vxc...
<Band>  Solving the eigenvalue problem...
 KGrids1:  -0.42857  -0.28571  -0.14286   0.00000   0.14286   0.28572   0.42857 
 KGrids2:  -0.42857  -0.28572  -0.14286  -0.00000   0.14286   0.28571   0.42857 
 KGrids3:  -0.42857  -0.28571  -0.14286   0.00000   0.14286   0.28572   0.42857 
<Band_DFT>  Eigen, time=0.138622
<Band_DFT>  DM, time=0.211690
    1   Ni  MulP 9.31 8.69 sum 18.00 diff  0.63 (  0.04 225.01)  Ml 0.05 (  0.17 225.00)  Ml+s 0.68 (  0.05 225.00)
 Sum of MulP: up   =     9.31287 down          =     8.68713
              total=    18.00000 ideal(neutral)=    18.00000
<DFT>  Total Spin Moment    (muB)  0.625734118   Angles    0.037232603   225.005654820
<DFT>  Total Orbital Moment (muB)  0.050458053   Angles    0.165274030   224.999521829
<DFT>  Total Moment         (muB)  0.676192054   Angles    0.046787160   225.004038192
<DFT>  Mixing_weight= 0.001000000000
<DFT>  Uele   =  -26.528823066534  dUele     =   0.003654182457
<DFT>  NormRD =    0.002235718040  Criterion =   0.000000010000

******************* MD= 1  SCF=93 *******************
<Poisson>  Poisson's equation using FFT...
<Set_Hamiltonian>  Hamiltonian matrix for VNA+dVH+Vxc...
<Band>  Solving the eigenvalue problem...
 KGrids1:  -0.42857  -0.28571  -0.14286   0.00000   0.14286   0.28572   0.42857 
 KGrids2:  -0.42857  -0.28572  -0.14286  -0.00000   0.14286   0.28571   0.42857 
 KGrids3:  -0.42857  -0.28571  -0.14286   0.00000   0.14286   0.28572   0.42857 
<Band_DFT>  Eigen, time=0.140440
<Band_DFT>  DM, time=0.213898
    1   Ni  MulP 9.31 8.69 sum 18.00 diff  0.63 (  0.04 225.01)  Ml 0.05 (  0.16 225.00)  Ml+s 0.68 (  0.05 225.00)
 Sum of MulP: up   =     9.31356 down          =     8.68644
              total=    18.00000 ideal(neutral)=    18.00000
<DFT>  Total Spin Moment    (muB)  0.627116224   Angles    0.035587987   225.005923715
<DFT>  Total Orbital Moment (muB)  0.050540456   Angles    0.163541635   224.998780607
<DFT>  Total Moment         (muB)  0.677656563   Angles    0.045130919   225.003993213
<DFT>  Mixing_weight= 0.001000000000
<DFT>  Uele   =  -26.529093212678  dUele     =   0.000270146144
<DFT>  NormRD =    0.002038110740  Criterion =   0.000000010000

******************* MD= 1  SCF=94 *******************
<Poisson>  Poisson's equation using FFT...
<Set_Hamiltonian>  Hamiltonian matrix for VNA+dVH+Vxc...
<Band>  Solving the eigenvalue problem...
 KGrids1:  -0.42857  -0.28571  -0.14286   0.00000   0.14286   0.28572   0.42857 
 KGrids2:  -0.42857  -0.28572  -0.14286  -0.00000   0.14286   0.28571   0.42857 
 KGrids3:  -0.42857  -0.28571  -0.14286   0.00000   0.14286   0.28572   0.42857 
<Band_DFT>  Eigen, time=0.140377
<Band_DFT>  DM, time=0.211401
    1   Ni  MulP 9.31 8.69 sum 18.00 diff  0.63 (  0.03 225.01)  Ml 0.05 (  0.16 225.00)  Ml+s 0.68 (  0.04 225.00)
 Sum of MulP: up   =     9.31379 down          =     8.68621
              total=    18.00000 ideal(neutral)=    18.00000
<DFT>  Total Spin Moment    (muB)  0.627580587   Angles    0.032106032   225.006696691
<DFT>  Total Orbital Moment (muB)  0.050571108   Angles    0.163620573   224.998542401
<DFT>  Total Moment         (muB)  0.678151572   Angles    0.041913324   225.004322874
<DFT>  Mixing_weight= 0.001000000000
<DFT>  Uele   =  -26.529298334973  dUele     =   0.000205122296
<DFT>  NormRD =    0.002017354269  Criterion =   0.000000010000

******************* MD= 1  SCF=95 *******************
<Poisson>  Poisson's equation using FFT...
<Set_Hamiltonian>  Hamiltonian matrix for VNA+dVH+Vxc...
<Band>  Solving the eigenvalue problem...
 KGrids1:  -0.42857  -0.28571  -0.14286   0.00000   0.14286   0.28572   0.42857 
 KGrids2:  -0.42857  -0.28572  -0.14286  -0.00000   0.14286   0.28571   0.42857 
 KGrids3:  -0.42857  -0.28571  -0.14286   0.00000   0.14286   0.28572   0.42857 
<Band_DFT>  Eigen, time=0.138562
<Band_DFT>  DM, time=0.211469
    1   Ni  MulP 9.31 8.69 sum 18.00 diff  0.62 (  0.03 225.01)  Ml 0.05 (  0.17 225.00)  Ml+s 0.67 (  0.04 225.00)
 Sum of MulP: up   =     9.30873 down          =     8.69127
              total=    18.00000 ideal(neutral)=    18.00000
<DFT>  Total Spin Moment    (muB)  0.617465497   Angles    0.030701076   225.007029339
<DFT>  Total Orbital Moment (muB)  0.049979859   Angles    0.167031607   224.999035189
<DFT>  Total Moment         (muB)  0.667445225   Angles    0.040909815   225.004585220
<DFT>  Mixing_weight= 0.001000000000
<DFT>  Uele   =  -26.527765496256  dUele     =   0.001532838717
<DFT>  NormRD =    0.002008155549  Criterion =   0.000000010000

******************* MD= 1  SCF=96 *******************
<Poisson>  Poisson's equation using FFT...
<Set_Hamiltonian>  Hamiltonian matrix for VNA+dVH+Vxc...
<Band>  Solving the eigenvalue problem...
 KGrids1:  -0.42857  -0.28571  -0.14286   0.00000   0.14286   0.28572   0.42857 
 KGrids2:  -0.42857  -0.28572  -0.14286  -0.00000   0.14286   0.28571   0.42857 
 KGrids3:  -0.42857  -0.28571  -0.14286   0.00000   0.14286   0.28572   0.42857 
<Band_DFT>  Eigen, time=0.139672
<Band_DFT>  DM, time=0.211376
    1   Ni  MulP 9.30 8.70 sum 18.00 diff  0.60 (  0.03 225.01)  Ml 0.05 (  0.18 225.00)  Ml+s 0.65 (  0.04 225.00)
 Sum of MulP: up   =     9.29937 down          =     8.70063
              total=    18.00000 ideal(neutral)=    18.00000
<DFT>  Total Spin Moment    (muB)  0.598742716   Angles    0.033126978   225.006515554
<DFT>  Total Orbital Moment (muB)  0.048851197   Angles    0.177679999   225.000051754
<DFT>  Total Moment         (muB)  0.647593769   Angles    0.044031315   225.004547955
<DFT>  Mixing_weight= 0.001000000000
<DFT>  Uele   =  -26.524698997029  dUele     =   0.003066499227
<DFT>  NormRD =    0.002098214619  Criterion =   0.000000010000

******************* MD= 1  SCF=97 *******************
<Poisson>  Poisson's equation using FFT...
<Set_Hamiltonian>  Hamiltonian matrix for VNA+dVH+Vxc...
<Band>  Solving the eigenvalue problem...
 KGrids1:  -0.42857  -0.28571  -0.14286   0.00000   0.14286   0.28572   0.42857 
 KGrids2:  -0.42857  -0.28572  -0.14286  -0.00000   0.14286   0.28571   0.42857 
 KGrids3:  -0.42857  -0.28571  -0.14286   0.00000   0.14286   0.28572   0.42857 
<Band_DFT>  Eigen, time=0.137985
<Band_DFT>  DM, time=0.211599
    1   Ni  MulP 9.30 8.70 sum 18.00 diff  0.61 (  0.03 225.01)  Ml 0.05 (  0.19 225.00)  Ml+s 0.66 (  0.05 225.01)
 Sum of MulP: up   =     9.30317 down          =     8.69683
              total=    18.00000 ideal(neutral)=    18.00000
<DFT>  Total Spin Moment    (muB)  0.606347416   Angles    0.034459460   225.006800772
<DFT>  Total Orbital Moment (muB)  0.049305517   Angles    0.189788624   225.003093369
<DFT>  Total Moment         (muB)  0.655652765   Angles    0.046140300   225.005653991
<DFT>  Mixing_weight= 0.001000000000
<DFT>  Uele   =  -26.525587385252  dUele     =   0.000888388223
<DFT>  NormRD =    0.002251761851  Criterion =   0.000000010000

******************* MD= 1  SCF=98 *******************
<Poisson>  Poisson's equation using FFT...
<Set_Hamiltonian>  Hamiltonian matrix for VNA+dVH+Vxc...
<Band>  Solving the eigenvalue problem...
 KGrids1:  -0.42857  -0.28571  -0.14286   0.00000   0.14286   0.28572   0.42857 
 KGrids2:  -0.42857  -0.28572  -0.14286  -0.00000   0.14286   0.28571   0.42857 
 KGrids3:  -0.42857  -0.28571  -0.14286   0.00000   0.14286   0.28572   0.42857 
<Band_DFT>  Eigen, time=0.138849
<Band_DFT>  DM, time=0.211464
    1   Ni  MulP 9.31 8.69 sum 18.00 diff  0.62 (  0.03 225.01)  Ml 0.05 (  0.18 225.00)  Ml+s 0.66 (  0.05 225.00)
 Sum of MulP: up   =     9.30754 down          =     8.69246
              total=    18.00000 ideal(neutral)=    18.00000
<DFT>  Total Spin Moment    (muB)  0.615084020   Angles    0.034272049   225.006957475
<DFT>  Total Orbital Moment (muB)  0.049824595   Angles    0.183972563   224.996587033
<DFT>  Total Moment         (muB)  0.664908458   Angles    0.045489772   225.003814668
<DFT>  Mixing_weight= 0.001000000000
<DFT>  Uele   =  -26.526861697358  dUele     =   0.001274312106
<DFT>  NormRD =    0.002203615403  Criterion =   0.000000010000

******************* MD= 1  SCF=99 *******************
<Poisson>  Poisson's equation using FFT...
<Set_Hamiltonian>  Hamiltonian matrix for VNA+dVH+Vxc...
<Band>  Solving the eigenvalue problem...
 KGrids1:  -0.42857  -0.28571  -0.14286   0.00000   0.14286   0.28572   0.42857 
 KGrids2:  -0.42857  -0.28572  -0.14286  -0.00000   0.14286   0.28571   0.42857 
 KGrids3:  -0.42857  -0.28571  -0.14286   0.00000   0.14286   0.28572   0.42857 
<Band_DFT>  Eigen, time=0.140228
<Band_DFT>  DM, time=0.211561
    1   Ni  MulP 9.30 8.70 sum 18.00 diff  0.61 (  0.03 225.01)  Ml 0.05 (  0.20 225.00)  Ml+s 0.66 (  0.04 225.01)
 Sum of MulP: up   =     9.30439 down          =     8.69561
              total=    18.00000 ideal(neutral)=    18.00000
<DFT>  Total Spin Moment    (muB)  0.608770338   Angles    0.029345877   225.008586521
<DFT>  Total Orbital Moment (muB)  0.049449426   Angles    0.196805251   225.002098210
<DFT>  Total Moment         (muB)  0.658219568   Angles    0.041926418   225.006298446
<DFT>  Mixing_weight= 0.001000000000
<DFT>  Uele   =  -26.525956026027  dUele     =   0.000905671331
<DFT>  NormRD =    0.002180510606  Criterion =   0.000000010000

******************* MD= 1  SCF=100 *******************
<Poisson>  Poisson's equation using FFT...
<Set_Hamiltonian>  Hamiltonian matrix for VNA+dVH+Vxc...
<Band>  Solving the eigenvalue problem...
 KGrids1:  -0.42857  -0.28571  -0.14286   0.00000   0.14286   0.28572   0.42857 
 KGrids2:  -0.42857  -0.28572  -0.14286  -0.00000   0.14286   0.28571   0.42857 
 KGrids3:  -0.42857  -0.28571  -0.14286   0.00000   0.14286   0.28572   0.42857 
<Band_DFT>  Eigen, time=0.140465
<Band_DFT>  DM, time=0.211675
    1   Ni  MulP 9.31 8.69 sum 18.00 diff  0.62 (  0.03 225.01)  Ml 0.05 (  0.19 225.00)  Ml+s 0.67 (  0.04 225.01)
 Sum of MulP: up   =     9.31227 down          =     8.68773
              total=    18.00000 ideal(neutral)=    18.00000
<DFT>  Total Spin Moment    (muB)  0.624538097   Angles    0.029329051   225.008461496
<DFT>  Total Orbital Moment (muB)  0.050384934   Angles    0.193372408   225.002059032
<DFT>  Total Moment         (muB)  0.674922840   Angles    0.041575344   225.006238434
<DFT>  Mixing_weight= 0.001000000000
<DFT>  Uele   =  -26.528443725936  dUele     =   0.002487699909
<DFT>  NormRD =    0.002240646520  Criterion =   0.000000010000

******************* MD= 1  SCF=101 *******************
<Poisson>  Poisson's equation using FFT...
<Set_Hamiltonian>  Hamiltonian matrix for VNA+dVH+Vxc...
<Band>  Solving the eigenvalue problem...
 KGrids1:  -0.42857  -0.28571  -0.14286   0.00000   0.14286   0.28572   0.42857 
 KGrids2:  -0.42857  -0.28572  -0.14286  -0.00000   0.14286   0.28571   0.42857 
 KGrids3:  -0.42857  -0.28571  -0.14286   0.00000   0.14286   0.28572   0.42857 
<Band_DFT>  Eigen, time=0.138319
<Band_DFT>  DM, time=0.211269
    1   Ni  MulP 9.29 8.71 sum 18.00 diff  0.58 (  0.03 225.01)  Ml 0.05 (  0.16 224.99)  Ml+s 0.63 (  0.04 225.00)
 Sum of MulP: up   =     9.29157 down          =     8.70843
              total=    18.00000 ideal(neutral)=    18.00000
<DFT>  Total Spin Moment    (muB)  0.583143439   Angles    0.030250251   225.007488506
<DFT>  Total Orbital Moment (muB)  0.047890647   Angles    0.159634010   224.994859879
<DFT>  Total Moment         (muB)  0.631033973   Angles    0.040069479   225.003670247
<DFT>  Mixing_weight= 0.001000000000
<DFT>  Uele   =  -26.522389241507  dUele     =   0.006054484429
<DFT>  NormRD =    0.002148217494  Criterion =   0.000000010000

******************* MD= 1  SCF=102 *******************
<Poisson>  Poisson's equation using FFT...
<Set_Hamiltonian>  Hamiltonian matrix for VNA+dVH+Vxc...
<Band>  Solving the eigenvalue problem...
 KGrids1:  -0.42857  -0.28571  -0.14286   0.00000   0.14286   0.28572   0.42857 
 KGrids2:  -0.42857  -0.28572  -0.14286  -0.00000   0.14286   0.28571   0.42857 
 KGrids3:  -0.42857  -0.28571  -0.14286   0.00000   0.14286   0.28572   0.42857 
<Band_DFT>  Eigen, time=0.138353
<Band_DFT>  DM, time=0.211327
    1   Ni  MulP 9.27 8.73 sum 18.00 diff  0.54 (  0.03 225.01)  Ml 0.04 (  0.01 225.07)  Ml+s 0.58 (  0.03 225.01)
 Sum of MulP: up   =     9.26854 down          =     8.73146
              total=    18.00000 ideal(neutral)=    18.00000
<DFT>  Total Spin Moment    (muB)  0.537071103   Angles    0.027598457   225.008407611
<DFT>  Total Orbital Moment (muB)  0.044921512   Angles    0.012775012   225.070091521
<DFT>  Total Moment         (muB)  0.581992613   Angles    0.026454299   225.010706795
<DFT>  Mixing_weight= 0.001000000000
<DFT>  Uele   =  -26.515355089279  dUele     =   0.007034152228
<DFT>  NormRD =    0.002422038095  Criterion =   0.000000010000

******************* MD= 1  SCF=103 *******************
<Poisson>  Poisson's equation using FFT...
<Set_Hamiltonian>  Hamiltonian matrix for VNA+dVH+Vxc...
<Band>  Solving the eigenvalue problem...
 KGrids1:  -0.42857  -0.28571  -0.14286   0.00000   0.14286   0.28572   0.42857 
 KGrids2:  -0.42857  -0.28572  -0.14286  -0.00000   0.14286   0.28571   0.42857 
 KGrids3:  -0.42857  -0.28571  -0.14286   0.00000   0.14286   0.28572   0.42857 
<Band_DFT>  Eigen, time=0.138376
<Band_DFT>  DM, time=0.211316
    1   Ni  MulP 9.26 8.74 sum 18.00 diff  0.52 (  0.03 225.01)  Ml 0.04 (  0.06  45.00)  Ml+s 0.57 (  0.02 225.01)
 Sum of MulP: up   =     9.26153 down          =     8.73847
              total=    18.00000 ideal(neutral)=    18.00000
<DFT>  Total Spin Moment    (muB)  0.523060430   Angles    0.025907954   225.009412555
<DFT>  Total Orbital Moment (muB)  0.043983046   Angles    0.064246261    45.003235254
<DFT>  Total Moment         (muB)  0.567043425   Angles    0.018915094   225.011040002
<DFT>  Mixing_weight= 0.001000000000
<DFT>  Uele   =  -26.513256537688  dUele     =   0.002098551591
<DFT>  NormRD =    0.002714690279  Criterion =   0.000000010000

******************* MD= 1  SCF=104 *******************
<Poisson>  Poisson's equation using FFT...
<Set_Hamiltonian>  Hamiltonian matrix for VNA+dVH+Vxc...
<Band>  Solving the eigenvalue problem...
 KGrids1:  -0.42857  -0.28571  -0.14286   0.00000   0.14286   0.28572   0.42857 
 KGrids2:  -0.42857  -0.28572  -0.14286  -0.00000   0.14286   0.28571   0.42857 
 KGrids3:  -0.42857  -0.28571  -0.14286   0.00000   0.14286   0.28572   0.42857 
<Band_DFT>  Eigen, time=0.139253
<Band_DFT>  DM, time=0.211437
    1   Ni  MulP 9.25 8.75 sum 18.00 diff  0.50 (  0.03 225.01)  Ml 0.04 (  0.23  45.00)  Ml+s 0.54 (  0.01 225.04)
 Sum of MulP: up   =     9.24952 down          =     8.75048
              total=    18.00000 ideal(neutral)=    18.00000
<DFT>  Total Spin Moment    (muB)  0.499048653   Angles    0.026391590   225.009470367
<DFT>  Total Orbital Moment (muB)  0.042340252   Angles    0.225326263    44.996609795
<DFT>  Total Moment         (muB)  0.541388529   Angles    0.006705613   225.043267274
<DFT>  Mixing_weight= 0.001000000000
<DFT>  Uele   =  -26.509696053757  dUele     =   0.003560483931
<DFT>  NormRD =    0.002791081546  Criterion =   0.000000010000

******************* MD= 1  SCF=105 *******************
<Poisson>  Poisson's equation using FFT...
<Set_Hamiltonian>  Hamiltonian matrix for VNA+dVH+Vxc...
<Band>  Solving the eigenvalue problem...
 KGrids1:  -0.42857  -0.28571  -0.14286   0.00000   0.14286   0.28572   0.42857 
 KGrids2:  -0.42857  -0.28572  -0.14286  -0.00000   0.14286   0.28571   0.42857 
 KGrids3:  -0.42857  -0.28571  -0.14286   0.00000   0.14286   0.28572   0.42857 
<Band_DFT>  Eigen, time=0.140509
<Band_DFT>  DM, time=0.211755
    1   Ni  MulP 9.25 8.75 sum 18.00 diff  0.50 (  0.03 225.01)  Ml 0.04 (  0.19  45.00)  Ml+s 0.55 (  0.01 225.03)
 Sum of MulP: up   =     9.25232 down          =     8.74768
              total=    18.00000 ideal(neutral)=    18.00000
<DFT>  Total Spin Moment    (muB)  0.504647581   Angles    0.027638555   225.008995977
<DFT>  Total Orbital Moment (muB)  0.042726520   Angles    0.186419768    44.995790566
<DFT>  Total Moment         (muB)  0.547373826   Angles    0.010929781   225.026577041
<DFT>  Mixing_weight= 0.001000000000
<DFT>  Uele   =  -26.510523325039  dUele     =   0.000827271282
<DFT>  NormRD =    0.002916602552  Criterion =   0.000000010000

******************* MD= 1  SCF=106 *******************
<Poisson>  Poisson's equation using FFT...
<Set_Hamiltonian>  Hamiltonian matrix for VNA+dVH+Vxc...
<Band>  Solving the eigenvalue problem...
 KGrids1:  -0.42857  -0.28571  -0.14286   0.00000   0.14286   0.28572   0.42857 
 KGrids2:  -0.42857  -0.28572  -0.14286  -0.00000   0.14286   0.28571   0.42857 
 KGrids3:  -0.42857  -0.28571  -0.14286   0.00000   0.14286   0.28572   0.42857 
<Band_DFT>  Eigen, time=0.138682
<Band_DFT>  DM, time=0.211536
    1   Ni  MulP 9.25 8.75 sum 18.00 diff  0.50 (  0.03 225.01)  Ml 0.04 (  0.20  44.99)  Ml+s 0.55 (  0.01 225.04)
 Sum of MulP: up   =     9.25124 down          =     8.74876
              total=    18.00000 ideal(neutral)=    18.00000
<DFT>  Total Spin Moment    (muB)  0.502480642   Angles    0.026944664   225.008529274
<DFT>  Total Orbital Moment (muB)  0.042570104   Angles    0.201603058    44.991981084
<DFT>  Total Moment         (muB)  0.545050433   Angles    0.009094437   225.037180217
<DFT>  Mixing_weight= 0.001000000000
<DFT>  Uele   =  -26.510101270220  dUele     =   0.000422054819
<DFT>  NormRD =    0.002888604077  Criterion =   0.000000010000

******************* MD= 1  SCF=107 *******************
<Poisson>  Poisson's equation using FFT...
<Set_Hamiltonian>  Hamiltonian matrix for VNA+dVH+Vxc...
<Band>  Solving the eigenvalue problem...
 KGrids1:  -0.42857  -0.28571  -0.14286   0.00000   0.14286   0.28572   0.42857 
 KGrids2:  -0.42857  -0.28572  -0.14286  -0.00000   0.14286   0.28571   0.42857 
 KGrids3:  -0.42857  -0.28571  -0.14286   0.00000   0.14286   0.28572   0.42857 
<Band_DFT>  Eigen, time=0.139105
<Band_DFT>  DM, time=0.211764
    1   Ni  MulP 9.26 8.74 sum 18.00 diff  0.52 (  0.03 225.01)  Ml 0.04 (  0.11  45.01)  Ml+s 0.56 (  0.02 225.00)
 Sum of MulP: up   =     9.25966 down          =     8.74034
              total=    18.00000 ideal(neutral)=    18.00000
<DFT>  Total Spin Moment    (muB)  0.519318980   Angles    0.031524185   225.005358805
<DFT>  Total Orbital Moment (muB)  0.043718078   Angles    0.113209712    45.012010566
<DFT>  Total Moment         (muB)  0.563036929   Angles    0.020286057   225.002476456
<DFT>  Mixing_weight= 0.001000000000
<DFT>  Uele   =  -26.512462571958  dUele     =   0.002361301738
<DFT>  NormRD =    0.002948322114  Criterion =   0.000000010000

******************* MD= 1  SCF=108 *******************
<Poisson>  Poisson's equation using FFT...
<Set_Hamiltonian>  Hamiltonian matrix for VNA+dVH+Vxc...
<Band>  Solving the eigenvalue problem...
 KGrids1:  -0.42857  -0.28571  -0.14286   0.00000   0.14286   0.28572   0.42857 
 KGrids2:  -0.42857  -0.28572  -0.14286  -0.00000   0.14286   0.28571   0.42857 
 KGrids3:  -0.42857  -0.28571  -0.14286   0.00000   0.14286   0.28572   0.42857 
<Band_DFT>  Eigen, time=0.138507
<Band_DFT>  DM, time=0.211127
    1   Ni  MulP 9.36 8.64 sum 18.00 diff  0.72 (  0.05 225.00)  Ml 0.06 (  0.12 224.96)  Ml+s 0.78 (  0.06 225.00)
 Sum of MulP: up   =     9.36051 down          =     8.63949
              total=    18.00000 ideal(neutral)=    18.00000
<DFT>  Total Spin Moment    (muB)  0.721028200   Angles    0.050360713   225.001196761
<DFT>  Total Orbital Moment (muB)  0.055824529   Angles    0.121657189   224.963890451
<DFT>  Total Moment         (muB)  0.776852689   Angles    0.055484065   224.995318648
<DFT>  Mixing_weight= 0.001000000000
<DFT>  Uele   =  -26.563693435045  dUele     =   0.051230863087
<DFT>  NormRD =    0.002914520629  Criterion =   0.000000010000

******************* MD= 1  SCF=109 *******************
<Poisson>  Poisson's equation using FFT...
<Set_Hamiltonian>  Hamiltonian matrix for VNA+dVH+Vxc...
<Band>  Solving the eigenvalue problem...
 KGrids1:  -0.42857  -0.28571  -0.14286   0.00000   0.14286   0.28572   0.42857 
 KGrids2:  -0.42857  -0.28572  -0.14286  -0.00000   0.14286   0.28571   0.42857 
 KGrids3:  -0.42857  -0.28571  -0.14286   0.00000   0.14286   0.28572   0.42857 
<Band_DFT>  Eigen, time=0.138891
<Band_DFT>  DM, time=0.211460
    1   Ni  MulP 9.27 8.73 sum 18.00 diff  0.53 (  0.03 225.01)  Ml 0.04 (  0.01  45.36)  Ml+s 0.58 (  0.02 224.99)
 Sum of MulP: up   =     9.26615 down          =     8.73385
              total=    18.00000 ideal(neutral)=    18.00000
<DFT>  Total Spin Moment    (muB)  0.532309781   Angles    0.026817486   225.006313068
<DFT>  Total Orbital Moment (muB)  0.044585155   Angles    0.010620633    45.355126883
<DFT>  Total Moment         (muB)  0.576894928   Angles    0.023924108   224.994345684
<DFT>  Mixing_weight= 0.001000000000
<DFT>  Uele   =  -26.514219300441  dUele     =   0.049474134604
<DFT>  NormRD =    0.012628425911  Criterion =   0.000000010000

******************* MD= 1  SCF=110 *******************
<Poisson>  Poisson's equation using FFT...
<Set_Hamiltonian>  Hamiltonian matrix for VNA+dVH+Vxc...
<Band>  Solving the eigenvalue problem...
 KGrids1:  -0.42857  -0.28571  -0.14286   0.00000   0.14286   0.28572   0.42857 
 KGrids2:  -0.42857  -0.28572  -0.14286  -0.00000   0.14286   0.28571   0.42857 
 KGrids3:  -0.42857  -0.28571  -0.14286   0.00000   0.14286   0.28572   0.42857 
<Band_DFT>  Eigen, time=0.138840
<Band_DFT>  DM, time=0.211418
    1   Ni  MulP 9.22 8.78 sum 18.00 diff  0.44 (  0.02  44.98)  Ml 0.04 (  0.64  45.00)  Ml+s 0.48 (  0.07  44.99)
 Sum of MulP: up   =     9.21925 down          =     8.78075
              total=    18.00000 ideal(neutral)=    18.00000
<DFT>  Total Spin Moment    (muB)  0.438490695   Angles    0.019258059    44.982653312
<DFT>  Total Orbital Moment (muB)  0.037939163   Angles    0.643339411    44.996170216
<DFT>  Total Moment         (muB)  0.476427787   Angles    0.068954276    44.992695719
<DFT>  Mixing_weight= 0.001000000000
<DFT>  Uele   =  -26.497529112269  dUele     =   0.016690188171
<DFT>  NormRD =    0.002869039722  Criterion =   0.000000010000

******************* MD= 1  SCF=111 *******************
<Poisson>  Poisson's equation using FFT...
<Set_Hamiltonian>  Hamiltonian matrix for VNA+dVH+Vxc...
<Band>  Solving the eigenvalue problem...
 KGrids1:  -0.42857  -0.28571  -0.14286   0.00000   0.14286   0.28572   0.42857 
 KGrids2:  -0.42857  -0.28572  -0.14286  -0.00000   0.14286   0.28571   0.42857 
 KGrids3:  -0.42857  -0.28571  -0.14286   0.00000   0.14286   0.28572   0.42857 
<Band_DFT>  Eigen, time=0.138659
<Band_DFT>  DM, time=0.211851
    1   Ni  MulP 9.22 8.78 sum 18.00 diff  0.44 (  0.02  44.98)  Ml 0.04 (  0.62  44.99)  Ml+s 0.48 (  0.07  44.99)
 Sum of MulP: up   =     9.22011 down          =     8.77989
              total=    18.00000 ideal(neutral)=    18.00000
<DFT>  Total Spin Moment    (muB)  0.440217981   Angles    0.018965757    44.982118235
<DFT>  Total Orbital Moment (muB)  0.038070054   Angles    0.623371263    44.994974903
<DFT>  Total Moment         (muB)  0.478286085   Angles    0.067073629    44.991628896
<DFT>  Mixing_weight= 0.001000000000
<DFT>  Uele   =  -26.498195692810  dUele     =   0.000666580541
<DFT>  NormRD =    0.001888461653  Criterion =   0.000000010000

******************* MD= 1  SCF=112 *******************
<Poisson>  Poisson's equation using FFT...
<Set_Hamiltonian>  Hamiltonian matrix for VNA+dVH+Vxc...
<Band>  Solving the eigenvalue problem...
 KGrids1:  -0.42857  -0.28571  -0.14286   0.00000   0.14286   0.28572   0.42857 
 KGrids2:  -0.42857  -0.28572  -0.14286  -0.00000   0.14286   0.28571   0.42857 
 KGrids3:  -0.42857  -0.28571  -0.14286   0.00000   0.14286   0.28572   0.42857 
<Band_DFT>  Eigen, time=0.138564
<Band_DFT>  DM, time=0.211785
    1   Ni  MulP 9.22 8.78 sum 18.00 diff  0.45 (  0.02  44.98)  Ml 0.04 (  0.55  45.00)  Ml+s 0.49 (  0.06  44.99)
 Sum of MulP: up   =     9.22426 down          =     8.77574
              total=    18.00000 ideal(neutral)=    18.00000
<DFT>  Total Spin Moment    (muB)  0.448515659   Angles    0.018723610    44.982634512
<DFT>  Total Orbital Moment (muB)  0.038694207   Angles    0.553477656    44.999654502
<DFT>  Total Moment         (muB)  0.487208315   Angles    0.061193298    44.994860392
<DFT>  Mixing_weight= 0.001000000000
<DFT>  Uele   =  -26.500643072138  dUele     =   0.002447379329
<DFT>  NormRD =    0.002019919455  Criterion =   0.000000010000

******************* MD= 1  SCF=113 *******************
<Poisson>  Poisson's equation using FFT...
<Set_Hamiltonian>  Hamiltonian matrix for VNA+dVH+Vxc...
<Band>  Solving the eigenvalue problem...
 KGrids1:  -0.42857  -0.28571  -0.14286   0.00000   0.14286   0.28572   0.42857 
 KGrids2:  -0.42857  -0.28572  -0.14286  -0.00000   0.14286   0.28571   0.42857 
 KGrids3:  -0.42857  -0.28571  -0.14286   0.00000   0.14286   0.28572   0.42857 
<Band_DFT>  Eigen, time=0.138565
<Band_DFT>  DM, time=0.211699
    1   Ni  MulP 9.23 8.77 sum 18.00 diff  0.45 (  0.02  44.98)  Ml 0.04 (  0.54  45.00)  Ml+s 0.49 (  0.06  45.00)
 Sum of MulP: up   =     9.22568 down          =     8.77432
              total=    18.00000 ideal(neutral)=    18.00000
<DFT>  Total Spin Moment    (muB)  0.451362440   Angles    0.015050882    44.979723700
<DFT>  Total Orbital Moment (muB)  0.038906186   Angles    0.536398089    45.000599757
<DFT>  Total Moment         (muB)  0.490267143   Angles    0.056422925    44.995472943
<DFT>  Mixing_weight= 0.001000000000
<DFT>  Uele   =  -26.501292810001  dUele     =   0.000649737863
<DFT>  NormRD =    0.002540310192  Criterion =   0.000000010000

******************* MD= 1  SCF=114 *******************
<Poisson>  Poisson's equation using FFT...
<Set_Hamiltonian>  Hamiltonian matrix for VNA+dVH+Vxc...
<Band>  Solving the eigenvalue problem...
 KGrids1:  -0.42857  -0.28571  -0.14286   0.00000   0.14286   0.28572   0.42857 
 KGrids2:  -0.42857  -0.28572  -0.14286  -0.00000   0.14286   0.28571   0.42857 
 KGrids3:  -0.42857  -0.28571  -0.14286   0.00000   0.14286   0.28572   0.42857 
<Band_DFT>  Eigen, time=0.140414
<Band_DFT>  DM, time=0.211478
    1   Ni  MulP 9.23 8.77 sum 18.00 diff  0.45 (  0.02  44.98)  Ml 0.04 (  0.53  45.00)  Ml+s 0.49 (  0.06  44.99)
 Sum of MulP: up   =     9.22606 down          =     8.77394
              total=    18.00000 ideal(neutral)=    18.00000
<DFT>  Total Spin Moment    (muB)  0.452114674   Angles    0.015040621    44.980185665
<DFT>  Total Orbital Moment (muB)  0.038962990   Angles    0.531953614    44.997759285
<DFT>  Total Moment         (muB)  0.491076204   Angles    0.056053001    44.993417904
<DFT>  Mixing_weight= 0.001000000000
<DFT>  Uele   =  -26.501521737072  dUele     =   0.000228927071
<DFT>  NormRD =    0.002672716271  Criterion =   0.000000010000

******************* MD= 1  SCF=115 *******************
<Poisson>  Poisson's equation using FFT...
<Set_Hamiltonian>  Hamiltonian matrix for VNA+dVH+Vxc...
<Band>  Solving the eigenvalue problem...
 KGrids1:  -0.42857  -0.28571  -0.14286   0.00000   0.14286   0.28572   0.42857 
 KGrids2:  -0.42857  -0.28572  -0.14286  -0.00000   0.14286   0.28571   0.42857 
 KGrids3:  -0.42857  -0.28571  -0.14286   0.00000   0.14286   0.28572   0.42857 
<Band_DFT>  Eigen, time=0.140736
<Band_DFT>  DM, time=0.211389
    1   Ni  MulP 9.23 8.77 sum 18.00 diff  0.46 (  0.02  44.99)  Ml 0.04 (  0.49  45.01)  Ml+s 0.50 (  0.05  45.00)
 Sum of MulP: up   =     9.22911 down          =     8.77089
              total=    18.00000 ideal(neutral)=    18.00000
<DFT>  Total Spin Moment    (muB)  0.458229831   Angles    0.017922729    44.988609078
<DFT>  Total Orbital Moment (muB)  0.039410665   Angles    0.485132576    45.007542965
<DFT>  Total Moment         (muB)  0.497639290   Angles    0.054923119    45.001853683
<DFT>  Mixing_weight= 0.001000000000
<DFT>  Uele   =  -26.502984470119  dUele     =   0.001462733047
<DFT>  NormRD =    0.002694091526  Criterion =   0.000000010000

******************* MD= 1  SCF=116 *******************
<Poisson>  Poisson's equation using FFT...
<Set_Hamiltonian>  Hamiltonian matrix for VNA+dVH+Vxc...
<Band>  Solving the eigenvalue problem...
 KGrids1:  -0.42857  -0.28571  -0.14286   0.00000   0.14286   0.28572   0.42857 
 KGrids2:  -0.42857  -0.28572  -0.14286  -0.00000   0.14286   0.28571   0.42857 
 KGrids3:  -0.42857  -0.28571  -0.14286   0.00000   0.14286   0.28572   0.42857 
<Band_DFT>  Eigen, time=0.138696
<Band_DFT>  DM, time=0.211501
    1   Ni  MulP 9.23 8.77 sum 18.00 diff  0.45 (  0.01  44.97)  Ml 0.04 (  0.54  44.98)  Ml+s 0.49 (  0.05  44.98)
 Sum of MulP: up   =     9.22620 down          =     8.77380
              total=    18.00000 ideal(neutral)=    18.00000
<DFT>  Total Spin Moment    (muB)  0.452399721   Angles    0.011795620    44.968231689
<DFT>  Total Orbital Moment (muB)  0.038978080   Angles    0.540938309    44.977480034
<DFT>  Total Moment         (muB)  0.491376271   Angles    0.053768901    44.975612099
<DFT>  Mixing_weight= 0.001000000000
<DFT>  Uele   =  -26.501455561559  dUele     =   0.001528908559
<DFT>  NormRD =    0.002921533354  Criterion =   0.000000010000

******************* MD= 1  SCF=117 *******************
<Poisson>  Poisson's equation using FFT...
<Set_Hamiltonian>  Hamiltonian matrix for VNA+dVH+Vxc...
<Band>  Solving the eigenvalue problem...
 KGrids1:  -0.42857  -0.28571  -0.14286   0.00000   0.14286   0.28572   0.42857 
 KGrids2:  -0.42857  -0.28572  -0.14286  -0.00000   0.14286   0.28571   0.42857 
 KGrids3:  -0.42857  -0.28571  -0.14286   0.00000   0.14286   0.28572   0.42857 
<Band_DFT>  Eigen, time=0.140150
<Band_DFT>  DM, time=0.211797
    1   Ni  MulP 9.22 8.78 sum 18.00 diff  0.44 (  0.04  44.99)  Ml 0.04 (  0.60  44.99)  Ml+s 0.48 (  0.09  44.99)
 Sum of MulP: up   =     9.22091 down          =     8.77909
              total=    18.00000 ideal(neutral)=    18.00000
<DFT>  Total Spin Moment    (muB)  0.441824782   Angles    0.041790681    44.994117390
<DFT>  Total Orbital Moment (muB)  0.038171366   Angles    0.604023148    44.993882209
<DFT>  Total Moment         (muB)  0.479994457   Angles    0.086501278    44.993986795
<DFT>  Mixing_weight= 0.001000000000
<DFT>  Uele   =  -26.498648731999  dUele     =   0.002806829560
<DFT>  NormRD =    0.002801005189  Criterion =   0.000000010000

******************* MD= 1  SCF=118 *******************
<Poisson>  Poisson's equation using FFT...
<Set_Hamiltonian>  Hamiltonian matrix for VNA+dVH+Vxc...
<Band>  Solving the eigenvalue problem...
 KGrids1:  -0.42857  -0.28571  -0.14286   0.00000   0.14286   0.28572   0.42857 
 KGrids2:  -0.42857  -0.28572  -0.14286  -0.00000   0.14286   0.28571   0.42857 
 KGrids3:  -0.42857  -0.28571  -0.14286   0.00000   0.14286   0.28572   0.42857 
<Band_DFT>  Eigen, time=0.140589
<Band_DFT>  DM, time=0.211179
    1   Ni  MulP 9.22 8.78 sum 18.00 diff  0.43 (  0.07  45.00)  Ml 0.04 (  0.69  44.98)  Ml+s 0.47 (  0.12  44.99)
 Sum of MulP: up   =     9.21638 down          =     8.78362
              total=    18.00000 ideal(neutral)=    18.00000
<DFT>  Total Spin Moment    (muB)  0.432766293   Angles    0.065462821    44.996747418
<DFT>  Total Orbital Moment (muB)  0.037453541   Angles    0.689662059    44.981461734
<DFT>  Total Moment         (muB)  0.470217789   Angles    0.115180234    44.989457429
<DFT>  Mixing_weight= 0.001000000000
<DFT>  Uele   =  -26.494829666014  dUele     =   0.003819065985
<DFT>  NormRD =    0.002340630356  Criterion =   0.000000010000

******************* MD= 1  SCF=119 *******************
<Poisson>  Poisson's equation using FFT...
<Set_Hamiltonian>  Hamiltonian matrix for VNA+dVH+Vxc...
<Band>  Solving the eigenvalue problem...
 KGrids1:  -0.42857  -0.28571  -0.14286   0.00000   0.14286   0.28572   0.42857 
 KGrids2:  -0.42857  -0.28572  -0.14286  -0.00000   0.14286   0.28571   0.42857 
 KGrids3:  -0.42857  -0.28571  -0.14286   0.00000   0.14286   0.28572   0.42857 
<Band_DFT>  Eigen, time=0.138488
<Band_DFT>  DM, time=0.211484
    1   Ni  MulP 9.24 8.76 sum 18.00 diff  0.48 (  0.00  44.83)  Ml 0.04 (  0.26  44.92)  Ml+s 0.52 (  0.02  44.91)
 Sum of MulP: up   =     9.24116 down          =     8.75884
              total=    18.00000 ideal(neutral)=    18.00000
<DFT>  Total Spin Moment    (muB)  0.482318811   Angles    0.002999409    44.828186161
<DFT>  Total Orbital Moment (muB)  0.041108291   Angles    0.257131404    44.920600982
<DFT>  Total Moment         (muB)  0.523426729   Angles    0.022958069    44.909475469
<DFT>  Mixing_weight= 0.001000000000
<DFT>  Uele   =  -26.506496582670  dUele     =   0.011666916656
<DFT>  NormRD =    0.001849888313  Criterion =   0.000000010000

******************* MD= 1  SCF=120 *******************
<Poisson>  Poisson's equation using FFT...
<Set_Hamiltonian>  Hamiltonian matrix for VNA+dVH+Vxc...
<Band>  Solving the eigenvalue problem...
 KGrids1:  -0.42857  -0.28571  -0.14286   0.00000   0.14286   0.28572   0.42857 
 KGrids2:  -0.42857  -0.28572  -0.14286  -0.00000   0.14286   0.28571   0.42857 
 KGrids3:  -0.42857  -0.28571  -0.14286   0.00000   0.14286   0.28572   0.42857 
<Band_DFT>  Eigen, time=0.140402
<Band_DFT>  DM, time=0.211115
    1   Ni  MulP 9.25 8.75 sum 18.00 diff  0.51 (  0.01 225.05)  Ml 0.04 (  0.13  44.82)  Ml+s 0.55 (  0.00  43.90)
 Sum of MulP: up   =     9.25314 down          =     8.74686
              total=    18.00000 ideal(neutral)=    18.00000
<DFT>  Total Spin Moment    (muB)  0.506279155   Angles    0.009121972   225.053309816
<DFT>  Total Orbital Moment (muB)  0.042813727   Angles    0.134932236    44.822939104
<DFT>  Total Moment         (muB)  0.549092757   Angles    0.002110515    43.904840679
<DFT>  Mixing_weight= 0.001000000000
<DFT>  Uele   =  -26.510515084766  dUele     =   0.004018502095
<DFT>  NormRD =    0.003365979668  Criterion =   0.000000010000

******************* MD= 1  SCF=121 *******************
<Poisson>  Poisson's equation using FFT...
<Set_Hamiltonian>  Hamiltonian matrix for VNA+dVH+Vxc...
<Band>  Solving the eigenvalue problem...
 KGrids1:  -0.42857  -0.28571  -0.14286   0.00000   0.14286   0.28572   0.42857 
 KGrids2:  -0.42857  -0.28572  -0.14286  -0.00000   0.14286   0.28571   0.42857 
 KGrids3:  -0.42857  -0.28571  -0.14286   0.00000   0.14286   0.28572   0.42857 
<Band_DFT>  Eigen, time=0.140644
<Band_DFT>  DM, time=0.211394
    1   Ni  MulP 9.24 8.76 sum 18.00 diff  0.48 (  0.03  45.00)  Ml 0.04 (  0.35  45.00)  Ml+s 0.52 (  0.06  45.00)
 Sum of MulP: up   =     9.23880 down          =     8.76120
              total=    18.00000 ideal(neutral)=    18.00000
<DFT>  Total Spin Moment    (muB)  0.477605711   Angles    0.031441788    44.999726701
<DFT>  Total Orbital Moment (muB)  0.040803096   Angles    0.350819974    44.998895289
<DFT>  Total Moment         (muB)  0.518408223   Angles    0.056579413    44.999320949
<DFT>  Mixing_weight= 0.001000000000
<DFT>  Uele   =  -26.506351188410  dUele     =   0.004163896356
<DFT>  NormRD =    0.003038776113  Criterion =   0.000000010000

******************* MD= 1  SCF=122 *******************
<Poisson>  Poisson's equation using FFT...
<Set_Hamiltonian>  Hamiltonian matrix for VNA+dVH+Vxc...
<Band>  Solving the eigenvalue problem...
 KGrids1:  -0.42857  -0.28571  -0.14286   0.00000   0.14286   0.28572   0.42857 
 KGrids2:  -0.42857  -0.28572  -0.14286  -0.00000   0.14286   0.28571   0.42857 
 KGrids3:  -0.42857  -0.28571  -0.14286   0.00000   0.14286   0.28572   0.42857 
<Band_DFT>  Eigen, time=0.138324
<Band_DFT>  DM, time=0.211291
    1   Ni  MulP 9.24 8.76 sum 18.00 diff  0.49 (  0.02 225.03)  Ml 0.04 (  0.32  44.90)  Ml+s 0.53 (  0.00  43.95)
 Sum of MulP: up   =     9.24290 down          =     8.75710
              total=    18.00000 ideal(neutral)=    18.00000
<DFT>  Total Spin Moment    (muB)  0.485803169   Angles    0.023697382   225.029383198
<DFT>  Total Orbital Moment (muB)  0.041408057   Angles    0.316100236    44.899253055
<DFT>  Total Moment         (muB)  0.527210555   Angles    0.002991240    43.949254944
<DFT>  Mixing_weight= 0.001000000000
<DFT>  Uele   =  -26.507115011801  dUele     =   0.000763823392
<DFT>  NormRD =    0.003243715582  Criterion =   0.000000010000

******************* MD= 1  SCF=123 *******************
<Poisson>  Poisson's equation using FFT...
<Set_Hamiltonian>  Hamiltonian matrix for VNA+dVH+Vxc...
<Band>  Solving the eigenvalue problem...
 KGrids1:  -0.42857  -0.28571  -0.14286   0.00000   0.14286   0.28572   0.42857 
 KGrids2:  -0.42857  -0.28572  -0.14286  -0.00000   0.14286   0.28571   0.42857 
 KGrids3:  -0.42857  -0.28571  -0.14286   0.00000   0.14286   0.28572   0.42857 
<Band_DFT>  Eigen, time=0.140939
<Band_DFT>  DM, time=0.210981
    1   Ni  MulP 9.24 8.76 sum 18.00 diff  0.48 (  0.01 225.01)  Ml 0.04 (  0.37  45.06)  Ml+s 0.52 (  0.02  45.10)
 Sum of MulP: up   =     9.23817 down          =     8.76183
              total=    18.00000 ideal(neutral)=    18.00000
<DFT>  Total Spin Moment    (muB)  0.476334180   Angles    0.014811556   225.009017921
<DFT>  Total Orbital Moment (muB)  0.040733259   Angles    0.365973686    45.056965386
<DFT>  Total Moment         (muB)  0.517066610   Angles    0.015185576    45.100047827
<DFT>  Mixing_weight= 0.001000000000
<DFT>  Uele   =  -26.505623493073  dUele     =   0.001491518728
<DFT>  NormRD =    0.002952898138  Criterion =   0.000000010000

******************* MD= 1  SCF=124 *******************
<Poisson>  Poisson's equation using FFT...
<Set_Hamiltonian>  Hamiltonian matrix for VNA+dVH+Vxc...
<Band>  Solving the eigenvalue problem...
 KGrids1:  -0.42857  -0.28571  -0.14286   0.00000   0.14286   0.28572   0.42857 
 KGrids2:  -0.42857  -0.28572  -0.14286  -0.00000   0.14286   0.28571   0.42857 
 KGrids3:  -0.42857  -0.28571  -0.14286   0.00000   0.14286   0.28572   0.42857 
<Band_DFT>  Eigen, time=0.140058
<Band_DFT>  DM, time=0.211447
    1   Ni  MulP 9.24 8.76 sum 18.00 diff  0.48 (  0.03 225.02)  Ml 0.04 (  0.33  44.99)  Ml+s 0.52 (  0.00  44.62)
 Sum of MulP: up   =     9.23989 down          =     8.76011
              total=    18.00000 ideal(neutral)=    18.00000
<DFT>  Total Spin Moment    (muB)  0.479771918   Angles    0.026102868   225.019148323
<DFT>  Total Orbital Moment (muB)  0.040974770   Angles    0.326200504    44.993877174
<DFT>  Total Moment         (muB)  0.520745975   Angles    0.001617900    44.618235745
<DFT>  Mixing_weight= 0.001000000000
<DFT>  Uele   =  -26.506122159589  dUele     =   0.000498666516
<DFT>  NormRD =    0.002947510665  Criterion =   0.000000010000

******************* MD= 1  SCF=125 *******************
<Poisson>  Poisson's equation using FFT...
<Set_Hamiltonian>  Hamiltonian matrix for VNA+dVH+Vxc...
<Band>  Solving the eigenvalue problem...
 KGrids1:  -0.42857  -0.28571  -0.14286   0.00000   0.14286   0.28572   0.42857 
 KGrids2:  -0.42857  -0.28572  -0.14286  -0.00000   0.14286   0.28571   0.42857 
 KGrids3:  -0.42857  -0.28571  -0.14286   0.00000   0.14286   0.28572   0.42857 
<Band_DFT>  Eigen, time=0.138558
<Band_DFT>  DM, time=0.211435
    1   Ni  MulP 9.22 8.78 sum 18.00 diff  0.44 (  0.02  44.98)  Ml 0.04 (  0.65  45.00)  Ml+s 0.48 (  0.07  44.99)
 Sum of MulP: up   =     9.21890 down          =     8.78110
              total=    18.00000 ideal(neutral)=    18.00000
<DFT>  Total Spin Moment    (muB)  0.437802382   Angles    0.023136795    44.984888325
<DFT>  Total Orbital Moment (muB)  0.037902158   Angles    0.651601963    44.998046626
<DFT>  Total Moment         (muB)  0.475702441   Angles    0.073209507    44.994219451
<DFT>  Mixing_weight= 0.001000000000
<DFT>  Uele   =  -26.497281752228  dUele     =   0.008840407361
<DFT>  NormRD =    0.002924179970  Criterion =   0.000000010000

******************* MD= 1  SCF=126 *******************
<Poisson>  Poisson's equation using FFT...
<Set_Hamiltonian>  Hamiltonian matrix for VNA+dVH+Vxc...
<Band>  Solving the eigenvalue problem...
 KGrids1:  -0.42857  -0.28571  -0.14286   0.00000   0.14286   0.28572   0.42857 
 KGrids2:  -0.42857  -0.28572  -0.14286  -0.00000   0.14286   0.28571   0.42857 
 KGrids3:  -0.42857  -0.28571  -0.14286   0.00000   0.14286   0.28572   0.42857 
<Band_DFT>  Eigen, time=0.138255
<Band_DFT>  DM, time=0.211566
    1   Ni  MulP 9.22 8.78 sum 18.00 diff  0.43 (  0.03  44.99)  Ml 0.04 (  0.70  44.99)  Ml+s 0.47 (  0.09  44.99)
 Sum of MulP: up   =     9.21669 down          =     8.78331
              total=    18.00000 ideal(neutral)=    18.00000
<DFT>  Total Spin Moment    (muB)  0.433385237   Angles    0.032045117    44.988043789
<DFT>  Total Orbital Moment (muB)  0.037557744   Angles    0.703763624    44.992154455
<DFT>  Total Moment         (muB)  0.470940606   Angles    0.085613778    44.990738536
<DFT>  Mixing_weight= 0.001000000000
<DFT>  Uele   =  -26.495228964091  dUele     =   0.002052788137
<DFT>  NormRD =    0.001645809485  Criterion =   0.000000010000

******************* MD= 1  SCF=127 *******************
<Poisson>  Poisson's equation using FFT...
<Set_Hamiltonian>  Hamiltonian matrix for VNA+dVH+Vxc...
<Band>  Solving the eigenvalue problem...
 KGrids1:  -0.42857  -0.28571  -0.14286   0.00000   0.14286   0.28572   0.42857 
 KGrids2:  -0.42857  -0.28572  -0.14286  -0.00000   0.14286   0.28571   0.42857 
 KGrids3:  -0.42857  -0.28571  -0.14286   0.00000   0.14286   0.28572   0.42857 
<Band_DFT>  Eigen, time=0.138390
<Band_DFT>  DM, time=0.211332
    1   Ni  MulP 9.22 8.78 sum 18.00 diff  0.43 (  0.03  44.99)  Ml 0.04 (  0.71  44.99)  Ml+s 0.47 (  0.09  44.99)
 Sum of MulP: up   =     9.21655 down          =     8.78345
              total=    18.00000 ideal(neutral)=    18.00000
<DFT>  Total Spin Moment    (muB)  0.433107521   Angles    0.031967461    44.987914560
<DFT>  Total Orbital Moment (muB)  0.037535209   Angles    0.705827728    44.994448826
<DFT>  Total Moment         (muB)  0.470640340   Angles    0.085708937    44.992206052
<DFT>  Mixing_weight= 0.001000000000
<DFT>  Uele   =  -26.495077966404  dUele     =   0.000150997688
<DFT>  NormRD =    0.001456405522  Criterion =   0.000000010000

******************* MD= 1  SCF=128 *******************
<Poisson>  Poisson's equation using FFT...
<Set_Hamiltonian>  Hamiltonian matrix for VNA+dVH+Vxc...
<Band>  Solving the eigenvalue problem...
 KGrids1:  -0.42857  -0.28571  -0.14286   0.00000   0.14286   0.28572   0.42857 
 KGrids2:  -0.42857  -0.28572  -0.14286  -0.00000   0.14286   0.28571   0.42857 
 KGrids3:  -0.42857  -0.28571  -0.14286   0.00000   0.14286   0.28572   0.42857 
<Band_DFT>  Eigen, time=0.138685
<Band_DFT>  DM, time=0.211284
    1   Ni  MulP 9.22 8.78 sum 18.00 diff  0.43 (  0.03  44.99)  Ml 0.04 (  0.71  45.00)  Ml+s 0.47 (  0.09  45.00)
 Sum of MulP: up   =     9.21616 down          =     8.78384
              total=    18.00000 ideal(neutral)=    18.00000
<DFT>  Total Spin Moment    (muB)  0.432329528   Angles    0.034981181    44.994018770
<DFT>  Total Orbital Moment (muB)  0.037469164   Angles    0.705962241    45.002118043
<DFT>  Total Moment         (muB)  0.469796327   Angles    0.088494856    44.999171805
<DFT>  Mixing_weight= 0.001000000000
<DFT>  Uele   =  -26.494630036368  dUele     =   0.000447930036
<DFT>  NormRD =    0.001461695692  Criterion =   0.000000010000

******************* MD= 1  SCF=129 *******************
<Poisson>  Poisson's equation using FFT...
<Set_Hamiltonian>  Hamiltonian matrix for VNA+dVH+Vxc...
<Band>  Solving the eigenvalue problem...
 KGrids1:  -0.42857  -0.28571  -0.14286   0.00000   0.14286   0.28572   0.42857 
 KGrids2:  -0.42857  -0.28572  -0.14286  -0.00000   0.14286   0.28571   0.42857 
 KGrids3:  -0.42857  -0.28571  -0.14286   0.00000   0.14286   0.28572   0.42857 
<Band_DFT>  Eigen, time=0.138301
<Band_DFT>  DM, time=0.211654
    1   Ni  MulP 9.28 8.72 sum 18.00 diff  0.56 (  0.00 223.97)  Ml 0.05 (  0.16 225.00)  Ml+s 0.61 (  0.01 224.95)
 Sum of MulP: up   =     9.28231 down          =     8.71769
              total=    18.00000 ideal(neutral)=    18.00000
<DFT>  Total Spin Moment    (muB)  0.564614216   Angles    0.000680258   223.968571394
<DFT>  Total Orbital Moment (muB)  0.046709360   Angles    0.156301957   225.002015219
<DFT>  Total Moment         (muB)  0.611323417   Angles    0.012570727   224.950366728
<DFT>  Mixing_weight= 0.001000000000
<DFT>  Uele   =  -26.519529502158  dUele     =   0.024899465790
<DFT>  NormRD =    0.001480127688  Criterion =   0.000000010000

******************* MD= 1  SCF=130 *******************
<Poisson>  Poisson's equation using FFT...
<Set_Hamiltonian>  Hamiltonian matrix for VNA+dVH+Vxc...
<Band>  Solving the eigenvalue problem...
 KGrids1:  -0.42857  -0.28571  -0.14286   0.00000   0.14286   0.28572   0.42857 
 KGrids2:  -0.42857  -0.28572  -0.14286  -0.00000   0.14286   0.28571   0.42857 
 KGrids3:  -0.42857  -0.28571  -0.14286   0.00000   0.14286   0.28572   0.42857 
<Band_DFT>  Eigen, time=0.138456
<Band_DFT>  DM, time=0.211369
    1   Ni  MulP 9.30 8.70 sum 18.00 diff  0.60 (  0.03 225.00)  Ml 0.05 (  0.17 224.65)  Ml+s 0.65 (  0.04 224.89)
 Sum of MulP: up   =     9.29919 down          =     8.70081
              total=    18.00000 ideal(neutral)=    18.00000
<DFT>  Total Spin Moment    (muB)  0.598370299   Angles    0.028722733   224.999544165
<DFT>  Total Orbital Moment (muB)  0.048822821   Angles    0.170343261   224.654256966
<DFT>  Total Moment         (muB)  0.647192982   Angles    0.039406108   224.886946857
<DFT>  Mixing_weight= 0.001000000000
<DFT>  Uele   =  -26.524290709996  dUele     =   0.004761207838
<DFT>  NormRD =    0.002523699753  Criterion =   0.000000010000

******************* MD= 1  SCF=131 *******************
<Poisson>  Poisson's equation using FFT...
<Set_Hamiltonian>  Hamiltonian matrix for VNA+dVH+Vxc...
<Band>  Solving the eigenvalue problem...
 KGrids1:  -0.42857  -0.28571  -0.14286   0.00000   0.14286   0.28572   0.42857 
 KGrids2:  -0.42857  -0.28572  -0.14286  -0.00000   0.14286   0.28571   0.42857 
 KGrids3:  -0.42857  -0.28571  -0.14286   0.00000   0.14286   0.28572   0.42857 
<Band_DFT>  Eigen, time=0.139404
<Band_DFT>  DM, time=0.212590
    1   Ni  MulP 9.30 8.70 sum 18.00 diff  0.61 (  0.05 225.01)  Ml 0.05 (  0.17 224.81)  Ml+s 0.66 (  0.05 224.96)
 Sum of MulP: up   =     9.30308 down          =     8.69692
              total=    18.00000 ideal(neutral)=    18.00000
<DFT>  Total Spin Moment    (muB)  0.606165000   Angles    0.045240300   225.005557037
<DFT>  Total Orbital Moment (muB)  0.049290834   Angles    0.173525755   224.811826000
<DFT>  Total Moment         (muB)  0.655455720   Angles    0.054887412   224.959498321
<DFT>  Mixing_weight= 0.001000000000
<DFT>  Uele   =  -26.525678460419  dUele     =   0.001387750423
<DFT>  NormRD =    0.002283510867  Criterion =   0.000000010000

******************* MD= 1  SCF=132 *******************
<Poisson>  Poisson's equation using FFT...
<Set_Hamiltonian>  Hamiltonian matrix for VNA+dVH+Vxc...
<Band>  Solving the eigenvalue problem...
 KGrids1:  -0.42857  -0.28571  -0.14286   0.00000   0.14286   0.28572   0.42857 
 KGrids2:  -0.42857  -0.28572  -0.14286  -0.00000   0.14286   0.28571   0.42857 
 KGrids3:  -0.42857  -0.28571  -0.14286   0.00000   0.14286   0.28572   0.42857 
<Band_DFT>  Eigen, time=0.138308
<Band_DFT>  DM, time=0.211674
    1   Ni  MulP 9.31 8.69 sum 18.00 diff  0.62 (  0.05 225.01)  Ml 0.05 (  0.16 224.97)  Ml+s 0.67 (  0.06 225.00)
 Sum of MulP: up   =     9.31119 down          =     8.68881
              total=    18.00000 ideal(neutral)=    18.00000
<DFT>  Total Spin Moment    (muB)  0.622381673   Angles    0.051752837   225.008082916
<DFT>  Total Orbital Moment (muB)  0.050253838   Angles    0.164234820   224.970349173
<DFT>  Total Moment         (muB)  0.672635422   Angles    0.060156567   225.000386278
<DFT>  Mixing_weight= 0.001000000000
<DFT>  Uele   =  -26.528367663064  dUele     =   0.002689202645
<DFT>  NormRD =    0.002291319082  Criterion =   0.000000010000

******************* MD= 1  SCF=133 *******************
<Poisson>  Poisson's equation using FFT...
<Set_Hamiltonian>  Hamiltonian matrix for VNA+dVH+Vxc...
<Band>  Solving the eigenvalue problem...
 KGrids1:  -0.42857  -0.28571  -0.14286   0.00000   0.14286   0.28572   0.42857 
 KGrids2:  -0.42857  -0.28572  -0.14286  -0.00000   0.14286   0.28571   0.42857 
 KGrids3:  -0.42857  -0.28571  -0.14286   0.00000   0.14286   0.28572   0.42857 
<Band_DFT>  Eigen, time=0.138424
<Band_DFT>  DM, time=0.211335
    1   Ni  MulP 9.31 8.69 sum 18.00 diff  0.63 (  0.05 225.01)  Ml 0.05 (  0.17 224.99)  Ml+s 0.68 (  0.06 225.00)
 Sum of MulP: up   =     9.31470 down          =     8.68530
              total=    18.00000 ideal(neutral)=    18.00000
<DFT>  Total Spin Moment    (muB)  0.629397284   Angles    0.050669819   225.005681737
<DFT>  Total Orbital Moment (muB)  0.050667147   Angles    0.165451272   224.985909432
<DFT>  Total Moment         (muB)  0.680064337   Angles    0.059221428   225.001566220
<DFT>  Mixing_weight= 0.001000000000
<DFT>  Uele   =  -26.529646746625  dUele     =   0.001279083561
<DFT>  NormRD =    0.002363587408  Criterion =   0.000000010000

******************* MD= 1  SCF=134 *******************
<Poisson>  Poisson's equation using FFT...
<Set_Hamiltonian>  Hamiltonian matrix for VNA+dVH+Vxc...
<Band>  Solving the eigenvalue problem...
 KGrids1:  -0.42857  -0.28571  -0.14286   0.00000   0.14286   0.28572   0.42857 
 KGrids2:  -0.42857  -0.28572  -0.14286  -0.00000   0.14286   0.28571   0.42857 
 KGrids3:  -0.42857  -0.28571  -0.14286   0.00000   0.14286   0.28572   0.42857 
<Band_DFT>  Eigen, time=0.140001
<Band_DFT>  DM, time=0.211633
    1   Ni  MulP 9.31 8.69 sum 18.00 diff  0.63 (  0.05 225.00)  Ml 0.05 (  0.16 224.95)  Ml+s 0.68 (  0.06 224.99)
 Sum of MulP: up   =     9.31333 down          =     8.68667
              total=    18.00000 ideal(neutral)=    18.00000
<DFT>  Total Spin Moment    (muB)  0.626652290   Angles    0.049756067   225.004548280
<DFT>  Total Orbital Moment (muB)  0.050507232   Angles    0.164751577   224.949029677
<DFT>  Total Moment         (muB)  0.677159428   Angles    0.058333217   224.992852903
<DFT>  Mixing_weight= 0.001000000000
<DFT>  Uele   =  -26.529208578063  dUele     =   0.000438168562
<DFT>  NormRD =    0.002274136791  Criterion =   0.000000010000

******************* MD= 1  SCF=135 *******************
<Poisson>  Poisson's equation using FFT...
<Set_Hamiltonian>  Hamiltonian matrix for VNA+dVH+Vxc...
<Band>  Solving the eigenvalue problem...
 KGrids1:  -0.42857  -0.28571  -0.14286   0.00000   0.14286   0.28572   0.42857 
 KGrids2:  -0.42857  -0.28572  -0.14286  -0.00000   0.14286   0.28571   0.42857 
 KGrids3:  -0.42857  -0.28571  -0.14286   0.00000   0.14286   0.28572   0.42857 
<Band_DFT>  Eigen, time=0.138255
<Band_DFT>  DM, time=0.211571
    1   Ni  MulP 9.32 8.68 sum 18.00 diff  0.64 (  0.06 225.00)  Ml 0.05 (  0.16 224.90)  Ml+s 0.69 (  0.06 224.98)
 Sum of MulP: up   =     9.31995 down          =     8.68005
              total=    18.00000 ideal(neutral)=    18.00000
<DFT>  Total Spin Moment    (muB)  0.639906509   Angles    0.056463154   225.001720234
<DFT>  Total Orbital Moment (muB)  0.051270113   Angles    0.162817503   224.903833840
<DFT>  Total Moment         (muB)  0.691176540   Angles    0.064352291   224.983349184
<DFT>  Mixing_weight= 0.001000000000
<DFT>  Uele   =  -26.531410361003  dUele     =   0.002201782941
<DFT>  NormRD =    0.002273521819  Criterion =   0.000000010000

******************* MD= 1  SCF=136 *******************
<Poisson>  Poisson's equation using FFT...
<Set_Hamiltonian>  Hamiltonian matrix for VNA+dVH+Vxc...
<Band>  Solving the eigenvalue problem...
 KGrids1:  -0.42857  -0.28571  -0.14286   0.00000   0.14286   0.28572   0.42857 
 KGrids2:  -0.42857  -0.28572  -0.14286  -0.00000   0.14286   0.28571   0.42857 
 KGrids3:  -0.42857  -0.28571  -0.14286   0.00000   0.14286   0.28572   0.42857 
<Band_DFT>  Eigen, time=0.139941
<Band_DFT>  DM, time=0.211681
    1   Ni  MulP 9.32 8.68 sum 18.00 diff  0.64 (  0.06 225.00)  Ml 0.05 (  0.16 224.90)  Ml+s 0.69 (  0.06 224.98)
 Sum of MulP: up   =     9.31979 down          =     8.68021
              total=    18.00000 ideal(neutral)=    18.00000
<DFT>  Total Spin Moment    (muB)  0.639581026   Angles    0.056147342   225.002226883
<DFT>  Total Orbital Moment (muB)  0.051251725   Angles    0.162537285   224.902719217
<DFT>  Total Moment         (muB)  0.690832670   Angles    0.064040215   224.983490244
<DFT>  Mixing_weight= 0.001000000000
<DFT>  Uele   =  -26.531342916718  dUele     =   0.000067444286
<DFT>  NormRD =    0.002290641770  Criterion =   0.000000010000

******************* MD= 1  SCF=137 *******************
<Poisson>  Poisson's equation using FFT...
<Set_Hamiltonian>  Hamiltonian matrix for VNA+dVH+Vxc...
<Band>  Solving the eigenvalue problem...
 KGrids1:  -0.42857  -0.28571  -0.14286   0.00000   0.14286   0.28572   0.42857 
 KGrids2:  -0.42857  -0.28572  -0.14286  -0.00000   0.14286   0.28571   0.42857 
 KGrids3:  -0.42857  -0.28571  -0.14286   0.00000   0.14286   0.28572   0.42857 
<Band_DFT>  Eigen, time=0.138402
<Band_DFT>  DM, time=0.211433
    1   Ni  MulP 9.32 8.68 sum 18.00 diff  0.64 (  0.06 225.00)  Ml 0.05 (  0.16 224.86)  Ml+s 0.69 (  0.06 224.98)
 Sum of MulP: up   =     9.32173 down          =     8.67827
              total=    18.00000 ideal(neutral)=    18.00000
<DFT>  Total Spin Moment    (muB)  0.643455915   Angles    0.056763100   225.002079092
<DFT>  Total Orbital Moment (muB)  0.051473318   Angles    0.159743655   224.859133422
<DFT>  Total Moment         (muB)  0.694929156   Angles    0.064390823   224.975812038
<DFT>  Mixing_weight= 0.001000000000
<DFT>  Uele   =  -26.532053107767  dUele     =   0.000710191049
<DFT>  NormRD =    0.002284894829  Criterion =   0.000000010000

******************* MD= 1  SCF=138 *******************
<Poisson>  Poisson's equation using FFT...
<Set_Hamiltonian>  Hamiltonian matrix for VNA+dVH+Vxc...
<Band>  Solving the eigenvalue problem...
 KGrids1:  -0.42857  -0.28571  -0.14286   0.00000   0.14286   0.28572   0.42857 
 KGrids2:  -0.42857  -0.28572  -0.14286  -0.00000   0.14286   0.28571   0.42857 
 KGrids3:  -0.42857  -0.28571  -0.14286   0.00000   0.14286   0.28572   0.42857 
<Band_DFT>  Eigen, time=0.138247
<Band_DFT>  DM, time=0.211417
    1   Ni  MulP 9.33 8.67 sum 18.00 diff  0.65 (  0.06 225.00)  Ml 0.05 (  0.16 224.88)  Ml+s 0.71 (  0.07 224.98)
 Sum of MulP: up   =     9.32652 down          =     8.67348
              total=    18.00000 ideal(neutral)=    18.00000
<DFT>  Total Spin Moment    (muB)  0.653041257   Angles    0.059579095   225.003732539
<DFT>  Total Orbital Moment (muB)  0.052013987   Angles    0.160702987   224.879919198
<DFT>  Total Moment         (muB)  0.705055169   Angles    0.067039274   224.981836864
<DFT>  Mixing_weight= 0.001000000000
<DFT>  Uele   =  -26.533709287689  dUele     =   0.001656179923
<DFT>  NormRD =    0.002249755595  Criterion =   0.000000010000

******************* MD= 1  SCF=139 *******************
<Poisson>  Poisson's equation using FFT...
<Set_Hamiltonian>  Hamiltonian matrix for VNA+dVH+Vxc...
<Band>  Solving the eigenvalue problem...
 KGrids1:  -0.42857  -0.28571  -0.14286   0.00000   0.14286   0.28572   0.42857 
 KGrids2:  -0.42857  -0.28572  -0.14286  -0.00000   0.14286   0.28571   0.42857 
 KGrids3:  -0.42857  -0.28571  -0.14286   0.00000   0.14286   0.28572   0.42857 
<Band_DFT>  Eigen, time=0.138345
<Band_DFT>  DM, time=0.211454
    1   Ni  MulP 9.33 8.67 sum 18.00 diff  0.66 (  0.06 225.00)  Ml 0.05 (  0.17 224.86)  Ml+s 0.71 (  0.07 224.98)
 Sum of MulP: up   =     9.33120 down          =     8.66880
              total=    18.00000 ideal(neutral)=    18.00000
<DFT>  Total Spin Moment    (muB)  0.662407382   Angles    0.064291362   225.003853285
<DFT>  Total Orbital Moment (muB)  0.052535798   Angles    0.166884783   224.856460220
<DFT>  Total Moment         (muB)  0.714943102   Angles    0.071830144   224.978689849
<DFT>  Mixing_weight= 0.001000000000
<DFT>  Uele   =  -26.535472190684  dUele     =   0.001762902995
<DFT>  NormRD =    0.002199768689  Criterion =   0.000000010000

******************* MD= 1  SCF=140 *******************
<Poisson>  Poisson's equation using FFT...
<Set_Hamiltonian>  Hamiltonian matrix for VNA+dVH+Vxc...
<Band>  Solving the eigenvalue problem...
 KGrids1:  -0.42857  -0.28571  -0.14286   0.00000   0.14286   0.28572   0.42857 
 KGrids2:  -0.42857  -0.28572  -0.14286  -0.00000   0.14286   0.28571   0.42857 
 KGrids3:  -0.42857  -0.28571  -0.14286   0.00000   0.14286   0.28572   0.42857 
<Band_DFT>  Eigen, time=0.140844
<Band_DFT>  DM, time=0.212118
    1   Ni  MulP 9.33 8.67 sum 18.00 diff  0.66 (  0.06 225.00)  Ml 0.05 (  0.16 224.85)  Ml+s 0.71 (  0.07 224.98)
 Sum of MulP: up   =     9.33063 down          =     8.66937
              total=    18.00000 ideal(neutral)=    18.00000
<DFT>  Total Spin Moment    (muB)  0.661260742   Angles    0.062107581   225.003637222
<DFT>  Total Orbital Moment (muB)  0.052472865   Angles    0.164112428   224.853749052
<DFT>  Total Moment         (muB)  0.713733530   Angles    0.069606822   224.977656290
<DFT>  Mixing_weight= 0.001000000000
<DFT>  Uele   =  -26.535255826954  dUele     =   0.000216363730
<DFT>  NormRD =    0.002224813330  Criterion =   0.000000010000

******************* MD= 1  SCF=141 *******************
<Poisson>  Poisson's equation using FFT...
<Set_Hamiltonian>  Hamiltonian matrix for VNA+dVH+Vxc...
<Band>  Solving the eigenvalue problem...
 KGrids1:  -0.42857  -0.28571  -0.14286   0.00000   0.14286   0.28572   0.42857 
 KGrids2:  -0.42857  -0.28572  -0.14286  -0.00000   0.14286   0.28571   0.42857 
 KGrids3:  -0.42857  -0.28571  -0.14286   0.00000   0.14286   0.28572   0.42857 
<Band_DFT>  Eigen, time=0.138352
<Band_DFT>  DM, time=0.211484
    1   Ni  MulP 9.32 8.68 sum 18.00 diff  0.64 (  0.04 225.00)  Ml 0.05 (  0.14 225.06)  Ml+s 0.70 (  0.05 225.02)
 Sum of MulP: up   =     9.32215 down          =     8.67785
              total=    18.00000 ideal(neutral)=    18.00000
<DFT>  Total Spin Moment    (muB)  0.644292686   Angles    0.042638701   225.004220358
<DFT>  Total Orbital Moment (muB)  0.051527787   Angles    0.142202897   225.056033514
<DFT>  Total Moment         (muB)  0.695820402   Angles    0.050011749   225.015130247
<DFT>  Mixing_weight= 0.001000000000
<DFT>  Uele   =  -26.532490581444  dUele     =   0.002765245510
<DFT>  NormRD =    0.002211984455  Criterion =   0.000000010000

******************* MD= 1  SCF=142 *******************
<Poisson>  Poisson's equation using FFT...
<Set_Hamiltonian>  Hamiltonian matrix for VNA+dVH+Vxc...
<Band>  Solving the eigenvalue problem...
 KGrids1:  -0.42857  -0.28571  -0.14286   0.00000   0.14286   0.28572   0.42857 
 KGrids2:  -0.42857  -0.28572  -0.14286  -0.00000   0.14286   0.28571   0.42857 
 KGrids3:  -0.42857  -0.28571  -0.14286   0.00000   0.14286   0.28572   0.42857 
<Band_DFT>  Eigen, time=0.140239
<Band_DFT>  DM, time=0.211710
    1   Ni  MulP 9.32 8.68 sum 18.00 diff  0.64 (  0.04 225.00)  Ml 0.05 (  0.14 224.78)  Ml+s 0.69 (  0.05 224.95)
 Sum of MulP: up   =     9.31850 down          =     8.68150
              total=    18.00000 ideal(neutral)=    18.00000
<DFT>  Total Spin Moment    (muB)  0.636991227   Angles    0.041271115   224.996889666
<DFT>  Total Orbital Moment (muB)  0.051108329   Angles    0.143485049   224.778622946
<DFT>  Total Moment         (muB)  0.688099480   Angles    0.048862952   224.949284562
<DFT>  Mixing_weight= 0.001000000000
<DFT>  Uele   =  -26.531193452997  dUele     =   0.001297128448
<DFT>  NormRD =    0.002188972364  Criterion =   0.000000010000

******************* MD= 1  SCF=143 *******************
<Poisson>  Poisson's equation using FFT...
<Set_Hamiltonian>  Hamiltonian matrix for VNA+dVH+Vxc...
<Band>  Solving the eigenvalue problem...
 KGrids1:  -0.42857  -0.28571  -0.14286   0.00000   0.14286   0.28572   0.42857 
 KGrids2:  -0.42857  -0.28572  -0.14286  -0.00000   0.14286   0.28571   0.42857 
 KGrids3:  -0.42857  -0.28571  -0.14286   0.00000   0.14286   0.28572   0.42857 
<Band_DFT>  Eigen, time=0.138894
<Band_DFT>  DM, time=0.211502
    1   Ni  MulP 9.31 8.69 sum 18.00 diff  0.61 (  0.03 225.00)  Ml 0.05 (  0.15 224.99)  Ml+s 0.66 (  0.04 224.99)
 Sum of MulP: up   =     9.30689 down          =     8.69311
              total=    18.00000 ideal(neutral)=    18.00000
<DFT>  Total Spin Moment    (muB)  0.613774331   Angles    0.027868311   224.998081501
<DFT>  Total Orbital Moment (muB)  0.049751665   Angles    0.152135626   224.985535736
<DFT>  Total Moment         (muB)  0.663525887   Angles    0.037185959   224.994232940
<DFT>  Mixing_weight= 0.001000000000
<DFT>  Uele   =  -26.527480984389  dUele     =   0.003712468608
<DFT>  NormRD =    0.002286595845  Criterion =   0.000000010000

******************* MD= 1  SCF=144 *******************
<Poisson>  Poisson's equation using FFT...
<Set_Hamiltonian>  Hamiltonian matrix for VNA+dVH+Vxc...
<Band>  Solving the eigenvalue problem...
 KGrids1:  -0.42857  -0.28571  -0.14286   0.00000   0.14286   0.28572   0.42857 
 KGrids2:  -0.42857  -0.28572  -0.14286  -0.00000   0.14286   0.28571   0.42857 
 KGrids3:  -0.42857  -0.28571  -0.14286   0.00000   0.14286   0.28572   0.42857 
<Band_DFT>  Eigen, time=0.140206
<Band_DFT>  DM, time=0.211371
    1   Ni  MulP 9.31 8.69 sum 18.00 diff  0.62 (  0.03 225.01)  Ml 0.05 (  0.14 225.24)  Ml+s 0.67 (  0.04 225.07)
 Sum of MulP: up   =     9.31197 down          =     8.68803
              total=    18.00000 ideal(neutral)=    18.00000
<DFT>  Total Spin Moment    (muB)  0.623941649   Angles    0.031208427   225.012133014
<DFT>  Total Orbital Moment (muB)  0.050351685   Angles    0.144708849   225.239549847
<DFT>  Total Moment         (muB)  0.674293243   Angles    0.039683808   225.074058309
<DFT>  Mixing_weight= 0.001000000000
<DFT>  Uele   =  -26.529067411332  dUele     =   0.001586426943
<DFT>  NormRD =    0.002312773904  Criterion =   0.000000010000

******************* MD= 1  SCF=145 *******************
<Poisson>  Poisson's equation using FFT...
<Set_Hamiltonian>  Hamiltonian matrix for VNA+dVH+Vxc...
<Band>  Solving the eigenvalue problem...
 KGrids1:  -0.42857  -0.28571  -0.14286   0.00000   0.14286   0.28572   0.42857 
 KGrids2:  -0.42857  -0.28572  -0.14286  -0.00000   0.14286   0.28571   0.42857 
 KGrids3:  -0.42857  -0.28571  -0.14286   0.00000   0.14286   0.28572   0.42857 
<Band_DFT>  Eigen, time=0.138352
<Band_DFT>  DM, time=0.211472
    1   Ni  MulP 9.32 8.68 sum 18.00 diff  0.64 (  0.03 225.00)  Ml 0.05 (  0.14 225.00)  Ml+s 0.69 (  0.04 225.00)
 Sum of MulP: up   =     9.31755 down          =     8.68245
              total=    18.00000 ideal(neutral)=    18.00000
<DFT>  Total Spin Moment    (muB)  0.635107078   Angles    0.031708247   225.001375349
<DFT>  Total Orbital Moment (muB)  0.050994689   Angles    0.139497906   224.998537198
<DFT>  Total Moment         (muB)  0.686101683   Angles    0.039719738   225.000634495
<DFT>  Mixing_weight= 0.001000000000
<DFT>  Uele   =  -26.530820600771  dUele     =   0.001753189438
<DFT>  NormRD =    0.002269674118  Criterion =   0.000000010000

******************* MD= 1  SCF=146 *******************
<Poisson>  Poisson's equation using FFT...
<Set_Hamiltonian>  Hamiltonian matrix for VNA+dVH+Vxc...
<Band>  Solving the eigenvalue problem...
 KGrids1:  -0.42857  -0.28571  -0.14286   0.00000   0.14286   0.28572   0.42857 
 KGrids2:  -0.42857  -0.28572  -0.14286  -0.00000   0.14286   0.28571   0.42857 
 KGrids3:  -0.42857  -0.28571  -0.14286   0.00000   0.14286   0.28572   0.42857 
<Band_DFT>  Eigen, time=0.138517
<Band_DFT>  DM, time=0.211564
    1   Ni  MulP 9.35 8.65 sum 18.00 diff  0.70 (  0.05 225.02)  Ml 0.05 (  0.20 225.04)  Ml+s 0.75 (  0.06 225.02)
 Sum of MulP: up   =     9.34880 down          =     8.65120
              total=    18.00000 ideal(neutral)=    18.00000
<DFT>  Total Spin Moment    (muB)  0.697604681   Angles    0.050615039   225.018071032
<DFT>  Total Orbital Moment (muB)  0.054510939   Angles    0.195648098   225.042580855
<DFT>  Total Moment         (muB)  0.752115458   Angles    0.061126562   225.023756736
<DFT>  Mixing_weight= 0.001000000000
<DFT>  Uele   =  -26.546784202425  dUele     =   0.015963601654
<DFT>  NormRD =    0.002424430655  Criterion =   0.000000010000

******************* MD= 1  SCF=147 *******************
<Poisson>  Poisson's equation using FFT...
<Set_Hamiltonian>  Hamiltonian matrix for VNA+dVH+Vxc...
<Band>  Solving the eigenvalue problem...
 KGrids1:  -0.42857  -0.28571  -0.14286   0.00000   0.14286   0.28572   0.42857 
 KGrids2:  -0.42857  -0.28572  -0.14286  -0.00000   0.14286   0.28571   0.42857 
 KGrids3:  -0.42857  -0.28571  -0.14286   0.00000   0.14286   0.28572   0.42857 
<Band_DFT>  Eigen, time=0.138200
<Band_DFT>  DM, time=0.211345
    1   Ni  MulP 9.33 8.67 sum 18.00 diff  0.67 (  0.11 225.01)  Ml 0.05 (  0.12 225.31)  Ml+s 0.72 (  0.11 225.03)
 Sum of MulP: up   =     9.33274 down          =     8.66726
              total=    18.00000 ideal(neutral)=    18.00000
<DFT>  Total Spin Moment    (muB)  0.665480992   Angles    0.107126896   225.009852314
<DFT>  Total Orbital Moment (muB)  0.052718256   Angles    0.119000627   225.305152907
<DFT>  Total Moment         (muB)  0.718199247   Angles    0.107998361   225.033736505
<DFT>  Mixing_weight= 0.001000000000
<DFT>  Uele   =  -26.536529647296  dUele     =   0.010254555129
<DFT>  NormRD =    0.004874764968  Criterion =   0.000000010000

******************* MD= 1  SCF=148 *******************
<Poisson>  Poisson's equation using FFT...
<Set_Hamiltonian>  Hamiltonian matrix for VNA+dVH+Vxc...
<Band>  Solving the eigenvalue problem...
 KGrids1:  -0.42857  -0.28571  -0.14286   0.00000   0.14286   0.28572   0.42857 
 KGrids2:  -0.42857  -0.28572  -0.14286  -0.00000   0.14286   0.28571   0.42857 
 KGrids3:  -0.42857  -0.28571  -0.14286   0.00000   0.14286   0.28572   0.42857 
<Band_DFT>  Eigen, time=0.138404
<Band_DFT>  DM, time=0.211378
    1   Ni  MulP 9.34 8.66 sum 18.00 diff  0.68 (  0.14 225.00)  Ml 0.05 (  0.16 224.90)  Ml+s 0.73 (  0.14 224.99)
 Sum of MulP: up   =     9.33825 down          =     8.66175
              total=    18.00000 ideal(neutral)=    18.00000
<DFT>  Total Spin Moment    (muB)  0.676496159   Angles    0.141039683   225.003314881
<DFT>  Total Orbital Moment (muB)  0.053309441   Angles    0.158559925   224.899304341
<DFT>  Total Moment         (muB)  0.729805597   Angles    0.142319451   224.994850346
<DFT>  Mixing_weight= 0.001000000000
<DFT>  Uele   =  -26.538224174286  dUele     =   0.001694526990
<DFT>  NormRD =    0.002187175860  Criterion =   0.000000010000

******************* MD= 1  SCF=149 *******************
<Poisson>  Poisson's equation using FFT...
<Set_Hamiltonian>  Hamiltonian matrix for VNA+dVH+Vxc...
<Band>  Solving the eigenvalue problem...
 KGrids1:  -0.42857  -0.28571  -0.14286   0.00000   0.14286   0.28572   0.42857 
 KGrids2:  -0.42857  -0.28572  -0.14286  -0.00000   0.14286   0.28571   0.42857 
 KGrids3:  -0.42857  -0.28571  -0.14286   0.00000   0.14286   0.28572   0.42857 
<Band_DFT>  Eigen, time=0.140033
<Band_DFT>  DM, time=0.211326
    1   Ni  MulP 9.26 8.74 sum 18.00 diff  0.53 (  0.06 224.98)  Ml 0.04 (  0.09  45.20)  Ml+s 0.57 (  0.05 224.95)
 Sum of MulP: up   =     9.26298 down          =     8.73702
              total=    18.00000 ideal(neutral)=    18.00000
<DFT>  Total Spin Moment    (muB)  0.525956956   Angles    0.056958959   224.980406061
<DFT>  Total Orbital Moment (muB)  0.044167614   Angles    0.090525704    45.199832774
<DFT>  Total Moment         (muB)  0.570124435   Angles    0.045533375   224.946610109
<DFT>  Mixing_weight= 0.001000000000
<DFT>  Uele   =  -26.513141316259  dUele     =   0.025082858026
<DFT>  NormRD =    0.002421770879  Criterion =   0.000000010000

******************* MD= 1  SCF=150 *******************
<Poisson>  Poisson's equation using FFT...
<Set_Hamiltonian>  Hamiltonian matrix for VNA+dVH+Vxc...
<Band>  Solving the eigenvalue problem...
 KGrids1:  -0.42857  -0.28571  -0.14286   0.00000   0.14286   0.28572   0.42857 
 KGrids2:  -0.42857  -0.28572  -0.14286  -0.00000   0.14286   0.28571   0.42857 
 KGrids3:  -0.42857  -0.28571  -0.14286   0.00000   0.14286   0.28572   0.42857 
<Band_DFT>  Eigen, time=0.140310
<Band_DFT>  DM, time=0.211604
    1   Ni  MulP 9.27 8.73 sum 18.00 diff  0.53 (  0.06 224.98)  Ml 0.04 (  0.06  45.35)  Ml+s 0.58 (  0.05 224.95)
 Sum of MulP: up   =     9.26604 down          =     8.73396
              total=    18.00000 ideal(neutral)=    18.00000
<DFT>  Total Spin Moment    (muB)  0.532089300   Angles    0.063046235   224.982628116
<DFT>  Total Orbital Moment (muB)  0.044587548   Angles    0.061048098    45.351204565
<DFT>  Total Moment         (muB)  0.576676752   Angles    0.053451611   224.950080658
<DFT>  Mixing_weight= 0.001000000000
<DFT>  Uele   =  -26.514314656348  dUele     =   0.001173340089
<DFT>  NormRD =    0.002949481210  Criterion =   0.000000010000

******************* MD= 1  SCF=151 *******************
<Poisson>  Poisson's equation using FFT...
<Set_Hamiltonian>  Hamiltonian matrix for VNA+dVH+Vxc...
<Band>  Solving the eigenvalue problem...
 KGrids1:  -0.42857  -0.28571  -0.14286   0.00000   0.14286   0.28572   0.42857 
 KGrids2:  -0.42857  -0.28572  -0.14286  -0.00000   0.14286   0.28571   0.42857 
 KGrids3:  -0.42857  -0.28571  -0.14286   0.00000   0.14286   0.28572   0.42857 
<Band_DFT>  Eigen, time=0.140548
<Band_DFT>  DM, time=0.211688
    1   Ni  MulP 9.24 8.76 sum 18.00 diff  0.48 (  0.06 224.98)  Ml 0.04 (  0.38  45.01)  Ml+s 0.52 (  0.02 224.95)
 Sum of MulP: up   =     9.24057 down          =     8.75943
              total=    18.00000 ideal(neutral)=    18.00000
<DFT>  Total Spin Moment    (muB)  0.481141197   Angles    0.059103144   224.984637382
<DFT>  Total Orbital Moment (muB)  0.041076184   Angles    0.377898770    45.012936983
<DFT>  Total Moment         (muB)  0.522216280   Angles    0.024730041   224.950622614
<DFT>  Mixing_weight= 0.001000000000
<DFT>  Uele   =  -26.506326084708  dUele     =   0.007988571640
<DFT>  NormRD =    0.002866012217  Criterion =   0.000000010000

******************* MD= 1  SCF=152 *******************
<Poisson>  Poisson's equation using FFT...
<Set_Hamiltonian>  Hamiltonian matrix for VNA+dVH+Vxc...
<Band>  Solving the eigenvalue problem...
 KGrids1:  -0.42857  -0.28571  -0.14286   0.00000   0.14286   0.28572   0.42857 
 KGrids2:  -0.42857  -0.28572  -0.14286  -0.00000   0.14286   0.28571   0.42857 
 KGrids3:  -0.42857  -0.28571  -0.14286   0.00000   0.14286   0.28572   0.42857 
<Band_DFT>  Eigen, time=0.140140
<Band_DFT>  DM, time=0.211247
    1   Ni  MulP 9.29 8.71 sum 18.00 diff  0.59 (  0.11 225.00)  Ml 0.05 (  0.14 224.98)  Ml+s 0.63 (  0.11 225.00)
 Sum of MulP: up   =     9.29255 down          =     8.70745
              total=    18.00000 ideal(neutral)=    18.00000
<DFT>  Total Spin Moment    (muB)  0.585106105   Angles    0.105960197   225.000233582
<DFT>  Total Orbital Moment (muB)  0.048007875   Angles    0.141565419   224.975880865
<DFT>  Total Moment         (muB)  0.633113972   Angles    0.108660075   224.997827752
<DFT>  Mixing_weight= 0.001000000000
<DFT>  Uele   =  -26.522352941027  dUele     =   0.016026856319
<DFT>  NormRD =    0.003170578378  Criterion =   0.000000010000

******************* MD= 1  SCF=153 *******************
<Poisson>  Poisson's equation using FFT...
<Set_Hamiltonian>  Hamiltonian matrix for VNA+dVH+Vxc...
<Band>  Solving the eigenvalue problem...
 KGrids1:  -0.42857  -0.28571  -0.14286   0.00000   0.14286   0.28572   0.42857 
 KGrids2:  -0.42857  -0.28572  -0.14286  -0.00000   0.14286   0.28571   0.42857 
 KGrids3:  -0.42857  -0.28571  -0.14286   0.00000   0.14286   0.28572   0.42857 
<Band_DFT>  Eigen, time=0.140673
<Band_DFT>  DM, time=0.211598
    1   Ni  MulP 9.29 8.71 sum 18.00 diff  0.58 (  0.11 225.00)  Ml 0.05 (  0.14 224.99)  Ml+s 0.63 (  0.11 225.00)
 Sum of MulP: up   =     9.29132 down          =     8.70868
              total=    18.00000 ideal(neutral)=    18.00000
<DFT>  Total Spin Moment    (muB)  0.582646743   Angles    0.111544584   225.000369549
<DFT>  Total Orbital Moment (muB)  0.047853103   Angles    0.143720397   224.991491716
<DFT>  Total Moment         (muB)  0.630499839   Angles    0.113986634   224.999519984
<DFT>  Mixing_weight= 0.001000000000
<DFT>  Uele   =  -26.521857361627  dUele     =   0.000495579400
<DFT>  NormRD =    0.002361053551  Criterion =   0.000000010000

******************* MD= 1  SCF=154 *******************
<Poisson>  Poisson's equation using FFT...
<Set_Hamiltonian>  Hamiltonian matrix for VNA+dVH+Vxc...
<Band>  Solving the eigenvalue problem...
 KGrids1:  -0.42857  -0.28571  -0.14286   0.00000   0.14286   0.28572   0.42857 
 KGrids2:  -0.42857  -0.28572  -0.14286  -0.00000   0.14286   0.28571   0.42857 
 KGrids3:  -0.42857  -0.28571  -0.14286   0.00000   0.14286   0.28572   0.42857 
<Band_DFT>  Eigen, time=0.138527
<Band_DFT>  DM, time=0.211574
    1   Ni  MulP 9.30 8.70 sum 18.00 diff  0.60 (  0.12 225.00)  Ml 0.05 (  0.16 224.98)  Ml+s 0.65 (  0.13 225.00)
 Sum of MulP: up   =     9.29987 down          =     8.70013
              total=    18.00000 ideal(neutral)=    18.00000
<DFT>  Total Spin Moment    (muB)  0.599737181   Angles    0.123067979   225.000394237
<DFT>  Total Orbital Moment (muB)  0.048904663   Angles    0.162747175   224.984725213
<DFT>  Total Moment         (muB)  0.648641833   Angles    0.126059610   224.998869045
<DFT>  Mixing_weight= 0.001000000000
<DFT>  Uele   =  -26.524370990294  dUele     =   0.002513628667
<DFT>  NormRD =    0.002371971255  Criterion =   0.000000010000

******************* MD= 1  SCF=155 *******************
<Poisson>  Poisson's equation using FFT...
<Set_Hamiltonian>  Hamiltonian matrix for VNA+dVH+Vxc...
<Band>  Solving the eigenvalue problem...
 KGrids1:  -0.42857  -0.28571  -0.14286   0.00000   0.14286   0.28572   0.42857 
 KGrids2:  -0.42857  -0.28572  -0.14286  -0.00000   0.14286   0.28571   0.42857 
 KGrids3:  -0.42857  -0.28571  -0.14286   0.00000   0.14286   0.28572   0.42857 
<Band_DFT>  Eigen, time=0.140468
<Band_DFT>  DM, time=0.211345
    1   Ni  MulP 9.29 8.71 sum 18.00 diff  0.58 (  0.13 225.00)  Ml 0.05 (  0.15 224.99)  Ml+s 0.62 (  0.13 225.00)
 Sum of MulP: up   =     9.28847 down          =     8.71153
              total=    18.00000 ideal(neutral)=    18.00000
<DFT>  Total Spin Moment    (muB)  0.576932027   Angles    0.131538758   224.999098816
<DFT>  Total Orbital Moment (muB)  0.047489719   Angles    0.149877078   224.992371876
<DFT>  Total Moment         (muB)  0.624421744   Angles    0.132933459   224.998521996
<DFT>  Mixing_weight= 0.001000000000
<DFT>  Uele   =  -26.520529714301  dUele     =   0.003841275993
<DFT>  NormRD =    0.002181349056  Criterion =   0.000000010000

******************* MD= 1  SCF=156 *******************
<Poisson>  Poisson's equation using FFT...
<Set_Hamiltonian>  Hamiltonian matrix for VNA+dVH+Vxc...
<Band>  Solving the eigenvalue problem...
 KGrids1:  -0.42857  -0.28571  -0.14286   0.00000   0.14286   0.28572   0.42857 
 KGrids2:  -0.42857  -0.28572  -0.14286  -0.00000   0.14286   0.28571   0.42857 
 KGrids3:  -0.42857  -0.28571  -0.14286   0.00000   0.14286   0.28572   0.42857 
<Band_DFT>  Eigen, time=0.140779
<Band_DFT>  DM, time=0.211455
    1   Ni  MulP 9.30 8.70 sum 18.00 diff  0.60 (  0.15 225.00)  Ml 0.05 (  0.18 225.01)  Ml+s 0.64 (  0.15 225.00)
 Sum of MulP: up   =     9.29768 down          =     8.70232
              total=    18.00000 ideal(neutral)=    18.00000
<DFT>  Total Spin Moment    (muB)  0.595354035   Angles    0.151770608   224.999639400
<DFT>  Total Orbital Moment (muB)  0.048631865   Angles    0.178202581   225.005100550
<DFT>  Total Moment         (muB)  0.643985895   Angles    0.153766670   225.000117347
<DFT>  Mixing_weight= 0.001000000000
<DFT>  Uele   =  -26.523174679096  dUele     =   0.002644964795
<DFT>  NormRD =    0.002384481149  Criterion =   0.000000010000

******************* MD= 1  SCF=157 *******************
<Poisson>  Poisson's equation using FFT...
<Set_Hamiltonian>  Hamiltonian matrix for VNA+dVH+Vxc...
<Band>  Solving the eigenvalue problem...
 KGrids1:  -0.42857  -0.28571  -0.14286   0.00000   0.14286   0.28572   0.42857 
 KGrids2:  -0.42857  -0.28572  -0.14286  -0.00000   0.14286   0.28571   0.42857 
 KGrids3:  -0.42857  -0.28571  -0.14286   0.00000   0.14286   0.28572   0.42857 
<Band_DFT>  Eigen, time=0.139544
<Band_DFT>  DM, time=0.211410
    1   Ni  MulP 9.30 8.70 sum 18.00 diff  0.60 (  0.16 225.00)  Ml 0.05 (  0.18 225.01)  Ml+s 0.65 (  0.16 225.00)
 Sum of MulP: up   =     9.30088 down          =     8.69912
              total=    18.00000 ideal(neutral)=    18.00000
<DFT>  Total Spin Moment    (muB)  0.601760526   Angles    0.158390243   225.000148835
<DFT>  Total Orbital Moment (muB)  0.049021440   Angles    0.183841764   225.008422013
<DFT>  Total Moment         (muB)  0.650781962   Angles    0.160307429   225.000863518
<DFT>  Mixing_weight= 0.001000000000
<DFT>  Uele   =  -26.524116222820  dUele     =   0.000941543724
<DFT>  NormRD =    0.002181694581  Criterion =   0.000000010000

******************* MD= 1  SCF=158 *******************
<Poisson>  Poisson's equation using FFT...
<Set_Hamiltonian>  Hamiltonian matrix for VNA+dVH+Vxc...
<Band>  Solving the eigenvalue problem...
 KGrids1:  -0.42857  -0.28571  -0.14286   0.00000   0.14286   0.28572   0.42857 
 KGrids2:  -0.42857  -0.28572  -0.14286  -0.00000   0.14286   0.28571   0.42857 
 KGrids3:  -0.42857  -0.28571  -0.14286   0.00000   0.14286   0.28572   0.42857 
<Band_DFT>  Eigen, time=0.140018
<Band_DFT>  DM, time=0.211897
    1   Ni  MulP 9.27 8.73 sum 18.00 diff  0.55 (  0.16 225.00)  Ml 0.05 (  0.07 225.08)  Ml+s 0.59 (  0.15 225.00)
 Sum of MulP: up   =     9.27330 down          =     8.72670
              total=    18.00000 ideal(neutral)=    18.00000
<DFT>  Total Spin Moment    (muB)  0.546593089   Angles    0.160403902   224.999378308
<DFT>  Total Orbital Moment (muB)  0.045545670   Angles    0.067195355   225.083030418
<DFT>  Total Moment         (muB)  0.592138703   Angles    0.153234557   225.002199830
<DFT>  Mixing_weight= 0.001000000000
<DFT>  Uele   =  -26.515550560085  dUele     =   0.008565662735
<DFT>  NormRD =    0.002124050702  Criterion =   0.000000010000

******************* MD= 1  SCF=159 *******************
<Poisson>  Poisson's equation using FFT...
<Set_Hamiltonian>  Hamiltonian matrix for VNA+dVH+Vxc...
<Band>  Solving the eigenvalue problem...
 KGrids1:  -0.42857  -0.28571  -0.14286   0.00000   0.14286   0.28572   0.42857 
 KGrids2:  -0.42857  -0.28572  -0.14286  -0.00000   0.14286   0.28571   0.42857 
 KGrids3:  -0.42857  -0.28571  -0.14286   0.00000   0.14286   0.28572   0.42857 
<Band_DFT>  Eigen, time=0.139876
<Band_DFT>  DM, time=0.211679
    1   Ni  MulP 9.28 8.72 sum 18.00 diff  0.57 (  0.11 225.00)  Ml 0.05 (  0.11 225.05)  Ml+s 0.62 (  0.11 225.00)
 Sum of MulP: up   =     9.28469 down          =     8.71531
              total=    18.00000 ideal(neutral)=    18.00000
<DFT>  Total Spin Moment    (muB)  0.569385043   Angles    0.114280344   224.995513153
<DFT>  Total Orbital Moment (muB)  0.047018452   Angles    0.114657703   225.053587530
<DFT>  Total Moment         (muB)  0.616403495   Angles    0.114309124   224.999956499
<DFT>  Mixing_weight= 0.001000000000
<DFT>  Uele   =  -26.519638915483  dUele     =   0.004088355398
<DFT>  NormRD =    0.002609173171  Criterion =   0.000000010000

******************* MD= 1  SCF=160 *******************
<Poisson>  Poisson's equation using FFT...
<Set_Hamiltonian>  Hamiltonian matrix for VNA+dVH+Vxc...
<Band>  Solving the eigenvalue problem...
 KGrids1:  -0.42857  -0.28571  -0.14286   0.00000   0.14286   0.28572   0.42857 
 KGrids2:  -0.42857  -0.28572  -0.14286  -0.00000   0.14286   0.28571   0.42857 
 KGrids3:  -0.42857  -0.28571  -0.14286   0.00000   0.14286   0.28572   0.42857 
<Band_DFT>  Eigen, time=0.140522
<Band_DFT>  DM, time=0.211562
    1   Ni  MulP 9.30 8.70 sum 18.00 diff  0.61 (  0.14 225.00)  Ml 0.05 (  0.16 225.06)  Ml+s 0.66 (  0.14 225.00)
 Sum of MulP: up   =     9.30348 down          =     8.69652
              total=    18.00000 ideal(neutral)=    18.00000
<DFT>  Total Spin Moment    (muB)  0.606950857   Angles    0.136744892   224.996533407
<DFT>  Total Orbital Moment (muB)  0.049339399   Angles    0.162803035   225.061573163
<DFT>  Total Moment         (muB)  0.656290251   Angles    0.138703916   225.002272594
<DFT>  Mixing_weight= 0.001000000000
<DFT>  Uele   =  -26.525253863483  dUele     =   0.005614948000
<DFT>  NormRD =    0.002481383411  Criterion =   0.000000010000

******************* MD= 1  SCF=161 *******************
<Poisson>  Poisson's equation using FFT...
<Set_Hamiltonian>  Hamiltonian matrix for VNA+dVH+Vxc...
<Band>  Solving the eigenvalue problem...
 KGrids1:  -0.42857  -0.28571  -0.14286   0.00000   0.14286   0.28572   0.42857 
 KGrids2:  -0.42857  -0.28572  -0.14286  -0.00000   0.14286   0.28571   0.42857 
 KGrids3:  -0.42857  -0.28571  -0.14286   0.00000   0.14286   0.28572   0.42857 
<Band_DFT>  Eigen, time=0.140403
<Band_DFT>  DM, time=0.211483
    1   Ni  MulP 9.27 8.73 sum 18.00 diff  0.54 (  0.12 225.00)  Ml 0.05 (  0.05 225.04)  Ml+s 0.59 (  0.11 225.00)
 Sum of MulP: up   =     9.27184 down          =     8.72816
              total=    18.00000 ideal(neutral)=    18.00000
<DFT>  Total Spin Moment    (muB)  0.543682325   Angles    0.119219498   224.995300056
<DFT>  Total Orbital Moment (muB)  0.045347183   Angles    0.046478961   225.044783675
<DFT>  Total Moment         (muB)  0.589029474   Angles    0.113619476   224.996858454
<DFT>  Mixing_weight= 0.001000000000
<DFT>  Uele   =  -26.515309427948  dUele     =   0.009944435535
<DFT>  NormRD =    0.002081540393  Criterion =   0.000000010000

******************* MD= 1  SCF=162 *******************
<Poisson>  Poisson's equation using FFT...
<Set_Hamiltonian>  Hamiltonian matrix for VNA+dVH+Vxc...
<Band>  Solving the eigenvalue problem...
 KGrids1:  -0.42857  -0.28571  -0.14286   0.00000   0.14286   0.28572   0.42857 
 KGrids2:  -0.42857  -0.28572  -0.14286  -0.00000   0.14286   0.28571   0.42857 
 KGrids3:  -0.42857  -0.28571  -0.14286   0.00000   0.14286   0.28572   0.42857 
<Band_DFT>  Eigen, time=0.138416
<Band_DFT>  DM, time=0.211477
    1   Ni  MulP 9.26 8.74 sum 18.00 diff  0.52 (  0.10 224.99)  Ml 0.04 (  0.07  45.07)  Ml+s 0.57 (  0.09 224.99)
 Sum of MulP: up   =     9.26119 down          =     8.73881
              total=    18.00000 ideal(neutral)=    18.00000
<DFT>  Total Spin Moment    (muB)  0.522384888   Angles    0.101553763   224.994081811
<DFT>  Total Orbital Moment (muB)  0.043928216   Angles    0.070712793    45.069991004
<DFT>  Total Moment         (muB)  0.566312921   Angles    0.088191278   224.989360597
<DFT>  Mixing_weight= 0.001000000000
<DFT>  Uele   =  -26.512250320432  dUele     =   0.003059107515
<DFT>  NormRD =    0.002709459130  Criterion =   0.000000010000

******************* MD= 1  SCF=163 *******************
<Poisson>  Poisson's equation using FFT...
<Set_Hamiltonian>  Hamiltonian matrix for VNA+dVH+Vxc...
<Band>  Solving the eigenvalue problem...
 KGrids1:  -0.42857  -0.28571  -0.14286   0.00000   0.14286   0.28572   0.42857 
 KGrids2:  -0.42857  -0.28572  -0.14286  -0.00000   0.14286   0.28571   0.42857 
 KGrids3:  -0.42857  -0.28571  -0.14286   0.00000   0.14286   0.28572   0.42857 
<Band_DFT>  Eigen, time=0.138744
<Band_DFT>  DM, time=0.211932
    1   Ni  MulP 9.26 8.74 sum 18.00 diff  0.52 (  0.11 224.99)  Ml 0.04 (  0.06  45.29)  Ml+s 0.57 (  0.10 224.98)
 Sum of MulP: up   =     9.26185 down          =     8.73815
              total=    18.00000 ideal(neutral)=    18.00000
<DFT>  Total Spin Moment    (muB)  0.523690622   Angles    0.112287894   224.990436123
<DFT>  Total Orbital Moment (muB)  0.044014044   Angles    0.061290892    45.289742552
<DFT>  Total Moment         (muB)  0.567704479   Angles    0.098830445   224.976045210
<DFT>  Mixing_weight= 0.001000000000
<DFT>  Uele   =  -26.512250374226  dUele     =   0.000000053793
<DFT>  NormRD =    0.002897976959  Criterion =   0.000000010000

******************* MD= 1  SCF=164 *******************
<Poisson>  Poisson's equation using FFT...
<Set_Hamiltonian>  Hamiltonian matrix for VNA+dVH+Vxc...
<Band>  Solving the eigenvalue problem...
 KGrids1:  -0.42857  -0.28571  -0.14286   0.00000   0.14286   0.28572   0.42857 
 KGrids2:  -0.42857  -0.28572  -0.14286  -0.00000   0.14286   0.28571   0.42857 
 KGrids3:  -0.42857  -0.28571  -0.14286   0.00000   0.14286   0.28572   0.42857 
<Band_DFT>  Eigen, time=0.138340
<Band_DFT>  DM, time=0.211543
    1   Ni  MulP 9.30 8.70 sum 18.00 diff  0.61 (  0.17 224.99)  Ml 0.05 (  0.18 224.90)  Ml+s 0.66 (  0.17 224.99)
 Sum of MulP: up   =     9.30330 down          =     8.69670
              total=    18.00000 ideal(neutral)=    18.00000
<DFT>  Total Spin Moment    (muB)  0.606595540   Angles    0.167701996   224.993633787
<DFT>  Total Orbital Moment (muB)  0.049309160   Angles    0.178652939   224.896617424
<DFT>  Total Moment         (muB)  0.655904699   Angles    0.168525241   224.985902055
<DFT>  Mixing_weight= 0.001000000000
<DFT>  Uele   =  -26.524587793388  dUele     =   0.012337419163
<DFT>  NormRD =    0.002923781769  Criterion =   0.000000010000

******************* MD= 1  SCF=165 *******************
<Poisson>  Poisson's equation using FFT...
<Set_Hamiltonian>  Hamiltonian matrix for VNA+dVH+Vxc...
<Band>  Solving the eigenvalue problem...
 KGrids1:  -0.42857  -0.28571  -0.14286   0.00000   0.14286   0.28572   0.42857 
 KGrids2:  -0.42857  -0.28572  -0.14286  -0.00000   0.14286   0.28571   0.42857 
 KGrids3:  -0.42857  -0.28571  -0.14286   0.00000   0.14286   0.28572   0.42857 
<Band_DFT>  Eigen, time=0.138464
<Band_DFT>  DM, time=0.211167
    1   Ni  MulP 9.32 8.68 sum 18.00 diff  0.64 (  0.23 224.99)  Ml 0.05 (  0.21 224.98)  Ml+s 0.69 (  0.23 224.99)
 Sum of MulP: up   =     9.31783 down          =     8.68217
              total=    18.00000 ideal(neutral)=    18.00000
<DFT>  Total Spin Moment    (muB)  0.635652079   Angles    0.234670946   224.993800138
<DFT>  Total Orbital Moment (muB)  0.050996518   Angles    0.213598097   224.976089218
<DFT>  Total Moment         (muB)  0.686648593   Angles    0.233105892   224.992594848
<DFT>  Mixing_weight= 0.001000000000
<DFT>  Uele   =  -26.528100907067  dUele     =   0.003513113679
<DFT>  NormRD =    0.002153867183  Criterion =   0.000000010000

******************* MD= 1  SCF=166 *******************
<Poisson>  Poisson's equation using FFT...
<Set_Hamiltonian>  Hamiltonian matrix for VNA+dVH+Vxc...
<Band>  Solving the eigenvalue problem...
 KGrids1:  -0.42857  -0.28571  -0.14286   0.00000   0.14286   0.28572   0.42857 
 KGrids2:  -0.42857  -0.28572  -0.14286  -0.00000   0.14286   0.28571   0.42857 
 KGrids3:  -0.42857  -0.28571  -0.14286   0.00000   0.14286   0.28572   0.42857 
<Band_DFT>  Eigen, time=0.137995
<Band_DFT>  DM, time=0.211135
    1   Ni  MulP 9.33 8.67 sum 18.00 diff  0.66 (  0.23 224.99)  Ml 0.05 (  0.22 224.95)  Ml+s 0.71 (  0.23 224.99)
 Sum of MulP: up   =     9.33066 down          =     8.66934
              total=    18.00000 ideal(neutral)=    18.00000
<DFT>  Total Spin Moment    (muB)  0.661324521   Angles    0.234368878   224.994307794
<DFT>  Total Orbital Moment (muB)  0.052437828   Angles    0.223529079   224.951360209
<DFT>  Total Moment         (muB)  0.713762347   Angles    0.233572508   224.991288244
<DFT>  Mixing_weight= 0.001000000000
<DFT>  Uele   =  -26.532626262945  dUele     =   0.004525355878
<DFT>  NormRD =    0.002540707710  Criterion =   0.000000010000

******************* MD= 1  SCF=167 *******************
<Poisson>  Poisson's equation using FFT...
<Set_Hamiltonian>  Hamiltonian matrix for VNA+dVH+Vxc...
<Band>  Solving the eigenvalue problem...
 KGrids1:  -0.42857  -0.28571  -0.14286   0.00000   0.14286   0.28572   0.42857 
 KGrids2:  -0.42857  -0.28572  -0.14286  -0.00000   0.14286   0.28571   0.42857 
 KGrids3:  -0.42857  -0.28571  -0.14286   0.00000   0.14286   0.28572   0.42857 
<Band_DFT>  Eigen, time=0.140395
<Band_DFT>  DM, time=0.211257
    1   Ni  MulP 9.36 8.64 sum 18.00 diff  0.73 (  0.25 225.00)  Ml 0.06 (  0.22 224.80)  Ml+s 0.78 (  0.25 224.98)
 Sum of MulP: up   =     9.36280 down          =     8.63720
              total=    18.00000 ideal(neutral)=    18.00000
<DFT>  Total Spin Moment    (muB)  0.725606036   Angles    0.252131146   224.996216926
<DFT>  Total Orbital Moment (muB)  0.056001532   Angles    0.224577196   224.795666038
<DFT>  Total Moment         (muB)  0.781607562   Angles    0.250156837   224.983316964
<DFT>  Mixing_weight= 0.001000000000
<DFT>  Uele   =  -26.563040698641  dUele     =   0.030414435696
<DFT>  NormRD =    0.002436930058  Criterion =   0.000000010000

******************* MD= 1  SCF=168 *******************
<Poisson>  Poisson's equation using FFT...
<Set_Hamiltonian>  Hamiltonian matrix for VNA+dVH+Vxc...
<Band>  Solving the eigenvalue problem...
 KGrids1:  -0.42857  -0.28571  -0.14286   0.00000   0.14286   0.28572   0.42857 
 KGrids2:  -0.42857  -0.28572  -0.14286  -0.00000   0.14286   0.28571   0.42857 
 KGrids3:  -0.42857  -0.28571  -0.14286   0.00000   0.14286   0.28572   0.42857 
<Band_DFT>  Eigen, time=0.140149
<Band_DFT>  DM, time=0.211425
    1   Ni  MulP 9.39 8.61 sum 18.00 diff  0.78 (  0.27 225.00)  Ml 0.06 (  0.09 224.90)  Ml+s 0.84 (  0.26 225.00)
 Sum of MulP: up   =     9.38839 down          =     8.61161
              total=    18.00000 ideal(neutral)=    18.00000
<DFT>  Total Spin Moment    (muB)  0.776783361   Angles    0.270807030   224.997995637
<DFT>  Total Orbital Moment (muB)  0.058297529   Angles    0.093391610   224.899330842
<DFT>  Total Moment         (muB)  0.835080630   Angles    0.258421553   224.995506412
<DFT>  Mixing_weight= 0.001000000000
<DFT>  Uele   =  -26.576023880850  dUele     =   0.012983182209
<DFT>  NormRD =    0.012758874849  Criterion =   0.000000010000

******************* MD= 1  SCF=169 *******************
<Poisson>  Poisson's equation using FFT...
<Set_Hamiltonian>  Hamiltonian matrix for VNA+dVH+Vxc...
<Band>  Solving the eigenvalue problem...
 KGrids1:  -0.42857  -0.28571  -0.14286   0.00000   0.14286   0.28572   0.42857 
 KGrids2:  -0.42857  -0.28572  -0.14286  -0.00000   0.14286   0.28571   0.42857 
 KGrids3:  -0.42857  -0.28571  -0.14286   0.00000   0.14286   0.28572   0.42857 
<Band_DFT>  Eigen, time=0.139520
<Band_DFT>  DM, time=0.211402
    1   Ni  MulP 9.38 8.62 sum 18.00 diff  0.77 (  0.26 225.00)  Ml 0.06 (  0.10 224.88)  Ml+s 0.83 (  0.25 225.00)
 Sum of MulP: up   =     9.38395 down          =     8.61605
              total=    18.00000 ideal(neutral)=    18.00000
<DFT>  Total Spin Moment    (muB)  0.767908697   Angles    0.263747300   224.998043095
<DFT>  Total Orbital Moment (muB)  0.057912738   Angles    0.095206896   224.883773734
<DFT>  Total Moment         (muB)  0.825821202   Angles    0.251927994   224.995014712
<DFT>  Mixing_weight= 0.001000000000
<DFT>  Uele   =  -26.574273803598  dUele     =   0.001750077252
<DFT>  NormRD =    0.013361709184  Criterion =   0.000000010000

******************* MD= 1  SCF=170 *******************
<Poisson>  Poisson's equation using FFT...
<Set_Hamiltonian>  Hamiltonian matrix for VNA+dVH+Vxc...
<Band>  Solving the eigenvalue problem...
 KGrids1:  -0.42857  -0.28571  -0.14286   0.00000   0.14286   0.28572   0.42857 
 KGrids2:  -0.42857  -0.28572  -0.14286  -0.00000   0.14286   0.28571   0.42857 
 KGrids3:  -0.42857  -0.28571  -0.14286   0.00000   0.14286   0.28572   0.42857 
<Band_DFT>  Eigen, time=0.138717
<Band_DFT>  DM, time=0.211596
    1   Ni  MulP 9.38 8.62 sum 18.00 diff  0.76 (  0.27 225.00)  Ml 0.06 (  0.12 225.01)  Ml+s 0.82 (  0.26 225.00)
 Sum of MulP: up   =     9.37880 down          =     8.62120
              total=    18.00000 ideal(neutral)=    18.00000
<DFT>  Total Spin Moment    (muB)  0.757598274   Angles    0.273093289   224.998702450
<DFT>  Total Orbital Moment (muB)  0.057457395   Angles    0.120034396   225.012623935
<DFT>  Total Moment         (muB)  0.815055478   Angles    0.262303403   224.999151554
<DFT>  Mixing_weight= 0.001000000000
<DFT>  Uele   =  -26.571927728835  dUele     =   0.002346074762
<DFT>  NormRD =    0.013292957287  Criterion =   0.000000010000

******************* MD= 1  SCF=171 *******************
<Poisson>  Poisson's equation using FFT...
<Set_Hamiltonian>  Hamiltonian matrix for VNA+dVH+Vxc...
<Band>  Solving the eigenvalue problem...
 KGrids1:  -0.42857  -0.28571  -0.14286   0.00000   0.14286   0.28572   0.42857 
 KGrids2:  -0.42857  -0.28572  -0.14286  -0.00000   0.14286   0.28571   0.42857 
 KGrids3:  -0.42857  -0.28571  -0.14286   0.00000   0.14286   0.28572   0.42857 
<Band_DFT>  Eigen, time=0.140303
<Band_DFT>  DM, time=0.211350
    1   Ni  MulP 9.37 8.63 sum 18.00 diff  0.74 (  0.28 225.00)  Ml 0.06 (  0.16 225.04)  Ml+s 0.80 (  0.27 225.00)
 Sum of MulP: up   =     9.37147 down          =     8.62853
              total=    18.00000 ideal(neutral)=    18.00000
<DFT>  Total Spin Moment    (muB)  0.742935287   Angles    0.282325993   224.998392327
<DFT>  Total Orbital Moment (muB)  0.056795457   Angles    0.158222886   225.038712847
<DFT>  Total Moment         (muB)  0.799730620   Angles    0.273512414   225.000048819
<DFT>  Mixing_weight= 0.001000000000
<DFT>  Uele   =  -26.568093367989  dUele     =   0.003834360847
<DFT>  NormRD =    0.013231785296  Criterion =   0.000000010000

******************* MD= 1  SCF=172 *******************
<Poisson>  Poisson's equation using FFT...
<Set_Hamiltonian>  Hamiltonian matrix for VNA+dVH+Vxc...
<Band>  Solving the eigenvalue problem...
 KGrids1:  -0.42857  -0.28571  -0.14286   0.00000   0.14286   0.28572   0.42857 
 KGrids2:  -0.42857  -0.28572  -0.14286  -0.00000   0.14286   0.28571   0.42857 
 KGrids3:  -0.42857  -0.28571  -0.14286   0.00000   0.14286   0.28572   0.42857 
<Band_DFT>  Eigen, time=0.140573
<Band_DFT>  DM, time=0.211319
    1   Ni  MulP 9.22 8.78 sum 18.00 diff  0.44 (  0.09 224.99)  Ml 0.04 (  0.69  44.99)  Ml+s 0.48 (  0.03 224.97)
 Sum of MulP: up   =     9.22103 down          =     8.77897
              total=    18.00000 ideal(neutral)=    18.00000
<DFT>  Total Spin Moment    (muB)  0.442051539   Angles    0.089751432   224.986715366
<DFT>  Total Orbital Moment (muB)  0.038242090   Angles    0.691958626    44.993564036
<DFT>  Total Moment         (muB)  0.480290353   Angles    0.027511364   224.973000188
<DFT>  Mixing_weight= 0.001000000000
<DFT>  Uele   =  -26.497363922871  dUele     =   0.070729445117
<DFT>  NormRD =    0.013356916027  Criterion =   0.000000010000

******************* MD= 1  SCF=173 *******************
<Poisson>  Poisson's equation using FFT...
<Set_Hamiltonian>  Hamiltonian matrix for VNA+dVH+Vxc...
<Band>  Solving the eigenvalue problem...
 KGrids1:  -0.42857  -0.28571  -0.14286   0.00000   0.14286   0.28572   0.42857 
 KGrids2:  -0.42857  -0.28572  -0.14286  -0.00000   0.14286   0.28571   0.42857 
 KGrids3:  -0.42857  -0.28571  -0.14286   0.00000   0.14286   0.28572   0.42857 
<Band_DFT>  Eigen, time=0.138533
<Band_DFT>  DM, time=0.211687
    1   Ni  MulP 9.31 8.69 sum 18.00 diff  0.62 (  0.17 225.00)  Ml 0.05 (  0.19 225.04)  Ml+s 0.67 (  0.17 225.00)
 Sum of MulP: up   =     9.30939 down          =     8.69061
              total=    18.00000 ideal(neutral)=    18.00000
<DFT>  Total Spin Moment    (muB)  0.618772734   Angles    0.165881046   224.997642707
<DFT>  Total Orbital Moment (muB)  0.050034642   Angles    0.185057073   225.037037250
<DFT>  Total Moment         (muB)  0.668807373   Angles    0.167315635   225.000902386
<DFT>  Mixing_weight= 0.001000000000
<DFT>  Uele   =  -26.526682235970  dUele     =   0.029318313099
<DFT>  NormRD =    0.002766070329  Criterion =   0.000000010000

******************* MD= 1  SCF=174 *******************
<Poisson>  Poisson's equation using FFT...
<Set_Hamiltonian>  Hamiltonian matrix for VNA+dVH+Vxc...
<Band>  Solving the eigenvalue problem...
 KGrids1:  -0.42857  -0.28571  -0.14286   0.00000   0.14286   0.28572   0.42857 
 KGrids2:  -0.42857  -0.28572  -0.14286  -0.00000   0.14286   0.28571   0.42857 
 KGrids3:  -0.42857  -0.28571  -0.14286   0.00000   0.14286   0.28572   0.42857 
<Band_DFT>  Eigen, time=0.140613
<Band_DFT>  DM, time=0.211563
    1   Ni  MulP 9.32 8.68 sum 18.00 diff  0.63 (  0.16 225.00)  Ml 0.05 (  0.17 225.11)  Ml+s 0.68 (  0.16 225.01)
 Sum of MulP: up   =     9.31616 down          =     8.68384
              total=    18.00000 ideal(neutral)=    18.00000
<DFT>  Total Spin Moment    (muB)  0.632310425   Angles    0.155962917   224.998182295
<DFT>  Total Orbital Moment (muB)  0.050827185   Angles    0.168921598   225.108002814
<DFT>  Total Moment         (muB)  0.683137609   Angles    0.156927054   225.006977751
<DFT>  Mixing_weight= 0.001000000000
<DFT>  Uele   =  -26.529210250710  dUele     =   0.002528014740
<DFT>  NormRD =    0.002203605843  Criterion =   0.000000010000

******************* MD= 1  SCF=175 *******************
<Poisson>  Poisson's equation using FFT...
<Set_Hamiltonian>  Hamiltonian matrix for VNA+dVH+Vxc...
<Band>  Solving the eigenvalue problem...
 KGrids1:  -0.42857  -0.28571  -0.14286   0.00000   0.14286   0.28572   0.42857 
 KGrids2:  -0.42857  -0.28572  -0.14286  -0.00000   0.14286   0.28571   0.42857 
 KGrids3:  -0.42857  -0.28571  -0.14286   0.00000   0.14286   0.28572   0.42857 
<Band_DFT>  Eigen, time=0.138364
<Band_DFT>  DM, time=0.211488
    1   Ni  MulP 9.33 8.67 sum 18.00 diff  0.66 (  0.16 225.00)  Ml 0.05 (  0.18 224.99)  Ml+s 0.71 (  0.16 225.00)
 Sum of MulP: up   =     9.32824 down          =     8.67176
              total=    18.00000 ideal(neutral)=    18.00000
<DFT>  Total Spin Moment    (muB)  0.656470979   Angles    0.159144441   224.997946170
<DFT>  Total Orbital Moment (muB)  0.052194829   Angles    0.181323131   224.990078603
<DFT>  Total Moment         (muB)  0.708665804   Angles    0.160777951   224.997292659
<DFT>  Mixing_weight= 0.001000000000
<DFT>  Uele   =  -26.533421624959  dUele     =   0.004211374249
<DFT>  NormRD =    0.002232226300  Criterion =   0.000000010000

******************* MD= 1  SCF=176 *******************
<Poisson>  Poisson's equation using FFT...
<Set_Hamiltonian>  Hamiltonian matrix for VNA+dVH+Vxc...
<Band>  Solving the eigenvalue problem...
 KGrids1:  -0.42857  -0.28571  -0.14286   0.00000   0.14286   0.28572   0.42857 
 KGrids2:  -0.42857  -0.28572  -0.14286  -0.00000   0.14286   0.28571   0.42857 
 KGrids3:  -0.42857  -0.28571  -0.14286   0.00000   0.14286   0.28572   0.42857 
<Band_DFT>  Eigen, time=0.139093
<Band_DFT>  DM, time=0.212187
    1   Ni  MulP 9.33 8.67 sum 18.00 diff  0.66 (  0.16 225.00)  Ml 0.05 (  0.19 225.01)  Ml+s 0.72 (  0.16 225.00)
 Sum of MulP: up   =     9.33158 down          =     8.66842
              total=    18.00000 ideal(neutral)=    18.00000
<DFT>  Total Spin Moment    (muB)  0.663166960   Angles    0.159634446   224.998441723
<DFT>  Total Orbital Moment (muB)  0.052566762   Angles    0.189359927   225.007087444
<DFT>  Total Moment         (muB)  0.715733716   Angles    0.161817621   224.999184782
<DFT>  Mixing_weight= 0.001000000000
<DFT>  Uele   =  -26.534714649765  dUele     =   0.001293024806
<DFT>  NormRD =    0.002128920530  Criterion =   0.000000010000

******************* MD= 1  SCF=177 *******************
<Poisson>  Poisson's equation using FFT...
<Set_Hamiltonian>  Hamiltonian matrix for VNA+dVH+Vxc...
<Band>  Solving the eigenvalue problem...
 KGrids1:  -0.42857  -0.28571  -0.14286   0.00000   0.14286   0.28572   0.42857 
 KGrids2:  -0.42857  -0.28572  -0.14286  -0.00000   0.14286   0.28571   0.42857 
 KGrids3:  -0.42857  -0.28571  -0.14286   0.00000   0.14286   0.28572   0.42857 
<Band_DFT>  Eigen, time=0.138748
<Band_DFT>  DM, time=0.211617
    1   Ni  MulP 9.30 8.70 sum 18.00 diff  0.59 (  0.13 225.00)  Ml 0.05 (  0.17 224.99)  Ml+s 0.64 (  0.13 225.00)
 Sum of MulP: up   =     9.29605 down          =     8.70395
              total=    18.00000 ideal(neutral)=    18.00000
<DFT>  Total Spin Moment    (muB)  0.592103452   Angles    0.129933599   224.998528170
<DFT>  Total Orbital Moment (muB)  0.048435102   Angles    0.170418082   224.988048803
<DFT>  Total Moment         (muB)  0.640538542   Angles    0.132994882   224.997512786
<DFT>  Mixing_weight= 0.001000000000
<DFT>  Uele   =  -26.523068775687  dUele     =   0.011645874079
<DFT>  NormRD =    0.002159732494  Criterion =   0.000000010000

******************* MD= 1  SCF=178 *******************
<Poisson>  Poisson's equation using FFT...
<Set_Hamiltonian>  Hamiltonian matrix for VNA+dVH+Vxc...
<Band>  Solving the eigenvalue problem...
 KGrids1:  -0.42857  -0.28571  -0.14286   0.00000   0.14286   0.28572   0.42857 
 KGrids2:  -0.42857  -0.28572  -0.14286  -0.00000   0.14286   0.28571   0.42857 
 KGrids3:  -0.42857  -0.28571  -0.14286   0.00000   0.14286   0.28572   0.42857 
<Band_DFT>  Eigen, time=0.138524
<Band_DFT>  DM, time=0.211337
    1   Ni  MulP 9.26 8.74 sum 18.00 diff  0.53 (  0.14 225.00)  Ml 0.04 (  0.00 222.39)  Ml+s 0.57 (  0.13 224.99)
 Sum of MulP: up   =     9.26500 down          =     8.73500
              total=    18.00000 ideal(neutral)=    18.00000
<DFT>  Total Spin Moment    (muB)  0.529998204   Angles    0.138915818   224.996902574
<DFT>  Total Orbital Moment (muB)  0.044426237   Angles    0.003343343   222.386479381
<DFT>  Total Moment         (muB)  0.574424326   Angles    0.128430324   224.991648682
<DFT>  Mixing_weight= 0.001000000000
<DFT>  Uele   =  -26.512738460704  dUele     =   0.010330314982
<DFT>  NormRD =    0.002255325866  Criterion =   0.000000010000

******************* MD= 1  SCF=179 *******************
<Poisson>  Poisson's equation using FFT...
<Set_Hamiltonian>  Hamiltonian matrix for VNA+dVH+Vxc...
<Band>  Solving the eigenvalue problem...
 KGrids1:  -0.42857  -0.28571  -0.14286   0.00000   0.14286   0.28572   0.42857 
 KGrids2:  -0.42857  -0.28572  -0.14286  -0.00000   0.14286   0.28571   0.42857 
 KGrids3:  -0.42857  -0.28571  -0.14286   0.00000   0.14286   0.28572   0.42857 
<Band_DFT>  Eigen, time=0.138540
<Band_DFT>  DM, time=0.211588
    1   Ni  MulP 9.26 8.74 sum 18.00 diff  0.53 (  0.15 225.00)  Ml 0.04 (  0.01  45.43)  Ml+s 0.57 (  0.14 224.99)
 Sum of MulP: up   =     9.26349 down          =     8.73651
              total=    18.00000 ideal(neutral)=    18.00000
<DFT>  Total Spin Moment    (muB)  0.526986115   Angles    0.148180451   224.996296090
<DFT>  Total Orbital Moment (muB)  0.044221621   Angles    0.012819584    45.433417769
<DFT>  Total Moment         (muB)  0.571207575   Angles    0.135716232   224.993099541
<DFT>  Mixing_weight= 0.001000000000
<DFT>  Uele   =  -26.512044068443  dUele     =   0.000694392262
<DFT>  NormRD =    0.002920036792  Criterion =   0.000000010000

******************* MD= 1  SCF=180 *******************
<Poisson>  Poisson's equation using FFT...
<Set_Hamiltonian>  Hamiltonian matrix for VNA+dVH+Vxc...
<Band>  Solving the eigenvalue problem...
 KGrids1:  -0.42857  -0.28571  -0.14286   0.00000   0.14286   0.28572   0.42857 
 KGrids2:  -0.42857  -0.28572  -0.14286  -0.00000   0.14286   0.28571   0.42857 
 KGrids3:  -0.42857  -0.28571  -0.14286   0.00000   0.14286   0.28572   0.42857 
<Band_DFT>  Eigen, time=0.138767
<Band_DFT>  DM, time=0.211824
    1   Ni  MulP 9.27 8.73 sum 18.00 diff  0.53 (  0.15 225.00)  Ml 0.04 (  0.02 224.67)  Ml+s 0.58 (  0.14 224.99)
 Sum of MulP: up   =     9.26636 down          =     8.73364
              total=    18.00000 ideal(neutral)=    18.00000
<DFT>  Total Spin Moment    (muB)  0.532718030   Angles    0.154544908   224.995714819
<DFT>  Total Orbital Moment (muB)  0.044605740   Angles    0.019027994   224.665138215
<DFT>  Total Moment         (muB)  0.577323655   Angles    0.144074454   224.992341576
<DFT>  Mixing_weight= 0.001000000000
<DFT>  Uele   =  -26.512824486341  dUele     =   0.000780417899
<DFT>  NormRD =    0.002986002328  Criterion =   0.000000010000

******************* MD= 1  SCF=181 *******************
<Poisson>  Poisson's equation using FFT...
<Set_Hamiltonian>  Hamiltonian matrix for VNA+dVH+Vxc...
<Band>  Solving the eigenvalue problem...
 KGrids1:  -0.42857  -0.28571  -0.14286   0.00000   0.14286   0.28572   0.42857 
 KGrids2:  -0.42857  -0.28572  -0.14286  -0.00000   0.14286   0.28571   0.42857 
 KGrids3:  -0.42857  -0.28571  -0.14286   0.00000   0.14286   0.28572   0.42857 
<Band_DFT>  Eigen, time=0.138716
<Band_DFT>  DM, time=0.211693
    1   Ni  MulP 9.28 8.72 sum 18.00 diff  0.56 (  0.18 225.00)  Ml 0.05 (  0.14 224.99)  Ml+s 0.60 (  0.18 225.00)
 Sum of MulP: up   =     9.27786 down          =     8.72214
              total=    18.00000 ideal(neutral)=    18.00000
<DFT>  Total Spin Moment    (muB)  0.555711349   Angles    0.180281589   224.996353980
<DFT>  Total Orbital Moment (muB)  0.046113278   Angles    0.135067877   224.986711687
<DFT>  Total Moment         (muB)  0.601824614   Angles    0.176817204   224.995789610
<DFT>  Mixing_weight= 0.001000000000
<DFT>  Uele   =  -26.515939571407  dUele     =   0.003115085066
<DFT>  NormRD =    0.002907619534  Criterion =   0.000000010000

******************* MD= 1  SCF=182 *******************
<Poisson>  Poisson's equation using FFT...
<Set_Hamiltonian>  Hamiltonian matrix for VNA+dVH+Vxc...
<Band>  Solving the eigenvalue problem...
 KGrids1:  -0.42857  -0.28571  -0.14286   0.00000   0.14286   0.28572   0.42857 
 KGrids2:  -0.42857  -0.28572  -0.14286  -0.00000   0.14286   0.28571   0.42857 
 KGrids3:  -0.42857  -0.28571  -0.14286   0.00000   0.14286   0.28572   0.42857 
<Band_DFT>  Eigen, time=0.140532
<Band_DFT>  DM, time=0.211500
    1   Ni  MulP 9.24 8.76 sum 18.00 diff  0.48 (  0.12 225.00)  Ml 0.04 (  0.34  44.99)  Ml+s 0.52 (  0.09 225.00)
 Sum of MulP: up   =     9.23996 down          =     8.76004
              total=    18.00000 ideal(neutral)=    18.00000
<DFT>  Total Spin Moment    (muB)  0.479914936   Angles    0.122041462   224.995746919
<DFT>  Total Orbital Moment (muB)  0.040978454   Angles    0.336633637    44.987562405
<DFT>  Total Moment         (muB)  0.520892180   Angles    0.085957993   224.998268480
<DFT>  Mixing_weight= 0.001000000000
<DFT>  Uele   =  -26.505170324147  dUele     =   0.010769247260
<DFT>  NormRD =    0.002712086044  Criterion =   0.000000010000

******************* MD= 1  SCF=183 *******************
<Poisson>  Poisson's equation using FFT...
<Set_Hamiltonian>  Hamiltonian matrix for VNA+dVH+Vxc...
<Band>  Solving the eigenvalue problem...
 KGrids1:  -0.42857  -0.28571  -0.14286   0.00000   0.14286   0.28572   0.42857 
 KGrids2:  -0.42857  -0.28572  -0.14286  -0.00000   0.14286   0.28571   0.42857 
 KGrids3:  -0.42857  -0.28571  -0.14286   0.00000   0.14286   0.28572   0.42857 
<Band_DFT>  Eigen, time=0.139005
<Band_DFT>  DM, time=0.211849
    1   Ni  MulP 9.23 8.77 sum 18.00 diff  0.46 (  0.09 225.00)  Ml 0.04 (  0.50  45.00)  Ml+s 0.50 (  0.05 224.99)
 Sum of MulP: up   =     9.23047 down          =     8.76953
              total=    18.00000 ideal(neutral)=    18.00000
<DFT>  Total Spin Moment    (muB)  0.460930948   Angles    0.092424683   224.995475563
<DFT>  Total Orbital Moment (muB)  0.039624669   Angles    0.499162027    44.996880719
<DFT>  Total Moment         (muB)  0.500553672   Angles    0.045594513   224.994257799
<DFT>  Mixing_weight= 0.001000000000
<DFT>  Uele   =  -26.502216527015  dUele     =   0.002953797131
<DFT>  NormRD =    0.003242270730  Criterion =   0.000000010000

******************* MD= 1  SCF=184 *******************
<Poisson>  Poisson's equation using FFT...
<Set_Hamiltonian>  Hamiltonian matrix for VNA+dVH+Vxc...
<Band>  Solving the eigenvalue problem...
 KGrids1:  -0.42857  -0.28571  -0.14286   0.00000   0.14286   0.28572   0.42857 
 KGrids2:  -0.42857  -0.28572  -0.14286  -0.00000   0.14286   0.28571   0.42857 
 KGrids3:  -0.42857  -0.28571  -0.14286   0.00000   0.14286   0.28572   0.42857 
<Band_DFT>  Eigen, time=0.138476
<Band_DFT>  DM, time=0.211297
    1   Ni  MulP 9.23 8.77 sum 18.00 diff  0.46 (  0.05 225.00)  Ml 0.04 (  0.52  45.00)  Ml+s 0.50 (  0.00 225.05)
 Sum of MulP: up   =     9.23080 down          =     8.76920
              total=    18.00000 ideal(neutral)=    18.00000
<DFT>  Total Spin Moment    (muB)  0.461603008   Angles    0.047290371   224.998021143
<DFT>  Total Orbital Moment (muB)  0.039687362   Angles    0.521236438    44.995409752
<DFT>  Total Moment         (muB)  0.501288571   Angles    0.002280447   225.045275873
<DFT>  Mixing_weight= 0.001000000000
<DFT>  Uele   =  -26.503364049384  dUele     =   0.001147522369
<DFT>  NormRD =    0.003084029287  Criterion =   0.000000010000

******************* MD= 1  SCF=185 *******************
<Poisson>  Poisson's equation using FFT...
<Set_Hamiltonian>  Hamiltonian matrix for VNA+dVH+Vxc...
<Band>  Solving the eigenvalue problem...
 KGrids1:  -0.42857  -0.28571  -0.14286   0.00000   0.14286   0.28572   0.42857 
 KGrids2:  -0.42857  -0.28572  -0.14286  -0.00000   0.14286   0.28571   0.42857 
 KGrids3:  -0.42857  -0.28571  -0.14286   0.00000   0.14286   0.28572   0.42857 
<Band_DFT>  Eigen, time=0.138531
<Band_DFT>  DM, time=0.211285
    1   Ni  MulP 9.24 8.76 sum 18.00 diff  0.48 (  0.06 225.00)  Ml 0.04 (  0.34  45.00)  Ml+s 0.53 (  0.03 225.00)
 Sum of MulP: up   =     9.24249 down          =     8.75751
              total=    18.00000 ideal(neutral)=    18.00000
<DFT>  Total Spin Moment    (muB)  0.484974653   Angles    0.057743181   224.998915135
<DFT>  Total Orbital Moment (muB)  0.041361211   Angles    0.340873208    44.995839086
<DFT>  Total Moment         (muB)  0.526334942   Angles    0.026418785   225.002034037
<DFT>  Mixing_weight= 0.001000000000
<DFT>  Uele   =  -26.507637218432  dUele     =   0.004273169048
<DFT>  NormRD =    0.002992177264  Criterion =   0.000000010000

******************* MD= 1  SCF=186 *******************
<Poisson>  Poisson's equation using FFT...
<Set_Hamiltonian>  Hamiltonian matrix for VNA+dVH+Vxc...
<Band>  Solving the eigenvalue problem...
 KGrids1:  -0.42857  -0.28571  -0.14286   0.00000   0.14286   0.28572   0.42857 
 KGrids2:  -0.42857  -0.28572  -0.14286  -0.00000   0.14286   0.28571   0.42857 
 KGrids3:  -0.42857  -0.28571  -0.14286   0.00000   0.14286   0.28572   0.42857 
<Band_DFT>  Eigen, time=0.138714
<Band_DFT>  DM, time=0.211683
    1   Ni  MulP 9.24 8.76 sum 18.00 diff  0.48 (  0.06 225.00)  Ml 0.04 (  0.35  45.00)  Ml+s 0.53 (  0.02 225.00)
 Sum of MulP: up   =     9.24210 down          =     8.75790
              total=    18.00000 ideal(neutral)=    18.00000
<DFT>  Total Spin Moment    (muB)  0.484195516   Angles    0.055533884   224.999404916
<DFT>  Total Orbital Moment (muB)  0.041306605   Angles    0.348004748    44.995289795
<DFT>  Total Moment         (muB)  0.525501177   Angles    0.023814309   225.004131778
<DFT>  Mixing_weight= 0.001000000000
<DFT>  Uele   =  -26.507550537376  dUele     =   0.000086681056
<DFT>  NormRD =    0.003133489300  Criterion =   0.000000010000

******************* MD= 1  SCF=187 *******************
<Poisson>  Poisson's equation using FFT...
<Set_Hamiltonian>  Hamiltonian matrix for VNA+dVH+Vxc...
<Band>  Solving the eigenvalue problem...
 KGrids1:  -0.42857  -0.28571  -0.14286   0.00000   0.14286   0.28572   0.42857 
 KGrids2:  -0.42857  -0.28572  -0.14286  -0.00000   0.14286   0.28571   0.42857 
 KGrids3:  -0.42857  -0.28571  -0.14286   0.00000   0.14286   0.28572   0.42857 
<Band_DFT>  Eigen, time=0.138635
<Band_DFT>  DM, time=0.211258
    1   Ni  MulP 9.24 8.76 sum 18.00 diff  0.47 (  0.04 225.00)  Ml 0.04 (  0.45  45.01)  Ml+s 0.51 (  0.00  45.21)
 Sum of MulP: up   =     9.23642 down          =     8.76358
              total=    18.00000 ideal(neutral)=    18.00000
<DFT>  Total Spin Moment    (muB)  0.472846861   Angles    0.036748351   225.000508928
<DFT>  Total Orbital Moment (muB)  0.040502857   Angles    0.446612582    45.008660567
<DFT>  Total Moment         (muB)  0.513348391   Angles    0.001388074    45.207443589
<DFT>  Mixing_weight= 0.001000000000
<DFT>  Uele   =  -26.505879742566  dUele     =   0.001670794809
<DFT>  NormRD =    0.003137691497  Criterion =   0.000000010000

******************* MD= 1  SCF=188 *******************
<Poisson>  Poisson's equation using FFT...
<Set_Hamiltonian>  Hamiltonian matrix for VNA+dVH+Vxc...
<Band>  Solving the eigenvalue problem...
 KGrids1:  -0.42857  -0.28571  -0.14286   0.00000   0.14286   0.28572   0.42857 
 KGrids2:  -0.42857  -0.28572  -0.14286  -0.00000   0.14286   0.28571   0.42857 
 KGrids3:  -0.42857  -0.28571  -0.14286   0.00000   0.14286   0.28572   0.42857 
<Band_DFT>  Eigen, time=0.140181
<Band_DFT>  DM, time=0.211846
    1   Ni  MulP 9.27 8.73 sum 18.00 diff  0.54 (  0.10 225.00)  Ml 0.05 (  0.04 225.09)  Ml+s 0.59 (  0.10 225.00)
 Sum of MulP: up   =     9.27076 down          =     8.72924
              total=    18.00000 ideal(neutral)=    18.00000
<DFT>  Total Spin Moment    (muB)  0.541521471   Angles    0.100349451   224.998490794
<DFT>  Total Orbital Moment (muB)  0.045210201   Angles    0.043457891   225.086052214
<DFT>  Total Moment         (muB)  0.586731652   Angles    0.095965708   225.001546153
<DFT>  Mixing_weight= 0.001000000000
<DFT>  Uele   =  -26.515593366622  dUele     =   0.009713624055
<DFT>  NormRD =    0.003139224763  Criterion =   0.000000010000

******************* MD= 1  SCF=189 *******************
<Poisson>  Poisson's equation using FFT...
<Set_Hamiltonian>  Hamiltonian matrix for VNA+dVH+Vxc...
<Band>  Solving the eigenvalue problem...
 KGrids1:  -0.42857  -0.28571  -0.14286   0.00000   0.14286   0.28572   0.42857 
 KGrids2:  -0.42857  -0.28572  -0.14286  -0.00000   0.14286   0.28571   0.42857 
 KGrids3:  -0.42857  -0.28571  -0.14286   0.00000   0.14286   0.28572   0.42857 
<Band_DFT>  Eigen, time=0.140545
<Band_DFT>  DM, time=0.211649
    1   Ni  MulP 9.27 8.73 sum 18.00 diff  0.54 (  0.10 225.00)  Ml 0.04 (  0.02 224.21)  Ml+s 0.58 (  0.10 224.98)
 Sum of MulP: up   =     9.26770 down          =     8.73230
              total=    18.00000 ideal(neutral)=    18.00000
<DFT>  Total Spin Moment    (muB)  0.535390887   Angles    0.101311252   224.995144475
<DFT>  Total Orbital Moment (muB)  0.044796755   Angles    0.022296407   224.212227699
<DFT>  Total Moment         (muB)  0.580187603   Angles    0.095210296   224.980988775
<DFT>  Mixing_weight= 0.001000000000
<DFT>  Uele   =  -26.514446031553  dUele     =   0.001147335068
<DFT>  NormRD =    0.002771870913  Criterion =   0.000000010000

******************* MD= 1  SCF=190 *******************
<Poisson>  Poisson's equation using FFT...
<Set_Hamiltonian>  Hamiltonian matrix for VNA+dVH+Vxc...
<Band>  Solving the eigenvalue problem...
 KGrids1:  -0.42857  -0.28571  -0.14286   0.00000   0.14286   0.28572   0.42857 
 KGrids2:  -0.42857  -0.28572  -0.14286  -0.00000   0.14286   0.28571   0.42857 
 KGrids3:  -0.42857  -0.28571  -0.14286   0.00000   0.14286   0.28572   0.42857 
<Band_DFT>  Eigen, time=0.138505
<Band_DFT>  DM, time=0.211338
    1   Ni  MulP 9.27 8.73 sum 18.00 diff  0.54 (  0.10 225.00)  Ml 0.05 (  0.07 224.95)  Ml+s 0.59 (  0.10 224.99)
 Sum of MulP: up   =     9.27245 down          =     8.72755
              total=    18.00000 ideal(neutral)=    18.00000
<DFT>  Total Spin Moment    (muB)  0.544905041   Angles    0.103042753   224.995982683
<DFT>  Total Orbital Moment (muB)  0.045425807   Angles    0.072850373   224.945531986
<DFT>  Total Moment         (muB)  0.590330843   Angles    0.100719455   224.993174711
<DFT>  Mixing_weight= 0.001000000000
<DFT>  Uele   =  -26.515943240500  dUele     =   0.001497208947
<DFT>  NormRD =    0.002833365108  Criterion =   0.000000010000

******************* MD= 1  SCF=191 *******************
<Poisson>  Poisson's equation using FFT...
<Set_Hamiltonian>  Hamiltonian matrix for VNA+dVH+Vxc...
<Band>  Solving the eigenvalue problem...
 KGrids1:  -0.42857  -0.28571  -0.14286   0.00000   0.14286   0.28572   0.42857 
 KGrids2:  -0.42857  -0.28572  -0.14286  -0.00000   0.14286   0.28571   0.42857 
 KGrids3:  -0.42857  -0.28571  -0.14286   0.00000   0.14286   0.28572   0.42857 
<Band_DFT>  Eigen, time=0.138466
<Band_DFT>  DM, time=0.211500
    1   Ni  MulP 9.34 8.66 sum 18.00 diff  0.69 (  0.22 224.99)  Ml 0.05 (  0.30 225.03)  Ml+s 0.74 (  0.22 225.00)
 Sum of MulP: up   =     9.34397 down          =     8.65603
              total=    18.00000 ideal(neutral)=    18.00000
<DFT>  Total Spin Moment    (muB)  0.687943189   Angles    0.216909605   224.994647984
<DFT>  Total Orbital Moment (muB)  0.053888203   Angles    0.304912850   225.025976178
<DFT>  Total Moment         (muB)  0.741831333   Angles    0.223302342   224.997755443
<DFT>  Mixing_weight= 0.001000000000
<DFT>  Uele   =  -26.538615351291  dUele     =   0.022672110791
<DFT>  NormRD =    0.002739668522  Criterion =   0.000000010000

******************* MD= 1  SCF=192 *******************
<Poisson>  Poisson's equation using FFT...
<Set_Hamiltonian>  Hamiltonian matrix for VNA+dVH+Vxc...
<Band>  Solving the eigenvalue problem...
 KGrids1:  -0.42857  -0.28571  -0.14286   0.00000   0.14286   0.28572   0.42857 
 KGrids2:  -0.42857  -0.28572  -0.14286  -0.00000   0.14286   0.28571   0.42857 
 KGrids3:  -0.42857  -0.28571  -0.14286   0.00000   0.14286   0.28572   0.42857 
<Band_DFT>  Eigen, time=0.140516
<Band_DFT>  DM, time=0.211568
    1   Ni  MulP 9.36 8.64 sum 18.00 diff  0.72 (  0.27 225.00)  Ml 0.06 (  0.28 225.06)  Ml+s 0.78 (  0.27 225.00)
 Sum of MulP: up   =     9.36120 down          =     8.63880
              total=    18.00000 ideal(neutral)=    18.00000
<DFT>  Total Spin Moment    (muB)  0.722402752   Angles    0.267450704   224.995295122
<DFT>  Total Orbital Moment (muB)  0.055826383   Angles    0.282723955   225.064411694
<DFT>  Total Moment         (muB)  0.778229133   Angles    0.268546319   225.000514963
<DFT>  Mixing_weight= 0.001000000000
<DFT>  Uele   =  -26.560730233990  dUele     =   0.022114882699
<DFT>  NormRD =    0.003597166695  Criterion =   0.000000010000

******************* MD= 1  SCF=193 *******************
<Poisson>  Poisson's equation using FFT...
<Set_Hamiltonian>  Hamiltonian matrix for VNA+dVH+Vxc...
<Band>  Solving the eigenvalue problem...
 KGrids1:  -0.42857  -0.28571  -0.14286   0.00000   0.14286   0.28572   0.42857 
 KGrids2:  -0.42857  -0.28572  -0.14286  -0.00000   0.14286   0.28571   0.42857 
 KGrids3:  -0.42857  -0.28571  -0.14286   0.00000   0.14286   0.28572   0.42857 
<Band_DFT>  Eigen, time=0.140817
<Band_DFT>  DM, time=0.211454
    1   Ni  MulP 9.32 8.68 sum 18.00 diff  0.65 (  0.18 225.00)  Ml 0.05 (  0.24 225.01)  Ml+s 0.70 (  0.18 225.00)
 Sum of MulP: up   =     9.32423 down          =     8.67577
              total=    18.00000 ideal(neutral)=    18.00000
<DFT>  Total Spin Moment    (muB)  0.648455107   Angles    0.177606577   224.995646827
<DFT>  Total Orbital Moment (muB)  0.051723242   Angles    0.244913970   225.007524549
<DFT>  Total Moment         (muB)  0.700178315   Angles    0.182578676   224.996823818
<DFT>  Mixing_weight= 0.001000000000
<DFT>  Uele   =  -26.530782134551  dUele     =   0.029948099438
<DFT>  NormRD =    0.012520185235  Criterion =   0.000000010000

******************* MD= 1  SCF=194 *******************
<Poisson>  Poisson's equation using FFT...
<Set_Hamiltonian>  Hamiltonian matrix for VNA+dVH+Vxc...
<Band>  Solving the eigenvalue problem...
 KGrids1:  -0.42857  -0.28571  -0.14286   0.00000   0.14286   0.28572   0.42857 
 KGrids2:  -0.42857  -0.28572  -0.14286  -0.00000   0.14286   0.28571   0.42857 
 KGrids3:  -0.42857  -0.28571  -0.14286   0.00000   0.14286   0.28572   0.42857 
<Band_DFT>  Eigen, time=0.138630
<Band_DFT>  DM, time=0.211811
    1   Ni  MulP 9.32 8.68 sum 18.00 diff  0.64 (  0.18 225.00)  Ml 0.05 (  0.24 225.00)  Ml+s 0.70 (  0.18 225.00)
 Sum of MulP: up   =     9.32213 down          =     8.67787
              total=    18.00000 ideal(neutral)=    18.00000
<DFT>  Total Spin Moment    (muB)  0.644262454   Angles    0.177642379   224.995266718
<DFT>  Total Orbital Moment (muB)  0.051489014   Angles    0.242926410   224.996300200
<DFT>  Total Moment         (muB)  0.695751437   Angles    0.182473716   224.995368539
<DFT>  Mixing_weight= 0.001000000000
<DFT>  Uele   =  -26.530185294232  dUele     =   0.000596840319
<DFT>  NormRD =    0.002460672034  Criterion =   0.000000010000

******************* MD= 1  SCF=195 *******************
<Poisson>  Poisson's equation using FFT...
<Set_Hamiltonian>  Hamiltonian matrix for VNA+dVH+Vxc...
<Band>  Solving the eigenvalue problem...
 KGrids1:  -0.42857  -0.28571  -0.14286   0.00000   0.14286   0.28572   0.42857 
 KGrids2:  -0.42857  -0.28572  -0.14286  -0.00000   0.14286   0.28571   0.42857 
 KGrids3:  -0.42857  -0.28571  -0.14286   0.00000   0.14286   0.28572   0.42857 
<Band_DFT>  Eigen, time=0.138156
<Band_DFT>  DM, time=0.211701
    1   Ni  MulP 9.31 8.69 sum 18.00 diff  0.62 (  0.17 224.99)  Ml 0.05 (  0.24 224.96)  Ml+s 0.67 (  0.18 224.99)
 Sum of MulP: up   =     9.31053 down          =     8.68947
              total=    18.00000 ideal(neutral)=    18.00000
<DFT>  Total Spin Moment    (muB)  0.621053047   Angles    0.170814214   224.993944104
<DFT>  Total Orbital Moment (muB)  0.050156901   Angles    0.241091614   224.957963154
<DFT>  Total Moment         (muB)  0.671209914   Angles    0.176065766   224.990262378
<DFT>  Mixing_weight= 0.001000000000
<DFT>  Uele   =  -26.526656275044  dUele     =   0.003529019188
<DFT>  NormRD =    0.002393469267  Criterion =   0.000000010000

******************* MD= 1  SCF=196 *******************
<Poisson>  Poisson's equation using FFT...
<Set_Hamiltonian>  Hamiltonian matrix for VNA+dVH+Vxc...
<Band>  Solving the eigenvalue problem...
 KGrids1:  -0.42857  -0.28571  -0.14286   0.00000   0.14286   0.28572   0.42857 
 KGrids2:  -0.42857  -0.28572  -0.14286  -0.00000   0.14286   0.28571   0.42857 
 KGrids3:  -0.42857  -0.28571  -0.14286   0.00000   0.14286   0.28572   0.42857 
<Band_DFT>  Eigen, time=0.140329
<Band_DFT>  DM, time=0.211595
    1   Ni  MulP 9.28 8.72 sum 18.00 diff  0.56 (  0.14 224.99)  Ml 0.05 (  0.16 224.99)  Ml+s 0.61 (  0.14 224.99)
 Sum of MulP: up   =     9.28001 down          =     8.71999
              total=    18.00000 ideal(neutral)=    18.00000
<DFT>  Total Spin Moment    (muB)  0.560025082   Angles    0.135611117   224.994611900
<DFT>  Total Orbital Moment (muB)  0.046397283   Angles    0.159893431   224.985477141
<DFT>  Total Moment         (muB)  0.606422361   Angles    0.137468952   224.993798995
<DFT>  Mixing_weight= 0.001000000000
<DFT>  Uele   =  -26.517580316309  dUele     =   0.009075958736
<DFT>  NormRD =    0.002383771723  Criterion =   0.000000010000

******************* MD= 1  SCF=197 *******************
<Poisson>  Poisson's equation using FFT...
<Set_Hamiltonian>  Hamiltonian matrix for VNA+dVH+Vxc...
<Band>  Solving the eigenvalue problem...
 KGrids1:  -0.42857  -0.28571  -0.14286   0.00000   0.14286   0.28572   0.42857 
 KGrids2:  -0.42857  -0.28572  -0.14286  -0.00000   0.14286   0.28571   0.42857 
 KGrids3:  -0.42857  -0.28571  -0.14286   0.00000   0.14286   0.28572   0.42857 
<Band_DFT>  Eigen, time=0.140164
<Band_DFT>  DM, time=0.211346
    1   Ni  MulP 9.29 8.71 sum 18.00 diff  0.58 (  0.13 225.00)  Ml 0.05 (  0.20 225.05)  Ml+s 0.63 (  0.14 225.00)
 Sum of MulP: up   =     9.29249 down          =     8.70751
              total=    18.00000 ideal(neutral)=    18.00000
<DFT>  Total Spin Moment    (muB)  0.584982444   Angles    0.131090172   224.996481800
<DFT>  Total Orbital Moment (muB)  0.047985912   Angles    0.204327650   225.052659083
<DFT>  Total Moment         (muB)  0.632968320   Angles    0.136642365   225.002850250
<DFT>  Mixing_weight= 0.001000000000
<DFT>  Uele   =  -26.521794853205  dUele     =   0.004214536897
<DFT>  NormRD =    0.002542789645  Criterion =   0.000000010000

******************* MD= 1  SCF=198 *******************
<Poisson>  Poisson's equation using FFT...
<Set_Hamiltonian>  Hamiltonian matrix for VNA+dVH+Vxc...
<Band>  Solving the eigenvalue problem...
 KGrids1:  -0.42857  -0.28571  -0.14286   0.00000   0.14286   0.28572   0.42857 
 KGrids2:  -0.42857  -0.28572  -0.14286  -0.00000   0.14286   0.28571   0.42857 
 KGrids3:  -0.42857  -0.28571  -0.14286   0.00000   0.14286   0.28572   0.42857 
<Band_DFT>  Eigen, time=0.137965
<Band_DFT>  DM, time=0.211678
    1   Ni  MulP 9.26 8.74 sum 18.00 diff  0.51 (  0.09 224.99)  Ml 0.04 (  0.09  45.12)  Ml+s 0.56 (  0.07 224.98)
 Sum of MulP: up   =     9.25688 down          =     8.74312
              total=    18.00000 ideal(neutral)=    18.00000
<DFT>  Total Spin Moment    (muB)  0.513762486   Angles    0.086262781   224.993909591
<DFT>  Total Orbital Moment (muB)  0.043331434   Angles    0.089173889    45.120106242
<DFT>  Total Moment         (muB)  0.557093733   Angles    0.072617141   224.981855880
<DFT>  Mixing_weight= 0.001000000000
<DFT>  Uele   =  -26.511408999301  dUele     =   0.010385853904
<DFT>  NormRD =    0.002300546549  Criterion =   0.000000010000

******************* MD= 1  SCF=199 *******************
<Poisson>  Poisson's equation using FFT...
<Set_Hamiltonian>  Hamiltonian matrix for VNA+dVH+Vxc...
<Band>  Solving the eigenvalue problem...
 KGrids1:  -0.42857  -0.28571  -0.14286   0.00000   0.14286   0.28572   0.42857 
 KGrids2:  -0.42857  -0.28572  -0.14286  -0.00000   0.14286   0.28571   0.42857 
 KGrids3:  -0.42857  -0.28571  -0.14286   0.00000   0.14286   0.28572   0.42857 
<Band_DFT>  Eigen, time=0.138342
<Band_DFT>  DM, time=0.211767
    1   Ni  MulP 9.26 8.74 sum 18.00 diff  0.53 (  0.09 225.00)  Ml 0.04 (  0.01  45.13)  Ml+s 0.57 (  0.08 224.99)
 Sum of MulP: up   =     9.26255 down          =     8.73745
              total=    18.00000 ideal(neutral)=    18.00000
<DFT>  Total Spin Moment    (muB)  0.525106111   Angles    0.085114026   224.996159053
<DFT>  Total Orbital Moment (muB)  0.044101500   Angles    0.014825774    45.131819653
<DFT>  Total Moment         (muB)  0.569207548   Angles    0.077370821   224.994144974
<DFT>  Mixing_weight= 0.001000000000
<DFT>  Uele   =  -26.513198681544  dUele     =   0.001789682242
<DFT>  NormRD =    0.002907541102  Criterion =   0.000000010000

******************* MD= 1  SCF=200 *******************
<Poisson>  Poisson's equation using FFT...
<Set_Hamiltonian>  Hamiltonian matrix for VNA+dVH+Vxc...
<Band>  Solving the eigenvalue problem...
 KGrids1:  -0.42857  -0.28571  -0.14286   0.00000   0.14286   0.28572   0.42857 
 KGrids2:  -0.42857  -0.28572  -0.14286  -0.00000   0.14286   0.28571   0.42857 
 KGrids3:  -0.42857  -0.28571  -0.14286   0.00000   0.14286   0.28572   0.42857 
<Band_DFT>  Eigen, time=0.138310
<Band_DFT>  DM, time=0.211783
    1   Ni  MulP 9.26 8.74 sum 18.00 diff  0.51 (  0.07 225.00)  Ml 0.04 (  0.09  45.03)  Ml+s 0.56 (  0.06 224.99)
 Sum of MulP: up   =     9.25676 down          =     8.74324
              total=    18.00000 ideal(neutral)=    18.00000
<DFT>  Total Spin Moment    (muB)  0.513520374   Angles    0.071283514   224.996360904
<DFT>  Total Orbital Moment (muB)  0.043314618   Angles    0.087875723    45.030887531
<DFT>  Total Moment         (muB)  0.556834839   Angles    0.058902981   224.992354140
<DFT>  Mixing_weight= 0.001000000000
<DFT>  Uele   =  -26.511638669827  dUele     =   0.001560011716
<DFT>  NormRD =    0.002857878573  Criterion =   0.000000010000

******************* MD= 1  SCF=201 *******************
<Poisson>  Poisson's equation using FFT...
<Set_Hamiltonian>  Hamiltonian matrix for VNA+dVH+Vxc...
<Band>  Solving the eigenvalue problem...
 KGrids1:  -0.42857  -0.28571  -0.14286   0.00000   0.14286   0.28572   0.42857 
 KGrids2:  -0.42857  -0.28572  -0.14286  -0.00000   0.14286   0.28571   0.42857 
 KGrids3:  -0.42857  -0.28571  -0.14286   0.00000   0.14286   0.28572   0.42857 
<Band_DFT>  Eigen, time=0.138413
<Band_DFT>  DM, time=0.211426
    1   Ni  MulP 9.25 8.75 sum 18.00 diff  0.50 (  0.06 225.00)  Ml 0.04 (  0.17  45.00)  Ml+s 0.54 (  0.05 224.99)
 Sum of MulP: up   =     9.25054 down          =     8.74946
              total=    18.00000 ideal(neutral)=    18.00000
<DFT>  Total Spin Moment    (muB)  0.501088211   Angles    0.063864427   224.995318121
<DFT>  Total Orbital Moment (muB)  0.042458120   Angles    0.173609670    44.999570532
<DFT>  Total Moment         (muB)  0.543545995   Angles    0.045314617   224.994045514
<DFT>  Mixing_weight= 0.001000000000
<DFT>  Uele   =  -26.509818185788  dUele     =   0.001820484040
<DFT>  NormRD =    0.002924288188  Criterion =   0.000000010000

******************* MD= 1  SCF=202 *******************
<Poisson>  Poisson's equation using FFT...
<Set_Hamiltonian>  Hamiltonian matrix for VNA+dVH+Vxc...
<Band>  Solving the eigenvalue problem...
 KGrids1:  -0.42857  -0.28571  -0.14286   0.00000   0.14286   0.28572   0.42857 
 KGrids2:  -0.42857  -0.28572  -0.14286  -0.00000   0.14286   0.28571   0.42857 
 KGrids3:  -0.42857  -0.28571  -0.14286   0.00000   0.14286   0.28572   0.42857 
<Band_DFT>  Eigen, time=0.139935
<Band_DFT>  DM, time=0.211665
    1   Ni  MulP 9.28 8.72 sum 18.00 diff  0.56 (  0.12 224.99)  Ml 0.05 (  0.15 224.92)  Ml+s 0.60 (  0.12 224.99)
 Sum of MulP: up   =     9.27890 down          =     8.72110
              total=    18.00000 ideal(neutral)=    18.00000
<DFT>  Total Spin Moment    (muB)  0.557797112   Angles    0.121308109   224.994014534
<DFT>  Total Orbital Moment (muB)  0.046259375   Angles    0.154791228   224.923620693
<DFT>  Total Moment         (muB)  0.604056480   Angles    0.123872278   224.987278119
<DFT>  Mixing_weight= 0.001000000000
<DFT>  Uele   =  -26.517728865454  dUele     =   0.007910679667
<DFT>  NormRD =    0.003010103118  Criterion =   0.000000010000

******************* MD= 1  SCF=203 *******************
<Poisson>  Poisson's equation using FFT...
<Set_Hamiltonian>  Hamiltonian matrix for VNA+dVH+Vxc...
<Band>  Solving the eigenvalue problem...
 KGrids1:  -0.42857  -0.28571  -0.14286   0.00000   0.14286   0.28572   0.42857 
 KGrids2:  -0.42857  -0.28572  -0.14286  -0.00000   0.14286   0.28571   0.42857 
 KGrids3:  -0.42857  -0.28571  -0.14286   0.00000   0.14286   0.28572   0.42857 
<Band_DFT>  Eigen, time=0.138840
<Band_DFT>  DM, time=0.211440
    1   Ni  MulP 9.29 8.71 sum 18.00 diff  0.57 (  0.14 224.99)  Ml 0.05 (  0.20 224.92)  Ml+s 0.62 (  0.15 224.99)
 Sum of MulP: up   =     9.28722 down          =     8.71278
              total=    18.00000 ideal(neutral)=    18.00000
<DFT>  Total Spin Moment    (muB)  0.574445824   Angles    0.141222028   224.994466872
<DFT>  Total Orbital Moment (muB)  0.047323972   Angles    0.198801185   224.924586318
<DFT>  Total Moment         (muB)  0.621769774   Angles    0.145604466   224.987204948
<DFT>  Mixing_weight= 0.001000000000
<DFT>  Uele   =  -26.520090124592  dUele     =   0.002361259138
<DFT>  NormRD =    0.002546602349  Criterion =   0.000000010000

******************* MD= 1  SCF=204 *******************
<Poisson>  Poisson's equation using FFT...
<Set_Hamiltonian>  Hamiltonian matrix for VNA+dVH+Vxc...
<Band>  Solving the eigenvalue problem...
 KGrids1:  -0.42857  -0.28571  -0.14286   0.00000   0.14286   0.28572   0.42857 
 KGrids2:  -0.42857  -0.28572  -0.14286  -0.00000   0.14286   0.28571   0.42857 
 KGrids3:  -0.42857  -0.28571  -0.14286   0.00000   0.14286   0.28572   0.42857 
<Band_DFT>  Eigen, time=0.139789
<Band_DFT>  DM, time=0.211335
    1   Ni  MulP 9.33 8.67 sum 18.00 diff  0.66 (  0.19 225.00)  Ml 0.05 (  0.26 225.00)  Ml+s 0.71 (  0.20 225.00)
 Sum of MulP: up   =     9.32915 down          =     8.67085
              total=    18.00000 ideal(neutral)=    18.00000
<DFT>  Total Spin Moment    (muB)  0.658297421   Angles    0.194697090   224.995272836
<DFT>  Total Orbital Moment (muB)  0.052280071   Angles    0.259305605   225.004796624
<DFT>  Total Moment         (muB)  0.710577461   Angles    0.199450600   224.996183820
<DFT>  Mixing_weight= 0.001000000000
<DFT>  Uele   =  -26.532819524542  dUele     =   0.012729399950
<DFT>  NormRD =    0.002388049074  Criterion =   0.000000010000

******************* MD= 1  SCF=205 *******************
<Poisson>  Poisson's equation using FFT...
<Set_Hamiltonian>  Hamiltonian matrix for VNA+dVH+Vxc...
<Band>  Solving the eigenvalue problem...
 KGrids1:  -0.42857  -0.28571  -0.14286   0.00000   0.14286   0.28572   0.42857 
 KGrids2:  -0.42857  -0.28572  -0.14286  -0.00000   0.14286   0.28571   0.42857 
 KGrids3:  -0.42857  -0.28571  -0.14286   0.00000   0.14286   0.28572   0.42857 
<Band_DFT>  Eigen, time=0.138426
<Band_DFT>  DM, time=0.211532
    1   Ni  MulP 9.30 8.70 sum 18.00 diff  0.59 (  0.14 224.99)  Ml 0.05 (  0.24 224.83)  Ml+s 0.64 (  0.15 224.97)
 Sum of MulP: up   =     9.29740 down          =     8.70260
              total=    18.00000 ideal(neutral)=    18.00000
<DFT>  Total Spin Moment    (muB)  0.594792835   Angles    0.138248788   224.993123780
<DFT>  Total Orbital Moment (muB)  0.048598381   Angles    0.241153093   224.833384240
<DFT>  Total Moment         (muB)  0.643391144   Angles    0.146021571   224.973197162
<DFT>  Mixing_weight= 0.001000000000
<DFT>  Uele   =  -26.523661716987  dUele     =   0.009157807555
<DFT>  NormRD =    0.002267831438  Criterion =   0.000000010000

******************* MD= 1  SCF=206 *******************
<Poisson>  Poisson's equation using FFT...
<Set_Hamiltonian>  Hamiltonian matrix for VNA+dVH+Vxc...
<Band>  Solving the eigenvalue problem...
 KGrids1:  -0.42857  -0.28571  -0.14286   0.00000   0.14286   0.28572   0.42857 
 KGrids2:  -0.42857  -0.28572  -0.14286  -0.00000   0.14286   0.28571   0.42857 
 KGrids3:  -0.42857  -0.28571  -0.14286   0.00000   0.14286   0.28572   0.42857 
<Band_DFT>  Eigen, time=0.138076
<Band_DFT>  DM, time=0.211067
    1   Ni  MulP 9.28 8.72 sum 18.00 diff  0.57 (  0.13 224.99)  Ml 0.05 (  0.20 225.02)  Ml+s 0.61 (  0.13 225.00)
 Sum of MulP: up   =     9.28346 down          =     8.71654
              total=    18.00000 ideal(neutral)=    18.00000
<DFT>  Total Spin Moment    (muB)  0.566926781   Angles    0.126977605   224.994984775
<DFT>  Total Orbital Moment (muB)  0.046850234   Angles    0.202263652   225.017506743
<DFT>  Total Moment         (muB)  0.613776978   Angles    0.132724265   224.997604613
<DFT>  Mixing_weight= 0.001000000000
<DFT>  Uele   =  -26.519309940970  dUele     =   0.004351776017
<DFT>  NormRD =    0.002195785459  Criterion =   0.000000010000

******************* MD= 1  SCF=207 *******************
<Poisson>  Poisson's equation using FFT...
<Set_Hamiltonian>  Hamiltonian matrix for VNA+dVH+Vxc...
<Band>  Solving the eigenvalue problem...
 KGrids1:  -0.42857  -0.28571  -0.14286   0.00000   0.14286   0.28572   0.42857 
 KGrids2:  -0.42857  -0.28572  -0.14286  -0.00000   0.14286   0.28571   0.42857 
 KGrids3:  -0.42857  -0.28571  -0.14286   0.00000   0.14286   0.28572   0.42857 
<Band_DFT>  Eigen, time=0.140251
<Band_DFT>  DM, time=0.211691
    1   Ni  MulP 9.27 8.73 sum 18.00 diff  0.54 (  0.10 224.99)  Ml 0.05 (  0.12 224.94)  Ml+s 0.59 (  0.10 224.99)
 Sum of MulP: up   =     9.27155 down          =     8.72845
              total=    18.00000 ideal(neutral)=    18.00000
<DFT>  Total Spin Moment    (muB)  0.543104856   Angles    0.100798480   224.994128009
<DFT>  Total Orbital Moment (muB)  0.045305957   Angles    0.121254158   224.936915142
<DFT>  Total Moment         (muB)  0.588410810   Angles    0.102373505   224.988910331
<DFT>  Mixing_weight= 0.001000000000
<DFT>  Uele   =  -26.516120089480  dUele     =   0.003189851490
<DFT>  NormRD =    0.002475845296  Criterion =   0.000000010000

******************* MD= 1  SCF=208 *******************
<Poisson>  Poisson's equation using FFT...
<Set_Hamiltonian>  Hamiltonian matrix for VNA+dVH+Vxc...
<Band>  Solving the eigenvalue problem...
 KGrids1:  -0.42857  -0.28571  -0.14286   0.00000   0.14286   0.28572   0.42857 
 KGrids2:  -0.42857  -0.28572  -0.14286  -0.00000   0.14286   0.28571   0.42857 
 KGrids3:  -0.42857  -0.28571  -0.14286   0.00000   0.14286   0.28572   0.42857 
<Band_DFT>  Eigen, time=0.140053
<Band_DFT>  DM, time=0.211742
    1   Ni  MulP 9.23 8.77 sum 18.00 diff  0.45 (  0.00  45.02)  Ml 0.04 (  0.53  44.99)  Ml+s 0.49 (  0.05  44.99)
 Sum of MulP: up   =     9.22632 down          =     8.77368
              total=    18.00000 ideal(neutral)=    18.00000
<DFT>  Total Spin Moment    (muB)  0.452636899   Angles    0.003684112    45.017932383
<DFT>  Total Orbital Moment (muB)  0.039013389   Angles    0.532660264    44.989158231
<DFT>  Total Moment         (muB)  0.491648758   Angles    0.045658917    44.991295724
<DFT>  Mixing_weight= 0.001000000000
<DFT>  Uele   =  -26.502459237932  dUele     =   0.013660851547
<DFT>  NormRD =    0.002723960316  Criterion =   0.000000010000

******************* MD= 1  SCF=209 *******************
<Poisson>  Poisson's equation using FFT...
<Set_Hamiltonian>  Hamiltonian matrix for VNA+dVH+Vxc...
<Band>  Solving the eigenvalue problem...
 KGrids1:  -0.42857  -0.28571  -0.14286   0.00000   0.14286   0.28572   0.42857 
 KGrids2:  -0.42857  -0.28572  -0.14286  -0.00000   0.14286   0.28571   0.42857 
 KGrids3:  -0.42857  -0.28571  -0.14286   0.00000   0.14286   0.28572   0.42857 
<Band_DFT>  Eigen, time=0.138982
<Band_DFT>  DM, time=0.211320
    1   Ni  MulP 9.26 8.74 sum 18.00 diff  0.53 (  0.10 224.99)  Ml 0.04 (  0.04 225.03)  Ml+s 0.57 (  0.10 224.99)
 Sum of MulP: up   =     9.26400 down          =     8.73600
              total=    18.00000 ideal(neutral)=    18.00000
<DFT>  Total Spin Moment    (muB)  0.528004895   Angles    0.101152971   224.993675726
<DFT>  Total Orbital Moment (muB)  0.044298650   Angles    0.040621235   225.031306674
<DFT>  Total Moment         (muB)  0.572303522   Angles    0.096467566   224.994902264
<DFT>  Mixing_weight= 0.001000000000
<DFT>  Uele   =  -26.513745065830  dUele     =   0.011285827897
<DFT>  NormRD =    0.002645873947  Criterion =   0.000000010000

******************* MD= 1  SCF=210 *******************
<Poisson>  Poisson's equation using FFT...
<Set_Hamiltonian>  Hamiltonian matrix for VNA+dVH+Vxc...
<Band>  Solving the eigenvalue problem...
 KGrids1:  -0.42857  -0.28571  -0.14286   0.00000   0.14286   0.28572   0.42857 
 KGrids2:  -0.42857  -0.28572  -0.14286  -0.00000   0.14286   0.28571   0.42857 
 KGrids3:  -0.42857  -0.28571  -0.14286   0.00000   0.14286   0.28572   0.42857 
<Band_DFT>  Eigen, time=0.140036
<Band_DFT>  DM, time=0.212099
    1   Ni  MulP 9.26 8.74 sum 18.00 diff  0.52 (  0.10 224.99)  Ml 0.04 (  0.03  44.94)  Ml+s 0.56 (  0.09 224.99)
 Sum of MulP: up   =     9.25760 down          =     8.74240
              total=    18.00000 ideal(neutral)=    18.00000
<DFT>  Total Spin Moment    (muB)  0.515195133   Angles    0.096496154   224.992955150
<DFT>  Total Orbital Moment (muB)  0.043430980   Angles    0.033565449    44.942220861
<DFT>  Total Moment         (muB)  0.558626010   Angles    0.086384384   224.994487780
<DFT>  Mixing_weight= 0.001000000000
<DFT>  Uele   =  -26.511903148853  dUele     =   0.001841916976
<DFT>  NormRD =    0.002803435519  Criterion =   0.000000010000

******************* MD= 1  SCF=211 *******************
<Poisson>  Poisson's equation using FFT...
<Set_Hamiltonian>  Hamiltonian matrix for VNA+dVH+Vxc...
<Band>  Solving the eigenvalue problem...
 KGrids1:  -0.42857  -0.28571  -0.14286   0.00000   0.14286   0.28572   0.42857 
 KGrids2:  -0.42857  -0.28572  -0.14286  -0.00000   0.14286   0.28571   0.42857 
 KGrids3:  -0.42857  -0.28571  -0.14286   0.00000   0.14286   0.28572   0.42857 
<Band_DFT>  Eigen, time=0.140176
<Band_DFT>  DM, time=0.211785
    1   Ni  MulP 9.25 8.75 sum 18.00 diff  0.50 (  0.09 224.99)  Ml 0.04 (  0.11  45.03)  Ml+s 0.55 (  0.08 224.99)
 Sum of MulP: up   =     9.25232 down          =     8.74768
              total=    18.00000 ideal(neutral)=    18.00000
<DFT>  Total Spin Moment    (muB)  0.504635249   Angles    0.090656161   224.991794239
<DFT>  Total Orbital Moment (muB)  0.042706459   Angles    0.105215344    45.031168440
<DFT>  Total Moment         (muB)  0.547341478   Angles    0.075373268   224.987505708
<DFT>  Mixing_weight= 0.001000000000
<DFT>  Uele   =  -26.510379281148  dUele     =   0.001523867705
<DFT>  NormRD =    0.002867648041  Criterion =   0.000000010000

******************* MD= 1  SCF=212 *******************
<Poisson>  Poisson's equation using FFT...
<Set_Hamiltonian>  Hamiltonian matrix for VNA+dVH+Vxc...
<Band>  Solving the eigenvalue problem...
 KGrids1:  -0.42857  -0.28571  -0.14286   0.00000   0.14286   0.28572   0.42857 
 KGrids2:  -0.42857  -0.28572  -0.14286  -0.00000   0.14286   0.28571   0.42857 
 KGrids3:  -0.42857  -0.28571  -0.14286   0.00000   0.14286   0.28572   0.42857 
<Band_DFT>  Eigen, time=0.139811
<Band_DFT>  DM, time=0.212515
    1   Ni  MulP 9.28 8.72 sum 18.00 diff  0.56 (  0.16 224.99)  Ml 0.05 (  0.21 224.97)  Ml+s 0.61 (  0.17 224.99)
 Sum of MulP: up   =     9.28224 down          =     8.71776
              total=    18.00000 ideal(neutral)=    18.00000
<DFT>  Total Spin Moment    (muB)  0.564483267   Angles    0.161787725   224.992238977
<DFT>  Total Orbital Moment (muB)  0.046694829   Angles    0.213218020   224.965714889
<DFT>  Total Moment         (muB)  0.611178079   Angles    0.165717067   224.989631637
<DFT>  Mixing_weight= 0.001000000000
<DFT>  Uele   =  -26.518628072025  dUele     =   0.008248790877
<DFT>  NormRD =    0.002939870458  Criterion =   0.000000010000

******************* MD= 1  SCF=213 *******************
<Poisson>  Poisson's equation using FFT...
<Set_Hamiltonian>  Hamiltonian matrix for VNA+dVH+Vxc...
<Band>  Solving the eigenvalue problem...
 KGrids1:  -0.42857  -0.28571  -0.14286   0.00000   0.14286   0.28572   0.42857 
 KGrids2:  -0.42857  -0.28572  -0.14286  -0.00000   0.14286   0.28571   0.42857 
 KGrids3:  -0.42857  -0.28571  -0.14286   0.00000   0.14286   0.28572   0.42857 
<Band_DFT>  Eigen, time=0.138090
<Band_DFT>  DM, time=0.211471
    1   Ni  MulP 9.39 8.61 sum 18.00 diff  0.78 (  0.35 225.00)  Ml 0.06 (  0.16 225.01)  Ml+s 0.84 (  0.34 225.00)
 Sum of MulP: up   =     9.39205 down          =     8.60795
              total=    18.00000 ideal(neutral)=    18.00000
<DFT>  Total Spin Moment    (muB)  0.784102375   Angles    0.351254717   224.995345706
<DFT>  Total Orbital Moment (muB)  0.058588622   Angles    0.161619782   225.007025717
<DFT>  Total Moment         (muB)  0.842690699   Angles    0.338070248   224.995733926
<DFT>  Mixing_weight= 0.001000000000
<DFT>  Uele   =  -26.576139232993  dUele     =   0.057511160967
<DFT>  NormRD =    0.002424260075  Criterion =   0.000000010000

******************* MD= 1  SCF=214 *******************
<Poisson>  Poisson's equation using FFT...
<Set_Hamiltonian>  Hamiltonian matrix for VNA+dVH+Vxc...
<Band>  Solving the eigenvalue problem...
 KGrids1:  -0.42857  -0.28571  -0.14286   0.00000   0.14286   0.28572   0.42857 
 KGrids2:  -0.42857  -0.28572  -0.14286  -0.00000   0.14286   0.28571   0.42857 
 KGrids3:  -0.42857  -0.28571  -0.14286   0.00000   0.14286   0.28572   0.42857 
<Band_DFT>  Eigen, time=0.137872
<Band_DFT>  DM, time=0.211501
    1   Ni  MulP 9.40 8.60 sum 18.00 diff  0.79 (  0.34 225.00)  Ml 0.06 (  0.15 225.05)  Ml+s 0.85 (  0.33 225.00)
 Sum of MulP: up   =     9.39610 down          =     8.60390
              total=    18.00000 ideal(neutral)=    18.00000
<DFT>  Total Spin Moment    (muB)  0.792203976   Angles    0.342563423   224.995656285
<DFT>  Total Orbital Moment (muB)  0.058942070   Angles    0.153208364   225.046861410
<DFT>  Total Moment         (muB)  0.851145745   Angles    0.329450554   224.997305316
<DFT>  Mixing_weight= 0.001000000000
<DFT>  Uele   =  -26.577995781544  dUele     =   0.001856548551
<DFT>  NormRD =    0.013596254242  Criterion =   0.000000010000

******************* MD= 1  SCF=215 *******************
<Poisson>  Poisson's equation using FFT...
<Set_Hamiltonian>  Hamiltonian matrix for VNA+dVH+Vxc...
<Band>  Solving the eigenvalue problem...
 KGrids1:  -0.42857  -0.28571  -0.14286   0.00000   0.14286   0.28572   0.42857 
 KGrids2:  -0.42857  -0.28572  -0.14286  -0.00000   0.14286   0.28571   0.42857 
 KGrids3:  -0.42857  -0.28571  -0.14286   0.00000   0.14286   0.28572   0.42857 
<Band_DFT>  Eigen, time=0.140177
<Band_DFT>  DM, time=0.211689
    1   Ni  MulP 9.35 8.65 sum 18.00 diff  0.70 (  0.27 224.99)  Ml 0.05 (  0.37 225.02)  Ml+s 0.75 (  0.28 225.00)
 Sum of MulP: up   =     9.34786 down          =     8.65214
              total=    18.00000 ideal(neutral)=    18.00000
<DFT>  Total Spin Moment    (muB)  0.695718611   Angles    0.272849672   224.994430453
<DFT>  Total Orbital Moment (muB)  0.054344431   Angles    0.367845322   225.021488389
<DFT>  Total Moment         (muB)  0.750062973   Angles    0.279732401   224.997008396
<DFT>  Mixing_weight= 0.001000000000
<DFT>  Uele   =  -26.542365063317  dUele     =   0.035630718227
<DFT>  NormRD =    0.013756721309  Criterion =   0.000000010000

******************* MD= 1  SCF=216 *******************
<Poisson>  Poisson's equation using FFT...
<Set_Hamiltonian>  Hamiltonian matrix for VNA+dVH+Vxc...
<Band>  Solving the eigenvalue problem...
 KGrids1:  -0.42857  -0.28571  -0.14286   0.00000   0.14286   0.28572   0.42857 
 KGrids2:  -0.42857  -0.28572  -0.14286  -0.00000   0.14286   0.28571   0.42857 
 KGrids3:  -0.42857  -0.28571  -0.14286   0.00000   0.14286   0.28572   0.42857 
<Band_DFT>  Eigen, time=0.140031
<Band_DFT>  DM, time=0.211664
    1   Ni  MulP 9.35 8.65 sum 18.00 diff  0.69 (  0.27 224.99)  Ml 0.05 (  0.32 225.04)  Ml+s 0.74 (  0.27 225.00)
 Sum of MulP: up   =     9.34510 down          =     8.65490
              total=    18.00000 ideal(neutral)=    18.00000
<DFT>  Total Spin Moment    (muB)  0.690199624   Angles    0.267573617   224.994753160
<DFT>  Total Orbital Moment (muB)  0.054029341   Angles    0.322884161   225.040396888
<DFT>  Total Moment         (muB)  0.744228941   Angles    0.271589030   224.998692632
<DFT>  Mixing_weight= 0.001000000000
<DFT>  Uele   =  -26.539921985742  dUele     =   0.002443077575
<DFT>  NormRD =    0.004199564350  Criterion =   0.000000010000

******************* MD= 1  SCF=217 *******************
<Poisson>  Poisson's equation using FFT...
<Set_Hamiltonian>  Hamiltonian matrix for VNA+dVH+Vxc...
<Band>  Solving the eigenvalue problem...
 KGrids1:  -0.42857  -0.28571  -0.14286   0.00000   0.14286   0.28572   0.42857 
 KGrids2:  -0.42857  -0.28572  -0.14286  -0.00000   0.14286   0.28571   0.42857 
 KGrids3:  -0.42857  -0.28571  -0.14286   0.00000   0.14286   0.28572   0.42857 
<Band_DFT>  Eigen, time=0.137975
<Band_DFT>  DM, time=0.211543
    1   Ni  MulP 9.30 8.70 sum 18.00 diff  0.61 (  0.21 225.00)  Ml 0.05 (  0.25 225.10)  Ml+s 0.66 (  0.22 225.00)
 Sum of MulP: up   =     9.30326 down          =     8.69674
              total=    18.00000 ideal(neutral)=    18.00000
<DFT>  Total Spin Moment    (muB)  0.606521427   Angles    0.214125128   224.995106222
<DFT>  Total Orbital Moment (muB)  0.049304954   Angles    0.247257206   225.098271114
<DFT>  Total Moment         (muB)  0.655826373   Angles    0.216615967   225.003959244
<DFT>  Mixing_weight= 0.001000000000
<DFT>  Uele   =  -26.524436684401  dUele     =   0.015485301341
<DFT>  NormRD =    0.003439918820  Criterion =   0.000000010000

******************* MD= 1  SCF=218 *******************
<Poisson>  Poisson's equation using FFT...
<Set_Hamiltonian>  Hamiltonian matrix for VNA+dVH+Vxc...
<Band>  Solving the eigenvalue problem...
 KGrids1:  -0.42857  -0.28571  -0.14286   0.00000   0.14286   0.28572   0.42857 
 KGrids2:  -0.42857  -0.28572  -0.14286  -0.00000   0.14286   0.28571   0.42857 
 KGrids3:  -0.42857  -0.28571  -0.14286   0.00000   0.14286   0.28572   0.42857 
<Band_DFT>  Eigen, time=0.138340
<Band_DFT>  DM, time=0.211243
    1   Ni  MulP 9.33 8.67 sum 18.00 diff  0.67 (  0.26 224.99)  Ml 0.05 (  0.28 225.05)  Ml+s 0.72 (  0.26 225.00)
 Sum of MulP: up   =     9.33414 down          =     8.66586
              total=    18.00000 ideal(neutral)=    18.00000
<DFT>  Total Spin Moment    (muB)  0.668289535   Angles    0.260812421   224.994752588
<DFT>  Total Orbital Moment (muB)  0.052815219   Angles    0.279567032   225.050712783
<DFT>  Total Moment         (muB)  0.721104751   Angles    0.262186039   224.999122937
<DFT>  Mixing_weight= 0.001000000000
<DFT>  Uele   =  -26.533774716997  dUele     =   0.009338032596
<DFT>  NormRD =    0.001987563526  Criterion =   0.000000010000

******************* MD= 1  SCF=219 *******************
<Poisson>  Poisson's equation using FFT...
<Set_Hamiltonian>  Hamiltonian matrix for VNA+dVH+Vxc...
<Band>  Solving the eigenvalue problem...
 KGrids1:  -0.42857  -0.28571  -0.14286   0.00000   0.14286   0.28572   0.42857 
 KGrids2:  -0.42857  -0.28572  -0.14286  -0.00000   0.14286   0.28571   0.42857 
 KGrids3:  -0.42857  -0.28571  -0.14286   0.00000   0.14286   0.28572   0.42857 
<Band_DFT>  Eigen, time=0.138518
<Band_DFT>  DM, time=0.211327
    1   Ni  MulP 9.33 8.67 sum 18.00 diff  0.67 (  0.27 225.00)  Ml 0.05 (  0.27 225.23)  Ml+s 0.72 (  0.27 225.01)
 Sum of MulP: up   =     9.33465 down          =     8.66535
              total=    18.00000 ideal(neutral)=    18.00000
<DFT>  Total Spin Moment    (muB)  0.669308789   Angles    0.268451537   224.997529021
<DFT>  Total Orbital Moment (muB)  0.052859690   Angles    0.267968774   225.228053094
<DFT>  Total Moment         (muB)  0.722168480   Angles    0.268416054   225.014374250
<DFT>  Mixing_weight= 0.001000000000
<DFT>  Uele   =  -26.533406783137  dUele     =   0.000367933860
<DFT>  NormRD =    0.002491126711  Criterion =   0.000000010000

******************* MD= 1  SCF=220 *******************
<Poisson>  Poisson's equation using FFT...
<Set_Hamiltonian>  Hamiltonian matrix for VNA+dVH+Vxc...
<Band>  Solving the eigenvalue problem...
 KGrids1:  -0.42857  -0.28571  -0.14286   0.00000   0.14286   0.28572   0.42857 
 KGrids2:  -0.42857  -0.28572  -0.14286  -0.00000   0.14286   0.28571   0.42857 
 KGrids3:  -0.42857  -0.28571  -0.14286   0.00000   0.14286   0.28572   0.42857 
<Band_DFT>  Eigen, time=0.140302
<Band_DFT>  DM, time=0.211347
    1   Ni  MulP 9.33 8.67 sum 18.00 diff  0.66 (  0.25 225.00)  Ml 0.05 (  0.22 225.20)  Ml+s 0.71 (  0.25 225.01)
 Sum of MulP: up   =     9.32831 down          =     8.67169
              total=    18.00000 ideal(neutral)=    18.00000
<DFT>  Total Spin Moment    (muB)  0.656610353   Angles    0.253678142   224.998890187
<DFT>  Total Orbital Moment (muB)  0.052155106   Angles    0.220141391   225.202973565
<DFT>  Total Moment         (muB)  0.708765450   Angles    0.251210216   225.012050485
<DFT>  Mixing_weight= 0.001000000000
<DFT>  Uele   =  -26.530682728338  dUele     =   0.002724054799
<DFT>  NormRD =    0.002702481581  Criterion =   0.000000010000

******************* MD= 1  SCF=221 *******************
<Poisson>  Poisson's equation using FFT...
<Set_Hamiltonian>  Hamiltonian matrix for VNA+dVH+Vxc...
<Band>  Solving the eigenvalue problem...
 KGrids1:  -0.42857  -0.28571  -0.14286   0.00000   0.14286   0.28572   0.42857 
 KGrids2:  -0.42857  -0.28572  -0.14286  -0.00000   0.14286   0.28571   0.42857 
 KGrids3:  -0.42857  -0.28571  -0.14286   0.00000   0.14286   0.28572   0.42857 
<Band_DFT>  Eigen, time=0.138586
<Band_DFT>  DM, time=0.211700
    1   Ni  MulP 9.33 8.67 sum 18.00 diff  0.66 (  0.25 225.00)  Ml 0.05 (  0.23 225.16)  Ml+s 0.71 (  0.25 225.01)
 Sum of MulP: up   =     9.32784 down          =     8.67216
              total=    18.00000 ideal(neutral)=    18.00000
<DFT>  Total Spin Moment    (muB)  0.655686423   Angles    0.249817560   224.998017288
<DFT>  Total Orbital Moment (muB)  0.052105189   Angles    0.226545865   225.160154923
<DFT>  Total Moment         (muB)  0.707791608   Angles    0.248104315   225.008916143
<DFT>  Mixing_weight= 0.001000000000
<DFT>  Uele   =  -26.530636573105  dUele     =   0.000046155233
<DFT>  NormRD =    0.002680580611  Criterion =   0.000000010000

******************* MD= 1  SCF=222 *******************
<Poisson>  Poisson's equation using FFT...
<Set_Hamiltonian>  Hamiltonian matrix for VNA+dVH+Vxc...
<Band>  Solving the eigenvalue problem...
 KGrids1:  -0.42857  -0.28571  -0.14286   0.00000   0.14286   0.28572   0.42857 
 KGrids2:  -0.42857  -0.28572  -0.14286  -0.00000   0.14286   0.28571   0.42857 
 KGrids3:  -0.42857  -0.28571  -0.14286   0.00000   0.14286   0.28572   0.42857 
<Band_DFT>  Eigen, time=0.144679
<Band_DFT>  DM, time=0.211844
    1   Ni  MulP 9.29 8.71 sum 18.00 diff  0.57 (  0.21 224.99)  Ml 0.05 (  0.26 225.02)  Ml+s 0.62 (  0.21 225.00)
 Sum of MulP: up   =     9.28576 down          =     8.71424
              total=    18.00000 ideal(neutral)=    18.00000
<DFT>  Total Spin Moment    (muB)  0.571518155   Angles    0.205219809   224.992736422
<DFT>  Total Orbital Moment (muB)  0.047127465   Angles    0.257269734   225.022338964
<DFT>  Total Moment         (muB)  0.618645602   Angles    0.209184889   224.995509864
<DFT>  Mixing_weight= 0.001000000000
<DFT>  Uele   =  -26.518932259405  dUele     =   0.011704313699
<DFT>  NormRD =    0.002662529979  Criterion =   0.000000010000

******************* MD= 1  SCF=223 *******************
<Poisson>  Poisson's equation using FFT...
<Set_Hamiltonian>  Hamiltonian matrix for VNA+dVH+Vxc...
<Band>  Solving the eigenvalue problem...
 KGrids1:  -0.42857  -0.28571  -0.14286   0.00000   0.14286   0.28572   0.42857 
 KGrids2:  -0.42857  -0.28572  -0.14286  -0.00000   0.14286   0.28571   0.42857 
 KGrids3:  -0.42857  -0.28571  -0.14286   0.00000   0.14286   0.28572   0.42857 
<Band_DFT>  Eigen, time=0.138858
<Band_DFT>  DM, time=0.211660
    1   Ni  MulP 9.27 8.73 sum 18.00 diff  0.54 (  0.22 224.99)  Ml 0.05 (  0.18 224.98)  Ml+s 0.59 (  0.22 224.99)
 Sum of MulP: up   =     9.26997 down          =     8.73003
              total=    18.00000 ideal(neutral)=    18.00000
<DFT>  Total Spin Moment    (muB)  0.539930693   Angles    0.224711919   224.987406233
<DFT>  Total Orbital Moment (muB)  0.045075045   Angles    0.177450306   224.976448256
<DFT>  Total Moment         (muB)  0.585005724   Angles    0.221070383   224.986728509
<DFT>  Mixing_weight= 0.001000000000
<DFT>  Uele   =  -26.513951122051  dUele     =   0.004981137354
<DFT>  NormRD =    0.002450211783  Criterion =   0.000000010000

******************* MD= 1  SCF=224 *******************
<Poisson>  Poisson's equation using FFT...
<Set_Hamiltonian>  Hamiltonian matrix for VNA+dVH+Vxc...
<Band>  Solving the eigenvalue problem...
 KGrids1:  -0.42857  -0.28571  -0.14286   0.00000   0.14286   0.28572   0.42857 
 KGrids2:  -0.42857  -0.28572  -0.14286  -0.00000   0.14286   0.28571   0.42857 
 KGrids3:  -0.42857  -0.28571  -0.14286   0.00000   0.14286   0.28572   0.42857 
<Band_DFT>  Eigen, time=0.138540
<Band_DFT>  DM, time=0.211585
    1   Ni  MulP 9.28 8.72 sum 18.00 diff  0.55 (  0.23 224.99)  Ml 0.05 (  0.21 224.99)  Ml+s 0.60 (  0.23 224.99)
 Sum of MulP: up   =     9.27664 down          =     8.72336
              total=    18.00000 ideal(neutral)=    18.00000
<DFT>  Total Spin Moment    (muB)  0.553281402   Angles    0.229152086   224.989426273
<DFT>  Total Orbital Moment (muB)  0.045953029   Angles    0.210812551   224.989611856
<DFT>  Total Moment         (muB)  0.599234429   Angles    0.227745696   224.989439447
<DFT>  Mixing_weight= 0.001000000000
<DFT>  Uele   =  -26.515694810477  dUele     =   0.001743688426
<DFT>  NormRD =    0.002798887759  Criterion =   0.000000010000

******************* MD= 1  SCF=225 *******************
<Poisson>  Poisson's equation using FFT...
<Set_Hamiltonian>  Hamiltonian matrix for VNA+dVH+Vxc...
<Band>  Solving the eigenvalue problem...
 KGrids1:  -0.42857  -0.28571  -0.14286   0.00000   0.14286   0.28572   0.42857 
 KGrids2:  -0.42857  -0.28572  -0.14286  -0.00000   0.14286   0.28571   0.42857 
 KGrids3:  -0.42857  -0.28571  -0.14286   0.00000   0.14286   0.28572   0.42857 
<Band_DFT>  Eigen, time=0.140077
<Band_DFT>  DM, time=0.211699
    1   Ni  MulP 9.29 8.71 sum 18.00 diff  0.57 (  0.24 224.99)  Ml 0.05 (  0.26 225.00)  Ml+s 0.62 (  0.24 224.99)
 Sum of MulP: up   =     9.28564 down          =     8.71436
              total=    18.00000 ideal(neutral)=    18.00000
<DFT>  Total Spin Moment    (muB)  0.571283116   Angles    0.241802882   224.989566107
<DFT>  Total Orbital Moment (muB)  0.047111787   Angles    0.256414118   224.996489538
<DFT>  Total Moment         (muB)  0.618394901   Angles    0.242916024   224.990122870
<DFT>  Mixing_weight= 0.001000000000
<DFT>  Uele   =  -26.518329239757  dUele     =   0.002634429281
<DFT>  NormRD =    0.002661689712  Criterion =   0.000000010000

******************* MD= 1  SCF=226 *******************
<Poisson>  Poisson's equation using FFT...
<Set_Hamiltonian>  Hamiltonian matrix for VNA+dVH+Vxc...
<Band>  Solving the eigenvalue problem...
 KGrids1:  -0.42857  -0.28571  -0.14286   0.00000   0.14286   0.28572   0.42857 
 KGrids2:  -0.42857  -0.28572  -0.14286  -0.00000   0.14286   0.28571   0.42857 
 KGrids3:  -0.42857  -0.28571  -0.14286   0.00000   0.14286   0.28572   0.42857 
<Band_DFT>  Eigen, time=0.138752
<Band_DFT>  DM, time=0.211600
    1   Ni  MulP 9.28 8.72 sum 18.00 diff  0.56 (  0.24 224.99)  Ml 0.05 (  0.24 224.97)  Ml+s 0.61 (  0.24 224.99)
 Sum of MulP: up   =     9.27978 down          =     8.72022
              total=    18.00000 ideal(neutral)=    18.00000
<DFT>  Total Spin Moment    (muB)  0.559552668   Angles    0.238754361   224.988219175
<DFT>  Total Orbital Moment (muB)  0.046359860   Angles    0.237796188   224.971457857
<DFT>  Total Moment         (muB)  0.605912528   Angles    0.238681049   224.986941479
<DFT>  Mixing_weight= 0.001000000000
<DFT>  Uele   =  -26.516631925004  dUele     =   0.001697314753
<DFT>  NormRD =    0.002460677988  Criterion =   0.000000010000

******************* MD= 1  SCF=227 *******************
<Poisson>  Poisson's equation using FFT...
<Set_Hamiltonian>  Hamiltonian matrix for VNA+dVH+Vxc...
<Band>  Solving the eigenvalue problem...
 KGrids1:  -0.42857  -0.28571  -0.14286   0.00000   0.14286   0.28572   0.42857 
 KGrids2:  -0.42857  -0.28572  -0.14286  -0.00000   0.14286   0.28571   0.42857 
 KGrids3:  -0.42857  -0.28571  -0.14286   0.00000   0.14286   0.28572   0.42857 
<Band_DFT>  Eigen, time=0.138314
<Band_DFT>  DM, time=0.211564
    1   Ni  MulP 9.28 8.72 sum 18.00 diff  0.55 (  0.23 224.99)  Ml 0.05 (  0.21 224.98)  Ml+s 0.60 (  0.23 224.99)
 Sum of MulP: up   =     9.27552 down          =     8.72448
              total=    18.00000 ideal(neutral)=    18.00000
<DFT>  Total Spin Moment    (muB)  0.551047592   Angles    0.230731183   224.988004065
<DFT>  Total Orbital Moment (muB)  0.045809012   Angles    0.207634895   224.981728439
<DFT>  Total Moment         (muB)  0.596856601   Angles    0.228958533   224.987567266
<DFT>  Mixing_weight= 0.001000000000
<DFT>  Uele   =  -26.515481561985  dUele     =   0.001150363019
<DFT>  NormRD =    0.002609780515  Criterion =   0.000000010000

******************* MD= 1  SCF=228 *******************
<Poisson>  Poisson's equation using FFT...
<Set_Hamiltonian>  Hamiltonian matrix for VNA+dVH+Vxc...
<Band>  Solving the eigenvalue problem...
 KGrids1:  -0.42857  -0.28571  -0.14286   0.00000   0.14286   0.28572   0.42857 
 KGrids2:  -0.42857  -0.28572  -0.14286  -0.00000   0.14286   0.28571   0.42857 
 KGrids3:  -0.42857  -0.28571  -0.14286   0.00000   0.14286   0.28572   0.42857 
<Band_DFT>  Eigen, time=0.138749
<Band_DFT>  DM, time=0.211479
    1   Ni  MulP 9.28 8.72 sum 18.00 diff  0.56 (  0.22 224.99)  Ml 0.05 (  0.26 224.98)  Ml+s 0.61 (  0.23 224.99)
 Sum of MulP: up   =     9.28192 down          =     8.71808
              total=    18.00000 ideal(neutral)=    18.00000
<DFT>  Total Spin Moment    (muB)  0.563846603   Angles    0.224977739   224.986907587
<DFT>  Total Orbital Moment (muB)  0.046638336   Angles    0.262207337   224.979269935
<DFT>  Total Moment         (muB)  0.610484929   Angles    0.227821914   224.986236039
<DFT>  Mixing_weight= 0.001000000000
<DFT>  Uele   =  -26.517814392907  dUele     =   0.002332830922
<DFT>  NormRD =    0.002663539172  Criterion =   0.000000010000

******************* MD= 1  SCF=229 *******************
<Poisson>  Poisson's equation using FFT...
<Set_Hamiltonian>  Hamiltonian matrix for VNA+dVH+Vxc...
<Band>  Solving the eigenvalue problem...
 KGrids1:  -0.42857  -0.28571  -0.14286   0.00000   0.14286   0.28572   0.42857 
 KGrids2:  -0.42857  -0.28572  -0.14286  -0.00000   0.14286   0.28571   0.42857 
 KGrids3:  -0.42857  -0.28571  -0.14286   0.00000   0.14286   0.28572   0.42857 
<Band_DFT>  Eigen, time=0.140699
<Band_DFT>  DM, time=0.211213
    1   Ni  MulP 9.21 8.79 sum 18.00 diff  0.43 (  0.15 224.96)  Ml 0.04 (  0.67  45.01)  Ml+s 0.46 (  0.08 224.94)
 Sum of MulP: up   =     9.21270 down          =     8.78730
              total=    18.00000 ideal(neutral)=    18.00000
<DFT>  Total Spin Moment    (muB)  0.425391996   Angles    0.150450813   224.963244747
<DFT>  Total Orbital Moment (muB)  0.036771127   Angles    0.673865849    45.007556384
<DFT>  Total Moment         (muB)  0.462159620   Angles    0.084867408   224.935251364
<DFT>  Mixing_weight= 0.001000000000
<DFT>  Uele   =  -26.484992200727  dUele     =   0.032822192181
<DFT>  NormRD =    0.002548467691  Criterion =   0.000000010000

******************* MD= 1  SCF=230 *******************
<Poisson>  Poisson's equation using FFT...
<Set_Hamiltonian>  Hamiltonian matrix for VNA+dVH+Vxc...
<Band>  Solving the eigenvalue problem...
 KGrids1:  -0.42857  -0.28571  -0.14286   0.00000   0.14286   0.28572   0.42857 
 KGrids2:  -0.42857  -0.28572  -0.14286  -0.00000   0.14286   0.28571   0.42857 
 KGrids3:  -0.42857  -0.28571  -0.14286   0.00000   0.14286   0.28572   0.42857 
<Band_DFT>  Eigen, time=0.140317
<Band_DFT>  DM, time=0.211140
    1   Ni  MulP 9.21 8.79 sum 18.00 diff  0.43 (  0.17 224.97)  Ml 0.04 (  0.65  45.01)  Ml+s 0.46 (  0.10 224.95)
 Sum of MulP: up   =     9.21338 down          =     8.78662
              total=    18.00000 ideal(neutral)=    18.00000
<DFT>  Total Spin Moment    (muB)  0.426753372   Angles    0.165108734   224.968353595
<DFT>  Total Orbital Moment (muB)  0.036933063   Angles    0.648923889    45.007975675
<DFT>  Total Moment         (muB)  0.463683005   Angles    0.100271972   224.947929796
<DFT>  Mixing_weight= 0.001000000000
<DFT>  Uele   =  -26.487634522530  dUele     =   0.002642321803
<DFT>  NormRD =    0.005892727545  Criterion =   0.000000010000

******************* MD= 1  SCF=231 *******************
<Poisson>  Poisson's equation using FFT...
<Set_Hamiltonian>  Hamiltonian matrix for VNA+dVH+Vxc...
<Band>  Solving the eigenvalue problem...
 KGrids1:  -0.42857  -0.28571  -0.14286   0.00000   0.14286   0.28572   0.42857 
 KGrids2:  -0.42857  -0.28572  -0.14286  -0.00000   0.14286   0.28571   0.42857 
 KGrids3:  -0.42857  -0.28571  -0.14286   0.00000   0.14286   0.28572   0.42857 
<Band_DFT>  Eigen, time=0.140725
<Band_DFT>  DM, time=0.211351
    1   Ni  MulP 9.25 8.75 sum 18.00 diff  0.49 (  0.19 224.99)  Ml 0.04 (  0.20  45.03)  Ml+s 0.53 (  0.16 224.99)
 Sum of MulP: up   =     9.24534 down          =     8.75466
              total=    18.00000 ideal(neutral)=    18.00000
<DFT>  Total Spin Moment    (muB)  0.490685344   Angles    0.190616727   224.990665262
<DFT>  Total Orbital Moment (muB)  0.041741467   Angles    0.201509277    45.028988862
<DFT>  Total Moment         (muB)  0.532425911   Angles    0.159874824   224.986878313
<DFT>  Mixing_weight= 0.001000000000
<DFT>  Uele   =  -26.506569659307  dUele     =   0.018935136778
<DFT>  NormRD =    0.004464206967  Criterion =   0.000000010000

******************* MD= 1  SCF=232 *******************
<Poisson>  Poisson's equation using FFT...
<Set_Hamiltonian>  Hamiltonian matrix for VNA+dVH+Vxc...
<Band>  Solving the eigenvalue problem...
 KGrids1:  -0.42857  -0.28571  -0.14286   0.00000   0.14286   0.28572   0.42857 
 KGrids2:  -0.42857  -0.28572  -0.14286  -0.00000   0.14286   0.28571   0.42857 
 KGrids3:  -0.42857  -0.28571  -0.14286   0.00000   0.14286   0.28572   0.42857 
<Band_DFT>  Eigen, time=0.138592
<Band_DFT>  DM, time=0.211461
    1   Ni  MulP 9.22 8.78 sum 18.00 diff  0.44 (  0.13 224.98)  Ml 0.04 (  0.60  45.00)  Ml+s 0.48 (  0.08 224.97)
 Sum of MulP: up   =     9.21976 down          =     8.78024
              total=    18.00000 ideal(neutral)=    18.00000
<DFT>  Total Spin Moment    (muB)  0.439527673   Angles    0.134693160   224.982433908
<DFT>  Total Orbital Moment (muB)  0.038036798   Angles    0.596012730    45.003519491
<DFT>  Total Moment         (muB)  0.477561623   Angles    0.076495517   224.969348960
<DFT>  Mixing_weight= 0.001000000000
<DFT>  Uele   =  -26.496810611923  dUele     =   0.009759047384
<DFT>  NormRD =    0.003058413070  Criterion =   0.000000010000

******************* MD= 1  SCF=233 *******************
<Poisson>  Poisson's equation using FFT...
<Set_Hamiltonian>  Hamiltonian matrix for VNA+dVH+Vxc...
<Band>  Solving the eigenvalue problem...
 KGrids1:  -0.42857  -0.28571  -0.14286   0.00000   0.14286   0.28572   0.42857 
 KGrids2:  -0.42857  -0.28572  -0.14286  -0.00000   0.14286   0.28571   0.42857 
 KGrids3:  -0.42857  -0.28571  -0.14286   0.00000   0.14286   0.28572   0.42857 
<Band_DFT>  Eigen, time=0.138638
<Band_DFT>  DM, time=0.211607
    1   Ni  MulP 9.22 8.78 sum 18.00 diff  0.43 (  0.13 224.98)  Ml 0.04 (  0.68  45.02)  Ml+s 0.47 (  0.07 224.95)
 Sum of MulP: up   =     9.21591 down          =     8.78409
              total=    18.00000 ideal(neutral)=    18.00000
<DFT>  Total Spin Moment    (muB)  0.431811573   Angles    0.134901838   224.980520290
<DFT>  Total Orbital Moment (muB)  0.037436889   Angles    0.683150977    45.016886035
<DFT>  Total Moment         (muB)  0.469244950   Angles    0.069638890   224.952059478
<DFT>  Mixing_weight= 0.001000000000
<DFT>  Uele   =  -26.493127052833  dUele     =   0.003683559091
<DFT>  NormRD =    0.002323416683  Criterion =   0.000000010000

******************* MD= 1  SCF=234 *******************
<Poisson>  Poisson's equation using FFT...
<Set_Hamiltonian>  Hamiltonian matrix for VNA+dVH+Vxc...
<Band>  Solving the eigenvalue problem...
 KGrids1:  -0.42857  -0.28571  -0.14286   0.00000   0.14286   0.28572   0.42857 
 KGrids2:  -0.42857  -0.28572  -0.14286  -0.00000   0.14286   0.28571   0.42857 
 KGrids3:  -0.42857  -0.28571  -0.14286   0.00000   0.14286   0.28572   0.42857 
<Band_DFT>  Eigen, time=0.140559
<Band_DFT>  DM, time=0.211537
    1   Ni  MulP 9.22 8.78 sum 18.00 diff  0.45 (  0.13 224.98)  Ml 0.04 (  0.52  45.02)  Ml+s 0.49 (  0.08 224.96)
 Sum of MulP: up   =     9.22462 down          =     8.77538
              total=    18.00000 ideal(neutral)=    18.00000
<DFT>  Total Spin Moment    (muB)  0.449241869   Angles    0.132929664   224.981575504
<DFT>  Total Orbital Moment (muB)  0.038763943   Angles    0.518142531    45.022591742
<DFT>  Total Moment         (muB)  0.488003509   Angles    0.081213687   224.960789307
<DFT>  Mixing_weight= 0.001000000000
<DFT>  Uele   =  -26.499713325250  dUele     =   0.006586272417
<DFT>  NormRD =    0.002394067607  Criterion =   0.000000010000

******************* MD= 1  SCF=235 *******************
<Poisson>  Poisson's equation using FFT...
<Set_Hamiltonian>  Hamiltonian matrix for VNA+dVH+Vxc...
<Band>  Solving the eigenvalue problem...
 KGrids1:  -0.42857  -0.28571  -0.14286   0.00000   0.14286   0.28572   0.42857 
 KGrids2:  -0.42857  -0.28572  -0.14286  -0.00000   0.14286   0.28571   0.42857 
 KGrids3:  -0.42857  -0.28571  -0.14286   0.00000   0.14286   0.28572   0.42857 
<Band_DFT>  Eigen, time=0.139117
<Band_DFT>  DM, time=0.211565
    1   Ni  MulP 9.22 8.78 sum 18.00 diff  0.44 (  0.10 224.99)  Ml 0.04 (  0.61  44.98)  Ml+s 0.48 (  0.04 225.00)
 Sum of MulP: up   =     9.22181 down          =     8.77819
              total=    18.00000 ideal(neutral)=    18.00000
<DFT>  Total Spin Moment    (muB)  0.443623957   Angles    0.096487075   224.985620013
<DFT>  Total Orbital Moment (muB)  0.038359954   Angles    0.612620191    44.976170953
<DFT>  Total Moment         (muB)  0.481981207   Angles    0.040052029   224.997122589
<DFT>  Mixing_weight= 0.001000000000
<DFT>  Uele   =  -26.498655893873  dUele     =   0.001057431377
<DFT>  NormRD =    0.002721225165  Criterion =   0.000000010000

******************* MD= 1  SCF=236 *******************
<Poisson>  Poisson's equation using FFT...
<Set_Hamiltonian>  Hamiltonian matrix for VNA+dVH+Vxc...
<Band>  Solving the eigenvalue problem...
 KGrids1:  -0.42857  -0.28571  -0.14286   0.00000   0.14286   0.28572   0.42857 
 KGrids2:  -0.42857  -0.28572  -0.14286  -0.00000   0.14286   0.28571   0.42857 
 KGrids3:  -0.42857  -0.28571  -0.14286   0.00000   0.14286   0.28572   0.42857 
<Band_DFT>  Eigen, time=0.138681
<Band_DFT>  DM, time=0.211461
    1   Ni  MulP 9.22 8.78 sum 18.00 diff  0.43 (  0.04 224.97)  Ml 0.04 (  0.77  45.01)  Ml+s 0.47 (  0.03  45.05)
 Sum of MulP: up   =     9.21595 down          =     8.78405
              total=    18.00000 ideal(neutral)=    18.00000
<DFT>  Total Spin Moment    (muB)  0.431904379   Angles    0.035667000   224.971256887
<DFT>  Total Orbital Moment (muB)  0.037454280   Angles    0.772422680    45.008371320
<DFT>  Total Moment         (muB)  0.469355232   Angles    0.028815987    45.050644202
<DFT>  Mixing_weight= 0.001000000000
<DFT>  Uele   =  -26.494153474177  dUele     =   0.004502419696
<DFT>  NormRD =    0.002420729564  Criterion =   0.000000010000

******************* MD= 1  SCF=237 *******************
<Poisson>  Poisson's equation using FFT...
<Set_Hamiltonian>  Hamiltonian matrix for VNA+dVH+Vxc...
<Band>  Solving the eigenvalue problem...
 KGrids1:  -0.42857  -0.28571  -0.14286   0.00000   0.14286   0.28572   0.42857 
 KGrids2:  -0.42857  -0.28572  -0.14286  -0.00000   0.14286   0.28571   0.42857 
 KGrids3:  -0.42857  -0.28571  -0.14286   0.00000   0.14286   0.28572   0.42857 
<Band_DFT>  Eigen, time=0.138621
<Band_DFT>  DM, time=0.211481
    1   Ni  MulP 9.33 8.67 sum 18.00 diff  0.67 (  0.13 225.02)  Ml 0.05 (  0.12 224.97)  Ml+s 0.72 (  0.13 225.01)
 Sum of MulP: up   =     9.33282 down          =     8.66718
              total=    18.00000 ideal(neutral)=    18.00000
<DFT>  Total Spin Moment    (muB)  0.665638334   Angles    0.127760882   225.015763972
<DFT>  Total Orbital Moment (muB)  0.052703596   Angles    0.117794176   224.966584388
<DFT>  Total Moment         (muB)  0.718341929   Angles    0.127029638   225.012418074
<DFT>  Mixing_weight= 0.001000000000
<DFT>  Uele   =  -26.535254775215  dUele     =   0.041101301039
<DFT>  NormRD =    0.001937450667  Criterion =   0.000000010000

******************* MD= 1  SCF=238 *******************
<Poisson>  Poisson's equation using FFT...
<Set_Hamiltonian>  Hamiltonian matrix for VNA+dVH+Vxc...
<Band>  Solving the eigenvalue problem...
 KGrids1:  -0.42857  -0.28571  -0.14286   0.00000   0.14286   0.28572   0.42857 
 KGrids2:  -0.42857  -0.28572  -0.14286  -0.00000   0.14286   0.28571   0.42857 
 KGrids3:  -0.42857  -0.28571  -0.14286   0.00000   0.14286   0.28572   0.42857 
<Band_DFT>  Eigen, time=0.138256
<Band_DFT>  DM, time=0.211363
    1   Ni  MulP 9.36 8.64 sum 18.00 diff  0.71 (  0.32 225.01)  Ml 0.06 (  0.27 225.06)  Ml+s 0.77 (  0.32 225.01)
 Sum of MulP: up   =     9.35553 down          =     8.64447
              total=    18.00000 ideal(neutral)=    18.00000
<DFT>  Total Spin Moment    (muB)  0.711050789   Angles    0.321675926   225.005198042
<DFT>  Total Orbital Moment (muB)  0.055236551   Angles    0.266126117   225.060887899
<DFT>  Total Moment         (muB)  0.766287316   Angles    0.317671702   225.008560993
<DFT>  Mixing_weight= 0.001000000000
<DFT>  Uele   =  -26.553444059983  dUele     =   0.018189284767
<DFT>  NormRD =    0.002080566586  Criterion =   0.000000010000

******************* MD= 1  SCF=239 *******************
<Poisson>  Poisson's equation using FFT...
<Set_Hamiltonian>  Hamiltonian matrix for VNA+dVH+Vxc...
<Band>  Solving the eigenvalue problem...
 KGrids1:  -0.42857  -0.28571  -0.14286   0.00000   0.14286   0.28572   0.42857 
 KGrids2:  -0.42857  -0.28572  -0.14286  -0.00000   0.14286   0.28571   0.42857 
 KGrids3:  -0.42857  -0.28571  -0.14286   0.00000   0.14286   0.28572   0.42857 
<Band_DFT>  Eigen, time=0.138565
<Band_DFT>  DM, time=0.211421
    1   Ni  MulP 9.21 8.79 sum 18.00 diff  0.43 (  0.04 224.89)  Ml 0.04 (  0.74  45.02)  Ml+s 0.46 (  0.02  45.23)
 Sum of MulP: up   =     9.21255 down          =     8.78745
              total=    18.00000 ideal(neutral)=    18.00000
<DFT>  Total Spin Moment    (muB)  0.425101613   Angles    0.038232765   224.885456196
<DFT>  Total Orbital Moment (muB)  0.036746817   Angles    0.735771630    45.022811735
<DFT>  Total Moment         (muB)  0.461845344   Angles    0.023349442    45.229826858
<DFT>  Mixing_weight= 0.001000000000
<DFT>  Uele   =  -26.486162111882  dUele     =   0.067281948101
<DFT>  NormRD =    0.009745082415  Criterion =   0.000000010000

******************* MD= 1  SCF=240 *******************
<Poisson>  Poisson's equation using FFT...
<Set_Hamiltonian>  Hamiltonian matrix for VNA+dVH+Vxc...
<Band>  Solving the eigenvalue problem...
 KGrids1:  -0.42857  -0.28571  -0.14286   0.00000   0.14286   0.28572   0.42857 
 KGrids2:  -0.42857  -0.28572  -0.14286  -0.00000   0.14286   0.28571   0.42857 
 KGrids3:  -0.42857  -0.28571  -0.14286   0.00000   0.14286   0.28572   0.42857 
<Band_DFT>  Eigen, time=0.138764
<Band_DFT>  DM, time=0.211673
    1   Ni  MulP 9.21 8.79 sum 18.00 diff  0.42 (  0.07  45.04)  Ml 0.04 (  0.89  44.99)  Ml+s 0.46 (  0.14  45.02)
 Sum of MulP: up   =     9.21170 down          =     8.78830
              total=    18.00000 ideal(neutral)=    18.00000
<DFT>  Total Spin Moment    (muB)  0.423395330   Angles    0.073201659    45.039519954
<DFT>  Total Orbital Moment (muB)  0.036413509   Angles    0.893209496    44.993242490
<DFT>  Total Moment         (muB)  0.459805405   Angles    0.138138573    45.015823729
<DFT>  Mixing_weight= 0.001000000000
<DFT>  Uele   =  -26.478205369303  dUele     =   0.007956742579
<DFT>  NormRD =    0.005636038587  Criterion =   0.000000010000

******************* MD= 1  SCF=241 *******************
<Poisson>  Poisson's equation using FFT...
<Set_Hamiltonian>  Hamiltonian matrix for VNA+dVH+Vxc...
<Band>  Solving the eigenvalue problem...
 KGrids1:  -0.42857  -0.28571  -0.14286   0.00000   0.14286   0.28572   0.42857 
 KGrids2:  -0.42857  -0.28572  -0.14286  -0.00000   0.14286   0.28571   0.42857 
 KGrids3:  -0.42857  -0.28571  -0.14286   0.00000   0.14286   0.28572   0.42857 
<Band_DFT>  Eigen, time=0.138420
<Band_DFT>  DM, time=0.211655
    1   Ni  MulP 9.21 8.79 sum 18.00 diff  0.42 (  0.13  45.02)  Ml 0.04 (  0.95  44.99)  Ml+s 0.46 (  0.20  45.01)
 Sum of MulP: up   =     9.21176 down          =     8.78824
              total=    18.00000 ideal(neutral)=    18.00000
<DFT>  Total Spin Moment    (muB)  0.423528026   Angles    0.130395948    45.018578247
<DFT>  Total Orbital Moment (muB)  0.036465054   Angles    0.949894518    44.985764756
<DFT>  Total Moment         (muB)  0.459989646   Angles    0.195358374    45.005930723
<DFT>  Mixing_weight= 0.001000000000
<DFT>  Uele   =  -26.479687149100  dUele     =   0.001481779798
<DFT>  NormRD =    0.011064572894  Criterion =   0.000000010000

******************* MD= 1  SCF=242 *******************
<Poisson>  Poisson's equation using FFT...
<Set_Hamiltonian>  Hamiltonian matrix for VNA+dVH+Vxc...
<Band>  Solving the eigenvalue problem...
 KGrids1:  -0.42857  -0.28571  -0.14286   0.00000   0.14286   0.28572   0.42857 
 KGrids2:  -0.42857  -0.28572  -0.14286  -0.00000   0.14286   0.28571   0.42857 
 KGrids3:  -0.42857  -0.28571  -0.14286   0.00000   0.14286   0.28572   0.42857 
<Band_DFT>  Eigen, time=0.140462
<Band_DFT>  DM, time=0.211552
    1   Ni  MulP 9.23 8.77 sum 18.00 diff  0.45 (  0.01 224.90)  Ml 0.04 (  0.57  44.99)  Ml+s 0.49 (  0.03  45.02)
 Sum of MulP: up   =     9.22547 down          =     8.77453
              total=    18.00000 ideal(neutral)=    18.00000
<DFT>  Total Spin Moment    (muB)  0.450932165   Angles    0.011560765   224.895727074
<DFT>  Total Orbital Moment (muB)  0.038905251   Angles    0.571783346    44.992710290
<DFT>  Total Moment         (muB)  0.489835559   Angles    0.034770638    45.022394891
<DFT>  Mixing_weight= 0.001000000000
<DFT>  Uele   =  -26.502169926029  dUele     =   0.022482776929
<DFT>  NormRD =    0.010328560749  Criterion =   0.000000010000

******************* MD= 1  SCF=243 *******************
<Poisson>  Poisson's equation using FFT...
<Set_Hamiltonian>  Hamiltonian matrix for VNA+dVH+Vxc...
<Band>  Solving the eigenvalue problem...
 KGrids1:  -0.42857  -0.28571  -0.14286   0.00000   0.14286   0.28572   0.42857 
 KGrids2:  -0.42857  -0.28572  -0.14286  -0.00000   0.14286   0.28571   0.42857 
 KGrids3:  -0.42857  -0.28571  -0.14286   0.00000   0.14286   0.28572   0.42857 
<Band_DFT>  Eigen, time=0.138429
<Band_DFT>  DM, time=0.211633
    1   Ni  MulP 9.22 8.78 sum 18.00 diff  0.44 (  0.04  45.04)  Ml 0.04 (  0.73  44.99)  Ml+s 0.47 (  0.09  45.01)
 Sum of MulP: up   =     9.21791 down          =     8.78209
              total=    18.00000 ideal(neutral)=    18.00000
<DFT>  Total Spin Moment    (muB)  0.435819612   Angles    0.037216441    45.044426195
<DFT>  Total Orbital Moment (muB)  0.037767480   Angles    0.729543241    44.988068781
<DFT>  Total Moment         (muB)  0.473584554   Angles    0.092426859    45.008951980
<DFT>  Mixing_weight= 0.001000000000
<DFT>  Uele   =  -26.497805326934  dUele     =   0.004364599095
<DFT>  NormRD =    0.002637150086  Criterion =   0.000000010000

******************* MD= 1  SCF=244 *******************
<Poisson>  Poisson's equation using FFT...
<Set_Hamiltonian>  Hamiltonian matrix for VNA+dVH+Vxc...
<Band>  Solving the eigenvalue problem...
 KGrids1:  -0.42857  -0.28571  -0.14286   0.00000   0.14286   0.28572   0.42857 
 KGrids2:  -0.42857  -0.28572  -0.14286  -0.00000   0.14286   0.28571   0.42857 
 KGrids3:  -0.42857  -0.28571  -0.14286   0.00000   0.14286   0.28572   0.42857 
<Band_DFT>  Eigen, time=0.140008
<Band_DFT>  DM, time=0.211372
    1   Ni  MulP 9.22 8.78 sum 18.00 diff  0.45 (  0.01  45.11)  Ml 0.04 (  0.62  44.97)  Ml+s 0.48 (  0.06  44.99)
 Sum of MulP: up   =     9.22311 down          =     8.77689
              total=    18.00000 ideal(neutral)=    18.00000
<DFT>  Total Spin Moment    (muB)  0.446220284   Angles    0.010199035    45.110771349
<DFT>  Total Orbital Moment (muB)  0.038552954   Angles    0.619522848    44.972275175
<DFT>  Total Moment         (muB)  0.484771231   Angles    0.058656493    44.994441460
<DFT>  Mixing_weight= 0.001000000000
<DFT>  Uele   =  -26.501032148967  dUele     =   0.003226822033
<DFT>  NormRD =    0.001424311558  Criterion =   0.000000010000

******************* MD= 1  SCF=245 *******************
<Poisson>  Poisson's equation using FFT...
<Set_Hamiltonian>  Hamiltonian matrix for VNA+dVH+Vxc...
<Band>  Solving the eigenvalue problem...
 KGrids1:  -0.42857  -0.28571  -0.14286   0.00000   0.14286   0.28572   0.42857 
 KGrids2:  -0.42857  -0.28572  -0.14286  -0.00000   0.14286   0.28571   0.42857 
 KGrids3:  -0.42857  -0.28571  -0.14286   0.00000   0.14286   0.28572   0.42857 
<Band_DFT>  Eigen, time=0.138526
<Band_DFT>  DM, time=0.211427
    1   Ni  MulP 9.22 8.78 sum 18.00 diff  0.43 (  0.03  45.06)  Ml 0.04 (  0.76  45.00)  Ml+s 0.47 (  0.09  45.02)
 Sum of MulP: up   =     9.21531 down          =     8.78469
              total=    18.00000 ideal(neutral)=    18.00000
<DFT>  Total Spin Moment    (muB)  0.430617102   Angles    0.034353502    45.058915219
<DFT>  Total Orbital Moment (muB)  0.037332776   Angles    0.756456043    45.003418146
<DFT>  Total Moment         (muB)  0.467947150   Angles    0.091961245    45.022496057
<DFT>  Mixing_weight= 0.001000000000
<DFT>  Uele   =  -26.494676998876  dUele     =   0.006355150091
<DFT>  NormRD =    0.002390569317  Criterion =   0.000000010000

******************* MD= 1  SCF=246 *******************
<Poisson>  Poisson's equation using FFT...
<Set_Hamiltonian>  Hamiltonian matrix for VNA+dVH+Vxc...
<Band>  Solving the eigenvalue problem...
 KGrids1:  -0.42857  -0.28571  -0.14286   0.00000   0.14286   0.28572   0.42857 
 KGrids2:  -0.42857  -0.28572  -0.14286  -0.00000   0.14286   0.28571   0.42857 
 KGrids3:  -0.42857  -0.28571  -0.14286   0.00000   0.14286   0.28572   0.42857 
<Band_DFT>  Eigen, time=0.140432
<Band_DFT>  DM, time=0.211583
    1   Ni  MulP 9.22 8.78 sum 18.00 diff  0.44 (  0.01 224.71)  Ml 0.04 (  0.62  45.00)  Ml+s 0.48 (  0.04  45.04)
 Sum of MulP: up   =     9.22179 down          =     8.77821
              total=    18.00000 ideal(neutral)=    18.00000
<DFT>  Total Spin Moment    (muB)  0.443586930   Angles    0.006889720   224.706202666
<DFT>  Total Orbital Moment (muB)  0.038347169   Angles    0.615758139    44.998439145
<DFT>  Total Moment         (muB)  0.481932015   Angles    0.042653288    45.041887631
<DFT>  Mixing_weight= 0.001000000000
<DFT>  Uele   =  -26.499927833391  dUele     =   0.005250834515
<DFT>  NormRD =    0.001331031045  Criterion =   0.000000010000

******************* MD= 1  SCF=247 *******************
<Poisson>  Poisson's equation using FFT...
<Set_Hamiltonian>  Hamiltonian matrix for VNA+dVH+Vxc...
<Band>  Solving the eigenvalue problem...
 KGrids1:  -0.42857  -0.28571  -0.14286   0.00000   0.14286   0.28572   0.42857 
 KGrids2:  -0.42857  -0.28572  -0.14286  -0.00000   0.14286   0.28571   0.42857 
 KGrids3:  -0.42857  -0.28571  -0.14286   0.00000   0.14286   0.28572   0.42857 
<Band_DFT>  Eigen, time=0.139047
<Band_DFT>  DM, time=0.211876
    1   Ni  MulP 9.21 8.79 sum 18.00 diff  0.43 (  0.06  45.06)  Ml 0.04 (  0.82  45.00)  Ml+s 0.46 (  0.12  45.03)
 Sum of MulP: up   =     9.21317 down          =     8.78683
              total=    18.00000 ideal(neutral)=    18.00000
<DFT>  Total Spin Moment    (muB)  0.426331408   Angles    0.064823439    45.064198705
<DFT>  Total Orbital Moment (muB)  0.036921056   Angles    0.815495348    45.001377284
<DFT>  Total Moment         (muB)  0.463249548   Angles    0.124650379    45.031443497
<DFT>  Mixing_weight= 0.001000000000
<DFT>  Uele   =  -26.489742426908  dUele     =   0.010185406483
<DFT>  NormRD =    0.002182452472  Criterion =   0.000000010000

******************* MD= 1  SCF=248 *******************
<Poisson>  Poisson's equation using FFT...
<Set_Hamiltonian>  Hamiltonian matrix for VNA+dVH+Vxc...
<Band>  Solving the eigenvalue problem...
 KGrids1:  -0.42857  -0.28571  -0.14286   0.00000   0.14286   0.28572   0.42857 
 KGrids2:  -0.42857  -0.28572  -0.14286  -0.00000   0.14286   0.28571   0.42857 
 KGrids3:  -0.42857  -0.28571  -0.14286   0.00000   0.14286   0.28572   0.42857 
<Band_DFT>  Eigen, time=0.138215
<Band_DFT>  DM, time=0.211630
    1   Ni  MulP 9.23 8.77 sum 18.00 diff  0.45 (  0.00 223.74)  Ml 0.04 (  0.55  44.98)  Ml+s 0.49 (  0.04  45.03)
 Sum of MulP: up   =     9.22639 down          =     8.77361
              total=    18.00000 ideal(neutral)=    18.00000
<DFT>  Total Spin Moment    (muB)  0.452785146   Angles    0.001783963   223.735885322
<DFT>  Total Orbital Moment (muB)  0.039028091   Angles    0.548795422    44.983280026
<DFT>  Total Moment         (muB)  0.491811578   Angles    0.041907429    45.032163047
<DFT>  Mixing_weight= 0.001000000000
<DFT>  Uele   =  -26.502293510512  dUele     =   0.012551083604
<DFT>  NormRD =    0.003706040971  Criterion =   0.000000010000

******************* MD= 1  SCF=249 *******************
<Poisson>  Poisson's equation using FFT...
<Set_Hamiltonian>  Hamiltonian matrix for VNA+dVH+Vxc...
<Band>  Solving the eigenvalue problem...
 KGrids1:  -0.42857  -0.28571  -0.14286   0.00000   0.14286   0.28572   0.42857 
 KGrids2:  -0.42857  -0.28572  -0.14286  -0.00000   0.14286   0.28571   0.42857 
 KGrids3:  -0.42857  -0.28571  -0.14286   0.00000   0.14286   0.28572   0.42857 
<Band_DFT>  Eigen, time=0.140610
<Band_DFT>  DM, time=0.211629
    1   Ni  MulP 9.22 8.78 sum 18.00 diff  0.44 (  0.02  45.18)  Ml 0.04 (  0.62  45.00)  Ml+s 0.48 (  0.06  45.04)
 Sum of MulP: up   =     9.22241 down          =     8.77759
              total=    18.00000 ideal(neutral)=    18.00000
<DFT>  Total Spin Moment    (muB)  0.444814737   Angles    0.015592703    45.182679169
<DFT>  Total Orbital Moment (muB)  0.038433318   Angles    0.615204210    44.999572175
<DFT>  Total Moment         (muB)  0.483246118   Angles    0.063279820    45.041103069
<DFT>  Mixing_weight= 0.001000000000
<DFT>  Uele   =  -26.500339123970  dUele     =   0.001954386542
<DFT>  NormRD =    0.002684371302  Criterion =   0.000000010000

******************* MD= 1  SCF=250 *******************
<Poisson>  Poisson's equation using FFT...
<Set_Hamiltonian>  Hamiltonian matrix for VNA+dVH+Vxc...
<Band>  Solving the eigenvalue problem...
 KGrids1:  -0.42857  -0.28571  -0.14286   0.00000   0.14286   0.28572   0.42857 
 KGrids2:  -0.42857  -0.28572  -0.14286  -0.00000   0.14286   0.28571   0.42857 
 KGrids3:  -0.42857  -0.28571  -0.14286   0.00000   0.14286   0.28572   0.42857 
<Band_DFT>  Eigen, time=0.140490
<Band_DFT>  DM, time=0.211436
    1   Ni  MulP 9.25 8.75 sum 18.00 diff  0.49 (  0.04 224.99)  Ml 0.04 (  0.25  45.00)  Ml+s 0.53 (  0.02 224.99)
 Sum of MulP: up   =     9.24606 down          =     8.75394
              total=    18.00000 ideal(neutral)=    18.00000
<DFT>  Total Spin Moment    (muB)  0.492116842   Angles    0.043374003   224.993451361
<DFT>  Total Orbital Moment (muB)  0.041848843   Angles    0.251894852    44.999367245
<DFT>  Total Moment         (muB)  0.533965173   Angles    0.020232783   224.987679014
<DFT>  Mixing_weight= 0.001000000000
<DFT>  Uele   =  -26.509025479551  dUele     =   0.008686355581
<DFT>  NormRD =    0.002257981295  Criterion =   0.000000010000

******************* MD= 1  SCF=251 *******************
<Poisson>  Poisson's equation using FFT...
<Set_Hamiltonian>  Hamiltonian matrix for VNA+dVH+Vxc...
<Band>  Solving the eigenvalue problem...
 KGrids1:  -0.42857  -0.28571  -0.14286   0.00000   0.14286   0.28572   0.42857 
 KGrids2:  -0.42857  -0.28572  -0.14286  -0.00000   0.14286   0.28571   0.42857 
 KGrids3:  -0.42857  -0.28571  -0.14286   0.00000   0.14286   0.28572   0.42857 
<Band_DFT>  Eigen, time=0.138582
<Band_DFT>  DM, time=0.211446
    1   Ni  MulP 9.25 8.75 sum 18.00 diff  0.50 (  0.06 225.00)  Ml 0.04 (  0.16  45.00)  Ml+s 0.55 (  0.04 225.01)
 Sum of MulP: up   =     9.25226 down          =     8.74774
              total=    18.00000 ideal(neutral)=    18.00000
<DFT>  Total Spin Moment    (muB)  0.504528445   Angles    0.055778299   225.004349558
<DFT>  Total Orbital Moment (muB)  0.042709213   Angles    0.160409975    44.996159531
<DFT>  Total Moment         (muB)  0.547237379   Angles    0.038905897   225.006984958
<DFT>  Mixing_weight= 0.001000000000
<DFT>  Uele   =  -26.510823287358  dUele     =   0.001797807807
<DFT>  NormRD =    0.003105120582  Criterion =   0.000000010000

******************* MD= 1  SCF=252 *******************
<Poisson>  Poisson's equation using FFT...
<Set_Hamiltonian>  Hamiltonian matrix for VNA+dVH+Vxc...
<Band>  Solving the eigenvalue problem...
 KGrids1:  -0.42857  -0.28571  -0.14286   0.00000   0.14286   0.28572   0.42857 
 KGrids2:  -0.42857  -0.28572  -0.14286  -0.00000   0.14286   0.28571   0.42857 
 KGrids3:  -0.42857  -0.28571  -0.14286   0.00000   0.14286   0.28572   0.42857 
<Band_DFT>  Eigen, time=0.138984
<Band_DFT>  DM, time=0.211527
    1   Ni  MulP 9.25 8.75 sum 18.00 diff  0.50 (  0.05 225.00)  Ml 0.04 (  0.18  45.00)  Ml+s 0.55 (  0.03 225.01)
 Sum of MulP: up   =     9.25137 down          =     8.74863
              total=    18.00000 ideal(neutral)=    18.00000
<DFT>  Total Spin Moment    (muB)  0.502743395   Angles    0.050575050   225.002521647
<DFT>  Total Orbital Moment (muB)  0.042587025   Angles    0.179264976    44.995874335
<DFT>  Total Moment         (muB)  0.545330104   Angles    0.032625964   225.005373947
<DFT>  Mixing_weight= 0.001000000000
<DFT>  Uele   =  -26.510583851580  dUele     =   0.000239435777
<DFT>  NormRD =    0.003047600005  Criterion =   0.000000010000

******************* MD= 1  SCF=253 *******************
<Poisson>  Poisson's equation using FFT...
<Set_Hamiltonian>  Hamiltonian matrix for VNA+dVH+Vxc...
<Band>  Solving the eigenvalue problem...
 KGrids1:  -0.42857  -0.28571  -0.14286   0.00000   0.14286   0.28572   0.42857 
 KGrids2:  -0.42857  -0.28572  -0.14286  -0.00000   0.14286   0.28571   0.42857 
 KGrids3:  -0.42857  -0.28571  -0.14286   0.00000   0.14286   0.28572   0.42857 
<Band_DFT>  Eigen, time=0.138359
<Band_DFT>  DM, time=0.211468
    1   Ni  MulP 9.25 8.75 sum 18.00 diff  0.51 (  0.05 224.99)  Ml 0.04 (  0.14  45.04)  Ml+s 0.55 (  0.03 224.98)
 Sum of MulP: up   =     9.25443 down          =     8.74557
              total=    18.00000 ideal(neutral)=    18.00000
<DFT>  Total Spin Moment    (muB)  0.508863334   Angles    0.046342176   224.994148808
<DFT>  Total Orbital Moment (muB)  0.043006764   Angles    0.137049603    45.041349816
<DFT>  Total Moment         (muB)  0.551869895   Angles    0.032050636   224.978420136
<DFT>  Mixing_weight= 0.001000000000
<DFT>  Uele   =  -26.511517677257  dUele     =   0.000933825676
<DFT>  NormRD =    0.003061249306  Criterion =   0.000000010000

******************* MD= 1  SCF=254 *******************
<Poisson>  Poisson's equation using FFT...
<Set_Hamiltonian>  Hamiltonian matrix for VNA+dVH+Vxc...
<Band>  Solving the eigenvalue problem...
 KGrids1:  -0.42857  -0.28571  -0.14286   0.00000   0.14286   0.28572   0.42857 
 KGrids2:  -0.42857  -0.28572  -0.14286  -0.00000   0.14286   0.28571   0.42857 
 KGrids3:  -0.42857  -0.28571  -0.14286   0.00000   0.14286   0.28572   0.42857 
<Band_DFT>  Eigen, time=0.138636
<Band_DFT>  DM, time=0.211934
    1   Ni  MulP 9.25 8.75 sum 18.00 diff  0.51 (  0.04 224.99)  Ml 0.04 (  0.16  45.01)  Ml+s 0.55 (  0.02 224.97)
 Sum of MulP: up   =     9.25328 down          =     8.74672
              total=    18.00000 ideal(neutral)=    18.00000
<DFT>  Total Spin Moment    (muB)  0.506553155   Angles    0.035673966   224.985449974
<DFT>  Total Orbital Moment (muB)  0.042845873   Angles    0.156464254    45.011510055
<DFT>  Total Moment         (muB)  0.549398806   Angles    0.020689744   224.970080588
<DFT>  Mixing_weight= 0.001000000000
<DFT>  Uele   =  -26.511200498380  dUele     =   0.000317178877
<DFT>  NormRD =    0.003028155187  Criterion =   0.000000010000

******************* MD= 1  SCF=255 *******************
<Poisson>  Poisson's equation using FFT...
<Set_Hamiltonian>  Hamiltonian matrix for VNA+dVH+Vxc...
<Band>  Solving the eigenvalue problem...
 KGrids1:  -0.42857  -0.28571  -0.14286   0.00000   0.14286   0.28572   0.42857 
 KGrids2:  -0.42857  -0.28572  -0.14286  -0.00000   0.14286   0.28571   0.42857 
 KGrids3:  -0.42857  -0.28571  -0.14286   0.00000   0.14286   0.28572   0.42857 
<Band_DFT>  Eigen, time=0.139616
<Band_DFT>  DM, time=0.211899
    1   Ni  MulP 9.25 8.75 sum 18.00 diff  0.50 (  0.01  45.12)  Ml 0.04 (  0.24  45.00)  Ml+s 0.54 (  0.03  45.04)
 Sum of MulP: up   =     9.24828 down          =     8.75172
              total=    18.00000 ideal(neutral)=    18.00000
<DFT>  Total Spin Moment    (muB)  0.496551994   Angles    0.011859947    45.122814104
<DFT>  Total Orbital Moment (muB)  0.042145398   Angles    0.244250338    44.995716406
<DFT>  Total Moment         (muB)  0.538697072   Angles    0.030041129    45.041967712
<DFT>  Mixing_weight= 0.001000000000
<DFT>  Uele   =  -26.509874590478  dUele     =   0.001325907902
<DFT>  NormRD =    0.003054761407  Criterion =   0.000000010000

******************* MD= 1  SCF=256 *******************
<Poisson>  Poisson's equation using FFT...
<Set_Hamiltonian>  Hamiltonian matrix for VNA+dVH+Vxc...
<Band>  Solving the eigenvalue problem...
 KGrids1:  -0.42857  -0.28571  -0.14286   0.00000   0.14286   0.28572   0.42857 
 KGrids2:  -0.42857  -0.28572  -0.14286  -0.00000   0.14286   0.28571   0.42857 
 KGrids3:  -0.42857  -0.28571  -0.14286   0.00000   0.14286   0.28572   0.42857 
<Band_DFT>  Eigen, time=0.139935
<Band_DFT>  DM, time=0.211449
    1   Ni  MulP 9.23 8.77 sum 18.00 diff  0.47 (  0.10  45.03)  Ml 0.04 (  0.47  44.99)  Ml+s 0.51 (  0.13  45.02)
 Sum of MulP: up   =     9.23492 down          =     8.76508
              total=    18.00000 ideal(neutral)=    18.00000
<DFT>  Total Spin Moment    (muB)  0.469838475   Angles    0.103352418    45.025288413
<DFT>  Total Orbital Moment (muB)  0.040240058   Angles    0.473667679    44.992355285
<DFT>  Total Moment         (muB)  0.510077759   Angles    0.132566400    45.016005359
<DFT>  Mixing_weight= 0.001000000000
<DFT>  Uele   =  -26.506003058434  dUele     =   0.003871532045
<DFT>  NormRD =    0.003163493640  Criterion =   0.000000010000

******************* MD= 1  SCF=257 *******************
<Poisson>  Poisson's equation using FFT...
<Set_Hamiltonian>  Hamiltonian matrix for VNA+dVH+Vxc...
<Band>  Solving the eigenvalue problem...
 KGrids1:  -0.42857  -0.28571  -0.14286   0.00000   0.14286   0.28572   0.42857 
 KGrids2:  -0.42857  -0.28572  -0.14286  -0.00000   0.14286   0.28571   0.42857 
 KGrids3:  -0.42857  -0.28571  -0.14286   0.00000   0.14286   0.28572   0.42857 
<Band_DFT>  Eigen, time=0.140487
<Band_DFT>  DM, time=0.211732
    1   Ni  MulP 9.24 8.76 sum 18.00 diff  0.48 (  0.09  45.02)  Ml 0.04 (  0.37  44.99)  Ml+s 0.52 (  0.11  45.01)
 Sum of MulP: up   =     9.24160 down          =     8.75840
              total=    18.00000 ideal(neutral)=    18.00000
<DFT>  Total Spin Moment    (muB)  0.483192241   Angles    0.089689260    45.023405182
<DFT>  Total Orbital Moment (muB)  0.041194111   Angles    0.368854389    44.989416844
<DFT>  Total Moment         (muB)  0.524385901   Angles    0.111619507    45.014581981
<DFT>  Mixing_weight= 0.001000000000
<DFT>  Uele   =  -26.508194854386  dUele     =   0.002191795952
<DFT>  NormRD =    0.003244809291  Criterion =   0.000000010000

******************* MD= 1  SCF=258 *******************
<Poisson>  Poisson's equation using FFT...
<Set_Hamiltonian>  Hamiltonian matrix for VNA+dVH+Vxc...
<Band>  Solving the eigenvalue problem...
 KGrids1:  -0.42857  -0.28571  -0.14286   0.00000   0.14286   0.28572   0.42857 
 KGrids2:  -0.42857  -0.28572  -0.14286  -0.00000   0.14286   0.28571   0.42857 
 KGrids3:  -0.42857  -0.28571  -0.14286   0.00000   0.14286   0.28572   0.42857 
<Band_DFT>  Eigen, time=0.140689
<Band_DFT>  DM, time=0.211558
    1   Ni  MulP 9.24 8.76 sum 18.00 diff  0.47 (  0.14  45.02)  Ml 0.04 (  0.49  44.99)  Ml+s 0.51 (  0.17  45.01)
 Sum of MulP: up   =     9.23504 down          =     8.76496
              total=    18.00000 ideal(neutral)=    18.00000
<DFT>  Total Spin Moment    (muB)  0.470075342   Angles    0.144910498    45.021179309
<DFT>  Total Orbital Moment (muB)  0.040247070   Angles    0.487595954    44.986723378
<DFT>  Total Moment         (muB)  0.510321749   Angles    0.171936587    45.013473090
<DFT>  Mixing_weight= 0.001000000000
<DFT>  Uele   =  -26.506246864700  dUele     =   0.001947989686
<DFT>  NormRD =    0.003305713786  Criterion =   0.000000010000

******************* MD= 1  SCF=259 *******************
<Poisson>  Poisson's equation using FFT...
<Set_Hamiltonian>  Hamiltonian matrix for VNA+dVH+Vxc...
<Band>  Solving the eigenvalue problem...
 KGrids1:  -0.42857  -0.28571  -0.14286   0.00000   0.14286   0.28572   0.42857 
 KGrids2:  -0.42857  -0.28572  -0.14286  -0.00000   0.14286   0.28571   0.42857 
 KGrids3:  -0.42857  -0.28571  -0.14286   0.00000   0.14286   0.28572   0.42857 
<Band_DFT>  Eigen, time=0.138756
<Band_DFT>  DM, time=0.211512
    1   Ni  MulP 9.24 8.76 sum 18.00 diff  0.49 (  0.18  45.02)  Ml 0.04 (  0.39  44.97)  Ml+s 0.53 (  0.19  45.01)
 Sum of MulP: up   =     9.24379 down          =     8.75621
              total=    18.00000 ideal(neutral)=    18.00000
<DFT>  Total Spin Moment    (muB)  0.487586617   Angles    0.178381974    45.016978985
<DFT>  Total Orbital Moment (muB)  0.041490598   Angles    0.389255914    44.967310521
<DFT>  Total Moment         (muB)  0.529076955   Angles    0.194918814    45.009200581
<DFT>  Mixing_weight= 0.001000000000
<DFT>  Uele   =  -26.509310169188  dUele     =   0.003063304489
<DFT>  NormRD =    0.003310033105  Criterion =   0.000000010000

******************* MD= 1  SCF=260 *******************
<Poisson>  Poisson's equation using FFT...
<Set_Hamiltonian>  Hamiltonian matrix for VNA+dVH+Vxc...
<Band>  Solving the eigenvalue problem...
 KGrids1:  -0.42857  -0.28571  -0.14286   0.00000   0.14286   0.28572   0.42857 
 KGrids2:  -0.42857  -0.28572  -0.14286  -0.00000   0.14286   0.28571   0.42857 
 KGrids3:  -0.42857  -0.28571  -0.14286   0.00000   0.14286   0.28572   0.42857 
<Band_DFT>  Eigen, time=0.139996
<Band_DFT>  DM, time=0.211496
    1   Ni  MulP 9.24 8.76 sum 18.00 diff  0.49 (  0.19  45.01)  Ml 0.04 (  0.42  44.97)  Ml+s 0.53 (  0.21  45.01)
 Sum of MulP: up   =     9.24265 down          =     8.75735
              total=    18.00000 ideal(neutral)=    18.00000
<DFT>  Total Spin Moment    (muB)  0.485298797   Angles    0.187767033    45.012072520
<DFT>  Total Orbital Moment (muB)  0.041328264   Angles    0.417182363    44.974312214
<DFT>  Total Moment         (muB)  0.526626756   Angles    0.205770883    45.006064673
<DFT>  Mixing_weight= 0.001000000000
<DFT>  Uele   =  -26.508998368360  dUele     =   0.000311800828
<DFT>  NormRD =    0.003447578939  Criterion =   0.000000010000

******************* MD= 1  SCF=261 *******************
<Poisson>  Poisson's equation using FFT...
<Set_Hamiltonian>  Hamiltonian matrix for VNA+dVH+Vxc...
<Band>  Solving the eigenvalue problem...
 KGrids1:  -0.42857  -0.28571  -0.14286   0.00000   0.14286   0.28572   0.42857 
 KGrids2:  -0.42857  -0.28572  -0.14286  -0.00000   0.14286   0.28571   0.42857 
 KGrids3:  -0.42857  -0.28571  -0.14286   0.00000   0.14286   0.28572   0.42857 
<Band_DFT>  Eigen, time=0.138678
<Band_DFT>  DM, time=0.211770
    1   Ni  MulP 9.24 8.76 sum 18.00 diff  0.48 (  0.21  45.01)  Ml 0.04 (  0.45  44.95)  Ml+s 0.53 (  0.23  45.00)
 Sum of MulP: up   =     9.24212 down          =     8.75788
              total=    18.00000 ideal(neutral)=    18.00000
<DFT>  Total Spin Moment    (muB)  0.484243043   Angles    0.209544133    45.007495486
<DFT>  Total Orbital Moment (muB)  0.041251230   Angles    0.450867726    44.945166965
<DFT>  Total Moment         (muB)  0.525493935   Angles    0.228487941    44.997840793
<DFT>  Mixing_weight= 0.001000000000
<DFT>  Uele   =  -26.508839364318  dUele     =   0.000159004042
<DFT>  NormRD =    0.003472370174  Criterion =   0.000000010000

******************* MD= 1  SCF=262 *******************
<Poisson>  Poisson's equation using FFT...
<Set_Hamiltonian>  Hamiltonian matrix for VNA+dVH+Vxc...
<Band>  Solving the eigenvalue problem...
 KGrids1:  -0.42857  -0.28571  -0.14286   0.00000   0.14286   0.28572   0.42857 
 KGrids2:  -0.42857  -0.28572  -0.14286  -0.00000   0.14286   0.28571   0.42857 
 KGrids3:  -0.42857  -0.28571  -0.14286   0.00000   0.14286   0.28572   0.42857 
<Band_DFT>  Eigen, time=0.138725
<Band_DFT>  DM, time=0.211756
    1   Ni  MulP 9.25 8.75 sum 18.00 diff  0.49 (  0.15  45.00)  Ml 0.04 (  0.34  44.99)  Ml+s 0.53 (  0.16  45.00)
 Sum of MulP: up   =     9.24632 down          =     8.75368
              total=    18.00000 ideal(neutral)=    18.00000
<DFT>  Total Spin Moment    (muB)  0.492636756   Angles    0.148860073    44.999368722
<DFT>  Total Orbital Moment (muB)  0.041844229   Angles    0.338801759    44.989133812
<DFT>  Total Moment         (muB)  0.534480774   Angles    0.163730484    44.997710656
<DFT>  Mixing_weight= 0.001000000000
<DFT>  Uele   =  -26.509945020175  dUele     =   0.001105655857
<DFT>  NormRD =    0.003505667246  Criterion =   0.000000010000

******************* MD= 1  SCF=263 *******************
<Poisson>  Poisson's equation using FFT...
<Set_Hamiltonian>  Hamiltonian matrix for VNA+dVH+Vxc...
<Band>  Solving the eigenvalue problem...
 KGrids1:  -0.42857  -0.28571  -0.14286   0.00000   0.14286   0.28572   0.42857 
 KGrids2:  -0.42857  -0.28572  -0.14286  -0.00000   0.14286   0.28571   0.42857 
 KGrids3:  -0.42857  -0.28571  -0.14286   0.00000   0.14286   0.28572   0.42857 
<Band_DFT>  Eigen, time=0.138821
<Band_DFT>  DM, time=0.211569
    1   Ni  MulP 9.25 8.75 sum 18.00 diff  0.49 (  0.11  44.97)  Ml 0.04 (  0.34  44.97)  Ml+s 0.53 (  0.13  44.97)
 Sum of MulP: up   =     9.24550 down          =     8.75450
              total=    18.00000 ideal(neutral)=    18.00000
<DFT>  Total Spin Moment    (muB)  0.490993671   Angles    0.114390991    44.969229919
<DFT>  Total Orbital Moment (muB)  0.041735886   Angles    0.340514519    44.970243890
<DFT>  Total Moment         (muB)  0.532729258   Angles    0.132106259    44.969434676
<DFT>  Mixing_weight= 0.001000000000
<DFT>  Uele   =  -26.509693297585  dUele     =   0.000251722589
<DFT>  NormRD =    0.003462949370  Criterion =   0.000000010000

******************* MD= 1  SCF=264 *******************
<Poisson>  Poisson's equation using FFT...
<Set_Hamiltonian>  Hamiltonian matrix for VNA+dVH+Vxc...
<Band>  Solving the eigenvalue problem...
 KGrids1:  -0.42857  -0.28571  -0.14286   0.00000   0.14286   0.28572   0.42857 
 KGrids2:  -0.42857  -0.28572  -0.14286  -0.00000   0.14286   0.28571   0.42857 
 KGrids3:  -0.42857  -0.28571  -0.14286   0.00000   0.14286   0.28572   0.42857 
<Band_DFT>  Eigen, time=0.139818
<Band_DFT>  DM, time=0.211960
    1   Ni  MulP 9.24 8.76 sum 18.00 diff  0.49 (  0.10  44.94)  Ml 0.04 (  0.34  44.98)  Ml+s 0.53 (  0.11  44.95)
 Sum of MulP: up   =     9.24495 down          =     8.75505
              total=    18.00000 ideal(neutral)=    18.00000
<DFT>  Total Spin Moment    (muB)  0.489908400   Angles    0.095584626    44.941428657
<DFT>  Total Orbital Moment (muB)  0.041662647   Angles    0.336671963    44.977179745
<DFT>  Total Moment         (muB)  0.531570707   Angles    0.114480146    44.949669082
<DFT>  Mixing_weight= 0.001000000000
<DFT>  Uele   =  -26.509537218461  dUele     =   0.000156079124
<DFT>  NormRD =    0.003485404456  Criterion =   0.000000010000

******************* MD= 1  SCF=265 *******************
<Poisson>  Poisson's equation using FFT...
<Set_Hamiltonian>  Hamiltonian matrix for VNA+dVH+Vxc...
<Band>  Solving the eigenvalue problem...
 KGrids1:  -0.42857  -0.28571  -0.14286   0.00000   0.14286   0.28572   0.42857 
 KGrids2:  -0.42857  -0.28572  -0.14286  -0.00000   0.14286   0.28571   0.42857 
 KGrids3:  -0.42857  -0.28571  -0.14286   0.00000   0.14286   0.28572   0.42857 
<Band_DFT>  Eigen, time=0.140305
<Band_DFT>  DM, time=0.212474
    1   Ni  MulP 9.24 8.76 sum 18.00 diff  0.49 (  0.08  44.91)  Ml 0.04 (  0.33  44.98)  Ml+s 0.53 (  0.10  44.93)
 Sum of MulP: up   =     9.24469 down          =     8.75531
              total=    18.00000 ideal(neutral)=    18.00000
<DFT>  Total Spin Moment    (muB)  0.489372608   Angles    0.078513943    44.910959913
<DFT>  Total Orbital Moment (muB)  0.041627157   Angles    0.328948643    44.982365390
<DFT>  Total Moment         (muB)  0.530999398   Angles    0.098146439    44.929721325
<DFT>  Mixing_weight= 0.001000000000
<DFT>  Uele   =  -26.509455379175  dUele     =   0.000081839287
<DFT>  NormRD =    0.003497884074  Criterion =   0.000000010000

******************* MD= 1  SCF=266 *******************
<Poisson>  Poisson's equation using FFT...
<Set_Hamiltonian>  Hamiltonian matrix for VNA+dVH+Vxc...
<Band>  Solving the eigenvalue problem...
 KGrids1:  -0.42857  -0.28571  -0.14286   0.00000   0.14286   0.28572   0.42857 
 KGrids2:  -0.42857  -0.28572  -0.14286  -0.00000   0.14286   0.28571   0.42857 
 KGrids3:  -0.42857  -0.28571  -0.14286   0.00000   0.14286   0.28572   0.42857 
<Band_DFT>  Eigen, time=0.138387
<Band_DFT>  DM, time=0.211726
    1   Ni  MulP 9.24 8.76 sum 18.00 diff  0.49 (  0.09  44.93)  Ml 0.04 (  0.34  44.98)  Ml+s 0.53 (  0.11  44.94)
 Sum of MulP: up   =     9.24399 down          =     8.75601
              total=    18.00000 ideal(neutral)=    18.00000
<DFT>  Total Spin Moment    (muB)  0.487981812   Angles    0.087849222    44.925341216
<DFT>  Total Orbital Moment (muB)  0.041528168   Angles    0.344396592    44.978835029
<DFT>  Total Moment         (muB)  0.529509597   Angles    0.107969542    44.938723421
<DFT>  Mixing_weight= 0.001000000000
<DFT>  Uele   =  -26.509274238909  dUele     =   0.000181140265
<DFT>  NormRD =    0.003506242030  Criterion =   0.000000010000

******************* MD= 1  SCF=267 *******************
<Poisson>  Poisson's equation using FFT...
<Set_Hamiltonian>  Hamiltonian matrix for VNA+dVH+Vxc...
<Band>  Solving the eigenvalue problem...
 KGrids1:  -0.42857  -0.28571  -0.14286   0.00000   0.14286   0.28572   0.42857 
 KGrids2:  -0.42857  -0.28572  -0.14286  -0.00000   0.14286   0.28571   0.42857 
 KGrids3:  -0.42857  -0.28571  -0.14286   0.00000   0.14286   0.28572   0.42857 
<Band_DFT>  Eigen, time=0.138288
<Band_DFT>  DM, time=0.211821
    1   Ni  MulP 9.25 8.75 sum 18.00 diff  0.49 (  0.08  44.92)  Ml 0.04 (  0.30  44.96)  Ml+s 0.53 (  0.09  44.93)
 Sum of MulP: up   =     9.24614 down          =     8.75386
              total=    18.00000 ideal(neutral)=    18.00000
<DFT>  Total Spin Moment    (muB)  0.492273300   Angles    0.076254262    44.919345748
<DFT>  Total Orbital Moment (muB)  0.041830065   Angles    0.301704964    44.964826152
<DFT>  Total Moment         (muB)  0.534103066   Angles    0.093911136    44.930789048
<DFT>  Mixing_weight= 0.001000000000
<DFT>  Uele   =  -26.509844468966  dUele     =   0.000570230056
<DFT>  NormRD =    0.003514192450  Criterion =   0.000000010000

******************* MD= 1  SCF=268 *******************
<Poisson>  Poisson's equation using FFT...
<Set_Hamiltonian>  Hamiltonian matrix for VNA+dVH+Vxc...
<Band>  Solving the eigenvalue problem...
 KGrids1:  -0.42857  -0.28571  -0.14286   0.00000   0.14286   0.28572   0.42857 
 KGrids2:  -0.42857  -0.28572  -0.14286  -0.00000   0.14286   0.28571   0.42857 
 KGrids3:  -0.42857  -0.28571  -0.14286   0.00000   0.14286   0.28572   0.42857 
<Band_DFT>  Eigen, time=0.140334
<Band_DFT>  DM, time=0.211882
    1   Ni  MulP 9.27 8.73 sum 18.00 diff  0.53 (  0.11  45.01)  Ml 0.04 (  0.03  44.98)  Ml+s 0.58 (  0.10  45.01)
 Sum of MulP: up   =     9.26581 down          =     8.73419
              total=    18.00000 ideal(neutral)=    18.00000
<DFT>  Total Spin Moment    (muB)  0.531628131   Angles    0.105148713    45.012019654
<DFT>  Total Orbital Moment (muB)  0.044522902   Angles    0.030123250    44.981016620
<DFT>  Total Moment         (muB)  0.576150998   Angles    0.099351014    45.011293246
<DFT>  Mixing_weight= 0.001000000000
<DFT>  Uele   =  -26.515029726940  dUele     =   0.005185257975
<DFT>  NormRD =    0.003478711430  Criterion =   0.000000010000

******************* MD= 1  SCF=269 *******************
<Poisson>  Poisson's equation using FFT...
<Set_Hamiltonian>  Hamiltonian matrix for VNA+dVH+Vxc...
<Band>  Solving the eigenvalue problem...
 KGrids1:  -0.42857  -0.28571  -0.14286   0.00000   0.14286   0.28572   0.42857 
 KGrids2:  -0.42857  -0.28572  -0.14286  -0.00000   0.14286   0.28571   0.42857 
 KGrids3:  -0.42857  -0.28571  -0.14286   0.00000   0.14286   0.28572   0.42857 
<Band_DFT>  Eigen, time=0.140488
<Band_DFT>  DM, time=0.212037
    1   Ni  MulP 9.28 8.72 sum 18.00 diff  0.57 (  0.05 225.04)  Ml 0.05 (  0.23 225.08)  Ml+s 0.61 (  0.07 225.05)
 Sum of MulP: up   =     9.28284 down          =     8.71716
              total=    18.00000 ideal(neutral)=    18.00000
<DFT>  Total Spin Moment    (muB)  0.565680638   Angles    0.051405548   225.035422085
<DFT>  Total Orbital Moment (muB)  0.046775894   Angles    0.234913967   225.080730421
<DFT>  Total Moment         (muB)  0.612456311   Angles    0.065420839   225.047847664
<DFT>  Mixing_weight= 0.001000000000
<DFT>  Uele   =  -26.519616550673  dUele     =   0.004586823733
<DFT>  NormRD =    0.003049561254  Criterion =   0.000000010000

******************* MD= 1  SCF=270 *******************
<Poisson>  Poisson's equation using FFT...
<Set_Hamiltonian>  Hamiltonian matrix for VNA+dVH+Vxc...
<Band>  Solving the eigenvalue problem...
 KGrids1:  -0.42857  -0.28571  -0.14286   0.00000   0.14286   0.28572   0.42857 
 KGrids2:  -0.42857  -0.28572  -0.14286  -0.00000   0.14286   0.28571   0.42857 
 KGrids3:  -0.42857  -0.28571  -0.14286   0.00000   0.14286   0.28572   0.42857 
<Band_DFT>  Eigen, time=0.140000
<Band_DFT>  DM, time=0.211395
    1   Ni  MulP 9.35 8.65 sum 18.00 diff  0.70 (  0.23 224.95)  Ml 0.05 (  0.37 225.17)  Ml+s 0.75 (  0.24 224.98)
 Sum of MulP: up   =     9.34768 down          =     8.65232
              total=    18.00000 ideal(neutral)=    18.00000
<DFT>  Total Spin Moment    (muB)  0.695367665   Angles    0.232382768   224.950608850
<DFT>  Total Orbital Moment (muB)  0.054323431   Angles    0.371594570   225.173130420
<DFT>  Total Moment         (muB)  0.749690947   Angles    0.242470018   224.975319577
<DFT>  Mixing_weight= 0.001000000000
<DFT>  Uele   =  -26.541621925690  dUele     =   0.022005375017
<DFT>  NormRD =    0.002590837204  Criterion =   0.000000010000

******************* MD= 1  SCF=271 *******************
<Poisson>  Poisson's equation using FFT...
<Set_Hamiltonian>  Hamiltonian matrix for VNA+dVH+Vxc...
<Band>  Solving the eigenvalue problem...
 KGrids1:  -0.42857  -0.28571  -0.14286   0.00000   0.14286   0.28572   0.42857 
 KGrids2:  -0.42857  -0.28572  -0.14286  -0.00000   0.14286   0.28571   0.42857 
 KGrids3:  -0.42857  -0.28571  -0.14286   0.00000   0.14286   0.28572   0.42857 
<Band_DFT>  Eigen, time=0.138320
<Band_DFT>  DM, time=0.211581
    1   Ni  MulP 9.38 8.62 sum 18.00 diff  0.75 (  0.45 225.00)  Ml 0.06 (  0.42 225.57)  Ml+s 0.81 (  0.44 225.04)
 Sum of MulP: up   =     9.37738 down          =     8.62262
              total=    18.00000 ideal(neutral)=    18.00000
<DFT>  Total Spin Moment    (muB)  0.754751592   Angles    0.446466716   224.999515667
<DFT>  Total Orbital Moment (muB)  0.057319944   Angles    0.420323546   225.566467015
<DFT>  Total Moment         (muB)  0.812071530   Angles    0.444620049   225.037346452
<DFT>  Mixing_weight= 0.001000000000
<DFT>  Uele   =  -26.570701675255  dUele     =   0.029079749565
<DFT>  NormRD =    0.003761951916  Criterion =   0.000000010000

******************* MD= 1  SCF=272 *******************
<Poisson>  Poisson's equation using FFT...
<Set_Hamiltonian>  Hamiltonian matrix for VNA+dVH+Vxc...
<Band>  Solving the eigenvalue problem...
 KGrids1:  -0.42857  -0.28571  -0.14286   0.00000   0.14286   0.28572   0.42857 
 KGrids2:  -0.42857  -0.28572  -0.14286  -0.00000   0.14286   0.28571   0.42857 
 KGrids3:  -0.42857  -0.28571  -0.14286   0.00000   0.14286   0.28572   0.42857 
<Band_DFT>  Eigen, time=0.138367
<Band_DFT>  DM, time=0.211962
    1   Ni  MulP 9.28 8.72 sum 18.00 diff  0.55 (  0.18 224.88)  Ml 0.05 (  0.32 225.03)  Ml+s 0.60 (  0.19 224.90)
 Sum of MulP: up   =     9.27740 down          =     8.72260
              total=    18.00000 ideal(neutral)=    18.00000
<DFT>  Total Spin Moment    (muB)  0.554802295   Angles    0.181295833   224.884805766
<DFT>  Total Orbital Moment (muB)  0.046068282   Angles    0.316069872   225.027722200
<DFT>  Total Moment         (muB)  0.600870459   Angles    0.191628781   224.902878500
<DFT>  Mixing_weight= 0.001000000000
<DFT>  Uele   =  -26.516217375749  dUele     =   0.054484299506
<DFT>  NormRD =    0.013124240766  Criterion =   0.000000010000

******************* MD= 1  SCF=273 *******************
<Poisson>  Poisson's equation using FFT...
<Set_Hamiltonian>  Hamiltonian matrix for VNA+dVH+Vxc...
<Band>  Solving the eigenvalue problem...
 KGrids1:  -0.42857  -0.28571  -0.14286   0.00000   0.14286   0.28572   0.42857 
 KGrids2:  -0.42857  -0.28572  -0.14286  -0.00000   0.14286   0.28571   0.42857 
 KGrids3:  -0.42857  -0.28571  -0.14286   0.00000   0.14286   0.28572   0.42857 
<Band_DFT>  Eigen, time=0.140426
<Band_DFT>  DM, time=0.211619
    1   Ni  MulP 9.26 8.74 sum 18.00 diff  0.52 (  0.14 224.82)  Ml 0.04 (  0.11 224.84)  Ml+s 0.56 (  0.13 224.82)
 Sum of MulP: up   =     9.25968 down          =     8.74032
              total=    18.00000 ideal(neutral)=    18.00000
<DFT>  Total Spin Moment    (muB)  0.519368975   Angles    0.135641213   224.823600258
<DFT>  Total Orbital Moment (muB)  0.043705121   Angles    0.113807609   224.840287388
<DFT>  Total Moment         (muB)  0.563074093   Angles    0.133946515   224.824700754
<DFT>  Mixing_weight= 0.001000000000
<DFT>  Uele   =  -26.510957832968  dUele     =   0.005259542781
<DFT>  NormRD =    0.002070226386  Criterion =   0.000000010000

******************* MD= 1  SCF=274 *******************
<Poisson>  Poisson's equation using FFT...
<Set_Hamiltonian>  Hamiltonian matrix for VNA+dVH+Vxc...
<Band>  Solving the eigenvalue problem...
 KGrids1:  -0.42857  -0.28571  -0.14286   0.00000   0.14286   0.28572   0.42857 
 KGrids2:  -0.42857  -0.28572  -0.14286  -0.00000   0.14286   0.28571   0.42857 
 KGrids3:  -0.42857  -0.28571  -0.14286   0.00000   0.14286   0.28572   0.42857 
<Band_DFT>  Eigen, time=0.138386
<Band_DFT>  DM, time=0.211732
    1   Ni  MulP 9.22 8.78 sum 18.00 diff  0.43 (  0.00  54.25)  Ml 0.04 (  0.64  45.04)  Ml+s 0.47 (  0.05  45.59)
 Sum of MulP: up   =     9.21651 down          =     8.78349
              total=    18.00000 ideal(neutral)=    18.00000
<DFT>  Total Spin Moment    (muB)  0.433013089   Angles    0.003535459    54.249174745
<DFT>  Total Orbital Moment (muB)  0.037500535   Angles    0.636837774    45.040729651
<DFT>  Total Moment         (muB)  0.470511516   Angles    0.053970245    45.593499020
<DFT>  Mixing_weight= 0.001000000000
<DFT>  Uele   =  -26.494100772762  dUele     =   0.016857060206
<DFT>  NormRD =    0.002309855651  Criterion =   0.000000010000

******************* MD= 1  SCF=275 *******************
<Poisson>  Poisson's equation using FFT...
<Set_Hamiltonian>  Hamiltonian matrix for VNA+dVH+Vxc...
<Band>  Solving the eigenvalue problem...
 KGrids1:  -0.42857  -0.28571  -0.14286   0.00000   0.14286   0.28572   0.42857 
 KGrids2:  -0.42857  -0.28572  -0.14286  -0.00000   0.14286   0.28571   0.42857 
 KGrids3:  -0.42857  -0.28571  -0.14286   0.00000   0.14286   0.28572   0.42857 
<Band_DFT>  Eigen, time=0.139589
<Band_DFT>  DM, time=0.211871
    1   Ni  MulP 9.21 8.79 sum 18.00 diff  0.43 (  0.30  45.05)  Ml 0.04 (  0.99  45.00)  Ml+s 0.46 (  0.35  45.04)
 Sum of MulP: up   =     9.21347 down          =     8.78653
              total=    18.00000 ideal(neutral)=    18.00000
<DFT>  Total Spin Moment    (muB)  0.426942890   Angles    0.296197076    45.046364487
<DFT>  Total Orbital Moment (muB)  0.036953594   Angles    0.992270713    45.003620207
<DFT>  Total Moment         (muB)  0.463893974   Angles    0.351644629    45.036756705
<DFT>  Mixing_weight= 0.001000000000
<DFT>  Uele   =  -26.490833530800  dUele     =   0.003267241962
<DFT>  NormRD =    0.001731696618  Criterion =   0.000000010000

******************* MD= 1  SCF=276 *******************
<Poisson>  Poisson's equation using FFT...
<Set_Hamiltonian>  Hamiltonian matrix for VNA+dVH+Vxc...
<Band>  Solving the eigenvalue problem...
 KGrids1:  -0.42857  -0.28571  -0.14286   0.00000   0.14286   0.28572   0.42857 
 KGrids2:  -0.42857  -0.28572  -0.14286  -0.00000   0.14286   0.28571   0.42857 
 KGrids3:  -0.42857  -0.28571  -0.14286   0.00000   0.14286   0.28572   0.42857 
<Band_DFT>  Eigen, time=0.140287
<Band_DFT>  DM, time=0.211496
    1   Ni  MulP 9.23 8.77 sum 18.00 diff  0.45 (  0.26  45.01)  Ml 0.04 (  0.75  45.00)  Ml+s 0.49 (  0.29  45.01)
 Sum of MulP: up   =     9.22657 down          =     8.77343
              total=    18.00000 ideal(neutral)=    18.00000
<DFT>  Total Spin Moment    (muB)  0.453137583   Angles    0.255028268    45.011391941
<DFT>  Total Orbital Moment (muB)  0.039027056   Angles    0.754578424    45.000762770
<DFT>  Total Moment         (muB)  0.492163273   Angles    0.294640582    45.009233416
<DFT>  Mixing_weight= 0.001000000000
<DFT>  Uele   =  -26.503125924965  dUele     =   0.012292394165
<DFT>  NormRD =    0.002998727358  Criterion =   0.000000010000

******************* MD= 1  SCF=277 *******************
<Poisson>  Poisson's equation using FFT...
<Set_Hamiltonian>  Hamiltonian matrix for VNA+dVH+Vxc...
<Band>  Solving the eigenvalue problem...
 KGrids1:  -0.42857  -0.28571  -0.14286   0.00000   0.14286   0.28572   0.42857 
 KGrids2:  -0.42857  -0.28572  -0.14286  -0.00000   0.14286   0.28571   0.42857 
 KGrids3:  -0.42857  -0.28571  -0.14286   0.00000   0.14286   0.28572   0.42857 
<Band_DFT>  Eigen, time=0.140621
<Band_DFT>  DM, time=0.211495
    1   Ni  MulP 9.23 8.77 sum 18.00 diff  0.46 (  0.13  45.03)  Ml 0.04 (  0.62  45.00)  Ml+s 0.50 (  0.17  45.02)
 Sum of MulP: up   =     9.22806 down          =     8.77194
              total=    18.00000 ideal(neutral)=    18.00000
<DFT>  Total Spin Moment    (muB)  0.456113833   Angles    0.132863686    45.032412133
<DFT>  Total Orbital Moment (muB)  0.039244624   Angles    0.615925748    44.995817347
<DFT>  Total Moment         (muB)  0.495357173   Angles    0.171133773    45.021977773
<DFT>  Mixing_weight= 0.001000000000
<DFT>  Uele   =  -26.503334417085  dUele     =   0.000208492120
<DFT>  NormRD =    0.002961864248  Criterion =   0.000000010000

******************* MD= 1  SCF=278 *******************
<Poisson>  Poisson's equation using FFT...
<Set_Hamiltonian>  Hamiltonian matrix for VNA+dVH+Vxc...
<Band>  Solving the eigenvalue problem...
 KGrids1:  -0.42857  -0.28571  -0.14286   0.00000   0.14286   0.28572   0.42857 
 KGrids2:  -0.42857  -0.28572  -0.14286  -0.00000   0.14286   0.28571   0.42857 
 KGrids3:  -0.42857  -0.28571  -0.14286   0.00000   0.14286   0.28572   0.42857 
<Band_DFT>  Eigen, time=0.140213
<Band_DFT>  DM, time=0.211467
    1   Ni  MulP 9.23 8.77 sum 18.00 diff  0.45 (  0.16  45.03)  Ml 0.04 (  0.67  45.01)  Ml+s 0.49 (  0.20  45.02)
 Sum of MulP: up   =     9.22549 down          =     8.77451
              total=    18.00000 ideal(neutral)=    18.00000
<DFT>  Total Spin Moment    (muB)  0.450971900   Angles    0.162898630    45.026123415
<DFT>  Total Orbital Moment (muB)  0.038859250   Angles    0.672976064    45.010902353
<DFT>  Total Moment         (muB)  0.489829732   Angles    0.203363641    45.022127544
<DFT>  Mixing_weight= 0.001000000000
<DFT>  Uele   =  -26.502419970657  dUele     =   0.000914446429
<DFT>  NormRD =    0.002947439462  Criterion =   0.000000010000

******************* MD= 1  SCF=279 *******************
<Poisson>  Poisson's equation using FFT...
<Set_Hamiltonian>  Hamiltonian matrix for VNA+dVH+Vxc...
<Band>  Solving the eigenvalue problem...
 KGrids1:  -0.42857  -0.28571  -0.14286   0.00000   0.14286   0.28572   0.42857 
 KGrids2:  -0.42857  -0.28572  -0.14286  -0.00000   0.14286   0.28571   0.42857 
 KGrids3:  -0.42857  -0.28571  -0.14286   0.00000   0.14286   0.28572   0.42857 
<Band_DFT>  Eigen, time=0.138302
<Band_DFT>  DM, time=0.211192
    1   Ni  MulP 9.22 8.78 sum 18.00 diff  0.44 (  0.06  45.20)  Ml 0.04 (  0.72  45.02)  Ml+s 0.47 (  0.11  45.11)
 Sum of MulP: up   =     9.21758 down          =     8.78242
              total=    18.00000 ideal(neutral)=    18.00000
<DFT>  Total Spin Moment    (muB)  0.435163933   Angles    0.060929953    45.201201937
<DFT>  Total Orbital Moment (muB)  0.037679458   Angles    0.724859084    45.021336291
<DFT>  Total Moment         (muB)  0.472841063   Angles    0.113835399    45.109937389
<DFT>  Mixing_weight= 0.001000000000
<DFT>  Uele   =  -26.496554267576  dUele     =   0.005865703081
<DFT>  NormRD =    0.002814689007  Criterion =   0.000000010000

******************* MD= 1  SCF=280 *******************
<Poisson>  Poisson's equation using FFT...
<Set_Hamiltonian>  Hamiltonian matrix for VNA+dVH+Vxc...
<Band>  Solving the eigenvalue problem...
 KGrids1:  -0.42857  -0.28571  -0.14286   0.00000   0.14286   0.28572   0.42857 
 KGrids2:  -0.42857  -0.28572  -0.14286  -0.00000   0.14286   0.28571   0.42857 
 KGrids3:  -0.42857  -0.28571  -0.14286   0.00000   0.14286   0.28572   0.42857 
<Band_DFT>  Eigen, time=0.138074
<Band_DFT>  DM, time=0.211383
    1   Ni  MulP 9.22 8.78 sum 18.00 diff  0.44 (  0.03  45.42)  Ml 0.04 (  0.70  45.02)  Ml+s 0.47 (  0.08  45.15)
 Sum of MulP: up   =     9.21757 down          =     8.78243
              total=    18.00000 ideal(neutral)=    18.00000
<DFT>  Total Spin Moment    (muB)  0.435140221   Angles    0.027659156    45.419795778
<DFT>  Total Orbital Moment (muB)  0.037680029   Angles    0.697114849    45.021603552
<DFT>  Total Moment         (muB)  0.472817883   Angles    0.081008112    45.146726076
<DFT>  Mixing_weight= 0.001000000000
<DFT>  Uele   =  -26.496454290977  dUele     =   0.000099976599
<DFT>  NormRD =    0.001422752244  Criterion =   0.000000010000

******************* MD= 1  SCF=281 *******************
<Poisson>  Poisson's equation using FFT...
<Set_Hamiltonian>  Hamiltonian matrix for VNA+dVH+Vxc...
<Band>  Solving the eigenvalue problem...
 KGrids1:  -0.42857  -0.28571  -0.14286   0.00000   0.14286   0.28572   0.42857 
 KGrids2:  -0.42857  -0.28572  -0.14286  -0.00000   0.14286   0.28571   0.42857 
 KGrids3:  -0.42857  -0.28571  -0.14286   0.00000   0.14286   0.28572   0.42857 
<Band_DFT>  Eigen, time=0.138263
<Band_DFT>  DM, time=0.211730
    1   Ni  MulP 9.22 8.78 sum 18.00 diff  0.44 (  0.05  45.20)  Ml 0.04 (  0.70  45.02)  Ml+s 0.47 (  0.10  45.10)
 Sum of MulP: up   =     9.21799 down          =     8.78201
              total=    18.00000 ideal(neutral)=    18.00000
<DFT>  Total Spin Moment    (muB)  0.435977526   Angles    0.046882884    45.203512874
<DFT>  Total Orbital Moment (muB)  0.037742645   Angles    0.704511426    45.018495487
<DFT>  Total Moment         (muB)  0.473717883   Angles    0.099277019    45.098907700
<DFT>  Mixing_weight= 0.001000000000
<DFT>  Uele   =  -26.497046662756  dUele     =   0.000592371779
<DFT>  NormRD =    0.001439234914  Criterion =   0.000000010000

******************* MD= 1  SCF=282 *******************
<Poisson>  Poisson's equation using FFT...
<Set_Hamiltonian>  Hamiltonian matrix for VNA+dVH+Vxc...
<Band>  Solving the eigenvalue problem...
 KGrids1:  -0.42857  -0.28571  -0.14286   0.00000   0.14286   0.28572   0.42857 
 KGrids2:  -0.42857  -0.28572  -0.14286  -0.00000   0.14286   0.28571   0.42857 
 KGrids3:  -0.42857  -0.28571  -0.14286   0.00000   0.14286   0.28572   0.42857 
<Band_DFT>  Eigen, time=0.138101
<Band_DFT>  DM, time=0.211469
    1   Ni  MulP 9.22 8.78 sum 18.00 diff  0.44 (  0.08  45.10)  Ml 0.04 (  0.68  45.02)  Ml+s 0.48 (  0.13  45.06)
 Sum of MulP: up   =     9.22224 down          =     8.77776
              total=    18.00000 ideal(neutral)=    18.00000
<DFT>  Total Spin Moment    (muB)  0.444471588   Angles    0.084753653    45.095091797
<DFT>  Total Orbital Moment (muB)  0.038390049   Angles    0.677230603    45.017634637
<DFT>  Total Moment         (muB)  0.482859748   Angles    0.131858019    45.063463237
<DFT>  Mixing_weight= 0.001000000000
<DFT>  Uele   =  -26.500123862802  dUele     =   0.003077200047
<DFT>  NormRD =    0.001488405993  Criterion =   0.000000010000

******************* MD= 1  SCF=283 *******************
<Poisson>  Poisson's equation using FFT...
<Set_Hamiltonian>  Hamiltonian matrix for VNA+dVH+Vxc...
<Band>  Solving the eigenvalue problem...
 KGrids1:  -0.42857  -0.28571  -0.14286   0.00000   0.14286   0.28572   0.42857 
 KGrids2:  -0.42857  -0.28572  -0.14286  -0.00000   0.14286   0.28571   0.42857 
 KGrids3:  -0.42857  -0.28571  -0.14286   0.00000   0.14286   0.28572   0.42857 
<Band_DFT>  Eigen, time=0.138212
<Band_DFT>  DM, time=0.212166
    1   Ni  MulP 9.22 8.78 sum 18.00 diff  0.44 (  0.06  45.13)  Ml 0.04 (  0.68  45.01)  Ml+s 0.48 (  0.11  45.07)
 Sum of MulP: up   =     9.22213 down          =     8.77787
              total=    18.00000 ideal(neutral)=    18.00000
<DFT>  Total Spin Moment    (muB)  0.444259005   Angles    0.063561290    45.132381049
<DFT>  Total Orbital Moment (muB)  0.038380015   Angles    0.675826659    45.011706449
<DFT>  Total Moment         (muB)  0.482637003   Angles    0.112248564    45.074605394
<DFT>  Mixing_weight= 0.001000000000
<DFT>  Uele   =  -26.499826866004  dUele     =   0.000296996798
<DFT>  NormRD =    0.002262172667  Criterion =   0.000000010000

******************* MD= 1  SCF=284 *******************
<Poisson>  Poisson's equation using FFT...
<Set_Hamiltonian>  Hamiltonian matrix for VNA+dVH+Vxc...
<Band>  Solving the eigenvalue problem...
 KGrids1:  -0.42857  -0.28571  -0.14286   0.00000   0.14286   0.28572   0.42857 
 KGrids2:  -0.42857  -0.28572  -0.14286  -0.00000   0.14286   0.28571   0.42857 
 KGrids3:  -0.42857  -0.28571  -0.14286   0.00000   0.14286   0.28572   0.42857 
<Band_DFT>  Eigen, time=0.140306
<Band_DFT>  DM, time=0.211462
    1   Ni  MulP 9.22 8.78 sum 18.00 diff  0.44 (  0.06  45.13)  Ml 0.04 (  0.67  45.01)  Ml+s 0.48 (  0.11  45.07)
 Sum of MulP: up   =     9.22199 down          =     8.77801
              total=    18.00000 ideal(neutral)=    18.00000
<DFT>  Total Spin Moment    (muB)  0.443970176   Angles    0.060492594    45.134018599
<DFT>  Total Orbital Moment (muB)  0.038357070   Angles    0.672662779    45.010766604
<DFT>  Total Moment         (muB)  0.482325230   Angles    0.109174642    45.073628596
<DFT>  Mixing_weight= 0.001000000000
<DFT>  Uele   =  -26.499760652681  dUele     =   0.000066213323
<DFT>  NormRD =    0.002212950711  Criterion =   0.000000010000

******************* MD= 1  SCF=285 *******************
<Poisson>  Poisson's equation using FFT...
<Set_Hamiltonian>  Hamiltonian matrix for VNA+dVH+Vxc...
<Band>  Solving the eigenvalue problem...
 KGrids1:  -0.42857  -0.28571  -0.14286   0.00000   0.14286   0.28572   0.42857 
 KGrids2:  -0.42857  -0.28572  -0.14286  -0.00000   0.14286   0.28571   0.42857 
 KGrids3:  -0.42857  -0.28571  -0.14286   0.00000   0.14286   0.28572   0.42857 
<Band_DFT>  Eigen, time=0.137925
<Band_DFT>  DM, time=0.211363
    1   Ni  MulP 9.23 8.77 sum 18.00 diff  0.45 (  0.05  45.18)  Ml 0.04 (  0.60  45.01)  Ml+s 0.49 (  0.10  45.09)
 Sum of MulP: up   =     9.22726 down          =     8.77274
              total=    18.00000 ideal(neutral)=    18.00000
<DFT>  Total Spin Moment    (muB)  0.454515420   Angles    0.052127784    45.177636745
<DFT>  Total Orbital Moment (muB)  0.039142988   Angles    0.596036692    45.008589118
<DFT>  Total Moment         (muB)  0.493656784   Angles    0.095254612    45.093764779
<DFT>  Mixing_weight= 0.001000000000
<DFT>  Uele   =  -26.502145999133  dUele     =   0.002385346452
<DFT>  NormRD =    0.002198632525  Criterion =   0.000000010000

******************* MD= 1  SCF=286 *******************
<Poisson>  Poisson's equation using FFT...
<Set_Hamiltonian>  Hamiltonian matrix for VNA+dVH+Vxc...
<Band>  Solving the eigenvalue problem...
 KGrids1:  -0.42857  -0.28571  -0.14286   0.00000   0.14286   0.28572   0.42857 
 KGrids2:  -0.42857  -0.28572  -0.14286  -0.00000   0.14286   0.28571   0.42857 
 KGrids3:  -0.42857  -0.28571  -0.14286   0.00000   0.14286   0.28572   0.42857 
<Band_DFT>  Eigen, time=0.138738
<Band_DFT>  DM, time=0.211733
    1   Ni  MulP 9.22 8.78 sum 18.00 diff  0.44 (  0.17  45.07)  Ml 0.04 (  0.74  45.02)  Ml+s 0.48 (  0.22  45.05)
 Sum of MulP: up   =     9.22167 down          =     8.77833
              total=    18.00000 ideal(neutral)=    18.00000
<DFT>  Total Spin Moment    (muB)  0.443339223   Angles    0.172739743    45.065370893
<DFT>  Total Orbital Moment (muB)  0.038298061   Angles    0.741170320    45.024793789
<DFT>  Total Moment         (muB)  0.481635549   Angles    0.217938709    45.054398235
<DFT>  Mixing_weight= 0.001000000000
<DFT>  Uele   =  -26.500105069632  dUele     =   0.002040929501
<DFT>  NormRD =    0.002667030053  Criterion =   0.000000010000

******************* MD= 1  SCF=287 *******************
<Poisson>  Poisson's equation using FFT...
<Set_Hamiltonian>  Hamiltonian matrix for VNA+dVH+Vxc...
<Band>  Solving the eigenvalue problem...
 KGrids1:  -0.42857  -0.28571  -0.14286   0.00000   0.14286   0.28572   0.42857 
 KGrids2:  -0.42857  -0.28572  -0.14286  -0.00000   0.14286   0.28571   0.42857 
 KGrids3:  -0.42857  -0.28571  -0.14286   0.00000   0.14286   0.28572   0.42857 
<Band_DFT>  Eigen, time=0.138105
<Band_DFT>  DM, time=0.211713
    1   Ni  MulP 9.22 8.78 sum 18.00 diff  0.44 (  0.27  45.04)  Ml 0.04 (  0.83  45.02)  Ml+s 0.47 (  0.31  45.03)
 Sum of MulP: up   =     9.21856 down          =     8.78144
              total=    18.00000 ideal(neutral)=    18.00000
<DFT>  Total Spin Moment    (muB)  0.437121050   Angles    0.268668607    45.039765953
<DFT>  Total Orbital Moment (muB)  0.037807321   Angles    0.830092777    45.016814895
<DFT>  Total Moment         (muB)  0.474926700   Angles    0.313360986    45.034926228
<DFT>  Mixing_weight= 0.001000000000
<DFT>  Uele   =  -26.498904635715  dUele     =   0.001200433917
<DFT>  NormRD =    0.002183756114  Criterion =   0.000000010000

******************* MD= 1  SCF=288 *******************
<Poisson>  Poisson's equation using FFT...
<Set_Hamiltonian>  Hamiltonian matrix for VNA+dVH+Vxc...
<Band>  Solving the eigenvalue problem...
 KGrids1:  -0.42857  -0.28571  -0.14286   0.00000   0.14286   0.28572   0.42857 
 KGrids2:  -0.42857  -0.28572  -0.14286  -0.00000   0.14286   0.28571   0.42857 
 KGrids3:  -0.42857  -0.28571  -0.14286   0.00000   0.14286   0.28572   0.42857 
<Band_DFT>  Eigen, time=0.138050
<Band_DFT>  DM, time=0.211319
    1   Ni  MulP 9.22 8.78 sum 18.00 diff  0.43 (  0.43  45.04)  Ml 0.04 (  0.93  45.03)  Ml+s 0.47 (  0.47  45.04)
 Sum of MulP: up   =     9.21517 down          =     8.78483
              total=    18.00000 ideal(neutral)=    18.00000
<DFT>  Total Spin Moment    (muB)  0.430339528   Angles    0.430437369    45.043093574
<DFT>  Total Orbital Moment (muB)  0.037230202   Angles    0.928307419    45.033577791
<DFT>  Total Moment         (muB)  0.467568436   Angles    0.470079845    45.041597336
<DFT>  Mixing_weight= 0.001000000000
<DFT>  Uele   =  -26.496355006384  dUele     =   0.002549629331
<DFT>  NormRD =    0.001662978591  Criterion =   0.000000010000

******************* MD= 1  SCF=289 *******************
<Poisson>  Poisson's equation using FFT...
<Set_Hamiltonian>  Hamiltonian matrix for VNA+dVH+Vxc...
<Band>  Solving the eigenvalue problem...
 KGrids1:  -0.42857  -0.28571  -0.14286   0.00000   0.14286   0.28572   0.42857 
 KGrids2:  -0.42857  -0.28572  -0.14286  -0.00000   0.14286   0.28571   0.42857 
 KGrids3:  -0.42857  -0.28571  -0.14286   0.00000   0.14286   0.28572   0.42857 
<Band_DFT>  Eigen, time=0.140230
<Band_DFT>  DM, time=0.211556
    1   Ni  MulP 9.21 8.79 sum 18.00 diff  0.43 (  0.58  45.04)  Ml 0.04 (  1.07  45.03)  Ml+s 0.46 (  0.62  45.04)
 Sum of MulP: up   =     9.21338 down          =     8.78662
              total=    18.00000 ideal(neutral)=    18.00000
<DFT>  Total Spin Moment    (muB)  0.426763146   Angles    0.583835135    45.039800611
<DFT>  Total Orbital Moment (muB)  0.036883786   Angles    1.072467742    45.025839413
<DFT>  Total Moment         (muB)  0.463645697   Angles    0.622706201    45.037887870
<DFT>  Mixing_weight= 0.001000000000
<DFT>  Uele   =  -26.493078564733  dUele     =   0.003276441651
<DFT>  NormRD =    0.000276861047  Criterion =   0.000000010000

******************* MD= 1  SCF=290 *******************
<Poisson>  Poisson's equation using FFT...
<Set_Hamiltonian>  Hamiltonian matrix for VNA+dVH+Vxc...
<Band>  Solving the eigenvalue problem...
 KGrids1:  -0.42857  -0.28571  -0.14286   0.00000   0.14286   0.28572   0.42857 
 KGrids2:  -0.42857  -0.28572  -0.14286  -0.00000   0.14286   0.28571   0.42857 
 KGrids3:  -0.42857  -0.28571  -0.14286   0.00000   0.14286   0.28572   0.42857 
<Band_DFT>  Eigen, time=0.139608
<Band_DFT>  DM, time=0.211481
    1   Ni  MulP 9.21 8.79 sum 18.00 diff  0.43 (  0.58  45.04)  Ml 0.04 (  1.06  45.02)  Ml+s 0.46 (  0.61  45.03)
 Sum of MulP: up   =     9.21352 down          =     8.78648
              total=    18.00000 ideal(neutral)=    18.00000
<DFT>  Total Spin Moment    (muB)  0.427034009   Angles    0.576162724    45.037508289
<DFT>  Total Orbital Moment (muB)  0.036910550   Angles    1.063013952    45.017578178
<DFT>  Total Moment         (muB)  0.463943332   Angles    0.614895320    45.034767242
<DFT>  Mixing_weight= 0.001000000000
<DFT>  Uele   =  -26.493486114364  dUele     =   0.000407549631
<DFT>  NormRD =    0.002011741300  Criterion =   0.000000010000

******************* MD= 1  SCF=291 *******************
<Poisson>  Poisson's equation using FFT...
<Set_Hamiltonian>  Hamiltonian matrix for VNA+dVH+Vxc...
<Band>  Solving the eigenvalue problem...
 KGrids1:  -0.42857  -0.28571  -0.14286   0.00000   0.14286   0.28572   0.42857 
 KGrids2:  -0.42857  -0.28572  -0.14286  -0.00000   0.14286   0.28571   0.42857 
 KGrids3:  -0.42857  -0.28571  -0.14286   0.00000   0.14286   0.28572   0.42857 
<Band_DFT>  Eigen, time=0.140081
<Band_DFT>  DM, time=0.211851
    1   Ni  MulP 9.21 8.79 sum 18.00 diff  0.43 (  0.73  45.03)  Ml 0.04 (  1.20  45.01)  Ml+s 0.46 (  0.77  45.03)
 Sum of MulP: up   =     9.21316 down          =     8.78684
              total=    18.00000 ideal(neutral)=    18.00000
<DFT>  Total Spin Moment    (muB)  0.426317939   Angles    0.731425490    45.033004742
<DFT>  Total Orbital Moment (muB)  0.036823286   Angles    1.196305953    45.012294041
<DFT>  Total Moment         (muB)  0.463140109   Angles    0.768386739    45.030441150
<DFT>  Mixing_weight= 0.001000000000
<DFT>  Uele   =  -26.492733699282  dUele     =   0.000752415082
<DFT>  NormRD =    0.001742235718  Criterion =   0.000000010000

******************* MD= 1  SCF=292 *******************
<Poisson>  Poisson's equation using FFT...
<Set_Hamiltonian>  Hamiltonian matrix for VNA+dVH+Vxc...
<Band>  Solving the eigenvalue problem...
 KGrids1:  -0.42857  -0.28571  -0.14286   0.00000   0.14286   0.28572   0.42857 
 KGrids2:  -0.42857  -0.28572  -0.14286  -0.00000   0.14286   0.28571   0.42857 
 KGrids3:  -0.42857  -0.28571  -0.14286   0.00000   0.14286   0.28572   0.42857 
<Band_DFT>  Eigen, time=0.139460
<Band_DFT>  DM, time=0.211338
    1   Ni  MulP 9.21 8.79 sum 18.00 diff  0.43 (  0.84  45.03)  Ml 0.04 (  1.28  45.01)  Ml+s 0.46 (  0.87  45.03)
 Sum of MulP: up   =     9.21292 down          =     8.78708
              total=    18.00000 ideal(neutral)=    18.00000
<DFT>  Total Spin Moment    (muB)  0.425843338   Angles    0.838759975    45.030020304
<DFT>  Total Orbital Moment (muB)  0.036758488   Angles    1.281495593    45.007705260
<DFT>  Total Moment         (muB)  0.462600815   Angles    0.873939609    45.027420352
<DFT>  Mixing_weight= 0.001000000000
<DFT>  Uele   =  -26.492208057242  dUele     =   0.000525642040
<DFT>  NormRD =    0.002330517693  Criterion =   0.000000010000

******************* MD= 1  SCF=293 *******************
<Poisson>  Poisson's equation using FFT...
<Set_Hamiltonian>  Hamiltonian matrix for VNA+dVH+Vxc...
<Band>  Solving the eigenvalue problem...
 KGrids1:  -0.42857  -0.28571  -0.14286   0.00000   0.14286   0.28572   0.42857 
 KGrids2:  -0.42857  -0.28572  -0.14286  -0.00000   0.14286   0.28571   0.42857 
 KGrids3:  -0.42857  -0.28571  -0.14286   0.00000   0.14286   0.28572   0.42857 
<Band_DFT>  Eigen, time=0.138668
<Band_DFT>  DM, time=0.211751
    1   Ni  MulP 9.21 8.79 sum 18.00 diff  0.43 (  0.75  45.03)  Ml 0.04 (  1.19  45.00)  Ml+s 0.46 (  0.78  45.03)
 Sum of MulP: up   =     9.21398 down          =     8.78602
              total=    18.00000 ideal(neutral)=    18.00000
<DFT>  Total Spin Moment    (muB)  0.427964632   Angles    0.748850647    45.031991066
<DFT>  Total Orbital Moment (muB)  0.036989098   Angles    1.191702599    45.002928560
<DFT>  Total Moment         (muB)  0.464952714   Angles    0.784081170    45.028477184
<DFT>  Mixing_weight= 0.001000000000
<DFT>  Uele   =  -26.495155453730  dUele     =   0.002947396488
<DFT>  NormRD =    0.002804367695  Criterion =   0.000000010000

******************* MD= 1  SCF=294 *******************
<Poisson>  Poisson's equation using FFT...
<Set_Hamiltonian>  Hamiltonian matrix for VNA+dVH+Vxc...
<Band>  Solving the eigenvalue problem...
 KGrids1:  -0.42857  -0.28571  -0.14286   0.00000   0.14286   0.28572   0.42857 
 KGrids2:  -0.42857  -0.28572  -0.14286  -0.00000   0.14286   0.28571   0.42857 
 KGrids3:  -0.42857  -0.28571  -0.14286   0.00000   0.14286   0.28572   0.42857 
<Band_DFT>  Eigen, time=0.139774
<Band_DFT>  DM, time=0.211999
    1   Ni  MulP 9.21 8.79 sum 18.00 diff  0.43 (  0.81  45.03)  Ml 0.04 (  1.24  45.02)  Ml+s 0.46 (  0.84  45.03)
 Sum of MulP: up   =     9.21343 down          =     8.78657
              total=    18.00000 ideal(neutral)=    18.00000
<DFT>  Total Spin Moment    (muB)  0.426856090   Angles    0.808577432    45.032195023
<DFT>  Total Orbital Moment (muB)  0.036872569   Angles    1.241868655    45.017857255
<DFT>  Total Moment         (muB)  0.463727688   Angles    0.843029565    45.030515691
<DFT>  Mixing_weight= 0.001000000000
<DFT>  Uele   =  -26.493884000780  dUele     =   0.001271452950
<DFT>  NormRD =    0.000837736909  Criterion =   0.000000010000

******************* MD= 1  SCF=295 *******************
<Poisson>  Poisson's equation using FFT...
<Set_Hamiltonian>  Hamiltonian matrix for VNA+dVH+Vxc...
<Band>  Solving the eigenvalue problem...
 KGrids1:  -0.42857  -0.28571  -0.14286   0.00000   0.14286   0.28572   0.42857 
 KGrids2:  -0.42857  -0.28572  -0.14286  -0.00000   0.14286   0.28571   0.42857 
 KGrids3:  -0.42857  -0.28571  -0.14286   0.00000   0.14286   0.28572   0.42857 
<Band_DFT>  Eigen, time=0.138591
<Band_DFT>  DM, time=0.211776
    1   Ni  MulP 9.21 8.79 sum 18.00 diff  0.43 (  0.80  45.03)  Ml 0.04 (  1.23  45.02)  Ml+s 0.46 (  0.84  45.03)
 Sum of MulP: up   =     9.21344 down          =     8.78656
              total=    18.00000 ideal(neutral)=    18.00000
<DFT>  Total Spin Moment    (muB)  0.426877434   Angles    0.802731697    45.031687433
<DFT>  Total Orbital Moment (muB)  0.036874081   Angles    1.233668956    45.020626559
<DFT>  Total Moment         (muB)  0.463750554   Angles    0.836996380    45.030391200
<DFT>  Mixing_weight= 0.001000000000
<DFT>  Uele   =  -26.493915320154  dUele     =   0.000031319374
<DFT>  NormRD =    0.001679364900  Criterion =   0.000000010000

******************* MD= 1  SCF=296 *******************
<Poisson>  Poisson's equation using FFT...
<Set_Hamiltonian>  Hamiltonian matrix for VNA+dVH+Vxc...
<Band>  Solving the eigenvalue problem...
 KGrids1:  -0.42857  -0.28571  -0.14286   0.00000   0.14286   0.28572   0.42857 
 KGrids2:  -0.42857  -0.28572  -0.14286  -0.00000   0.14286   0.28571   0.42857 
 KGrids3:  -0.42857  -0.28571  -0.14286   0.00000   0.14286   0.28572   0.42857 
<Band_DFT>  Eigen, time=0.138486
<Band_DFT>  DM, time=0.211809
    1   Ni  MulP 9.21 8.79 sum 18.00 diff  0.43 (  0.80  45.03)  Ml 0.04 (  1.23  45.02)  Ml+s 0.46 (  0.84  45.03)
 Sum of MulP: up   =     9.21344 down          =     8.78656
              total=    18.00000 ideal(neutral)=    18.00000
<DFT>  Total Spin Moment    (muB)  0.426880716   Angles    0.802968240    45.031666256
<DFT>  Total Orbital Moment (muB)  0.036874547   Angles    1.234085592    45.020836548
<DFT>  Total Moment         (muB)  0.463754303   Angles    0.837247399    45.030397059
<DFT>  Mixing_weight= 0.001000000000
<DFT>  Uele   =  -26.493919389463  dUele     =   0.000004069309
<DFT>  NormRD =    0.001662487430  Criterion =   0.000000010000

******************* MD= 1  SCF=297 *******************
<Poisson>  Poisson's equation using FFT...
<Set_Hamiltonian>  Hamiltonian matrix for VNA+dVH+Vxc...
<Band>  Solving the eigenvalue problem...
 KGrids1:  -0.42857  -0.28571  -0.14286   0.00000   0.14286   0.28572   0.42857 
 KGrids2:  -0.42857  -0.28572  -0.14286  -0.00000   0.14286   0.28571   0.42857 
 KGrids3:  -0.42857  -0.28571  -0.14286   0.00000   0.14286   0.28572   0.42857 
<Band_DFT>  Eigen, time=0.138562
<Band_DFT>  DM, time=0.211568
    1   Ni  MulP 9.21 8.79 sum 18.00 diff  0.43 (  0.80  45.03)  Ml 0.04 (  1.24  45.02)  Ml+s 0.46 (  0.84  45.03)
 Sum of MulP: up   =     9.21344 down          =     8.78656
              total=    18.00000 ideal(neutral)=    18.00000
<DFT>  Total Spin Moment    (muB)  0.426881610   Angles    0.804491563    45.031530408
<DFT>  Total Orbital Moment (muB)  0.036874920   Angles    1.235939694    45.020462145
<DFT>  Total Moment         (muB)  0.463755567   Angles    0.838797275    45.030233696
<DFT>  Mixing_weight= 0.001000000000
<DFT>  Uele   =  -26.493920058896  dUele     =   0.000000669434
<DFT>  NormRD =    0.001659281401  Criterion =   0.000000010000

******************* MD= 1  SCF=298 *******************
<Poisson>  Poisson's equation using FFT...
<Set_Hamiltonian>  Hamiltonian matrix for VNA+dVH+Vxc...
<Band>  Solving the eigenvalue problem...
 KGrids1:  -0.42857  -0.28571  -0.14286   0.00000   0.14286   0.28572   0.42857 
 KGrids2:  -0.42857  -0.28572  -0.14286  -0.00000   0.14286   0.28571   0.42857 
 KGrids3:  -0.42857  -0.28571  -0.14286   0.00000   0.14286   0.28572   0.42857 
<Band_DFT>  Eigen, time=0.139129
<Band_DFT>  DM, time=0.211512
    1   Ni  MulP 9.21 8.79 sum 18.00 diff  0.43 (  0.80  45.03)  Ml 0.04 (  1.23  45.02)  Ml+s 0.46 (  0.84  45.03)
 Sum of MulP: up   =     9.21345 down          =     8.78655
              total=    18.00000 ideal(neutral)=    18.00000
<DFT>  Total Spin Moment    (muB)  0.426904664   Angles    0.801380931    45.031328695
<DFT>  Total Orbital Moment (muB)  0.036877559   Angles    1.233205401    45.020374953
<DFT>  Total Moment         (muB)  0.463781259   Angles    0.835717122    45.030043498
<DFT>  Mixing_weight= 0.001000000000
<DFT>  Uele   =  -26.493949899392  dUele     =   0.000029840495
<DFT>  NormRD =    0.001657785431  Criterion =   0.000000010000

******************* MD= 1  SCF=299 *******************
<Poisson>  Poisson's equation using FFT...
<Set_Hamiltonian>  Hamiltonian matrix for VNA+dVH+Vxc...
<Band>  Solving the eigenvalue problem...
 KGrids1:  -0.42857  -0.28571  -0.14286   0.00000   0.14286   0.28572   0.42857 
 KGrids2:  -0.42857  -0.28572  -0.14286  -0.00000   0.14286   0.28571   0.42857 
 KGrids3:  -0.42857  -0.28571  -0.14286   0.00000   0.14286   0.28572   0.42857 
<Band_DFT>  Eigen, time=0.138373
<Band_DFT>  DM, time=0.211763
    1   Ni  MulP 9.21 8.79 sum 18.00 diff  0.43 (  0.79  45.03)  Ml 0.04 (  1.23  45.02)  Ml+s 0.46 (  0.83  45.03)
 Sum of MulP: up   =     9.21348 down          =     8.78652
              total=    18.00000 ideal(neutral)=    18.00000
<DFT>  Total Spin Moment    (muB)  0.426959390   Angles    0.794268841    45.030949468
<DFT>  Total Orbital Moment (muB)  0.036883820   Angles    1.226937743    45.020401013
<DFT>  Total Moment         (muB)  0.463842242   Angles    0.828673493    45.029707600
<DFT>  Mixing_weight= 0.001000000000
<DFT>  Uele   =  -26.494019973564  dUele     =   0.000070074173
<DFT>  NormRD =    0.001637147651  Criterion =   0.000000010000

******************* MD= 1  SCF=300 *******************
<Poisson>  Poisson's equation using FFT...
<Set_Hamiltonian>  Hamiltonian matrix for VNA+dVH+Vxc...
<Band>  Solving the eigenvalue problem...
 KGrids1:  -0.42857  -0.28571  -0.14286   0.00000   0.14286   0.28572   0.42857 
 KGrids2:  -0.42857  -0.28572  -0.14286  -0.00000   0.14286   0.28571   0.42857 
 KGrids3:  -0.42857  -0.28571  -0.14286   0.00000   0.14286   0.28572   0.42857 
<Band_DFT>  Eigen, time=0.138415
<Band_DFT>  DM, time=0.211389
    1   Ni  MulP 9.21 8.79 sum 18.00 diff  0.43 (  0.79  45.03)  Ml 0.04 (  1.22  45.02)  Ml+s 0.46 (  0.82  45.03)
 Sum of MulP: up   =     9.21352 down          =     8.78648
              total=    18.00000 ideal(neutral)=    18.00000
<DFT>  Total Spin Moment    (muB)  0.427042656   Angles    0.785541886    45.030326529
<DFT>  Total Orbital Moment (muB)  0.036893428   Angles    1.219976372    45.019542428
<DFT>  Total Moment         (muB)  0.463935108   Angles    0.820089011    45.029050830
<DFT>  Mixing_weight= 0.001000000000
<DFT>  Uele   =  -26.494123676022  dUele     =   0.000103702457
<DFT>  NormRD =    0.001588814314  Criterion =   0.000000010000

******************* MD= 1  SCF=301 *******************
<Poisson>  Poisson's equation using FFT...
<Set_Hamiltonian>  Hamiltonian matrix for VNA+dVH+Vxc...
<Band>  Solving the eigenvalue problem...
 KGrids1:  -0.42857  -0.28571  -0.14286   0.00000   0.14286   0.28572   0.42857 
 KGrids2:  -0.42857  -0.28572  -0.14286  -0.00000   0.14286   0.28571   0.42857 
 KGrids3:  -0.42857  -0.28571  -0.14286   0.00000   0.14286   0.28572   0.42857 
<Band_DFT>  Eigen, time=0.140536
<Band_DFT>  DM, time=0.211615
    1   Ni  MulP 9.21 8.79 sum 18.00 diff  0.43 (  0.73  45.03)  Ml 0.04 (  1.18  45.02)  Ml+s 0.46 (  0.77  45.02)
 Sum of MulP: up   =     9.21378 down          =     8.78622
              total=    18.00000 ideal(neutral)=    18.00000
<DFT>  Total Spin Moment    (muB)  0.427551850   Angles    0.734634623    45.026059455
<DFT>  Total Orbital Moment (muB)  0.036949710   Angles    1.177003770    45.016490058
<DFT>  Total Moment         (muB)  0.464500546   Angles    0.769823495    45.024895655
<DFT>  Mixing_weight= 0.001000000000
<DFT>  Uele   =  -26.494710649767  dUele     =   0.000586973746
<DFT>  NormRD =    0.001516033728  Criterion =   0.000000010000

******************* MD= 1  SCF=302 *******************
<Poisson>  Poisson's equation using FFT...
<Set_Hamiltonian>  Hamiltonian matrix for VNA+dVH+Vxc...
<Band>  Solving the eigenvalue problem...
 KGrids1:  -0.42857  -0.28571  -0.14286   0.00000   0.14286   0.28572   0.42857 
 KGrids2:  -0.42857  -0.28572  -0.14286  -0.00000   0.14286   0.28571   0.42857 
 KGrids3:  -0.42857  -0.28571  -0.14286   0.00000   0.14286   0.28572   0.42857 
<Band_DFT>  Eigen, time=0.140345
<Band_DFT>  DM, time=0.211793
    1   Ni  MulP 9.21 8.79 sum 18.00 diff  0.43 (  0.73  45.02)  Ml 0.04 (  1.17  45.02)  Ml+s 0.46 (  0.76  45.02)
 Sum of MulP: up   =     9.21379 down          =     8.78621
              total=    18.00000 ideal(neutral)=    18.00000
<DFT>  Total Spin Moment    (muB)  0.427581157   Angles    0.729275498    45.024996669
<DFT>  Total Orbital Moment (muB)  0.036953233   Angles    1.173068120    45.015489081
<DFT>  Total Moment         (muB)  0.464533370   Angles    0.764578471    45.023836318
<DFT>  Mixing_weight= 0.001000000000
<DFT>  Uele   =  -26.494740581731  dUele     =   0.000029931963
<DFT>  NormRD =    0.001111239265  Criterion =   0.000000010000

******************* MD= 1  SCF=303 *******************
<Poisson>  Poisson's equation using FFT...
<Set_Hamiltonian>  Hamiltonian matrix for VNA+dVH+Vxc...
<Band>  Solving the eigenvalue problem...
 KGrids1:  -0.42857  -0.28571  -0.14286   0.00000   0.14286   0.28572   0.42857 
 KGrids2:  -0.42857  -0.28572  -0.14286  -0.00000   0.14286   0.28571   0.42857 
 KGrids3:  -0.42857  -0.28571  -0.14286   0.00000   0.14286   0.28572   0.42857 
<Band_DFT>  Eigen, time=0.140619
<Band_DFT>  DM, time=0.211412
    1   Ni  MulP 9.21 8.79 sum 18.00 diff  0.43 (  0.70  45.02)  Ml 0.04 (  1.15  45.01)  Ml+s 0.46 (  0.73  45.02)
 Sum of MulP: up   =     9.21400 down          =     8.78600
              total=    18.00000 ideal(neutral)=    18.00000
<DFT>  Total Spin Moment    (muB)  0.427998959   Angles    0.697340371    45.020506971
<DFT>  Total Orbital Moment (muB)  0.036997649   Angles    1.147414427    45.009117328
<DFT>  Total Moment         (muB)  0.464995557   Angles    0.733150414    45.019088745
<DFT>  Mixing_weight= 0.001000000000
<DFT>  Uele   =  -26.495165643710  dUele     =   0.000425061979
<DFT>  NormRD =    0.001088603192  Criterion =   0.000000010000

******************* MD= 1  SCF=304 *******************
<Poisson>  Poisson's equation using FFT...
<Set_Hamiltonian>  Hamiltonian matrix for VNA+dVH+Vxc...
<Band>  Solving the eigenvalue problem...
 KGrids1:  -0.42857  -0.28571  -0.14286   0.00000   0.14286   0.28572   0.42857 
 KGrids2:  -0.42857  -0.28572  -0.14286  -0.00000   0.14286   0.28571   0.42857 
 KGrids3:  -0.42857  -0.28571  -0.14286   0.00000   0.14286   0.28572   0.42857 
<Band_DFT>  Eigen, time=0.138652
<Band_DFT>  DM, time=0.211765
    1   Ni  MulP 9.21 8.79 sum 18.00 diff  0.43 (  0.69  45.02)  Ml 0.04 (  1.14  45.01)  Ml+s 0.47 (  0.72  45.02)
 Sum of MulP: up   =     9.21407 down          =     8.78593
              total=    18.00000 ideal(neutral)=    18.00000
<DFT>  Total Spin Moment    (muB)  0.428138202   Angles    0.686850642    45.017942756
<DFT>  Total Orbital Moment (muB)  0.037011763   Angles    1.138475737    45.009027938
<DFT>  Total Moment         (muB)  0.465148907   Angles    0.722785949    45.016825488
<DFT>  Mixing_weight= 0.001000000000
<DFT>  Uele   =  -26.495299016887  dUele     =   0.000133373178
<DFT>  NormRD =    0.000801027733  Criterion =   0.000000010000

******************* MD= 1  SCF=305 *******************
<Poisson>  Poisson's equation using FFT...
<Set_Hamiltonian>  Hamiltonian matrix for VNA+dVH+Vxc...
<Band>  Solving the eigenvalue problem...
 KGrids1:  -0.42857  -0.28571  -0.14286   0.00000   0.14286   0.28572   0.42857 
 KGrids2:  -0.42857  -0.28572  -0.14286  -0.00000   0.14286   0.28571   0.42857 
 KGrids3:  -0.42857  -0.28571  -0.14286   0.00000   0.14286   0.28572   0.42857 
<Band_DFT>  Eigen, time=0.139269
<Band_DFT>  DM, time=0.211976
    1   Ni  MulP 9.21 8.79 sum 18.00 diff  0.43 (  0.68  45.02)  Ml 0.04 (  1.13  45.01)  Ml+s 0.47 (  0.71  45.01)
 Sum of MulP: up   =     9.21418 down          =     8.78582
              total=    18.00000 ideal(neutral)=    18.00000
<DFT>  Total Spin Moment    (muB)  0.428353502   Angles    0.675475973    45.015227127
<DFT>  Total Orbital Moment (muB)  0.037033699   Angles    1.129610251    45.007511609
<DFT>  Total Moment         (muB)  0.465386130   Angles    0.711613915    45.014252550
<DFT>  Mixing_weight= 0.001000000000
<DFT>  Uele   =  -26.495496991587  dUele     =   0.000197974699
<DFT>  NormRD =    0.000711887200  Criterion =   0.000000010000

******************* MD= 1  SCF=306 *******************
<Poisson>  Poisson's equation using FFT...
<Set_Hamiltonian>  Hamiltonian matrix for VNA+dVH+Vxc...
<Band>  Solving the eigenvalue problem...
 KGrids1:  -0.42857  -0.28571  -0.14286   0.00000   0.14286   0.28572   0.42857 
 KGrids2:  -0.42857  -0.28572  -0.14286  -0.00000   0.14286   0.28571   0.42857 
 KGrids3:  -0.42857  -0.28571  -0.14286   0.00000   0.14286   0.28572   0.42857 
<Band_DFT>  Eigen, time=0.140337
<Band_DFT>  DM, time=0.211580
    1   Ni  MulP 9.21 8.79 sum 18.00 diff  0.43 (  0.59  45.01)  Ml 0.04 (  1.05  45.01)  Ml+s 0.47 (  0.63  45.01)
 Sum of MulP: up   =     9.21460 down          =     8.78540
              total=    18.00000 ideal(neutral)=    18.00000
<DFT>  Total Spin Moment    (muB)  0.429192492   Angles    0.591890263    45.011407790
<DFT>  Total Orbital Moment (muB)  0.037116204   Angles    1.053186288    45.010058564
<DFT>  Total Moment         (muB)  0.466307589   Angles    0.628607173    45.011227867
<DFT>  Mixing_weight= 0.001000000000
<DFT>  Uele   =  -26.496192984805  dUele     =   0.000695993218
<DFT>  NormRD =    0.000580356718  Criterion =   0.000000010000

******************* MD= 1  SCF=307 *******************
<Poisson>  Poisson's equation using FFT...
<Set_Hamiltonian>  Hamiltonian matrix for VNA+dVH+Vxc...
<Band>  Solving the eigenvalue problem...
 KGrids1:  -0.42857  -0.28571  -0.14286   0.00000   0.14286   0.28572   0.42857 
 KGrids2:  -0.42857  -0.28572  -0.14286  -0.00000   0.14286   0.28571   0.42857 
 KGrids3:  -0.42857  -0.28571  -0.14286   0.00000   0.14286   0.28572   0.42857 
<Band_DFT>  Eigen, time=0.138594
<Band_DFT>  DM, time=0.211304
    1   Ni  MulP 9.21 8.79 sum 18.00 diff  0.43 (  0.58  45.01)  Ml 0.04 (  1.04  45.01)  Ml+s 0.47 (  0.61  45.01)
 Sum of MulP: up   =     9.21465 down          =     8.78535
              total=    18.00000 ideal(neutral)=    18.00000
<DFT>  Total Spin Moment    (muB)  0.429295865   Angles    0.577479747    45.010707966
<DFT>  Total Orbital Moment (muB)  0.037126107   Angles    1.039763260    45.011077398
<DFT>  Total Moment         (muB)  0.466420860   Angles    0.614276133    45.010757739
<DFT>  Mixing_weight= 0.001000000000
<DFT>  Uele   =  -26.496271433864  dUele     =   0.000078449059
<DFT>  NormRD =    0.000130258810  Criterion =   0.000000010000

******************* MD= 1  SCF=308 *******************
<Poisson>  Poisson's equation using FFT...
<Set_Hamiltonian>  Hamiltonian matrix for VNA+dVH+Vxc...
<Band>  Solving the eigenvalue problem...
 KGrids1:  -0.42857  -0.28571  -0.14286   0.00000   0.14286   0.28572   0.42857 
 KGrids2:  -0.42857  -0.28572  -0.14286  -0.00000   0.14286   0.28571   0.42857 
 KGrids3:  -0.42857  -0.28571  -0.14286   0.00000   0.14286   0.28572   0.42857 
<Band_DFT>  Eigen, time=0.140573
<Band_DFT>  DM, time=0.211568
    1   Ni  MulP 9.21 8.79 sum 18.00 diff  0.43 (  0.59  45.01)  Ml 0.04 (  1.05  45.01)  Ml+s 0.47 (  0.62  45.01)
 Sum of MulP: up   =     9.21465 down          =     8.78535
              total=    18.00000 ideal(neutral)=    18.00000
<DFT>  Total Spin Moment    (muB)  0.429305567   Angles    0.587232962    45.009695031
<DFT>  Total Orbital Moment (muB)  0.037127181   Angles    1.049843081    45.009932273
<DFT>  Total Moment         (muB)  0.466431634   Angles    0.624055559    45.009726798
<DFT>  Mixing_weight= 0.001000000000
<DFT>  Uele   =  -26.496278712822  dUele     =   0.000007278958
<DFT>  NormRD =    0.000080909298  Criterion =   0.000000010000

******************* MD= 1  SCF=309 *******************
<Poisson>  Poisson's equation using FFT...
<Set_Hamiltonian>  Hamiltonian matrix for VNA+dVH+Vxc...
<Band>  Solving the eigenvalue problem...
 KGrids1:  -0.42857  -0.28571  -0.14286   0.00000   0.14286   0.28572   0.42857 
 KGrids2:  -0.42857  -0.28572  -0.14286  -0.00000   0.14286   0.28571   0.42857 
 KGrids3:  -0.42857  -0.28571  -0.14286   0.00000   0.14286   0.28572   0.42857 
<Band_DFT>  Eigen, time=0.138549
<Band_DFT>  DM, time=0.211676
    1   Ni  MulP 9.21 8.79 sum 18.00 diff  0.43 (  0.58  45.01)  Ml 0.04 (  1.04  45.01)  Ml+s 0.47 (  0.61  45.01)
 Sum of MulP: up   =     9.21465 down          =     8.78535
              total=    18.00000 ideal(neutral)=    18.00000
<DFT>  Total Spin Moment    (muB)  0.429308848   Angles    0.577735394    45.009563310
<DFT>  Total Orbital Moment (muB)  0.037127420   Angles    1.040341378    45.007204608
<DFT>  Total Moment         (muB)  0.466435154   Angles    0.614557621    45.009245495
<DFT>  Mixing_weight= 0.001000000000
<DFT>  Uele   =  -26.496281248661  dUele     =   0.000002535839
<DFT>  NormRD =    0.000076182670  Criterion =   0.000000010000

******************* MD= 1  SCF=310 *******************
<Poisson>  Poisson's equation using FFT...
<Set_Hamiltonian>  Hamiltonian matrix for VNA+dVH+Vxc...
<Band>  Solving the eigenvalue problem...
 KGrids1:  -0.42857  -0.28571  -0.14286   0.00000   0.14286   0.28572   0.42857 
 KGrids2:  -0.42857  -0.28572  -0.14286  -0.00000   0.14286   0.28571   0.42857 
 KGrids3:  -0.42857  -0.28571  -0.14286   0.00000   0.14286   0.28572   0.42857 
<Band_DFT>  Eigen, time=0.140421
<Band_DFT>  DM, time=0.211686
    1   Ni  MulP 9.21 8.79 sum 18.00 diff  0.43 (  0.58  45.01)  Ml 0.04 (  1.04  45.01)  Ml+s 0.47 (  0.61  45.01)
 Sum of MulP: up   =     9.21465 down          =     8.78535
              total=    18.00000 ideal(neutral)=    18.00000
<DFT>  Total Spin Moment    (muB)  0.429304217   Angles    0.575622640    45.008504643
<DFT>  Total Orbital Moment (muB)  0.037126960   Angles    1.038115706    45.008281155
<DFT>  Total Moment         (muB)  0.466430064   Angles    0.612435824    45.008474490
<DFT>  Mixing_weight= 0.001000000000
<DFT>  Uele   =  -26.496277807707  dUele     =   0.000003440954
<DFT>  NormRD =    0.000075496839  Criterion =   0.000000010000

******************* MD= 1  SCF=311 *******************
<Poisson>  Poisson's equation using FFT...
<Set_Hamiltonian>  Hamiltonian matrix for VNA+dVH+Vxc...
<Band>  Solving the eigenvalue problem...
 KGrids1:  -0.42857  -0.28571  -0.14286   0.00000   0.14286   0.28572   0.42857 
 KGrids2:  -0.42857  -0.28572  -0.14286  -0.00000   0.14286   0.28571   0.42857 
 KGrids3:  -0.42857  -0.28571  -0.14286   0.00000   0.14286   0.28572   0.42857 
<Band_DFT>  Eigen, time=0.140503
<Band_DFT>  DM, time=0.211608
    1   Ni  MulP 9.21 8.79 sum 18.00 diff  0.43 (  0.57  45.01)  Ml 0.04 (  1.03  45.01)  Ml+s 0.47 (  0.61  45.01)
 Sum of MulP: up   =     9.21465 down          =     8.78535
              total=    18.00000 ideal(neutral)=    18.00000
<DFT>  Total Spin Moment    (muB)  0.429303242   Angles    0.571926719    45.007660439
<DFT>  Total Orbital Moment (muB)  0.037126808   Angles    1.034341405    45.007614457
<DFT>  Total Moment         (muB)  0.466428938   Angles    0.608733604    45.007654220
<DFT>  Mixing_weight= 0.001000000000
<DFT>  Uele   =  -26.496277014608  dUele     =   0.000000793100
<DFT>  NormRD =    0.000077689594  Criterion =   0.000000010000

******************* MD= 1  SCF=312 *******************
<Poisson>  Poisson's equation using FFT...
<Set_Hamiltonian>  Hamiltonian matrix for VNA+dVH+Vxc...
<Band>  Solving the eigenvalue problem...
 KGrids1:  -0.42857  -0.28571  -0.14286   0.00000   0.14286   0.28572   0.42857 
 KGrids2:  -0.42857  -0.28572  -0.14286  -0.00000   0.14286   0.28571   0.42857 
 KGrids3:  -0.42857  -0.28571  -0.14286   0.00000   0.14286   0.28572   0.42857 
<Band_DFT>  Eigen, time=0.140630
<Band_DFT>  DM, time=0.211222
    1   Ni  MulP 9.21 8.79 sum 18.00 diff  0.43 (  0.56  45.01)  Ml 0.04 (  1.03  45.01)  Ml+s 0.47 (  0.60  45.01)
 Sum of MulP: up   =     9.21465 down          =     8.78535
              total=    18.00000 ideal(neutral)=    18.00000
<DFT>  Total Spin Moment    (muB)  0.429295474   Angles    0.563559789    45.006407140
<DFT>  Total Orbital Moment (muB)  0.037125979   Angles    1.025711075    45.006948722
<DFT>  Total Moment         (muB)  0.466420342   Angles    0.600345565    45.006480790
<DFT>  Mixing_weight= 0.001000000000
<DFT>  Uele   =  -26.496271522398  dUele     =   0.000005492210
<DFT>  NormRD =    0.000078102302  Criterion =   0.000000010000

******************* MD= 1  SCF=313 *******************
<Poisson>  Poisson's equation using FFT...
<Set_Hamiltonian>  Hamiltonian matrix for VNA+dVH+Vxc...
<Band>  Solving the eigenvalue problem...
 KGrids1:  -0.42857  -0.28571  -0.14286   0.00000   0.14286   0.28572   0.42857 
 KGrids2:  -0.42857  -0.28572  -0.14286  -0.00000   0.14286   0.28571   0.42857 
 KGrids3:  -0.42857  -0.28571  -0.14286   0.00000   0.14286   0.28572   0.42857 
<Band_DFT>  Eigen, time=0.139743
<Band_DFT>  DM, time=0.211242
    1   Ni  MulP 9.21 8.79 sum 18.00 diff  0.43 (  0.56  45.00)  Ml 0.04 (  1.03  45.01)  Ml+s 0.47 (  0.60  45.00)
 Sum of MulP: up   =     9.21465 down          =     8.78535
              total=    18.00000 ideal(neutral)=    18.00000
<DFT>  Total Spin Moment    (muB)  0.429302266   Angles    0.563454278    45.002822815
<DFT>  Total Orbital Moment (muB)  0.037126597   Angles    1.025744436    45.005352227
<DFT>  Total Moment         (muB)  0.466427750   Angles    0.600251135    45.003166857
<DFT>  Mixing_weight= 0.001000000000
<DFT>  Uele   =  -26.496275990892  dUele     =   0.000004468494
<DFT>  NormRD =    0.000081701574  Criterion =   0.000000010000

******************* MD= 1  SCF=314 *******************
<Poisson>  Poisson's equation using FFT...
<Set_Hamiltonian>  Hamiltonian matrix for VNA+dVH+Vxc...
<Band>  Solving the eigenvalue problem...
 KGrids1:  -0.42857  -0.28571  -0.14286   0.00000   0.14286   0.28572   0.42857 
 KGrids2:  -0.42857  -0.28572  -0.14286  -0.00000   0.14286   0.28571   0.42857 
 KGrids3:  -0.42857  -0.28571  -0.14286   0.00000   0.14286   0.28572   0.42857 
<Band_DFT>  Eigen, time=0.138712
<Band_DFT>  DM, time=0.211577
    1   Ni  MulP 9.21 8.79 sum 18.00 diff  0.43 (  0.56  45.00)  Ml 0.04 (  1.02  45.00)  Ml+s 0.47 (  0.60  45.00)
 Sum of MulP: up   =     9.21465 down          =     8.78535
              total=    18.00000 ideal(neutral)=    18.00000
<DFT>  Total Spin Moment    (muB)  0.429302700   Angles    0.561999602    45.001593374
<DFT>  Total Orbital Moment (muB)  0.037126620   Angles    1.024272221    45.004652657
<DFT>  Total Moment         (muB)  0.466428207   Angles    0.598795049    45.002009900
<DFT>  Mixing_weight= 0.001000000000
<DFT>  Uele   =  -26.496276339312  dUele     =   0.000000348420
<DFT>  NormRD =    0.000078448756  Criterion =   0.000000010000

******************* MD= 1  SCF=315 *******************
<Poisson>  Poisson's equation using FFT...
<Set_Hamiltonian>  Hamiltonian matrix for VNA+dVH+Vxc...
<Band>  Solving the eigenvalue problem...
 KGrids1:  -0.42857  -0.28571  -0.14286   0.00000   0.14286   0.28572   0.42857 
 KGrids2:  -0.42857  -0.28572  -0.14286  -0.00000   0.14286   0.28571   0.42857 
 KGrids3:  -0.42857  -0.28571  -0.14286   0.00000   0.14286   0.28572   0.42857 
<Band_DFT>  Eigen, time=0.140638
<Band_DFT>  DM, time=0.211084
    1   Ni  MulP 9.21 8.79 sum 18.00 diff  0.43 (  0.56  45.01)  Ml 0.04 (  1.02  45.01)  Ml+s 0.47 (  0.60  45.01)
 Sum of MulP: up   =     9.21466 down          =     8.78534
              total=    18.00000 ideal(neutral)=    18.00000
<DFT>  Total Spin Moment    (muB)  0.429320002   Angles    0.559273697    45.005751795
<DFT>  Total Orbital Moment (muB)  0.037128262   Angles    1.021790956    45.005630286
<DFT>  Total Moment         (muB)  0.466447150   Angles    0.596088750    45.005735216
<DFT>  Mixing_weight= 0.001000000000
<DFT>  Uele   =  -26.496289582945  dUele     =   0.000013243633
<DFT>  NormRD =    0.000078238063  Criterion =   0.000000010000

******************* MD= 1  SCF=316 *******************
<Poisson>  Poisson's equation using FFT...
<Set_Hamiltonian>  Hamiltonian matrix for VNA+dVH+Vxc...
<Band>  Solving the eigenvalue problem...
 KGrids1:  -0.42857  -0.28571  -0.14286   0.00000   0.14286   0.28572   0.42857 
 KGrids2:  -0.42857  -0.28572  -0.14286  -0.00000   0.14286   0.28571   0.42857 
 KGrids3:  -0.42857  -0.28571  -0.14286   0.00000   0.14286   0.28572   0.42857 
<Band_DFT>  Eigen, time=0.138548
<Band_DFT>  DM, time=0.211674
    1   Ni  MulP 9.21 8.79 sum 18.00 diff  0.43 (  0.53  45.01)  Ml 0.04 (  0.99  45.01)  Ml+s 0.47 (  0.57  45.01)
 Sum of MulP: up   =     9.21466 down          =     8.78534
              total=    18.00000 ideal(neutral)=    18.00000
<DFT>  Total Spin Moment    (muB)  0.429324056   Angles    0.532751378    45.008729127
<DFT>  Total Orbital Moment (muB)  0.037128326   Angles    0.994881796    45.007961693
<DFT>  Total Moment         (muB)  0.466451271   Angles    0.569535379    45.008622424
<DFT>  Mixing_weight= 0.001000000000
<DFT>  Uele   =  -26.496292149667  dUele     =   0.000002566722
<DFT>  NormRD =    0.000069689939  Criterion =   0.000000010000

******************* MD= 1  SCF=317 *******************
<Poisson>  Poisson's equation using FFT...
<Set_Hamiltonian>  Hamiltonian matrix for VNA+dVH+Vxc...
<Band>  Solving the eigenvalue problem...
 KGrids1:  -0.42857  -0.28571  -0.14286   0.00000   0.14286   0.28572   0.42857 
 KGrids2:  -0.42857  -0.28572  -0.14286  -0.00000   0.14286   0.28571   0.42857 
 KGrids3:  -0.42857  -0.28571  -0.14286   0.00000   0.14286   0.28572   0.42857 
<Band_DFT>  Eigen, time=0.138695
<Band_DFT>  DM, time=0.211434
    1   Ni  MulP 9.21 8.79 sum 18.00 diff  0.43 (  0.56  45.00)  Ml 0.04 (  1.03  45.01)  Ml+s 0.47 (  0.60  45.00)
 Sum of MulP: up   =     9.21466 down          =     8.78534
              total=    18.00000 ideal(neutral)=    18.00000
<DFT>  Total Spin Moment    (muB)  0.429318742   Angles    0.564705310    45.004184027
<DFT>  Total Orbital Moment (muB)  0.037128179   Angles    1.027286194    45.005561326
<DFT>  Total Moment         (muB)  0.466445808   Angles    0.601525451    45.004371247
<DFT>  Mixing_weight= 0.001000000000
<DFT>  Uele   =  -26.496288189209  dUele     =   0.000003960458
<DFT>  NormRD =    0.000067821828  Criterion =   0.000000010000

******************* MD= 1  SCF=318 *******************
<Poisson>  Poisson's equation using FFT...
<Set_Hamiltonian>  Hamiltonian matrix for VNA+dVH+Vxc...
<Band>  Solving the eigenvalue problem...
 KGrids1:  -0.42857  -0.28571  -0.14286   0.00000   0.14286   0.28572   0.42857 
 KGrids2:  -0.42857  -0.28572  -0.14286  -0.00000   0.14286   0.28571   0.42857 
 KGrids3:  -0.42857  -0.28571  -0.14286   0.00000   0.14286   0.28572   0.42857 
<Band_DFT>  Eigen, time=0.138650
<Band_DFT>  DM, time=0.211438
    1   Ni  MulP 9.21 8.79 sum 18.00 diff  0.43 (  0.55  45.01)  Ml 0.04 (  1.02  45.01)  Ml+s 0.47 (  0.59  45.01)
 Sum of MulP: up   =     9.21467 down          =     8.78533
              total=    18.00000 ideal(neutral)=    18.00000
<DFT>  Total Spin Moment    (muB)  0.429348746   Angles    0.553442410    45.010473071
<DFT>  Total Orbital Moment (muB)  0.037130904   Angles    1.016315740    45.009205751
<DFT>  Total Moment         (muB)  0.466478535   Angles    0.590285947    45.010299395
<DFT>  Mixing_weight= 0.001000000000
<DFT>  Uele   =  -26.496310591579  dUele     =   0.000022402370
<DFT>  NormRD =    0.000070364664  Criterion =   0.000000010000

******************* MD= 1  SCF=319 *******************
<Poisson>  Poisson's equation using FFT...
<Set_Hamiltonian>  Hamiltonian matrix for VNA+dVH+Vxc...
<Band>  Solving the eigenvalue problem...
 KGrids1:  -0.42857  -0.28571  -0.14286   0.00000   0.14286   0.28572   0.42857 
 KGrids2:  -0.42857  -0.28572  -0.14286  -0.00000   0.14286   0.28571   0.42857 
 KGrids3:  -0.42857  -0.28571  -0.14286   0.00000   0.14286   0.28572   0.42857 
<Band_DFT>  Eigen, time=0.141142
<Band_DFT>  DM, time=0.211619
    1   Ni  MulP 9.21 8.79 sum 18.00 diff  0.43 (  0.53  45.02)  Ml 0.04 (  1.00  45.01)  Ml+s 0.47 (  0.57  45.02)
 Sum of MulP: up   =     9.21469 down          =     8.78531
              total=    18.00000 ideal(neutral)=    18.00000
<DFT>  Total Spin Moment    (muB)  0.429385829   Angles    0.534716772    45.017679650
<DFT>  Total Orbital Moment (muB)  0.037134196   Angles    0.997873309    45.012522361
<DFT>  Total Moment         (muB)  0.466518908   Angles    0.571582929    45.016962999
<DFT>  Mixing_weight= 0.001000000000
<DFT>  Uele   =  -26.496338301123  dUele     =   0.000027709544
<DFT>  NormRD =    0.000056115384  Criterion =   0.000000010000

******************* MD= 1  SCF=320 *******************
<Poisson>  Poisson's equation using FFT...
<Set_Hamiltonian>  Hamiltonian matrix for VNA+dVH+Vxc...
<Band>  Solving the eigenvalue problem...
 KGrids1:  -0.42857  -0.28571  -0.14286   0.00000   0.14286   0.28572   0.42857 
 KGrids2:  -0.42857  -0.28572  -0.14286  -0.00000   0.14286   0.28571   0.42857 
 KGrids3:  -0.42857  -0.28571  -0.14286   0.00000   0.14286   0.28572   0.42857 
<Band_DFT>  Eigen, time=0.138050
<Band_DFT>  DM, time=0.211535
    1   Ni  MulP 9.21 8.79 sum 18.00 diff  0.43 (  0.52  45.03)  Ml 0.04 (  0.98  45.02)  Ml+s 0.47 (  0.56  45.03)
 Sum of MulP: up   =     9.21470 down          =     8.78530
              total=    18.00000 ideal(neutral)=    18.00000
<DFT>  Total Spin Moment    (muB)  0.429393322   Angles    0.520913824    45.026404424
<DFT>  Total Orbital Moment (muB)  0.037134762   Angles    0.983955768    45.016743227
<DFT>  Total Moment         (muB)  0.466526968   Angles    0.557770784    45.025047860
<DFT>  Mixing_weight= 0.001000000000
<DFT>  Uele   =  -26.496343557176  dUele     =   0.000005256053
<DFT>  NormRD =    0.000038599735  Criterion =   0.000000010000

******************* MD= 1  SCF=321 *******************
<Poisson>  Poisson's equation using FFT...
<Set_Hamiltonian>  Hamiltonian matrix for VNA+dVH+Vxc...
<Band>  Solving the eigenvalue problem...
 KGrids1:  -0.42857  -0.28571  -0.14286   0.00000   0.14286   0.28572   0.42857 
 KGrids2:  -0.42857  -0.28572  -0.14286  -0.00000   0.14286   0.28571   0.42857 
 KGrids3:  -0.42857  -0.28571  -0.14286   0.00000   0.14286   0.28572   0.42857 
<Band_DFT>  Eigen, time=0.140199
<Band_DFT>  DM, time=0.211524
    1   Ni  MulP 9.21 8.79 sum 18.00 diff  0.43 (  0.53  45.02)  Ml 0.04 (  1.00  45.01)  Ml+s 0.47 (  0.57  45.02)
 Sum of MulP: up   =     9.21472 down          =     8.78528
              total=    18.00000 ideal(neutral)=    18.00000
<DFT>  Total Spin Moment    (muB)  0.429441138   Angles    0.534772764    45.017435046
<DFT>  Total Orbital Moment (muB)  0.037139456   Angles    0.998787348    45.011128664
<DFT>  Total Moment         (muB)  0.466579473   Angles    0.571707654    45.016558097
<DFT>  Mixing_weight= 0.001000000000
<DFT>  Uele   =  -26.496378537847  dUele     =   0.000034980671
<DFT>  NormRD =    0.000035246791  Criterion =   0.000000010000

******************* MD= 1  SCF=322 *******************
<Poisson>  Poisson's equation using FFT...
<Set_Hamiltonian>  Hamiltonian matrix for VNA+dVH+Vxc...
<Band>  Solving the eigenvalue problem...
 KGrids1:  -0.42857  -0.28571  -0.14286   0.00000   0.14286   0.28572   0.42857 
 KGrids2:  -0.42857  -0.28572  -0.14286  -0.00000   0.14286   0.28571   0.42857 
 KGrids3:  -0.42857  -0.28571  -0.14286   0.00000   0.14286   0.28572   0.42857 
<Band_DFT>  Eigen, time=0.140516
<Band_DFT>  DM, time=0.211395
    1   Ni  MulP 9.21 8.79 sum 18.00 diff  0.43 (  0.55  45.02)  Ml 0.04 (  1.01  45.01)  Ml+s 0.47 (  0.59  45.01)
 Sum of MulP: up   =     9.21472 down          =     8.78528
              total=    18.00000 ideal(neutral)=    18.00000
<DFT>  Total Spin Moment    (muB)  0.429445270   Angles    0.548213440    45.015268606
<DFT>  Total Orbital Moment (muB)  0.037140013   Angles    1.012485473    45.009298395
<DFT>  Total Moment         (muB)  0.466584161   Angles    0.585169006    45.014446375
<DFT>  Mixing_weight= 0.001000000000
<DFT>  Uele   =  -26.496381662856  dUele     =   0.000003125009
<DFT>  NormRD =    0.000013750551  Criterion =   0.000000010000

******************* MD= 1  SCF=323 *******************
<Poisson>  Poisson's equation using FFT...
<Set_Hamiltonian>  Hamiltonian matrix for VNA+dVH+Vxc...
<Band>  Solving the eigenvalue problem...
 KGrids1:  -0.42857  -0.28571  -0.14286   0.00000   0.14286   0.28572   0.42857 
 KGrids2:  -0.42857  -0.28572  -0.14286  -0.00000   0.14286   0.28571   0.42857 
 KGrids3:  -0.42857  -0.28571  -0.14286   0.00000   0.14286   0.28572   0.42857 
<Band_DFT>  Eigen, time=0.140169
<Band_DFT>  DM, time=0.211363
    1   Ni  MulP 9.21 8.79 sum 18.00 diff  0.43 (  0.53  45.02)  Ml 0.04 (  0.99  45.01)  Ml+s 0.47 (  0.57  45.02)
 Sum of MulP: up   =     9.21473 down          =     8.78527
              total=    18.00000 ideal(neutral)=    18.00000
<DFT>  Total Spin Moment    (muB)  0.429464368   Angles    0.530326740    45.016841496
<DFT>  Total Orbital Moment (muB)  0.037141620   Angles    0.994608162    45.008717375
<DFT>  Total Moment         (muB)  0.466604866   Angles    0.567283012    45.015707724
<DFT>  Mixing_weight= 0.001000000000
<DFT>  Uele   =  -26.496395489849  dUele     =   0.000013826993
<DFT>  NormRD =    0.000012097719  Criterion =   0.000000010000

******************* MD= 1  SCF=324 *******************
<Poisson>  Poisson's equation using FFT...
<Set_Hamiltonian>  Hamiltonian matrix for VNA+dVH+Vxc...
<Band>  Solving the eigenvalue problem...
 KGrids1:  -0.42857  -0.28571  -0.14286   0.00000   0.14286   0.28572   0.42857 
 KGrids2:  -0.42857  -0.28572  -0.14286  -0.00000   0.14286   0.28571   0.42857 
 KGrids3:  -0.42857  -0.28571  -0.14286   0.00000   0.14286   0.28572   0.42857 
<Band_DFT>  Eigen, time=0.138705
<Band_DFT>  DM, time=0.211467
    1   Ni  MulP 9.21 8.79 sum 18.00 diff  0.43 (  0.53  45.02)  Ml 0.04 (  1.00  45.01)  Ml+s 0.47 (  0.57  45.02)
 Sum of MulP: up   =     9.21473 down          =     8.78527
              total=    18.00000 ideal(neutral)=    18.00000
<DFT>  Total Spin Moment    (muB)  0.429464140   Angles    0.532160863    45.016936707
<DFT>  Total Orbital Moment (muB)  0.037141618   Angles    0.996469921    45.008692096
<DFT>  Total Moment         (muB)  0.466604635   Angles    0.569119350    45.015787686
<DFT>  Mixing_weight= 0.001000000000
<DFT>  Uele   =  -26.496395330689  dUele     =   0.000000159161
<DFT>  NormRD =    0.000007346693  Criterion =   0.000000010000

******************* MD= 1  SCF=325 *******************
<Poisson>  Poisson's equation using FFT...
<Set_Hamiltonian>  Hamiltonian matrix for VNA+dVH+Vxc...
<Band>  Solving the eigenvalue problem...
 KGrids1:  -0.42857  -0.28571  -0.14286   0.00000   0.14286   0.28572   0.42857 
 KGrids2:  -0.42857  -0.28572  -0.14286  -0.00000   0.14286   0.28571   0.42857 
 KGrids3:  -0.42857  -0.28571  -0.14286   0.00000   0.14286   0.28572   0.42857 
<Band_DFT>  Eigen, time=0.140176
<Band_DFT>  DM, time=0.211119
    1   Ni  MulP 9.21 8.79 sum 18.00 diff  0.43 (  0.53  45.02)  Ml 0.04 (  0.99  45.01)  Ml+s 0.47 (  0.56  45.02)
 Sum of MulP: up   =     9.21473 down          =     8.78527
              total=    18.00000 ideal(neutral)=    18.00000
<DFT>  Total Spin Moment    (muB)  0.429465255   Angles    0.526865404    45.017253138
<DFT>  Total Orbital Moment (muB)  0.037141666   Angles    0.991100785    45.008711456
<DFT>  Total Moment         (muB)  0.466605799   Angles    0.563817983    45.016057997
<DFT>  Mixing_weight= 0.001000000000
<DFT>  Uele   =  -26.496396133450  dUele     =   0.000000802762
<DFT>  NormRD =    0.000007358808  Criterion =   0.000000010000

******************* MD= 1  SCF=326 *******************
<Poisson>  Poisson's equation using FFT...
<Set_Hamiltonian>  Hamiltonian matrix for VNA+dVH+Vxc...
<Band>  Solving the eigenvalue problem...
 KGrids1:  -0.42857  -0.28571  -0.14286   0.00000   0.14286   0.28572   0.42857 
 KGrids2:  -0.42857  -0.28572  -0.14286  -0.00000   0.14286   0.28571   0.42857 
 KGrids3:  -0.42857  -0.28571  -0.14286   0.00000   0.14286   0.28572   0.42857 
<Band_DFT>  Eigen, time=0.138464
<Band_DFT>  DM, time=0.211323
    1   Ni  MulP 9.21 8.79 sum 18.00 diff  0.43 (  0.53  45.02)  Ml 0.04 (  0.99  45.01)  Ml+s 0.47 (  0.57  45.02)
 Sum of MulP: up   =     9.21473 down          =     8.78527
              total=    18.00000 ideal(neutral)=    18.00000
<DFT>  Total Spin Moment    (muB)  0.429465463   Angles    0.528988518    45.017292288
<DFT>  Total Orbital Moment (muB)  0.037141710   Angles    0.993261289    45.008779503
<DFT>  Total Moment         (muB)  0.466606051   Angles    0.565944097    45.016103078
<DFT>  Mixing_weight= 0.001000000000
<DFT>  Uele   =  -26.496396304851  dUele     =   0.000000171401
<DFT>  NormRD =    0.000007329496  Criterion =   0.000000010000

******************* MD= 1  SCF=327 *******************
<Poisson>  Poisson's equation using FFT...
<Set_Hamiltonian>  Hamiltonian matrix for VNA+dVH+Vxc...
<Band>  Solving the eigenvalue problem...
 KGrids1:  -0.42857  -0.28571  -0.14286   0.00000   0.14286   0.28572   0.42857 
 KGrids2:  -0.42857  -0.28572  -0.14286  -0.00000   0.14286   0.28571   0.42857 
 KGrids3:  -0.42857  -0.28571  -0.14286   0.00000   0.14286   0.28572   0.42857 
<Band_DFT>  Eigen, time=0.138619
<Band_DFT>  DM, time=0.211678
    1   Ni  MulP 9.21 8.79 sum 18.00 diff  0.43 (  0.52  45.02)  Ml 0.04 (  0.99  45.01)  Ml+s 0.47 (  0.56  45.02)
 Sum of MulP: up   =     9.21473 down          =     8.78527
              total=    18.00000 ideal(neutral)=    18.00000
<DFT>  Total Spin Moment    (muB)  0.429465463   Angles    0.524238961    45.023680544
<DFT>  Total Orbital Moment (muB)  0.037141653   Angles    0.988421057    45.013045481
<DFT>  Total Moment         (muB)  0.466605994   Angles    0.561187270    45.022189569
<DFT>  Mixing_weight= 0.001000000000
<DFT>  Uele   =  -26.496396489273  dUele     =   0.000000184422
<DFT>  NormRD =    0.000007327419  Criterion =   0.000000010000

******************* MD= 1  SCF=328 *******************
<Poisson>  Poisson's equation using FFT...
<Set_Hamiltonian>  Hamiltonian matrix for VNA+dVH+Vxc...
<Band>  Solving the eigenvalue problem...
 KGrids1:  -0.42857  -0.28571  -0.14286   0.00000   0.14286   0.28572   0.42857 
 KGrids2:  -0.42857  -0.28572  -0.14286  -0.00000   0.14286   0.28571   0.42857 
 KGrids3:  -0.42857  -0.28571  -0.14286   0.00000   0.14286   0.28572   0.42857 
<Band_DFT>  Eigen, time=0.138822
<Band_DFT>  DM, time=0.211212
    1   Ni  MulP 9.21 8.79 sum 18.00 diff  0.43 (  0.54  45.02)  Ml 0.04 (  1.00  45.01)  Ml+s 0.47 (  0.57  45.02)
 Sum of MulP: up   =     9.21473 down          =     8.78527
              total=    18.00000 ideal(neutral)=    18.00000
<DFT>  Total Spin Moment    (muB)  0.429465445   Angles    0.535869948    45.022884452
<DFT>  Total Orbital Moment (muB)  0.037141781   Angles    1.000250463    45.012456380
<DFT>  Total Moment         (muB)  0.466606103   Angles    0.572834169    45.021435075
<DFT>  Mixing_weight= 0.001000000000
<DFT>  Uele   =  -26.496396285364  dUele     =   0.000000203909
<DFT>  NormRD =    0.000007299246  Criterion =   0.000000010000

******************* MD= 1  SCF=329 *******************
<Poisson>  Poisson's equation using FFT...
<Set_Hamiltonian>  Hamiltonian matrix for VNA+dVH+Vxc...
<Band>  Solving the eigenvalue problem...
 KGrids1:  -0.42857  -0.28571  -0.14286   0.00000   0.14286   0.28572   0.42857 
 KGrids2:  -0.42857  -0.28572  -0.14286  -0.00000   0.14286   0.28571   0.42857 
 KGrids3:  -0.42857  -0.28571  -0.14286   0.00000   0.14286   0.28572   0.42857 
<Band_DFT>  Eigen, time=0.140594
<Band_DFT>  DM, time=0.211711
    1   Ni  MulP 9.21 8.79 sum 18.00 diff  0.43 (  0.55  45.03)  Ml 0.04 (  1.02  45.02)  Ml+s 0.47 (  0.59  45.03)
 Sum of MulP: up   =     9.21473 down          =     8.78527
              total=    18.00000 ideal(neutral)=    18.00000
<DFT>  Total Spin Moment    (muB)  0.429465271   Angles    0.553667762    45.028926296
<DFT>  Total Orbital Moment (muB)  0.037141979   Angles    1.018357109    45.015715514
<DFT>  Total Moment         (muB)  0.466606125   Angles    0.590656760    45.027113317
<DFT>  Mixing_weight= 0.001000000000
<DFT>  Uele   =  -26.496396319150  dUele     =   0.000000033785
<DFT>  NormRD =    0.000007302482  Criterion =   0.000000010000

******************* MD= 1  SCF=330 *******************
<Poisson>  Poisson's equation using FFT...
<Set_Hamiltonian>  Hamiltonian matrix for VNA+dVH+Vxc...
<Band>  Solving the eigenvalue problem...
 KGrids1:  -0.42857  -0.28571  -0.14286   0.00000   0.14286   0.28572   0.42857 
 KGrids2:  -0.42857  -0.28572  -0.14286  -0.00000   0.14286   0.28571   0.42857 
 KGrids3:  -0.42857  -0.28571  -0.14286   0.00000   0.14286   0.28572   0.42857 
<Band_DFT>  Eigen, time=0.140686
<Band_DFT>  DM, time=0.211169
    1   Ni  MulP 9.21 8.79 sum 18.00 diff  0.43 (  0.56  45.03)  Ml 0.04 (  1.02  45.02)  Ml+s 0.47 (  0.59  45.03)
 Sum of MulP: up   =     9.21473 down          =     8.78527
              total=    18.00000 ideal(neutral)=    18.00000
<DFT>  Total Spin Moment    (muB)  0.429465266   Angles    0.557223591    45.029681263
<DFT>  Total Orbital Moment (muB)  0.037142019   Angles    1.021972278    45.016072749
<DFT>  Total Moment         (muB)  0.466606160   Angles    0.594217349    45.027818299
<DFT>  Mixing_weight= 0.001000000000
<DFT>  Uele   =  -26.496396305623  dUele     =   0.000000013527
<DFT>  NormRD =    0.000007297496  Criterion =   0.000000010000

******************* MD= 1  SCF=331 *******************
<Poisson>  Poisson's equation using FFT...
<Set_Hamiltonian>  Hamiltonian matrix for VNA+dVH+Vxc...
<Band>  Solving the eigenvalue problem...
 KGrids1:  -0.42857  -0.28571  -0.14286   0.00000   0.14286   0.28572   0.42857 
 KGrids2:  -0.42857  -0.28572  -0.14286  -0.00000   0.14286   0.28571   0.42857 
 KGrids3:  -0.42857  -0.28571  -0.14286   0.00000   0.14286   0.28572   0.42857 
<Band_DFT>  Eigen, time=0.140609
<Band_DFT>  DM, time=0.211849
    1   Ni  MulP 9.21 8.79 sum 18.00 diff  0.43 (  0.56  45.03)  Ml 0.04 (  1.02  45.02)  Ml+s 0.47 (  0.59  45.03)
 Sum of MulP: up   =     9.21473 down          =     8.78527
              total=    18.00000 ideal(neutral)=    18.00000
<DFT>  Total Spin Moment    (muB)  0.429465262   Angles    0.557767733    45.030421305
<DFT>  Total Orbital Moment (muB)  0.037142024   Angles    1.022524366    45.016473221
<DFT>  Total Moment         (muB)  0.466606161   Angles    0.594762128    45.028512574
<DFT>  Mixing_weight= 0.001000000000
<DFT>  Uele   =  -26.496396306940  dUele     =   0.000000001317
<DFT>  NormRD =    0.000007298633  Criterion =   0.000000010000
<MD= 1>  Force calculation
  Force calculation #1
  Force calculation #2
  Force calculation #3
  Force calculation #4
  Force calculation #5
<MD= 1>  Total Energy
  Force calculation #6
  Force calculation #7

*******************************************************
                  Dipole moment (Debye)                 
*******************************************************

 Absolute D        0.00000013

                      Dx                Dy                Dz
 Total              0.00000012       -0.00000001        0.00000002
 Core               0.00000000        0.00000000        0.00000000
 Electron           0.00000012       -0.00000001        0.00000002
 Back ground       -0.00000000       -0.00000000       -0.00000000

*******************************************************
                Total Energy (Hartree) at MD = 1        
*******************************************************

  Uele  =     -26.496396306940

  Ukin  =      84.141179770276
  UH0   =   -1842.757060966646
  UH1   =       0.003981046989
  Una   =     -71.165844668634
  Unl   =     -17.981952679027
  Uxc0  =      -9.645324851433
  Uxc1  =      -9.215597482387
  Ucore =    1698.888178035796
  Uhub  =       0.000000000000
  Ucs   =       0.000000000000
  Uzs   =       0.000000000000
  Uzo   =       0.000000000000
  Uef   =       0.000000000000
  UvdW  =       0.000000000000
  Uch   =       0.000000000000
  Utot  =    -167.732441795066

  UpV   =       0.000000000000
  Enpy  =    -167.732441795066
  Note:

  Uele:   band energy
  Ukin:   kinetic energy
  UH0:    electric part of screened Coulomb energy
  UH1:    difference electron-electron Coulomb energy
  Una:    neutral atom potential energy
  Unl:    non-local potential energy
  Uxc0:   exchange-correlation energy for alpha spin
  Uxc1:   exchange-correlation energy for beta spin
  Ucore:  core-core Coulomb energy
  Uhub:   LDA+U energy
  Ucs:    constraint energy for spin orientation
  Uzs:    Zeeman term for spin magnetic moment
  Uzo:    Zeeman term for orbital magnetic moment
  Uef:    electric energy by electric field
  UvdW:   semi-empirical vdW energy 
  Uch:    penalty term to create a core hole
  UpV:    pressure times volume
  Enpy:   Enthalpy = Utot + UpV
  (see also PRB 72, 045121(2005) for the energy contributions)


*******************************************************
           Computational times (s) at MD = 1            
*******************************************************

  DFT in total      =  279.13060

  Set_OLP_Kin       =    0.66460
  Set_Nonlocal      =    2.26611
  Set_ProExpn_VNA   =    0.00000
  Set_Hamiltonian   =   83.10234
  Poisson           =    0.04529
  diagonalization   =  119.32133
  Mixing_DM         =   15.94811
  Force             =    2.29348
  Total_Energy      =    0.53701
  Set_Aden_Grid     =    0.01464
  Set_Orbitals_Grid =    0.01526
  Set_Density_Grid  =   53.00632
  RestartFileDFT    =    0.12890
  Mulliken_Charge   =    0.21394
  FFT(2D)_Density   =    0.00000

The SCF was achieved at MD=   1

*******************************************************
             MD or geometry opt. at MD = 1              
*******************************************************


outputting data on grids to files...

Save the scfout file (.//openmx.scfout)

***********************************************************
***********************************************************
               Computational Time (second)                 
***********************************************************
***********************************************************

                               Min_ID   Min_Time       Max_ID   Max_Time
   Total Computational Time =     6      281.314          0      281.612
   readfile                 =     3        1.352          0        1.359
   truncation               =     2        0.486          0        0.523
   MD_pac                   =     0        0.006          2        0.010
   OutData                  =     6        0.000          0        0.017
   DFT                      =     0      279.131          3      279.147

*** In DFT ***

   Set_OLP_Kin              =     2        0.028          0        0.665
   Set_Nonlocal             =     0        2.266          2        2.904
   Set_ProExpn_VNA          =     0        0.000          0        0.000
   Set_Hamiltonian          =     5       83.102          0       83.102
   Poisson                  =     0        0.045          2        0.046
   Diagonalization          =     0      119.321          6      119.398
   Mixing_DM                =     3       15.948          0       15.948
   Force                    =     0        2.293          1        2.293
   Total_Energy             =     3        0.516          0        0.537
   Set_Aden_Grid            =     5        0.013          7        0.015
   Set_Orbitals_Grid        =     3        0.000          0        0.015
   Set_Density_Grid         =     2       52.952          0       53.006
   RestartFileDFT           =     2        0.107          4        0.170
   Mulliken_Charge          =     1        0.214          0        0.214
   FFT(2D)_Density          =     0        0.000          0        0.000
   Others                   =     1        1.532          2        1.626

The calculation was normally finished.
